<?xml version="1.0" encoding="utf-8"?><text id="1000" parent="226" name="21820 Коморовский солидарен с Туском в оценке отчёта МАК"><tags><tag>url:http://www.chaskor.ru/news/komorovskij_solidaren_s_tuskom_v_otsenke_otcheta_mak_21820</tag><tag>Год:2011</tag><tag>Дата:14/01</tag><tag>Тема:ЧасКор:В мире</tag><tag>Тема:ЧасКор:В мире/Европа</tag></tags><paragraphs><paragraph id="9865"><sentence id="30908"><source>Коморовский солидарен с Туском в оценке отчёта МАК</source><tokens><token id="553738" text="Коморовский"><tfr rev_id="1386821" t="Коморовский"><v><l id="0" t="коморовский"><g v="UNKN"></g></l></v></tfr></token><token id="553739" text="солидарен"><tfr rev_id="1386822" t="солидарен"><v><l id="328999" t="солидарен"><g v="ADJS"></g><g v="Qual"></g><g v="masc"></g><g v="sing"></g></l></v></tfr></token><token id="553740" text="с"><tfr rev_id="1386823" t="с"><v><l id="311151" t="с"><g v="PREP"></g></l></v></tfr></token><token id="553741" text="Туском"><tfr rev_id="4507175" t="Туском"><v><l id="390933" t="туск"><g v="NOUN"></g><g v="anim"></g><g v="masc"></g><g v="Sgtm"></g><g v="Surn"></g><g v="sing"></g><g v="ablt"></g></l></v></tfr></token><token id="553742" text="в"><tfr rev_id="1386825" t="в"><v><l id="37409" t="в"><g v="PREP"></g></l></v></tfr></token><token id="553743" text="оценке"><tfr rev_id="3540152" t="оценке"><v><l id="221498" t="оценка"><g v="NOUN"></g><g v="inan"></g><g v="femn"></g><g v="sing"></g><g v="loct"></g></l></v></tfr></token><token id="553744" text="отчёта"><tfr rev_id="1386827" t="отчёта"><v><l id="219980" t="отчёт"><g v="NOUN"></g><g v="inan"></g><g v="masc"></g><g v="sing"></g><g v="gent"></g></l></v></tfr></token><token id="553745" text="МАК"><tfr rev_id="4495999" t="МАК"><v><l id="389925" t="мак"><g v="NOUN"></g><g v="inan"></g><g v="masc"></g><g v="Sgtm"></g><g v="Fixd"></g><g v="Abbr"></g><g v="Orgn"></g><g v="sing"></g><g v="gent"></g></l></v></tfr></token></tokens></sentence><sentence id="30909"><source>Однако фундаментальных возражений к выводам комиссии у Варшавы нет.</source><tokens><token id="553746" text="Однако"><tfr rev_id="2624489" t="Однако"><v><l id="203386" t="однако"><g v="INTJ"></g></l></v><v><l id="203387" t="однако"><g v="CONJ"></g><g v="Prnt"></g></l></v></tfr></token><token id="553747" text="фундаментальных"><tfr rev_id="4312891" t="фундаментальных"><v><l id="368633" t="фундаментальный"><g v="ADJF"></g><g v="Qual"></g><g v="plur"></g><g v="gent"></g></l></v></tfr></token><token id="553748" text="возражений"><tfr rev_id="1386831" t="возражений"><v><l id="49606" t="возражение"><g v="NOUN"></g><g v="inan"></g><g v="neut"></g><g v="plur"></g><g v="gent"></g></l></v></tfr></token><token id="553749" text="к"><tfr rev_id="1386832" t="к"><v><l id="127460" t="к"><g v="PREP"></g></l></v></tfr></token><token id="553750" text="выводам"><tfr rev_id="1386833" t="выводам"><v><l id="56345" t="вывод"><g v="NOUN"></g><g v="inan"></g><g v="masc"></g><g v="plur"></g><g v="datv"></g></l></v></tfr></token><token id="553751" text="комиссии"><tfr rev_id="4288196" t="комиссии"><v><l id="136905" t="комиссия"><g v="NOUN"></g><g v="inan"></g><g v="femn"></g><g v="sing"></g><g v="gent"></g></l></v></tfr></token><token id="553752" text="у"><tfr rev_id="3301950" t="у"><v><l id="352818" t="у"><g v="PREP"></g></l></v></tfr></token><token id="553753" text="Варшавы"><tfr rev_id="1386836" t="Варшавы"><v><l id="38916" t="варшава"><g v="NOUN"></g><g v="inan"></g><g v="femn"></g><g v="Sgtm"></g><g v="Geox"></g><g v="sing"></g><g v="gent"></g></l></v></tfr></token><token id="553754" text="нет"><tfr rev_id="3752551" t="нет"><v><l id="389552" t="нет"><g v="PRED"></g><g v="pres"></g></l></v></tfr></token><token id="553755" text="."><tfr rev_id="1386838" t="."><v><l id="0" t="."><g v="PNCT"></g></l></v></tfr></token></tokens></sentence></paragraph><paragraph id="9866"><sentence id="30910"><source>Бронислав Коморовский заявил о том, что согласен с той оценкой, которую дал премьер Польши отчёту МАК о причинах катастрофы Ту-154 под Смоленском, сообщает «Лента.ру».</source><tokens><token id="553756" text="Бронислав"><tfr rev_id="3439145" t="Бронислав"><v><l id="34268" t="бронислав"><g v="NOUN"></g><g v="anim"></g><g v="masc"></g><g v="Name"></g><g v="sing"></g><g v="nomn"></g></l></v></tfr></token><token id="553757" text="Коморовский"><tfr rev_id="1386840" t="Коморовский"><v><l id="0" t="коморовский"><g v="UNKN"></g></l></v></tfr></token><token id="553758" text="заявил"><tfr rev_id="1386841" t="заявил"><v><l id="114300" t="заявил"><g v="VERB"></g><g v="perf"></g><g v="tran"></g><g v="masc"></g><g v="sing"></g><g v="past"></g><g v="indc"></g></l></v></tfr></token><token id="553759" text="о"><tfr rev_id="3417252" t="о"><v><l id="192977" t="о"><g v="PREP"></g></l></v></tfr></token><token id="553760" text="том"><tfr rev_id="4309240" t="том"><v><l id="348430" t="тот"><g v="ADJF"></g><g v="Subx"></g><g v="Apro"></g><g v="Anph"></g><g v="neut"></g><g v="sing"></g><g v="loct"></g></l></v></tfr></token><token id="553761" text=","><tfr rev_id="1386844" t=","><v><l id="0" t=","><g v="PNCT"></g></l></v></tfr></token><token id="553762" text="что"><tfr rev_id="3196390" t="что"><v><l id="377004" t="что"><g v="CONJ"></g></l></v><v><l id="377005" t="что"><g v="NPRO"></g><g v="neut"></g><g v="sing"></g><g v="nomn"></g></l></v><v><l id="377005" t="что"><g v="NPRO"></g><g v="neut"></g><g v="sing"></g><g v="accs"></g></l></v><v><l id="377006" t="что"><g v="ADVB"></g><g v="Ques"></g></l></v><v><l id="388695" t="что"><g v="PRCL"></g></l></v></tfr></token><token id="553763" text="согласен"><tfr rev_id="1386846" t="согласен"><v><l id="328258" t="согласен"><g v="ADJS"></g><g v="Qual"></g><g v="masc"></g><g v="sing"></g></l></v></tfr></token><token id="553764" text="с"><tfr rev_id="1386847" t="с"><v><l id="311151" t="с"><g v="PREP"></g></l></v></tfr></token><token id="553765" text="той"><tfr rev_id="4397808" t="той"><v><l id="348430" t="тот"><g v="ADJF"></g><g v="Subx"></g><g v="Apro"></g><g v="Anph"></g><g v="femn"></g><g v="sing"></g><g v="ablt"></g></l></v></tfr></token><token id="553766" text="оценкой"><tfr rev_id="1386849" t="оценкой"><v><l id="221498" t="оценка"><g v="NOUN"></g><g v="inan"></g><g v="femn"></g><g v="sing"></g><g v="ablt"></g></l></v></tfr></token><token id="553767" text=","><tfr rev_id="1386850" t=","><v><l id="0" t=","><g v="PNCT"></g></l></v></tfr></token><token id="553768" text="которую"><tfr rev_id="3641057" t="которую"><v><l id="141203" t="который"><g v="ADJF"></g><g v="Apro"></g><g v="Subx"></g><g v="Anph"></g><g v="femn"></g><g v="sing"></g><g v="accs"></g></l></v></tfr></token><token id="553769" text="дал"><tfr rev_id="1386852" t="дал"><v><l id="78546" t="дал"><g v="VERB"></g><g v="perf"></g><g v="tran"></g><g v="masc"></g><g v="sing"></g><g v="past"></g><g v="indc"></g></l></v></tfr></token><token id="553770" text="премьер"><tfr rev_id="3439396" t="премьер"><v><l id="267774" t="премьер"><g v="NOUN"></g><g v="anim"></g><g v="masc"></g><g v="sing"></g><g v="nomn"></g></l></v></tfr></token><token id="553771" text="Польши"><tfr rev_id="1386854" t="Польши"><v><l id="257111" t="польша"><g v="NOUN"></g><g v="inan"></g><g v="femn"></g><g v="Sgtm"></g><g v="Geox"></g><g v="sing"></g><g v="gent"></g></l></v></tfr></token><token id="553772" text="отчёту"><tfr rev_id="1386855" t="отчёту"><v><l id="219980" t="отчёт"><g v="NOUN"></g><g v="inan"></g><g v="masc"></g><g v="sing"></g><g v="datv"></g></l></v></tfr></token><token id="553773" text="МАК"><tfr rev_id="4496000" t="МАК"><v><l id="389925" t="мак"><g v="NOUN"></g><g v="inan"></g><g v="masc"></g><g v="Sgtm"></g><g v="Fixd"></g><g v="Abbr"></g><g v="Orgn"></g><g v="sing"></g><g v="gent"></g></l></v></tfr></token><token id="553774" text="о"><tfr rev_id="3301798" t="о"><v><l id="192977" t="о"><g v="PREP"></g></l></v></tfr></token><token id="553775" text="причинах"><tfr rev_id="1386858" t="причинах"><v><l id="276522" t="причина"><g v="NOUN"></g><g v="inan"></g><g v="femn"></g><g v="plur"></g><g v="loct"></g></l></v></tfr></token><token id="553776" text="катастрофы"><tfr rev_id="3438880" t="катастрофы"><v><l id="131282" t="катастрофа"><g v="NOUN"></g><g v="inan"></g><g v="femn"></g><g v="sing"></g><g v="gent"></g></l></v></tfr></token><token id="553777" text="Ту-154"><tfr rev_id="1386860" t="Ту-154"><v><l id="0" t="Ту-154"><g v="UNKN"></g></l></v></tfr></token><token id="553778" text="под"><tfr rev_id="2604198" t="под"><v><l id="243755" t="под"><g v="PREP"></g></l></v></tfr></token><token id="553779" text="Смоленском"><tfr rev_id="3947560" t="Смоленском"><v><l id="326528" t="смоленск"><g v="NOUN"></g><g v="inan"></g><g v="masc"></g><g v="Geox"></g><g v="sing"></g><g v="ablt"></g></l></v></tfr></token><token id="553780" text=","><tfr rev_id="1386863" t=","><v><l id="0" t=","><g v="PNCT"></g></l></v></tfr></token><token id="553781" text="сообщает"><tfr rev_id="1386864" t="сообщает"><v><l id="329538" t="сообщаю"><g v="VERB"></g><g v="impf"></g><g v="tran"></g><g v="sing"></g><g v="3per"></g><g v="pres"></g><g v="indc"></g></l></v></tfr></token><token id="553782" text="«"><tfr rev_id="2441801" t="«"><v><l id="0" t="«"><g v="PNCT"></g></l></v></tfr></token><token id="553783" text="Лента.ру"><tfr rev_id="4568247" t="Лента.ру"><v><l id="393363" t="лента.ру"><g v="NOUN"></g><g v="inan"></g><g v="femn"></g><g v="Sgtm"></g><g v="Orgn"></g><g v="sing"></g><g v="nomn"></g></l></v></tfr></token><token id="553784" text="»"><tfr rev_id="2441802" t="»"><v><l id="0" t="»"><g v="PNCT"></g></l></v></tfr></token><token id="553785" text="."><tfr rev_id="1386868" t="."><v><l id="0" t="."><g v="PNCT"></g></l></v></tfr></token></tokens></sentence></paragraph><paragraph id="9867"><sentence id="30911"><source>Польский президент подчеркнул, что позиция Варшавы столь же взвешенная, сколь и решительная.</source><tokens><token id="553786" text="Польский"><tfr rev_id="2782865" t="Польский"><v><l id="257099" t="польский"><g v="ADJF"></g><g v="masc"></g><g v="sing"></g><g v="nomn"></g></l></v></tfr></token><token id="553787" text="президент"><tfr rev_id="1386870" t="президент"><v><l id="267449" t="президент"><g v="NOUN"></g><g v="anim"></g><g v="masc"></g><g v="sing"></g><g v="nomn"></g></l></v></tfr></token><token id="553788" text="подчеркнул"><tfr rev_id="1386871" t="подчеркнул"><v><l id="252370" t="подчеркнул"><g v="VERB"></g><g v="perf"></g><g v="tran"></g><g v="masc"></g><g v="sing"></g><g v="past"></g><g v="indc"></g></l></v></tfr></token><token id="553789" text=","><tfr rev_id="1386872" t=","><v><l id="0" t=","><g v="PNCT"></g></l></v></tfr></token><token id="553790" text="что"><tfr rev_id="3196391" t="что"><v><l id="377004" t="что"><g v="CONJ"></g></l></v><v><l id="377005" t="что"><g v="NPRO"></g><g v="neut"></g><g v="sing"></g><g v="nomn"></g></l></v><v><l id="377005" t="что"><g v="NPRO"></g><g v="neut"></g><g v="sing"></g><g v="accs"></g></l></v><v><l id="377006" t="что"><g v="ADVB"></g><g v="Ques"></g></l></v><v><l id="388695" t="что"><g v="PRCL"></g></l></v></tfr></token><token id="553791" text="позиция"><tfr rev_id="1386874" t="позиция"><v><l id="253607" t="позиция"><g v="NOUN"></g><g v="inan"></g><g v="femn"></g><g v="sing"></g><g v="nomn"></g></l></v></tfr></token><token id="553792" text="Варшавы"><tfr rev_id="1386875" t="Варшавы"><v><l id="38916" t="варшава"><g v="NOUN"></g><g v="inan"></g><g v="femn"></g><g v="Sgtm"></g><g v="Geox"></g><g v="sing"></g><g v="gent"></g></l></v></tfr></token><token id="553793" text="столь"><tfr rev_id="1386876" t="столь"><v><l id="336669" t="столь"><g v="ADVB"></g></l></v></tfr></token><token id="553794" text="же"><tfr rev_id="1386877" t="же"><v><l id="96208" t="же"><g v="CONJ"></g></l></v><v><l id="96209" t="же"><g v="PRCL"></g></l></v></tfr></token><token id="553795" text="взвешенная"><tfr rev_id="1386878" t="взвешенная"><v><l id="43120" t="взвешенный"><g v="PRTF"></g><g v="perf"></g><g v="tran"></g><g v="past"></g><g v="pssv"></g><g v="femn"></g><g v="sing"></g><g v="nomn"></g></l></v></tfr></token><token id="553796" text=","><tfr rev_id="1386879" t=","><v><l id="0" t=","><g v="PNCT"></g></l></v></tfr></token><token id="553797" text="сколь"><tfr rev_id="1386880" t="сколь"><v><l id="322889" t="сколь"><g v="ADVB"></g></l></v></tfr></token><token id="553798" text="и"><tfr rev_id="1386881" t="и"><v><l id="116949" t="и"><g v="CONJ"></g></l></v><v><l id="116950" t="и"><g v="INTJ"></g></l></v></tfr></token><token id="553799" text="решительная"><tfr rev_id="1386882" t="решительная"><v><l id="307393" t="решительный"><g v="ADJF"></g><g v="Qual"></g><g v="femn"></g><g v="sing"></g><g v="nomn"></g></l></v></tfr></token><token id="553800" text="."><tfr rev_id="1386883" t="."><v><l id="0" t="."><g v="PNCT"></g></l></v></tfr></token></tokens></sentence><sentence id="30912"><source>И добавил, что, несмотря на то что у Польши нет фундаментальных возражений по выводам МАК, необходимо иметь в виду и организационно-технические ошибки с российской стороны.</source><tokens><token id="553801" text="И"><tfr rev_id="3554420" t="И"><v><l id="116949" t="и"><g v="CONJ"></g></l></v></tfr></token><token id="553802" text="добавил"><tfr rev_id="1386885" t="добавил"><v><l id="85158" t="добавил"><g v="VERB"></g><g v="perf"></g><g v="tran"></g><g v="masc"></g><g v="sing"></g><g v="past"></g><g v="indc"></g></l></v></tfr></token><token id="553803" text=","><tfr rev_id="1386886" t=","><v><l id="0" t=","><g v="PNCT"></g></l></v></tfr></token><token id="553804" text="что"><tfr rev_id="3196392" t="что"><v><l id="377004" t="что"><g v="CONJ"></g></l></v><v><l id="377005" t="что"><g v="NPRO"></g><g v="neut"></g><g v="sing"></g><g v="nomn"></g></l></v><v><l id="377005" t="что"><g v="NPRO"></g><g v="neut"></g><g v="sing"></g><g v="accs"></g></l></v><v><l id="377006" t="что"><g v="ADVB"></g><g v="Ques"></g></l></v><v><l id="388695" t="что"><g v="PRCL"></g></l></v></tfr></token><token id="553805" text=","><tfr rev_id="1386888" t=","><v><l id="0" t=","><g v="PNCT"></g></l></v></tfr></token><token id="553806" text="несмотря"><tfr rev_id="1386889" t="несмотря"><v><l id="188286" t="несмотря"><g v="PREP"></g></l></v></tfr></token><token id="553807" text="на"><tfr rev_id="3344708" t="на"><v><l id="166264" t="на"><g v="PREP"></g></l></v></tfr></token><token id="553808" text="то"><tfr rev_id="3777411" t="то"><v><l id="346835" t="то"><g v="CONJ"></g></l></v><v><l id="346836" t="то"><g v="PRCL"></g></l></v><v><l id="348430" t="тот"><g v="ADJF"></g><g v="Subx"></g><g v="Apro"></g><g v="Anph"></g><g v="neut"></g><g v="sing"></g><g v="nomn"></g></l></v><v><l id="348430" t="тот"><g v="ADJF"></g><g v="Subx"></g><g v="Apro"></g><g v="Anph"></g><g v="neut"></g><g v="sing"></g><g v="accs"></g></l></v></tfr></token><token id="553809" text="что"><tfr rev_id="3196393" t="что"><v><l id="377004" t="что"><g v="CONJ"></g></l></v><v><l id="377005" t="что"><g v="NPRO"></g><g v="neut"></g><g v="sing"></g><g v="nomn"></g></l></v><v><l id="377005" t="что"><g v="NPRO"></g><g v="neut"></g><g v="sing"></g><g v="accs"></g></l></v><v><l id="377006" t="что"><g v="ADVB"></g><g v="Ques"></g></l></v><v><l id="388695" t="что"><g v="PRCL"></g></l></v></tfr></token><token id="553810" text="у"><tfr rev_id="3332668" t="у"><v><l id="352818" t="у"><g v="PREP"></g></l></v></tfr></token><token id="553811" text="Польши"><tfr rev_id="1386894" t="Польши"><v><l id="257111" t="польша"><g v="NOUN"></g><g v="inan"></g><g v="femn"></g><g v="Sgtm"></g><g v="Geox"></g><g v="sing"></g><g v="gent"></g></l></v></tfr></token><token id="553812" text="нет"><tfr rev_id="3752552" t="нет"><v><l id="389552" t="нет"><g v="PRED"></g><g v="pres"></g></l></v></tfr></token><token id="553813" text="фундаментальных"><tfr rev_id="2848462" t="фундаментальных"><v><l id="368633" t="фундаментальный"><g v="ADJF"></g><g v="Qual"></g><g v="plur"></g><g v="gent"></g></l></v></tfr></token><token id="553814" text="возражений"><tfr rev_id="1386897" t="возражений"><v><l id="49606" t="возражение"><g v="NOUN"></g><g v="inan"></g><g v="neut"></g><g v="plur"></g><g v="gent"></g></l></v></tfr></token><token id="553815" text="по"><tfr rev_id="1386898" t="по"><v><l id="241240" t="по"><g v="PREP"></g></l></v></tfr></token><token id="553816" text="выводам"><tfr rev_id="1386899" t="выводам"><v><l id="56345" t="вывод"><g v="NOUN"></g><g v="inan"></g><g v="masc"></g><g v="plur"></g><g v="datv"></g></l></v></tfr></token><token id="553817" text="МАК"><tfr rev_id="4496001" t="МАК"><v><l id="389925" t="мак"><g v="NOUN"></g><g v="inan"></g><g v="masc"></g><g v="Sgtm"></g><g v="Fixd"></g><g v="Abbr"></g><g v="Orgn"></g><g v="sing"></g><g v="gent"></g></l></v></tfr></token><token id="553818" text=","><tfr rev_id="1386901" t=","><v><l id="0" t=","><g v="PNCT"></g></l></v></tfr></token><token id="553819" text="необходимо"><tfr rev_id="1386902" t="необходимо"><v><l id="184806" t="необходимо"><g v="PRED"></g><g v="pres"></g></l></v><v><l id="184810" t="необходим"><g v="ADJS"></g><g v="Qual"></g><g v="neut"></g><g v="sing"></g></l></v></tfr></token><token id="553820" text="иметь"><tfr rev_id="1386903" t="иметь"><v><l id="121611" t="иметь"><g v="INFN"></g><g v="impf"></g><g v="tran"></g></l></v></tfr></token><token id="553821" text="в"><tfr rev_id="1386904" t="в"><v><l id="37409" t="в"><g v="PREP"></g></l></v></tfr></token><token id="553822" text="виду"><tfr rev_id="3504275" t="виду"><v><l id="44437" t="вид"><g v="NOUN"></g><g v="inan"></g><g v="masc"></g><g v="sing"></g><g v="loc2"></g></l></v></tfr></token><token id="553823" text="и"><tfr rev_id="1386906" t="и"><v><l id="116949" t="и"><g v="CONJ"></g></l></v><v><l id="116950" t="и"><g v="INTJ"></g></l></v></tfr></token><token id="553824" text="организационно-технические"><tfr rev_id="3746783" t="организационно-технические"><v><l id="208745" t="организационно-технический"><g v="ADJF"></g><g v="inan"></g><g v="plur"></g><g v="accs"></g></l></v></tfr></token><token id="553825" text="ошибки"><tfr rev_id="3766716" t="ошибки"><v><l id="222054" t="ошибка"><g v="NOUN"></g><g v="inan"></g><g v="femn"></g><g v="plur"></g><g v="accs"></g></l></v></tfr></token><token id="553826" text="с"><tfr rev_id="1386909" t="с"><v><l id="311151" t="с"><g v="PREP"></g></l></v></tfr></token><token id="553827" text="российской"><tfr rev_id="4095101" t="российской"><v><l id="309319" t="российский"><g v="ADJF"></g><g v="femn"></g><g v="sing"></g><g v="gent"></g></l></v></tfr></token><token id="553828" text="стороны"><tfr rev_id="3496850" t="стороны"><v><l id="336894" t="сторона"><g v="NOUN"></g><g v="inan"></g><g v="femn"></g><g v="sing"></g><g v="gent"></g></l></v></tfr></token><token id="553829" text="."><tfr rev_id="1386912" t="."><v><l id="0" t="."><g v="PNCT"></g></l></v></tfr></token></tokens></sentence><sentence id="30913"><source>Затем Коморовский отметил, что в духе недавнего визита российского президента Дмитрия Медведева Польше необходимо стремиться к сближению с Россией, а не к отдалению от неё в столь трудный период.</source><tokens><token id="553830" text="Затем"><tfr rev_id="1386913" t="Затем"><v><l id="111250" t="затем"><g v="ADVB"></g><g v="Dmns"></g></l></v></tfr></token><token id="553831" text="Коморовский"><tfr rev_id="1386914" t="Коморовский"><v><l id="0" t="коморовский"><g v="UNKN"></g></l></v></tfr></token><token id="553832" text="отметил"><tfr rev_id="1386915" t="отметил"><v><l id="215584" t="отметил"><g v="VERB"></g><g v="perf"></g><g v="tran"></g><g v="masc"></g><g v="sing"></g><g v="past"></g><g v="indc"></g></l></v></tfr></token><token id="553833" text=","><tfr rev_id="1386916" t=","><v><l id="0" t=","><g v="PNCT"></g></l></v></tfr></token><token id="553834" text="что"><tfr rev_id="3196394" t="что"><v><l id="377004" t="что"><g v="CONJ"></g></l></v><v><l id="377005" t="что"><g v="NPRO"></g><g v="neut"></g><g v="sing"></g><g v="nomn"></g></l></v><v><l id="377005" t="что"><g v="NPRO"></g><g v="neut"></g><g v="sing"></g><g v="accs"></g></l></v><v><l id="377006" t="что"><g v="ADVB"></g><g v="Ques"></g></l></v><v><l id="388695" t="что"><g v="PRCL"></g></l></v></tfr></token><token id="553835" text="в"><tfr rev_id="1386918" t="в"><v><l id="37409" t="в"><g v="PREP"></g></l></v></tfr></token><token id="553836" text="духе"><tfr rev_id="3521776" t="духе"><v><l id="93288" t="дух"><g v="NOUN"></g><g v="inan"></g><g v="masc"></g><g v="sing"></g><g v="loc1"></g></l></v></tfr></token><token id="553837" text="недавнего"><tfr rev_id="4205936" t="недавнего"><v><l id="180618" t="недавний"><g v="ADJF"></g><g v="Qual"></g><g v="masc"></g><g v="sing"></g><g v="gent"></g></l></v><v><l id="180618" t="недавний"><g v="ADJF"></g><g v="Qual"></g><g v="anim"></g><g v="masc"></g><g v="sing"></g><g v="accs"></g></l></v></tfr></token><token id="553838" text="визита"><tfr rev_id="1386921" t="визита"><v><l id="44737" t="визит"><g v="NOUN"></g><g v="inan"></g><g v="masc"></g><g v="sing"></g><g v="gent"></g></l></v></tfr></token><token id="553839" text="российского"><tfr rev_id="3539162" t="российского"><v><l id="309319" t="российский"><g v="ADJF"></g><g v="masc"></g><g v="sing"></g><g v="gent"></g></l></v><v><l id="309319" t="российский"><g v="ADJF"></g><g v="anim"></g><g v="masc"></g><g v="sing"></g><g v="accs"></g></l></v></tfr></token><token id="553840" text="президента"><tfr rev_id="4216648" t="президента"><v><l id="267449" t="президент"><g v="NOUN"></g><g v="anim"></g><g v="masc"></g><g v="sing"></g><g v="gent"></g></l></v></tfr></token><token id="553841" text="Дмитрия"><tfr rev_id="4362156" t="Дмитрия"><v><l id="85055" t="дмитрий"><g v="NOUN"></g><g v="anim"></g><g v="masc"></g><g v="Name"></g><g v="sing"></g><g v="gent"></g></l></v></tfr></token><token id="553842" text="Медведева"><tfr rev_id="4390884" t="Медведева"><v><l id="156959" t="медведев"><g v="NOUN"></g><g v="anim"></g><g v="masc"></g><g v="Sgtm"></g><g v="Surn"></g><g v="sing"></g><g v="gent"></g></l></v></tfr></token><token id="553843" text="Польше"><tfr rev_id="2623220" t="Польше"><v><l id="257111" t="польша"><g v="NOUN"></g><g v="inan"></g><g v="femn"></g><g v="Sgtm"></g><g v="Geox"></g><g v="sing"></g><g v="datv"></g></l></v></tfr></token><token id="553844" text="необходимо"><tfr rev_id="1386927" t="необходимо"><v><l id="184806" t="необходимо"><g v="PRED"></g><g v="pres"></g></l></v><v><l id="184810" t="необходим"><g v="ADJS"></g><g v="Qual"></g><g v="neut"></g><g v="sing"></g></l></v></tfr></token><token id="553845" text="стремиться"><tfr rev_id="1386928" t="стремиться"><v><l id="337461" t="стремиться"><g v="INFN"></g><g v="impf"></g><g v="intr"></g></l></v></tfr></token><token id="553846" text="к"><tfr rev_id="1386929" t="к"><v><l id="127460" t="к"><g v="PREP"></g></l></v></tfr></token><token id="553847" text="сближению"><tfr rev_id="1386930" t="сближению"><v><l id="314282" t="сближение"><g v="NOUN"></g><g v="inan"></g><g v="neut"></g><g v="sing"></g><g v="datv"></g></l></v></tfr></token><token id="553848" text="с"><tfr rev_id="1386931" t="с"><v><l id="311151" t="с"><g v="PREP"></g></l></v></tfr></token><token id="553849" text="Россией"><tfr rev_id="1386932" t="Россией"><v><l id="309322" t="россия"><g v="NOUN"></g><g v="inan"></g><g v="femn"></g><g v="Sgtm"></g><g v="Geox"></g><g v="sing"></g><g v="ablt"></g></l></v></tfr></token><token id="553850" text=","><tfr rev_id="1386933" t=","><v><l id="0" t=","><g v="PNCT"></g></l></v></tfr></token><token id="553851" text="а"><tfr rev_id="1386934" t="а"><v><l id="51" t="а"><g v="CONJ"></g></l></v><v><l id="52" t="а"><g v="INTJ"></g></l></v><v><l id="53" t="а"><g v="PRCL"></g></l></v></tfr></token><token id="553852" text="не"><tfr rev_id="1386935" t="не"><v><l id="178876" t="не"><g v="PRCL"></g></l></v></tfr></token><token id="553853" text="к"><tfr rev_id="1386936" t="к"><v><l id="127460" t="к"><g v="PREP"></g></l></v></tfr></token><token id="553854" text="отдалению"><tfr rev_id="1386937" t="отдалению"><v><l id="213285" t="отдаление"><g v="NOUN"></g><g v="inan"></g><g v="neut"></g><g v="sing"></g><g v="datv"></g></l></v></tfr></token><token id="553855" text="от"><tfr rev_id="1386938" t="от"><v><l id="211644" t="от"><g v="PREP"></g></l></v></tfr></token><token id="553856" text="неё"><tfr rev_id="3726304" t="неё"><v><l id="206544" t="она"><g v="NPRO"></g><g v="femn"></g><g v="3per"></g><g v="Anph"></g><g v="sing"></g><g v="gent"></g><g v="Af-p"></g></l></v><v><l id="206544" t="она"><g v="NPRO"></g><g v="femn"></g><g v="3per"></g><g v="Anph"></g><g v="sing"></g><g v="accs"></g><g v="Af-p"></g></l></v></tfr></token><token id="553857" text="в"><tfr rev_id="1386940" t="в"><v><l id="37409" t="в"><g v="PREP"></g></l></v></tfr></token><token id="553858" text="столь"><tfr rev_id="1386941" t="столь"><v><l id="336669" t="столь"><g v="ADVB"></g></l></v></tfr></token><token id="553859" text="трудный"><tfr rev_id="1386942" t="трудный"><v><l id="350851" t="трудный"><g v="ADJF"></g><g v="Qual"></g><g v="masc"></g><g v="sing"></g><g v="nomn"></g></l></v><v><l id="350851" t="трудный"><g v="ADJF"></g><g v="Qual"></g><g v="inan"></g><g v="masc"></g><g v="sing"></g><g v="accs"></g></l></v></tfr></token><token id="553860" text="период"><tfr rev_id="4105267" t="период"><v><l id="237159" t="период"><g v="NOUN"></g><g v="inan"></g><g v="masc"></g><g v="sing"></g><g v="accs"></g></l></v></tfr></token><token id="553861" text="."><tfr rev_id="1386944" t="."><v><l id="0" t="."><g v="PNCT"></g></l></v></tfr></token></tokens></sentence></paragraph><paragraph id="9868"><sentence id="30914"><source>«Хочу отметить, что в эти дни звучит много далеко идущих политических оценок, хотя работа польской стороны по оценке причин и последствий авиакатастрофы ещё не окончена.</source><tokens><token id="553862" text="«"><tfr rev_id="2441803" t="«"><v><l id="0" t="«"><g v="PNCT"></g></l></v></tfr></token><token id="553863" text="Хочу"><tfr rev_id="1386946" t="Хочу"><v><l id="371713" t="хочу"><g v="VERB"></g><g v="impf"></g><g v="tran"></g><g v="sing"></g><g v="1per"></g><g v="pres"></g><g v="indc"></g></l></v></tfr></token><token id="553864" text="отметить"><tfr rev_id="1386947" t="отметить"><v><l id="215585" t="отметить"><g v="INFN"></g><g v="perf"></g><g v="tran"></g></l></v></tfr></token><token id="553865" text=","><tfr rev_id="1386948" t=","><v><l id="0" t=","><g v="PNCT"></g></l></v></tfr></token><token id="553866" text="что"><tfr rev_id="3196395" t="что"><v><l id="377004" t="что"><g v="CONJ"></g></l></v><v><l id="377005" t="что"><g v="NPRO"></g><g v="neut"></g><g v="sing"></g><g v="nomn"></g></l></v><v><l id="377005" t="что"><g v="NPRO"></g><g v="neut"></g><g v="sing"></g><g v="accs"></g></l></v><v><l id="377006" t="что"><g v="ADVB"></g><g v="Ques"></g></l></v><v><l id="388695" t="что"><g v="PRCL"></g></l></v></tfr></token><token id="553867" text="в"><tfr rev_id="1386950" t="в"><v><l id="37409" t="в"><g v="PREP"></g></l></v></tfr></token><token id="553868" text="эти"><tfr rev_id="4446121" t="эти"><v><l id="386581" t="этот"><g v="ADJF"></g><g v="Subx"></g><g v="Apro"></g><g v="Anph"></g><g v="inan"></g><g v="plur"></g><g v="accs"></g></l></v></tfr></token><token id="553869" text="дни"><tfr rev_id="3716253" t="дни"><v><l id="81427" t="день"><g v="NOUN"></g><g v="inan"></g><g v="masc"></g><g v="plur"></g><g v="accs"></g></l></v></tfr></token><token id="553870" text="звучит"><tfr rev_id="1386953" t="звучит"><v><l id="114663" t="звучу"><g v="VERB"></g><g v="impf"></g><g v="intr"></g><g v="sing"></g><g v="3per"></g><g v="pres"></g><g v="indc"></g></l></v></tfr></token><token id="553871" text="много"><tfr rev_id="4084703" t="много"><v><l id="389079" t="много"><g v="NUMR"></g><g v="nomn"></g></l></v><v><l id="389079" t="много"><g v="NUMR"></g><g v="accs"></g></l></v></tfr></token><token id="553872" text="далеко"><tfr rev_id="4093440" t="далеко"><v><l id="77936" t="далеко"><g v="ADVB"></g><g v="Prdx"></g></l></v></tfr></token><token id="553873" text="идущих"><tfr rev_id="1386956" t="идущих"><v><l id="117568" t="идущий"><g v="PRTF"></g><g v="impf"></g><g v="intr"></g><g v="pres"></g><g v="actv"></g><g v="plur"></g><g v="gent"></g></l></v><v><l id="117568" t="идущий"><g v="PRTF"></g><g v="impf"></g><g v="intr"></g><g v="pres"></g><g v="actv"></g><g v="anim"></g><g v="plur"></g><g v="accs"></g></l></v><v><l id="117568" t="идущий"><g v="PRTF"></g><g v="impf"></g><g v="intr"></g><g v="pres"></g><g v="actv"></g><g v="plur"></g><g v="loct"></g></l></v></tfr></token><token id="553874" text="политических"><tfr rev_id="4099715" t="политических"><v><l id="255870" t="политический"><g v="ADJF"></g><g v="plur"></g><g v="gent"></g></l></v></tfr></token><token id="553875" text="оценок"><tfr rev_id="1386958" t="оценок"><v><l id="221498" t="оценка"><g v="NOUN"></g><g v="inan"></g><g v="femn"></g><g v="plur"></g><g v="gent"></g></l></v></tfr></token><token id="553876" text=","><tfr rev_id="1386959" t=","><v><l id="0" t=","><g v="PNCT"></g></l></v></tfr></token><token id="553877" text="хотя"><tfr rev_id="3888021" t="хотя"><v><l id="371732" t="хотя"><g v="CONJ"></g></l></v></tfr></token><token id="553878" text="работа"><tfr rev_id="1386961" t="работа"><v><l id="290501" t="работа"><g v="NOUN"></g><g v="inan"></g><g v="femn"></g><g v="sing"></g><g v="nomn"></g></l></v></tfr></token><token id="553879" text="польской"><tfr rev_id="2369725" t="польской"><v><l id="257099" t="польский"><g v="ADJF"></g><g v="femn"></g><g v="sing"></g><g v="gent"></g></l></v></tfr></token><token id="553880" text="стороны"><tfr rev_id="3461453" t="стороны"><v><l id="336894" t="сторона"><g v="NOUN"></g><g v="inan"></g><g v="femn"></g><g v="sing"></g><g v="gent"></g></l></v></tfr></token><token id="553881" text="по"><tfr rev_id="1386964" t="по"><v><l id="241240" t="по"><g v="PREP"></g></l></v></tfr></token><token id="553882" text="оценке"><tfr rev_id="3500356" t="оценке"><v><l id="221498" t="оценка"><g v="NOUN"></g><g v="inan"></g><g v="femn"></g><g v="sing"></g><g v="datv"></g></l></v></tfr></token><token id="553883" text="причин"><tfr rev_id="1386966" t="причин"><v><l id="276522" t="причина"><g v="NOUN"></g><g v="inan"></g><g v="femn"></g><g v="plur"></g><g v="gent"></g></l></v></tfr></token><token id="553884" text="и"><tfr rev_id="1386967" t="и"><v><l id="116949" t="и"><g v="CONJ"></g></l></v><v><l id="116950" t="и"><g v="INTJ"></g></l></v></tfr></token><token id="553885" text="последствий"><tfr rev_id="1386968" t="последствий"><v><l id="261587" t="последствие"><g v="NOUN"></g><g v="inan"></g><g v="neut"></g><g v="plur"></g><g v="gent"></g></l></v></tfr></token><token id="553886" text="авиакатастрофы"><tfr rev_id="3436916" t="авиакатастрофы"><v><l id="2609" t="авиакатастрофа"><g v="NOUN"></g><g v="inan"></g><g v="femn"></g><g v="sing"></g><g v="gent"></g></l></v></tfr></token><token id="553887" text="ещё"><tfr rev_id="1386970" t="ещё"><v><l id="95551" t="ещё"><g v="PRCL"></g></l></v><v><l id="95552" t="ещё"><g v="ADVB"></g></l></v></tfr></token><token id="553888" text="не"><tfr rev_id="1386971" t="не"><v><l id="178876" t="не"><g v="PRCL"></g></l></v></tfr></token><token id="553889" text="окончена"><tfr rev_id="1386972" t="окончена"><v><l id="205189" t="окончен"><g v="PRTS"></g><g v="perf"></g><g v="past"></g><g v="pssv"></g><g v="femn"></g><g v="sing"></g></l></v></tfr></token><token id="553890" text="."><tfr rev_id="1386973" t="."><v><l id="0" t="."><g v="PNCT"></g></l></v></tfr></token></tokens></sentence><sentence id="30915"><source>Я думаю, что по завершении этой работы мы сможем определить, где две точки зрения (российская и польская) существенно расходятся, а где сближаются»,</source><tokens><token id="553891" text="Я"><tfr rev_id="1386974" t="Я"><v><l id="387317" t="я"><g v="NPRO"></g><g v="1per"></g><g v="sing"></g><g v="nomn"></g></l></v></tfr></token><token id="553892" text="думаю"><tfr rev_id="1386975" t="думаю"><v><l id="92996" t="думаю"><g v="VERB"></g><g v="impf"></g><g v="tran"></g><g v="sing"></g><g v="1per"></g><g v="pres"></g><g v="indc"></g></l></v><v><l id="93001" t="думаю"><g v="VERB"></g><g v="impf"></g><g v="intr"></g><g v="sing"></g><g v="1per"></g><g v="pres"></g><g v="indc"></g></l></v></tfr></token><token id="553893" text=","><tfr rev_id="1386976" t=","><v><l id="0" t=","><g v="PNCT"></g></l></v></tfr></token><token id="553894" text="что"><tfr rev_id="3196396" t="что"><v><l id="377004" t="что"><g v="CONJ"></g></l></v><v><l id="377005" t="что"><g v="NPRO"></g><g v="neut"></g><g v="sing"></g><g v="nomn"></g></l></v><v><l id="377005" t="что"><g v="NPRO"></g><g v="neut"></g><g v="sing"></g><g v="accs"></g></l></v><v><l id="377006" t="что"><g v="ADVB"></g><g v="Ques"></g></l></v><v><l id="388695" t="что"><g v="PRCL"></g></l></v></tfr></token><token id="553895" text="по"><tfr rev_id="1386978" t="по"><v><l id="241240" t="по"><g v="PREP"></g></l></v></tfr></token><token id="553896" text="завершении"><tfr rev_id="1386979" t="завершении"><v><l id="99436" t="завершение"><g v="NOUN"></g><g v="inan"></g><g v="neut"></g><g v="sing"></g><g v="loct"></g></l></v></tfr></token><token id="553897" text="этой"><tfr rev_id="4437971" t="этой"><v><l id="386581" t="этот"><g v="ADJF"></g><g v="Subx"></g><g v="Apro"></g><g v="Anph"></g><g v="femn"></g><g v="sing"></g><g v="gent"></g></l></v></tfr></token><token id="553898" text="работы"><tfr rev_id="4100145" t="работы"><v><l id="290501" t="работа"><g v="NOUN"></g><g v="inan"></g><g v="femn"></g><g v="sing"></g><g v="gent"></g></l></v></tfr></token><token id="553899" text="мы"><tfr rev_id="1386982" t="мы"><v><l id="165750" t="мы"><g v="NPRO"></g><g v="1per"></g><g v="plur"></g><g v="nomn"></g></l></v></tfr></token><token id="553900" text="сможем"><tfr rev_id="1386983" t="сможем"><v><l id="326830" t="смог"><g v="VERB"></g><g v="perf"></g><g v="intr"></g><g v="plur"></g><g v="1per"></g><g v="futr"></g><g v="indc"></g></l></v><v><l id="326830" t="смог"><g v="VERB"></g><g v="perf"></g><g v="intr"></g><g v="sing"></g><g v="impr"></g><g v="incl"></g></l></v></tfr></token><token id="553901" text="определить"><tfr rev_id="1386984" t="определить"><v><l id="208003" t="определить"><g v="INFN"></g><g v="perf"></g><g v="tran"></g></l></v></tfr></token><token id="553902" text=","><tfr rev_id="1386985" t=","><v><l id="0" t=","><g v="PNCT"></g></l></v></tfr></token><token id="553903" text="где"><tfr rev_id="2636424" t="где"><v><l id="67984" t="где"><g v="ADVB"></g><g v="Ques"></g></l></v><v><l id="388669" t="где"><g v="CONJ"></g></l></v></tfr></token><token id="553904" text="две"><tfr rev_id="1386987" t="две"><v><l id="78668" t="два"><g v="NUMR"></g><g v="femn"></g><g v="nomn"></g></l></v><v><l id="78668" t="два"><g v="NUMR"></g><g v="inan"></g><g v="femn"></g><g v="accs"></g></l></v></tfr></token><token id="553905" text="точки"><tfr rev_id="3448529" t="точки"><v><l id="348511" t="точка"><g v="NOUN"></g><g v="inan"></g><g v="femn"></g><g v="sing"></g><g v="gent"></g></l></v></tfr></token><token id="553906" text="зрения"><tfr rev_id="3466954" t="зрения"><v><l id="116555" t="зрение"><g v="NOUN"></g><g v="inan"></g><g v="neut"></g><g v="sing"></g><g v="gent"></g></l></v></tfr></token><token id="553907" text="("><tfr rev_id="1386990" t="("><v><l id="0" t="("><g v="PNCT"></g></l></v></tfr></token><token id="553908" text="российская"><tfr rev_id="1386991" t="российская"><v><l id="309319" t="российский"><g v="ADJF"></g><g v="femn"></g><g v="sing"></g><g v="nomn"></g></l></v></tfr></token><token id="553909" text="и"><tfr rev_id="1386992" t="и"><v><l id="116949" t="и"><g v="CONJ"></g></l></v><v><l id="116950" t="и"><g v="INTJ"></g></l></v></tfr></token><token id="553910" text="польская"><tfr rev_id="1386993" t="польская"><v><l id="257099" t="польский"><g v="ADJF"></g><g v="femn"></g><g v="sing"></g><g v="nomn"></g></l></v></tfr></token><token id="553911" text=")"><tfr rev_id="1386994" t=")"><v><l id="0" t=")"><g v="PNCT"></g></l></v></tfr></token><token id="553912" text="существенно"><tfr rev_id="1386995" t="существенно"><v><l id="340472" t="существенно"><g v="ADVB"></g></l></v><v><l id="340477" t="существен"><g v="ADJS"></g><g v="Qual"></g><g v="neut"></g><g v="sing"></g></l></v></tfr></token><token id="553913" text="расходятся"><tfr rev_id="1386996" t="расходятся"><v><l id="303038" t="расхожусь"><g v="VERB"></g><g v="impf"></g><g v="intr"></g><g v="plur"></g><g v="3per"></g><g v="pres"></g><g v="indc"></g></l></v><v><l id="303043" t="расходился"><g v="VERB"></g><g v="perf"></g><g v="intr"></g><g v="plur"></g><g v="3per"></g><g v="futr"></g><g v="indc"></g></l></v></tfr></token><token id="553914" text=","><tfr rev_id="1386997" t=","><v><l id="0" t=","><g v="PNCT"></g></l></v></tfr></token><token id="553915" text="а"><tfr rev_id="3410703" t="а"><v><l id="51" t="а"><g v="CONJ"></g></l></v></tfr></token><token id="553916" text="где"><tfr rev_id="2636425" t="где"><v><l id="67984" t="где"><g v="ADVB"></g><g v="Ques"></g></l></v><v><l id="388669" t="где"><g v="CONJ"></g></l></v></tfr></token><token id="553917" text="сближаются"><tfr rev_id="1387000" t="сближаются"><v><l id="314277" t="сближаюсь"><g v="VERB"></g><g v="impf"></g><g v="intr"></g><g v="plur"></g><g v="3per"></g><g v="pres"></g><g v="indc"></g></l></v></tfr></token><token id="553918" text="»"><tfr rev_id="2441804" t="»"><v><l id="0" t="»"><g v="PNCT"></g></l></v></tfr></token><token id="553919" text=","><tfr rev_id="1387002" t=","><v><l id="0" t=","><g v="PNCT"></g></l></v></tfr></token></tokens></sentence><sentence id="30916"><source>— заявил президент Польши.</source><tokens><token id="553920" text="—"><tfr rev_id="2441805" t="—"><v><l id="0" t="—"><g v="PNCT"></g></l></v></tfr></token><token id="553921" text="заявил"><tfr rev_id="1387004" t="заявил"><v><l id="114300" t="заявил"><g v="VERB"></g><g v="perf"></g><g v="tran"></g><g v="masc"></g><g v="sing"></g><g v="past"></g><g v="indc"></g></l></v></tfr></token><token id="553922" text="президент"><tfr rev_id="1387005" t="президент"><v><l id="267449" t="президент"><g v="NOUN"></g><g v="anim"></g><g v="masc"></g><g v="sing"></g><g v="nomn"></g></l></v></tfr></token><token id="553923" text="Польши"><tfr rev_id="1387006" t="Польши"><v><l id="257111" t="польша"><g v="NOUN"></g><g v="inan"></g><g v="femn"></g><g v="Sgtm"></g><g v="Geox"></g><g v="sing"></g><g v="gent"></g></l></v></tfr></token><token id="553924" text="."><tfr rev_id="1387007" t="."><v><l id="0" t="."><g v="PNCT"></g></l></v></tfr></token></tokens></sentence></paragraph><paragraph id="9869"><sentence id="30917"><source>«Несомненно, польская сторона была удивлена столь скорой оглаской доклада МАК, а также способом подачи некоторых его частей.</source><tokens><token id="553925" text="«"><tfr rev_id="2441806" t="«"><v><l id="0" t="«"><g v="PNCT"></g></l></v></tfr></token><token id="553926" text="Несомненно"><tfr rev_id="1387009" t="Несомненно"><v><l id="188424" t="несомненно"><g v="ADVB"></g><g v="Prdx"></g></l></v><v><l id="188425" t="несомненно"><g v="CONJ"></g><g v="Prnt"></g></l></v><v><l id="188428" t="несомненен"><g v="ADJS"></g><g v="neut"></g><g v="sing"></g></l></v></tfr></token><token id="553927" text=","><tfr rev_id="1387010" t=","><v><l id="0" t=","><g v="PNCT"></g></l></v></tfr></token><token id="553928" text="польская"><tfr rev_id="1387011" t="польская"><v><l id="257099" t="польский"><g v="ADJF"></g><g v="femn"></g><g v="sing"></g><g v="nomn"></g></l></v></tfr></token><token id="553929" text="сторона"><tfr rev_id="1387012" t="сторона"><v><l id="336894" t="сторона"><g v="NOUN"></g><g v="inan"></g><g v="femn"></g><g v="sing"></g><g v="nomn"></g></l></v></tfr></token><token id="553930" text="была"><tfr rev_id="1387013" t="была"><v><l id="37265" t="есть"><g v="VERB"></g><g v="impf"></g><g v="intr"></g><g v="femn"></g><g v="sing"></g><g v="past"></g><g v="indc"></g></l></v></tfr></token><token id="553931" text="удивлена"><tfr rev_id="1387014" t="удивлена"><v><l id="354909" t="удивлён"><g v="PRTS"></g><g v="perf"></g><g v="past"></g><g v="pssv"></g><g v="femn"></g><g v="sing"></g></l></v></tfr></token><token id="553932" text="столь"><tfr rev_id="1387015" t="столь"><v><l id="336669" t="столь"><g v="ADVB"></g></l></v></tfr></token><token id="553933" text="скорой"><tfr rev_id="4397792" t="скорой"><v><l id="323375" t="скорый"><g v="ADJF"></g><g v="Qual"></g><g v="femn"></g><g v="sing"></g><g v="ablt"></g></l></v></tfr></token><token id="553934" text="оглаской"><tfr rev_id="1387017" t="оглаской"><v><l id="202459" t="огласка"><g v="NOUN"></g><g v="inan"></g><g v="femn"></g><g v="sing"></g><g v="ablt"></g></l></v></tfr></token><token id="553935" text="доклада"><tfr rev_id="1387018" t="доклада"><v><l id="87236" t="доклад"><g v="NOUN"></g><g v="inan"></g><g v="masc"></g><g v="sing"></g><g v="gent"></g></l></v></tfr></token><token id="553936" text="МАК"><tfr rev_id="4496002" t="МАК"><v><l id="389925" t="мак"><g v="NOUN"></g><g v="inan"></g><g v="masc"></g><g v="Sgtm"></g><g v="Fixd"></g><g v="Abbr"></g><g v="Orgn"></g><g v="sing"></g><g v="gent"></g></l></v></tfr></token><token id="553937" text=","><tfr rev_id="1387020" t=","><v><l id="0" t=","><g v="PNCT"></g></l></v></tfr></token><token id="553938" text="а"><tfr rev_id="1387021" t="а"><v><l id="51" t="а"><g v="CONJ"></g></l></v><v><l id="52" t="а"><g v="INTJ"></g></l></v><v><l id="53" t="а"><g v="PRCL"></g></l></v></tfr></token><token id="553939" text="также"><tfr rev_id="4267638" t="также"><v><l id="342482" t="также"><g v="PRCL"></g></l></v></tfr></token><token id="553940" text="способом"><tfr rev_id="1387023" t="способом"><v><l id="332835" t="способ"><g v="NOUN"></g><g v="inan"></g><g v="masc"></g><g v="sing"></g><g v="ablt"></g></l></v></tfr></token><token id="553941" text="подачи"><tfr rev_id="3508741" t="подачи"><v><l id="243901" t="подача"><g v="NOUN"></g><g v="inan"></g><g v="femn"></g><g v="sing"></g><g v="gent"></g></l></v></tfr></token><token id="553942" text="некоторых"><tfr rev_id="4474668" t="некоторых"><v><l id="183542" t="некоторый"><g v="ADJF"></g><g v="Apro"></g><g v="plur"></g><g v="gent"></g></l></v><v><l id="183542" t="некоторый"><g v="ADJF"></g><g v="Apro"></g><g v="anim"></g><g v="plur"></g><g v="accs"></g></l></v><v><l id="183542" t="некоторый"><g v="ADJF"></g><g v="Apro"></g><g v="plur"></g><g v="loct"></g></l></v></tfr></token><token id="553943" text="его"><tfr rev_id="4491256" t="его"><v><l id="94208" t="его"><g v="ADJF"></g><g v="Fixd"></g><g v="Apro"></g><g v="Anph"></g><g v="plur"></g><g v="nomn"></g></l></v><v><l id="94208" t="его"><g v="ADJF"></g><g v="Fixd"></g><g v="Apro"></g><g v="Anph"></g><g v="plur"></g><g v="gent"></g></l></v><v><l id="94208" t="его"><g v="ADJF"></g><g v="Fixd"></g><g v="Apro"></g><g v="Anph"></g><g v="plur"></g><g v="datv"></g></l></v><v><l id="94208" t="его"><g v="ADJF"></g><g v="Fixd"></g><g v="Apro"></g><g v="Anph"></g><g v="plur"></g><g v="accs"></g></l></v><v><l id="94208" t="его"><g v="ADJF"></g><g v="Fixd"></g><g v="Apro"></g><g v="Anph"></g><g v="plur"></g><g v="ablt"></g></l></v><v><l id="94208" t="его"><g v="ADJF"></g><g v="Fixd"></g><g v="Apro"></g><g v="Anph"></g><g v="plur"></g><g v="loct"></g></l></v></tfr></token><token id="553944" text="частей"><tfr rev_id="1387027" t="частей"><v><l id="374820" t="часть"><g v="NOUN"></g><g v="inan"></g><g v="femn"></g><g v="plur"></g><g v="gent"></g></l></v></tfr></token><token id="553945" text="."><tfr rev_id="1387028" t="."><v><l id="0" t="."><g v="PNCT"></g></l></v></tfr></token></tokens></sentence><sentence id="30918"><source>Тем не менее в такой ситуации следует запастись большим хладнокровием и ответить таким образом, чтобы не уменьшить шансы на сближение позиций»,</source><tokens><token id="553946" text="Тем"><tfr rev_id="4492256" t="Тем"><v><l id="344449" t="тем"><g v="CONJ"></g></l></v></tfr></token><token id="553947" text="не"><tfr rev_id="1387030" t="не"><v><l id="178876" t="не"><g v="PRCL"></g></l></v></tfr></token><token id="553948" text="менее"><tfr rev_id="1387031" t="менее"><v><l id="158343" t="менее"><g v="ADVB"></g></l></v></tfr></token><token id="553949" text="в"><tfr rev_id="1387032" t="в"><v><l id="37409" t="в"><g v="PREP"></g></l></v></tfr></token><token id="553950" text="такой"><tfr rev_id="4214356" t="такой"><v><l id="342491" t="такой"><g v="ADJF"></g><g v="Apro"></g><g v="femn"></g><g v="sing"></g><g v="loct"></g></l></v></tfr></token><token id="553951" text="ситуации"><tfr rev_id="3495312" t="ситуации"><v><l id="321441" t="ситуация"><g v="NOUN"></g><g v="inan"></g><g v="femn"></g><g v="sing"></g><g v="gent"></g></l></v><v><l id="321441" t="ситуация"><g v="NOUN"></g><g v="inan"></g><g v="femn"></g><g v="sing"></g><g v="datv"></g></l></v><v><l id="321441" t="ситуация"><g v="NOUN"></g><g v="inan"></g><g v="femn"></g><g v="sing"></g><g v="loct"></g></l></v></tfr></token><token id="553952" text="следует"><tfr rev_id="3665420" t="следует"><v><l id="324747" t="следую"><g v="VERB"></g><g v="impf"></g><g v="intr"></g><g v="sing"></g><g v="3per"></g><g v="pres"></g><g v="indc"></g><g v="Impx"></g></l></v></tfr></token><token id="553953" text="запастись"><tfr rev_id="1387036" t="запастись"><v><l id="106902" t="запастись"><g v="INFN"></g><g v="perf"></g><g v="intr"></g></l></v></tfr></token><token id="553954" text="большим"><tfr rev_id="4534064" t="большим"><v><l id="32439" t="больший"><g v="ADJF"></g><g v="Qual"></g><g v="neut"></g><g v="sing"></g><g v="ablt"></g></l></v><v><l id="32445" t="большой"><g v="ADJF"></g><g v="Qual"></g><g v="neut"></g><g v="sing"></g><g v="ablt"></g></l></v></tfr></token><token id="553955" text="хладнокровием"><tfr rev_id="1387038" t="хладнокровием"><v><l id="370401" t="хладнокровие"><g v="NOUN"></g><g v="inan"></g><g v="neut"></g><g v="sing"></g><g v="ablt"></g></l></v></tfr></token><token id="553956" text="и"><tfr rev_id="1387039" t="и"><v><l id="116949" t="и"><g v="CONJ"></g></l></v><v><l id="116950" t="и"><g v="INTJ"></g></l></v></tfr></token><token id="553957" text="ответить"><tfr rev_id="1387040" t="ответить"><v><l id="212434" t="ответить"><g v="INFN"></g><g v="perf"></g><g v="intr"></g></l></v></tfr></token><token id="553958" text="таким"><tfr rev_id="4297557" t="таким"><v><l id="342491" t="такой"><g v="ADJF"></g><g v="Apro"></g><g v="masc"></g><g v="sing"></g><g v="ablt"></g></l></v></tfr></token><token id="553959" text="образом"><tfr rev_id="1387042" t="образом"><v><l id="198787" t="образ"><g v="NOUN"></g><g v="inan"></g><g v="masc"></g><g v="sing"></g><g v="ablt"></g></l></v></tfr></token><token id="553960" text=","><tfr rev_id="1387043" t=","><v><l id="0" t=","><g v="PNCT"></g></l></v></tfr></token><token id="553961" text="чтобы"><tfr rev_id="1387044" t="чтобы"><v><l id="377013" t="чтобы"><g v="CONJ"></g></l></v><v><l id="377014" t="чтобы"><g v="PRCL"></g></l></v></tfr></token><token id="553962" text="не"><tfr rev_id="1387045" t="не"><v><l id="178876" t="не"><g v="PRCL"></g></l></v></tfr></token><token id="553963" text="уменьшить"><tfr rev_id="1387046" t="уменьшить"><v><l id="357499" t="уменьшить"><g v="INFN"></g><g v="perf"></g><g v="tran"></g></l></v></tfr></token><token id="553964" text="шансы"><tfr rev_id="3744009" t="шансы"><v><l id="378026" t="шанс"><g v="NOUN"></g><g v="inan"></g><g v="masc"></g><g v="plur"></g><g v="accs"></g></l></v></tfr></token><token id="553965" text="на"><tfr rev_id="3340468" t="на"><v><l id="166264" t="на"><g v="PREP"></g></l></v></tfr></token><token id="553966" text="сближение"><tfr rev_id="4096372" t="сближение"><v><l id="314282" t="сближение"><g v="NOUN"></g><g v="inan"></g><g v="neut"></g><g v="sing"></g><g v="accs"></g></l></v></tfr></token><token id="553967" text="позиций"><tfr rev_id="1387050" t="позиций"><v><l id="253607" t="позиция"><g v="NOUN"></g><g v="inan"></g><g v="femn"></g><g v="plur"></g><g v="gent"></g></l></v></tfr></token><token id="553968" text="»"><tfr rev_id="2441807" t="»"><v><l id="0" t="»"><g v="PNCT"></g></l></v></tfr></token><token id="553969" text=","><tfr rev_id="1387052" t=","><v><l id="0" t=","><g v="PNCT"></g></l></v></tfr></token></tokens></sentence><sentence id="30919"><source>— заключил Коморовский.</source><tokens><token id="553970" text="—"><tfr rev_id="2441808" t="—"><v><l id="0" t="—"><g v="PNCT"></g></l></v></tfr></token><token id="553971" text="заключил"><tfr rev_id="1387054" t="заключил"><v><l id="103485" t="заключил"><g v="VERB"></g><g v="perf"></g><g v="tran"></g><g v="masc"></g><g v="sing"></g><g v="past"></g><g v="indc"></g></l></v></tfr></token><token id="553972" text="Коморовский"><tfr rev_id="1387055" t="Коморовский"><v><l id="0" t="коморовский"><g v="UNKN"></g></l></v></tfr></token><token id="553973" text="."><tfr rev_id="1387056" t="."><v><l id="0" t="."><g v="PNCT"></g></l></v></tfr></token></tokens></sentence></paragraph><paragraph id="9870"><sentence id="30920"><source>Напомним, премьер-министр Польши Дональд Туск заявил, что правительство считает доклад МАК неполным, так как в него были включены не все замечания польской стороны.</source><tokens><token id="553974" text="Напомним"><tfr rev_id="1387057" t="Напомним"><v><l id="173892" t="напомнил"><g v="VERB"></g><g v="perf"></g><g v="tran"></g><g v="plur"></g><g v="1per"></g><g v="futr"></g><g v="indc"></g></l></v><v><l id="173892" t="напомнил"><g v="VERB"></g><g v="perf"></g><g v="tran"></g><g v="sing"></g><g v="impr"></g><g v="incl"></g></l></v></tfr></token><token id="553975" text=","><tfr rev_id="1387058" t=","><v><l id="0" t=","><g v="PNCT"></g></l></v></tfr></token><token id="553976" text="премьер-министр"><tfr rev_id="1387059" t="премьер-министр"><v><l id="267776" t="премьер-министр"><g v="NOUN"></g><g v="anim"></g><g v="masc"></g><g v="sing"></g><g v="nomn"></g></l></v></tfr></token><token id="553977" text="Польши"><tfr rev_id="1387060" t="Польши"><v><l id="257111" t="польша"><g v="NOUN"></g><g v="inan"></g><g v="femn"></g><g v="Sgtm"></g><g v="Geox"></g><g v="sing"></g><g v="gent"></g></l></v></tfr></token><token id="553978" text="Дональд"><tfr rev_id="1387061" t="Дональд"><v><l id="88612" t="дональд"><g v="NOUN"></g><g v="anim"></g><g v="masc"></g><g v="Name"></g><g v="sing"></g><g v="nomn"></g></l></v></tfr></token><token id="553979" text="Туск"><tfr rev_id="4508052" t="Туск"><v><l id="390933" t="туск"><g v="NOUN"></g><g v="anim"></g><g v="masc"></g><g v="Sgtm"></g><g v="Surn"></g><g v="sing"></g><g v="nomn"></g></l></v></tfr></token><token id="553980" text="заявил"><tfr rev_id="1387063" t="заявил"><v><l id="114300" t="заявил"><g v="VERB"></g><g v="perf"></g><g v="tran"></g><g v="masc"></g><g v="sing"></g><g v="past"></g><g v="indc"></g></l></v></tfr></token><token id="553981" text=","><tfr rev_id="1387064" t=","><v><l id="0" t=","><g v="PNCT"></g></l></v></tfr></token><token id="553982" text="что"><tfr rev_id="3196397" t="что"><v><l id="377004" t="что"><g v="CONJ"></g></l></v><v><l id="377005" t="что"><g v="NPRO"></g><g v="neut"></g><g v="sing"></g><g v="nomn"></g></l></v><v><l id="377005" t="что"><g v="NPRO"></g><g v="neut"></g><g v="sing"></g><g v="accs"></g></l></v><v><l id="377006" t="что"><g v="ADVB"></g><g v="Ques"></g></l></v><v><l id="388695" t="что"><g v="PRCL"></g></l></v></tfr></token><token id="553983" text="правительство"><tfr rev_id="3861150" t="правительство"><v><l id="265638" t="правительство"><g v="NOUN"></g><g v="inan"></g><g v="neut"></g><g v="sing"></g><g v="nomn"></g></l></v></tfr></token><token id="553984" text="считает"><tfr rev_id="1387067" t="считает"><v><l id="341320" t="считаю"><g v="VERB"></g><g v="impf"></g><g v="tran"></g><g v="sing"></g><g v="3per"></g><g v="pres"></g><g v="indc"></g></l></v><v><l id="341329" t="считал"><g v="VERB"></g><g v="perf"></g><g v="tran"></g><g v="sing"></g><g v="3per"></g><g v="futr"></g><g v="indc"></g></l></v></tfr></token><token id="553985" text="доклад"><tfr rev_id="4102076" t="доклад"><v><l id="87236" t="доклад"><g v="NOUN"></g><g v="inan"></g><g v="masc"></g><g v="sing"></g><g v="accs"></g></l></v></tfr></token><token id="553986" text="МАК"><tfr rev_id="4496003" t="МАК"><v><l id="389925" t="мак"><g v="NOUN"></g><g v="inan"></g><g v="masc"></g><g v="Sgtm"></g><g v="Fixd"></g><g v="Abbr"></g><g v="Orgn"></g><g v="sing"></g><g v="gent"></g></l></v></tfr></token><token id="553987" text="неполным"><tfr rev_id="3470499" t="неполным"><v><l id="186106" t="неполный"><g v="ADJF"></g><g v="masc"></g><g v="sing"></g><g v="ablt"></g></l></v><v><l id="186106" t="неполный"><g v="ADJF"></g><g v="neut"></g><g v="sing"></g><g v="ablt"></g></l></v></tfr></token><token id="553988" text=","><tfr rev_id="1387071" t=","><v><l id="0" t=","><g v="PNCT"></g></l></v></tfr></token><token id="553989" text="так"><tfr rev_id="1387072" t="так"><v><l id="342451" t="так"><g v="CONJ"></g></l></v><v><l id="342452" t="так"><g v="PRCL"></g></l></v><v><l id="342453" t="так"><g v="ADVB"></g><g v="Dmns"></g></l></v></tfr></token><token id="553990" text="как"><tfr rev_id="1387073" t="как"><v><l id="128190" t="как"><g v="CONJ"></g></l></v><v><l id="128191" t="как"><g v="PRCL"></g></l></v><v><l id="128192" t="как"><g v="ADVB"></g><g v="Ques"></g></l></v></tfr></token><token id="553991" text="в"><tfr rev_id="1387074" t="в"><v><l id="37409" t="в"><g v="PREP"></g></l></v></tfr></token><token id="553992" text="него"><tfr rev_id="4528160" t="него"><v><l id="206541" t="он"><g v="NPRO"></g><g v="masc"></g><g v="3per"></g><g v="Anph"></g><g v="sing"></g><g v="accs"></g><g v="Af-p"></g></l></v><v><l id="206649" t="оно"><g v="NPRO"></g><g v="neut"></g><g v="3per"></g><g v="Anph"></g><g v="sing"></g><g v="accs"></g><g v="Af-p"></g></l></v></tfr></token><token id="553993" text="были"><tfr rev_id="1715398" t="были"><v><l id="37265" t="есть"><g v="VERB"></g><g v="impf"></g><g v="intr"></g><g v="plur"></g><g v="past"></g><g v="indc"></g></l></v></tfr></token><token id="553994" text="включены"><tfr rev_id="1387077" t="включены"><v><l id="46214" t="включён"><g v="PRTS"></g><g v="perf"></g><g v="past"></g><g v="pssv"></g><g v="plur"></g></l></v></tfr></token><token id="553995" text="не"><tfr rev_id="1387078" t="не"><v><l id="178876" t="не"><g v="PRCL"></g></l></v></tfr></token><token id="553996" text="все"><tfr rev_id="4538999" t="все"><v><l id="42156" t="весь"><g v="ADJF"></g><g v="Subx"></g><g v="Apro"></g><g v="inan"></g><g v="plur"></g><g v="accs"></g></l></v><v><l id="42156" t="весь"><g v="ADJF"></g><g v="Subx"></g><g v="Apro"></g><g v="plur"></g><g v="nomn"></g></l></v></tfr></token><token id="553997" text="замечания"><tfr rev_id="3758815" t="замечания"><v><l id="105546" t="замечание"><g v="NOUN"></g><g v="inan"></g><g v="neut"></g><g v="plur"></g><g v="nomn"></g></l></v></tfr></token><token id="553998" text="польской"><tfr rev_id="3692091" t="польской"><v><l id="257099" t="польский"><g v="ADJF"></g><g v="femn"></g><g v="sing"></g><g v="gent"></g></l></v></tfr></token><token id="553999" text="стороны"><tfr rev_id="3283046" t="стороны"><v><l id="336894" t="сторона"><g v="NOUN"></g><g v="inan"></g><g v="femn"></g><g v="sing"></g><g v="gent"></g></l></v></tfr></token><token id="554000" text="."><tfr rev_id="1387083" t="."><v><l id="0" t="."><g v="PNCT"></g></l></v></tfr></token></tokens></sentence><sentence id="30921"><source>Тем не менее польский премьер подчеркнул, что в замечаниях к докладу Варшава не ставила под сомнения важнейшие выводы МАК.</source><tokens><token id="554001" text="Тем"><tfr rev_id="4492655" t="Тем"><v><l id="344449" t="тем"><g v="CONJ"></g></l></v></tfr></token><token id="554002" text="не"><tfr rev_id="1387085" t="не"><v><l id="178876" t="не"><g v="PRCL"></g></l></v></tfr></token><token id="554003" text="менее"><tfr rev_id="1387086" t="менее"><v><l id="158343" t="менее"><g v="ADVB"></g></l></v></tfr></token><token id="554004" text="польский"><tfr rev_id="1387087" t="польский"><v><l id="257099" t="польский"><g v="ADJF"></g><g v="masc"></g><g v="sing"></g><g v="nomn"></g></l></v><v><l id="257099" t="польский"><g v="ADJF"></g><g v="inan"></g><g v="masc"></g><g v="sing"></g><g v="accs"></g></l></v></tfr></token><token id="554005" text="премьер"><tfr rev_id="3284419" t="премьер"><v><l id="267774" t="премьер"><g v="NOUN"></g><g v="anim"></g><g v="masc"></g><g v="sing"></g><g v="nomn"></g></l></v></tfr></token><token id="554006" text="подчеркнул"><tfr rev_id="1387089" t="подчеркнул"><v><l id="252370" t="подчеркнул"><g v="VERB"></g><g v="perf"></g><g v="tran"></g><g v="masc"></g><g v="sing"></g><g v="past"></g><g v="indc"></g></l></v></tfr></token><token id="554007" text=","><tfr rev_id="1387090" t=","><v><l id="0" t=","><g v="PNCT"></g></l></v></tfr></token><token id="554008" text="что"><tfr rev_id="3196398" t="что"><v><l id="377004" t="что"><g v="CONJ"></g></l></v><v><l id="377005" t="что"><g v="NPRO"></g><g v="neut"></g><g v="sing"></g><g v="nomn"></g></l></v><v><l id="377005" t="что"><g v="NPRO"></g><g v="neut"></g><g v="sing"></g><g v="accs"></g></l></v><v><l id="377006" t="что"><g v="ADVB"></g><g v="Ques"></g></l></v><v><l id="388695" t="что"><g v="PRCL"></g></l></v></tfr></token><token id="554009" text="в"><tfr rev_id="1387092" t="в"><v><l id="37409" t="в"><g v="PREP"></g></l></v></tfr></token><token id="554010" text="замечаниях"><tfr rev_id="1387093" t="замечаниях"><v><l id="105546" t="замечание"><g v="NOUN"></g><g v="inan"></g><g v="neut"></g><g v="plur"></g><g v="loct"></g></l></v></tfr></token><token id="554011" text="к"><tfr rev_id="1387094" t="к"><v><l id="127460" t="к"><g v="PREP"></g></l></v></tfr></token><token id="554012" text="докладу"><tfr rev_id="1387095" t="докладу"><v><l id="87236" t="доклад"><g v="NOUN"></g><g v="inan"></g><g v="masc"></g><g v="sing"></g><g v="datv"></g></l></v></tfr></token><token id="554013" text="Варшава"><tfr rev_id="1387096" t="Варшава"><v><l id="38916" t="варшава"><g v="NOUN"></g><g v="inan"></g><g v="femn"></g><g v="Sgtm"></g><g v="Geox"></g><g v="sing"></g><g v="nomn"></g></l></v></tfr></token><token id="554014" text="не"><tfr rev_id="1387097" t="не"><v><l id="178876" t="не"><g v="PRCL"></g></l></v></tfr></token><token id="554015" text="ставила"><tfr rev_id="1387098" t="ставила"><v><l id="334320" t="ставлю"><g v="VERB"></g><g v="impf"></g><g v="tran"></g><g v="femn"></g><g v="sing"></g><g v="past"></g><g v="indc"></g></l></v></tfr></token><token id="554016" text="под"><tfr rev_id="2602382" t="под"><v><l id="243755" t="под"><g v="PREP"></g></l></v></tfr></token><token id="554017" text="сомнения"><tfr rev_id="3795510" t="сомнения"><v><l id="329384" t="сомнение"><g v="NOUN"></g><g v="inan"></g><g v="neut"></g><g v="plur"></g><g v="accs"></g></l></v></tfr></token><token id="554018" text="важнейшие"><tfr rev_id="3821531" t="важнейшие"><v><l id="37723" t="важнейший"><g v="ADJF"></g><g v="Supr"></g><g v="Qual"></g><g v="inan"></g><g v="plur"></g><g v="accs"></g></l></v></tfr></token><token id="554019" text="выводы"><tfr rev_id="2757285" t="выводы"><v><l id="56345" t="вывод"><g v="NOUN"></g><g v="inan"></g><g v="masc"></g><g v="plur"></g><g v="accs"></g></l></v></tfr></token><token id="554020" text="МАК"><tfr rev_id="4496004" t="МАК"><v><l id="389925" t="мак"><g v="NOUN"></g><g v="inan"></g><g v="masc"></g><g v="Sgtm"></g><g v="Fixd"></g><g v="Abbr"></g><g v="Orgn"></g><g v="sing"></g><g v="gent"></g></l></v></tfr></token><token id="554021" text="."><tfr rev_id="1387104" t="."><v><l id="0" t="."><g v="PNCT"></g></l></v></tfr></token></tokens></sentence></paragraph><paragraph id="9871"><sentence id="30922"><source>Туск также подчеркнул, что польские власти не допустят ухудшения атмосферы солидарности и взаимопонимания, которая возникла между российскими и польскими политиками после катастрофы.</source><tokens><token id="554022" text="Туск"><tfr rev_id="4508117" t="Туск"><v><l id="390933" t="туск"><g v="NOUN"></g><g v="anim"></g><g v="masc"></g><g v="Sgtm"></g><g v="Surn"></g><g v="sing"></g><g v="nomn"></g></l></v></tfr></token><token id="554023" text="также"><tfr rev_id="4267639" t="также"><v><l id="342482" t="также"><g v="PRCL"></g></l></v></tfr></token><token id="554024" text="подчеркнул"><tfr rev_id="1387107" t="подчеркнул"><v><l id="252370" t="подчеркнул"><g v="VERB"></g><g v="perf"></g><g v="tran"></g><g v="masc"></g><g v="sing"></g><g v="past"></g><g v="indc"></g></l></v></tfr></token><token id="554025" text=","><tfr rev_id="1387108" t=","><v><l id="0" t=","><g v="PNCT"></g></l></v></tfr></token><token id="554026" text="что"><tfr rev_id="3196399" t="что"><v><l id="377004" t="что"><g v="CONJ"></g></l></v><v><l id="377005" t="что"><g v="NPRO"></g><g v="neut"></g><g v="sing"></g><g v="nomn"></g></l></v><v><l id="377005" t="что"><g v="NPRO"></g><g v="neut"></g><g v="sing"></g><g v="accs"></g></l></v><v><l id="377006" t="что"><g v="ADVB"></g><g v="Ques"></g></l></v><v><l id="388695" t="что"><g v="PRCL"></g></l></v></tfr></token><token id="554027" text="польские"><tfr rev_id="4085473" t="польские"><v><l id="257099" t="польский"><g v="ADJF"></g><g v="plur"></g><g v="nomn"></g></l></v></tfr></token><token id="554028" text="власти"><tfr rev_id="3768743" t="власти"><v><l id="46816" t="власть"><g v="NOUN"></g><g v="inan"></g><g v="femn"></g><g v="plur"></g><g v="nomn"></g></l></v></tfr></token><token id="554029" text="не"><tfr rev_id="1387112" t="не"><v><l id="178876" t="не"><g v="PRCL"></g></l></v></tfr></token><token id="554030" text="допустят"><tfr rev_id="1387113" t="допустят"><v><l id="89497" t="допустил"><g v="VERB"></g><g v="perf"></g><g v="tran"></g><g v="plur"></g><g v="3per"></g><g v="futr"></g><g v="indc"></g></l></v></tfr></token><token id="554031" text="ухудшения"><tfr rev_id="3471935" t="ухудшения"><v><l id="363020" t="ухудшение"><g v="NOUN"></g><g v="inan"></g><g v="neut"></g><g v="sing"></g><g v="gent"></g></l></v></tfr></token><token id="554032" text="атмосферы"><tfr rev_id="3523089" t="атмосферы"><v><l id="19555" t="атмосфера"><g v="NOUN"></g><g v="inan"></g><g v="femn"></g><g v="sing"></g><g v="gent"></g></l></v></tfr></token><token id="554033" text="солидарности"><tfr rev_id="4271678" t="солидарности"><v><l id="328997" t="солидарность"><g v="NOUN"></g><g v="inan"></g><g v="femn"></g><g v="sing"></g><g v="gent"></g></l></v></tfr></token><token id="554034" text="и"><tfr rev_id="1387117" t="и"><v><l id="116949" t="и"><g v="CONJ"></g></l></v><v><l id="116950" t="и"><g v="INTJ"></g></l></v></tfr></token><token id="554035" text="взаимопонимания"><tfr rev_id="3473019" t="взаимопонимания"><v><l id="42671" t="взаимопонимание"><g v="NOUN"></g><g v="inan"></g><g v="neut"></g><g v="sing"></g><g v="gent"></g></l></v></tfr></token><token id="554036" text=","><tfr rev_id="1387119" t=","><v><l id="0" t=","><g v="PNCT"></g></l></v></tfr></token><token id="554037" text="которая"><tfr rev_id="3639781" t="которая"><v><l id="141203" t="который"><g v="ADJF"></g><g v="Apro"></g><g v="Subx"></g><g v="Anph"></g><g v="femn"></g><g v="sing"></g><g v="nomn"></g></l></v></tfr></token><token id="554038" text="возникла"><tfr rev_id="1387121" t="возникла"><v><l id="49521" t="возник"><g v="VERB"></g><g v="perf"></g><g v="intr"></g><g v="femn"></g><g v="sing"></g><g v="past"></g><g v="indc"></g></l></v></tfr></token><token id="554039" text="между"><tfr rev_id="1387122" t="между"><v><l id="157306" t="между"><g v="PREP"></g></l></v></tfr></token><token id="554040" text="российскими"><tfr rev_id="1387123" t="российскими"><v><l id="309319" t="российский"><g v="ADJF"></g><g v="plur"></g><g v="ablt"></g></l></v></tfr></token><token id="554041" text="и"><tfr rev_id="1387124" t="и"><v><l id="116949" t="и"><g v="CONJ"></g></l></v><v><l id="116950" t="и"><g v="INTJ"></g></l></v></tfr></token><token id="554042" text="польскими"><tfr rev_id="1387125" t="польскими"><v><l id="257099" t="польский"><g v="ADJF"></g><g v="plur"></g><g v="ablt"></g></l></v></tfr></token><token id="554043" text="политиками"><tfr rev_id="4331823" t="политиками"><v><l id="255852" t="политик"><g v="NOUN"></g><g v="anim"></g><g v="masc"></g><g v="plur"></g><g v="ablt"></g></l></v></tfr></token><token id="554044" text="после"><tfr rev_id="4356274" t="после"><v><l id="261542" t="после"><g v="PREP"></g></l></v></tfr></token><token id="554045" text="катастрофы"><tfr rev_id="3500946" t="катастрофы"><v><l id="131282" t="катастрофа"><g v="NOUN"></g><g v="inan"></g><g v="femn"></g><g v="sing"></g><g v="gent"></g></l></v></tfr></token><token id="554046" text="."><tfr rev_id="1387129" t="."><v><l id="0" t="."><g v="PNCT"></g></l></v></tfr></token></tokens></sentence><sentence id="30923"><source>Официальная реакция правительства Польши раздосадовала брата-близнеца погибшего президента Польши и лидера оппозиции Ярослава Качиньского.</source><tokens><token id="554047" text="Официальная"><tfr rev_id="1387130" t="Официальная"><v><l id="220939" t="официальный"><g v="ADJF"></g><g v="femn"></g><g v="sing"></g><g v="nomn"></g></l></v></tfr></token><token id="554048" text="реакция"><tfr rev_id="1387131" t="реакция"><v><l id="304401" t="реакция"><g v="NOUN"></g><g v="inan"></g><g v="femn"></g><g v="sing"></g><g v="nomn"></g></l></v></tfr></token><token id="554049" text="правительства"><tfr rev_id="3503153" t="правительства"><v><l id="265638" t="правительство"><g v="NOUN"></g><g v="inan"></g><g v="neut"></g><g v="sing"></g><g v="gent"></g></l></v></tfr></token><token id="554050" text="Польши"><tfr rev_id="1387133" t="Польши"><v><l id="257111" t="польша"><g v="NOUN"></g><g v="inan"></g><g v="femn"></g><g v="Sgtm"></g><g v="Geox"></g><g v="sing"></g><g v="gent"></g></l></v></tfr></token><token id="554051" text="раздосадовала"><tfr rev_id="1387134" t="раздосадовала"><v><l id="293726" t="раздосадовал"><g v="VERB"></g><g v="perf"></g><g v="tran"></g><g v="femn"></g><g v="sing"></g><g v="past"></g><g v="indc"></g></l></v></tfr></token><token id="554052" text="брата"><tfr rev_id="4397293" t="брата"><v><l id="33568" t="брат"><g v="NOUN"></g><g v="anim"></g><g v="masc"></g><g v="sing"></g><g v="accs"></g></l></v></tfr></token><token id="554053" text="-"><tfr rev_id="1387136" t="-"><v><l id="0" t="-"><g v="PNCT"></g></l></v></tfr></token><token id="554054" text="близнеца"><tfr rev_id="4363825" t="близнеца"><v><l id="30873" t="близнец"><g v="NOUN"></g><g v="anim"></g><g v="masc"></g><g v="sing"></g><g v="accs"></g></l></v></tfr></token><token id="554055" text="погибшего"><tfr rev_id="1387138" t="погибшего"><v><l id="243193" t="погибший"><g v="PRTF"></g><g v="perf"></g><g v="intr"></g><g v="past"></g><g v="actv"></g><g v="masc"></g><g v="sing"></g><g v="gent"></g></l></v><v><l id="243193" t="погибший"><g v="PRTF"></g><g v="perf"></g><g v="intr"></g><g v="past"></g><g v="actv"></g><g v="anim"></g><g v="masc"></g><g v="sing"></g><g v="accs"></g></l></v><v><l id="243193" t="погибший"><g v="PRTF"></g><g v="perf"></g><g v="intr"></g><g v="past"></g><g v="actv"></g><g v="neut"></g><g v="sing"></g><g v="gent"></g></l></v><v><l id="243195" t="погибший"><g v="ADJF"></g><g v="masc"></g><g v="sing"></g><g v="gent"></g></l></v><v><l id="243195" t="погибший"><g v="ADJF"></g><g v="anim"></g><g v="masc"></g><g v="sing"></g><g v="accs"></g></l></v><v><l id="243195" t="погибший"><g v="ADJF"></g><g v="neut"></g><g v="sing"></g><g v="gent"></g></l></v></tfr></token><token id="554056" text="президента"><tfr rev_id="3676039" t="президента"><v><l id="267449" t="президент"><g v="NOUN"></g><g v="anim"></g><g v="masc"></g><g v="sing"></g><g v="gent"></g></l></v></tfr></token><token id="554057" text="Польши"><tfr rev_id="1387140" t="Польши"><v><l id="257111" t="польша"><g v="NOUN"></g><g v="inan"></g><g v="femn"></g><g v="Sgtm"></g><g v="Geox"></g><g v="sing"></g><g v="gent"></g></l></v></tfr></token><token id="554058" text="и"><tfr rev_id="1387141" t="и"><v><l id="116949" t="и"><g v="CONJ"></g></l></v><v><l id="116950" t="и"><g v="INTJ"></g></l></v></tfr></token><token id="554059" text="лидера"><tfr rev_id="3676049" t="лидера"><v><l id="149007" t="лидер"><g v="NOUN"></g><g v="anim"></g><g v="masc"></g><g v="sing"></g><g v="accs"></g></l></v></tfr></token><token id="554060" text="оппозиции"><tfr rev_id="4277405" t="оппозиции"><v><l id="207895" t="оппозиция"><g v="NOUN"></g><g v="inan"></g><g v="femn"></g><g v="sing"></g><g v="gent"></g></l></v></tfr></token><token id="554061" text="Ярослава"><tfr rev_id="4395798" t="Ярослава"><v><l id="388130" t="ярослав"><g v="NOUN"></g><g v="anim"></g><g v="masc"></g><g v="Name"></g><g v="sing"></g><g v="accs"></g></l></v></tfr></token><token id="554062" text="Качиньского"><tfr rev_id="1387145" t="Качиньского"><v><l id="0" t="качиньского"><g v="UNKN"></g></l></v></tfr></token><token id="554063" text="."><tfr rev_id="1387146" t="."><v><l id="0" t="."><g v="PNCT"></g></l></v></tfr></token></tokens></sentence></paragraph><paragraph id="9872"><sentence id="30924"><source>Напомним, российская сторона ранее направила Польше проект отчёта о причинах катастрофы Ту-154 под Смоленском.</source><tokens><token id="554064" text="Напомним"><tfr rev_id="2557577" t="Напомним"><v><l id="173892" t="напомнил"><g v="VERB"></g><g v="perf"></g><g v="tran"></g><g v="plur"></g><g v="1per"></g><g v="futr"></g><g v="indc"></g></l></v></tfr></token><token id="554065" text=","><tfr rev_id="1387148" t=","><v><l id="0" t=","><g v="PNCT"></g></l></v></tfr></token><token id="554066" text="российская"><tfr rev_id="1387149" t="российская"><v><l id="309319" t="российский"><g v="ADJF"></g><g v="femn"></g><g v="sing"></g><g v="nomn"></g></l></v></tfr></token><token id="554067" text="сторона"><tfr rev_id="1387150" t="сторона"><v><l id="336894" t="сторона"><g v="NOUN"></g><g v="inan"></g><g v="femn"></g><g v="sing"></g><g v="nomn"></g></l></v></tfr></token><token id="554068" text="ранее"><tfr rev_id="1387151" t="ранее"><v><l id="297884" t="ранее"><g v="ADVB"></g></l></v></tfr></token><token id="554069" text="направила"><tfr rev_id="1387152" t="направила"><v><l id="173952" t="направил"><g v="VERB"></g><g v="perf"></g><g v="tran"></g><g v="femn"></g><g v="sing"></g><g v="past"></g><g v="indc"></g></l></v></tfr></token><token id="554070" text="Польше"><tfr rev_id="2557572" t="Польше"><v><l id="257111" t="польша"><g v="NOUN"></g><g v="inan"></g><g v="femn"></g><g v="Sgtm"></g><g v="Geox"></g><g v="sing"></g><g v="datv"></g></l></v></tfr></token><token id="554071" text="проект"><tfr rev_id="2557575" t="проект"><v><l id="279545" t="проект"><g v="NOUN"></g><g v="inan"></g><g v="masc"></g><g v="sing"></g><g v="accs"></g></l></v></tfr></token><token id="554072" text="отчёта"><tfr rev_id="1387155" t="отчёта"><v><l id="219980" t="отчёт"><g v="NOUN"></g><g v="inan"></g><g v="masc"></g><g v="sing"></g><g v="gent"></g></l></v></tfr></token><token id="554073" text="о"><tfr rev_id="2557573" t="о"><v><l id="192977" t="о"><g v="PREP"></g></l></v></tfr></token><token id="554074" text="причинах"><tfr rev_id="1387157" t="причинах"><v><l id="276522" t="причина"><g v="NOUN"></g><g v="inan"></g><g v="femn"></g><g v="plur"></g><g v="loct"></g></l></v></tfr></token><token id="554075" text="катастрофы"><tfr rev_id="3409827" t="катастрофы"><v><l id="131282" t="катастрофа"><g v="NOUN"></g><g v="inan"></g><g v="femn"></g><g v="sing"></g><g v="gent"></g></l></v></tfr></token><token id="554076" text="Ту-154"><tfr rev_id="1387159" t="Ту-154"><v><l id="0" t="Ту-154"><g v="UNKN"></g></l></v></tfr></token><token id="554077" text="под"><tfr rev_id="2557570" t="под"><v><l id="243755" t="под"><g v="PREP"></g></l></v></tfr></token><token id="554078" text="Смоленском"><tfr rev_id="2557574" t="Смоленском"><v><l id="326528" t="смоленск"><g v="NOUN"></g><g v="inan"></g><g v="masc"></g><g v="Geox"></g><g v="sing"></g><g v="ablt"></g></l></v></tfr></token><token id="554079" text="."><tfr rev_id="1387162" t="."><v><l id="0" t="."><g v="PNCT"></g></l></v></tfr></token></tokens></sentence><sentence id="30925"><source>Затем обнародовала 12 января окончательный вариант документа.</source><tokens><token id="554080" text="Затем"><tfr rev_id="1387163" t="Затем"><v><l id="111250" t="затем"><g v="ADVB"></g><g v="Dmns"></g></l></v></tfr></token><token id="554081" text="обнародовала"><tfr rev_id="1387164" t="обнародовала"><v><l id="197753" t="обнародовал"><g v="VERB"></g><g v="perf"></g><g v="tran"></g><g v="femn"></g><g v="sing"></g><g v="past"></g><g v="indc"></g></l></v></tfr></token><token id="554082" text="12"><tfr rev_id="2460948" t="12"><v><l id="0" t="12"><g v="NUMB"></g></l></v></tfr></token><token id="554083" text="января"><tfr rev_id="1387166" t="января"><v><l id="387905" t="январь"><g v="NOUN"></g><g v="inan"></g><g v="masc"></g><g v="sing"></g><g v="gent"></g></l></v></tfr></token><token id="554084" text="окончательный"><tfr rev_id="1387167" t="окончательный"><v><l id="205181" t="окончательный"><g v="ADJF"></g><g v="masc"></g><g v="sing"></g><g v="nomn"></g></l></v><v><l id="205181" t="окончательный"><g v="ADJF"></g><g v="inan"></g><g v="masc"></g><g v="sing"></g><g v="accs"></g></l></v></tfr></token><token id="554085" text="вариант"><tfr rev_id="3444335" t="вариант"><v><l id="38767" t="вариант"><g v="NOUN"></g><g v="inan"></g><g v="masc"></g><g v="sing"></g><g v="nomn"></g></l></v><v><l id="38767" t="вариант"><g v="NOUN"></g><g v="inan"></g><g v="masc"></g><g v="sing"></g><g v="accs"></g></l></v></tfr></token><token id="554086" text="документа"><tfr rev_id="1387169" t="документа"><v><l id="87509" t="документ"><g v="NOUN"></g><g v="inan"></g><g v="masc"></g><g v="sing"></g><g v="gent"></g></l></v></tfr></token><token id="554087" text="."><tfr rev_id="1387170" t="."><v><l id="0" t="."><g v="PNCT"></g></l></v></tfr></token></tokens></sentence><sentence id="30926"><source>По данным экспертов МАК, непосредственной причиной катастрофы стало решение экипажа не уходить на запасной аэродром, системными причинами стали недостатки в обеспечении полёта и подготовке экипажа.</source><tokens><token id="554088" text="По"><tfr rev_id="1387171" t="По"><v><l id="241240" t="по"><g v="PREP"></g></l></v></tfr></token><token id="554089" text="данным"><tfr rev_id="4576803" t="данным"><v><l id="78302" t="данные"><g v="NOUN"></g><g v="inan"></g><g v="GNdr"></g><g v="Pltm"></g><g v="plur"></g><g v="datv"></g></l></v></tfr></token><token id="554090" text="экспертов"><tfr rev_id="4382710" t="экспертов"><v><l id="383582" t="эксперт"><g v="NOUN"></g><g v="anim"></g><g v="masc"></g><g v="plur"></g><g v="gent"></g></l></v></tfr></token><token id="554091" text="МАК"><tfr rev_id="4496005" t="МАК"><v><l id="389925" t="мак"><g v="NOUN"></g><g v="inan"></g><g v="masc"></g><g v="Sgtm"></g><g v="Fixd"></g><g v="Abbr"></g><g v="Orgn"></g><g v="sing"></g><g v="gent"></g></l></v></tfr></token><token id="554092" text=","><tfr rev_id="1387175" t=","><v><l id="0" t=","><g v="PNCT"></g></l></v></tfr></token><token id="554093" text="непосредственной"><tfr rev_id="4423726" t="непосредственной"><v><l id="186235" t="непосредственный"><g v="ADJF"></g><g v="Qual"></g><g v="femn"></g><g v="sing"></g><g v="ablt"></g></l></v></tfr></token><token id="554094" text="причиной"><tfr rev_id="1387177" t="причиной"><v><l id="276522" t="причина"><g v="NOUN"></g><g v="inan"></g><g v="femn"></g><g v="sing"></g><g v="ablt"></g></l></v></tfr></token><token id="554095" text="катастрофы"><tfr rev_id="3498172" t="катастрофы"><v><l id="131282" t="катастрофа"><g v="NOUN"></g><g v="inan"></g><g v="femn"></g><g v="sing"></g><g v="gent"></g></l></v></tfr></token><token id="554096" text="стало"><tfr rev_id="1387179" t="стало"><v><l id="335164" t="стал"><g v="VERB"></g><g v="perf"></g><g v="intr"></g><g v="neut"></g><g v="sing"></g><g v="past"></g><g v="indc"></g></l></v></tfr></token><token id="554097" text="решение"><tfr rev_id="1387180" t="решение"><v><l id="307350" t="решение"><g v="NOUN"></g><g v="inan"></g><g v="neut"></g><g v="sing"></g><g v="nomn"></g></l></v><v><l id="307350" t="решение"><g v="NOUN"></g><g v="inan"></g><g v="neut"></g><g v="sing"></g><g v="accs"></g></l></v></tfr></token><token id="554098" text="экипажа"><tfr rev_id="1387181" t="экипажа"><v><l id="383260" t="экипаж"><g v="NOUN"></g><g v="inan"></g><g v="masc"></g><g v="sing"></g><g v="gent"></g></l></v></tfr></token><token id="554099" text="не"><tfr rev_id="1387182" t="не"><v><l id="178876" t="не"><g v="PRCL"></g></l></v></tfr></token><token id="554100" text="уходить"><tfr rev_id="1387183" t="уходить"><v><l id="362938" t="уходить"><g v="INFN"></g><g v="impf"></g><g v="intr"></g></l></v><v><l id="362943" t="уходить"><g v="INFN"></g><g v="perf"></g><g v="tran"></g></l></v></tfr></token><token id="554101" text="на"><tfr rev_id="3345117" t="на"><v><l id="166264" t="на"><g v="PREP"></g></l></v></tfr></token><token id="554102" text="запасной"><tfr rev_id="4232463" t="запасной"><v><l id="106890" t="запасной"><g v="ADJF"></g><g v="masc"></g><g v="sing"></g><g v="nomn"></g></l></v><v><l id="106890" t="запасной"><g v="ADJF"></g><g v="inan"></g><g v="masc"></g><g v="sing"></g><g v="accs"></g></l></v></tfr></token><token id="554103" text="аэродром"><tfr rev_id="1387186" t="аэродром"><v><l id="21314" t="аэродром"><g v="NOUN"></g><g v="inan"></g><g v="masc"></g><g v="sing"></g><g v="nomn"></g></l></v><v><l id="21314" t="аэродром"><g v="NOUN"></g><g v="inan"></g><g v="masc"></g><g v="sing"></g><g v="accs"></g></l></v></tfr></token><token id="554104" text=","><tfr rev_id="1387187" t=","><v><l id="0" t=","><g v="PNCT"></g></l></v></tfr></token><token id="554105" text="системными"><tfr rev_id="1387188" t="системными"><v><l id="321389" t="системный"><g v="ADJF"></g><g v="Qual"></g><g v="plur"></g><g v="ablt"></g></l></v></tfr></token><token id="554106" text="причинами"><tfr rev_id="1387189" t="причинами"><v><l id="276522" t="причина"><g v="NOUN"></g><g v="inan"></g><g v="femn"></g><g v="plur"></g><g v="ablt"></g></l></v></tfr></token><token id="554107" text="стали"><tfr rev_id="1714815" t="стали"><v><l id="335164" t="стал"><g v="VERB"></g><g v="perf"></g><g v="intr"></g><g v="plur"></g><g v="past"></g><g v="indc"></g></l></v></tfr></token><token id="554108" text="недостатки"><tfr rev_id="3727891" t="недостатки"><v><l id="181678" t="недостаток"><g v="NOUN"></g><g v="inan"></g><g v="masc"></g><g v="plur"></g><g v="nomn"></g></l></v></tfr></token><token id="554109" text="в"><tfr rev_id="1387192" t="в"><v><l id="37409" t="в"><g v="PREP"></g></l></v></tfr></token><token id="554110" text="обеспечении"><tfr rev_id="1387193" t="обеспечении"><v><l id="194745" t="обеспечение"><g v="NOUN"></g><g v="inan"></g><g v="neut"></g><g v="sing"></g><g v="loct"></g></l></v></tfr></token><token id="554111" text="полёта"><tfr rev_id="1387194" t="полёта"><v><l id="255108" t="полёт"><g v="NOUN"></g><g v="inan"></g><g v="masc"></g><g v="sing"></g><g v="gent"></g></l></v></tfr></token><token id="554112" text="и"><tfr rev_id="1387195" t="и"><v><l id="116949" t="и"><g v="CONJ"></g></l></v><v><l id="116950" t="и"><g v="INTJ"></g></l></v></tfr></token><token id="554113" text="подготовке"><tfr rev_id="2623308" t="подготовке"><v><l id="245114" t="подготовка"><g v="NOUN"></g><g v="inan"></g><g v="femn"></g><g v="sing"></g><g v="loct"></g></l></v></tfr></token><token id="554114" text="экипажа"><tfr rev_id="1387197" t="экипажа"><v><l id="383260" t="экипаж"><g v="NOUN"></g><g v="inan"></g><g v="masc"></g><g v="sing"></g><g v="gent"></g></l></v></tfr></token><token id="554115" text="."><tfr rev_id="1387198" t="."><v><l id="0" t="."><g v="PNCT"></g></l></v></tfr></token></tokens></sentence><sentence id="30927"><source>В катастрофе погиб президент Польши Лех Качиньский и его супруга, а также многие высокопоставленные политики страны.</source><tokens><token id="554116" text="В"><tfr rev_id="1387199" t="В"><v><l id="37409" t="в"><g v="PREP"></g></l></v></tfr></token><token id="554117" text="катастрофе"><tfr rev_id="3500266" t="катастрофе"><v><l id="131282" t="катастрофа"><g v="NOUN"></g><g v="inan"></g><g v="femn"></g><g v="sing"></g><g v="loct"></g></l></v></tfr></token><token id="554118" text="погиб"><tfr rev_id="1714858" t="погиб"><v><l id="243191" t="погиб"><g v="VERB"></g><g v="perf"></g><g v="intr"></g><g v="masc"></g><g v="sing"></g><g v="past"></g><g v="indc"></g></l></v></tfr></token><token id="554119" text="президент"><tfr rev_id="1387202" t="президент"><v><l id="267449" t="президент"><g v="NOUN"></g><g v="anim"></g><g v="masc"></g><g v="sing"></g><g v="nomn"></g></l></v></tfr></token><token id="554120" text="Польши"><tfr rev_id="1387203" t="Польши"><v><l id="257111" t="польша"><g v="NOUN"></g><g v="inan"></g><g v="femn"></g><g v="Sgtm"></g><g v="Geox"></g><g v="sing"></g><g v="gent"></g></l></v></tfr></token><token id="554121" text="Лех"><tfr rev_id="3493758" t="Лех"><v><l id="148724" t="лех"><g v="NOUN"></g><g v="anim"></g><g v="masc"></g><g v="Name"></g><g v="sing"></g><g v="nomn"></g></l></v></tfr></token><token id="554122" text="Качиньский"><tfr rev_id="1387205" t="Качиньский"><v><l id="0" t="качиньский"><g v="UNKN"></g></l></v></tfr></token><token id="554123" text="и"><tfr rev_id="1387206" t="и"><v><l id="116949" t="и"><g v="CONJ"></g></l></v><v><l id="116950" t="и"><g v="INTJ"></g></l></v></tfr></token><token id="554124" text="его"><tfr rev_id="4515351" t="его"><v><l id="94208" t="его"><g v="ADJF"></g><g v="Fixd"></g><g v="Apro"></g><g v="Anph"></g><g v="femn"></g><g v="sing"></g><g v="nomn"></g></l></v><v><l id="94208" t="его"><g v="ADJF"></g><g v="Fixd"></g><g v="Apro"></g><g v="Anph"></g><g v="femn"></g><g v="sing"></g><g v="gent"></g></l></v><v><l id="94208" t="его"><g v="ADJF"></g><g v="Fixd"></g><g v="Apro"></g><g v="Anph"></g><g v="femn"></g><g v="sing"></g><g v="datv"></g></l></v><v><l id="94208" t="его"><g v="ADJF"></g><g v="Fixd"></g><g v="Apro"></g><g v="Anph"></g><g v="femn"></g><g v="sing"></g><g v="accs"></g></l></v><v><l id="94208" t="его"><g v="ADJF"></g><g v="Fixd"></g><g v="Apro"></g><g v="Anph"></g><g v="femn"></g><g v="sing"></g><g v="ablt"></g></l></v><v><l id="94208" t="его"><g v="ADJF"></g><g v="Fixd"></g><g v="Apro"></g><g v="Anph"></g><g v="femn"></g><g v="sing"></g><g v="loct"></g></l></v></tfr></token><token id="554125" text="супруга"><tfr rev_id="4286787" t="супруга"><v><l id="339819" t="супруга"><g v="NOUN"></g><g v="anim"></g><g v="femn"></g><g v="sing"></g><g v="nomn"></g></l></v></tfr></token><token id="554126" text=","><tfr rev_id="1387209" t=","><v><l id="0" t=","><g v="PNCT"></g></l></v></tfr></token><token id="554127" text="а"><tfr rev_id="1387210" t="а"><v><l id="51" t="а"><g v="CONJ"></g></l></v><v><l id="52" t="а"><g v="INTJ"></g></l></v><v><l id="53" t="а"><g v="PRCL"></g></l></v></tfr></token><token id="554128" text="также"><tfr rev_id="4267640" t="также"><v><l id="342482" t="также"><g v="PRCL"></g></l></v></tfr></token><token id="554129" text="многие"><tfr rev_id="4474714" t="многие"><v><l id="161427" t="многий"><g v="ADJF"></g><g v="Apro"></g><g v="plur"></g><g v="nomn"></g></l></v><v><l id="161427" t="многий"><g v="ADJF"></g><g v="Apro"></g><g v="inan"></g><g v="plur"></g><g v="accs"></g></l></v></tfr></token><token id="554130" text="высокопоставленные"><tfr rev_id="3765608" t="высокопоставленные"><v><l id="62325" t="высокопоставленный"><g v="ADJF"></g><g v="plur"></g><g v="nomn"></g></l></v></tfr></token><token id="554131" text="политики"><tfr rev_id="4282326" t="политики"><v><l id="255852" t="политик"><g v="NOUN"></g><g v="anim"></g><g v="masc"></g><g v="plur"></g><g v="nomn"></g></l></v></tfr></token><token id="554132" text="страны"><tfr rev_id="3439990" t="страны"><v><l id="337100" t="страна"><g v="NOUN"></g><g v="inan"></g><g v="femn"></g><g v="sing"></g><g v="gent"></g></l></v></tfr></token><token id="554133" text="."><tfr rev_id="1387216" t="."><v><l id="0" t="."><g v="PNCT"></g></l></v></tfr></token></tokens></sentence></paragraph><paragraph id="9873"><sentence id="30928"><source>О том, как Польша переживала гибель президента в авиакатастрофе под Смоленском, читайте в статье Частного корреспондента «Катынь ― 2»</source><tokens><token id="554134" text="О"><tfr rev_id="3281935" t="О"><v><l id="192977" t="о"><g v="PREP"></g></l></v></tfr></token><token id="554135" text="том"><tfr rev_id="4310841" t="том"><v><l id="348430" t="тот"><g v="ADJF"></g><g v="Subx"></g><g v="Apro"></g><g v="Anph"></g><g v="neut"></g><g v="sing"></g><g v="loct"></g></l></v></tfr></token><token id="554136" text=","><tfr rev_id="1387219" t=","><v><l id="0" t=","><g v="PNCT"></g></l></v></tfr></token><token id="554137" text="как"><tfr rev_id="1387220" t="как"><v><l id="128190" t="как"><g v="CONJ"></g></l></v><v><l id="128191" t="как"><g v="PRCL"></g></l></v><v><l id="128192" t="как"><g v="ADVB"></g><g v="Ques"></g></l></v></tfr></token><token id="554138" text="Польша"><tfr rev_id="1387221" t="Польша"><v><l id="257111" t="польша"><g v="NOUN"></g><g v="inan"></g><g v="femn"></g><g v="Sgtm"></g><g v="Geox"></g><g v="sing"></g><g v="nomn"></g></l></v></tfr></token><token id="554139" text="переживала"><tfr rev_id="1387222" t="переживала"><v><l id="228687" t="переживаю"><g v="VERB"></g><g v="impf"></g><g v="tran"></g><g v="femn"></g><g v="sing"></g><g v="past"></g><g v="indc"></g></l></v></tfr></token><token id="554140" text="гибель"><tfr rev_id="1387223" t="гибель"><v><l id="69488" t="гибель"><g v="NOUN"></g><g v="inan"></g><g v="femn"></g><g v="sing"></g><g v="nomn"></g></l></v><v><l id="69488" t="гибель"><g v="NOUN"></g><g v="inan"></g><g v="femn"></g><g v="sing"></g><g v="accs"></g></l></v></tfr></token><token id="554141" text="президента"><tfr rev_id="4363830" t="президента"><v><l id="267449" t="президент"><g v="NOUN"></g><g v="anim"></g><g v="masc"></g><g v="sing"></g><g v="gent"></g></l></v></tfr></token><token id="554142" text="в"><tfr rev_id="1387225" t="в"><v><l id="37409" t="в"><g v="PREP"></g></l></v></tfr></token><token id="554143" text="авиакатастрофе"><tfr rev_id="3447081" t="авиакатастрофе"><v><l id="2609" t="авиакатастрофа"><g v="NOUN"></g><g v="inan"></g><g v="femn"></g><g v="sing"></g><g v="loct"></g></l></v></tfr></token><token id="554144" text="под"><tfr rev_id="2603159" t="под"><v><l id="243755" t="под"><g v="PREP"></g></l></v></tfr></token><token id="554145" text="Смоленском"><tfr rev_id="1387228" t="Смоленском"><v><l id="326528" t="смоленск"><g v="NOUN"></g><g v="inan"></g><g v="masc"></g><g v="Geox"></g><g v="sing"></g><g v="ablt"></g></l></v><v><l id="326544" t="смоленский"><g v="ADJF"></g><g v="masc"></g><g v="sing"></g><g v="loct"></g></l></v><v><l id="326544" t="смоленский"><g v="ADJF"></g><g v="neut"></g><g v="sing"></g><g v="loct"></g></l></v></tfr></token><token id="554146" text=","><tfr rev_id="1387229" t=","><v><l id="0" t=","><g v="PNCT"></g></l></v></tfr></token><token id="554147" text="читайте"><tfr rev_id="1387230" t="читайте"><v><l id="376719" t="читаю"><g v="VERB"></g><g v="impf"></g><g v="tran"></g><g v="plur"></g><g v="impr"></g><g v="excl"></g></l></v></tfr></token><token id="554148" text="в"><tfr rev_id="1387231" t="в"><v><l id="37409" t="в"><g v="PREP"></g></l></v></tfr></token><token id="554149" text="статье"><tfr rev_id="3551746" t="статье"><v><l id="335173" t="статья"><g v="NOUN"></g><g v="inan"></g><g v="femn"></g><g v="sing"></g><g v="loct"></g></l></v></tfr></token><token id="554150" text="Частного"><tfr rev_id="4298324" t="Частного"><v><l id="374795" t="частный"><g v="ADJF"></g><g v="Qual"></g><g v="masc"></g><g v="sing"></g><g v="gent"></g></l></v><v><l id="374795" t="частный"><g v="ADJF"></g><g v="Qual"></g><g v="anim"></g><g v="masc"></g><g v="sing"></g><g v="accs"></g></l></v></tfr></token><token id="554151" text="корреспондента"><tfr rev_id="4216575" t="корреспондента"><v><l id="140239" t="корреспондент"><g v="NOUN"></g><g v="anim"></g><g v="masc"></g><g v="sing"></g><g v="gent"></g></l></v></tfr></token><token id="554152" text="«"><tfr rev_id="2441809" t="«"><v><l id="0" t="«"><g v="PNCT"></g></l></v></tfr></token><token id="554153" text="Катынь"><tfr rev_id="1387236" t="Катынь"><v><l id="0" t="катынь"><g v="UNKN"></g></l></v></tfr></token><token id="554154" text="―"><tfr rev_id="2441810" t="―"><v><l id="0" t="―"><g v="PNCT"></g></l></v></tfr></token><token id="554155" text="2"><tfr rev_id="2460949" t="2"><v><l id="0" t="2"><g v="NUMB"></g></l></v></tfr></token><token id="554156" text="»"><tfr rev_id="2441811" t="»"><v><l id="0" t="»"><g v="PNCT"></g></l></v></tfr></token></tokens></sentence></paragraph></paragraphs></text>