<?xml version="1.0" encoding="utf-8"?><text id="1007" parent="226" name="23859 Ищите женщину"><tags><tag>url:http://www.chaskor.ru/news/ishchite_zhenshchinu_23859</tag><tag>Год:2011</tag><tag>Дата:24/06</tag><tag>Тема:ЧасКор:Общество</tag><tag>Тема:ЧасКор:Общество/Государство</tag></tags><paragraphs><paragraph id="9926"><sentence id="31081"><source>Ищите женщину</source><tokens><token id="557104" text="Ищите"><tfr rev_id="1390187" t="Ищите"><v><l id="124299" t="ищу"><g v="VERB"></g><g v="impf"></g><g v="tran"></g><g v="plur"></g><g v="impr"></g><g v="excl"></g></l></v></tfr></token><token id="557105" text="женщину"><tfr rev_id="1390188" t="женщину"><v><l id="96749" t="женщина"><g v="NOUN"></g><g v="anim"></g><g v="femn"></g><g v="sing"></g><g v="accs"></g></l></v></tfr></token></tokens></sentence><sentence id="31082"><source>Президент одобрил предложение назначить спикером Совета Федерации Валентину Матвиенко.</source><tokens><token id="557106" text="Президент"><tfr rev_id="1390189" t="Президент"><v><l id="267449" t="президент"><g v="NOUN"></g><g v="anim"></g><g v="masc"></g><g v="sing"></g><g v="nomn"></g></l></v></tfr></token><token id="557107" text="одобрил"><tfr rev_id="1390190" t="одобрил"><v><l id="203495" t="одобрил"><g v="VERB"></g><g v="perf"></g><g v="tran"></g><g v="masc"></g><g v="sing"></g><g v="past"></g><g v="indc"></g></l></v></tfr></token><token id="557108" text="предложение"><tfr rev_id="4099601" t="предложение"><v><l id="266539" t="предложение"><g v="NOUN"></g><g v="inan"></g><g v="neut"></g><g v="sing"></g><g v="accs"></g></l></v></tfr></token><token id="557109" text="назначить"><tfr rev_id="1390192" t="назначить"><v><l id="170424" t="назначить"><g v="INFN"></g><g v="perf"></g><g v="tran"></g></l></v></tfr></token><token id="557110" text="спикером"><tfr rev_id="1390193" t="спикером"><v><l id="332107" t="спикер"><g v="NOUN"></g><g v="anim"></g><g v="masc"></g><g v="sing"></g><g v="ablt"></g></l></v></tfr></token><token id="557111" text="Совета"><tfr rev_id="1390194" t="Совета"><v><l id="327955" t="совет"><g v="NOUN"></g><g v="inan"></g><g v="masc"></g><g v="sing"></g><g v="gent"></g></l></v></tfr></token><token id="557112" text="Федерации"><tfr rev_id="3507683" t="Федерации"><v><l id="364940" t="федерация"><g v="NOUN"></g><g v="inan"></g><g v="femn"></g><g v="sing"></g><g v="gent"></g></l></v><v><l id="364940" t="федерация"><g v="NOUN"></g><g v="inan"></g><g v="femn"></g><g v="sing"></g><g v="datv"></g></l></v><v><l id="364940" t="федерация"><g v="NOUN"></g><g v="inan"></g><g v="femn"></g><g v="sing"></g><g v="loct"></g></l></v></tfr></token><token id="557113" text="Валентину"><tfr rev_id="4286731" t="Валентину"><v><l id="38124" t="валентина"><g v="NOUN"></g><g v="anim"></g><g v="femn"></g><g v="Name"></g><g v="sing"></g><g v="accs"></g></l></v></tfr></token><token id="557114" text="Матвиенко"><tfr rev_id="4327135" t="Матвиенко"><v><l id="156182" t="матвиенко"><g v="NOUN"></g><g v="anim"></g><g v="ms-f"></g><g v="Fixd"></g><g v="Surn"></g><g v="sing"></g><g v="accs"></g></l></v></tfr></token><token id="557115" text="."><tfr rev_id="1390198" t="."><v><l id="0" t="."><g v="PNCT"></g></l></v></tfr></token></tokens></sentence></paragraph><paragraph id="9927"><sentence id="31083"><source>Дмитрий Медведев поддержал предложение ряда глав регионов о выдвижении губернатора Санкт-Петербурга Валентины Матвиенко на должность спикера Совета Федерации.</source><tokens><token id="557116" text="Дмитрий"><tfr rev_id="3505327" t="Дмитрий"><v><l id="85055" t="дмитрий"><g v="NOUN"></g><g v="anim"></g><g v="masc"></g><g v="Name"></g><g v="sing"></g><g v="nomn"></g></l></v></tfr></token><token id="557117" text="Медведев"><tfr rev_id="1390200" t="Медведев"><v><l id="156959" t="медведев"><g v="NOUN"></g><g v="anim"></g><g v="masc"></g><g v="Sgtm"></g><g v="Surn"></g><g v="sing"></g><g v="nomn"></g></l></v></tfr></token><token id="557118" text="поддержал"><tfr rev_id="1390201" t="поддержал"><v><l id="245396" t="поддержал"><g v="VERB"></g><g v="perf"></g><g v="tran"></g><g v="masc"></g><g v="sing"></g><g v="past"></g><g v="indc"></g></l></v></tfr></token><token id="557119" text="предложение"><tfr rev_id="1390202" t="предложение"><v><l id="266539" t="предложение"><g v="NOUN"></g><g v="inan"></g><g v="neut"></g><g v="sing"></g><g v="nomn"></g></l></v><v><l id="266539" t="предложение"><g v="NOUN"></g><g v="inan"></g><g v="neut"></g><g v="sing"></g><g v="accs"></g></l></v></tfr></token><token id="557120" text="ряда"><tfr rev_id="1390203" t="ряда"><v><l id="311045" t="ряд"><g v="NOUN"></g><g v="inan"></g><g v="masc"></g><g v="sing"></g><g v="gent"></g></l></v></tfr></token><token id="557121" text="глав"><tfr rev_id="4526381" t="глав"><v><l id="70790" t="глава"><g v="NOUN"></g><g v="anim"></g><g v="ms-f"></g><g v="plur"></g><g v="gent"></g></l></v><v><l id="70791" t="глава"><g v="NOUN"></g><g v="inan"></g><g v="femn"></g><g v="plur"></g><g v="gent"></g></l></v></tfr></token><token id="557122" text="регионов"><tfr rev_id="1390205" t="регионов"><v><l id="304808" t="регион"><g v="NOUN"></g><g v="inan"></g><g v="masc"></g><g v="plur"></g><g v="gent"></g></l></v></tfr></token><token id="557123" text="о"><tfr rev_id="3226785" t="о"><v><l id="192977" t="о"><g v="PREP"></g></l></v></tfr></token><token id="557124" text="выдвижении"><tfr rev_id="1390207" t="выдвижении"><v><l id="56984" t="выдвижение"><g v="NOUN"></g><g v="inan"></g><g v="neut"></g><g v="sing"></g><g v="loct"></g></l></v></tfr></token><token id="557125" text="губернатора"><tfr rev_id="3546781" t="губернатора"><v><l id="76396" t="губернатор"><g v="NOUN"></g><g v="anim"></g><g v="masc"></g><g v="sing"></g><g v="gent"></g></l></v></tfr></token><token id="557126" text="Санкт-Петербурга"><tfr rev_id="1390209" t="Санкт-Петербурга"><v><l id="313346" t="санкт-петербург"><g v="NOUN"></g><g v="inan"></g><g v="masc"></g><g v="Geox"></g><g v="sing"></g><g v="gent"></g></l></v></tfr></token><token id="557127" text="Валентины"><tfr rev_id="2628453" t="Валентины"><v><l id="38124" t="валентина"><g v="NOUN"></g><g v="anim"></g><g v="femn"></g><g v="Name"></g><g v="sing"></g><g v="gent"></g></l></v></tfr></token><token id="557128" text="Матвиенко"><tfr rev_id="4327136" t="Матвиенко"><v><l id="156182" t="матвиенко"><g v="NOUN"></g><g v="anim"></g><g v="ms-f"></g><g v="Fixd"></g><g v="Surn"></g><g v="sing"></g><g v="gent"></g></l></v></tfr></token><token id="557129" text="на"><tfr rev_id="3395589" t="на"><v><l id="166264" t="на"><g v="PREP"></g></l></v></tfr></token><token id="557130" text="должность"><tfr rev_id="4105368" t="должность"><v><l id="87973" t="должность"><g v="NOUN"></g><g v="inan"></g><g v="femn"></g><g v="sing"></g><g v="accs"></g></l></v></tfr></token><token id="557131" text="спикера"><tfr rev_id="2931236" t="спикера"><v><l id="332107" t="спикер"><g v="NOUN"></g><g v="anim"></g><g v="masc"></g><g v="sing"></g><g v="gent"></g></l></v></tfr></token><token id="557132" text="Совета"><tfr rev_id="1390215" t="Совета"><v><l id="327955" t="совет"><g v="NOUN"></g><g v="inan"></g><g v="masc"></g><g v="sing"></g><g v="gent"></g></l></v></tfr></token><token id="557133" text="Федерации"><tfr rev_id="4178519" t="Федерации"><v><l id="364940" t="федерация"><g v="NOUN"></g><g v="inan"></g><g v="femn"></g><g v="sing"></g><g v="gent"></g></l></v></tfr></token><token id="557134" text="."><tfr rev_id="1390217" t="."><v><l id="0" t="."><g v="PNCT"></g></l></v></tfr></token></tokens></sentence><sentence id="31084"><source>«Мне нравится эта идея.</source><tokens><token id="557135" text="«"><tfr rev_id="2441921" t="«"><v><l id="0" t="«"><g v="PNCT"></g></l></v></tfr></token><token id="557136" text="Мне"><tfr rev_id="4202148" t="Мне"><v><l id="387317" t="я"><g v="NPRO"></g><g v="1per"></g><g v="sing"></g><g v="datv"></g></l></v></tfr></token><token id="557137" text="нравится"><tfr rev_id="1390220" t="нравится"><v><l id="192499" t="нравлюсь"><g v="VERB"></g><g v="impf"></g><g v="intr"></g><g v="sing"></g><g v="3per"></g><g v="pres"></g><g v="indc"></g></l></v></tfr></token><token id="557138" text="эта"><tfr rev_id="4437185" t="эта"><v><l id="386581" t="этот"><g v="ADJF"></g><g v="Subx"></g><g v="Apro"></g><g v="Anph"></g><g v="femn"></g><g v="sing"></g><g v="nomn"></g></l></v></tfr></token><token id="557139" text="идея"><tfr rev_id="1390222" t="идея"><v><l id="117499" t="идея"><g v="NOUN"></g><g v="inan"></g><g v="femn"></g><g v="sing"></g><g v="nomn"></g></l></v></tfr></token><token id="557140" text="."><tfr rev_id="1390223" t="."><v><l id="0" t="."><g v="PNCT"></g></l></v></tfr></token></tokens></sentence><sentence id="31085"><source>Я считаю, что Валентина Ивановна человек с большим государственным опытом, абсолютно успешный губернатор, который до этого проработал в правительстве РФ на руководящих должностях, человек, который реально болеет за дело и способен работать с отдачей.</source><tokens><token id="557141" text="Я"><tfr rev_id="1390224" t="Я"><v><l id="387317" t="я"><g v="NPRO"></g><g v="1per"></g><g v="sing"></g><g v="nomn"></g></l></v></tfr></token><token id="557142" text="считаю"><tfr rev_id="1390225" t="считаю"><v><l id="341320" t="считаю"><g v="VERB"></g><g v="impf"></g><g v="tran"></g><g v="sing"></g><g v="1per"></g><g v="pres"></g><g v="indc"></g></l></v><v><l id="341329" t="считал"><g v="VERB"></g><g v="perf"></g><g v="tran"></g><g v="sing"></g><g v="1per"></g><g v="futr"></g><g v="indc"></g></l></v></tfr></token><token id="557143" text=","><tfr rev_id="1390226" t=","><v><l id="0" t=","><g v="PNCT"></g></l></v></tfr></token><token id="557144" text="что"><tfr rev_id="3196426" t="что"><v><l id="377004" t="что"><g v="CONJ"></g></l></v><v><l id="377005" t="что"><g v="NPRO"></g><g v="neut"></g><g v="sing"></g><g v="nomn"></g></l></v><v><l id="377005" t="что"><g v="NPRO"></g><g v="neut"></g><g v="sing"></g><g v="accs"></g></l></v><v><l id="377006" t="что"><g v="ADVB"></g><g v="Ques"></g></l></v><v><l id="388695" t="что"><g v="PRCL"></g></l></v></tfr></token><token id="557145" text="Валентина"><tfr rev_id="3948470" t="Валентина"><v><l id="38124" t="валентина"><g v="NOUN"></g><g v="anim"></g><g v="femn"></g><g v="Name"></g><g v="sing"></g><g v="nomn"></g></l></v></tfr></token><token id="557146" text="Ивановна"><tfr rev_id="1390229" t="Ивановна"><v><l id="117011" t="ивановна"><g v="NOUN"></g><g v="anim"></g><g v="femn"></g><g v="Patr"></g><g v="sing"></g><g v="nomn"></g></l></v></tfr></token><token id="557147" text="человек"><tfr rev_id="4100236" t="человек"><v><l id="375073" t="человек"><g v="NOUN"></g><g v="anim"></g><g v="masc"></g><g v="sing"></g><g v="nomn"></g></l></v></tfr></token><token id="557148" text="с"><tfr rev_id="1390231" t="с"><v><l id="311151" t="с"><g v="PREP"></g></l></v></tfr></token><token id="557149" text="большим"><tfr rev_id="4534066" t="большим"><v><l id="32439" t="больший"><g v="ADJF"></g><g v="Qual"></g><g v="masc"></g><g v="sing"></g><g v="ablt"></g></l></v><v><l id="32445" t="большой"><g v="ADJF"></g><g v="Qual"></g><g v="masc"></g><g v="sing"></g><g v="ablt"></g></l></v></tfr></token><token id="557150" text="государственным"><tfr rev_id="4379297" t="государственным"><v><l id="74161" t="государственный"><g v="ADJF"></g><g v="masc"></g><g v="sing"></g><g v="ablt"></g></l></v></tfr></token><token id="557151" text="опытом"><tfr rev_id="1390234" t="опытом"><v><l id="208575" t="опыт"><g v="NOUN"></g><g v="inan"></g><g v="masc"></g><g v="sing"></g><g v="ablt"></g></l></v></tfr></token><token id="557152" text=","><tfr rev_id="1390235" t=","><v><l id="0" t=","><g v="PNCT"></g></l></v></tfr></token><token id="557153" text="абсолютно"><tfr rev_id="1390236" t="абсолютно"><v><l id="1847" t="абсолютно"><g v="ADVB"></g></l></v><v><l id="1850" t="абсолютен"><g v="ADJS"></g><g v="neut"></g><g v="sing"></g></l></v></tfr></token><token id="557154" text="успешный"><tfr rev_id="1390237" t="успешный"><v><l id="360843" t="успешный"><g v="ADJF"></g><g v="Qual"></g><g v="masc"></g><g v="sing"></g><g v="nomn"></g></l></v><v><l id="360843" t="успешный"><g v="ADJF"></g><g v="Qual"></g><g v="inan"></g><g v="masc"></g><g v="sing"></g><g v="accs"></g></l></v></tfr></token><token id="557155" text="губернатор"><tfr rev_id="1390238" t="губернатор"><v><l id="76396" t="губернатор"><g v="NOUN"></g><g v="anim"></g><g v="masc"></g><g v="sing"></g><g v="nomn"></g></l></v></tfr></token><token id="557156" text=","><tfr rev_id="1390239" t=","><v><l id="0" t=","><g v="PNCT"></g></l></v></tfr></token><token id="557157" text="который"><tfr rev_id="4159901" t="который"><v><l id="141203" t="который"><g v="ADJF"></g><g v="Apro"></g><g v="Subx"></g><g v="Anph"></g><g v="masc"></g><g v="sing"></g><g v="nomn"></g></l></v></tfr></token><token id="557158" text="до"><tfr rev_id="1390241" t="до"><v><l id="85153" t="до"><g v="PREP"></g></l></v></tfr></token><token id="557159" text="этого"><tfr rev_id="3310513" t="этого"><v><l id="386575" t="это"><g v="NPRO"></g><g v="neut"></g><g v="sing"></g><g v="gent"></g></l></v></tfr></token><token id="557160" text="проработал"><tfr rev_id="1390243" t="проработал"><v><l id="283528" t="проработал"><g v="VERB"></g><g v="perf"></g><g v="tran"></g><g v="masc"></g><g v="sing"></g><g v="past"></g><g v="indc"></g></l></v></tfr></token><token id="557161" text="в"><tfr rev_id="1390244" t="в"><v><l id="37409" t="в"><g v="PREP"></g></l></v></tfr></token><token id="557162" text="правительстве"><tfr rev_id="1390245" t="правительстве"><v><l id="265638" t="правительство"><g v="NOUN"></g><g v="inan"></g><g v="neut"></g><g v="sing"></g><g v="loct"></g></l></v></tfr></token><token id="557163" text="РФ"><tfr rev_id="3657472" t="РФ"><v><l id="310486" t="рф"><g v="NOUN"></g><g v="inan"></g><g v="femn"></g><g v="Sgtm"></g><g v="Fixd"></g><g v="Abbr"></g><g v="Geox"></g><g v="sing"></g><g v="gent"></g></l></v></tfr></token><token id="557164" text="на"><tfr rev_id="3337477" t="на"><v><l id="166264" t="на"><g v="PREP"></g></l></v></tfr></token><token id="557165" text="руководящих"><tfr rev_id="1390248" t="руководящих"><v><l id="309991" t="руководящий"><g v="PRTF"></g><g v="impf"></g><g v="intr"></g><g v="pres"></g><g v="actv"></g><g v="plur"></g><g v="gent"></g></l></v><v><l id="309991" t="руководящий"><g v="PRTF"></g><g v="impf"></g><g v="intr"></g><g v="pres"></g><g v="actv"></g><g v="anim"></g><g v="plur"></g><g v="accs"></g></l></v><v><l id="309991" t="руководящий"><g v="PRTF"></g><g v="impf"></g><g v="intr"></g><g v="pres"></g><g v="actv"></g><g v="plur"></g><g v="loct"></g></l></v><v><l id="309996" t="руководящий"><g v="PRTF"></g><g v="impf"></g><g v="tran"></g><g v="pres"></g><g v="actv"></g><g v="plur"></g><g v="gent"></g></l></v><v><l id="309996" t="руководящий"><g v="PRTF"></g><g v="impf"></g><g v="tran"></g><g v="pres"></g><g v="actv"></g><g v="anim"></g><g v="plur"></g><g v="accs"></g></l></v><v><l id="309996" t="руководящий"><g v="PRTF"></g><g v="impf"></g><g v="tran"></g><g v="pres"></g><g v="actv"></g><g v="plur"></g><g v="loct"></g></l></v><v><l id="310019" t="руководящий"><g v="ADJF"></g><g v="plur"></g><g v="gent"></g></l></v><v><l id="310019" t="руководящий"><g v="ADJF"></g><g v="anim"></g><g v="plur"></g><g v="accs"></g></l></v><v><l id="310019" t="руководящий"><g v="ADJF"></g><g v="plur"></g><g v="loct"></g></l></v></tfr></token><token id="557166" text="должностях"><tfr rev_id="1390249" t="должностях"><v><l id="87973" t="должность"><g v="NOUN"></g><g v="inan"></g><g v="femn"></g><g v="plur"></g><g v="loct"></g></l></v></tfr></token><token id="557167" text=","><tfr rev_id="1390250" t=","><v><l id="0" t=","><g v="PNCT"></g></l></v></tfr></token><token id="557168" text="человек"><tfr rev_id="3469986" t="человек"><v><l id="375073" t="человек"><g v="NOUN"></g><g v="anim"></g><g v="masc"></g><g v="sing"></g><g v="nomn"></g></l></v></tfr></token><token id="557169" text=","><tfr rev_id="1390252" t=","><v><l id="0" t=","><g v="PNCT"></g></l></v></tfr></token><token id="557170" text="который"><tfr rev_id="3637345" t="который"><v><l id="141203" t="который"><g v="ADJF"></g><g v="Apro"></g><g v="Subx"></g><g v="Anph"></g><g v="masc"></g><g v="sing"></g><g v="nomn"></g></l></v><v><l id="141203" t="который"><g v="ADJF"></g><g v="Apro"></g><g v="Subx"></g><g v="Anph"></g><g v="inan"></g><g v="masc"></g><g v="sing"></g><g v="accs"></g></l></v></tfr></token><token id="557171" text="реально"><tfr rev_id="3880878" t="реально"><v><l id="304456" t="реально"><g v="ADVB"></g></l></v></tfr></token><token id="557172" text="болеет"><tfr rev_id="1390255" t="болеет"><v><l id="32096" t="болею"><g v="VERB"></g><g v="impf"></g><g v="intr"></g><g v="sing"></g><g v="3per"></g><g v="pres"></g><g v="indc"></g></l></v></tfr></token><token id="557173" text="за"><tfr rev_id="1390256" t="за"><v><l id="98043" t="за"><g v="PREP"></g></l></v></tfr></token><token id="557174" text="дело"><tfr rev_id="3555334" t="дело"><v><l id="80628" t="дело"><g v="NOUN"></g><g v="inan"></g><g v="neut"></g><g v="sing"></g><g v="accs"></g></l></v></tfr></token><token id="557175" text="и"><tfr rev_id="1390258" t="и"><v><l id="116949" t="и"><g v="CONJ"></g></l></v><v><l id="116950" t="и"><g v="INTJ"></g></l></v></tfr></token><token id="557176" text="способен"><tfr rev_id="1390259" t="способен"><v><l id="332839" t="способен"><g v="ADJS"></g><g v="Qual"></g><g v="masc"></g><g v="sing"></g></l></v></tfr></token><token id="557177" text="работать"><tfr rev_id="1390260" t="работать"><v><l id="290503" t="работать"><g v="INFN"></g><g v="impf"></g><g v="intr"></g></l></v></tfr></token><token id="557178" text="с"><tfr rev_id="1390261" t="с"><v><l id="311151" t="с"><g v="PREP"></g></l></v></tfr></token><token id="557179" text="отдачей"><tfr rev_id="1390262" t="отдачей"><v><l id="213343" t="отдача"><g v="NOUN"></g><g v="inan"></g><g v="femn"></g><g v="sing"></g><g v="ablt"></g></l></v></tfr></token><token id="557180" text="."><tfr rev_id="1390263" t="."><v><l id="0" t="."><g v="PNCT"></g></l></v></tfr></token></tokens></sentence><sentence id="31086"><source>Наконец, я считаю, что если одно из центральных мест в государственной иерархии займёт женщина, это будет способствовать тому, что наше государство будет более современным и будет лучше развиваться»,</source><tokens><token id="557181" text="Наконец"><tfr rev_id="1390264" t="Наконец"><v><l id="171303" t="наконец"><g v="ADVB"></g></l></v><v><l id="171304" t="наконец"><g v="CONJ"></g><g v="Prnt"></g></l></v></tfr></token><token id="557182" text=","><tfr rev_id="1390265" t=","><v><l id="0" t=","><g v="PNCT"></g></l></v></tfr></token><token id="557183" text="я"><tfr rev_id="1390266" t="я"><v><l id="387317" t="я"><g v="NPRO"></g><g v="1per"></g><g v="sing"></g><g v="nomn"></g></l></v></tfr></token><token id="557184" text="считаю"><tfr rev_id="1390267" t="считаю"><v><l id="341320" t="считаю"><g v="VERB"></g><g v="impf"></g><g v="tran"></g><g v="sing"></g><g v="1per"></g><g v="pres"></g><g v="indc"></g></l></v><v><l id="341329" t="считал"><g v="VERB"></g><g v="perf"></g><g v="tran"></g><g v="sing"></g><g v="1per"></g><g v="futr"></g><g v="indc"></g></l></v></tfr></token><token id="557185" text=","><tfr rev_id="1390268" t=","><v><l id="0" t=","><g v="PNCT"></g></l></v></tfr></token><token id="557186" text="что"><tfr rev_id="3196427" t="что"><v><l id="377004" t="что"><g v="CONJ"></g></l></v><v><l id="377005" t="что"><g v="NPRO"></g><g v="neut"></g><g v="sing"></g><g v="nomn"></g></l></v><v><l id="377005" t="что"><g v="NPRO"></g><g v="neut"></g><g v="sing"></g><g v="accs"></g></l></v><v><l id="377006" t="что"><g v="ADVB"></g><g v="Ques"></g></l></v><v><l id="388695" t="что"><g v="PRCL"></g></l></v></tfr></token><token id="557187" text="если"><tfr rev_id="1390270" t="если"><v><l id="95365" t="если"><g v="CONJ"></g></l></v></tfr></token><token id="557188" text="одно"><tfr rev_id="4303067" t="одно"><v><l id="203319" t="один"><g v="ADJF"></g><g v="Apro"></g><g v="Anum"></g><g v="neut"></g><g v="sing"></g><g v="nomn"></g></l></v><v><l id="203319" t="один"><g v="ADJF"></g><g v="Apro"></g><g v="Anum"></g><g v="neut"></g><g v="sing"></g><g v="accs"></g></l></v></tfr></token><token id="557189" text="из"><tfr rev_id="2603119" t="из"><v><l id="117677" t="из"><g v="PREP"></g></l></v></tfr></token><token id="557190" text="центральных"><tfr rev_id="4360539" t="центральных"><v><l id="373429" t="центральный"><g v="ADJF"></g><g v="plur"></g><g v="gent"></g></l></v></tfr></token><token id="557191" text="мест"><tfr rev_id="1390274" t="мест"><v><l id="158822" t="место"><g v="NOUN"></g><g v="inan"></g><g v="neut"></g><g v="plur"></g><g v="gent"></g></l></v></tfr></token><token id="557192" text="в"><tfr rev_id="1390275" t="в"><v><l id="37409" t="в"><g v="PREP"></g></l></v></tfr></token><token id="557193" text="государственной"><tfr rev_id="4315883" t="государственной"><v><l id="74161" t="государственный"><g v="ADJF"></g><g v="femn"></g><g v="sing"></g><g v="loct"></g></l></v></tfr></token><token id="557194" text="иерархии"><tfr rev_id="4179494" t="иерархии"><v><l id="117616" t="иерархия"><g v="NOUN"></g><g v="inan"></g><g v="femn"></g><g v="sing"></g><g v="loct"></g></l></v></tfr></token><token id="557195" text="займёт"><tfr rev_id="1390278" t="займёт"><v><l id="106583" t="занял"><g v="VERB"></g><g v="perf"></g><g v="tran"></g><g v="sing"></g><g v="3per"></g><g v="futr"></g><g v="indc"></g></l></v></tfr></token><token id="557196" text="женщина"><tfr rev_id="1390279" t="женщина"><v><l id="96749" t="женщина"><g v="NOUN"></g><g v="anim"></g><g v="femn"></g><g v="sing"></g><g v="nomn"></g></l></v></tfr></token><token id="557197" text=","><tfr rev_id="1390280" t=","><v><l id="0" t=","><g v="PNCT"></g></l></v></tfr></token><token id="557198" text="это"><tfr rev_id="4441407" t="это"><v><l id="386574" t="это"><g v="PRCL"></g></l></v><v><l id="386575" t="это"><g v="NPRO"></g><g v="neut"></g><g v="sing"></g><g v="nomn"></g></l></v><v><l id="386575" t="это"><g v="NPRO"></g><g v="neut"></g><g v="sing"></g><g v="accs"></g></l></v><v><l id="386581" t="этот"><g v="ADJF"></g><g v="Subx"></g><g v="Apro"></g><g v="Anph"></g><g v="neut"></g><g v="sing"></g><g v="nomn"></g></l></v><v><l id="386581" t="этот"><g v="ADJF"></g><g v="Subx"></g><g v="Apro"></g><g v="Anph"></g><g v="neut"></g><g v="sing"></g><g v="accs"></g></l></v></tfr></token><token id="557199" text="будет"><tfr rev_id="1390282" t="будет"><v><l id="37265" t="есть"><g v="VERB"></g><g v="impf"></g><g v="intr"></g><g v="sing"></g><g v="3per"></g><g v="futr"></g><g v="indc"></g></l></v></tfr></token><token id="557200" text="способствовать"><tfr rev_id="1390283" t="способствовать"><v><l id="332843" t="способствовать"><g v="INFN"></g><g v="impf"></g><g v="intr"></g></l></v></tfr></token><token id="557201" text="тому"><tfr rev_id="3771984" t="тому"><v><l id="348430" t="тот"><g v="ADJF"></g><g v="Subx"></g><g v="Apro"></g><g v="Anph"></g><g v="masc"></g><g v="sing"></g><g v="datv"></g></l></v><v><l id="348430" t="тот"><g v="ADJF"></g><g v="Subx"></g><g v="Apro"></g><g v="Anph"></g><g v="neut"></g><g v="sing"></g><g v="datv"></g></l></v></tfr></token><token id="557202" text=","><tfr rev_id="1390285" t=","><v><l id="0" t=","><g v="PNCT"></g></l></v></tfr></token><token id="557203" text="что"><tfr rev_id="3196428" t="что"><v><l id="377004" t="что"><g v="CONJ"></g></l></v><v><l id="377005" t="что"><g v="NPRO"></g><g v="neut"></g><g v="sing"></g><g v="nomn"></g></l></v><v><l id="377005" t="что"><g v="NPRO"></g><g v="neut"></g><g v="sing"></g><g v="accs"></g></l></v><v><l id="377006" t="что"><g v="ADVB"></g><g v="Ques"></g></l></v><v><l id="388695" t="что"><g v="PRCL"></g></l></v></tfr></token><token id="557204" text="наше"><tfr rev_id="1390287" t="наше"><v><l id="178492" t="наш"><g v="ADJF"></g><g v="Apro"></g><g v="neut"></g><g v="sing"></g><g v="nomn"></g></l></v><v><l id="178492" t="наш"><g v="ADJF"></g><g v="Apro"></g><g v="neut"></g><g v="sing"></g><g v="accs"></g></l></v></tfr></token><token id="557205" text="государство"><tfr rev_id="1390288" t="государство"><v><l id="74164" t="государство"><g v="NOUN"></g><g v="inan"></g><g v="neut"></g><g v="sing"></g><g v="nomn"></g></l></v><v><l id="74164" t="государство"><g v="NOUN"></g><g v="inan"></g><g v="neut"></g><g v="sing"></g><g v="accs"></g></l></v></tfr></token><token id="557206" text="будет"><tfr rev_id="1390289" t="будет"><v><l id="37265" t="есть"><g v="VERB"></g><g v="impf"></g><g v="intr"></g><g v="sing"></g><g v="3per"></g><g v="futr"></g><g v="indc"></g></l></v></tfr></token><token id="557207" text="более"><tfr rev_id="1390290" t="более"><v><l id="32065" t="более"><g v="ADVB"></g></l></v></tfr></token><token id="557208" text="современным"><tfr rev_id="3668868" t="современным"><v><l id="328217" t="современный"><g v="ADJF"></g><g v="Qual"></g><g v="masc"></g><g v="sing"></g><g v="ablt"></g></l></v><v><l id="328217" t="современный"><g v="ADJF"></g><g v="Qual"></g><g v="neut"></g><g v="sing"></g><g v="ablt"></g></l></v></tfr></token><token id="557209" text="и"><tfr rev_id="3825414" t="и"><v><l id="116949" t="и"><g v="CONJ"></g></l></v></tfr></token><token id="557210" text="будет"><tfr rev_id="1390293" t="будет"><v><l id="37265" t="есть"><g v="VERB"></g><g v="impf"></g><g v="intr"></g><g v="sing"></g><g v="3per"></g><g v="futr"></g><g v="indc"></g></l></v></tfr></token><token id="557211" text="лучше"><tfr rev_id="1390294" t="лучше"><v><l id="151661" t="лучше"><g v="PRCL"></g></l></v><v><l id="371670" t="лучше"><g v="COMP"></g><g v="Qual"></g></l></v></tfr></token><token id="557212" text="развиваться"><tfr rev_id="1390295" t="развиваться"><v><l id="292487" t="развиваться"><g v="INFN"></g><g v="impf"></g><g v="intr"></g></l></v></tfr></token><token id="557213" text="»"><tfr rev_id="2441922" t="»"><v><l id="0" t="»"><g v="PNCT"></g></l></v></tfr></token><token id="557214" text=","><tfr rev_id="1390297" t=","><v><l id="0" t=","><g v="PNCT"></g></l></v></tfr></token></tokens></sentence><sentence id="31087"><source>— цитирует NEWSru.com главу государства.</source><tokens><token id="557215" text="—"><tfr rev_id="2441923" t="—"><v><l id="0" t="—"><g v="PNCT"></g></l></v></tfr></token><token id="557216" text="цитирует"><tfr rev_id="1390299" t="цитирует"><v><l id="374102" t="цитирую"><g v="VERB"></g><g v="impf"></g><g v="tran"></g><g v="sing"></g><g v="3per"></g><g v="pres"></g><g v="indc"></g></l></v></tfr></token><token id="557217" text="NEWSru.com"><tfr rev_id="2473996" t="NEWSru.com"><v><l id="0" t="NEWSru.com"><g v="LATN"></g></l></v></tfr></token><token id="557218" text="главу"><tfr rev_id="4526428" t="главу"><v><l id="70790" t="глава"><g v="NOUN"></g><g v="anim"></g><g v="ms-f"></g><g v="sing"></g><g v="accs"></g></l></v></tfr></token><token id="557219" text="государства"><tfr rev_id="3448009" t="государства"><v><l id="74164" t="государство"><g v="NOUN"></g><g v="inan"></g><g v="neut"></g><g v="sing"></g><g v="gent"></g></l></v></tfr></token><token id="557220" text="."><tfr rev_id="1390303" t="."><v><l id="0" t="."><g v="PNCT"></g></l></v></tfr></token></tokens></sentence></paragraph><paragraph id="9928"><sentence id="31088"><source>Напомним, место спикера Совета Федерации освободилось после досрочной отставки Сергея Миронова, инициированной петербургскими единороссами.</source><tokens><token id="557221" text="Напомним"><tfr rev_id="1390304" t="Напомним"><v><l id="173892" t="напомнил"><g v="VERB"></g><g v="perf"></g><g v="tran"></g><g v="plur"></g><g v="1per"></g><g v="futr"></g><g v="indc"></g></l></v><v><l id="173892" t="напомнил"><g v="VERB"></g><g v="perf"></g><g v="tran"></g><g v="sing"></g><g v="impr"></g><g v="incl"></g></l></v></tfr></token><token id="557222" text=","><tfr rev_id="1390305" t=","><v><l id="0" t=","><g v="PNCT"></g></l></v></tfr></token><token id="557223" text="место"><tfr rev_id="4099239" t="место"><v><l id="158822" t="место"><g v="NOUN"></g><g v="inan"></g><g v="neut"></g><g v="sing"></g><g v="nomn"></g></l></v></tfr></token><token id="557224" text="спикера"><tfr rev_id="2826835" t="спикера"><v><l id="332107" t="спикер"><g v="NOUN"></g><g v="anim"></g><g v="masc"></g><g v="sing"></g><g v="gent"></g></l></v></tfr></token><token id="557225" text="Совета"><tfr rev_id="1390308" t="Совета"><v><l id="327955" t="совет"><g v="NOUN"></g><g v="inan"></g><g v="masc"></g><g v="sing"></g><g v="gent"></g></l></v></tfr></token><token id="557226" text="Федерации"><tfr rev_id="4270013" t="Федерации"><v><l id="364940" t="федерация"><g v="NOUN"></g><g v="inan"></g><g v="femn"></g><g v="sing"></g><g v="gent"></g></l></v></tfr></token><token id="557227" text="освободилось"><tfr rev_id="1390310" t="освободилось"><v><l id="209701" t="освободился"><g v="VERB"></g><g v="perf"></g><g v="intr"></g><g v="neut"></g><g v="sing"></g><g v="past"></g><g v="indc"></g></l></v></tfr></token><token id="557228" text="после"><tfr rev_id="4406020" t="после"><v><l id="261542" t="после"><g v="PREP"></g></l></v></tfr></token><token id="557229" text="досрочной"><tfr rev_id="4315173" t="досрочной"><v><l id="90409" t="досрочный"><g v="ADJF"></g><g v="Qual"></g><g v="femn"></g><g v="sing"></g><g v="gent"></g></l></v></tfr></token><token id="557230" text="отставки"><tfr rev_id="3483650" t="отставки"><v><l id="218332" t="отставка"><g v="NOUN"></g><g v="inan"></g><g v="femn"></g><g v="sing"></g><g v="gent"></g></l></v></tfr></token><token id="557231" text="Сергея"><tfr rev_id="4363876" t="Сергея"><v><l id="319056" t="сергей"><g v="NOUN"></g><g v="anim"></g><g v="masc"></g><g v="Name"></g><g v="sing"></g><g v="gent"></g></l></v></tfr></token><token id="557232" text="Миронова"><tfr rev_id="4426167" t="Миронова"><v><l id="160926" t="миронов"><g v="NOUN"></g><g v="anim"></g><g v="masc"></g><g v="Sgtm"></g><g v="Surn"></g><g v="sing"></g><g v="gent"></g></l></v></tfr></token><token id="557233" text=","><tfr rev_id="1390316" t=","><v><l id="0" t=","><g v="PNCT"></g></l></v></tfr></token><token id="557234" text="инициированной"><tfr rev_id="4342102" t="инициированной"><v><l id="122515" t="инициированный"><g v="PRTF"></g><g v="perf"></g><g v="tran"></g><g v="past"></g><g v="pssv"></g><g v="femn"></g><g v="sing"></g><g v="gent"></g></l></v><v><l id="122516" t="инициированный"><g v="PRTF"></g><g v="impf"></g><g v="tran"></g><g v="past"></g><g v="pssv"></g><g v="femn"></g><g v="sing"></g><g v="gent"></g></l></v></tfr></token><token id="557235" text="петербургскими"><tfr rev_id="1390318" t="петербургскими"><v><l id="237889" t="петербургский"><g v="ADJF"></g><g v="Geox"></g><g v="plur"></g><g v="ablt"></g></l></v></tfr></token><token id="557236" text="единороссами"><tfr rev_id="3418799" t="единороссами"><v><l id="388788" t="единоросс"><g v="NOUN"></g><g v="anim"></g><g v="masc"></g><g v="plur"></g><g v="ablt"></g></l></v></tfr></token><token id="557237" text="."><tfr rev_id="1390320" t="."><v><l id="0" t="."><g v="PNCT"></g></l></v></tfr></token></tokens></sentence><sentence id="31089"><source>Валентина Матвиенко тогда посчитала его отставку закономерной, поскольку один человек, по её словам, не может совмещать должность государственного деятеля и функции лидера оппозиционной партии.</source><tokens><token id="557238" text="Валентина"><tfr rev_id="3859784" t="Валентина"><v><l id="38124" t="валентина"><g v="NOUN"></g><g v="anim"></g><g v="femn"></g><g v="Name"></g><g v="sing"></g><g v="nomn"></g></l></v></tfr></token><token id="557239" text="Матвиенко"><tfr rev_id="4327137" t="Матвиенко"><v><l id="156182" t="матвиенко"><g v="NOUN"></g><g v="anim"></g><g v="ms-f"></g><g v="Fixd"></g><g v="Surn"></g><g v="sing"></g><g v="nomn"></g></l></v></tfr></token><token id="557240" text="тогда"><tfr rev_id="1390323" t="тогда"><v><l id="346921" t="тогда"><g v="ADVB"></g><g v="Dmns"></g></l></v></tfr></token><token id="557241" text="посчитала"><tfr rev_id="1390324" t="посчитала"><v><l id="262767" t="посчитал"><g v="VERB"></g><g v="perf"></g><g v="tran"></g><g v="femn"></g><g v="sing"></g><g v="past"></g><g v="indc"></g></l></v></tfr></token><token id="557242" text="его"><tfr rev_id="4457390" t="его"><v><l id="94208" t="его"><g v="ADJF"></g><g v="Fixd"></g><g v="Apro"></g><g v="Anph"></g><g v="femn"></g><g v="sing"></g><g v="nomn"></g></l></v><v><l id="94208" t="его"><g v="ADJF"></g><g v="Fixd"></g><g v="Apro"></g><g v="Anph"></g><g v="femn"></g><g v="sing"></g><g v="gent"></g></l></v><v><l id="94208" t="его"><g v="ADJF"></g><g v="Fixd"></g><g v="Apro"></g><g v="Anph"></g><g v="femn"></g><g v="sing"></g><g v="datv"></g></l></v><v><l id="94208" t="его"><g v="ADJF"></g><g v="Fixd"></g><g v="Apro"></g><g v="Anph"></g><g v="femn"></g><g v="sing"></g><g v="accs"></g></l></v><v><l id="94208" t="его"><g v="ADJF"></g><g v="Fixd"></g><g v="Apro"></g><g v="Anph"></g><g v="femn"></g><g v="sing"></g><g v="ablt"></g></l></v><v><l id="94208" t="его"><g v="ADJF"></g><g v="Fixd"></g><g v="Apro"></g><g v="Anph"></g><g v="femn"></g><g v="sing"></g><g v="loct"></g></l></v></tfr></token><token id="557243" text="отставку"><tfr rev_id="1390326" t="отставку"><v><l id="218332" t="отставка"><g v="NOUN"></g><g v="inan"></g><g v="femn"></g><g v="sing"></g><g v="accs"></g></l></v></tfr></token><token id="557244" text="закономерной"><tfr rev_id="4167494" t="закономерной"><v><l id="103727" t="закономерный"><g v="ADJF"></g><g v="femn"></g><g v="sing"></g><g v="ablt"></g></l></v></tfr></token><token id="557245" text=","><tfr rev_id="1390328" t=","><v><l id="0" t=","><g v="PNCT"></g></l></v></tfr></token><token id="557246" text="поскольку"><tfr rev_id="1390329" t="поскольку"><v><l id="261429" t="поскольку"><g v="CONJ"></g></l></v></tfr></token><token id="557247" text="один"><tfr rev_id="4299627" t="один"><v><l id="203319" t="один"><g v="ADJF"></g><g v="Apro"></g><g v="Anum"></g><g v="masc"></g><g v="sing"></g><g v="nomn"></g></l></v><v><l id="203319" t="один"><g v="ADJF"></g><g v="Apro"></g><g v="Anum"></g><g v="inan"></g><g v="masc"></g><g v="sing"></g><g v="accs"></g></l></v></tfr></token><token id="557248" text="человек"><tfr rev_id="3485335" t="человек"><v><l id="375073" t="человек"><g v="NOUN"></g><g v="anim"></g><g v="masc"></g><g v="sing"></g><g v="nomn"></g></l></v></tfr></token><token id="557249" text=","><tfr rev_id="1390332" t=","><v><l id="0" t=","><g v="PNCT"></g></l></v></tfr></token><token id="557250" text="по"><tfr rev_id="1390333" t="по"><v><l id="241240" t="по"><g v="PREP"></g></l></v></tfr></token><token id="557251" text="её"><tfr rev_id="4572578" t="её"><v><l id="94433" t="её"><g v="ADJF"></g><g v="Fixd"></g><g v="Apro"></g><g v="Anph"></g><g v="masc"></g><g v="sing"></g><g v="nomn"></g></l></v><v><l id="94433" t="её"><g v="ADJF"></g><g v="Fixd"></g><g v="Apro"></g><g v="Anph"></g><g v="masc"></g><g v="sing"></g><g v="gent"></g></l></v><v><l id="94433" t="её"><g v="ADJF"></g><g v="Fixd"></g><g v="Apro"></g><g v="Anph"></g><g v="masc"></g><g v="sing"></g><g v="datv"></g></l></v><v><l id="94433" t="её"><g v="ADJF"></g><g v="Fixd"></g><g v="Apro"></g><g v="Anph"></g><g v="masc"></g><g v="sing"></g><g v="accs"></g></l></v><v><l id="94433" t="её"><g v="ADJF"></g><g v="Fixd"></g><g v="Apro"></g><g v="Anph"></g><g v="masc"></g><g v="sing"></g><g v="ablt"></g></l></v><v><l id="94433" t="её"><g v="ADJF"></g><g v="Fixd"></g><g v="Apro"></g><g v="Anph"></g><g v="masc"></g><g v="sing"></g><g v="loct"></g></l></v><v><l id="94433" t="её"><g v="ADJF"></g><g v="Fixd"></g><g v="Apro"></g><g v="Anph"></g><g v="femn"></g><g v="sing"></g><g v="nomn"></g></l></v><v><l id="94433" t="её"><g v="ADJF"></g><g v="Fixd"></g><g v="Apro"></g><g v="Anph"></g><g v="femn"></g><g v="sing"></g><g v="gent"></g></l></v><v><l id="94433" t="её"><g v="ADJF"></g><g v="Fixd"></g><g v="Apro"></g><g v="Anph"></g><g v="femn"></g><g v="sing"></g><g v="datv"></g></l></v><v><l id="94433" t="её"><g v="ADJF"></g><g v="Fixd"></g><g v="Apro"></g><g v="Anph"></g><g v="femn"></g><g v="sing"></g><g v="accs"></g></l></v><v><l id="94433" t="её"><g v="ADJF"></g><g v="Fixd"></g><g v="Apro"></g><g v="Anph"></g><g v="femn"></g><g v="sing"></g><g v="ablt"></g></l></v><v><l id="94433" t="её"><g v="ADJF"></g><g v="Fixd"></g><g v="Apro"></g><g v="Anph"></g><g v="femn"></g><g v="sing"></g><g v="loct"></g></l></v><v><l id="94433" t="её"><g v="ADJF"></g><g v="Fixd"></g><g v="Apro"></g><g v="Anph"></g><g v="neut"></g><g v="sing"></g><g v="nomn"></g></l></v><v><l id="94433" t="её"><g v="ADJF"></g><g v="Fixd"></g><g v="Apro"></g><g v="Anph"></g><g v="neut"></g><g v="sing"></g><g v="gent"></g></l></v><v><l id="94433" t="её"><g v="ADJF"></g><g v="Fixd"></g><g v="Apro"></g><g v="Anph"></g><g v="neut"></g><g v="sing"></g><g v="datv"></g></l></v><v><l id="94433" t="её"><g v="ADJF"></g><g v="Fixd"></g><g v="Apro"></g><g v="Anph"></g><g v="neut"></g><g v="sing"></g><g v="accs"></g></l></v><v><l id="94433" t="её"><g v="ADJF"></g><g v="Fixd"></g><g v="Apro"></g><g v="Anph"></g><g v="neut"></g><g v="sing"></g><g v="ablt"></g></l></v><v><l id="94433" t="её"><g v="ADJF"></g><g v="Fixd"></g><g v="Apro"></g><g v="Anph"></g><g v="neut"></g><g v="sing"></g><g v="loct"></g></l></v><v><l id="94433" t="её"><g v="ADJF"></g><g v="Fixd"></g><g v="Apro"></g><g v="Anph"></g><g v="plur"></g><g v="nomn"></g></l></v><v><l id="94433" t="её"><g v="ADJF"></g><g v="Fixd"></g><g v="Apro"></g><g v="Anph"></g><g v="plur"></g><g v="gent"></g></l></v><v><l id="94433" t="её"><g v="ADJF"></g><g v="Fixd"></g><g v="Apro"></g><g v="Anph"></g><g v="plur"></g><g v="datv"></g></l></v><v><l id="94433" t="её"><g v="ADJF"></g><g v="Fixd"></g><g v="Apro"></g><g v="Anph"></g><g v="plur"></g><g v="accs"></g></l></v><v><l id="94433" t="её"><g v="ADJF"></g><g v="Fixd"></g><g v="Apro"></g><g v="Anph"></g><g v="plur"></g><g v="ablt"></g></l></v><v><l id="94433" t="её"><g v="ADJF"></g><g v="Fixd"></g><g v="Apro"></g><g v="Anph"></g><g v="plur"></g><g v="loct"></g></l></v></tfr></token><token id="557252" text="словам"><tfr rev_id="1390335" t="словам"><v><l id="325168" t="слово"><g v="NOUN"></g><g v="inan"></g><g v="neut"></g><g v="plur"></g><g v="datv"></g></l></v></tfr></token><token id="557253" text=","><tfr rev_id="1390336" t=","><v><l id="0" t=","><g v="PNCT"></g></l></v></tfr></token><token id="557254" text="не"><tfr rev_id="1390337" t="не"><v><l id="178876" t="не"><g v="PRCL"></g></l></v></tfr></token><token id="557255" text="может"><tfr rev_id="4232074" t="может"><v><l id="164485" t="могу"><g v="VERB"></g><g v="impf"></g><g v="intr"></g><g v="sing"></g><g v="3per"></g><g v="pres"></g><g v="indc"></g></l></v></tfr></token><token id="557256" text="совмещать"><tfr rev_id="1390339" t="совмещать"><v><l id="328119" t="совмещать"><g v="INFN"></g><g v="impf"></g><g v="tran"></g></l></v></tfr></token><token id="557257" text="должность"><tfr rev_id="3555865" t="должность"><v><l id="87973" t="должность"><g v="NOUN"></g><g v="inan"></g><g v="femn"></g><g v="sing"></g><g v="accs"></g></l></v></tfr></token><token id="557258" text="государственного"><tfr rev_id="3530932" t="государственного"><v><l id="74161" t="государственный"><g v="ADJF"></g><g v="masc"></g><g v="sing"></g><g v="gent"></g></l></v><v><l id="74161" t="государственный"><g v="ADJF"></g><g v="anim"></g><g v="masc"></g><g v="sing"></g><g v="accs"></g></l></v></tfr></token><token id="557259" text="деятеля"><tfr rev_id="3676099" t="деятеля"><v><l id="82509" t="деятель"><g v="NOUN"></g><g v="anim"></g><g v="masc"></g><g v="sing"></g><g v="gent"></g></l></v></tfr></token><token id="557260" text="и"><tfr rev_id="4093968" t="и"><v><l id="116949" t="и"><g v="CONJ"></g></l></v></tfr></token><token id="557261" text="функции"><tfr rev_id="3793005" t="функции"><v><l id="368676" t="функция"><g v="NOUN"></g><g v="inan"></g><g v="femn"></g><g v="plur"></g><g v="accs"></g></l></v></tfr></token><token id="557262" text="лидера"><tfr rev_id="4215089" t="лидера"><v><l id="149007" t="лидер"><g v="NOUN"></g><g v="anim"></g><g v="masc"></g><g v="sing"></g><g v="gent"></g></l></v></tfr></token><token id="557263" text="оппозиционной"><tfr rev_id="2637311" t="оппозиционной"><v><l id="207892" t="оппозиционный"><g v="ADJF"></g><g v="femn"></g><g v="sing"></g><g v="gent"></g></l></v></tfr></token><token id="557264" text="партии"><tfr rev_id="4288094" t="партии"><v><l id="224431" t="партия"><g v="NOUN"></g><g v="inan"></g><g v="femn"></g><g v="sing"></g><g v="gent"></g></l></v></tfr></token><token id="557265" text="."><tfr rev_id="1390348" t="."><v><l id="0" t="."><g v="PNCT"></g></l></v></tfr></token></tokens></sentence></paragraph><paragraph id="9929"><sentence id="31090"><source>О некоторых законодательных инициативах спикера Совета Федерации читайте в статье Частного корреспондента «На те же грабли»</source><tokens><token id="557266" text="О"><tfr rev_id="1390349" t="О"><v><l id="192977" t="о"><g v="PREP"></g></l></v><v><l id="192978" t="о"><g v="INTJ"></g></l></v></tfr></token><token id="557267" text="некоторых"><tfr rev_id="4474766" t="некоторых"><v><l id="183542" t="некоторый"><g v="ADJF"></g><g v="Apro"></g><g v="plur"></g><g v="gent"></g></l></v><v><l id="183542" t="некоторый"><g v="ADJF"></g><g v="Apro"></g><g v="anim"></g><g v="plur"></g><g v="accs"></g></l></v><v><l id="183542" t="некоторый"><g v="ADJF"></g><g v="Apro"></g><g v="plur"></g><g v="loct"></g></l></v></tfr></token><token id="557268" text="законодательных"><tfr rev_id="3824172" t="законодательных"><v><l id="103716" t="законодательный"><g v="ADJF"></g><g v="plur"></g><g v="loct"></g></l></v></tfr></token><token id="557269" text="инициативах"><tfr rev_id="1390352" t="инициативах"><v><l id="122496" t="инициатива"><g v="NOUN"></g><g v="inan"></g><g v="femn"></g><g v="plur"></g><g v="loct"></g></l></v></tfr></token><token id="557270" text="спикера"><tfr rev_id="3542899" t="спикера"><v><l id="332107" t="спикер"><g v="NOUN"></g><g v="anim"></g><g v="masc"></g><g v="sing"></g><g v="gent"></g></l></v></tfr></token><token id="557271" text="Совета"><tfr rev_id="1390354" t="Совета"><v><l id="327955" t="совет"><g v="NOUN"></g><g v="inan"></g><g v="masc"></g><g v="sing"></g><g v="gent"></g></l></v></tfr></token><token id="557272" text="Федерации"><tfr rev_id="3553520" t="Федерации"><v><l id="364940" t="федерация"><g v="NOUN"></g><g v="inan"></g><g v="femn"></g><g v="sing"></g><g v="gent"></g></l></v></tfr></token><token id="557273" text="читайте"><tfr rev_id="1390356" t="читайте"><v><l id="376719" t="читаю"><g v="VERB"></g><g v="impf"></g><g v="tran"></g><g v="plur"></g><g v="impr"></g><g v="excl"></g></l></v></tfr></token><token id="557274" text="в"><tfr rev_id="1390357" t="в"><v><l id="37409" t="в"><g v="PREP"></g></l></v></tfr></token><token id="557275" text="статье"><tfr rev_id="3447556" t="статье"><v><l id="335173" t="статья"><g v="NOUN"></g><g v="inan"></g><g v="femn"></g><g v="sing"></g><g v="loct"></g></l></v></tfr></token><token id="557276" text="Частного"><tfr rev_id="4311102" t="Частного"><v><l id="374795" t="частный"><g v="ADJF"></g><g v="Qual"></g><g v="masc"></g><g v="sing"></g><g v="gent"></g></l></v><v><l id="374795" t="частный"><g v="ADJF"></g><g v="Qual"></g><g v="anim"></g><g v="masc"></g><g v="sing"></g><g v="accs"></g></l></v></tfr></token><token id="557277" text="корреспондента"><tfr rev_id="4386202" t="корреспондента"><v><l id="140239" t="корреспондент"><g v="NOUN"></g><g v="anim"></g><g v="masc"></g><g v="sing"></g><g v="gent"></g></l></v></tfr></token><token id="557278" text="«"><tfr rev_id="2441924" t="«"><v><l id="0" t="«"><g v="PNCT"></g></l></v></tfr></token><token id="557279" text="На"><tfr rev_id="3344186" t="На"><v><l id="166264" t="на"><g v="PREP"></g></l></v></tfr></token><token id="557280" text="те"><tfr rev_id="3780008" t="те"><v><l id="348430" t="тот"><g v="ADJF"></g><g v="Subx"></g><g v="Apro"></g><g v="Anph"></g><g v="inan"></g><g v="plur"></g><g v="accs"></g></l></v></tfr></token><token id="557281" text="же"><tfr rev_id="1390364" t="же"><v><l id="96208" t="же"><g v="CONJ"></g></l></v><v><l id="96209" t="же"><g v="PRCL"></g></l></v></tfr></token><token id="557282" text="грабли"><tfr rev_id="3727417" t="грабли"><v><l id="74374" t="грабли"><g v="NOUN"></g><g v="inan"></g><g v="GNdr"></g><g v="Pltm"></g><g v="plur"></g><g v="accs"></g></l></v></tfr></token><token id="557283" text="»"><tfr rev_id="2441925" t="»"><v><l id="0" t="»"><g v="PNCT"></g></l></v></tfr></token></tokens></sentence></paragraph></paragraphs></text>