<?xml version="1.0" encoding="utf-8"?><text id="1009" parent="226" name="22244 «Закритичная ситуация»"><tags><tag>url:http://www.chaskor.ru/news/zakritichnaya_situatsiya_22244</tag><tag>Год:2011</tag><tag>Дата:15/02</tag><tag>Тема:ЧасКор:Общество</tag><tag>Тема:ЧасКор:Общество/Государство</tag></tags><paragraphs><paragraph id="9935"><sentence id="31106"><source>«Закритичная ситуация»</source><tokens><token id="557610" text="«"><tfr rev_id="2441934" t="«"><v><l id="0" t="«"><g v="PNCT"></g></l></v></tfr></token><token id="557611" text="Закритичная"><tfr rev_id="1390694" t="Закритичная"><v><l id="0" t="закритичная"><g v="UNKN"></g></l></v></tfr></token><token id="557612" text="ситуация"><tfr rev_id="1390695" t="ситуация"><v><l id="321441" t="ситуация"><g v="NOUN"></g><g v="inan"></g><g v="femn"></g><g v="sing"></g><g v="nomn"></g></l></v></tfr></token><token id="557613" text="»"><tfr rev_id="2441935" t="»"><v><l id="0" t="»"><g v="PNCT"></g></l></v></tfr></token></tokens></sentence><sentence id="31107"><source>Президент пригрозил губернаторам регионов с моногородами увольнением.</source><tokens><token id="557614" text="Президент"><tfr rev_id="1390697" t="Президент"><v><l id="267449" t="президент"><g v="NOUN"></g><g v="anim"></g><g v="masc"></g><g v="sing"></g><g v="nomn"></g></l></v></tfr></token><token id="557615" text="пригрозил"><tfr rev_id="1390698" t="пригрозил"><v><l id="270044" t="пригрозил"><g v="VERB"></g><g v="perf"></g><g v="intr"></g><g v="masc"></g><g v="sing"></g><g v="past"></g><g v="indc"></g></l></v></tfr></token><token id="557616" text="губернаторам"><tfr rev_id="1390699" t="губернаторам"><v><l id="76396" t="губернатор"><g v="NOUN"></g><g v="anim"></g><g v="masc"></g><g v="plur"></g><g v="datv"></g></l></v></tfr></token><token id="557617" text="регионов"><tfr rev_id="1390700" t="регионов"><v><l id="304808" t="регион"><g v="NOUN"></g><g v="inan"></g><g v="masc"></g><g v="plur"></g><g v="gent"></g></l></v></tfr></token><token id="557618" text="с"><tfr rev_id="1390701" t="с"><v><l id="311151" t="с"><g v="PREP"></g></l></v></tfr></token><token id="557619" text="моногородами"><tfr rev_id="3816640" t="моногородами"><v><l id="390142" t="моногород"><g v="NOUN"></g><g v="inan"></g><g v="masc"></g><g v="plur"></g><g v="ablt"></g></l></v></tfr></token><token id="557620" text="увольнением"><tfr rev_id="1390703" t="увольнением"><v><l id="353838" t="увольнение"><g v="NOUN"></g><g v="inan"></g><g v="neut"></g><g v="sing"></g><g v="ablt"></g></l></v></tfr></token><token id="557621" text="."><tfr rev_id="1390704" t="."><v><l id="0" t="."><g v="PNCT"></g></l></v></tfr></token></tokens></sentence></paragraph><paragraph id="9936"><sentence id="31108"><source>Дмитрий Медведев резко раскритиковал глав регионов за отсутствие планов по инвестиционному развитию моногородов и созданию новых рабочих мест.</source><tokens><token id="557622" text="Дмитрий"><tfr rev_id="3441347" t="Дмитрий"><v><l id="85055" t="дмитрий"><g v="NOUN"></g><g v="anim"></g><g v="masc"></g><g v="Name"></g><g v="sing"></g><g v="nomn"></g></l></v></tfr></token><token id="557623" text="Медведев"><tfr rev_id="1390706" t="Медведев"><v><l id="156959" t="медведев"><g v="NOUN"></g><g v="anim"></g><g v="masc"></g><g v="Sgtm"></g><g v="Surn"></g><g v="sing"></g><g v="nomn"></g></l></v></tfr></token><token id="557624" text="резко"><tfr rev_id="1390707" t="резко"><v><l id="305327" t="резок"><g v="ADJS"></g><g v="Qual"></g><g v="neut"></g><g v="sing"></g></l></v><v><l id="305329" t="резко"><g v="ADVB"></g></l></v></tfr></token><token id="557625" text="раскритиковал"><tfr rev_id="1390708" t="раскритиковал"><v><l id="298988" t="раскритиковал"><g v="VERB"></g><g v="perf"></g><g v="tran"></g><g v="masc"></g><g v="sing"></g><g v="past"></g><g v="indc"></g></l></v></tfr></token><token id="557626" text="глав"><tfr rev_id="4526382" t="глав"><v><l id="70790" t="глава"><g v="NOUN"></g><g v="anim"></g><g v="ms-f"></g><g v="plur"></g><g v="accs"></g></l></v></tfr></token><token id="557627" text="регионов"><tfr rev_id="1390710" t="регионов"><v><l id="304808" t="регион"><g v="NOUN"></g><g v="inan"></g><g v="masc"></g><g v="plur"></g><g v="gent"></g></l></v></tfr></token><token id="557628" text="за"><tfr rev_id="1390711" t="за"><v><l id="98043" t="за"><g v="PREP"></g></l></v></tfr></token><token id="557629" text="отсутствие"><tfr rev_id="4108136" t="отсутствие"><v><l id="218692" t="отсутствие"><g v="NOUN"></g><g v="inan"></g><g v="neut"></g><g v="sing"></g><g v="accs"></g></l></v></tfr></token><token id="557630" text="планов"><tfr rev_id="1390713" t="планов"><v><l id="239677" t="план"><g v="NOUN"></g><g v="inan"></g><g v="masc"></g><g v="plur"></g><g v="gent"></g></l></v></tfr></token><token id="557631" text="по"><tfr rev_id="1390714" t="по"><v><l id="241240" t="по"><g v="PREP"></g></l></v></tfr></token><token id="557632" text="инвестиционному"><tfr rev_id="3449167" t="инвестиционному"><v><l id="122086" t="инвестиционный"><g v="ADJF"></g><g v="neut"></g><g v="sing"></g><g v="datv"></g></l></v></tfr></token><token id="557633" text="развитию"><tfr rev_id="1390716" t="развитию"><v><l id="292545" t="развитие"><g v="NOUN"></g><g v="inan"></g><g v="neut"></g><g v="sing"></g><g v="datv"></g></l></v></tfr></token><token id="557634" text="моногородов"><tfr rev_id="3816639" t="моногородов"><v><l id="390142" t="моногород"><g v="NOUN"></g><g v="inan"></g><g v="masc"></g><g v="plur"></g><g v="gent"></g></l></v></tfr></token><token id="557635" text="и"><tfr rev_id="1390718" t="и"><v><l id="116949" t="и"><g v="CONJ"></g></l></v><v><l id="116950" t="и"><g v="INTJ"></g></l></v></tfr></token><token id="557636" text="созданию"><tfr rev_id="4571743" t="созданию"><v><l id="328580" t="создание"><g v="NOUN"></g><g v="inan"></g><g v="neut"></g><g v="Inmx"></g><g v="sing"></g><g v="datv"></g></l></v></tfr></token><token id="557637" text="новых"><tfr rev_id="4407539" t="новых"><v><l id="191918" t="новый"><g v="ADJF"></g><g v="Qual"></g><g v="plur"></g><g v="gent"></g></l></v></tfr></token><token id="557638" text="рабочих"><tfr rev_id="4494531" t="рабочих"><v><l id="290534" t="рабочий"><g v="ADJF"></g><g v="plur"></g><g v="gent"></g></l></v></tfr></token><token id="557639" text="мест"><tfr rev_id="1390722" t="мест"><v><l id="158822" t="место"><g v="NOUN"></g><g v="inan"></g><g v="neut"></g><g v="plur"></g><g v="gent"></g></l></v></tfr></token><token id="557640" text="."><tfr rev_id="1390723" t="."><v><l id="0" t="."><g v="PNCT"></g></l></v></tfr></token></tokens></sentence><sentence id="31109"><source>«Хотел бы прямо сказать нашим руководителям регионов: продолжение ими своей работы в должности губернаторов будет напрямую связано с успехом работы по совершенствованию рынка труда в моногородах.</source><tokens><token id="557641" text="«"><tfr rev_id="2441936" t="«"><v><l id="0" t="«"><g v="PNCT"></g></l></v></tfr></token><token id="557642" text="Хотел"><tfr rev_id="1390725" t="Хотел"><v><l id="371713" t="хочу"><g v="VERB"></g><g v="impf"></g><g v="tran"></g><g v="masc"></g><g v="sing"></g><g v="past"></g><g v="indc"></g></l></v></tfr></token><token id="557643" text="бы"><tfr rev_id="1390726" t="бы"><v><l id="36985" t="бы"><g v="PRCL"></g></l></v></tfr></token><token id="557644" text="прямо"><tfr rev_id="1390727" t="прямо"><v><l id="288257" t="прямо"><g v="ADVB"></g></l></v><v><l id="288258" t="прямо"><g v="PRCL"></g></l></v><v><l id="288272" t="прям"><g v="ADJS"></g><g v="Qual"></g><g v="neut"></g><g v="sing"></g></l></v></tfr></token><token id="557645" text="сказать"><tfr rev_id="1390728" t="сказать"><v><l id="321533" t="сказать"><g v="INFN"></g><g v="perf"></g><g v="tran"></g></l></v></tfr></token><token id="557646" text="нашим"><tfr rev_id="3470399" t="нашим"><v><l id="178492" t="наш"><g v="ADJF"></g><g v="Apro"></g><g v="plur"></g><g v="datv"></g></l></v></tfr></token><token id="557647" text="руководителям"><tfr rev_id="1390730" t="руководителям"><v><l id="309980" t="руководитель"><g v="NOUN"></g><g v="anim"></g><g v="masc"></g><g v="plur"></g><g v="datv"></g></l></v></tfr></token><token id="557648" text="регионов"><tfr rev_id="1390731" t="регионов"><v><l id="304808" t="регион"><g v="NOUN"></g><g v="inan"></g><g v="masc"></g><g v="plur"></g><g v="gent"></g></l></v></tfr></token><token id="557649" text=":"><tfr rev_id="1390732" t=":"><v><l id="0" t=":"><g v="PNCT"></g></l></v></tfr></token><token id="557650" text="продолжение"><tfr rev_id="4233288" t="продолжение"><v><l id="279227" t="продолжение"><g v="NOUN"></g><g v="inan"></g><g v="neut"></g><g v="sing"></g><g v="nomn"></g></l></v></tfr></token><token id="557651" text="ими"><tfr rev_id="3605534" t="ими"><v><l id="206619" t="они"><g v="NPRO"></g><g v="3per"></g><g v="Anph"></g><g v="plur"></g><g v="ablt"></g></l></v></tfr></token><token id="557652" text="своей"><tfr rev_id="4424134" t="своей"><v><l id="316379" t="свой"><g v="ADJF"></g><g v="Apro"></g><g v="Anph"></g><g v="femn"></g><g v="sing"></g><g v="gent"></g></l></v></tfr></token><token id="557653" text="работы"><tfr rev_id="3449915" t="работы"><v><l id="290501" t="работа"><g v="NOUN"></g><g v="inan"></g><g v="femn"></g><g v="sing"></g><g v="gent"></g></l></v></tfr></token><token id="557654" text="в"><tfr rev_id="1390737" t="в"><v><l id="37409" t="в"><g v="PREP"></g></l></v></tfr></token><token id="557655" text="должности"><tfr rev_id="4313900" t="должности"><v><l id="87973" t="должность"><g v="NOUN"></g><g v="inan"></g><g v="femn"></g><g v="sing"></g><g v="loct"></g></l></v></tfr></token><token id="557656" text="губернаторов"><tfr rev_id="4311479" t="губернаторов"><v><l id="76396" t="губернатор"><g v="NOUN"></g><g v="anim"></g><g v="masc"></g><g v="plur"></g><g v="gent"></g></l></v></tfr></token><token id="557657" text="будет"><tfr rev_id="1390740" t="будет"><v><l id="37265" t="есть"><g v="VERB"></g><g v="impf"></g><g v="intr"></g><g v="sing"></g><g v="3per"></g><g v="futr"></g><g v="indc"></g></l></v></tfr></token><token id="557658" text="напрямую"><tfr rev_id="1390741" t="напрямую"><v><l id="174201" t="напрямую"><g v="ADVB"></g></l></v></tfr></token><token id="557659" text="связано"><tfr rev_id="1390742" t="связано"><v><l id="316534" t="связан"><g v="PRTS"></g><g v="perf"></g><g v="past"></g><g v="pssv"></g><g v="neut"></g><g v="sing"></g></l></v></tfr></token><token id="557660" text="с"><tfr rev_id="1390743" t="с"><v><l id="311151" t="с"><g v="PREP"></g></l></v></tfr></token><token id="557661" text="успехом"><tfr rev_id="1390744" t="успехом"><v><l id="360840" t="успех"><g v="NOUN"></g><g v="inan"></g><g v="masc"></g><g v="sing"></g><g v="ablt"></g></l></v></tfr></token><token id="557662" text="работы"><tfr rev_id="3434749" t="работы"><v><l id="290501" t="работа"><g v="NOUN"></g><g v="inan"></g><g v="femn"></g><g v="sing"></g><g v="gent"></g></l></v></tfr></token><token id="557663" text="по"><tfr rev_id="1390746" t="по"><v><l id="241240" t="по"><g v="PREP"></g></l></v></tfr></token><token id="557664" text="совершенствованию"><tfr rev_id="1390747" t="совершенствованию"><v><l id="327908" t="совершенствование"><g v="NOUN"></g><g v="inan"></g><g v="neut"></g><g v="sing"></g><g v="datv"></g></l></v></tfr></token><token id="557665" text="рынка"><tfr rev_id="1390748" t="рынка"><v><l id="310781" t="рынок"><g v="NOUN"></g><g v="inan"></g><g v="masc"></g><g v="sing"></g><g v="gent"></g></l></v></tfr></token><token id="557666" text="труда"><tfr rev_id="1390749" t="труда"><v><l id="350729" t="труд"><g v="NOUN"></g><g v="inan"></g><g v="masc"></g><g v="sing"></g><g v="gent"></g></l></v></tfr></token><token id="557667" text="в"><tfr rev_id="1390750" t="в"><v><l id="37409" t="в"><g v="PREP"></g></l></v></tfr></token><token id="557668" text="моногородах"><tfr rev_id="3816641" t="моногородах"><v><l id="390142" t="моногород"><g v="NOUN"></g><g v="inan"></g><g v="masc"></g><g v="plur"></g><g v="loct"></g></l></v></tfr></token><token id="557669" text="."><tfr rev_id="1390752" t="."><v><l id="0" t="."><g v="PNCT"></g></l></v></tfr></token></tokens></sentence><sentence id="31110"><source>Те муниципальные образования, в которых не созданы комплексные планы, — это закритичная ситуация.</source><tokens><token id="557670" text="Те"><tfr rev_id="3780009" t="Те"><v><l id="348430" t="тот"><g v="ADJF"></g><g v="Subx"></g><g v="Apro"></g><g v="Anph"></g><g v="plur"></g><g v="nomn"></g></l></v></tfr></token><token id="557671" text="муниципальные"><tfr rev_id="3814021" t="муниципальные"><v><l id="165075" t="муниципальный"><g v="ADJF"></g><g v="plur"></g><g v="nomn"></g></l></v></tfr></token><token id="557672" text="образования"><tfr rev_id="3768788" t="образования"><v><l id="198798" t="образование"><g v="NOUN"></g><g v="inan"></g><g v="neut"></g><g v="plur"></g><g v="nomn"></g></l></v></tfr></token><token id="557673" text=","><tfr rev_id="1390756" t=","><v><l id="0" t=","><g v="PNCT"></g></l></v></tfr></token><token id="557674" text="в"><tfr rev_id="1390757" t="в"><v><l id="37409" t="в"><g v="PREP"></g></l></v></tfr></token><token id="557675" text="которых"><tfr rev_id="3671089" t="которых"><v><l id="141203" t="который"><g v="ADJF"></g><g v="Apro"></g><g v="Subx"></g><g v="Anph"></g><g v="plur"></g><g v="loct"></g></l></v></tfr></token><token id="557676" text="не"><tfr rev_id="1390759" t="не"><v><l id="178876" t="не"><g v="PRCL"></g></l></v></tfr></token><token id="557677" text="созданы"><tfr rev_id="1390760" t="созданы"><v><l id="328589" t="создан"><g v="PRTS"></g><g v="perf"></g><g v="past"></g><g v="pssv"></g><g v="plur"></g></l></v></tfr></token><token id="557678" text="комплексные"><tfr rev_id="3751423" t="комплексные"><v><l id="137247" t="комплексный"><g v="ADJF"></g><g v="plur"></g><g v="nomn"></g></l></v></tfr></token><token id="557679" text="планы"><tfr rev_id="3727878" t="планы"><v><l id="239677" t="план"><g v="NOUN"></g><g v="inan"></g><g v="masc"></g><g v="plur"></g><g v="nomn"></g></l></v></tfr></token><token id="557680" text=","><tfr rev_id="1390763" t=","><v><l id="0" t=","><g v="PNCT"></g></l></v></tfr></token><token id="557681" text="—"><tfr rev_id="2441937" t="—"><v><l id="0" t="—"><g v="PNCT"></g></l></v></tfr></token><token id="557682" text="это"><tfr rev_id="4441408" t="это"><v><l id="386574" t="это"><g v="PRCL"></g></l></v><v><l id="386575" t="это"><g v="NPRO"></g><g v="neut"></g><g v="sing"></g><g v="nomn"></g></l></v><v><l id="386575" t="это"><g v="NPRO"></g><g v="neut"></g><g v="sing"></g><g v="accs"></g></l></v><v><l id="386581" t="этот"><g v="ADJF"></g><g v="Subx"></g><g v="Apro"></g><g v="Anph"></g><g v="neut"></g><g v="sing"></g><g v="nomn"></g></l></v><v><l id="386581" t="этот"><g v="ADJF"></g><g v="Subx"></g><g v="Apro"></g><g v="Anph"></g><g v="neut"></g><g v="sing"></g><g v="accs"></g></l></v></tfr></token><token id="557683" text="закритичная"><tfr rev_id="1390766" t="закритичная"><v><l id="0" t="закритичная"><g v="UNKN"></g></l></v></tfr></token><token id="557684" text="ситуация"><tfr rev_id="1390767" t="ситуация"><v><l id="321441" t="ситуация"><g v="NOUN"></g><g v="inan"></g><g v="femn"></g><g v="sing"></g><g v="nomn"></g></l></v></tfr></token><token id="557685" text="."><tfr rev_id="1390768" t="."><v><l id="0" t="."><g v="PNCT"></g></l></v></tfr></token></tokens></sentence><sentence id="31111"><source>Это же какое отношение должно быть к собственным гражданам, к жителям: не просто вопрос не решить, а бумажку не подготовить»,</source><tokens><token id="557686" text="Это"><tfr rev_id="4441409" t="Это"><v><l id="386574" t="это"><g v="PRCL"></g></l></v><v><l id="386575" t="это"><g v="NPRO"></g><g v="neut"></g><g v="sing"></g><g v="nomn"></g></l></v><v><l id="386575" t="это"><g v="NPRO"></g><g v="neut"></g><g v="sing"></g><g v="accs"></g></l></v><v><l id="386581" t="этот"><g v="ADJF"></g><g v="Subx"></g><g v="Apro"></g><g v="Anph"></g><g v="neut"></g><g v="sing"></g><g v="nomn"></g></l></v><v><l id="386581" t="этот"><g v="ADJF"></g><g v="Subx"></g><g v="Apro"></g><g v="Anph"></g><g v="neut"></g><g v="sing"></g><g v="accs"></g></l></v></tfr></token><token id="557687" text="же"><tfr rev_id="1390770" t="же"><v><l id="96208" t="же"><g v="CONJ"></g></l></v><v><l id="96209" t="же"><g v="PRCL"></g></l></v></tfr></token><token id="557688" text="какое"><tfr rev_id="1390771" t="какое"><v><l id="128224" t="какой"><g v="ADJF"></g><g v="Apro"></g><g v="neut"></g><g v="sing"></g><g v="nomn"></g></l></v><v><l id="128224" t="какой"><g v="ADJF"></g><g v="Apro"></g><g v="neut"></g><g v="sing"></g><g v="accs"></g></l></v></tfr></token><token id="557689" text="отношение"><tfr rev_id="1390772" t="отношение"><v><l id="215944" t="отношение"><g v="NOUN"></g><g v="inan"></g><g v="neut"></g><g v="sing"></g><g v="nomn"></g></l></v><v><l id="215944" t="отношение"><g v="NOUN"></g><g v="inan"></g><g v="neut"></g><g v="sing"></g><g v="accs"></g></l></v></tfr></token><token id="557690" text="должно"><tfr rev_id="2559048" t="должно"><v><l id="87969" t="должно"><g v="PRED"></g><g v="pres"></g></l></v><v><l id="87975" t="должен"><g v="ADJS"></g><g v="neut"></g><g v="sing"></g></l></v></tfr></token><token id="557691" text="быть"><tfr rev_id="1390774" t="быть"><v><l id="37266" t="быть"><g v="INFN"></g><g v="impf"></g><g v="intr"></g></l></v></tfr></token><token id="557692" text="к"><tfr rev_id="1390775" t="к"><v><l id="127460" t="к"><g v="PREP"></g></l></v></tfr></token><token id="557693" text="собственным"><tfr rev_id="1718412" t="собственным"><v><l id="327840" t="собственный"><g v="ADJF"></g><g v="plur"></g><g v="datv"></g></l></v></tfr></token><token id="557694" text="гражданам"><tfr rev_id="1390777" t="гражданам"><v><l id="74521" t="гражданин"><g v="NOUN"></g><g v="anim"></g><g v="masc"></g><g v="plur"></g><g v="datv"></g></l></v></tfr></token><token id="557695" text=","><tfr rev_id="1390778" t=","><v><l id="0" t=","><g v="PNCT"></g></l></v></tfr></token><token id="557696" text="к"><tfr rev_id="1390779" t="к"><v><l id="127460" t="к"><g v="PREP"></g></l></v></tfr></token><token id="557697" text="жителям"><tfr rev_id="1390780" t="жителям"><v><l id="97562" t="житель"><g v="NOUN"></g><g v="anim"></g><g v="masc"></g><g v="plur"></g><g v="datv"></g></l></v></tfr></token><token id="557698" text=":"><tfr rev_id="1390781" t=":"><v><l id="0" t=":"><g v="PNCT"></g></l></v></tfr></token><token id="557699" text="не"><tfr rev_id="1390782" t="не"><v><l id="178876" t="не"><g v="PRCL"></g></l></v></tfr></token><token id="557700" text="просто"><tfr rev_id="1390783" t="просто"><v><l id="285025" t="просто"><g v="ADVB"></g><g v="Prdx"></g></l></v><v><l id="285026" t="просто"><g v="PRCL"></g></l></v><v><l id="285050" t="прост"><g v="ADJS"></g><g v="Qual"></g><g v="neut"></g><g v="sing"></g></l></v></tfr></token><token id="557701" text="вопрос"><tfr rev_id="1390784" t="вопрос"><v><l id="50830" t="вопрос"><g v="NOUN"></g><g v="inan"></g><g v="masc"></g><g v="sing"></g><g v="nomn"></g></l></v><v><l id="50830" t="вопрос"><g v="NOUN"></g><g v="inan"></g><g v="masc"></g><g v="sing"></g><g v="accs"></g></l></v></tfr></token><token id="557702" text="не"><tfr rev_id="1390785" t="не"><v><l id="178876" t="не"><g v="PRCL"></g></l></v></tfr></token><token id="557703" text="решить"><tfr rev_id="1390786" t="решить"><v><l id="307397" t="решить"><g v="INFN"></g><g v="perf"></g><g v="tran"></g></l></v></tfr></token><token id="557704" text=","><tfr rev_id="1390787" t=","><v><l id="0" t=","><g v="PNCT"></g></l></v></tfr></token><token id="557705" text="а"><tfr rev_id="3487661" t="а"><v><l id="51" t="а"><g v="CONJ"></g></l></v></tfr></token><token id="557706" text="бумажку"><tfr rev_id="1390789" t="бумажку"><v><l id="35767" t="бумажка"><g v="NOUN"></g><g v="inan"></g><g v="femn"></g><g v="sing"></g><g v="accs"></g></l></v></tfr></token><token id="557707" text="не"><tfr rev_id="1390790" t="не"><v><l id="178876" t="не"><g v="PRCL"></g></l></v></tfr></token><token id="557708" text="подготовить"><tfr rev_id="1390791" t="подготовить"><v><l id="245105" t="подготовить"><g v="INFN"></g><g v="perf"></g><g v="tran"></g></l></v></tfr></token><token id="557709" text="»"><tfr rev_id="2441938" t="»"><v><l id="0" t="»"><g v="PNCT"></g></l></v></tfr></token><token id="557710" text=","><tfr rev_id="1390793" t=","><v><l id="0" t=","><g v="PNCT"></g></l></v></tfr></token></tokens></sentence><sentence id="31112"><source>— цитирует РБК российского лидера.</source><tokens><token id="557711" text="—"><tfr rev_id="2441939" t="—"><v><l id="0" t="—"><g v="PNCT"></g></l></v></tfr></token><token id="557712" text="цитирует"><tfr rev_id="1390795" t="цитирует"><v><l id="374102" t="цитирую"><g v="VERB"></g><g v="impf"></g><g v="tran"></g><g v="sing"></g><g v="3per"></g><g v="pres"></g><g v="indc"></g></l></v></tfr></token><token id="557713" text="РБК"><tfr rev_id="4573817" t="РБК"><v><l id="389058" t="рбк"><g v="NOUN"></g><g v="inan"></g><g v="femn"></g><g v="Sgtm"></g><g v="Fixd"></g><g v="Abbr"></g><g v="Orgn"></g><g v="sing"></g><g v="nomn"></g></l></v></tfr></token><token id="557714" text="российского"><tfr rev_id="3454506" t="российского"><v><l id="309319" t="российский"><g v="ADJF"></g><g v="masc"></g><g v="sing"></g><g v="gent"></g></l></v><v><l id="309319" t="российский"><g v="ADJF"></g><g v="anim"></g><g v="masc"></g><g v="sing"></g><g v="accs"></g></l></v></tfr></token><token id="557715" text="лидера"><tfr rev_id="3542911" t="лидера"><v><l id="149007" t="лидер"><g v="NOUN"></g><g v="anim"></g><g v="masc"></g><g v="sing"></g><g v="accs"></g></l></v></tfr></token><token id="557716" text="."><tfr rev_id="1390799" t="."><v><l id="0" t="."><g v="PNCT"></g></l></v></tfr></token></tokens></sentence></paragraph><paragraph id="9937"><sentence id="31113"><source>Президент дал правительству три дня на подготовку доклада, в котором будут перечислены моногорода, где не были разработаны планы по совершенствованию рынка труда.</source><tokens><token id="557717" text="Президент"><tfr rev_id="1390800" t="Президент"><v><l id="267449" t="президент"><g v="NOUN"></g><g v="anim"></g><g v="masc"></g><g v="sing"></g><g v="nomn"></g></l></v></tfr></token><token id="557718" text="дал"><tfr rev_id="1390801" t="дал"><v><l id="78546" t="дал"><g v="VERB"></g><g v="perf"></g><g v="tran"></g><g v="masc"></g><g v="sing"></g><g v="past"></g><g v="indc"></g></l></v></tfr></token><token id="557719" text="правительству"><tfr rev_id="1390802" t="правительству"><v><l id="265638" t="правительство"><g v="NOUN"></g><g v="inan"></g><g v="neut"></g><g v="sing"></g><g v="datv"></g></l></v></tfr></token><token id="557720" text="три"><tfr rev_id="1671441" t="три"><v><l id="349973" t="три"><g v="NUMR"></g><g v="inan"></g><g v="accs"></g></l></v></tfr></token><token id="557721" text="дня"><tfr rev_id="1390804" t="дня"><v><l id="81427" t="день"><g v="NOUN"></g><g v="inan"></g><g v="masc"></g><g v="sing"></g><g v="gent"></g></l></v></tfr></token><token id="557722" text="на"><tfr rev_id="3073077" t="на"><v><l id="166264" t="на"><g v="PREP"></g></l></v></tfr></token><token id="557723" text="подготовку"><tfr rev_id="1390806" t="подготовку"><v><l id="245114" t="подготовка"><g v="NOUN"></g><g v="inan"></g><g v="femn"></g><g v="sing"></g><g v="accs"></g></l></v></tfr></token><token id="557724" text="доклада"><tfr rev_id="1390807" t="доклада"><v><l id="87236" t="доклад"><g v="NOUN"></g><g v="inan"></g><g v="masc"></g><g v="sing"></g><g v="gent"></g></l></v></tfr></token><token id="557725" text=","><tfr rev_id="1390808" t=","><v><l id="0" t=","><g v="PNCT"></g></l></v></tfr></token><token id="557726" text="в"><tfr rev_id="1390809" t="в"><v><l id="37409" t="в"><g v="PREP"></g></l></v></tfr></token><token id="557727" text="котором"><tfr rev_id="3639273" t="котором"><v><l id="141203" t="который"><g v="ADJF"></g><g v="Apro"></g><g v="Subx"></g><g v="Anph"></g><g v="masc"></g><g v="sing"></g><g v="loct"></g></l></v></tfr></token><token id="557728" text="будут"><tfr rev_id="1390811" t="будут"><v><l id="37265" t="есть"><g v="VERB"></g><g v="impf"></g><g v="intr"></g><g v="plur"></g><g v="3per"></g><g v="futr"></g><g v="indc"></g></l></v></tfr></token><token id="557729" text="перечислены"><tfr rev_id="1390812" t="перечислены"><v><l id="236700" t="перечислен"><g v="PRTS"></g><g v="perf"></g><g v="past"></g><g v="pssv"></g><g v="plur"></g></l></v></tfr></token><token id="557730" text="моногорода"><tfr rev_id="4257464" t="моногорода"><v><l id="390142" t="моногород"><g v="NOUN"></g><g v="inan"></g><g v="masc"></g><g v="plur"></g><g v="nomn"></g></l></v></tfr></token><token id="557731" text=","><tfr rev_id="1390814" t=","><v><l id="0" t=","><g v="PNCT"></g></l></v></tfr></token><token id="557732" text="где"><tfr rev_id="2825228" t="где"><v><l id="388669" t="где"><g v="CONJ"></g></l></v></tfr></token><token id="557733" text="не"><tfr rev_id="1390816" t="не"><v><l id="178876" t="не"><g v="PRCL"></g></l></v></tfr></token><token id="557734" text="были"><tfr rev_id="1671442" t="были"><v><l id="37265" t="есть"><g v="VERB"></g><g v="impf"></g><g v="intr"></g><g v="plur"></g><g v="past"></g><g v="indc"></g></l></v></tfr></token><token id="557735" text="разработаны"><tfr rev_id="1390818" t="разработаны"><v><l id="296479" t="разработан"><g v="PRTS"></g><g v="perf"></g><g v="past"></g><g v="pssv"></g><g v="plur"></g></l></v></tfr></token><token id="557736" text="планы"><tfr rev_id="3727968" t="планы"><v><l id="239677" t="план"><g v="NOUN"></g><g v="inan"></g><g v="masc"></g><g v="plur"></g><g v="nomn"></g></l></v></tfr></token><token id="557737" text="по"><tfr rev_id="1390820" t="по"><v><l id="241240" t="по"><g v="PREP"></g></l></v></tfr></token><token id="557738" text="совершенствованию"><tfr rev_id="1390821" t="совершенствованию"><v><l id="327908" t="совершенствование"><g v="NOUN"></g><g v="inan"></g><g v="neut"></g><g v="sing"></g><g v="datv"></g></l></v></tfr></token><token id="557739" text="рынка"><tfr rev_id="1390822" t="рынка"><v><l id="310781" t="рынок"><g v="NOUN"></g><g v="inan"></g><g v="masc"></g><g v="sing"></g><g v="gent"></g></l></v></tfr></token><token id="557740" text="труда"><tfr rev_id="1390823" t="труда"><v><l id="350729" t="труд"><g v="NOUN"></g><g v="inan"></g><g v="masc"></g><g v="sing"></g><g v="gent"></g></l></v></tfr></token><token id="557741" text="."><tfr rev_id="1390824" t="."><v><l id="0" t="."><g v="PNCT"></g></l></v></tfr></token></tokens></sentence><sentence id="31114"><source>«В каждом из субъектов должны действовать внятные программы улучшения инвестклимата с конкретными мерами поддержки инвестпроектов, а стало быть, создание рабочих мест.</source><tokens><token id="557742" text="«"><tfr rev_id="2441940" t="«"><v><l id="0" t="«"><g v="PNCT"></g></l></v></tfr></token><token id="557743" text="В"><tfr rev_id="1390826" t="В"><v><l id="37409" t="в"><g v="PREP"></g></l></v></tfr></token><token id="557744" text="каждом"><tfr rev_id="4430251" t="каждом"><v><l id="127875" t="каждый"><g v="ADJF"></g><g v="Subx"></g><g v="Apro"></g><g v="masc"></g><g v="sing"></g><g v="loct"></g></l></v></tfr></token><token id="557745" text="из"><tfr rev_id="2603406" t="из"><v><l id="117677" t="из"><g v="PREP"></g></l></v></tfr></token><token id="557746" text="субъектов"><tfr rev_id="4329503" t="субъектов"><v><l id="338833" t="субъект"><g v="NOUN"></g><g v="inan"></g><g v="masc"></g><g v="plur"></g><g v="gent"></g></l></v></tfr></token><token id="557747" text="должны"><tfr rev_id="2559297" t="должны"><v><l id="87975" t="должен"><g v="ADJS"></g><g v="plur"></g></l></v></tfr></token><token id="557748" text="действовать"><tfr rev_id="1390831" t="действовать"><v><l id="80104" t="действовать"><g v="INFN"></g><g v="impf"></g><g v="intr"></g></l></v></tfr></token><token id="557749" text="внятные"><tfr rev_id="3812872" t="внятные"><v><l id="47916" t="внятный"><g v="ADJF"></g><g v="Qual"></g><g v="plur"></g><g v="nomn"></g></l></v></tfr></token><token id="557750" text="программы"><tfr rev_id="3801711" t="программы"><v><l id="278686" t="программа"><g v="NOUN"></g><g v="inan"></g><g v="femn"></g><g v="plur"></g><g v="nomn"></g></l></v></tfr></token><token id="557751" text="улучшения"><tfr rev_id="2695664" t="улучшения"><v><l id="357034" t="улучшение"><g v="NOUN"></g><g v="inan"></g><g v="neut"></g><g v="sing"></g><g v="gent"></g></l></v></tfr></token><token id="557752" text="инвестклимата"><tfr rev_id="1390835" t="инвестклимата"><v><l id="0" t="инвестклимата"><g v="UNKN"></g></l></v></tfr></token><token id="557753" text="с"><tfr rev_id="1390836" t="с"><v><l id="311151" t="с"><g v="PREP"></g></l></v></tfr></token><token id="557754" text="конкретными"><tfr rev_id="1390837" t="конкретными"><v><l id="137888" t="конкретный"><g v="ADJF"></g><g v="Qual"></g><g v="plur"></g><g v="ablt"></g></l></v></tfr></token><token id="557755" text="мерами"><tfr rev_id="1390838" t="мерами"><v><l id="158460" t="мера"><g v="NOUN"></g><g v="inan"></g><g v="femn"></g><g v="plur"></g><g v="ablt"></g></l></v></tfr></token><token id="557756" text="поддержки"><tfr rev_id="3501295" t="поддержки"><v><l id="245415" t="поддержка"><g v="NOUN"></g><g v="inan"></g><g v="femn"></g><g v="sing"></g><g v="gent"></g></l></v></tfr></token><token id="557757" text="инвестпроектов"><tfr rev_id="4539879" t="инвестпроектов"><v><l id="392411" t="инвестпроект"><g v="NOUN"></g><g v="inan"></g><g v="masc"></g><g v="plur"></g><g v="gent"></g></l></v></tfr></token><token id="557758" text=","><tfr rev_id="1390841" t=","><v><l id="0" t=","><g v="PNCT"></g></l></v></tfr></token><token id="557759" text="а"><tfr rev_id="3539680" t="а"><v><l id="51" t="а"><g v="CONJ"></g></l></v></tfr></token><token id="557760" text="стало"><tfr rev_id="1390843" t="стало"><v><l id="335164" t="стал"><g v="VERB"></g><g v="perf"></g><g v="intr"></g><g v="neut"></g><g v="sing"></g><g v="past"></g><g v="indc"></g></l></v></tfr></token><token id="557761" text="быть"><tfr rev_id="1390844" t="быть"><v><l id="37266" t="быть"><g v="INFN"></g><g v="impf"></g><g v="intr"></g></l></v></tfr></token><token id="557762" text=","><tfr rev_id="1390845" t=","><v><l id="0" t=","><g v="PNCT"></g></l></v></tfr></token><token id="557763" text="создание"><tfr rev_id="4571590" t="создание"><v><l id="328580" t="создание"><g v="NOUN"></g><g v="inan"></g><g v="neut"></g><g v="Inmx"></g><g v="sing"></g><g v="nomn"></g></l></v></tfr></token><token id="557764" text="рабочих"><tfr rev_id="4494532" t="рабочих"><v><l id="290534" t="рабочий"><g v="ADJF"></g><g v="plur"></g><g v="gent"></g></l></v></tfr></token><token id="557765" text="мест"><tfr rev_id="1390848" t="мест"><v><l id="158822" t="место"><g v="NOUN"></g><g v="inan"></g><g v="neut"></g><g v="plur"></g><g v="gent"></g></l></v></tfr></token><token id="557766" text="."><tfr rev_id="1390849" t="."><v><l id="0" t="."><g v="PNCT"></g></l></v></tfr></token></tokens></sentence><sentence id="31115"><source>Именно их количество и качество является одним из показателей деятельности губернатора, эффективности власти в целом, региональной власти»,</source><tokens><token id="557767" text="Именно"><tfr rev_id="1390850" t="Именно"><v><l id="121584" t="именно"><g v="PRCL"></g></l></v></tfr></token><token id="557768" text="их"><tfr rev_id="3613191" t="их"><v><l id="127205" t="их"><g v="ADJF"></g><g v="Fixd"></g><g v="Apro"></g><g v="Anph"></g><g v="masc"></g><g v="sing"></g><g v="nomn"></g></l></v><v><l id="127205" t="их"><g v="ADJF"></g><g v="Fixd"></g><g v="Apro"></g><g v="Anph"></g><g v="masc"></g><g v="sing"></g><g v="gent"></g></l></v><v><l id="127205" t="их"><g v="ADJF"></g><g v="Fixd"></g><g v="Apro"></g><g v="Anph"></g><g v="masc"></g><g v="sing"></g><g v="datv"></g></l></v><v><l id="127205" t="их"><g v="ADJF"></g><g v="Fixd"></g><g v="Apro"></g><g v="Anph"></g><g v="masc"></g><g v="sing"></g><g v="accs"></g></l></v><v><l id="127205" t="их"><g v="ADJF"></g><g v="Fixd"></g><g v="Apro"></g><g v="Anph"></g><g v="masc"></g><g v="sing"></g><g v="ablt"></g></l></v><v><l id="127205" t="их"><g v="ADJF"></g><g v="Fixd"></g><g v="Apro"></g><g v="Anph"></g><g v="masc"></g><g v="sing"></g><g v="loct"></g></l></v><v><l id="127205" t="их"><g v="ADJF"></g><g v="Fixd"></g><g v="Apro"></g><g v="Anph"></g><g v="femn"></g><g v="sing"></g><g v="nomn"></g></l></v><v><l id="127205" t="их"><g v="ADJF"></g><g v="Fixd"></g><g v="Apro"></g><g v="Anph"></g><g v="femn"></g><g v="sing"></g><g v="gent"></g></l></v><v><l id="127205" t="их"><g v="ADJF"></g><g v="Fixd"></g><g v="Apro"></g><g v="Anph"></g><g v="femn"></g><g v="sing"></g><g v="datv"></g></l></v><v><l id="127205" t="их"><g v="ADJF"></g><g v="Fixd"></g><g v="Apro"></g><g v="Anph"></g><g v="femn"></g><g v="sing"></g><g v="accs"></g></l></v><v><l id="127205" t="их"><g v="ADJF"></g><g v="Fixd"></g><g v="Apro"></g><g v="Anph"></g><g v="femn"></g><g v="sing"></g><g v="ablt"></g></l></v><v><l id="127205" t="их"><g v="ADJF"></g><g v="Fixd"></g><g v="Apro"></g><g v="Anph"></g><g v="femn"></g><g v="sing"></g><g v="loct"></g></l></v><v><l id="127205" t="их"><g v="ADJF"></g><g v="Fixd"></g><g v="Apro"></g><g v="Anph"></g><g v="neut"></g><g v="sing"></g><g v="nomn"></g></l></v><v><l id="127205" t="их"><g v="ADJF"></g><g v="Fixd"></g><g v="Apro"></g><g v="Anph"></g><g v="neut"></g><g v="sing"></g><g v="gent"></g></l></v><v><l id="127205" t="их"><g v="ADJF"></g><g v="Fixd"></g><g v="Apro"></g><g v="Anph"></g><g v="neut"></g><g v="sing"></g><g v="datv"></g></l></v><v><l id="127205" t="их"><g v="ADJF"></g><g v="Fixd"></g><g v="Apro"></g><g v="Anph"></g><g v="neut"></g><g v="sing"></g><g v="accs"></g></l></v><v><l id="127205" t="их"><g v="ADJF"></g><g v="Fixd"></g><g v="Apro"></g><g v="Anph"></g><g v="neut"></g><g v="sing"></g><g v="ablt"></g></l></v><v><l id="127205" t="их"><g v="ADJF"></g><g v="Fixd"></g><g v="Apro"></g><g v="Anph"></g><g v="neut"></g><g v="sing"></g><g v="loct"></g></l></v><v><l id="127205" t="их"><g v="ADJF"></g><g v="Fixd"></g><g v="Apro"></g><g v="Anph"></g><g v="plur"></g><g v="nomn"></g></l></v><v><l id="127205" t="их"><g v="ADJF"></g><g v="Fixd"></g><g v="Apro"></g><g v="Anph"></g><g v="plur"></g><g v="gent"></g></l></v><v><l id="127205" t="их"><g v="ADJF"></g><g v="Fixd"></g><g v="Apro"></g><g v="Anph"></g><g v="plur"></g><g v="datv"></g></l></v><v><l id="127205" t="их"><g v="ADJF"></g><g v="Fixd"></g><g v="Apro"></g><g v="Anph"></g><g v="plur"></g><g v="accs"></g></l></v><v><l id="127205" t="их"><g v="ADJF"></g><g v="Fixd"></g><g v="Apro"></g><g v="Anph"></g><g v="plur"></g><g v="ablt"></g></l></v><v><l id="127205" t="их"><g v="ADJF"></g><g v="Fixd"></g><g v="Apro"></g><g v="Anph"></g><g v="plur"></g><g v="loct"></g></l></v></tfr></token><token id="557769" text="количество"><tfr rev_id="1390852" t="количество"><v><l id="135983" t="количество"><g v="NOUN"></g><g v="inan"></g><g v="neut"></g><g v="sing"></g><g v="nomn"></g></l></v><v><l id="135983" t="количество"><g v="NOUN"></g><g v="inan"></g><g v="neut"></g><g v="sing"></g><g v="accs"></g></l></v></tfr></token><token id="557770" text="и"><tfr rev_id="1390853" t="и"><v><l id="116949" t="и"><g v="CONJ"></g></l></v><v><l id="116950" t="и"><g v="INTJ"></g></l></v></tfr></token><token id="557771" text="качество"><tfr rev_id="3679045" t="качество"><v><l id="131638" t="качество"><g v="NOUN"></g><g v="inan"></g><g v="neut"></g><g v="sing"></g><g v="nomn"></g></l></v></tfr></token><token id="557772" text="является"><tfr rev_id="1390855" t="является"><v><l id="387385" t="являюсь"><g v="VERB"></g><g v="impf"></g><g v="intr"></g><g v="sing"></g><g v="3per"></g><g v="pres"></g><g v="indc"></g></l></v></tfr></token><token id="557773" text="одним"><tfr rev_id="4400268" t="одним"><v><l id="203319" t="один"><g v="ADJF"></g><g v="Apro"></g><g v="Anum"></g><g v="masc"></g><g v="sing"></g><g v="ablt"></g></l></v></tfr></token><token id="557774" text="из"><tfr rev_id="2603822" t="из"><v><l id="117677" t="из"><g v="PREP"></g></l></v></tfr></token><token id="557775" text="показателей"><tfr rev_id="1390858" t="показателей"><v><l id="253977" t="показатель"><g v="NOUN"></g><g v="inan"></g><g v="masc"></g><g v="plur"></g><g v="gent"></g></l></v></tfr></token><token id="557776" text="деятельности"><tfr rev_id="4263525" t="деятельности"><v><l id="82512" t="деятельность"><g v="NOUN"></g><g v="inan"></g><g v="femn"></g><g v="sing"></g><g v="gent"></g></l></v></tfr></token><token id="557777" text="губернатора"><tfr rev_id="4389623" t="губернатора"><v><l id="76396" t="губернатор"><g v="NOUN"></g><g v="anim"></g><g v="masc"></g><g v="sing"></g><g v="gent"></g></l></v></tfr></token><token id="557778" text=","><tfr rev_id="1390861" t=","><v><l id="0" t=","><g v="PNCT"></g></l></v></tfr></token><token id="557779" text="эффективности"><tfr rev_id="3498262" t="эффективности"><v><l id="386658" t="эффективность"><g v="NOUN"></g><g v="inan"></g><g v="femn"></g><g v="sing"></g><g v="gent"></g></l></v><v><l id="386658" t="эффективность"><g v="NOUN"></g><g v="inan"></g><g v="femn"></g><g v="sing"></g><g v="datv"></g></l></v><v><l id="386658" t="эффективность"><g v="NOUN"></g><g v="inan"></g><g v="femn"></g><g v="sing"></g><g v="loct"></g></l></v></tfr></token><token id="557780" text="власти"><tfr rev_id="4098456" t="власти"><v><l id="46816" t="власть"><g v="NOUN"></g><g v="inan"></g><g v="femn"></g><g v="sing"></g><g v="gent"></g></l></v><v><l id="46816" t="власть"><g v="NOUN"></g><g v="inan"></g><g v="femn"></g><g v="sing"></g><g v="datv"></g></l></v><v><l id="46816" t="власть"><g v="NOUN"></g><g v="inan"></g><g v="femn"></g><g v="sing"></g><g v="loct"></g></l></v></tfr></token><token id="557781" text="в"><tfr rev_id="1390864" t="в"><v><l id="37409" t="в"><g v="PREP"></g></l></v></tfr></token><token id="557782" text="целом"><tfr rev_id="4229973" t="целом"><v><l id="373197" t="целое"><g v="NOUN"></g><g v="inan"></g><g v="neut"></g><g v="sing"></g><g v="loct"></g></l></v></tfr></token><token id="557783" text=","><tfr rev_id="1390866" t=","><v><l id="0" t=","><g v="PNCT"></g></l></v></tfr></token><token id="557784" text="региональной"><tfr rev_id="4170885" t="региональной"><v><l id="304836" t="региональный"><g v="ADJF"></g><g v="femn"></g><g v="sing"></g><g v="gent"></g></l></v></tfr></token><token id="557785" text="власти"><tfr rev_id="3508696" t="власти"><v><l id="46816" t="власть"><g v="NOUN"></g><g v="inan"></g><g v="femn"></g><g v="sing"></g><g v="gent"></g></l></v><v><l id="46816" t="власть"><g v="NOUN"></g><g v="inan"></g><g v="femn"></g><g v="sing"></g><g v="datv"></g></l></v><v><l id="46816" t="власть"><g v="NOUN"></g><g v="inan"></g><g v="femn"></g><g v="sing"></g><g v="loct"></g></l></v></tfr></token><token id="557786" text="»"><tfr rev_id="2441941" t="»"><v><l id="0" t="»"><g v="PNCT"></g></l></v></tfr></token><token id="557787" text=","><tfr rev_id="1390870" t=","><v><l id="0" t=","><g v="PNCT"></g></l></v></tfr></token></tokens></sentence><sentence id="31116"><source>— уточнил глава государства.</source><tokens><token id="557788" text="—"><tfr rev_id="2441942" t="—"><v><l id="0" t="—"><g v="PNCT"></g></l></v></tfr></token><token id="557789" text="уточнил"><tfr rev_id="1390872" t="уточнил"><v><l id="362345" t="уточнил"><g v="VERB"></g><g v="perf"></g><g v="tran"></g><g v="masc"></g><g v="sing"></g><g v="past"></g><g v="indc"></g></l></v></tfr></token><token id="557790" text="глава"><tfr rev_id="4525712" t="глава"><v><l id="70790" t="глава"><g v="NOUN"></g><g v="anim"></g><g v="ms-f"></g><g v="sing"></g><g v="nomn"></g></l></v></tfr></token><token id="557791" text="государства"><tfr rev_id="3438211" t="государства"><v><l id="74164" t="государство"><g v="NOUN"></g><g v="inan"></g><g v="neut"></g><g v="sing"></g><g v="gent"></g></l></v></tfr></token><token id="557792" text="."><tfr rev_id="1390875" t="."><v><l id="0" t="."><g v="PNCT"></g></l></v></tfr></token></tokens></sentence></paragraph><paragraph id="9938"><sentence id="31117"><source>О том, есть ли способ спасти российские моногорода, читайте в статье Частного корреспондента «Чем загрузить моногорода»</source><tokens><token id="557793" text="О"><tfr rev_id="3328065" t="О"><v><l id="192977" t="о"><g v="PREP"></g></l></v></tfr></token><token id="557794" text="том"><tfr rev_id="4462515" t="том"><v><l id="348430" t="тот"><g v="ADJF"></g><g v="Subx"></g><g v="Apro"></g><g v="Anph"></g><g v="neut"></g><g v="sing"></g><g v="loct"></g></l></v></tfr></token><token id="557795" text=","><tfr rev_id="1390878" t=","><v><l id="0" t=","><g v="PNCT"></g></l></v></tfr></token><token id="557796" text="есть"><tfr rev_id="4372024" t="есть"><v><l id="37265" t="есть"><g v="VERB"></g><g v="impf"></g><g v="intr"></g><g v="sing"></g><g v="3per"></g><g v="pres"></g><g v="indc"></g></l></v><v><l id="37265" t="есть"><g v="VERB"></g><g v="impf"></g><g v="intr"></g><g v="plur"></g><g v="3per"></g><g v="pres"></g><g v="indc"></g></l></v></tfr></token><token id="557797" text="ли"><tfr rev_id="4466643" t="ли"><v><l id="148847" t="ли"><g v="CONJ"></g></l></v><v><l id="148848" t="ли"><g v="PRCL"></g></l></v></tfr></token><token id="557798" text="способ"><tfr rev_id="1390881" t="способ"><v><l id="332835" t="способ"><g v="NOUN"></g><g v="inan"></g><g v="masc"></g><g v="sing"></g><g v="nomn"></g></l></v><v><l id="332835" t="способ"><g v="NOUN"></g><g v="inan"></g><g v="masc"></g><g v="sing"></g><g v="accs"></g></l></v></tfr></token><token id="557799" text="спасти"><tfr rev_id="1390882" t="спасти"><v><l id="331593" t="спасти"><g v="INFN"></g><g v="perf"></g><g v="tran"></g></l></v></tfr></token><token id="557800" text="российские"><tfr rev_id="3808695" t="российские"><v><l id="309319" t="российский"><g v="ADJF"></g><g v="inan"></g><g v="plur"></g><g v="accs"></g></l></v></tfr></token><token id="557801" text="моногорода"><tfr rev_id="4253018" t="моногорода"><v><l id="390142" t="моногород"><g v="NOUN"></g><g v="inan"></g><g v="masc"></g><g v="plur"></g><g v="accs"></g></l></v></tfr></token><token id="557802" text=","><tfr rev_id="1390885" t=","><v><l id="0" t=","><g v="PNCT"></g></l></v></tfr></token><token id="557803" text="читайте"><tfr rev_id="1390886" t="читайте"><v><l id="376719" t="читаю"><g v="VERB"></g><g v="impf"></g><g v="tran"></g><g v="plur"></g><g v="impr"></g><g v="excl"></g></l></v></tfr></token><token id="557804" text="в"><tfr rev_id="1390887" t="в"><v><l id="37409" t="в"><g v="PREP"></g></l></v></tfr></token><token id="557805" text="статье"><tfr rev_id="3447232" t="статье"><v><l id="335173" t="статья"><g v="NOUN"></g><g v="inan"></g><g v="femn"></g><g v="sing"></g><g v="loct"></g></l></v></tfr></token><token id="557806" text="Частного"><tfr rev_id="4311242" t="Частного"><v><l id="374795" t="частный"><g v="ADJF"></g><g v="Qual"></g><g v="masc"></g><g v="sing"></g><g v="gent"></g></l></v><v><l id="374795" t="частный"><g v="ADJF"></g><g v="Qual"></g><g v="anim"></g><g v="masc"></g><g v="sing"></g><g v="accs"></g></l></v></tfr></token><token id="557807" text="корреспондента"><tfr rev_id="3546792" t="корреспондента"><v><l id="140239" t="корреспондент"><g v="NOUN"></g><g v="anim"></g><g v="masc"></g><g v="sing"></g><g v="gent"></g></l></v></tfr></token><token id="557808" text="«"><tfr rev_id="2441943" t="«"><v><l id="0" t="«"><g v="PNCT"></g></l></v></tfr></token><token id="557809" text="Чем"><tfr rev_id="4360961" t="Чем"><v><l id="377005" t="что"><g v="NPRO"></g><g v="neut"></g><g v="sing"></g><g v="ablt"></g></l></v></tfr></token><token id="557810" text="загрузить"><tfr rev_id="1390893" t="загрузить"><v><l id="101138" t="загрузить"><g v="INFN"></g><g v="perf"></g><g v="tran"></g></l></v></tfr></token><token id="557811" text="моногорода"><tfr rev_id="4252203" t="моногорода"><v><l id="390142" t="моногород"><g v="NOUN"></g><g v="inan"></g><g v="masc"></g><g v="plur"></g><g v="accs"></g></l></v></tfr></token><token id="557812" text="»"><tfr rev_id="2441944" t="»"><v><l id="0" t="»"><g v="PNCT"></g></l></v></tfr></token></tokens></sentence></paragraph></paragraphs></text>