<?xml version="1.0" encoding="utf-8"?><text id="1012" parent="226" name="23650 Президент предложил Фурсенко пройти тест на грамотность"><tags><tag>url:http://www.chaskor.ru/news/prezident_predlozhil_fursenko_projti_test_na_gramotnost_23650</tag><tag>Год:2011</tag><tag>Дата:06/06</tag><tag>Тема:ЧасКор:Общество</tag><tag>Тема:ЧасКор:Общество/Образование</tag></tags><paragraphs><paragraph id="9947"><sentence id="31142"><source>Президент предложил Фурсенко пройти тест на грамотность</source><tokens><token id="558314" text="Президент"><tfr rev_id="1391397" t="Президент"><v><l id="267449" t="президент"><g v="NOUN"></g><g v="anim"></g><g v="masc"></g><g v="sing"></g><g v="nomn"></g></l></v></tfr></token><token id="558315" text="предложил"><tfr rev_id="1391398" t="предложил"><v><l id="266540" t="предложил"><g v="VERB"></g><g v="perf"></g><g v="tran"></g><g v="masc"></g><g v="sing"></g><g v="past"></g><g v="indc"></g></l></v></tfr></token><token id="558316" text="Фурсенко"><tfr rev_id="4327454" t="Фурсенко"><v><l id="389012" t="фурсенко"><g v="NOUN"></g><g v="anim"></g><g v="ms-f"></g><g v="Fixd"></g><g v="Surn"></g><g v="sing"></g><g v="nomn"></g></l></v><v><l id="389012" t="фурсенко"><g v="NOUN"></g><g v="anim"></g><g v="ms-f"></g><g v="Fixd"></g><g v="Surn"></g><g v="sing"></g><g v="gent"></g></l></v><v><l id="389012" t="фурсенко"><g v="NOUN"></g><g v="anim"></g><g v="ms-f"></g><g v="Fixd"></g><g v="Surn"></g><g v="sing"></g><g v="datv"></g></l></v><v><l id="389012" t="фурсенко"><g v="NOUN"></g><g v="anim"></g><g v="ms-f"></g><g v="Fixd"></g><g v="Surn"></g><g v="sing"></g><g v="accs"></g></l></v><v><l id="389012" t="фурсенко"><g v="NOUN"></g><g v="anim"></g><g v="ms-f"></g><g v="Fixd"></g><g v="Surn"></g><g v="sing"></g><g v="ablt"></g></l></v><v><l id="389012" t="фурсенко"><g v="NOUN"></g><g v="anim"></g><g v="ms-f"></g><g v="Fixd"></g><g v="Surn"></g><g v="sing"></g><g v="loct"></g></l></v></tfr></token><token id="558317" text="пройти"><tfr rev_id="1391400" t="пройти"><v><l id="280311" t="пройти"><g v="INFN"></g><g v="perf"></g><g v="tran"></g></l></v></tfr></token><token id="558318" text="тест"><tfr rev_id="3508843" t="тест"><v><l id="345755" t="тест"><g v="NOUN"></g><g v="inan"></g><g v="masc"></g><g v="sing"></g><g v="nomn"></g></l></v><v><l id="345755" t="тест"><g v="NOUN"></g><g v="inan"></g><g v="masc"></g><g v="sing"></g><g v="accs"></g></l></v></tfr></token><token id="558319" text="на"><tfr rev_id="3393852" t="на"><v><l id="166264" t="на"><g v="PREP"></g></l></v></tfr></token><token id="558320" text="грамотность"><tfr rev_id="4233489" t="грамотность"><v><l id="74596" t="грамотность"><g v="NOUN"></g><g v="inan"></g><g v="femn"></g><g v="sing"></g><g v="accs"></g></l></v></tfr></token></tokens></sentence><sentence id="31143"><source>Своё предложение министру глава государства сделал после ознакомления с «интерактивным диктантом».</source><tokens><token id="558321" text="Своё"><tfr rev_id="3632793" t="Своё"><v><l id="316379" t="свой"><g v="ADJF"></g><g v="Apro"></g><g v="Anph"></g><g v="neut"></g><g v="sing"></g><g v="nomn"></g></l></v><v><l id="316379" t="свой"><g v="ADJF"></g><g v="Apro"></g><g v="Anph"></g><g v="neut"></g><g v="sing"></g><g v="accs"></g></l></v></tfr></token><token id="558322" text="предложение"><tfr rev_id="1391405" t="предложение"><v><l id="266539" t="предложение"><g v="NOUN"></g><g v="inan"></g><g v="neut"></g><g v="sing"></g><g v="nomn"></g></l></v><v><l id="266539" t="предложение"><g v="NOUN"></g><g v="inan"></g><g v="neut"></g><g v="sing"></g><g v="accs"></g></l></v></tfr></token><token id="558323" text="министру"><tfr rev_id="1391406" t="министру"><v><l id="160614" t="министр"><g v="NOUN"></g><g v="anim"></g><g v="masc"></g><g v="sing"></g><g v="datv"></g></l></v></tfr></token><token id="558324" text="глава"><tfr rev_id="4572288" t="глава"><v><l id="70790" t="глава"><g v="NOUN"></g><g v="anim"></g><g v="ms-f"></g><g v="sing"></g><g v="nomn"></g></l></v></tfr></token><token id="558325" text="государства"><tfr rev_id="3487081" t="государства"><v><l id="74164" t="государство"><g v="NOUN"></g><g v="inan"></g><g v="neut"></g><g v="sing"></g><g v="gent"></g></l></v></tfr></token><token id="558326" text="сделал"><tfr rev_id="1391409" t="сделал"><v><l id="317246" t="сделал"><g v="VERB"></g><g v="perf"></g><g v="tran"></g><g v="masc"></g><g v="sing"></g><g v="past"></g><g v="indc"></g></l></v></tfr></token><token id="558327" text="после"><tfr rev_id="4574347" t="после"><v><l id="261542" t="после"><g v="PREP"></g></l></v></tfr></token><token id="558328" text="ознакомления"><tfr rev_id="3436888" t="ознакомления"><v><l id="204263" t="ознакомление"><g v="NOUN"></g><g v="inan"></g><g v="neut"></g><g v="sing"></g><g v="gent"></g></l></v></tfr></token><token id="558329" text="с"><tfr rev_id="1391412" t="с"><v><l id="311151" t="с"><g v="PREP"></g></l></v></tfr></token><token id="558330" text="«"><tfr rev_id="2441973" t="«"><v><l id="0" t="«"><g v="PNCT"></g></l></v></tfr></token><token id="558331" text="интерактивным"><tfr rev_id="4412245" t="интерактивным"><v><l id="123122" t="интерактивный"><g v="ADJF"></g><g v="masc"></g><g v="sing"></g><g v="ablt"></g></l></v></tfr></token><token id="558332" text="диктантом"><tfr rev_id="1391415" t="диктантом"><v><l id="83820" t="диктант"><g v="NOUN"></g><g v="inan"></g><g v="masc"></g><g v="sing"></g><g v="ablt"></g></l></v></tfr></token><token id="558333" text="»"><tfr rev_id="2441974" t="»"><v><l id="0" t="»"><g v="PNCT"></g></l></v></tfr></token><token id="558334" text="."><tfr rev_id="1391417" t="."><v><l id="0" t="."><g v="PNCT"></g></l></v></tfr></token></tokens></sentence></paragraph><paragraph id="9948"><sentence id="31144"><source>Дмитрий Медведев в ходе посещения Государственного института русского языка им. Пушкина предложил министру образования и науки пройти тест на грамотность.</source><tokens><token id="558335" text="Дмитрий"><tfr rev_id="3470893" t="Дмитрий"><v><l id="85055" t="дмитрий"><g v="NOUN"></g><g v="anim"></g><g v="masc"></g><g v="Name"></g><g v="sing"></g><g v="nomn"></g></l></v></tfr></token><token id="558336" text="Медведев"><tfr rev_id="1391419" t="Медведев"><v><l id="156959" t="медведев"><g v="NOUN"></g><g v="anim"></g><g v="masc"></g><g v="Sgtm"></g><g v="Surn"></g><g v="sing"></g><g v="nomn"></g></l></v></tfr></token><token id="558337" text="в"><tfr rev_id="1391420" t="в"><v><l id="37409" t="в"><g v="PREP"></g></l></v></tfr></token><token id="558338" text="ходе"><tfr rev_id="1391421" t="ходе"><v><l id="371078" t="ход"><g v="NOUN"></g><g v="inan"></g><g v="masc"></g><g v="sing"></g><g v="loc1"></g></l></v></tfr></token><token id="558339" text="посещения"><tfr rev_id="1391422" t="посещения"><v><l id="261333" t="посещение"><g v="NOUN"></g><g v="inan"></g><g v="neut"></g><g v="sing"></g><g v="gent"></g></l></v><v><l id="261333" t="посещение"><g v="NOUN"></g><g v="inan"></g><g v="neut"></g><g v="plur"></g><g v="nomn"></g></l></v><v><l id="261333" t="посещение"><g v="NOUN"></g><g v="inan"></g><g v="neut"></g><g v="plur"></g><g v="accs"></g></l></v></tfr></token><token id="558340" text="Государственного"><tfr rev_id="3285226" t="Государственного"><v><l id="74161" t="государственный"><g v="ADJF"></g><g v="masc"></g><g v="sing"></g><g v="gent"></g></l></v><v><l id="74161" t="государственный"><g v="ADJF"></g><g v="anim"></g><g v="masc"></g><g v="sing"></g><g v="accs"></g></l></v></tfr></token><token id="558341" text="института"><tfr rev_id="1391424" t="института"><v><l id="122879" t="институт"><g v="NOUN"></g><g v="inan"></g><g v="masc"></g><g v="sing"></g><g v="gent"></g></l></v></tfr></token><token id="558342" text="русского"><tfr rev_id="3530884" t="русского"><v><l id="310321" t="русский"><g v="ADJF"></g><g v="Subx"></g><g v="masc"></g><g v="sing"></g><g v="gent"></g></l></v><v><l id="310321" t="русский"><g v="ADJF"></g><g v="Subx"></g><g v="anim"></g><g v="masc"></g><g v="sing"></g><g v="accs"></g></l></v></tfr></token><token id="558343" text="языка"><tfr rev_id="4389565" t="языка"><v><l id="387572" t="язык"><g v="NOUN"></g><g v="anim"></g><g v="masc"></g><g v="sing"></g><g v="gent"></g></l></v><v><l id="387573" t="язык"><g v="NOUN"></g><g v="inan"></g><g v="masc"></g><g v="sing"></g><g v="gent"></g></l></v></tfr></token><token id="558344" text="им"><tfr rev_id="3726306" t="им"><v><l id="121947" t="имя"><g v="NOUN"></g><g v="inan"></g><g v="neut"></g><g v="sing"></g><g v="gent"></g><g v="Abbr"></g></l></v></tfr></token><token id="558345" text="."><tfr rev_id="1391428" t="."><v><l id="0" t="."><g v="PNCT"></g></l></v></tfr></token><token id="558346" text="Пушкина"><tfr rev_id="4398482" t="Пушкина"><v><l id="289756" t="пушкин"><g v="NOUN"></g><g v="anim"></g><g v="masc"></g><g v="Sgtm"></g><g v="Surn"></g><g v="sing"></g><g v="gent"></g></l></v></tfr></token><token id="558347" text="предложил"><tfr rev_id="1391430" t="предложил"><v><l id="266540" t="предложил"><g v="VERB"></g><g v="perf"></g><g v="tran"></g><g v="masc"></g><g v="sing"></g><g v="past"></g><g v="indc"></g></l></v></tfr></token><token id="558348" text="министру"><tfr rev_id="1391431" t="министру"><v><l id="160614" t="министр"><g v="NOUN"></g><g v="anim"></g><g v="masc"></g><g v="sing"></g><g v="datv"></g></l></v></tfr></token><token id="558349" text="образования"><tfr rev_id="3441223" t="образования"><v><l id="198798" t="образование"><g v="NOUN"></g><g v="inan"></g><g v="neut"></g><g v="sing"></g><g v="gent"></g></l></v></tfr></token><token id="558350" text="и"><tfr rev_id="1391433" t="и"><v><l id="116949" t="и"><g v="CONJ"></g></l></v><v><l id="116950" t="и"><g v="INTJ"></g></l></v></tfr></token><token id="558351" text="науки"><tfr rev_id="3434719" t="науки"><v><l id="177429" t="наука"><g v="NOUN"></g><g v="inan"></g><g v="femn"></g><g v="sing"></g><g v="gent"></g></l></v></tfr></token><token id="558352" text="пройти"><tfr rev_id="1391435" t="пройти"><v><l id="280311" t="пройти"><g v="INFN"></g><g v="perf"></g><g v="tran"></g></l></v></tfr></token><token id="558353" text="тест"><tfr rev_id="2756983" t="тест"><v><l id="345755" t="тест"><g v="NOUN"></g><g v="inan"></g><g v="masc"></g><g v="sing"></g><g v="nomn"></g></l></v><v><l id="345755" t="тест"><g v="NOUN"></g><g v="inan"></g><g v="masc"></g><g v="sing"></g><g v="accs"></g></l></v></tfr></token><token id="558354" text="на"><tfr rev_id="3475234" t="на"><v><l id="166264" t="на"><g v="PREP"></g></l></v></tfr></token><token id="558355" text="грамотность"><tfr rev_id="3861197" t="грамотность"><v><l id="74596" t="грамотность"><g v="NOUN"></g><g v="inan"></g><g v="femn"></g><g v="sing"></g><g v="accs"></g></l></v></tfr></token><token id="558356" text="."><tfr rev_id="1391439" t="."><v><l id="0" t="."><g v="PNCT"></g></l></v></tfr></token></tokens></sentence><sentence id="31145"><source>Предложение президента последовало после ознакомления с «интерактивным диктантом», который разработали создатели сайта «Грамота.Ру».</source><tokens><token id="558357" text="Предложение"><tfr rev_id="4095995" t="Предложение"><v><l id="266539" t="предложение"><g v="NOUN"></g><g v="inan"></g><g v="neut"></g><g v="sing"></g><g v="nomn"></g></l></v></tfr></token><token id="558358" text="президента"><tfr rev_id="3546756" t="президента"><v><l id="267449" t="президент"><g v="NOUN"></g><g v="anim"></g><g v="masc"></g><g v="sing"></g><g v="gent"></g></l></v></tfr></token><token id="558359" text="последовало"><tfr rev_id="1391442" t="последовало"><v><l id="261579" t="последовал"><g v="VERB"></g><g v="perf"></g><g v="intr"></g><g v="neut"></g><g v="sing"></g><g v="past"></g><g v="indc"></g></l></v></tfr></token><token id="558360" text="после"><tfr rev_id="4403779" t="после"><v><l id="261542" t="после"><g v="PREP"></g></l></v></tfr></token><token id="558361" text="ознакомления"><tfr rev_id="3493640" t="ознакомления"><v><l id="204263" t="ознакомление"><g v="NOUN"></g><g v="inan"></g><g v="neut"></g><g v="sing"></g><g v="gent"></g></l></v></tfr></token><token id="558362" text="с"><tfr rev_id="1391445" t="с"><v><l id="311151" t="с"><g v="PREP"></g></l></v></tfr></token><token id="558363" text="«"><tfr rev_id="2441975" t="«"><v><l id="0" t="«"><g v="PNCT"></g></l></v></tfr></token><token id="558364" text="интерактивным"><tfr rev_id="3466087" t="интерактивным"><v><l id="123122" t="интерактивный"><g v="ADJF"></g><g v="masc"></g><g v="sing"></g><g v="ablt"></g></l></v><v><l id="123122" t="интерактивный"><g v="ADJF"></g><g v="neut"></g><g v="sing"></g><g v="ablt"></g></l></v></tfr></token><token id="558365" text="диктантом"><tfr rev_id="1391448" t="диктантом"><v><l id="83820" t="диктант"><g v="NOUN"></g><g v="inan"></g><g v="masc"></g><g v="sing"></g><g v="ablt"></g></l></v></tfr></token><token id="558366" text="»"><tfr rev_id="2441976" t="»"><v><l id="0" t="»"><g v="PNCT"></g></l></v></tfr></token><token id="558367" text=","><tfr rev_id="1391450" t=","><v><l id="0" t=","><g v="PNCT"></g></l></v></tfr></token><token id="558368" text="который"><tfr rev_id="3637347" t="который"><v><l id="141203" t="который"><g v="ADJF"></g><g v="Apro"></g><g v="Subx"></g><g v="Anph"></g><g v="masc"></g><g v="sing"></g><g v="nomn"></g></l></v><v><l id="141203" t="который"><g v="ADJF"></g><g v="Apro"></g><g v="Subx"></g><g v="Anph"></g><g v="inan"></g><g v="masc"></g><g v="sing"></g><g v="accs"></g></l></v></tfr></token><token id="558369" text="разработали"><tfr rev_id="1391452" t="разработали"><v><l id="296475" t="разработал"><g v="VERB"></g><g v="perf"></g><g v="tran"></g><g v="plur"></g><g v="past"></g><g v="indc"></g></l></v></tfr></token><token id="558370" text="создатели"><tfr rev_id="1391453" t="создатели"><v><l id="328583" t="создатель"><g v="NOUN"></g><g v="anim"></g><g v="masc"></g><g v="plur"></g><g v="nomn"></g></l></v></tfr></token><token id="558371" text="сайта"><tfr rev_id="1391454" t="сайта"><v><l id="311674" t="сайт"><g v="NOUN"></g><g v="inan"></g><g v="masc"></g><g v="sing"></g><g v="gent"></g></l></v></tfr></token><token id="558372" text="«"><tfr rev_id="2441977" t="«"><v><l id="0" t="«"><g v="PNCT"></g></l></v></tfr></token><token id="558373" text="Грамота.Ру"><tfr rev_id="1391456" t="Грамота.Ру"><v><l id="0" t="Грамота.Ру"><g v="UNKN"></g></l></v></tfr></token><token id="558374" text="»"><tfr rev_id="2441978" t="»"><v><l id="0" t="»"><g v="PNCT"></g></l></v></tfr></token><token id="558375" text="."><tfr rev_id="1391458" t="."><v><l id="0" t="."><g v="PNCT"></g></l></v></tfr></token></tokens></sentence><sentence id="31146"><source>«Может быть, кого-нибудь проверить?</source><tokens><token id="558376" text="«"><tfr rev_id="2441979" t="«"><v><l id="0" t="«"><g v="PNCT"></g></l></v></tfr></token><token id="558377" text="Может"><tfr rev_id="4212406" t="Может"><v><l id="164485" t="могу"><g v="VERB"></g><g v="impf"></g><g v="intr"></g><g v="sing"></g><g v="3per"></g><g v="pres"></g><g v="indc"></g></l></v></tfr></token><token id="558378" text="быть"><tfr rev_id="1391461" t="быть"><v><l id="37266" t="быть"><g v="INFN"></g><g v="impf"></g><g v="intr"></g></l></v></tfr></token><token id="558379" text=","><tfr rev_id="1391462" t=","><v><l id="0" t=","><g v="PNCT"></g></l></v></tfr></token><token id="558380" text="кого-нибудь"><tfr rev_id="2850057" t="кого-нибудь"><v><l id="144218" t="кто-нибудь"><g v="NPRO"></g><g v="masc"></g><g v="sing"></g><g v="accs"></g></l></v></tfr></token><token id="558381" text="проверить"><tfr rev_id="1391464" t="проверить"><v><l id="277754" t="проверить"><g v="INFN"></g><g v="perf"></g><g v="tran"></g></l></v></tfr></token><token id="558382" text="?"><tfr rev_id="1391465" t="?"><v><l id="0" t="?"><g v="PNCT"></g></l></v></tfr></token></tokens></sentence><sentence id="31147"><source>Например, министра образования.</source><tokens><token id="558383" text="Например"><tfr rev_id="1391466" t="Например"><v><l id="174036" t="например"><g v="CONJ"></g><g v="Prnt"></g></l></v></tfr></token><token id="558384" text=","><tfr rev_id="1391467" t=","><v><l id="0" t=","><g v="PNCT"></g></l></v></tfr></token><token id="558385" text="министра"><tfr rev_id="3721652" t="министра"><v><l id="160614" t="министр"><g v="NOUN"></g><g v="anim"></g><g v="masc"></g><g v="sing"></g><g v="accs"></g></l></v></tfr></token><token id="558386" text="образования"><tfr rev_id="1716852" t="образования"><v><l id="198798" t="образование"><g v="NOUN"></g><g v="inan"></g><g v="neut"></g><g v="sing"></g><g v="gent"></g></l></v></tfr></token><token id="558387" text="."><tfr rev_id="1391470" t="."><v><l id="0" t="."><g v="PNCT"></g></l></v></tfr></token></tokens></sentence><sentence id="31148"><source>Сам-то я подставляться не хочу по понятным причинам»,</source><tokens><token id="558388" text="Сам"><tfr rev_id="4097706" t="Сам"><v><l id="312034" t="сам"><g v="ADJF"></g><g v="Apro"></g><g v="masc"></g><g v="sing"></g><g v="nomn"></g></l></v></tfr></token><token id="558389" text="-"><tfr rev_id="1391472" t="-"><v><l id="0" t="-"><g v="PNCT"></g></l></v></tfr></token><token id="558390" text="то"><tfr rev_id="3777423" t="то"><v><l id="346835" t="то"><g v="CONJ"></g></l></v><v><l id="346836" t="то"><g v="PRCL"></g></l></v><v><l id="348430" t="тот"><g v="ADJF"></g><g v="Subx"></g><g v="Apro"></g><g v="Anph"></g><g v="neut"></g><g v="sing"></g><g v="nomn"></g></l></v><v><l id="348430" t="тот"><g v="ADJF"></g><g v="Subx"></g><g v="Apro"></g><g v="Anph"></g><g v="neut"></g><g v="sing"></g><g v="accs"></g></l></v></tfr></token><token id="558391" text="я"><tfr rev_id="1391474" t="я"><v><l id="387317" t="я"><g v="NPRO"></g><g v="1per"></g><g v="sing"></g><g v="nomn"></g></l></v></tfr></token><token id="558392" text="подставляться"><tfr rev_id="1391475" t="подставляться"><v><l id="250797" t="подставляться"><g v="INFN"></g><g v="impf"></g><g v="intr"></g></l></v></tfr></token><token id="558393" text="не"><tfr rev_id="1391476" t="не"><v><l id="178876" t="не"><g v="PRCL"></g></l></v></tfr></token><token id="558394" text="хочу"><tfr rev_id="1391477" t="хочу"><v><l id="371713" t="хочу"><g v="VERB"></g><g v="impf"></g><g v="tran"></g><g v="sing"></g><g v="1per"></g><g v="pres"></g><g v="indc"></g></l></v></tfr></token><token id="558395" text="по"><tfr rev_id="1391478" t="по"><v><l id="241240" t="по"><g v="PREP"></g></l></v></tfr></token><token id="558396" text="понятным"><tfr rev_id="3669180" t="понятным"><v><l id="258705" t="понятный"><g v="ADJF"></g><g v="Qual"></g><g v="plur"></g><g v="datv"></g></l></v></tfr></token><token id="558397" text="причинам"><tfr rev_id="1391480" t="причинам"><v><l id="276522" t="причина"><g v="NOUN"></g><g v="inan"></g><g v="femn"></g><g v="plur"></g><g v="datv"></g></l></v></tfr></token><token id="558398" text="»"><tfr rev_id="2441980" t="»"><v><l id="0" t="»"><g v="PNCT"></g></l></v></tfr></token><token id="558399" text=","><tfr rev_id="1391482" t=","><v><l id="0" t=","><g v="PNCT"></g></l></v></tfr></token></tokens></sentence><sentence id="31149"><source>— цитирует «Лента.ру» главу государства.</source><tokens><token id="558400" text="—"><tfr rev_id="2441981" t="—"><v><l id="0" t="—"><g v="PNCT"></g></l></v></tfr></token><token id="558401" text="цитирует"><tfr rev_id="1391484" t="цитирует"><v><l id="374102" t="цитирую"><g v="VERB"></g><g v="impf"></g><g v="tran"></g><g v="sing"></g><g v="3per"></g><g v="pres"></g><g v="indc"></g></l></v></tfr></token><token id="558402" text="«"><tfr rev_id="2441982" t="«"><v><l id="0" t="«"><g v="PNCT"></g></l></v></tfr></token><token id="558403" text="Лента.ру"><tfr rev_id="4568249" t="Лента.ру"><v><l id="393363" t="лента.ру"><g v="NOUN"></g><g v="inan"></g><g v="femn"></g><g v="Sgtm"></g><g v="Orgn"></g><g v="sing"></g><g v="nomn"></g></l></v></tfr></token><token id="558404" text="»"><tfr rev_id="2441983" t="»"><v><l id="0" t="»"><g v="PNCT"></g></l></v></tfr></token><token id="558405" text="главу"><tfr rev_id="4526429" t="главу"><v><l id="70790" t="глава"><g v="NOUN"></g><g v="anim"></g><g v="ms-f"></g><g v="sing"></g><g v="accs"></g></l></v></tfr></token><token id="558406" text="государства"><tfr rev_id="3452420" t="государства"><v><l id="74164" t="государство"><g v="NOUN"></g><g v="inan"></g><g v="neut"></g><g v="sing"></g><g v="gent"></g></l></v></tfr></token><token id="558407" text="."><tfr rev_id="1391490" t="."><v><l id="0" t="."><g v="PNCT"></g></l></v></tfr></token></tokens></sentence><sentence id="31150"><source>Фурсенко от прохождения теста уклонился фразой: «В следующий раз».</source><tokens><token id="558408" text="Фурсенко"><tfr rev_id="4327455" t="Фурсенко"><v><l id="389012" t="фурсенко"><g v="NOUN"></g><g v="anim"></g><g v="ms-f"></g><g v="Fixd"></g><g v="Surn"></g><g v="sing"></g><g v="nomn"></g></l></v></tfr></token><token id="558409" text="от"><tfr rev_id="1391492" t="от"><v><l id="211644" t="от"><g v="PREP"></g></l></v></tfr></token><token id="558410" text="прохождения"><tfr rev_id="3487874" t="прохождения"><v><l id="287208" t="прохождение"><g v="NOUN"></g><g v="inan"></g><g v="neut"></g><g v="sing"></g><g v="gent"></g></l></v></tfr></token><token id="558411" text="теста"><tfr rev_id="3715005" t="теста"><v><l id="345755" t="тест"><g v="NOUN"></g><g v="inan"></g><g v="masc"></g><g v="sing"></g><g v="gent"></g></l></v></tfr></token><token id="558412" text="уклонился"><tfr rev_id="1391495" t="уклонился"><v><l id="356148" t="уклонился"><g v="VERB"></g><g v="perf"></g><g v="intr"></g><g v="masc"></g><g v="sing"></g><g v="past"></g><g v="indc"></g></l></v></tfr></token><token id="558413" text="фразой"><tfr rev_id="1391496" t="фразой"><v><l id="367878" t="фраза"><g v="NOUN"></g><g v="inan"></g><g v="femn"></g><g v="sing"></g><g v="ablt"></g></l></v></tfr></token><token id="558414" text=":"><tfr rev_id="1391497" t=":"><v><l id="0" t=":"><g v="PNCT"></g></l></v></tfr></token><token id="558415" text="«"><tfr rev_id="2441984" t="«"><v><l id="0" t="«"><g v="PNCT"></g></l></v></tfr></token><token id="558416" text="В"><tfr rev_id="1391499" t="В"><v><l id="37409" t="в"><g v="PREP"></g></l></v></tfr></token><token id="558417" text="следующий"><tfr rev_id="1391500" t="следующий"><v><l id="324749" t="следующий"><g v="PRTF"></g><g v="impf"></g><g v="intr"></g><g v="pres"></g><g v="actv"></g><g v="masc"></g><g v="sing"></g><g v="nomn"></g></l></v><v><l id="324749" t="следующий"><g v="PRTF"></g><g v="impf"></g><g v="intr"></g><g v="pres"></g><g v="actv"></g><g v="inan"></g><g v="masc"></g><g v="sing"></g><g v="accs"></g></l></v><v><l id="324769" t="следующий"><g v="ADJF"></g><g v="masc"></g><g v="sing"></g><g v="nomn"></g></l></v><v><l id="324769" t="следующий"><g v="ADJF"></g><g v="inan"></g><g v="masc"></g><g v="sing"></g><g v="accs"></g></l></v></tfr></token><token id="558418" text="раз"><tfr rev_id="4510706" t="раз"><v><l id="291500" t="раз"><g v="NOUN"></g><g v="inan"></g><g v="masc"></g><g v="sing"></g><g v="nomn"></g></l></v><v><l id="291500" t="раз"><g v="NOUN"></g><g v="inan"></g><g v="masc"></g><g v="sing"></g><g v="accs"></g></l></v></tfr></token><token id="558419" text="»"><tfr rev_id="2441985" t="»"><v><l id="0" t="»"><g v="PNCT"></g></l></v></tfr></token><token id="558420" text="."><tfr rev_id="1391503" t="."><v><l id="0" t="."><g v="PNCT"></g></l></v></tfr></token></tokens></sentence><sentence id="31151"><source>«То-то и оно», — заметил Медведев.</source><tokens><token id="558421" text="«"><tfr rev_id="2441986" t="«"><v><l id="0" t="«"><g v="PNCT"></g></l></v></tfr></token><token id="558422" text="То-то"><tfr rev_id="1391505" t="То-то"><v><l id="346838" t="то-то"><g v="PRCL"></g></l></v><v><l id="346839" t="то-то"><g v="INTJ"></g></l></v><v><l id="348431" t="тот-то"><g v="ADJF"></g><g v="Apro"></g><g v="neut"></g><g v="sing"></g><g v="nomn"></g></l></v><v><l id="348431" t="тот-то"><g v="ADJF"></g><g v="Apro"></g><g v="neut"></g><g v="sing"></g><g v="accs"></g></l></v></tfr></token><token id="558423" text="и"><tfr rev_id="1391506" t="и"><v><l id="116949" t="и"><g v="CONJ"></g></l></v><v><l id="116950" t="и"><g v="INTJ"></g></l></v></tfr></token><token id="558424" text="оно"><tfr rev_id="3590761" t="оно"><v><l id="206649" t="оно"><g v="NPRO"></g><g v="neut"></g><g v="3per"></g><g v="Anph"></g><g v="sing"></g><g v="nomn"></g></l></v></tfr></token><token id="558425" text="»"><tfr rev_id="2441987" t="»"><v><l id="0" t="»"><g v="PNCT"></g></l></v></tfr></token><token id="558426" text=","><tfr rev_id="1391509" t=","><v><l id="0" t=","><g v="PNCT"></g></l></v></tfr></token><token id="558427" text="—"><tfr rev_id="2441988" t="—"><v><l id="0" t="—"><g v="PNCT"></g></l></v></tfr></token><token id="558428" text="заметил"><tfr rev_id="1391511" t="заметил"><v><l id="105525" t="заметил"><g v="VERB"></g><g v="perf"></g><g v="tran"></g><g v="masc"></g><g v="sing"></g><g v="past"></g><g v="indc"></g></l></v></tfr></token><token id="558429" text="Медведев"><tfr rev_id="1391512" t="Медведев"><v><l id="156959" t="медведев"><g v="NOUN"></g><g v="anim"></g><g v="masc"></g><g v="Sgtm"></g><g v="Surn"></g><g v="sing"></g><g v="nomn"></g></l></v></tfr></token><token id="558430" text="."><tfr rev_id="1391513" t="."><v><l id="0" t="."><g v="PNCT"></g></l></v></tfr></token></tokens></sentence></paragraph><paragraph id="9949"><sentence id="31152"><source>Посещение президентом института русского языка было приурочено ко дню рождения Александра Пушкина, а также ко Дню русского языка, который Медведев, как сообщает его пресс-служба, установил 6 июня.</source><tokens><token id="558431" text="Посещение"><tfr rev_id="4102494" t="Посещение"><v><l id="261333" t="посещение"><g v="NOUN"></g><g v="inan"></g><g v="neut"></g><g v="sing"></g><g v="nomn"></g></l></v></tfr></token><token id="558432" text="президентом"><tfr rev_id="1391515" t="президентом"><v><l id="267449" t="президент"><g v="NOUN"></g><g v="anim"></g><g v="masc"></g><g v="sing"></g><g v="ablt"></g></l></v></tfr></token><token id="558433" text="института"><tfr rev_id="1391516" t="института"><v><l id="122879" t="институт"><g v="NOUN"></g><g v="inan"></g><g v="masc"></g><g v="sing"></g><g v="gent"></g></l></v></tfr></token><token id="558434" text="русского"><tfr rev_id="4448625" t="русского"><v><l id="310321" t="русский"><g v="ADJF"></g><g v="Subx"></g><g v="masc"></g><g v="sing"></g><g v="gent"></g></l></v></tfr></token><token id="558435" text="языка"><tfr rev_id="4342628" t="языка"><v><l id="387573" t="язык"><g v="NOUN"></g><g v="inan"></g><g v="masc"></g><g v="sing"></g><g v="gent"></g></l></v></tfr></token><token id="558436" text="было"><tfr rev_id="4256756" t="было"><v><l id="37265" t="есть"><g v="VERB"></g><g v="impf"></g><g v="intr"></g><g v="neut"></g><g v="sing"></g><g v="past"></g><g v="indc"></g></l></v></tfr></token><token id="558437" text="приурочено"><tfr rev_id="1391520" t="приурочено"><v><l id="276014" t="приурочен"><g v="PRTS"></g><g v="perf"></g><g v="past"></g><g v="pssv"></g><g v="neut"></g><g v="sing"></g></l></v></tfr></token><token id="558438" text="ко"><tfr rev_id="2920758" t="ко"><v><l id="127460" t="к"><g v="PREP"></g><g v="Vpre"></g></l></v></tfr></token><token id="558439" text="дню"><tfr rev_id="1391522" t="дню"><v><l id="81427" t="день"><g v="NOUN"></g><g v="inan"></g><g v="masc"></g><g v="sing"></g><g v="datv"></g></l></v></tfr></token><token id="558440" text="рождения"><tfr rev_id="3483533" t="рождения"><v><l id="308457" t="рождение"><g v="NOUN"></g><g v="inan"></g><g v="neut"></g><g v="sing"></g><g v="gent"></g></l></v></tfr></token><token id="558441" text="Александра"><tfr rev_id="4292920" t="Александра"><v><l id="8527" t="александр"><g v="NOUN"></g><g v="anim"></g><g v="masc"></g><g v="Name"></g><g v="sing"></g><g v="gent"></g></l></v><v><l id="8527" t="александр"><g v="NOUN"></g><g v="anim"></g><g v="masc"></g><g v="Name"></g><g v="sing"></g><g v="accs"></g></l></v></tfr></token><token id="558442" text="Пушкина"><tfr rev_id="4403555" t="Пушкина"><v><l id="289756" t="пушкин"><g v="NOUN"></g><g v="anim"></g><g v="masc"></g><g v="Sgtm"></g><g v="Surn"></g><g v="sing"></g><g v="gent"></g></l></v></tfr></token><token id="558443" text=","><tfr rev_id="1391526" t=","><v><l id="0" t=","><g v="PNCT"></g></l></v></tfr></token><token id="558444" text="а"><tfr rev_id="1391527" t="а"><v><l id="51" t="а"><g v="CONJ"></g></l></v><v><l id="52" t="а"><g v="INTJ"></g></l></v><v><l id="53" t="а"><g v="PRCL"></g></l></v></tfr></token><token id="558445" text="также"><tfr rev_id="4267649" t="также"><v><l id="342482" t="также"><g v="PRCL"></g></l></v></tfr></token><token id="558446" text="ко"><tfr rev_id="2920759" t="ко"><v><l id="127460" t="к"><g v="PREP"></g><g v="Vpre"></g></l></v></tfr></token><token id="558447" text="Дню"><tfr rev_id="1391530" t="Дню"><v><l id="81427" t="день"><g v="NOUN"></g><g v="inan"></g><g v="masc"></g><g v="sing"></g><g v="datv"></g></l></v></tfr></token><token id="558448" text="русского"><tfr rev_id="4405775" t="русского"><v><l id="310321" t="русский"><g v="ADJF"></g><g v="Subx"></g><g v="masc"></g><g v="sing"></g><g v="gent"></g></l></v></tfr></token><token id="558449" text="языка"><tfr rev_id="4389746" t="языка"><v><l id="387572" t="язык"><g v="NOUN"></g><g v="anim"></g><g v="masc"></g><g v="sing"></g><g v="gent"></g></l></v><v><l id="387573" t="язык"><g v="NOUN"></g><g v="inan"></g><g v="masc"></g><g v="sing"></g><g v="gent"></g></l></v></tfr></token><token id="558450" text=","><tfr rev_id="1391533" t=","><v><l id="0" t=","><g v="PNCT"></g></l></v></tfr></token><token id="558451" text="который"><tfr rev_id="3637348" t="который"><v><l id="141203" t="который"><g v="ADJF"></g><g v="Apro"></g><g v="Subx"></g><g v="Anph"></g><g v="masc"></g><g v="sing"></g><g v="nomn"></g></l></v><v><l id="141203" t="который"><g v="ADJF"></g><g v="Apro"></g><g v="Subx"></g><g v="Anph"></g><g v="inan"></g><g v="masc"></g><g v="sing"></g><g v="accs"></g></l></v></tfr></token><token id="558452" text="Медведев"><tfr rev_id="1391535" t="Медведев"><v><l id="156959" t="медведев"><g v="NOUN"></g><g v="anim"></g><g v="masc"></g><g v="Sgtm"></g><g v="Surn"></g><g v="sing"></g><g v="nomn"></g></l></v></tfr></token><token id="558453" text=","><tfr rev_id="1391536" t=","><v><l id="0" t=","><g v="PNCT"></g></l></v></tfr></token><token id="558454" text="как"><tfr rev_id="1391537" t="как"><v><l id="128190" t="как"><g v="CONJ"></g></l></v><v><l id="128191" t="как"><g v="PRCL"></g></l></v><v><l id="128192" t="как"><g v="ADVB"></g><g v="Ques"></g></l></v></tfr></token><token id="558455" text="сообщает"><tfr rev_id="1391538" t="сообщает"><v><l id="329538" t="сообщаю"><g v="VERB"></g><g v="impf"></g><g v="tran"></g><g v="sing"></g><g v="3per"></g><g v="pres"></g><g v="indc"></g></l></v></tfr></token><token id="558456" text="его"><tfr rev_id="4457571" t="его"><v><l id="94208" t="его"><g v="ADJF"></g><g v="Fixd"></g><g v="Apro"></g><g v="Anph"></g><g v="femn"></g><g v="sing"></g><g v="nomn"></g></l></v><v><l id="94208" t="его"><g v="ADJF"></g><g v="Fixd"></g><g v="Apro"></g><g v="Anph"></g><g v="femn"></g><g v="sing"></g><g v="gent"></g></l></v><v><l id="94208" t="его"><g v="ADJF"></g><g v="Fixd"></g><g v="Apro"></g><g v="Anph"></g><g v="femn"></g><g v="sing"></g><g v="datv"></g></l></v><v><l id="94208" t="его"><g v="ADJF"></g><g v="Fixd"></g><g v="Apro"></g><g v="Anph"></g><g v="femn"></g><g v="sing"></g><g v="accs"></g></l></v><v><l id="94208" t="его"><g v="ADJF"></g><g v="Fixd"></g><g v="Apro"></g><g v="Anph"></g><g v="femn"></g><g v="sing"></g><g v="ablt"></g></l></v><v><l id="94208" t="его"><g v="ADJF"></g><g v="Fixd"></g><g v="Apro"></g><g v="Anph"></g><g v="femn"></g><g v="sing"></g><g v="loct"></g></l></v></tfr></token><token id="558457" text="пресс-служба"><tfr rev_id="1391540" t="пресс-служба"><v><l id="268250" t="пресс-служба"><g v="NOUN"></g><g v="inan"></g><g v="femn"></g><g v="sing"></g><g v="nomn"></g></l></v></tfr></token><token id="558458" text=","><tfr rev_id="1391541" t=","><v><l id="0" t=","><g v="PNCT"></g></l></v></tfr></token><token id="558459" text="установил"><tfr rev_id="1391542" t="установил"><v><l id="360981" t="установил"><g v="VERB"></g><g v="perf"></g><g v="tran"></g><g v="masc"></g><g v="sing"></g><g v="past"></g><g v="indc"></g></l></v></tfr></token><token id="558460" text="6"><tfr rev_id="2460991" t="6"><v><l id="0" t="6"><g v="NUMB"></g></l></v></tfr></token><token id="558461" text="июня"><tfr rev_id="1391544" t="июня"><v><l id="127302" t="июнь"><g v="NOUN"></g><g v="inan"></g><g v="masc"></g><g v="sing"></g><g v="gent"></g></l></v></tfr></token><token id="558462" text="."><tfr rev_id="1391545" t="."><v><l id="0" t="."><g v="PNCT"></g></l></v></tfr></token></tokens></sentence><sentence id="31153"><source>В указе главы государства говорится, что День русского языка учреждается «в целях сохранения, поддержки и развития русского языка как общенационального достояния народов Российской Федерации, средства международного общения и неотъемлемой части культурного и духовного наследия мировой цивилизации».</source><tokens><token id="558463" text="В"><tfr rev_id="1391546" t="В"><v><l id="37409" t="в"><g v="PREP"></g></l></v></tfr></token><token id="558464" text="указе"><tfr rev_id="1391547" t="указе"><v><l id="355915" t="указ"><g v="NOUN"></g><g v="inan"></g><g v="masc"></g><g v="sing"></g><g v="loct"></g></l></v></tfr></token><token id="558465" text="главы"><tfr rev_id="4526227" t="главы"><v><l id="70790" t="глава"><g v="NOUN"></g><g v="anim"></g><g v="ms-f"></g><g v="sing"></g><g v="gent"></g></l></v></tfr></token><token id="558466" text="государства"><tfr rev_id="3453513" t="государства"><v><l id="74164" t="государство"><g v="NOUN"></g><g v="inan"></g><g v="neut"></g><g v="sing"></g><g v="gent"></g></l></v></tfr></token><token id="558467" text="говорится"><tfr rev_id="1391550" t="говорится"><v><l id="72062" t="говорюсь"><g v="VERB"></g><g v="impf"></g><g v="intr"></g><g v="sing"></g><g v="3per"></g><g v="pres"></g><g v="indc"></g></l></v></tfr></token><token id="558468" text=","><tfr rev_id="1391551" t=","><v><l id="0" t=","><g v="PNCT"></g></l></v></tfr></token><token id="558469" text="что"><tfr rev_id="3196441" t="что"><v><l id="377004" t="что"><g v="CONJ"></g></l></v><v><l id="377005" t="что"><g v="NPRO"></g><g v="neut"></g><g v="sing"></g><g v="nomn"></g></l></v><v><l id="377005" t="что"><g v="NPRO"></g><g v="neut"></g><g v="sing"></g><g v="accs"></g></l></v><v><l id="377006" t="что"><g v="ADVB"></g><g v="Ques"></g></l></v><v><l id="388695" t="что"><g v="PRCL"></g></l></v></tfr></token><token id="558470" text="День"><tfr rev_id="1716128" t="День"><v><l id="81427" t="день"><g v="NOUN"></g><g v="inan"></g><g v="masc"></g><g v="sing"></g><g v="nomn"></g></l></v><v><l id="81427" t="день"><g v="NOUN"></g><g v="inan"></g><g v="masc"></g><g v="sing"></g><g v="accs"></g></l></v></tfr></token><token id="558471" text="русского"><tfr rev_id="4415227" t="русского"><v><l id="310321" t="русский"><g v="ADJF"></g><g v="Subx"></g><g v="masc"></g><g v="sing"></g><g v="gent"></g></l></v></tfr></token><token id="558472" text="языка"><tfr rev_id="4329525" t="языка"><v><l id="387573" t="язык"><g v="NOUN"></g><g v="inan"></g><g v="masc"></g><g v="sing"></g><g v="gent"></g></l></v></tfr></token><token id="558473" text="учреждается"><tfr rev_id="1391556" t="учреждается"><v><l id="363356" t="учреждаюсь"><g v="VERB"></g><g v="impf"></g><g v="intr"></g><g v="sing"></g><g v="3per"></g><g v="pres"></g><g v="indc"></g></l></v></tfr></token><token id="558474" text="«"><tfr rev_id="2441989" t="«"><v><l id="0" t="«"><g v="PNCT"></g></l></v></tfr></token><token id="558475" text="в"><tfr rev_id="1391558" t="в"><v><l id="37409" t="в"><g v="PREP"></g></l></v></tfr></token><token id="558476" text="целях"><tfr rev_id="1391559" t="целях"><v><l id="373216" t="цель"><g v="NOUN"></g><g v="inan"></g><g v="femn"></g><g v="plur"></g><g v="loct"></g></l></v></tfr></token><token id="558477" text="сохранения"><tfr rev_id="3444700" t="сохранения"><v><l id="330987" t="сохранение"><g v="NOUN"></g><g v="inan"></g><g v="neut"></g><g v="sing"></g><g v="gent"></g></l></v></tfr></token><token id="558478" text=","><tfr rev_id="1391561" t=","><v><l id="0" t=","><g v="PNCT"></g></l></v></tfr></token><token id="558479" text="поддержки"><tfr rev_id="3487256" t="поддержки"><v><l id="245415" t="поддержка"><g v="NOUN"></g><g v="inan"></g><g v="femn"></g><g v="sing"></g><g v="gent"></g></l></v></tfr></token><token id="558480" text="и"><tfr rev_id="1391563" t="и"><v><l id="116949" t="и"><g v="CONJ"></g></l></v><v><l id="116950" t="и"><g v="INTJ"></g></l></v></tfr></token><token id="558481" text="развития"><tfr rev_id="3451442" t="развития"><v><l id="292545" t="развитие"><g v="NOUN"></g><g v="inan"></g><g v="neut"></g><g v="sing"></g><g v="gent"></g></l></v></tfr></token><token id="558482" text="русского"><tfr rev_id="4405750" t="русского"><v><l id="310321" t="русский"><g v="ADJF"></g><g v="Subx"></g><g v="masc"></g><g v="sing"></g><g v="gent"></g></l></v></tfr></token><token id="558483" text="языка"><tfr rev_id="4397357" t="языка"><v><l id="387572" t="язык"><g v="NOUN"></g><g v="anim"></g><g v="masc"></g><g v="sing"></g><g v="gent"></g></l></v><v><l id="387573" t="язык"><g v="NOUN"></g><g v="inan"></g><g v="masc"></g><g v="sing"></g><g v="gent"></g></l></v></tfr></token><token id="558484" text="как"><tfr rev_id="1391567" t="как"><v><l id="128190" t="как"><g v="CONJ"></g></l></v><v><l id="128191" t="как"><g v="PRCL"></g></l></v><v><l id="128192" t="как"><g v="ADVB"></g><g v="Ques"></g></l></v></tfr></token><token id="558485" text="общенационального"><tfr rev_id="3549240" t="общенационального"><v><l id="201510" t="общенациональный"><g v="ADJF"></g><g v="neut"></g><g v="sing"></g><g v="gent"></g></l></v></tfr></token><token id="558486" text="достояния"><tfr rev_id="3500559" t="достояния"><v><l id="90605" t="достояние"><g v="NOUN"></g><g v="inan"></g><g v="neut"></g><g v="sing"></g><g v="gent"></g></l></v></tfr></token><token id="558487" text="народов"><tfr rev_id="1391570" t="народов"><v><l id="174699" t="народ"><g v="NOUN"></g><g v="inan"></g><g v="masc"></g><g v="plur"></g><g v="gent"></g></l></v></tfr></token><token id="558488" text="Российской"><tfr rev_id="4423587" t="Российской"><v><l id="309319" t="российский"><g v="ADJF"></g><g v="femn"></g><g v="sing"></g><g v="gent"></g></l></v></tfr></token><token id="558489" text="Федерации"><tfr rev_id="4277699" t="Федерации"><v><l id="364940" t="федерация"><g v="NOUN"></g><g v="inan"></g><g v="femn"></g><g v="sing"></g><g v="gent"></g></l></v></tfr></token><token id="558490" text=","><tfr rev_id="1391573" t=","><v><l id="0" t=","><g v="PNCT"></g></l></v></tfr></token><token id="558491" text="средства"><tfr rev_id="3469194" t="средства"><v><l id="333716" t="средство"><g v="NOUN"></g><g v="inan"></g><g v="neut"></g><g v="sing"></g><g v="gent"></g></l></v></tfr></token><token id="558492" text="международного"><tfr rev_id="3408224" t="международного"><v><l id="157346" t="международный"><g v="ADJF"></g><g v="neut"></g><g v="sing"></g><g v="gent"></g></l></v></tfr></token><token id="558493" text="общения"><tfr rev_id="3492164" t="общения"><v><l id="201514" t="общение"><g v="NOUN"></g><g v="inan"></g><g v="neut"></g><g v="sing"></g><g v="gent"></g></l></v></tfr></token><token id="558494" text="и"><tfr rev_id="1391577" t="и"><v><l id="116949" t="и"><g v="CONJ"></g></l></v><v><l id="116950" t="и"><g v="INTJ"></g></l></v></tfr></token><token id="558495" text="неотъемлемой"><tfr rev_id="4173103" t="неотъемлемой"><v><l id="185470" t="неотъемлемый"><g v="ADJF"></g><g v="femn"></g><g v="sing"></g><g v="gent"></g></l></v></tfr></token><token id="558496" text="части"><tfr rev_id="3546639" t="части"><v><l id="374820" t="часть"><g v="NOUN"></g><g v="inan"></g><g v="femn"></g><g v="sing"></g><g v="gent"></g></l></v></tfr></token><token id="558497" text="культурного"><tfr rev_id="3342666" t="культурного"><v><l id="144857" t="культурный"><g v="ADJF"></g><g v="Qual"></g><g v="neut"></g><g v="sing"></g><g v="gent"></g></l></v></tfr></token><token id="558498" text="и"><tfr rev_id="1391581" t="и"><v><l id="116949" t="и"><g v="CONJ"></g></l></v><v><l id="116950" t="и"><g v="INTJ"></g></l></v></tfr></token><token id="558499" text="духовного"><tfr rev_id="4206842" t="духовного"><v><l id="93335" t="духовный"><g v="ADJF"></g><g v="Qual"></g><g v="neut"></g><g v="sing"></g><g v="gent"></g></l></v></tfr></token><token id="558500" text="наследия"><tfr rev_id="3434141" t="наследия"><v><l id="175537" t="наследие"><g v="NOUN"></g><g v="inan"></g><g v="neut"></g><g v="sing"></g><g v="gent"></g></l></v></tfr></token><token id="558501" text="мировой"><tfr rev_id="4428503" t="мировой"><v><l id="160894" t="мировой"><g v="ADJF"></g><g v="femn"></g><g v="sing"></g><g v="gent"></g></l></v></tfr></token><token id="558502" text="цивилизации"><tfr rev_id="4174611" t="цивилизации"><v><l id="373767" t="цивилизация"><g v="NOUN"></g><g v="inan"></g><g v="femn"></g><g v="sing"></g><g v="gent"></g></l></v></tfr></token><token id="558503" text="»"><tfr rev_id="2441990" t="»"><v><l id="0" t="»"><g v="PNCT"></g></l></v></tfr></token><token id="558504" text="."><tfr rev_id="1391587" t="."><v><l id="0" t="."><g v="PNCT"></g></l></v></tfr></token></tokens></sentence></paragraph><paragraph id="9950"><sentence id="31154"><source>Об уровне грамотности российской молодёжи читайте в статье Частного корреспондента «Астап Блендер как софетский поциэнт»</source><tokens><token id="558505" text="Об"><tfr rev_id="2921185" t="Об"><v><l id="192977" t="о"><g v="PREP"></g><g v="Vpre"></g></l></v></tfr></token><token id="558506" text="уровне"><tfr rev_id="1391589" t="уровне"><v><l id="359953" t="уровень"><g v="NOUN"></g><g v="inan"></g><g v="masc"></g><g v="sing"></g><g v="loct"></g></l></v></tfr></token><token id="558507" text="грамотности"><tfr rev_id="3887874" t="грамотности"><v><l id="74596" t="грамотность"><g v="NOUN"></g><g v="inan"></g><g v="femn"></g><g v="sing"></g><g v="gent"></g></l></v></tfr></token><token id="558508" text="российской"><tfr rev_id="3862025" t="российской"><v><l id="309319" t="российский"><g v="ADJF"></g><g v="femn"></g><g v="sing"></g><g v="gent"></g></l></v></tfr></token><token id="558509" text="молодёжи"><tfr rev_id="3555459" t="молодёжи"><v><l id="162804" t="молодёжь"><g v="NOUN"></g><g v="inan"></g><g v="femn"></g><g v="sing"></g><g v="gent"></g></l></v></tfr></token><token id="558510" text="читайте"><tfr rev_id="1391593" t="читайте"><v><l id="376719" t="читаю"><g v="VERB"></g><g v="impf"></g><g v="tran"></g><g v="plur"></g><g v="impr"></g><g v="excl"></g></l></v></tfr></token><token id="558511" text="в"><tfr rev_id="1391594" t="в"><v><l id="37409" t="в"><g v="PREP"></g></l></v></tfr></token><token id="558512" text="статье"><tfr rev_id="3556254" t="статье"><v><l id="335173" t="статья"><g v="NOUN"></g><g v="inan"></g><g v="femn"></g><g v="sing"></g><g v="loct"></g></l></v></tfr></token><token id="558513" text="Частного"><tfr rev_id="4310008" t="Частного"><v><l id="374795" t="частный"><g v="ADJF"></g><g v="Qual"></g><g v="masc"></g><g v="sing"></g><g v="gent"></g></l></v><v><l id="374795" t="частный"><g v="ADJF"></g><g v="Qual"></g><g v="anim"></g><g v="masc"></g><g v="sing"></g><g v="accs"></g></l></v></tfr></token><token id="558514" text="корреспондента"><tfr rev_id="4215125" t="корреспондента"><v><l id="140239" t="корреспондент"><g v="NOUN"></g><g v="anim"></g><g v="masc"></g><g v="sing"></g><g v="gent"></g></l></v></tfr></token><token id="558515" text="«"><tfr rev_id="2441991" t="«"><v><l id="0" t="«"><g v="PNCT"></g></l></v></tfr></token><token id="558516" text="Астап"><tfr rev_id="1391599" t="Астап"><v><l id="18875" t="астап"><g v="NOUN"></g><g v="anim"></g><g v="masc"></g><g v="Name"></g><g v="sing"></g><g v="nomn"></g></l></v></tfr></token><token id="558517" text="Блендер"><tfr rev_id="2557678" t="Блендер"><v><l id="388546" t="блендер"><g v="NOUN"></g><g v="inan"></g><g v="masc"></g><g v="sing"></g><g v="nomn"></g></l></v><v><l id="388546" t="блендер"><g v="NOUN"></g><g v="inan"></g><g v="masc"></g><g v="sing"></g><g v="accs"></g></l></v></tfr></token><token id="558518" text="как"><tfr rev_id="1391601" t="как"><v><l id="128190" t="как"><g v="CONJ"></g></l></v><v><l id="128191" t="как"><g v="PRCL"></g></l></v><v><l id="128192" t="как"><g v="ADVB"></g><g v="Ques"></g></l></v></tfr></token><token id="558519" text="софетский"><tfr rev_id="1391602" t="софетский"><v><l id="0" t="софетский"><g v="UNKN"></g></l></v></tfr></token><token id="558520" text="поциэнт"><tfr rev_id="1391603" t="поциэнт"><v><l id="0" t="поциэнт"><g v="UNKN"></g></l></v></tfr></token><token id="558521" text="»"><tfr rev_id="2441992" t="»"><v><l id="0" t="»"><g v="PNCT"></g></l></v></tfr></token></tokens></sentence></paragraph></paragraphs></text>