<?xml version="1.0" encoding="utf-8"?><text id="1020" parent="226" name="Джазмены сразятся за CinemaJazz Awards"><tags><tag>url:http://www.chaskor.ru/news/dzhazmeny_srazyatsya_za_cinemajazz_awards</tag><tag>Год:2009</tag><tag>Дата:30/11</tag><tag>Тема:ЧасКор:Культура</tag><tag>Тема:ЧасКор:Культура/Музыка</tag></tags><paragraphs><paragraph id="10037"><sentence id="31599"><source>Джазмены сразятся за CinemaJazz Awards</source><tokens><token id="565724" text="Джазмены"><tfr rev_id="1398805" t="Джазмены"><v><l id="82577" t="джазмен"><g v="NOUN"></g><g v="anim"></g><g v="masc"></g><g v="plur"></g><g v="nomn"></g></l></v></tfr></token><token id="565725" text="сразятся"><tfr rev_id="1398806" t="сразятся"><v><l id="333371" t="сразился"><g v="VERB"></g><g v="perf"></g><g v="intr"></g><g v="plur"></g><g v="3per"></g><g v="futr"></g><g v="indc"></g></l></v></tfr></token><token id="565726" text="за"><tfr rev_id="1398807" t="за"><v><l id="98043" t="за"><g v="PREP"></g></l></v></tfr></token><token id="565727" text="CinemaJazz"><tfr rev_id="2474267" t="CinemaJazz"><v><l id="0" t="CinemaJazz"><g v="LATN"></g></l></v></tfr></token><token id="565728" text="Awards"><tfr rev_id="2474268" t="Awards"><v><l id="0" t="Awards"><g v="LATN"></g></l></v></tfr></token></tokens></sentence><sentence id="31600"><source>В Клубе Игоря Бутмана выберут лучших тапёров страны.</source><tokens><token id="565729" text="В"><tfr rev_id="1398810" t="В"><v><l id="37409" t="в"><g v="PREP"></g></l></v></tfr></token><token id="565730" text="Клубе"><tfr rev_id="1398811" t="Клубе"><v><l id="134630" t="клуб"><g v="NOUN"></g><g v="inan"></g><g v="masc"></g><g v="sing"></g><g v="loct"></g></l></v></tfr></token><token id="565731" text="Игоря"><tfr rev_id="2922180" t="Игоря"><v><l id="117290" t="игорь"><g v="NOUN"></g><g v="anim"></g><g v="masc"></g><g v="Name"></g><g v="sing"></g><g v="gent"></g></l></v></tfr></token><token id="565732" text="Бутмана"><tfr rev_id="1398813" t="Бутмана"><v><l id="0" t="бутмана"><g v="UNKN"></g></l></v></tfr></token><token id="565733" text="выберут"><tfr rev_id="1398814" t="выберут"><v><l id="55793" t="выбрал"><g v="VERB"></g><g v="perf"></g><g v="tran"></g><g v="plur"></g><g v="3per"></g><g v="futr"></g><g v="indc"></g></l></v></tfr></token><token id="565734" text="лучших"><tfr rev_id="3497645" t="лучших"><v><l id="371672" t="лучший"><g v="ADJF"></g><g v="Supr"></g><g v="Qual"></g><g v="anim"></g><g v="plur"></g><g v="accs"></g></l></v></tfr></token><token id="565735" text="тапёров"><tfr rev_id="3716894" t="тапёров"><v><l id="343042" t="тапёр"><g v="NOUN"></g><g v="anim"></g><g v="masc"></g><g v="plur"></g><g v="accs"></g></l></v></tfr></token><token id="565736" text="страны"><tfr rev_id="3502618" t="страны"><v><l id="337100" t="страна"><g v="NOUN"></g><g v="inan"></g><g v="femn"></g><g v="sing"></g><g v="gent"></g></l></v></tfr></token><token id="565737" text="."><tfr rev_id="1398818" t="."><v><l id="0" t="."><g v="PNCT"></g></l></v></tfr></token></tokens></sentence></paragraph><paragraph id="10038"><sentence id="31601"><source>4 декабря в Клубе Игоря Бутмана (Уланский переулок, 16) состоится событие, аналогов которому ещё не было в культурной жизни столицы.</source><tokens><token id="565738" text="4"><tfr rev_id="2461039" t="4"><v><l id="0" t="4"><g v="NUMB"></g></l></v></tfr></token><token id="565739" text="декабря"><tfr rev_id="1398820" t="декабря"><v><l id="80133" t="декабрь"><g v="NOUN"></g><g v="inan"></g><g v="masc"></g><g v="sing"></g><g v="gent"></g></l></v></tfr></token><token id="565740" text="в"><tfr rev_id="1398821" t="в"><v><l id="37409" t="в"><g v="PREP"></g></l></v></tfr></token><token id="565741" text="Клубе"><tfr rev_id="1398822" t="Клубе"><v><l id="134630" t="клуб"><g v="NOUN"></g><g v="inan"></g><g v="masc"></g><g v="sing"></g><g v="loct"></g></l></v></tfr></token><token id="565742" text="Игоря"><tfr rev_id="4397429" t="Игоря"><v><l id="117290" t="игорь"><g v="NOUN"></g><g v="anim"></g><g v="masc"></g><g v="Name"></g><g v="sing"></g><g v="gent"></g></l></v></tfr></token><token id="565743" text="Бутмана"><tfr rev_id="1398824" t="Бутмана"><v><l id="0" t="бутмана"><g v="UNKN"></g></l></v></tfr></token><token id="565744" text="("><tfr rev_id="1398825" t="("><v><l id="0" t="("><g v="PNCT"></g></l></v></tfr></token><token id="565745" text="Уланский"><tfr rev_id="1398826" t="Уланский"><v><l id="356716" t="уланский"><g v="ADJF"></g><g v="masc"></g><g v="sing"></g><g v="nomn"></g></l></v><v><l id="356716" t="уланский"><g v="ADJF"></g><g v="inan"></g><g v="masc"></g><g v="sing"></g><g v="accs"></g></l></v></tfr></token><token id="565746" text="переулок"><tfr rev_id="1398827" t="переулок"><v><l id="235863" t="переулок"><g v="NOUN"></g><g v="inan"></g><g v="masc"></g><g v="sing"></g><g v="nomn"></g></l></v><v><l id="235863" t="переулок"><g v="NOUN"></g><g v="inan"></g><g v="masc"></g><g v="sing"></g><g v="accs"></g></l></v></tfr></token><token id="565747" text=","><tfr rev_id="1398828" t=","><v><l id="0" t=","><g v="PNCT"></g></l></v></tfr></token><token id="565748" text="16"><tfr rev_id="2461040" t="16"><v><l id="0" t="16"><g v="NUMB"></g></l></v></tfr></token><token id="565749" text=")"><tfr rev_id="1398830" t=")"><v><l id="0" t=")"><g v="PNCT"></g></l></v></tfr></token><token id="565750" text="состоится"><tfr rev_id="1398831" t="состоится"><v><l id="330568" t="состоялся"><g v="VERB"></g><g v="perf"></g><g v="intr"></g><g v="sing"></g><g v="3per"></g><g v="futr"></g><g v="indc"></g></l></v></tfr></token><token id="565751" text="событие"><tfr rev_id="3300873" t="событие"><v><l id="327850" t="событие"><g v="NOUN"></g><g v="inan"></g><g v="neut"></g><g v="sing"></g><g v="nomn"></g></l></v></tfr></token><token id="565752" text=","><tfr rev_id="1398833" t=","><v><l id="0" t=","><g v="PNCT"></g></l></v></tfr></token><token id="565753" text="аналогов"><tfr rev_id="3705005" t="аналогов"><v><l id="12235" t="аналог"><g v="NOUN"></g><g v="inan"></g><g v="masc"></g><g v="plur"></g><g v="gent"></g></l></v></tfr></token><token id="565754" text="которому"><tfr rev_id="3881403" t="которому"><v><l id="141203" t="который"><g v="ADJF"></g><g v="Apro"></g><g v="Subx"></g><g v="Anph"></g><g v="neut"></g><g v="sing"></g><g v="datv"></g></l></v></tfr></token><token id="565755" text="ещё"><tfr rev_id="1398836" t="ещё"><v><l id="95551" t="ещё"><g v="PRCL"></g></l></v><v><l id="95552" t="ещё"><g v="ADVB"></g></l></v></tfr></token><token id="565756" text="не"><tfr rev_id="1398837" t="не"><v><l id="178876" t="не"><g v="PRCL"></g></l></v></tfr></token><token id="565757" text="было"><tfr rev_id="3946858" t="было"><v><l id="37265" t="есть"><g v="VERB"></g><g v="impf"></g><g v="intr"></g><g v="neut"></g><g v="sing"></g><g v="past"></g><g v="indc"></g></l></v></tfr></token><token id="565758" text="в"><tfr rev_id="1398839" t="в"><v><l id="37409" t="в"><g v="PREP"></g></l></v></tfr></token><token id="565759" text="культурной"><tfr rev_id="4425517" t="культурной"><v><l id="144857" t="культурный"><g v="ADJF"></g><g v="Qual"></g><g v="femn"></g><g v="sing"></g><g v="loct"></g></l></v></tfr></token><token id="565760" text="жизни"><tfr rev_id="4281411" t="жизни"><v><l id="97314" t="жизнь"><g v="NOUN"></g><g v="inan"></g><g v="femn"></g><g v="sing"></g><g v="loct"></g></l></v></tfr></token><token id="565761" text="столицы"><tfr rev_id="2722716" t="столицы"><v><l id="336588" t="столица"><g v="NOUN"></g><g v="inan"></g><g v="femn"></g><g v="sing"></g><g v="gent"></g></l></v></tfr></token><token id="565762" text="."><tfr rev_id="1398843" t="."><v><l id="0" t="."><g v="PNCT"></g></l></v></tfr></token></tokens></sentence><sentence id="31602"><source>Четыре джазовых коллектива из Москвы и Санкт-Петербурга примут участие в конкурсе живых саундтреков к немому кино.</source><tokens><token id="565763" text="Четыре"><tfr rev_id="1398844" t="Четыре"><v><l id="376181" t="четыре"><g v="NUMR"></g><g v="nomn"></g></l></v><v><l id="376181" t="четыре"><g v="NUMR"></g><g v="inan"></g><g v="accs"></g></l></v></tfr></token><token id="565764" text="джазовых"><tfr rev_id="4542072" t="джазовых"><v><l id="82578" t="джазовый"><g v="ADJF"></g><g v="plur"></g><g v="gent"></g></l></v></tfr></token><token id="565765" text="коллектива"><tfr rev_id="1398846" t="коллектива"><v><l id="136019" t="коллектив"><g v="NOUN"></g><g v="inan"></g><g v="masc"></g><g v="sing"></g><g v="gent"></g></l></v></tfr></token><token id="565766" text="из"><tfr rev_id="2603042" t="из"><v><l id="117677" t="из"><g v="PREP"></g></l></v></tfr></token><token id="565767" text="Москвы"><tfr rev_id="1398848" t="Москвы"><v><l id="163901" t="москва"><g v="NOUN"></g><g v="inan"></g><g v="femn"></g><g v="Sgtm"></g><g v="Geox"></g><g v="sing"></g><g v="gent"></g></l></v></tfr></token><token id="565768" text="и"><tfr rev_id="3445920" t="и"><v><l id="116949" t="и"><g v="CONJ"></g></l></v></tfr></token><token id="565769" text="Санкт-Петербурга"><tfr rev_id="1398850" t="Санкт-Петербурга"><v><l id="313346" t="санкт-петербург"><g v="NOUN"></g><g v="inan"></g><g v="masc"></g><g v="Geox"></g><g v="sing"></g><g v="gent"></g></l></v></tfr></token><token id="565770" text="примут"><tfr rev_id="1398851" t="примут"><v><l id="272700" t="принял"><g v="VERB"></g><g v="perf"></g><g v="tran"></g><g v="plur"></g><g v="3per"></g><g v="futr"></g><g v="indc"></g></l></v></tfr></token><token id="565771" text="участие"><tfr rev_id="1398852" t="участие"><v><l id="363132" t="участие"><g v="NOUN"></g><g v="inan"></g><g v="neut"></g><g v="sing"></g><g v="nomn"></g></l></v><v><l id="363132" t="участие"><g v="NOUN"></g><g v="inan"></g><g v="neut"></g><g v="sing"></g><g v="accs"></g></l></v></tfr></token><token id="565772" text="в"><tfr rev_id="1398853" t="в"><v><l id="37409" t="в"><g v="PREP"></g></l></v></tfr></token><token id="565773" text="конкурсе"><tfr rev_id="1398854" t="конкурсе"><v><l id="137916" t="конкурс"><g v="NOUN"></g><g v="inan"></g><g v="masc"></g><g v="sing"></g><g v="loct"></g></l></v></tfr></token><token id="565774" text="живых"><tfr rev_id="4426570" t="живых"><v><l id="97033" t="живой"><g v="ADJF"></g><g v="Qual"></g><g v="plur"></g><g v="gent"></g></l></v></tfr></token><token id="565775" text="саундтреков"><tfr rev_id="1398856" t="саундтреков"><v><l id="313895" t="саундтрек"><g v="NOUN"></g><g v="inan"></g><g v="masc"></g><g v="plur"></g><g v="gent"></g></l></v></tfr></token><token id="565776" text="к"><tfr rev_id="1398857" t="к"><v><l id="127460" t="к"><g v="PREP"></g></l></v></tfr></token><token id="565777" text="немому"><tfr rev_id="3449133" t="немому"><v><l id="184188" t="немой"><g v="ADJF"></g><g v="Subx"></g><g v="Qual"></g><g v="neut"></g><g v="sing"></g><g v="datv"></g></l></v></tfr></token><token id="565778" text="кино"><tfr rev_id="4250463" t="кино"><v><l id="132966" t="кино"><g v="NOUN"></g><g v="inan"></g><g v="neut"></g><g v="Fixd"></g><g v="sing"></g><g v="datv"></g></l></v></tfr></token><token id="565779" text="."><tfr rev_id="1398860" t="."><v><l id="0" t="."><g v="PNCT"></g></l></v></tfr></token></tokens></sentence><sentence id="31603"><source>На глазах у публики они озвучат отрывки из знаменитых отечественных и зарубежных киношедевров.</source><tokens><token id="565780" text="На"><tfr rev_id="3343290" t="На"><v><l id="166264" t="на"><g v="PREP"></g></l></v></tfr></token><token id="565781" text="глазах"><tfr rev_id="1398862" t="глазах"><v><l id="70992" t="глаз"><g v="NOUN"></g><g v="inan"></g><g v="masc"></g><g v="plur"></g><g v="loct"></g></l></v></tfr></token><token id="565782" text="у"><tfr rev_id="3327260" t="у"><v><l id="352818" t="у"><g v="PREP"></g></l></v></tfr></token><token id="565783" text="публики"><tfr rev_id="3453496" t="публики"><v><l id="288823" t="публика"><g v="NOUN"></g><g v="inan"></g><g v="femn"></g><g v="sing"></g><g v="gent"></g></l></v></tfr></token><token id="565784" text="они"><tfr rev_id="3599339" t="они"><v><l id="206619" t="они"><g v="NPRO"></g><g v="3per"></g><g v="Anph"></g><g v="plur"></g><g v="nomn"></g></l></v></tfr></token><token id="565785" text="озвучат"><tfr rev_id="1398866" t="озвучат"><v><l id="204107" t="озвучил"><g v="VERB"></g><g v="perf"></g><g v="tran"></g><g v="plur"></g><g v="3per"></g><g v="futr"></g><g v="indc"></g></l></v></tfr></token><token id="565786" text="отрывки"><tfr rev_id="3748020" t="отрывки"><v><l id="217710" t="отрывок"><g v="NOUN"></g><g v="inan"></g><g v="masc"></g><g v="plur"></g><g v="accs"></g></l></v></tfr></token><token id="565787" text="из"><tfr rev_id="2560490" t="из"><v><l id="117677" t="из"><g v="PREP"></g></l></v></tfr></token><token id="565788" text="знаменитых"><tfr rev_id="2762290" t="знаменитых"><v><l id="115944" t="знаменитый"><g v="ADJF"></g><g v="Qual"></g><g v="plur"></g><g v="gent"></g></l></v></tfr></token><token id="565789" text="отечественных"><tfr rev_id="4099824" t="отечественных"><v><l id="213630" t="отечественный"><g v="ADJF"></g><g v="plur"></g><g v="gent"></g></l></v></tfr></token><token id="565790" text="и"><tfr rev_id="1398871" t="и"><v><l id="116949" t="и"><g v="CONJ"></g></l></v><v><l id="116950" t="и"><g v="INTJ"></g></l></v></tfr></token><token id="565791" text="зарубежных"><tfr rev_id="3671103" t="зарубежных"><v><l id="108971" t="зарубежный"><g v="ADJF"></g><g v="Qual"></g><g v="plur"></g><g v="gent"></g></l></v></tfr></token><token id="565792" text="киношедевров"><tfr rev_id="1398873" t="киношедевров"><v><l id="0" t="киношедевров"><g v="UNKN"></g></l></v></tfr></token><token id="565793" text="."><tfr rev_id="1398874" t="."><v><l id="0" t="."><g v="PNCT"></g></l></v></tfr></token></tokens></sentence><sentence id="31604"><source>В экспериментальную программу вошли фрагменты таких «блокбастеров» 1920-х годов, как: «Шерлок-младший» (1924) Бастера Китона, «Метрополис» (1927) Фрица Ланга, «Третья Мещанская» (1927) Абрама Роома и «Поцелуй Мэри Пикфорд» (1927) Сергея Комарова.</source><tokens><token id="565794" text="В"><tfr rev_id="1398875" t="В"><v><l id="37409" t="в"><g v="PREP"></g></l></v></tfr></token><token id="565795" text="экспериментальную"><tfr rev_id="1398876" t="экспериментальную"><v><l id="383571" t="экспериментальный"><g v="ADJF"></g><g v="femn"></g><g v="sing"></g><g v="accs"></g></l></v></tfr></token><token id="565796" text="программу"><tfr rev_id="1398877" t="программу"><v><l id="278686" t="программа"><g v="NOUN"></g><g v="inan"></g><g v="femn"></g><g v="sing"></g><g v="accs"></g></l></v></tfr></token><token id="565797" text="вошли"><tfr rev_id="1398878" t="вошли"><v><l id="49737" t="вошёл"><g v="VERB"></g><g v="perf"></g><g v="intr"></g><g v="plur"></g><g v="past"></g><g v="indc"></g></l></v></tfr></token><token id="565798" text="фрагменты"><tfr rev_id="2930855" t="фрагменты"><v><l id="367827" t="фрагмент"><g v="NOUN"></g><g v="inan"></g><g v="masc"></g><g v="plur"></g><g v="nomn"></g></l></v></tfr></token><token id="565799" text="таких"><tfr rev_id="1398880" t="таких"><v><l id="342491" t="такой"><g v="ADJF"></g><g v="Apro"></g><g v="plur"></g><g v="gent"></g></l></v><v><l id="342491" t="такой"><g v="ADJF"></g><g v="Apro"></g><g v="anim"></g><g v="plur"></g><g v="accs"></g></l></v><v><l id="342491" t="такой"><g v="ADJF"></g><g v="Apro"></g><g v="plur"></g><g v="loct"></g></l></v></tfr></token><token id="565800" text="«"><tfr rev_id="2442268" t="«"><v><l id="0" t="«"><g v="PNCT"></g></l></v></tfr></token><token id="565801" text="блокбастеров"><tfr rev_id="2508304" t="блокбастеров"><v><l id="388547" t="блокбастер"><g v="NOUN"></g><g v="inan"></g><g v="masc"></g><g v="plur"></g><g v="gent"></g></l></v></tfr></token><token id="565802" text="»"><tfr rev_id="2442269" t="»"><v><l id="0" t="»"><g v="PNCT"></g></l></v></tfr></token><token id="565803" text="1920-х"><tfr rev_id="4568205" t="1920-х"><v><l id="393923" t="1920-й"><g v="ADJF"></g><g v="Abbr"></g><g v="Anum"></g><g v="anim"></g><g v="plur"></g><g v="accs"></g></l></v><v><l id="393923" t="1920-й"><g v="ADJF"></g><g v="Abbr"></g><g v="Anum"></g><g v="plur"></g><g v="gent"></g></l></v><v><l id="393923" t="1920-й"><g v="ADJF"></g><g v="Abbr"></g><g v="Anum"></g><g v="plur"></g><g v="loct"></g></l></v></tfr></token><token id="565804" text="годов"><tfr rev_id="1398885" t="годов"><v><l id="72149" t="год"><g v="NOUN"></g><g v="inan"></g><g v="masc"></g><g v="plur"></g><g v="gent"></g></l></v></tfr></token><token id="565805" text=","><tfr rev_id="1398886" t=","><v><l id="0" t=","><g v="PNCT"></g></l></v></tfr></token><token id="565806" text="как"><tfr rev_id="1398887" t="как"><v><l id="128190" t="как"><g v="CONJ"></g></l></v><v><l id="128191" t="как"><g v="PRCL"></g></l></v><v><l id="128192" t="как"><g v="ADVB"></g><g v="Ques"></g></l></v></tfr></token><token id="565807" text=":"><tfr rev_id="1398888" t=":"><v><l id="0" t=":"><g v="PNCT"></g></l></v></tfr></token><token id="565808" text="«"><tfr rev_id="2442270" t="«"><v><l id="0" t="«"><g v="PNCT"></g></l></v></tfr></token><token id="565809" text="Шерлок"><tfr rev_id="1398890" t="Шерлок"><v><l id="379233" t="шерлок"><g v="NOUN"></g><g v="anim"></g><g v="masc"></g><g v="Name"></g><g v="sing"></g><g v="nomn"></g></l></v></tfr></token><token id="565810" text="-"><tfr rev_id="1398891" t="-"><v><l id="0" t="-"><g v="PNCT"></g></l></v></tfr></token><token id="565811" text="младший"><tfr rev_id="1398892" t="младший"><v><l id="161366" t="младший"><g v="ADJF"></g><g v="masc"></g><g v="sing"></g><g v="nomn"></g></l></v><v><l id="161366" t="младший"><g v="ADJF"></g><g v="inan"></g><g v="masc"></g><g v="sing"></g><g v="accs"></g></l></v></tfr></token><token id="565812" text="»"><tfr rev_id="2442271" t="»"><v><l id="0" t="»"><g v="PNCT"></g></l></v></tfr></token><token id="565813" text="("><tfr rev_id="1398894" t="("><v><l id="0" t="("><g v="PNCT"></g></l></v></tfr></token><token id="565814" text="1924"><tfr rev_id="2461041" t="1924"><v><l id="0" t="1924"><g v="NUMB"></g></l></v></tfr></token><token id="565815" text=")"><tfr rev_id="1398896" t=")"><v><l id="0" t=")"><g v="PNCT"></g></l></v></tfr></token><token id="565816" text="Бастера"><tfr rev_id="1398897" t="Бастера"><v><l id="24409" t="бастер"><g v="NOUN"></g><g v="inan"></g><g v="masc"></g><g v="Geox"></g><g v="sing"></g><g v="gent"></g></l></v></tfr></token><token id="565817" text="Китона"><tfr rev_id="1398898" t="Китона"><v><l id="0" t="китона"><g v="UNKN"></g></l></v></tfr></token><token id="565818" text=","><tfr rev_id="1398899" t=","><v><l id="0" t=","><g v="PNCT"></g></l></v></tfr></token><token id="565819" text="«"><tfr rev_id="2442272" t="«"><v><l id="0" t="«"><g v="PNCT"></g></l></v></tfr></token><token id="565820" text="Метрополис"><tfr rev_id="1398901" t="Метрополис"><v><l id="0" t="метрополис"><g v="UNKN"></g></l></v></tfr></token><token id="565821" text="»"><tfr rev_id="2442273" t="»"><v><l id="0" t="»"><g v="PNCT"></g></l></v></tfr></token><token id="565822" text="("><tfr rev_id="1398903" t="("><v><l id="0" t="("><g v="PNCT"></g></l></v></tfr></token><token id="565823" text="1927"><tfr rev_id="2461042" t="1927"><v><l id="0" t="1927"><g v="NUMB"></g></l></v></tfr></token><token id="565824" text=")"><tfr rev_id="1398905" t=")"><v><l id="0" t=")"><g v="PNCT"></g></l></v></tfr></token><token id="565825" text="Фрица"><tfr rev_id="4390111" t="Фрица"><v><l id="368323" t="фриц"><g v="NOUN"></g><g v="anim"></g><g v="masc"></g><g v="sing"></g><g v="gent"></g></l></v></tfr></token><token id="565826" text="Ланга"><tfr rev_id="1398907" t="Ланга"><v><l id="0" t="ланга"><g v="UNKN"></g></l></v></tfr></token><token id="565827" text=","><tfr rev_id="1398908" t=","><v><l id="0" t=","><g v="PNCT"></g></l></v></tfr></token><token id="565828" text="«"><tfr rev_id="2442274" t="«"><v><l id="0" t="«"><g v="PNCT"></g></l></v></tfr></token><token id="565829" text="Третья"><tfr rev_id="3521516" t="Третья"><v><l id="349855" t="третий"><g v="ADJF"></g><g v="Anum"></g><g v="femn"></g><g v="sing"></g><g v="nomn"></g></l></v></tfr></token><token id="565830" text="Мещанская"><tfr rev_id="1398911" t="Мещанская"><v><l id="159577" t="мещанский"><g v="ADJF"></g><g v="femn"></g><g v="sing"></g><g v="nomn"></g></l></v></tfr></token><token id="565831" text="»"><tfr rev_id="2442275" t="»"><v><l id="0" t="»"><g v="PNCT"></g></l></v></tfr></token><token id="565832" text="("><tfr rev_id="1398913" t="("><v><l id="0" t="("><g v="PNCT"></g></l></v></tfr></token><token id="565833" text="1927"><tfr rev_id="2461043" t="1927"><v><l id="0" t="1927"><g v="NUMB"></g></l></v></tfr></token><token id="565834" text=")"><tfr rev_id="1398915" t=")"><v><l id="0" t=")"><g v="PNCT"></g></l></v></tfr></token><token id="565835" text="Абрама"><tfr rev_id="4461039" t="Абрама"><v><l id="1675" t="абрам"><g v="NOUN"></g><g v="anim"></g><g v="masc"></g><g v="Name"></g><g v="sing"></g><g v="gent"></g></l></v></tfr></token><token id="565836" text="Роома"><tfr rev_id="1398917" t="Роома"><v><l id="0" t="роома"><g v="UNKN"></g></l></v></tfr></token><token id="565837" text="и"><tfr rev_id="1398918" t="и"><v><l id="116949" t="и"><g v="CONJ"></g></l></v><v><l id="116950" t="и"><g v="INTJ"></g></l></v></tfr></token><token id="565838" text="«"><tfr rev_id="2442276" t="«"><v><l id="0" t="«"><g v="PNCT"></g></l></v></tfr></token><token id="565839" text="Поцелуй"><tfr rev_id="1714499" t="Поцелуй"><v><l id="264582" t="поцелуй"><g v="NOUN"></g><g v="inan"></g><g v="masc"></g><g v="sing"></g><g v="nomn"></g></l></v><v><l id="264582" t="поцелуй"><g v="NOUN"></g><g v="inan"></g><g v="masc"></g><g v="sing"></g><g v="accs"></g></l></v></tfr></token><token id="565840" text="Мэри"><tfr rev_id="4154792" t="Мэри"><v><l id="165999" t="мэри"><g v="NOUN"></g><g v="anim"></g><g v="femn"></g><g v="Sgtm"></g><g v="Fixd"></g><g v="Name"></g><g v="sing"></g><g v="gent"></g></l></v></tfr></token><token id="565841" text="Пикфорд"><tfr rev_id="1398922" t="Пикфорд"><v><l id="0" t="пикфорд"><g v="UNKN"></g></l></v></tfr></token><token id="565842" text="»"><tfr rev_id="2442277" t="»"><v><l id="0" t="»"><g v="PNCT"></g></l></v></tfr></token><token id="565843" text="("><tfr rev_id="1398924" t="("><v><l id="0" t="("><g v="PNCT"></g></l></v></tfr></token><token id="565844" text="1927"><tfr rev_id="2461044" t="1927"><v><l id="0" t="1927"><g v="NUMB"></g></l></v></tfr></token><token id="565845" text=")"><tfr rev_id="1398926" t=")"><v><l id="0" t=")"><g v="PNCT"></g></l></v></tfr></token><token id="565846" text="Сергея"><tfr rev_id="4397410" t="Сергея"><v><l id="319056" t="сергей"><g v="NOUN"></g><g v="anim"></g><g v="masc"></g><g v="Name"></g><g v="sing"></g><g v="gent"></g></l></v></tfr></token><token id="565847" text="Комарова"><tfr rev_id="4181328" t="Комарова"><v><l id="136766" t="комаров"><g v="NOUN"></g><g v="anim"></g><g v="masc"></g><g v="Sgtm"></g><g v="Surn"></g><g v="sing"></g><g v="gent"></g></l></v><v><l id="136766" t="комаров"><g v="NOUN"></g><g v="anim"></g><g v="masc"></g><g v="Sgtm"></g><g v="Surn"></g><g v="sing"></g><g v="accs"></g></l></v></tfr></token><token id="565848" text="."><tfr rev_id="1398929" t="."><v><l id="0" t="."><g v="PNCT"></g></l></v></tfr></token></tokens></sentence></paragraph><paragraph id="10039"><sentence id="31605"><source>Все музыканты заранее получили фрагменты фильмов и готовили свои программы в течение нескольких недель.</source><tokens><token id="565849" text="Все"><tfr rev_id="4510468" t="Все"><v><l id="42156" t="весь"><g v="ADJF"></g><g v="Subx"></g><g v="Apro"></g><g v="inan"></g><g v="plur"></g><g v="accs"></g></l></v><v><l id="42156" t="весь"><g v="ADJF"></g><g v="Subx"></g><g v="Apro"></g><g v="plur"></g><g v="nomn"></g></l></v></tfr></token><token id="565850" text="музыканты"><tfr rev_id="1398931" t="музыканты"><v><l id="164809" t="музыкант"><g v="NOUN"></g><g v="anim"></g><g v="masc"></g><g v="plur"></g><g v="nomn"></g></l></v></tfr></token><token id="565851" text="заранее"><tfr rev_id="1398932" t="заранее"><v><l id="108560" t="заранее"><g v="ADVB"></g></l></v></tfr></token><token id="565852" text="получили"><tfr rev_id="1398933" t="получили"><v><l id="256959" t="получил"><g v="VERB"></g><g v="perf"></g><g v="tran"></g><g v="plur"></g><g v="past"></g><g v="indc"></g></l></v></tfr></token><token id="565853" text="фрагменты"><tfr rev_id="3749962" t="фрагменты"><v><l id="367827" t="фрагмент"><g v="NOUN"></g><g v="inan"></g><g v="masc"></g><g v="plur"></g><g v="accs"></g></l></v></tfr></token><token id="565854" text="фильмов"><tfr rev_id="3478164" t="фильмов"><v><l id="366005" t="фильм"><g v="NOUN"></g><g v="inan"></g><g v="masc"></g><g v="plur"></g><g v="gent"></g></l></v></tfr></token><token id="565855" text="и"><tfr rev_id="3553080" t="и"><v><l id="116949" t="и"><g v="CONJ"></g></l></v></tfr></token><token id="565856" text="готовили"><tfr rev_id="1398937" t="готовили"><v><l id="74204" t="готовлю"><g v="VERB"></g><g v="impf"></g><g v="tran"></g><g v="plur"></g><g v="past"></g><g v="indc"></g></l></v></tfr></token><token id="565857" text="свои"><tfr rev_id="3794696" t="свои"><v><l id="316379" t="свой"><g v="ADJF"></g><g v="Apro"></g><g v="Anph"></g><g v="inan"></g><g v="plur"></g><g v="accs"></g></l></v></tfr></token><token id="565858" text="программы"><tfr rev_id="3814514" t="программы"><v><l id="278686" t="программа"><g v="NOUN"></g><g v="inan"></g><g v="femn"></g><g v="plur"></g><g v="accs"></g></l></v></tfr></token><token id="565859" text="в"><tfr rev_id="1398940" t="в"><v><l id="37409" t="в"><g v="PREP"></g></l></v></tfr></token><token id="565860" text="течение"><tfr rev_id="4240449" t="течение"><v><l id="346009" t="течение"><g v="NOUN"></g><g v="inan"></g><g v="neut"></g><g v="sing"></g><g v="accs"></g></l></v></tfr></token><token id="565861" text="нескольких"><tfr rev_id="3444959" t="нескольких"><v><l id="188126" t="несколько"><g v="NUMR"></g><g v="gent"></g></l></v></tfr></token><token id="565862" text="недель"><tfr rev_id="1398943" t="недель"><v><l id="180718" t="неделя"><g v="NOUN"></g><g v="inan"></g><g v="femn"></g><g v="plur"></g><g v="gent"></g></l></v></tfr></token><token id="565863" text="."><tfr rev_id="1398944" t="."><v><l id="0" t="."><g v="PNCT"></g></l></v></tfr></token></tokens></sentence><sentence id="31606"><source>Каждое их выступление продлится около 20 минут.</source><tokens><token id="565864" text="Каждое"><tfr rev_id="4430614" t="Каждое"><v><l id="127875" t="каждый"><g v="ADJF"></g><g v="Subx"></g><g v="Apro"></g><g v="neut"></g><g v="sing"></g><g v="nomn"></g></l></v><v><l id="127875" t="каждый"><g v="ADJF"></g><g v="Subx"></g><g v="Apro"></g><g v="neut"></g><g v="sing"></g><g v="accs"></g></l></v></tfr></token><token id="565865" text="их"><tfr rev_id="4457413" t="их"><v><l id="127205" t="их"><g v="ADJF"></g><g v="Fixd"></g><g v="Apro"></g><g v="Anph"></g><g v="neut"></g><g v="sing"></g><g v="nomn"></g></l></v><v><l id="127205" t="их"><g v="ADJF"></g><g v="Fixd"></g><g v="Apro"></g><g v="Anph"></g><g v="neut"></g><g v="sing"></g><g v="gent"></g></l></v><v><l id="127205" t="их"><g v="ADJF"></g><g v="Fixd"></g><g v="Apro"></g><g v="Anph"></g><g v="neut"></g><g v="sing"></g><g v="datv"></g></l></v><v><l id="127205" t="их"><g v="ADJF"></g><g v="Fixd"></g><g v="Apro"></g><g v="Anph"></g><g v="neut"></g><g v="sing"></g><g v="accs"></g></l></v><v><l id="127205" t="их"><g v="ADJF"></g><g v="Fixd"></g><g v="Apro"></g><g v="Anph"></g><g v="neut"></g><g v="sing"></g><g v="ablt"></g></l></v><v><l id="127205" t="их"><g v="ADJF"></g><g v="Fixd"></g><g v="Apro"></g><g v="Anph"></g><g v="neut"></g><g v="sing"></g><g v="loct"></g></l></v></tfr></token><token id="565866" text="выступление"><tfr rev_id="3300497" t="выступление"><v><l id="62889" t="выступление"><g v="NOUN"></g><g v="inan"></g><g v="neut"></g><g v="sing"></g><g v="nomn"></g></l></v></tfr></token><token id="565867" text="продлится"><tfr rev_id="1398948" t="продлится"><v><l id="279166" t="продлился"><g v="VERB"></g><g v="perf"></g><g v="intr"></g><g v="sing"></g><g v="3per"></g><g v="futr"></g><g v="indc"></g></l></v></tfr></token><token id="565868" text="около"><tfr rev_id="4456311" t="около"><v><l id="205005" t="около"><g v="PREP"></g></l></v></tfr></token><token id="565869" text="20"><tfr rev_id="2461045" t="20"><v><l id="0" t="20"><g v="NUMB"></g></l></v></tfr></token><token id="565870" text="минут"><tfr rev_id="1715794" t="минут"><v><l id="160750" t="минута"><g v="NOUN"></g><g v="inan"></g><g v="femn"></g><g v="plur"></g><g v="gent"></g></l></v></tfr></token><token id="565871" text="."><tfr rev_id="1398952" t="."><v><l id="0" t="."><g v="PNCT"></g></l></v></tfr></token></tokens></sentence><sentence id="31607"><source>Среди конкурсантов — Валентин Лакодин и группа Cigar Hall, саксофонист Николай Моисеенко и его джаз-банд, трио Владимира Нестеренко, а также питерская группа Swing Couture, которая в этот раз привезёт в Москву Александра Лушина.</source><tokens><token id="565872" text="Среди"><tfr rev_id="1398953" t="Среди"><v><l id="333473" t="среди"><g v="PREP"></g></l></v></tfr></token><token id="565873" text="конкурсантов"><tfr rev_id="2866532" t="конкурсантов"><v><l id="137917" t="конкурсант"><g v="NOUN"></g><g v="anim"></g><g v="masc"></g><g v="plur"></g><g v="gent"></g></l></v></tfr></token><token id="565874" text="—"><tfr rev_id="2442278" t="—"><v><l id="0" t="—"><g v="PNCT"></g></l></v></tfr></token><token id="565875" text="Валентин"><tfr rev_id="3225278" t="Валентин"><v><l id="38121" t="валентин"><g v="NOUN"></g><g v="anim"></g><g v="masc"></g><g v="Name"></g><g v="sing"></g><g v="nomn"></g></l></v></tfr></token><token id="565876" text="Лакодин"><tfr rev_id="1398957" t="Лакодин"><v><l id="0" t="лакодин"><g v="UNKN"></g></l></v></tfr></token><token id="565877" text="и"><tfr rev_id="1398958" t="и"><v><l id="116949" t="и"><g v="CONJ"></g></l></v><v><l id="116950" t="и"><g v="INTJ"></g></l></v></tfr></token><token id="565878" text="группа"><tfr rev_id="1398959" t="группа"><v><l id="76092" t="группа"><g v="NOUN"></g><g v="inan"></g><g v="femn"></g><g v="sing"></g><g v="nomn"></g></l></v></tfr></token><token id="565879" text="Cigar"><tfr rev_id="2474269" t="Cigar"><v><l id="0" t="Cigar"><g v="LATN"></g></l></v></tfr></token><token id="565880" text="Hall"><tfr rev_id="2474270" t="Hall"><v><l id="0" t="Hall"><g v="LATN"></g></l></v></tfr></token><token id="565881" text=","><tfr rev_id="1398962" t=","><v><l id="0" t=","><g v="PNCT"></g></l></v></tfr></token><token id="565882" text="саксофонист"><tfr rev_id="1398963" t="саксофонист"><v><l id="311738" t="саксофонист"><g v="NOUN"></g><g v="anim"></g><g v="masc"></g><g v="sing"></g><g v="nomn"></g></l></v></tfr></token><token id="565883" text="Николай"><tfr rev_id="1398964" t="Николай"><v><l id="190957" t="николай"><g v="NOUN"></g><g v="anim"></g><g v="masc"></g><g v="Name"></g><g v="sing"></g><g v="nomn"></g></l></v></tfr></token><token id="565884" text="Моисеенко"><tfr rev_id="4327024" t="Моисеенко"><v><l id="162564" t="моисеенко"><g v="NOUN"></g><g v="anim"></g><g v="ms-f"></g><g v="Fixd"></g><g v="Surn"></g><g v="sing"></g><g v="nomn"></g></l></v></tfr></token><token id="565885" text="и"><tfr rev_id="1398966" t="и"><v><l id="116949" t="и"><g v="CONJ"></g></l></v><v><l id="116950" t="и"><g v="INTJ"></g></l></v></tfr></token><token id="565886" text="его"><tfr rev_id="4456996" t="его"><v><l id="94208" t="его"><g v="ADJF"></g><g v="Fixd"></g><g v="Apro"></g><g v="Anph"></g><g v="masc"></g><g v="sing"></g><g v="nomn"></g></l></v><v><l id="94208" t="его"><g v="ADJF"></g><g v="Fixd"></g><g v="Apro"></g><g v="Anph"></g><g v="masc"></g><g v="sing"></g><g v="gent"></g></l></v><v><l id="94208" t="его"><g v="ADJF"></g><g v="Fixd"></g><g v="Apro"></g><g v="Anph"></g><g v="masc"></g><g v="sing"></g><g v="datv"></g></l></v><v><l id="94208" t="его"><g v="ADJF"></g><g v="Fixd"></g><g v="Apro"></g><g v="Anph"></g><g v="masc"></g><g v="sing"></g><g v="accs"></g></l></v><v><l id="94208" t="его"><g v="ADJF"></g><g v="Fixd"></g><g v="Apro"></g><g v="Anph"></g><g v="masc"></g><g v="sing"></g><g v="ablt"></g></l></v><v><l id="94208" t="его"><g v="ADJF"></g><g v="Fixd"></g><g v="Apro"></g><g v="Anph"></g><g v="masc"></g><g v="sing"></g><g v="loct"></g></l></v></tfr></token><token id="565887" text="джаз-банд"><tfr rev_id="3689112" t="джаз-банд"><v><l id="82573" t="джаз-банд"><g v="NOUN"></g><g v="inan"></g><g v="masc"></g><g v="sing"></g><g v="nomn"></g></l></v></tfr></token><token id="565888" text=","><tfr rev_id="1398969" t=","><v><l id="0" t=","><g v="PNCT"></g></l></v></tfr></token><token id="565889" text="трио"><tfr rev_id="4169790" t="трио"><v><l id="350158" t="трио"><g v="NOUN"></g><g v="inan"></g><g v="neut"></g><g v="Fixd"></g><g v="sing"></g><g v="nomn"></g></l></v></tfr></token><token id="565890" text="Владимира"><tfr rev_id="4397520" t="Владимира"><v><l id="46610" t="владимир"><g v="NOUN"></g><g v="anim"></g><g v="masc"></g><g v="Name"></g><g v="sing"></g><g v="gent"></g></l></v><v><l id="46613" t="владимир"><g v="NOUN"></g><g v="inan"></g><g v="masc"></g><g v="Geox"></g><g v="sing"></g><g v="gent"></g></l></v></tfr></token><token id="565891" text="Нестеренко"><tfr rev_id="4326728" t="Нестеренко"><v><l id="188650" t="нестеренко"><g v="NOUN"></g><g v="anim"></g><g v="ms-f"></g><g v="Fixd"></g><g v="Surn"></g><g v="sing"></g><g v="gent"></g></l></v></tfr></token><token id="565892" text=","><tfr rev_id="1398973" t=","><v><l id="0" t=","><g v="PNCT"></g></l></v></tfr></token><token id="565893" text="а"><tfr rev_id="1398974" t="а"><v><l id="51" t="а"><g v="CONJ"></g></l></v><v><l id="52" t="а"><g v="INTJ"></g></l></v><v><l id="53" t="а"><g v="PRCL"></g></l></v></tfr></token><token id="565894" text="также"><tfr rev_id="4267664" t="также"><v><l id="342482" t="также"><g v="PRCL"></g></l></v></tfr></token><token id="565895" text="питерская"><tfr rev_id="1398976" t="питерская"><v><l id="239247" t="питерский"><g v="ADJF"></g><g v="femn"></g><g v="sing"></g><g v="nomn"></g></l></v></tfr></token><token id="565896" text="группа"><tfr rev_id="1398977" t="группа"><v><l id="76092" t="группа"><g v="NOUN"></g><g v="inan"></g><g v="femn"></g><g v="sing"></g><g v="nomn"></g></l></v></tfr></token><token id="565897" text="Swing"><tfr rev_id="2474271" t="Swing"><v><l id="0" t="Swing"><g v="LATN"></g></l></v></tfr></token><token id="565898" text="Couture"><tfr rev_id="2474272" t="Couture"><v><l id="0" t="Couture"><g v="LATN"></g></l></v></tfr></token><token id="565899" text=","><tfr rev_id="1398980" t=","><v><l id="0" t=","><g v="PNCT"></g></l></v></tfr></token><token id="565900" text="которая"><tfr rev_id="3639789" t="которая"><v><l id="141203" t="который"><g v="ADJF"></g><g v="Apro"></g><g v="Subx"></g><g v="Anph"></g><g v="femn"></g><g v="sing"></g><g v="nomn"></g></l></v></tfr></token><token id="565901" text="в"><tfr rev_id="1398982" t="в"><v><l id="37409" t="в"><g v="PREP"></g></l></v></tfr></token><token id="565902" text="этот"><tfr rev_id="4432054" t="этот"><v><l id="386581" t="этот"><g v="ADJF"></g><g v="Subx"></g><g v="Apro"></g><g v="Anph"></g><g v="inan"></g><g v="masc"></g><g v="sing"></g><g v="accs"></g></l></v></tfr></token><token id="565903" text="раз"><tfr rev_id="4510834" t="раз"><v><l id="291500" t="раз"><g v="NOUN"></g><g v="inan"></g><g v="masc"></g><g v="sing"></g><g v="nomn"></g></l></v><v><l id="291500" t="раз"><g v="NOUN"></g><g v="inan"></g><g v="masc"></g><g v="sing"></g><g v="accs"></g></l></v></tfr></token><token id="565904" text="привезёт"><tfr rev_id="3720848" t="привезёт"><v><l id="269125" t="привёз"><g v="VERB"></g><g v="perf"></g><g v="tran"></g><g v="sing"></g><g v="3per"></g><g v="futr"></g><g v="indc"></g></l></v></tfr></token><token id="565905" text="в"><tfr rev_id="1398986" t="в"><v><l id="37409" t="в"><g v="PREP"></g></l></v></tfr></token><token id="565906" text="Москву"><tfr rev_id="1398987" t="Москву"><v><l id="163901" t="москва"><g v="NOUN"></g><g v="inan"></g><g v="femn"></g><g v="Sgtm"></g><g v="Geox"></g><g v="sing"></g><g v="accs"></g></l></v></tfr></token><token id="565907" text="Александра"><tfr rev_id="4426420" t="Александра"><v><l id="8527" t="александр"><g v="NOUN"></g><g v="anim"></g><g v="masc"></g><g v="Name"></g><g v="sing"></g><g v="accs"></g></l></v></tfr></token><token id="565908" text="Лушина"><tfr rev_id="1398989" t="Лушина"><v><l id="0" t="лушина"><g v="UNKN"></g></l></v></tfr></token><token id="565909" text="."><tfr rev_id="1398990" t="."><v><l id="0" t="."><g v="PNCT"></g></l></v></tfr></token></tokens></sentence><sentence id="31608"><source>Родоначальники российского цыганского джаза подготовили с этим экстравагантным артистом программу, премьеру которой они приурочили именно к конкурсу CinemaJazz Awards.</source><tokens><token id="565910" text="Родоначальники"><tfr rev_id="1398991" t="Родоначальники"><v><l id="308390" t="родоначальник"><g v="NOUN"></g><g v="anim"></g><g v="masc"></g><g v="plur"></g><g v="nomn"></g></l></v></tfr></token><token id="565911" text="российского"><tfr rev_id="4167737" t="российского"><v><l id="309319" t="российский"><g v="ADJF"></g><g v="masc"></g><g v="sing"></g><g v="gent"></g></l></v><v><l id="309319" t="российский"><g v="ADJF"></g><g v="anim"></g><g v="masc"></g><g v="sing"></g><g v="accs"></g></l></v></tfr></token><token id="565912" text="цыганского"><tfr rev_id="3454665" t="цыганского"><v><l id="374324" t="цыганский"><g v="ADJF"></g><g v="masc"></g><g v="sing"></g><g v="gent"></g></l></v><v><l id="374324" t="цыганский"><g v="ADJF"></g><g v="anim"></g><g v="masc"></g><g v="sing"></g><g v="accs"></g></l></v></tfr></token><token id="565913" text="джаза"><tfr rev_id="1398994" t="джаза"><v><l id="82572" t="джаз"><g v="NOUN"></g><g v="inan"></g><g v="masc"></g><g v="sing"></g><g v="gent"></g></l></v></tfr></token><token id="565914" text="подготовили"><tfr rev_id="1398995" t="подготовили"><v><l id="245104" t="подготовил"><g v="VERB"></g><g v="perf"></g><g v="tran"></g><g v="plur"></g><g v="past"></g><g v="indc"></g></l></v></tfr></token><token id="565915" text="с"><tfr rev_id="1398996" t="с"><v><l id="311151" t="с"><g v="PREP"></g></l></v></tfr></token><token id="565916" text="этим"><tfr rev_id="4487019" t="этим"><v><l id="386581" t="этот"><g v="ADJF"></g><g v="Subx"></g><g v="Apro"></g><g v="Anph"></g><g v="masc"></g><g v="sing"></g><g v="ablt"></g></l></v></tfr></token><token id="565917" text="экстравагантным"><tfr rev_id="4414270" t="экстравагантным"><v><l id="383791" t="экстравагантный"><g v="ADJF"></g><g v="Qual"></g><g v="masc"></g><g v="sing"></g><g v="ablt"></g></l></v></tfr></token><token id="565918" text="артистом"><tfr rev_id="1398999" t="артистом"><v><l id="17421" t="артист"><g v="NOUN"></g><g v="anim"></g><g v="masc"></g><g v="sing"></g><g v="ablt"></g></l></v></tfr></token><token id="565919" text="программу"><tfr rev_id="1399000" t="программу"><v><l id="278686" t="программа"><g v="NOUN"></g><g v="inan"></g><g v="femn"></g><g v="sing"></g><g v="accs"></g></l></v></tfr></token><token id="565920" text=","><tfr rev_id="1399001" t=","><v><l id="0" t=","><g v="PNCT"></g></l></v></tfr></token><token id="565921" text="премьеру"><tfr rev_id="3492684" t="премьеру"><v><l id="267777" t="премьера"><g v="NOUN"></g><g v="inan"></g><g v="femn"></g><g v="sing"></g><g v="accs"></g></l></v></tfr></token><token id="565922" text="которой"><tfr rev_id="3711085" t="которой"><v><l id="141203" t="который"><g v="ADJF"></g><g v="Apro"></g><g v="Subx"></g><g v="Anph"></g><g v="femn"></g><g v="sing"></g><g v="gent"></g></l></v></tfr></token><token id="565923" text="они"><tfr rev_id="3599340" t="они"><v><l id="206619" t="они"><g v="NPRO"></g><g v="3per"></g><g v="Anph"></g><g v="plur"></g><g v="nomn"></g></l></v></tfr></token><token id="565924" text="приурочили"><tfr rev_id="1399005" t="приурочили"><v><l id="276010" t="приурочил"><g v="VERB"></g><g v="perf"></g><g v="tran"></g><g v="plur"></g><g v="past"></g><g v="indc"></g></l></v></tfr></token><token id="565925" text="именно"><tfr rev_id="1399006" t="именно"><v><l id="121584" t="именно"><g v="PRCL"></g></l></v></tfr></token><token id="565926" text="к"><tfr rev_id="1399007" t="к"><v><l id="127460" t="к"><g v="PREP"></g></l></v></tfr></token><token id="565927" text="конкурсу"><tfr rev_id="1399008" t="конкурсу"><v><l id="137916" t="конкурс"><g v="NOUN"></g><g v="inan"></g><g v="masc"></g><g v="sing"></g><g v="datv"></g></l></v></tfr></token><token id="565928" text="CinemaJazz"><tfr rev_id="2474273" t="CinemaJazz"><v><l id="0" t="CinemaJazz"><g v="LATN"></g></l></v></tfr></token><token id="565929" text="Awards"><tfr rev_id="2474274" t="Awards"><v><l id="0" t="Awards"><g v="LATN"></g></l></v></tfr></token><token id="565930" text="."><tfr rev_id="1399011" t="."><v><l id="0" t="."><g v="PNCT"></g></l></v></tfr></token></tokens></sentence></paragraph><paragraph id="10040"><sentence id="31609"><source>Оценит выступления музыкантов авторитетное жюри, в которое войдут популярные журналисты, телеведущие, литераторы, музыканты и просто известные киноманы.</source><tokens><token id="565931" text="Оценит"><tfr rev_id="1399012" t="Оценит"><v><l id="221492" t="оценил"><g v="VERB"></g><g v="perf"></g><g v="tran"></g><g v="sing"></g><g v="3per"></g><g v="futr"></g><g v="indc"></g></l></v></tfr></token><token id="565932" text="выступления"><tfr rev_id="3741330" t="выступления"><v><l id="62889" t="выступление"><g v="NOUN"></g><g v="inan"></g><g v="neut"></g><g v="plur"></g><g v="accs"></g></l></v></tfr></token><token id="565933" text="музыкантов"><tfr rev_id="4382981" t="музыкантов"><v><l id="164809" t="музыкант"><g v="NOUN"></g><g v="anim"></g><g v="masc"></g><g v="plur"></g><g v="gent"></g></l></v></tfr></token><token id="565934" text="авторитетное"><tfr rev_id="1399015" t="авторитетное"><v><l id="3428" t="авторитетный"><g v="ADJF"></g><g v="Qual"></g><g v="neut"></g><g v="sing"></g><g v="nomn"></g></l></v><v><l id="3428" t="авторитетный"><g v="ADJF"></g><g v="Qual"></g><g v="neut"></g><g v="sing"></g><g v="accs"></g></l></v></tfr></token><token id="565935" text="жюри"><tfr rev_id="4173687" t="жюри"><v><l id="98039" t="жюри"><g v="NOUN"></g><g v="inan"></g><g v="neut"></g><g v="Fixd"></g><g v="sing"></g><g v="nomn"></g></l></v></tfr></token><token id="565936" text=","><tfr rev_id="1399017" t=","><v><l id="0" t=","><g v="PNCT"></g></l></v></tfr></token><token id="565937" text="в"><tfr rev_id="1399018" t="в"><v><l id="37409" t="в"><g v="PREP"></g></l></v></tfr></token><token id="565938" text="которое"><tfr rev_id="3641359" t="которое"><v><l id="141203" t="который"><g v="ADJF"></g><g v="Apro"></g><g v="Subx"></g><g v="Anph"></g><g v="neut"></g><g v="sing"></g><g v="nomn"></g></l></v><v><l id="141203" t="который"><g v="ADJF"></g><g v="Apro"></g><g v="Subx"></g><g v="Anph"></g><g v="neut"></g><g v="sing"></g><g v="accs"></g></l></v></tfr></token><token id="565939" text="войдут"><tfr rev_id="1399020" t="войдут"><v><l id="49737" t="вошёл"><g v="VERB"></g><g v="perf"></g><g v="intr"></g><g v="plur"></g><g v="3per"></g><g v="futr"></g><g v="indc"></g></l></v></tfr></token><token id="565940" text="популярные"><tfr rev_id="3815163" t="популярные"><v><l id="259762" t="популярный"><g v="ADJF"></g><g v="Qual"></g><g v="plur"></g><g v="nomn"></g></l></v></tfr></token><token id="565941" text="журналисты"><tfr rev_id="1399022" t="журналисты"><v><l id="97974" t="журналист"><g v="NOUN"></g><g v="anim"></g><g v="masc"></g><g v="plur"></g><g v="nomn"></g></l></v></tfr></token><token id="565942" text=","><tfr rev_id="1399023" t=","><v><l id="0" t=","><g v="PNCT"></g></l></v></tfr></token><token id="565943" text="телеведущие"><tfr rev_id="4542450" t="телеведущие"><v><l id="393374" t="телеведущие"><g v="NOUN"></g><g v="anim"></g><g v="ms-f"></g><g v="Pltm"></g><g v="plur"></g><g v="nomn"></g></l></v></tfr></token><token id="565944" text=","><tfr rev_id="1399025" t=","><v><l id="0" t=","><g v="PNCT"></g></l></v></tfr></token><token id="565945" text="литераторы"><tfr rev_id="1399026" t="литераторы"><v><l id="149856" t="литератор"><g v="NOUN"></g><g v="anim"></g><g v="masc"></g><g v="plur"></g><g v="nomn"></g></l></v></tfr></token><token id="565946" text=","><tfr rev_id="1399027" t=","><v><l id="0" t=","><g v="PNCT"></g></l></v></tfr></token><token id="565947" text="музыканты"><tfr rev_id="1399028" t="музыканты"><v><l id="164809" t="музыкант"><g v="NOUN"></g><g v="anim"></g><g v="masc"></g><g v="plur"></g><g v="nomn"></g></l></v></tfr></token><token id="565948" text="и"><tfr rev_id="3558517" t="и"><v><l id="116949" t="и"><g v="CONJ"></g></l></v></tfr></token><token id="565949" text="просто"><tfr rev_id="1399030" t="просто"><v><l id="285025" t="просто"><g v="ADVB"></g><g v="Prdx"></g></l></v><v><l id="285026" t="просто"><g v="PRCL"></g></l></v><v><l id="285050" t="прост"><g v="ADJS"></g><g v="Qual"></g><g v="neut"></g><g v="sing"></g></l></v></tfr></token><token id="565950" text="известные"><tfr rev_id="4086603" t="известные"><v><l id="118144" t="известный"><g v="ADJF"></g><g v="Qual"></g><g v="plur"></g><g v="nomn"></g></l></v></tfr></token><token id="565951" text="киноманы"><tfr rev_id="1399032" t="киноманы"><v><l id="133052" t="киноман"><g v="NOUN"></g><g v="anim"></g><g v="masc"></g><g v="plur"></g><g v="nomn"></g></l></v></tfr></token><token id="565952" text="."><tfr rev_id="1399033" t="."><v><l id="0" t="."><g v="PNCT"></g></l></v></tfr></token></tokens></sentence><sentence id="31610"><source>Свои симпатии в виде отдельного приза выразят и зрители в зале.</source><tokens><token id="565953" text="Свои"><tfr rev_id="4092483" t="Свои"><v><l id="316379" t="свой"><g v="ADJF"></g><g v="Apro"></g><g v="Anph"></g><g v="inan"></g><g v="plur"></g><g v="accs"></g></l></v></tfr></token><token id="565954" text="симпатии"><tfr rev_id="3800238" t="симпатии"><v><l id="320741" t="симпатия"><g v="NOUN"></g><g v="inan"></g><g v="femn"></g><g v="plur"></g><g v="accs"></g></l></v></tfr></token><token id="565955" text="в"><tfr rev_id="1399036" t="в"><v><l id="37409" t="в"><g v="PREP"></g></l></v></tfr></token><token id="565956" text="виде"><tfr rev_id="1399037" t="виде"><v><l id="44437" t="вид"><g v="NOUN"></g><g v="inan"></g><g v="masc"></g><g v="sing"></g><g v="loc1"></g></l></v></tfr></token><token id="565957" text="отдельного"><tfr rev_id="4486535" t="отдельного"><v><l id="213415" t="отдельный"><g v="ADJF"></g><g v="Qual"></g><g v="masc"></g><g v="sing"></g><g v="gent"></g></l></v></tfr></token><token id="565958" text="приза"><tfr rev_id="1399039" t="приза"><v><l id="270520" t="приз"><g v="NOUN"></g><g v="inan"></g><g v="masc"></g><g v="sing"></g><g v="gent"></g></l></v></tfr></token><token id="565959" text="выразят"><tfr rev_id="1399040" t="выразят"><v><l id="61211" t="выразил"><g v="VERB"></g><g v="perf"></g><g v="tran"></g><g v="plur"></g><g v="3per"></g><g v="futr"></g><g v="indc"></g></l></v></tfr></token><token id="565960" text="и"><tfr rev_id="1399041" t="и"><v><l id="116949" t="и"><g v="CONJ"></g></l></v><v><l id="116950" t="и"><g v="INTJ"></g></l></v></tfr></token><token id="565961" text="зрители"><tfr rev_id="1399042" t="зрители"><v><l id="116577" t="зритель"><g v="NOUN"></g><g v="anim"></g><g v="masc"></g><g v="plur"></g><g v="nomn"></g></l></v></tfr></token><token id="565962" text="в"><tfr rev_id="1399043" t="в"><v><l id="37409" t="в"><g v="PREP"></g></l></v></tfr></token><token id="565963" text="зале"><tfr rev_id="4375184" t="зале"><v><l id="104463" t="зал"><g v="NOUN"></g><g v="inan"></g><g v="masc"></g><g v="sing"></g><g v="loct"></g></l></v></tfr></token><token id="565964" text="."><tfr rev_id="1399045" t="."><v><l id="0" t="."><g v="PNCT"></g></l></v></tfr></token></tokens></sentence><sentence id="31611"><source>Вести конкурс CinemaJazz Awards будет тележурналист Михаил Довженко.</source><tokens><token id="565965" text="Вести"><tfr rev_id="1712920" t="Вести"><v><l id="42111" t="вести"><g v="INFN"></g><g v="impf"></g><g v="tran"></g></l></v></tfr></token><token id="565966" text="конкурс"><tfr rev_id="4104877" t="конкурс"><v><l id="137916" t="конкурс"><g v="NOUN"></g><g v="inan"></g><g v="masc"></g><g v="sing"></g><g v="accs"></g></l></v></tfr></token><token id="565967" text="CinemaJazz"><tfr rev_id="2474275" t="CinemaJazz"><v><l id="0" t="CinemaJazz"><g v="LATN"></g></l></v></tfr></token><token id="565968" text="Awards"><tfr rev_id="2474276" t="Awards"><v><l id="0" t="Awards"><g v="LATN"></g></l></v></tfr></token><token id="565969" text="будет"><tfr rev_id="1399050" t="будет"><v><l id="37265" t="есть"><g v="VERB"></g><g v="impf"></g><g v="intr"></g><g v="sing"></g><g v="3per"></g><g v="futr"></g><g v="indc"></g></l></v></tfr></token><token id="565970" text="тележурналист"><tfr rev_id="1399051" t="тележурналист"><v><l id="344152" t="тележурналист"><g v="NOUN"></g><g v="anim"></g><g v="masc"></g><g v="sing"></g><g v="nomn"></g></l></v></tfr></token><token id="565971" text="Михаил"><tfr rev_id="1399052" t="Михаил"><v><l id="161195" t="михаил"><g v="NOUN"></g><g v="anim"></g><g v="masc"></g><g v="Name"></g><g v="sing"></g><g v="nomn"></g></l></v></tfr></token><token id="565972" text="Довженко"><tfr rev_id="4326949" t="Довженко"><v><l id="85848" t="довженко"><g v="NOUN"></g><g v="anim"></g><g v="ms-f"></g><g v="Fixd"></g><g v="Surn"></g><g v="sing"></g><g v="nomn"></g></l></v></tfr></token><token id="565973" text="."><tfr rev_id="1399054" t="."><v><l id="0" t="."><g v="PNCT"></g></l></v></tfr></token></tokens></sentence></paragraph><paragraph id="10041"><sentence id="31612"><source>Об одном из легендарных джазовых музыкантов, Мухале Ричарде Абрамсе, читайте в статье  «Индивидуалист из Чикаго».</source><tokens><token id="565974" text="Об"><tfr rev_id="2921189" t="Об"><v><l id="192977" t="о"><g v="PREP"></g><g v="Vpre"></g></l></v></tfr></token><token id="565975" text="одном"><tfr rev_id="4301544" t="одном"><v><l id="203319" t="один"><g v="ADJF"></g><g v="Apro"></g><g v="Anum"></g><g v="masc"></g><g v="sing"></g><g v="loct"></g></l></v></tfr></token><token id="565976" text="из"><tfr rev_id="2603789" t="из"><v><l id="117677" t="из"><g v="PREP"></g></l></v></tfr></token><token id="565977" text="легендарных"><tfr rev_id="3945653" t="легендарных"><v><l id="147503" t="легендарный"><g v="ADJF"></g><g v="plur"></g><g v="gent"></g></l></v></tfr></token><token id="565978" text="джазовых"><tfr rev_id="4542073" t="джазовых"><v><l id="82578" t="джазовый"><g v="ADJF"></g><g v="plur"></g><g v="gent"></g></l></v></tfr></token><token id="565979" text="музыкантов"><tfr rev_id="3547277" t="музыкантов"><v><l id="164809" t="музыкант"><g v="NOUN"></g><g v="anim"></g><g v="masc"></g><g v="plur"></g><g v="gent"></g></l></v></tfr></token><token id="565980" text=","><tfr rev_id="1399061" t=","><v><l id="0" t=","><g v="PNCT"></g></l></v></tfr></token><token id="565981" text="Мухале"><tfr rev_id="1399062" t="Мухале"><v><l id="0" t="мухале"><g v="UNKN"></g></l></v></tfr></token><token id="565982" text="Ричарде"><tfr rev_id="1399063" t="Ричарде"><v><l id="307988" t="ричард"><g v="NOUN"></g><g v="anim"></g><g v="masc"></g><g v="Name"></g><g v="sing"></g><g v="loct"></g></l></v></tfr></token><token id="565983" text="Абрамсе"><tfr rev_id="1399064" t="Абрамсе"><v><l id="0" t="абрамсе"><g v="UNKN"></g></l></v></tfr></token><token id="565984" text=","><tfr rev_id="1399065" t=","><v><l id="0" t=","><g v="PNCT"></g></l></v></tfr></token><token id="565985" text="читайте"><tfr rev_id="1399066" t="читайте"><v><l id="376719" t="читаю"><g v="VERB"></g><g v="impf"></g><g v="tran"></g><g v="plur"></g><g v="impr"></g><g v="excl"></g></l></v></tfr></token><token id="565986" text="в"><tfr rev_id="1399067" t="в"><v><l id="37409" t="в"><g v="PREP"></g></l></v></tfr></token><token id="565987" text="статье"><tfr rev_id="3546099" t="статье"><v><l id="335173" t="статья"><g v="NOUN"></g><g v="inan"></g><g v="femn"></g><g v="sing"></g><g v="loct"></g></l></v></tfr></token><token id="565988" text="«"><tfr rev_id="2442279" t="«"><v><l id="0" t="«"><g v="PNCT"></g></l></v></tfr></token><token id="565989" text="Индивидуалист"><tfr rev_id="1399070" t="Индивидуалист"><v><l id="122202" t="индивидуалист"><g v="NOUN"></g><g v="anim"></g><g v="masc"></g><g v="sing"></g><g v="nomn"></g></l></v></tfr></token><token id="565990" text="из"><tfr rev_id="2560297" t="из"><v><l id="117677" t="из"><g v="PREP"></g></l></v></tfr></token><token id="565991" text="Чикаго"><tfr rev_id="3489422" t="Чикаго"><v><l id="376373" t="чикаго"><g v="NOUN"></g><g v="inan"></g><g v="masc"></g><g v="Sgtm"></g><g v="Fixd"></g><g v="Geox"></g><g v="sing"></g><g v="gent"></g></l></v></tfr></token><token id="565992" text="»"><tfr rev_id="2442280" t="»"><v><l id="0" t="»"><g v="PNCT"></g></l></v></tfr></token><token id="565993" text="."><tfr rev_id="1399074" t="."><v><l id="0" t="."><g v="PNCT"></g></l></v></tfr></token></tokens></sentence></paragraph></paragraphs></text>