<?xml version="1.0" encoding="utf-8"?><text id="1044" parent="56" name="Решение суда по делу хакера Трона"><tags><tag>url:http://ru.wikinews.org/w/index.php?title=Решение_суда_по_делу_хакера_Трона&amp;oldid=75616</tag><tag>Автор:http://ru.wikinews.org/wiki/Участник:Ygrek</tag><tag>Год:2006</tag><tag>Дата:10/02</tag><tag>Тема:ВикиКатегория:Викимедиа</tag><tag>Тема:ВикиКатегория:Переведённые новости</tag><tag>Гео:ВикиКатегория:Германия</tag><tag>Перевод:url:http://de.wikinews.org/wiki/Wikimedia_siegt_im_Streit_um_Namensnennung_von_%E2%80%9ETron%E2%80%9C</tag><tag>Перевод:ЯзыкОригинала:Немецкий</tag><tag>Гео:ВикиКатегория:Берлин</tag></tags><paragraphs><paragraph id="10213"><sentence id="32119"><source>Суд района Берлин-Шарлоттенбург вынес решение по спору между Фондом Викимедиа Германия (Wikimedia Deutschland e. V.) и отцом умершего в 1998 году хакера Трона.</source><tokens><token id="574672" text="Суд"><tfr rev_id="1407751" t="Суд"><v><l id="338918" t="суд"><g v="NOUN"></g><g v="inan"></g><g v="masc"></g><g v="sing"></g><g v="nomn"></g></l></v><v><l id="338918" t="суд"><g v="NOUN"></g><g v="inan"></g><g v="masc"></g><g v="sing"></g><g v="accs"></g></l></v></tfr></token><token id="574673" text="района"><tfr rev_id="1407752" t="района"><v><l id="297595" t="район"><g v="NOUN"></g><g v="inan"></g><g v="masc"></g><g v="sing"></g><g v="gent"></g></l></v></tfr></token><token id="574674" text="Берлин"><tfr rev_id="3490118" t="Берлин"><v><l id="27989" t="берлин"><g v="NOUN"></g><g v="inan"></g><g v="masc"></g><g v="Geox"></g><g v="sing"></g><g v="nomn"></g></l></v><v><l id="27989" t="берлин"><g v="NOUN"></g><g v="inan"></g><g v="masc"></g><g v="Geox"></g><g v="sing"></g><g v="accs"></g></l></v></tfr></token><token id="574675" text="-"><tfr rev_id="1407754" t="-"><v><l id="0" t="-"><g v="PNCT"></g></l></v></tfr></token><token id="574676" text="Шарлоттенбург"><tfr rev_id="1407755" t="Шарлоттенбург"><v><l id="0" t="шарлоттенбург"><g v="UNKN"></g></l></v></tfr></token><token id="574677" text="вынес"><tfr rev_id="1407756" t="вынес"><v><l id="59878" t="вынес"><g v="VERB"></g><g v="perf"></g><g v="tran"></g><g v="masc"></g><g v="sing"></g><g v="past"></g><g v="indc"></g></l></v></tfr></token><token id="574678" text="решение"><tfr rev_id="4102851" t="решение"><v><l id="307350" t="решение"><g v="NOUN"></g><g v="inan"></g><g v="neut"></g><g v="sing"></g><g v="accs"></g></l></v></tfr></token><token id="574679" text="по"><tfr rev_id="1407758" t="по"><v><l id="241240" t="по"><g v="PREP"></g></l></v></tfr></token><token id="574680" text="спору"><tfr rev_id="3799372" t="спору"><v><l id="332735" t="спор"><g v="NOUN"></g><g v="inan"></g><g v="masc"></g><g v="sing"></g><g v="datv"></g></l></v></tfr></token><token id="574681" text="между"><tfr rev_id="1407760" t="между"><v><l id="157306" t="между"><g v="PREP"></g></l></v></tfr></token><token id="574682" text="Фондом"><tfr rev_id="1407761" t="Фондом"><v><l id="366948" t="фонд"><g v="NOUN"></g><g v="inan"></g><g v="masc"></g><g v="sing"></g><g v="ablt"></g></l></v></tfr></token><token id="574683" text="Викимедиа"><tfr rev_id="1407762" t="Викимедиа"><v><l id="0" t="викимедиа"><g v="UNKN"></g></l></v></tfr></token><token id="574684" text="Германия"><tfr rev_id="4177713" t="Германия"><v><l id="69099" t="германия"><g v="NOUN"></g><g v="inan"></g><g v="femn"></g><g v="Sgtm"></g><g v="Geox"></g><g v="sing"></g><g v="nomn"></g></l></v></tfr></token><token id="574685" text="("><tfr rev_id="1407764" t="("><v><l id="0" t="("><g v="PNCT"></g></l></v></tfr></token><token id="574686" text="Wikimedia"><tfr rev_id="2474412" t="Wikimedia"><v><l id="0" t="Wikimedia"><g v="LATN"></g></l></v></tfr></token><token id="574687" text="Deutschland"><tfr rev_id="2474413" t="Deutschland"><v><l id="0" t="Deutschland"><g v="LATN"></g></l></v></tfr></token><token id="574688" text="e"><tfr rev_id="2474414" t="e"><v><l id="0" t="e"><g v="LATN"></g></l></v></tfr></token><token id="574689" text="."><tfr rev_id="1407768" t="."><v><l id="0" t="."><g v="PNCT"></g></l></v></tfr></token><token id="574690" text="V"><tfr rev_id="2634721" t="V"><v><l id="0" t="V"><g v="LATN"></g></l></v></tfr></token><token id="574691" text="."><tfr rev_id="1407770" t="."><v><l id="0" t="."><g v="PNCT"></g></l></v></tfr></token><token id="574692" text=")"><tfr rev_id="1407771" t=")"><v><l id="0" t=")"><g v="PNCT"></g></l></v></tfr></token><token id="574693" text="и"><tfr rev_id="4164612" t="и"><v><l id="116949" t="и"><g v="CONJ"></g></l></v></tfr></token><token id="574694" text="отцом"><tfr rev_id="1407773" t="отцом"><v><l id="213627" t="отец"><g v="NOUN"></g><g v="anim"></g><g v="masc"></g><g v="sing"></g><g v="ablt"></g></l></v></tfr></token><token id="574695" text="умершего"><tfr rev_id="4319817" t="умершего"><v><l id="357522" t="умерший"><g v="PRTF"></g><g v="Subx"></g><g v="perf"></g><g v="intr"></g><g v="past"></g><g v="actv"></g><g v="masc"></g><g v="sing"></g><g v="gent"></g></l></v><v><l id="357522" t="умерший"><g v="PRTF"></g><g v="Subx"></g><g v="perf"></g><g v="intr"></g><g v="past"></g><g v="actv"></g><g v="anim"></g><g v="masc"></g><g v="sing"></g><g v="accs"></g></l></v><v><l id="357522" t="умерший"><g v="PRTF"></g><g v="Subx"></g><g v="perf"></g><g v="intr"></g><g v="past"></g><g v="actv"></g><g v="neut"></g><g v="sing"></g><g v="gent"></g></l></v><v><l id="357547" t="умерший"><g v="ADJF"></g><g v="masc"></g><g v="sing"></g><g v="gent"></g></l></v><v><l id="357547" t="умерший"><g v="ADJF"></g><g v="anim"></g><g v="masc"></g><g v="sing"></g><g v="accs"></g></l></v><v><l id="357547" t="умерший"><g v="ADJF"></g><g v="neut"></g><g v="sing"></g><g v="gent"></g></l></v></tfr></token><token id="574696" text="в"><tfr rev_id="1407775" t="в"><v><l id="37409" t="в"><g v="PREP"></g></l></v></tfr></token><token id="574697" text="1998"><tfr rev_id="2461184" t="1998"><v><l id="0" t="1998"><g v="NUMB"></g></l></v></tfr></token><token id="574698" text="году"><tfr rev_id="2928014" t="году"><v><l id="72149" t="год"><g v="NOUN"></g><g v="inan"></g><g v="masc"></g><g v="sing"></g><g v="loc2"></g></l></v></tfr></token><token id="574699" text="хакера"><tfr rev_id="4215940" t="хакера"><v><l id="369071" t="хакер"><g v="NOUN"></g><g v="anim"></g><g v="masc"></g><g v="sing"></g><g v="gent"></g></l></v></tfr></token><token id="574700" text="Трона"><tfr rev_id="1407779" t="Трона"><v><l id="350427" t="трон"><g v="NOUN"></g><g v="inan"></g><g v="masc"></g><g v="sing"></g><g v="gent"></g></l></v></tfr></token><token id="574701" text="."><tfr rev_id="1407780" t="."><v><l id="0" t="."><g v="PNCT"></g></l></v></tfr></token></tokens></sentence><sentence id="32120"><source>Суд окончательно снял временный запрет с немецкого варианта Википедии.</source><tokens><token id="574702" text="Суд"><tfr rev_id="1407781" t="Суд"><v><l id="338918" t="суд"><g v="NOUN"></g><g v="inan"></g><g v="masc"></g><g v="sing"></g><g v="nomn"></g></l></v><v><l id="338918" t="суд"><g v="NOUN"></g><g v="inan"></g><g v="masc"></g><g v="sing"></g><g v="accs"></g></l></v></tfr></token><token id="574703" text="окончательно"><tfr rev_id="1407782" t="окончательно"><v><l id="205177" t="окончательно"><g v="ADVB"></g></l></v><v><l id="205183" t="окончателен"><g v="ADJS"></g><g v="neut"></g><g v="sing"></g></l></v></tfr></token><token id="574704" text="снял"><tfr rev_id="1407783" t="снял"><v><l id="327593" t="снял"><g v="VERB"></g><g v="perf"></g><g v="tran"></g><g v="masc"></g><g v="sing"></g><g v="past"></g><g v="indc"></g></l></v></tfr></token><token id="574705" text="временный"><tfr rev_id="1407784" t="временный"><v><l id="53144" t="временный"><g v="ADJF"></g><g v="Qual"></g><g v="masc"></g><g v="sing"></g><g v="nomn"></g></l></v><v><l id="53144" t="временный"><g v="ADJF"></g><g v="Qual"></g><g v="inan"></g><g v="masc"></g><g v="sing"></g><g v="accs"></g></l></v></tfr></token><token id="574706" text="запрет"><tfr rev_id="1715302" t="запрет"><v><l id="107924" t="запрет"><g v="NOUN"></g><g v="inan"></g><g v="masc"></g><g v="sing"></g><g v="nomn"></g></l></v><v><l id="107924" t="запрет"><g v="NOUN"></g><g v="inan"></g><g v="masc"></g><g v="sing"></g><g v="accs"></g></l></v></tfr></token><token id="574707" text="с"><tfr rev_id="1407786" t="с"><v><l id="311151" t="с"><g v="PREP"></g></l></v></tfr></token><token id="574708" text="немецкого"><tfr rev_id="4415285" t="немецкого"><v><l id="184078" t="немецкий"><g v="ADJF"></g><g v="masc"></g><g v="sing"></g><g v="gent"></g></l></v></tfr></token><token id="574709" text="варианта"><tfr rev_id="4181411" t="варианта"><v><l id="38767" t="вариант"><g v="NOUN"></g><g v="inan"></g><g v="masc"></g><g v="sing"></g><g v="gent"></g></l></v></tfr></token><token id="574710" text="Википедии"><tfr rev_id="4291863" t="Википедии"><v><l id="388684" t="википедия"><g v="NOUN"></g><g v="inan"></g><g v="femn"></g><g v="sing"></g><g v="gent"></g></l></v></tfr></token><token id="574711" text="."><tfr rev_id="1407790" t="."><v><l id="0" t="."><g v="PNCT"></g></l></v></tfr></token></tokens></sentence></paragraph><paragraph id="10214"><sentence id="32121"><source>Спор шёл о следующем: имеет ли право Википедия в статье о хакере Троне называть его настоящее имя?</source><tokens><token id="574712" text="Спор"><tfr rev_id="3543374" t="Спор"><v><l id="332735" t="спор"><g v="NOUN"></g><g v="inan"></g><g v="masc"></g><g v="sing"></g><g v="nomn"></g></l></v><v><l id="332735" t="спор"><g v="NOUN"></g><g v="inan"></g><g v="masc"></g><g v="sing"></g><g v="accs"></g></l></v></tfr></token><token id="574713" text="шёл"><tfr rev_id="1407792" t="шёл"><v><l id="117566" t="иду"><g v="VERB"></g><g v="impf"></g><g v="intr"></g><g v="masc"></g><g v="sing"></g><g v="past"></g><g v="indc"></g></l></v></tfr></token><token id="574714" text="о"><tfr rev_id="3325698" t="о"><v><l id="192977" t="о"><g v="PREP"></g></l></v></tfr></token><token id="574715" text="следующем"><tfr rev_id="1407794" t="следующем"><v><l id="324749" t="следующий"><g v="PRTF"></g><g v="impf"></g><g v="intr"></g><g v="pres"></g><g v="actv"></g><g v="masc"></g><g v="sing"></g><g v="loct"></g></l></v><v><l id="324749" t="следующий"><g v="PRTF"></g><g v="impf"></g><g v="intr"></g><g v="pres"></g><g v="actv"></g><g v="neut"></g><g v="sing"></g><g v="loct"></g></l></v><v><l id="324769" t="следующий"><g v="ADJF"></g><g v="masc"></g><g v="sing"></g><g v="loct"></g></l></v><v><l id="324769" t="следующий"><g v="ADJF"></g><g v="neut"></g><g v="sing"></g><g v="loct"></g></l></v></tfr></token><token id="574716" text=":"><tfr rev_id="1407795" t=":"><v><l id="0" t=":"><g v="PNCT"></g></l></v></tfr></token><token id="574717" text="имеет"><tfr rev_id="1407796" t="имеет"><v><l id="121610" t="имею"><g v="VERB"></g><g v="impf"></g><g v="tran"></g><g v="sing"></g><g v="3per"></g><g v="pres"></g><g v="indc"></g></l></v></tfr></token><token id="574718" text="ли"><tfr rev_id="4468446" t="ли"><v><l id="148847" t="ли"><g v="CONJ"></g></l></v><v><l id="148848" t="ли"><g v="PRCL"></g></l></v></tfr></token><token id="574719" text="право"><tfr rev_id="4387953" t="право"><v><l id="265680" t="право"><g v="NOUN"></g><g v="inan"></g><g v="neut"></g><g v="sing"></g><g v="nomn"></g></l></v><v><l id="265680" t="право"><g v="NOUN"></g><g v="inan"></g><g v="neut"></g><g v="sing"></g><g v="accs"></g></l></v></tfr></token><token id="574720" text="Википедия"><tfr rev_id="3442148" t="Википедия"><v><l id="388684" t="википедия"><g v="NOUN"></g><g v="inan"></g><g v="femn"></g><g v="sing"></g><g v="nomn"></g></l></v></tfr></token><token id="574721" text="в"><tfr rev_id="1407800" t="в"><v><l id="37409" t="в"><g v="PREP"></g></l></v></tfr></token><token id="574722" text="статье"><tfr rev_id="3309779" t="статье"><v><l id="335173" t="статья"><g v="NOUN"></g><g v="inan"></g><g v="femn"></g><g v="sing"></g><g v="loct"></g></l></v></tfr></token><token id="574723" text="о"><tfr rev_id="3417487" t="о"><v><l id="192977" t="о"><g v="PREP"></g></l></v></tfr></token><token id="574724" text="хакере"><tfr rev_id="1407803" t="хакере"><v><l id="369071" t="хакер"><g v="NOUN"></g><g v="anim"></g><g v="masc"></g><g v="sing"></g><g v="loct"></g></l></v></tfr></token><token id="574725" text="Троне"><tfr rev_id="1407804" t="Троне"><v><l id="350427" t="трон"><g v="NOUN"></g><g v="inan"></g><g v="masc"></g><g v="sing"></g><g v="loct"></g></l></v></tfr></token><token id="574726" text="называть"><tfr rev_id="1407805" t="называть"><v><l id="170474" t="называть"><g v="INFN"></g><g v="impf"></g><g v="tran"></g></l></v></tfr></token><token id="574727" text="его"><tfr rev_id="4514851" t="его"><v><l id="94208" t="его"><g v="ADJF"></g><g v="Fixd"></g><g v="Apro"></g><g v="Anph"></g><g v="neut"></g><g v="sing"></g><g v="nomn"></g></l></v><v><l id="94208" t="его"><g v="ADJF"></g><g v="Fixd"></g><g v="Apro"></g><g v="Anph"></g><g v="neut"></g><g v="sing"></g><g v="gent"></g></l></v><v><l id="94208" t="его"><g v="ADJF"></g><g v="Fixd"></g><g v="Apro"></g><g v="Anph"></g><g v="neut"></g><g v="sing"></g><g v="datv"></g></l></v><v><l id="94208" t="его"><g v="ADJF"></g><g v="Fixd"></g><g v="Apro"></g><g v="Anph"></g><g v="neut"></g><g v="sing"></g><g v="accs"></g></l></v><v><l id="94208" t="его"><g v="ADJF"></g><g v="Fixd"></g><g v="Apro"></g><g v="Anph"></g><g v="neut"></g><g v="sing"></g><g v="ablt"></g></l></v><v><l id="94208" t="его"><g v="ADJF"></g><g v="Fixd"></g><g v="Apro"></g><g v="Anph"></g><g v="neut"></g><g v="sing"></g><g v="loct"></g></l></v></tfr></token><token id="574728" text="настоящее"><tfr rev_id="4417177" t="настоящее"><v><l id="176151" t="настоящий"><g v="ADJF"></g><g v="neut"></g><g v="sing"></g><g v="accs"></g></l></v></tfr></token><token id="574729" text="имя"><tfr rev_id="1407808" t="имя"><v><l id="121947" t="имя"><g v="NOUN"></g><g v="inan"></g><g v="neut"></g><g v="sing"></g><g v="nomn"></g></l></v><v><l id="121947" t="имя"><g v="NOUN"></g><g v="inan"></g><g v="neut"></g><g v="sing"></g><g v="accs"></g></l></v></tfr></token><token id="574730" text="?"><tfr rev_id="1407809" t="?"><v><l id="0" t="?"><g v="PNCT"></g></l></v></tfr></token></tokens></sentence><sentence id="32122"><source>Ещё в декабре 2005 года отец Трона начал дело против Фонда Викимедиа во Флориде, которое до сих пор не рассмотрено.</source><tokens><token id="574731" text="Ещё"><tfr rev_id="1407810" t="Ещё"><v><l id="95551" t="ещё"><g v="PRCL"></g></l></v><v><l id="95552" t="ещё"><g v="ADVB"></g></l></v></tfr></token><token id="574732" text="в"><tfr rev_id="1407811" t="в"><v><l id="37409" t="в"><g v="PREP"></g></l></v></tfr></token><token id="574733" text="декабре"><tfr rev_id="1407812" t="декабре"><v><l id="80133" t="декабрь"><g v="NOUN"></g><g v="inan"></g><g v="masc"></g><g v="sing"></g><g v="loct"></g></l></v></tfr></token><token id="574734" text="2005"><tfr rev_id="2461185" t="2005"><v><l id="0" t="2005"><g v="NUMB"></g></l></v></tfr></token><token id="574735" text="года"><tfr rev_id="3415379" t="года"><v><l id="72149" t="год"><g v="NOUN"></g><g v="inan"></g><g v="masc"></g><g v="sing"></g><g v="gen1"></g></l></v></tfr></token><token id="574736" text="отец"><tfr rev_id="1407815" t="отец"><v><l id="213627" t="отец"><g v="NOUN"></g><g v="anim"></g><g v="masc"></g><g v="sing"></g><g v="nomn"></g></l></v></tfr></token><token id="574737" text="Трона"><tfr rev_id="1407816" t="Трона"><v><l id="350427" t="трон"><g v="NOUN"></g><g v="inan"></g><g v="masc"></g><g v="sing"></g><g v="gent"></g></l></v></tfr></token><token id="574738" text="начал"><tfr rev_id="1715842" t="начал"><v><l id="178224" t="начал"><g v="VERB"></g><g v="perf"></g><g v="tran"></g><g v="masc"></g><g v="sing"></g><g v="past"></g><g v="indc"></g></l></v></tfr></token><token id="574739" text="дело"><tfr rev_id="1716148" t="дело"><v><l id="80628" t="дело"><g v="NOUN"></g><g v="inan"></g><g v="neut"></g><g v="sing"></g><g v="nomn"></g></l></v><v><l id="80628" t="дело"><g v="NOUN"></g><g v="inan"></g><g v="neut"></g><g v="sing"></g><g v="accs"></g></l></v></tfr></token><token id="574740" text="против"><tfr rev_id="4485373" t="против"><v><l id="285790" t="против"><g v="PREP"></g></l></v></tfr></token><token id="574741" text="Фонда"><tfr rev_id="1407820" t="Фонда"><v><l id="366948" t="фонд"><g v="NOUN"></g><g v="inan"></g><g v="masc"></g><g v="sing"></g><g v="gent"></g></l></v></tfr></token><token id="574742" text="Викимедиа"><tfr rev_id="1407821" t="Викимедиа"><v><l id="0" t="викимедиа"><g v="UNKN"></g></l></v></tfr></token><token id="574743" text="во"><tfr rev_id="2920211" t="во"><v><l id="37409" t="в"><g v="PREP"></g><g v="Vpre"></g></l></v></tfr></token><token id="574744" text="Флориде"><tfr rev_id="4494733" t="Флориде"><v><l id="366619" t="флорида"><g v="NOUN"></g><g v="inan"></g><g v="femn"></g><g v="Sgtm"></g><g v="Geox"></g><g v="sing"></g><g v="loct"></g></l></v></tfr></token><token id="574745" text=","><tfr rev_id="1407824" t=","><v><l id="0" t=","><g v="PNCT"></g></l></v></tfr></token><token id="574746" text="которое"><tfr rev_id="3641360" t="которое"><v><l id="141203" t="который"><g v="ADJF"></g><g v="Apro"></g><g v="Subx"></g><g v="Anph"></g><g v="neut"></g><g v="sing"></g><g v="nomn"></g></l></v><v><l id="141203" t="который"><g v="ADJF"></g><g v="Apro"></g><g v="Subx"></g><g v="Anph"></g><g v="neut"></g><g v="sing"></g><g v="accs"></g></l></v></tfr></token><token id="574747" text="до"><tfr rev_id="1407826" t="до"><v><l id="85153" t="до"><g v="PREP"></g></l></v></tfr></token><token id="574748" text="сих"><tfr rev_id="4572250" t="сих"><v><l id="317879" t="сей"><g v="ADJF"></g><g v="Apro"></g><g v="Subx"></g><g v="plur"></g><g v="gent"></g></l></v></tfr></token><token id="574749" text="пор"><tfr rev_id="1407828" t="пор"><v><l id="259871" t="пора"><g v="NOUN"></g><g v="inan"></g><g v="femn"></g><g v="plur"></g><g v="gent"></g></l></v></tfr></token><token id="574750" text="не"><tfr rev_id="1407829" t="не"><v><l id="178876" t="не"><g v="PRCL"></g></l></v></tfr></token><token id="574751" text="рассмотрено"><tfr rev_id="1407830" t="рассмотрено"><v><l id="301151" t="рассмотрен"><g v="PRTS"></g><g v="perf"></g><g v="past"></g><g v="pssv"></g><g v="neut"></g><g v="sing"></g></l></v></tfr></token><token id="574752" text="."><tfr rev_id="1407831" t="."><v><l id="0" t="."><g v="PNCT"></g></l></v></tfr></token></tokens></sentence><sentence id="32123"><source>Поэтому, в январе 2006 года он начал дело против Фондом Викимедиа Германия, где потребовал запрета переадресации страницы Википедии с адреса de.wikipedia.org на домен www.wikipedia.de.</source><tokens><token id="574753" text="Поэтому"><tfr rev_id="1407832" t="Поэтому"><v><l id="265490" t="поэтому"><g v="ADVB"></g></l></v></tfr></token><token id="574754" text=","><tfr rev_id="1407833" t=","><v><l id="0" t=","><g v="PNCT"></g></l></v></tfr></token><token id="574755" text="в"><tfr rev_id="1407834" t="в"><v><l id="37409" t="в"><g v="PREP"></g></l></v></tfr></token><token id="574756" text="январе"><tfr rev_id="1407835" t="январе"><v><l id="387905" t="январь"><g v="NOUN"></g><g v="inan"></g><g v="masc"></g><g v="sing"></g><g v="loct"></g></l></v></tfr></token><token id="574757" text="2006"><tfr rev_id="2461186" t="2006"><v><l id="0" t="2006"><g v="NUMB"></g></l></v></tfr></token><token id="574758" text="года"><tfr rev_id="3482150" t="года"><v><l id="72149" t="год"><g v="NOUN"></g><g v="inan"></g><g v="masc"></g><g v="sing"></g><g v="gen1"></g></l></v></tfr></token><token id="574759" text="он"><tfr rev_id="3575498" t="он"><v><l id="206541" t="он"><g v="NPRO"></g><g v="masc"></g><g v="3per"></g><g v="Anph"></g><g v="sing"></g><g v="nomn"></g></l></v></tfr></token><token id="574760" text="начал"><tfr rev_id="1714349" t="начал"><v><l id="178224" t="начал"><g v="VERB"></g><g v="perf"></g><g v="tran"></g><g v="masc"></g><g v="sing"></g><g v="past"></g><g v="indc"></g></l></v></tfr></token><token id="574761" text="дело"><tfr rev_id="1714529" t="дело"><v><l id="80628" t="дело"><g v="NOUN"></g><g v="inan"></g><g v="neut"></g><g v="sing"></g><g v="nomn"></g></l></v><v><l id="80628" t="дело"><g v="NOUN"></g><g v="inan"></g><g v="neut"></g><g v="sing"></g><g v="accs"></g></l></v></tfr></token><token id="574762" text="против"><tfr rev_id="4464796" t="против"><v><l id="285790" t="против"><g v="PREP"></g></l></v></tfr></token><token id="574763" text="Фондом"><tfr rev_id="1407842" t="Фондом"><v><l id="366948" t="фонд"><g v="NOUN"></g><g v="inan"></g><g v="masc"></g><g v="sing"></g><g v="ablt"></g></l></v></tfr></token><token id="574764" text="Викимедиа"><tfr rev_id="1407843" t="Викимедиа"><v><l id="0" t="викимедиа"><g v="UNKN"></g></l></v></tfr></token><token id="574765" text="Германия"><tfr rev_id="4076963" t="Германия"><v><l id="69099" t="германия"><g v="NOUN"></g><g v="inan"></g><g v="femn"></g><g v="Sgtm"></g><g v="Geox"></g><g v="sing"></g><g v="nomn"></g></l></v></tfr></token><token id="574766" text=","><tfr rev_id="1407845" t=","><v><l id="0" t=","><g v="PNCT"></g></l></v></tfr></token><token id="574767" text="где"><tfr rev_id="2636435" t="где"><v><l id="67984" t="где"><g v="ADVB"></g><g v="Ques"></g></l></v><v><l id="388669" t="где"><g v="CONJ"></g></l></v></tfr></token><token id="574768" text="потребовал"><tfr rev_id="1407847" t="потребовал"><v><l id="263551" t="потребовал"><g v="VERB"></g><g v="perf"></g><g v="tran"></g><g v="masc"></g><g v="sing"></g><g v="past"></g><g v="indc"></g></l></v></tfr></token><token id="574769" text="запрета"><tfr rev_id="1407848" t="запрета"><v><l id="107924" t="запрет"><g v="NOUN"></g><g v="inan"></g><g v="masc"></g><g v="sing"></g><g v="gent"></g></l></v></tfr></token><token id="574770" text="переадресации"><tfr rev_id="4277415" t="переадресации"><v><l id="226381" t="переадресация"><g v="NOUN"></g><g v="inan"></g><g v="femn"></g><g v="sing"></g><g v="gent"></g></l></v></tfr></token><token id="574771" text="страницы"><tfr rev_id="3487039" t="страницы"><v><l id="337102" t="страница"><g v="NOUN"></g><g v="inan"></g><g v="femn"></g><g v="sing"></g><g v="gent"></g></l></v></tfr></token><token id="574772" text="Википедии"><tfr rev_id="4291864" t="Википедии"><v><l id="388684" t="википедия"><g v="NOUN"></g><g v="inan"></g><g v="femn"></g><g v="sing"></g><g v="gent"></g></l></v></tfr></token><token id="574773" text="с"><tfr rev_id="1407852" t="с"><v><l id="311151" t="с"><g v="PREP"></g></l></v></tfr></token><token id="574774" text="адреса"><tfr rev_id="3439155" t="адреса"><v><l id="5167" t="адрес"><g v="NOUN"></g><g v="inan"></g><g v="masc"></g><g v="sing"></g><g v="gent"></g></l></v></tfr></token><token id="574775" text="de.wikipedia.org"><tfr rev_id="2474415" t="de.wikipedia.org"><v><l id="0" t="de.wikipedia.org"><g v="LATN"></g></l></v></tfr></token><token id="574776" text="на"><tfr rev_id="3342413" t="на"><v><l id="166264" t="на"><g v="PREP"></g></l></v></tfr></token><token id="574777" text="домен"><tfr rev_id="3432926" t="домен"><v><l id="88244" t="домен"><g v="NOUN"></g><g v="inan"></g><g v="masc"></g><g v="sing"></g><g v="nomn"></g></l></v><v><l id="88244" t="домен"><g v="NOUN"></g><g v="inan"></g><g v="masc"></g><g v="sing"></g><g v="accs"></g></l></v></tfr></token><token id="574778" text="www.wikipedia.de"><tfr rev_id="2474416" t="www.wikipedia.de"><v><l id="0" t="www.wikipedia.de"><g v="LATN"></g></l></v></tfr></token><token id="574779" text="."><tfr rev_id="1407858" t="."><v><l id="0" t="."><g v="PNCT"></g></l></v></tfr></token></tokens></sentence><sentence id="32124"><source>Эта переадресация была запрещена на короткое время.</source><tokens><token id="574780" text="Эта"><tfr rev_id="4437189" t="Эта"><v><l id="386581" t="этот"><g v="ADJF"></g><g v="Subx"></g><g v="Apro"></g><g v="Anph"></g><g v="femn"></g><g v="sing"></g><g v="nomn"></g></l></v></tfr></token><token id="574781" text="переадресация"><tfr rev_id="1407860" t="переадресация"><v><l id="226381" t="переадресация"><g v="NOUN"></g><g v="inan"></g><g v="femn"></g><g v="sing"></g><g v="nomn"></g></l></v></tfr></token><token id="574782" text="была"><tfr rev_id="1407861" t="была"><v><l id="37265" t="есть"><g v="VERB"></g><g v="impf"></g><g v="intr"></g><g v="femn"></g><g v="sing"></g><g v="past"></g><g v="indc"></g></l></v></tfr></token><token id="574783" text="запрещена"><tfr rev_id="1407862" t="запрещена"><v><l id="107932" t="запрещён"><g v="PRTS"></g><g v="perf"></g><g v="past"></g><g v="pssv"></g><g v="femn"></g><g v="sing"></g></l></v></tfr></token><token id="574784" text="на"><tfr rev_id="3337302" t="на"><v><l id="166264" t="на"><g v="PREP"></g></l></v></tfr></token><token id="574785" text="короткое"><tfr rev_id="3336189" t="короткое"><v><l id="140035" t="короткий"><g v="ADJF"></g><g v="Qual"></g><g v="neut"></g><g v="sing"></g><g v="accs"></g></l></v></tfr></token><token id="574786" text="время"><tfr rev_id="4094904" t="время"><v><l id="53149" t="время"><g v="NOUN"></g><g v="inan"></g><g v="neut"></g><g v="sing"></g><g v="accs"></g></l></v></tfr></token><token id="574787" text="."><tfr rev_id="1407866" t="."><v><l id="0" t="."><g v="PNCT"></g></l></v></tfr></token></tokens></sentence><sentence id="32125"><source>Сегодня, 9 февраля, этот запрет окончательно отменён.</source><tokens><token id="574788" text="Сегодня"><tfr rev_id="1407867" t="Сегодня"><v><l id="317730" t="сегодня"><g v="ADVB"></g></l></v></tfr></token><token id="574789" text=","><tfr rev_id="1407868" t=","><v><l id="0" t=","><g v="PNCT"></g></l></v></tfr></token><token id="574790" text="9"><tfr rev_id="2461187" t="9"><v><l id="0" t="9"><g v="NUMB"></g></l></v></tfr></token><token id="574791" text="февраля"><tfr rev_id="1407870" t="февраля"><v><l id="364920" t="февраль"><g v="NOUN"></g><g v="inan"></g><g v="masc"></g><g v="sing"></g><g v="gent"></g></l></v></tfr></token><token id="574792" text=","><tfr rev_id="1407871" t=","><v><l id="0" t=","><g v="PNCT"></g></l></v></tfr></token><token id="574793" text="этот"><tfr rev_id="4432062" t="этот"><v><l id="386581" t="этот"><g v="ADJF"></g><g v="Subx"></g><g v="Apro"></g><g v="Anph"></g><g v="masc"></g><g v="sing"></g><g v="nomn"></g></l></v><v><l id="386581" t="этот"><g v="ADJF"></g><g v="Subx"></g><g v="Apro"></g><g v="Anph"></g><g v="inan"></g><g v="masc"></g><g v="sing"></g><g v="accs"></g></l></v></tfr></token><token id="574794" text="запрет"><tfr rev_id="1715342" t="запрет"><v><l id="107924" t="запрет"><g v="NOUN"></g><g v="inan"></g><g v="masc"></g><g v="sing"></g><g v="nomn"></g></l></v><v><l id="107924" t="запрет"><g v="NOUN"></g><g v="inan"></g><g v="masc"></g><g v="sing"></g><g v="accs"></g></l></v></tfr></token><token id="574795" text="окончательно"><tfr rev_id="1407874" t="окончательно"><v><l id="205177" t="окончательно"><g v="ADVB"></g></l></v><v><l id="205183" t="окончателен"><g v="ADJS"></g><g v="neut"></g><g v="sing"></g></l></v></tfr></token><token id="574796" text="отменён"><tfr rev_id="1407875" t="отменён"><v><l id="215487" t="отменён"><g v="PRTS"></g><g v="perf"></g><g v="past"></g><g v="pssv"></g><g v="masc"></g><g v="sing"></g></l></v><v><l id="215496" t="отменен"><g v="ADJS"></g><g v="Qual"></g><g v="masc"></g><g v="sing"></g><g v="V-en"></g></l></v></tfr></token><token id="574797" text="."><tfr rev_id="1407876" t="."><v><l id="0" t="."><g v="PNCT"></g></l></v></tfr></token></tokens></sentence></paragraph><paragraph id="10215"><sentence id="32126"><source>Председательствующий судья, обосновал такое решение тем, что семья хакера не вправе требовать вычёркивания настоящего имени их сына, «так как открытие настоящего имени не нарушает персональных прав умершего».</source><tokens><token id="574798" text="Председательствующий"><tfr rev_id="4576830" t="Председательствующий"><v><l id="267022" t="председательствующий"><g v="PRTF"></g><g v="impf"></g><g v="intr"></g><g v="pres"></g><g v="actv"></g><g v="masc"></g><g v="sing"></g><g v="nomn"></g></l></v><v><l id="267022" t="председательствующий"><g v="PRTF"></g><g v="impf"></g><g v="intr"></g><g v="pres"></g><g v="actv"></g><g v="inan"></g><g v="masc"></g><g v="sing"></g><g v="accs"></g></l></v></tfr></token><token id="574799" text="судья"><tfr rev_id="4527506" t="судья"><v><l id="339112" t="судья"><g v="NOUN"></g><g v="anim"></g><g v="ms-f"></g><g v="sing"></g><g v="nomn"></g></l></v></tfr></token><token id="574800" text=","><tfr rev_id="1407879" t=","><v><l id="0" t=","><g v="PNCT"></g></l></v></tfr></token><token id="574801" text="обосновал"><tfr rev_id="1407880" t="обосновал"><v><l id="198589" t="обосновал"><g v="VERB"></g><g v="perf"></g><g v="tran"></g><g v="masc"></g><g v="sing"></g><g v="past"></g><g v="indc"></g></l></v></tfr></token><token id="574802" text="такое"><tfr rev_id="1407881" t="такое"><v><l id="342491" t="такой"><g v="ADJF"></g><g v="Apro"></g><g v="neut"></g><g v="sing"></g><g v="nomn"></g></l></v><v><l id="342491" t="такой"><g v="ADJF"></g><g v="Apro"></g><g v="neut"></g><g v="sing"></g><g v="accs"></g></l></v></tfr></token><token id="574803" text="решение"><tfr rev_id="1407882" t="решение"><v><l id="307350" t="решение"><g v="NOUN"></g><g v="inan"></g><g v="neut"></g><g v="sing"></g><g v="nomn"></g></l></v><v><l id="307350" t="решение"><g v="NOUN"></g><g v="inan"></g><g v="neut"></g><g v="sing"></g><g v="accs"></g></l></v></tfr></token><token id="574804" text="тем"><tfr rev_id="4538900" t="тем"><v><l id="348430" t="тот"><g v="ADJF"></g><g v="Subx"></g><g v="Apro"></g><g v="Anph"></g><g v="masc"></g><g v="sing"></g><g v="ablt"></g></l></v><v><l id="348430" t="тот"><g v="ADJF"></g><g v="Subx"></g><g v="Apro"></g><g v="Anph"></g><g v="neut"></g><g v="sing"></g><g v="ablt"></g></l></v></tfr></token><token id="574805" text=","><tfr rev_id="1407884" t=","><v><l id="0" t=","><g v="PNCT"></g></l></v></tfr></token><token id="574806" text="что"><tfr rev_id="3196570" t="что"><v><l id="377004" t="что"><g v="CONJ"></g></l></v><v><l id="377005" t="что"><g v="NPRO"></g><g v="neut"></g><g v="sing"></g><g v="nomn"></g></l></v><v><l id="377005" t="что"><g v="NPRO"></g><g v="neut"></g><g v="sing"></g><g v="accs"></g></l></v><v><l id="377006" t="что"><g v="ADVB"></g><g v="Ques"></g></l></v><v><l id="388695" t="что"><g v="PRCL"></g></l></v></tfr></token><token id="574807" text="семья"><tfr rev_id="1407886" t="семья"><v><l id="318660" t="семья"><g v="NOUN"></g><g v="inan"></g><g v="femn"></g><g v="sing"></g><g v="nomn"></g></l></v></tfr></token><token id="574808" text="хакера"><tfr rev_id="3546872" t="хакера"><v><l id="369071" t="хакер"><g v="NOUN"></g><g v="anim"></g><g v="masc"></g><g v="sing"></g><g v="gent"></g></l></v></tfr></token><token id="574809" text="не"><tfr rev_id="1407888" t="не"><v><l id="178876" t="не"><g v="PRCL"></g></l></v></tfr></token><token id="574810" text="вправе"><tfr rev_id="1407889" t="вправе"><v><l id="52670" t="вправе"><g v="PRED"></g><g v="pres"></g></l></v></tfr></token><token id="574811" text="требовать"><tfr rev_id="1407890" t="требовать"><v><l id="349468" t="требовать"><g v="INFN"></g><g v="impf"></g><g v="tran"></g></l></v></tfr></token><token id="574812" text="вычёркивания"><tfr rev_id="3462373" t="вычёркивания"><v><l id="64123" t="вычёркивание"><g v="NOUN"></g><g v="inan"></g><g v="neut"></g><g v="sing"></g><g v="gent"></g></l></v></tfr></token><token id="574813" text="настоящего"><tfr rev_id="4306765" t="настоящего"><v><l id="176151" t="настоящий"><g v="ADJF"></g><g v="neut"></g><g v="sing"></g><g v="gent"></g></l></v></tfr></token><token id="574814" text="имени"><tfr rev_id="2627712" t="имени"><v><l id="121947" t="имя"><g v="NOUN"></g><g v="inan"></g><g v="neut"></g><g v="sing"></g><g v="gent"></g></l></v></tfr></token><token id="574815" text="их"><tfr rev_id="4454861" t="их"><v><l id="127205" t="их"><g v="ADJF"></g><g v="Fixd"></g><g v="Apro"></g><g v="Anph"></g><g v="masc"></g><g v="sing"></g><g v="nomn"></g></l></v><v><l id="127205" t="их"><g v="ADJF"></g><g v="Fixd"></g><g v="Apro"></g><g v="Anph"></g><g v="masc"></g><g v="sing"></g><g v="gent"></g></l></v><v><l id="127205" t="их"><g v="ADJF"></g><g v="Fixd"></g><g v="Apro"></g><g v="Anph"></g><g v="masc"></g><g v="sing"></g><g v="datv"></g></l></v><v><l id="127205" t="их"><g v="ADJF"></g><g v="Fixd"></g><g v="Apro"></g><g v="Anph"></g><g v="masc"></g><g v="sing"></g><g v="accs"></g></l></v><v><l id="127205" t="их"><g v="ADJF"></g><g v="Fixd"></g><g v="Apro"></g><g v="Anph"></g><g v="masc"></g><g v="sing"></g><g v="ablt"></g></l></v><v><l id="127205" t="их"><g v="ADJF"></g><g v="Fixd"></g><g v="Apro"></g><g v="Anph"></g><g v="masc"></g><g v="sing"></g><g v="loct"></g></l></v></tfr></token><token id="574816" text="сына"><tfr rev_id="3689686" t="сына"><v><l id="341619" t="сын"><g v="NOUN"></g><g v="anim"></g><g v="masc"></g><g v="sing"></g><g v="gent"></g></l></v></tfr></token><token id="574817" text=","><tfr rev_id="1407896" t=","><v><l id="0" t=","><g v="PNCT"></g></l></v></tfr></token><token id="574818" text="«"><tfr rev_id="2442642" t="«"><v><l id="0" t="«"><g v="PNCT"></g></l></v></tfr></token><token id="574819" text="так"><tfr rev_id="1407898" t="так"><v><l id="342451" t="так"><g v="CONJ"></g></l></v><v><l id="342452" t="так"><g v="PRCL"></g></l></v><v><l id="342453" t="так"><g v="ADVB"></g><g v="Dmns"></g></l></v></tfr></token><token id="574820" text="как"><tfr rev_id="1407899" t="как"><v><l id="128190" t="как"><g v="CONJ"></g></l></v><v><l id="128191" t="как"><g v="PRCL"></g></l></v><v><l id="128192" t="как"><g v="ADVB"></g><g v="Ques"></g></l></v></tfr></token><token id="574821" text="открытие"><tfr rev_id="3523635" t="открытие"><v><l id="214745" t="открытие"><g v="NOUN"></g><g v="inan"></g><g v="neut"></g><g v="sing"></g><g v="nomn"></g></l></v></tfr></token><token id="574822" text="настоящего"><tfr rev_id="4306771" t="настоящего"><v><l id="176151" t="настоящий"><g v="ADJF"></g><g v="neut"></g><g v="sing"></g><g v="gent"></g></l></v></tfr></token><token id="574823" text="имени"><tfr rev_id="2602319" t="имени"><v><l id="121947" t="имя"><g v="NOUN"></g><g v="inan"></g><g v="neut"></g><g v="sing"></g><g v="gent"></g></l></v></tfr></token><token id="574824" text="не"><tfr rev_id="1407903" t="не"><v><l id="178876" t="не"><g v="PRCL"></g></l></v></tfr></token><token id="574825" text="нарушает"><tfr rev_id="1407904" t="нарушает"><v><l id="174871" t="нарушаю"><g v="VERB"></g><g v="impf"></g><g v="tran"></g><g v="sing"></g><g v="3per"></g><g v="pres"></g><g v="indc"></g></l></v></tfr></token><token id="574826" text="персональных"><tfr rev_id="4163147" t="персональных"><v><l id="237462" t="персональный"><g v="ADJF"></g><g v="plur"></g><g v="gent"></g></l></v></tfr></token><token id="574827" text="прав"><tfr rev_id="2703138" t="прав"><v><l id="265680" t="право"><g v="NOUN"></g><g v="inan"></g><g v="neut"></g><g v="plur"></g><g v="gent"></g></l></v></tfr></token><token id="574828" text="умершего"><tfr rev_id="4319818" t="умершего"><v><l id="357522" t="умерший"><g v="PRTF"></g><g v="Subx"></g><g v="perf"></g><g v="intr"></g><g v="past"></g><g v="actv"></g><g v="masc"></g><g v="sing"></g><g v="gent"></g></l></v><v><l id="357522" t="умерший"><g v="PRTF"></g><g v="Subx"></g><g v="perf"></g><g v="intr"></g><g v="past"></g><g v="actv"></g><g v="anim"></g><g v="masc"></g><g v="sing"></g><g v="accs"></g></l></v><v><l id="357522" t="умерший"><g v="PRTF"></g><g v="Subx"></g><g v="perf"></g><g v="intr"></g><g v="past"></g><g v="actv"></g><g v="neut"></g><g v="sing"></g><g v="gent"></g></l></v><v><l id="357547" t="умерший"><g v="ADJF"></g><g v="masc"></g><g v="sing"></g><g v="gent"></g></l></v><v><l id="357547" t="умерший"><g v="ADJF"></g><g v="anim"></g><g v="masc"></g><g v="sing"></g><g v="accs"></g></l></v><v><l id="357547" t="умерший"><g v="ADJF"></g><g v="neut"></g><g v="sing"></g><g v="gent"></g></l></v></tfr></token><token id="574829" text="»"><tfr rev_id="2442643" t="»"><v><l id="0" t="»"><g v="PNCT"></g></l></v></tfr></token><token id="574830" text="."><tfr rev_id="1407909" t="."><v><l id="0" t="."><g v="PNCT"></g></l></v></tfr></token></tokens></sentence><sentence id="32127"><source>Посмертное право личности направлено на то, чтобы защищать умершего от ложных утверждений или унижения, в данном случае этого не было.</source><tokens><token id="574831" text="Посмертное"><tfr rev_id="1407910" t="Посмертное"><v><l id="261767" t="посмертный"><g v="ADJF"></g><g v="Qual"></g><g v="neut"></g><g v="sing"></g><g v="nomn"></g></l></v><v><l id="261767" t="посмертный"><g v="ADJF"></g><g v="Qual"></g><g v="neut"></g><g v="sing"></g><g v="accs"></g></l></v></tfr></token><token id="574832" text="право"><tfr rev_id="4417216" t="право"><v><l id="265680" t="право"><g v="NOUN"></g><g v="inan"></g><g v="neut"></g><g v="sing"></g><g v="nomn"></g></l></v></tfr></token><token id="574833" text="личности"><tfr rev_id="3554738" t="личности"><v><l id="150210" t="личность"><g v="NOUN"></g><g v="inan"></g><g v="femn"></g><g v="sing"></g><g v="gent"></g></l></v></tfr></token><token id="574834" text="направлено"><tfr rev_id="1407913" t="направлено"><v><l id="173956" t="направлен"><g v="PRTS"></g><g v="perf"></g><g v="past"></g><g v="pssv"></g><g v="neut"></g><g v="sing"></g></l></v></tfr></token><token id="574835" text="на"><tfr rev_id="3344255" t="на"><v><l id="166264" t="на"><g v="PREP"></g></l></v></tfr></token><token id="574836" text="то"><tfr rev_id="3777469" t="то"><v><l id="346835" t="то"><g v="CONJ"></g></l></v><v><l id="346836" t="то"><g v="PRCL"></g></l></v><v><l id="348430" t="тот"><g v="ADJF"></g><g v="Subx"></g><g v="Apro"></g><g v="Anph"></g><g v="neut"></g><g v="sing"></g><g v="nomn"></g></l></v><v><l id="348430" t="тот"><g v="ADJF"></g><g v="Subx"></g><g v="Apro"></g><g v="Anph"></g><g v="neut"></g><g v="sing"></g><g v="accs"></g></l></v></tfr></token><token id="574837" text=","><tfr rev_id="1407916" t=","><v><l id="0" t=","><g v="PNCT"></g></l></v></tfr></token><token id="574838" text="чтобы"><tfr rev_id="1407917" t="чтобы"><v><l id="377013" t="чтобы"><g v="CONJ"></g></l></v><v><l id="377014" t="чтобы"><g v="PRCL"></g></l></v></tfr></token><token id="574839" text="защищать"><tfr rev_id="1407918" t="защищать"><v><l id="114260" t="защищать"><g v="INFN"></g><g v="impf"></g><g v="tran"></g></l></v></tfr></token><token id="574840" text="умершего"><tfr rev_id="4319819" t="умершего"><v><l id="357522" t="умерший"><g v="PRTF"></g><g v="Subx"></g><g v="perf"></g><g v="intr"></g><g v="past"></g><g v="actv"></g><g v="masc"></g><g v="sing"></g><g v="gent"></g></l></v><v><l id="357522" t="умерший"><g v="PRTF"></g><g v="Subx"></g><g v="perf"></g><g v="intr"></g><g v="past"></g><g v="actv"></g><g v="anim"></g><g v="masc"></g><g v="sing"></g><g v="accs"></g></l></v><v><l id="357522" t="умерший"><g v="PRTF"></g><g v="Subx"></g><g v="perf"></g><g v="intr"></g><g v="past"></g><g v="actv"></g><g v="neut"></g><g v="sing"></g><g v="gent"></g></l></v><v><l id="357547" t="умерший"><g v="ADJF"></g><g v="masc"></g><g v="sing"></g><g v="gent"></g></l></v><v><l id="357547" t="умерший"><g v="ADJF"></g><g v="anim"></g><g v="masc"></g><g v="sing"></g><g v="accs"></g></l></v><v><l id="357547" t="умерший"><g v="ADJF"></g><g v="neut"></g><g v="sing"></g><g v="gent"></g></l></v></tfr></token><token id="574841" text="от"><tfr rev_id="1407920" t="от"><v><l id="211644" t="от"><g v="PREP"></g></l></v></tfr></token><token id="574842" text="ложных"><tfr rev_id="1407921" t="ложных"><v><l id="150574" t="ложный"><g v="ADJF"></g><g v="Qual"></g><g v="plur"></g><g v="gent"></g></l></v><v><l id="150574" t="ложный"><g v="ADJF"></g><g v="Qual"></g><g v="anim"></g><g v="plur"></g><g v="accs"></g></l></v><v><l id="150574" t="ложный"><g v="ADJF"></g><g v="Qual"></g><g v="plur"></g><g v="loct"></g></l></v></tfr></token><token id="574843" text="утверждений"><tfr rev_id="1407922" t="утверждений"><v><l id="361723" t="утверждение"><g v="NOUN"></g><g v="inan"></g><g v="neut"></g><g v="plur"></g><g v="gent"></g></l></v></tfr></token><token id="574844" text="или"><tfr rev_id="3787157" t="или"><v><l id="121146" t="или"><g v="CONJ"></g></l></v></tfr></token><token id="574845" text="унижения"><tfr rev_id="3452385" t="унижения"><v><l id="358297" t="унижение"><g v="NOUN"></g><g v="inan"></g><g v="neut"></g><g v="sing"></g><g v="gent"></g></l></v></tfr></token><token id="574846" text=","><tfr rev_id="1407925" t=","><v><l id="0" t=","><g v="PNCT"></g></l></v></tfr></token><token id="574847" text="в"><tfr rev_id="1407926" t="в"><v><l id="37409" t="в"><g v="PREP"></g></l></v></tfr></token><token id="574848" text="данном"><tfr rev_id="3663082" t="данном"><v><l id="78303" t="данный"><g v="ADJF"></g><g v="Apro"></g><g v="masc"></g><g v="sing"></g><g v="loct"></g></l></v><v><l id="78303" t="данный"><g v="ADJF"></g><g v="Apro"></g><g v="neut"></g><g v="sing"></g><g v="loct"></g></l></v><v><l id="78549" t="данный"><g v="PRTF"></g><g v="perf"></g><g v="tran"></g><g v="past"></g><g v="pssv"></g><g v="masc"></g><g v="sing"></g><g v="loct"></g></l></v><v><l id="78549" t="данный"><g v="PRTF"></g><g v="perf"></g><g v="tran"></g><g v="past"></g><g v="pssv"></g><g v="neut"></g><g v="sing"></g><g v="loct"></g></l></v></tfr></token><token id="574849" text="случае"><tfr rev_id="1407928" t="случае"><v><l id="325472" t="случай"><g v="NOUN"></g><g v="inan"></g><g v="masc"></g><g v="sing"></g><g v="loct"></g></l></v></tfr></token><token id="574850" text="этого"><tfr rev_id="3945777" t="этого"><v><l id="386575" t="это"><g v="NPRO"></g><g v="neut"></g><g v="sing"></g><g v="gent"></g></l></v></tfr></token><token id="574851" text="не"><tfr rev_id="1407930" t="не"><v><l id="178876" t="не"><g v="PRCL"></g></l></v></tfr></token><token id="574852" text="было"><tfr rev_id="3335543" t="было"><v><l id="37265" t="есть"><g v="VERB"></g><g v="impf"></g><g v="intr"></g><g v="neut"></g><g v="sing"></g><g v="past"></g><g v="indc"></g></l></v></tfr></token><token id="574853" text="."><tfr rev_id="1407932" t="."><v><l id="0" t="."><g v="PNCT"></g></l></v></tfr></token></tokens></sentence></paragraph><paragraph id="10216"><sentence id="32128"><source>Родители хакера имеют право на обжалование решения суда.</source><tokens><token id="574854" text="Родители"><tfr rev_id="1407933" t="Родители"><v><l id="308303" t="родитель"><g v="NOUN"></g><g v="anim"></g><g v="masc"></g><g v="plur"></g><g v="nomn"></g></l></v></tfr></token><token id="574855" text="хакера"><tfr rev_id="2922222" t="хакера"><v><l id="369071" t="хакер"><g v="NOUN"></g><g v="anim"></g><g v="masc"></g><g v="sing"></g><g v="gent"></g></l></v></tfr></token><token id="574856" text="имеют"><tfr rev_id="1407935" t="имеют"><v><l id="121610" t="имею"><g v="VERB"></g><g v="impf"></g><g v="tran"></g><g v="plur"></g><g v="3per"></g><g v="pres"></g><g v="indc"></g></l></v></tfr></token><token id="574857" text="право"><tfr rev_id="4387988" t="право"><v><l id="265680" t="право"><g v="NOUN"></g><g v="inan"></g><g v="neut"></g><g v="sing"></g><g v="nomn"></g></l></v><v><l id="265680" t="право"><g v="NOUN"></g><g v="inan"></g><g v="neut"></g><g v="sing"></g><g v="accs"></g></l></v></tfr></token><token id="574858" text="на"><tfr rev_id="3341892" t="на"><v><l id="166264" t="на"><g v="PREP"></g></l></v></tfr></token><token id="574859" text="обжалование"><tfr rev_id="3523723" t="обжалование"><v><l id="195093" t="обжалование"><g v="NOUN"></g><g v="inan"></g><g v="neut"></g><g v="sing"></g><g v="accs"></g></l></v></tfr></token><token id="574860" text="решения"><tfr rev_id="3490282" t="решения"><v><l id="307350" t="решение"><g v="NOUN"></g><g v="inan"></g><g v="neut"></g><g v="sing"></g><g v="gent"></g></l></v></tfr></token><token id="574861" text="суда"><tfr rev_id="3500538" t="суда"><v><l id="338918" t="суд"><g v="NOUN"></g><g v="inan"></g><g v="masc"></g><g v="sing"></g><g v="gent"></g></l></v></tfr></token><token id="574862" text="."><tfr rev_id="1407941" t="."><v><l id="0" t="."><g v="PNCT"></g></l></v></tfr></token></tokens></sentence><sentence id="32129"><source>Фридрих Курц (Friedrich Kurz), адвокат заявителей, назвал решение суда ошибочным, и добавил:</source><tokens><token id="574863" text="Фридрих"><tfr rev_id="1407942" t="Фридрих"><v><l id="368281" t="фридрих"><g v="NOUN"></g><g v="anim"></g><g v="masc"></g><g v="Name"></g><g v="sing"></g><g v="nomn"></g></l></v></tfr></token><token id="574864" text="Курц"><tfr rev_id="1407943" t="Курц"><v><l id="0" t="курц"><g v="UNKN"></g></l></v></tfr></token><token id="574865" text="("><tfr rev_id="1407944" t="("><v><l id="0" t="("><g v="PNCT"></g></l></v></tfr></token><token id="574866" text="Friedrich"><tfr rev_id="2474417" t="Friedrich"><v><l id="0" t="Friedrich"><g v="LATN"></g></l></v></tfr></token><token id="574867" text="Kurz"><tfr rev_id="2474418" t="Kurz"><v><l id="0" t="Kurz"><g v="LATN"></g></l></v></tfr></token><token id="574868" text=")"><tfr rev_id="1407947" t=")"><v><l id="0" t=")"><g v="PNCT"></g></l></v></tfr></token><token id="574869" text=","><tfr rev_id="1407948" t=","><v><l id="0" t=","><g v="PNCT"></g></l></v></tfr></token><token id="574870" text="адвокат"><tfr rev_id="1407949" t="адвокат"><v><l id="4650" t="адвокат"><g v="NOUN"></g><g v="anim"></g><g v="masc"></g><g v="sing"></g><g v="nomn"></g></l></v></tfr></token><token id="574871" text="заявителей"><tfr rev_id="4458899" t="заявителей"><v><l id="114298" t="заявитель"><g v="NOUN"></g><g v="anim"></g><g v="masc"></g><g v="plur"></g><g v="gent"></g></l></v></tfr></token><token id="574872" text=","><tfr rev_id="1407951" t=","><v><l id="0" t=","><g v="PNCT"></g></l></v></tfr></token><token id="574873" text="назвал"><tfr rev_id="1407952" t="назвал"><v><l id="170342" t="назвал"><g v="VERB"></g><g v="perf"></g><g v="tran"></g><g v="masc"></g><g v="sing"></g><g v="past"></g><g v="indc"></g></l></v></tfr></token><token id="574874" text="решение"><tfr rev_id="3409532" t="решение"><v><l id="307350" t="решение"><g v="NOUN"></g><g v="inan"></g><g v="neut"></g><g v="sing"></g><g v="accs"></g></l></v></tfr></token><token id="574875" text="суда"><tfr rev_id="3434186" t="суда"><v><l id="338918" t="суд"><g v="NOUN"></g><g v="inan"></g><g v="masc"></g><g v="sing"></g><g v="gent"></g></l></v></tfr></token><token id="574876" text="ошибочным"><tfr rev_id="4415459" t="ошибочным"><v><l id="222061" t="ошибочный"><g v="ADJF"></g><g v="Qual"></g><g v="neut"></g><g v="sing"></g><g v="ablt"></g></l></v></tfr></token><token id="574877" text=","><tfr rev_id="1407956" t=","><v><l id="0" t=","><g v="PNCT"></g></l></v></tfr></token><token id="574878" text="и"><tfr rev_id="3671862" t="и"><v><l id="116949" t="и"><g v="CONJ"></g></l></v></tfr></token><token id="574879" text="добавил"><tfr rev_id="1407958" t="добавил"><v><l id="85158" t="добавил"><g v="VERB"></g><g v="perf"></g><g v="tran"></g><g v="masc"></g><g v="sing"></g><g v="past"></g><g v="indc"></g></l></v></tfr></token><token id="574880" text=":"><tfr rev_id="1407959" t=":"><v><l id="0" t=":"><g v="PNCT"></g></l></v></tfr></token></tokens></sentence><sentence id="32130"><source>«Мы будем, в любом случае, это решение обжаловать».</source><tokens><token id="574881" text="«"><tfr rev_id="2442644" t="«"><v><l id="0" t="«"><g v="PNCT"></g></l></v></tfr></token><token id="574882" text="Мы"><tfr rev_id="1407961" t="Мы"><v><l id="165750" t="мы"><g v="NPRO"></g><g v="1per"></g><g v="plur"></g><g v="nomn"></g></l></v></tfr></token><token id="574883" text="будем"><tfr rev_id="1407962" t="будем"><v><l id="37265" t="есть"><g v="VERB"></g><g v="impf"></g><g v="intr"></g><g v="plur"></g><g v="1per"></g><g v="futr"></g><g v="indc"></g></l></v><v><l id="37265" t="есть"><g v="VERB"></g><g v="impf"></g><g v="intr"></g><g v="sing"></g><g v="impr"></g><g v="incl"></g></l></v></tfr></token><token id="574884" text=","><tfr rev_id="1407963" t=","><v><l id="0" t=","><g v="PNCT"></g></l></v></tfr></token><token id="574885" text="в"><tfr rev_id="1407964" t="в"><v><l id="37409" t="в"><g v="PREP"></g></l></v></tfr></token><token id="574886" text="любом"><tfr rev_id="4477841" t="любом"><v><l id="152026" t="любой"><g v="ADJF"></g><g v="Apro"></g><g v="masc"></g><g v="sing"></g><g v="loct"></g></l></v></tfr></token><token id="574887" text="случае"><tfr rev_id="1407966" t="случае"><v><l id="325472" t="случай"><g v="NOUN"></g><g v="inan"></g><g v="masc"></g><g v="sing"></g><g v="loct"></g></l></v></tfr></token><token id="574888" text=","><tfr rev_id="1407967" t=","><v><l id="0" t=","><g v="PNCT"></g></l></v></tfr></token><token id="574889" text="это"><tfr rev_id="4441446" t="это"><v><l id="386574" t="это"><g v="PRCL"></g></l></v><v><l id="386575" t="это"><g v="NPRO"></g><g v="neut"></g><g v="sing"></g><g v="nomn"></g></l></v><v><l id="386575" t="это"><g v="NPRO"></g><g v="neut"></g><g v="sing"></g><g v="accs"></g></l></v><v><l id="386581" t="этот"><g v="ADJF"></g><g v="Subx"></g><g v="Apro"></g><g v="Anph"></g><g v="neut"></g><g v="sing"></g><g v="nomn"></g></l></v><v><l id="386581" t="этот"><g v="ADJF"></g><g v="Subx"></g><g v="Apro"></g><g v="Anph"></g><g v="neut"></g><g v="sing"></g><g v="accs"></g></l></v></tfr></token><token id="574890" text="решение"><tfr rev_id="3531363" t="решение"><v><l id="307350" t="решение"><g v="NOUN"></g><g v="inan"></g><g v="neut"></g><g v="sing"></g><g v="accs"></g></l></v></tfr></token><token id="574891" text="обжаловать"><tfr rev_id="1407970" t="обжаловать"><v><l id="195096" t="обжаловать"><g v="INFN"></g><g v="perf"></g><g v="tran"></g></l></v><v><l id="195097" t="обжаловать"><g v="INFN"></g><g v="impf"></g><g v="tran"></g></l></v></tfr></token><token id="574892" text="»"><tfr rev_id="2442645" t="»"><v><l id="0" t="»"><g v="PNCT"></g></l></v></tfr></token><token id="574893" text="."><tfr rev_id="1407972" t="."><v><l id="0" t="."><g v="PNCT"></g></l></v></tfr></token></tokens></sentence><sentence id="32131"><source>По его мнению, решение — «прозвольно и незаконно».</source><tokens><token id="574894" text="По"><tfr rev_id="1407973" t="По"><v><l id="241240" t="по"><g v="PREP"></g></l></v></tfr></token><token id="574895" text="его"><tfr rev_id="4511282" t="его"><v><l id="94208" t="его"><g v="ADJF"></g><g v="Fixd"></g><g v="Apro"></g><g v="Anph"></g><g v="masc"></g><g v="sing"></g><g v="nomn"></g></l></v><v><l id="94208" t="его"><g v="ADJF"></g><g v="Fixd"></g><g v="Apro"></g><g v="Anph"></g><g v="masc"></g><g v="sing"></g><g v="gent"></g></l></v><v><l id="94208" t="его"><g v="ADJF"></g><g v="Fixd"></g><g v="Apro"></g><g v="Anph"></g><g v="masc"></g><g v="sing"></g><g v="datv"></g></l></v><v><l id="94208" t="его"><g v="ADJF"></g><g v="Fixd"></g><g v="Apro"></g><g v="Anph"></g><g v="masc"></g><g v="sing"></g><g v="accs"></g></l></v><v><l id="94208" t="его"><g v="ADJF"></g><g v="Fixd"></g><g v="Apro"></g><g v="Anph"></g><g v="masc"></g><g v="sing"></g><g v="ablt"></g></l></v><v><l id="94208" t="его"><g v="ADJF"></g><g v="Fixd"></g><g v="Apro"></g><g v="Anph"></g><g v="masc"></g><g v="sing"></g><g v="loct"></g></l></v><v><l id="94208" t="его"><g v="ADJF"></g><g v="Fixd"></g><g v="Apro"></g><g v="Anph"></g><g v="femn"></g><g v="sing"></g><g v="nomn"></g></l></v><v><l id="94208" t="его"><g v="ADJF"></g><g v="Fixd"></g><g v="Apro"></g><g v="Anph"></g><g v="femn"></g><g v="sing"></g><g v="gent"></g></l></v><v><l id="94208" t="его"><g v="ADJF"></g><g v="Fixd"></g><g v="Apro"></g><g v="Anph"></g><g v="femn"></g><g v="sing"></g><g v="datv"></g></l></v><v><l id="94208" t="его"><g v="ADJF"></g><g v="Fixd"></g><g v="Apro"></g><g v="Anph"></g><g v="femn"></g><g v="sing"></g><g v="accs"></g></l></v><v><l id="94208" t="его"><g v="ADJF"></g><g v="Fixd"></g><g v="Apro"></g><g v="Anph"></g><g v="femn"></g><g v="sing"></g><g v="ablt"></g></l></v><v><l id="94208" t="его"><g v="ADJF"></g><g v="Fixd"></g><g v="Apro"></g><g v="Anph"></g><g v="femn"></g><g v="sing"></g><g v="loct"></g></l></v><v><l id="94208" t="его"><g v="ADJF"></g><g v="Fixd"></g><g v="Apro"></g><g v="Anph"></g><g v="neut"></g><g v="sing"></g><g v="nomn"></g></l></v><v><l id="94208" t="его"><g v="ADJF"></g><g v="Fixd"></g><g v="Apro"></g><g v="Anph"></g><g v="neut"></g><g v="sing"></g><g v="gent"></g></l></v><v><l id="94208" t="его"><g v="ADJF"></g><g v="Fixd"></g><g v="Apro"></g><g v="Anph"></g><g v="neut"></g><g v="sing"></g><g v="datv"></g></l></v><v><l id="94208" t="его"><g v="ADJF"></g><g v="Fixd"></g><g v="Apro"></g><g v="Anph"></g><g v="neut"></g><g v="sing"></g><g v="accs"></g></l></v><v><l id="94208" t="его"><g v="ADJF"></g><g v="Fixd"></g><g v="Apro"></g><g v="Anph"></g><g v="neut"></g><g v="sing"></g><g v="ablt"></g></l></v><v><l id="94208" t="его"><g v="ADJF"></g><g v="Fixd"></g><g v="Apro"></g><g v="Anph"></g><g v="neut"></g><g v="sing"></g><g v="loct"></g></l></v></tfr></token><token id="574896" text="мнению"><tfr rev_id="1407975" t="мнению"><v><l id="161395" t="мнение"><g v="NOUN"></g><g v="inan"></g><g v="neut"></g><g v="sing"></g><g v="datv"></g></l></v></tfr></token><token id="574897" text=","><tfr rev_id="1407976" t=","><v><l id="0" t=","><g v="PNCT"></g></l></v></tfr></token><token id="574898" text="решение"><tfr rev_id="1407977" t="решение"><v><l id="307350" t="решение"><g v="NOUN"></g><g v="inan"></g><g v="neut"></g><g v="sing"></g><g v="nomn"></g></l></v><v><l id="307350" t="решение"><g v="NOUN"></g><g v="inan"></g><g v="neut"></g><g v="sing"></g><g v="accs"></g></l></v></tfr></token><token id="574899" text="—"><tfr rev_id="2442646" t="—"><v><l id="0" t="—"><g v="PNCT"></g></l></v></tfr></token><token id="574900" text="«"><tfr rev_id="2442647" t="«"><v><l id="0" t="«"><g v="PNCT"></g></l></v></tfr></token><token id="574901" text="прозвольно"><tfr rev_id="1407980" t="прозвольно"><v><l id="0" t="прозвольно"><g v="UNKN"></g></l></v></tfr></token><token id="574902" text="и"><tfr rev_id="1407981" t="и"><v><l id="116949" t="и"><g v="CONJ"></g></l></v><v><l id="116950" t="и"><g v="INTJ"></g></l></v></tfr></token><token id="574903" text="незаконно"><tfr rev_id="3526896" t="незаконно"><v><l id="182227" t="незаконен"><g v="ADJS"></g><g v="Qual"></g><g v="neut"></g><g v="sing"></g></l></v></tfr></token><token id="574904" text="»"><tfr rev_id="2442648" t="»"><v><l id="0" t="»"><g v="PNCT"></g></l></v></tfr></token><token id="574905" text="."><tfr rev_id="1407984" t="."><v><l id="0" t="."><g v="PNCT"></g></l></v></tfr></token></tokens></sentence><sentence id="32132"><source>Адвокат Курц покинул зал заседания ещё до объявления решения, которое судья сообщил ему заранее.</source><tokens><token id="574906" text="Адвокат"><tfr rev_id="1407985" t="Адвокат"><v><l id="4650" t="адвокат"><g v="NOUN"></g><g v="anim"></g><g v="masc"></g><g v="sing"></g><g v="nomn"></g></l></v></tfr></token><token id="574907" text="Курц"><tfr rev_id="1407986" t="Курц"><v><l id="0" t="курц"><g v="UNKN"></g></l></v></tfr></token><token id="574908" text="покинул"><tfr rev_id="1407987" t="покинул"><v><l id="254301" t="покинул"><g v="VERB"></g><g v="perf"></g><g v="tran"></g><g v="masc"></g><g v="sing"></g><g v="past"></g><g v="indc"></g></l></v></tfr></token><token id="574909" text="зал"><tfr rev_id="3503164" t="зал"><v><l id="104463" t="зал"><g v="NOUN"></g><g v="inan"></g><g v="masc"></g><g v="sing"></g><g v="nomn"></g></l></v><v><l id="104463" t="зал"><g v="NOUN"></g><g v="inan"></g><g v="masc"></g><g v="sing"></g><g v="accs"></g></l></v></tfr></token><token id="574910" text="заседания"><tfr rev_id="3471427" t="заседания"><v><l id="109402" t="заседание"><g v="NOUN"></g><g v="inan"></g><g v="neut"></g><g v="sing"></g><g v="gent"></g></l></v></tfr></token><token id="574911" text="ещё"><tfr rev_id="1407990" t="ещё"><v><l id="95551" t="ещё"><g v="PRCL"></g></l></v><v><l id="95552" t="ещё"><g v="ADVB"></g></l></v></tfr></token><token id="574912" text="до"><tfr rev_id="1407991" t="до"><v><l id="85153" t="до"><g v="PREP"></g></l></v></tfr></token><token id="574913" text="объявления"><tfr rev_id="3479813" t="объявления"><v><l id="201901" t="объявление"><g v="NOUN"></g><g v="inan"></g><g v="neut"></g><g v="sing"></g><g v="gent"></g></l></v></tfr></token><token id="574914" text="решения"><tfr rev_id="3440358" t="решения"><v><l id="307350" t="решение"><g v="NOUN"></g><g v="inan"></g><g v="neut"></g><g v="sing"></g><g v="gent"></g></l></v></tfr></token><token id="574915" text=","><tfr rev_id="1407994" t=","><v><l id="0" t=","><g v="PNCT"></g></l></v></tfr></token><token id="574916" text="которое"><tfr rev_id="3641361" t="которое"><v><l id="141203" t="который"><g v="ADJF"></g><g v="Apro"></g><g v="Subx"></g><g v="Anph"></g><g v="neut"></g><g v="sing"></g><g v="nomn"></g></l></v><v><l id="141203" t="который"><g v="ADJF"></g><g v="Apro"></g><g v="Subx"></g><g v="Anph"></g><g v="neut"></g><g v="sing"></g><g v="accs"></g></l></v></tfr></token><token id="574917" text="судья"><tfr rev_id="4527507" t="судья"><v><l id="339112" t="судья"><g v="NOUN"></g><g v="anim"></g><g v="ms-f"></g><g v="sing"></g><g v="nomn"></g></l></v></tfr></token><token id="574918" text="сообщил"><tfr rev_id="1407997" t="сообщил"><v><l id="329556" t="сообщил"><g v="VERB"></g><g v="perf"></g><g v="tran"></g><g v="masc"></g><g v="sing"></g><g v="past"></g><g v="indc"></g></l></v></tfr></token><token id="574919" text="ему"><tfr rev_id="4528882" t="ему"><v><l id="206541" t="он"><g v="NPRO"></g><g v="masc"></g><g v="3per"></g><g v="Anph"></g><g v="sing"></g><g v="datv"></g></l></v><v><l id="206649" t="оно"><g v="NPRO"></g><g v="neut"></g><g v="3per"></g><g v="Anph"></g><g v="sing"></g><g v="datv"></g></l></v></tfr></token><token id="574920" text="заранее"><tfr rev_id="1407999" t="заранее"><v><l id="108560" t="заранее"><g v="ADVB"></g></l></v></tfr></token><token id="574921" text="."><tfr rev_id="1408000" t="."><v><l id="0" t="."><g v="PNCT"></g></l></v></tfr></token></tokens></sentence><sentence id="32133"><source>По сообщениям свидетелей, адвокат был рассержен.</source><tokens><token id="574922" text="По"><tfr rev_id="1408001" t="По"><v><l id="241240" t="по"><g v="PREP"></g></l></v></tfr></token><token id="574923" text="сообщениям"><tfr rev_id="1408002" t="сообщениям"><v><l id="329550" t="сообщение"><g v="NOUN"></g><g v="inan"></g><g v="neut"></g><g v="plur"></g><g v="datv"></g></l></v></tfr></token><token id="574924" text="свидетелей"><tfr rev_id="3435054" t="свидетелей"><v><l id="315882" t="свидетель"><g v="NOUN"></g><g v="anim"></g><g v="masc"></g><g v="plur"></g><g v="gent"></g></l></v></tfr></token><token id="574925" text=","><tfr rev_id="1408004" t=","><v><l id="0" t=","><g v="PNCT"></g></l></v></tfr></token><token id="574926" text="адвокат"><tfr rev_id="1408005" t="адвокат"><v><l id="4650" t="адвокат"><g v="NOUN"></g><g v="anim"></g><g v="masc"></g><g v="sing"></g><g v="nomn"></g></l></v></tfr></token><token id="574927" text="был"><tfr rev_id="1408006" t="был"><v><l id="37265" t="есть"><g v="VERB"></g><g v="impf"></g><g v="intr"></g><g v="masc"></g><g v="sing"></g><g v="past"></g><g v="indc"></g></l></v></tfr></token><token id="574928" text="рассержен"><tfr rev_id="1408007" t="рассержен"><v><l id="300902" t="рассержен"><g v="PRTS"></g><g v="perf"></g><g v="past"></g><g v="pssv"></g><g v="masc"></g><g v="sing"></g></l></v></tfr></token><token id="574929" text="."><tfr rev_id="1408008" t="."><v><l id="0" t="."><g v="PNCT"></g></l></v></tfr></token></tokens></sentence><sentence id="32134"><source>Решение суда может быть обжаловано в Земельном суде Берлина.</source><tokens><token id="574930" text="Решение"><tfr rev_id="1408009" t="Решение"><v><l id="307350" t="решение"><g v="NOUN"></g><g v="inan"></g><g v="neut"></g><g v="sing"></g><g v="nomn"></g></l></v><v><l id="307350" t="решение"><g v="NOUN"></g><g v="inan"></g><g v="neut"></g><g v="sing"></g><g v="accs"></g></l></v></tfr></token><token id="574931" text="суда"><tfr rev_id="3471795" t="суда"><v><l id="338918" t="суд"><g v="NOUN"></g><g v="inan"></g><g v="masc"></g><g v="sing"></g><g v="gent"></g></l></v></tfr></token><token id="574932" text="может"><tfr rev_id="4232842" t="может"><v><l id="164485" t="могу"><g v="VERB"></g><g v="impf"></g><g v="intr"></g><g v="sing"></g><g v="3per"></g><g v="pres"></g><g v="indc"></g></l></v></tfr></token><token id="574933" text="быть"><tfr rev_id="1408012" t="быть"><v><l id="37266" t="быть"><g v="INFN"></g><g v="impf"></g><g v="intr"></g></l></v></tfr></token><token id="574934" text="обжаловано"><tfr rev_id="1408013" t="обжаловано"><v><l id="195105" t="обжалован"><g v="PRTS"></g><g v="perf"></g><g v="past"></g><g v="pssv"></g><g v="neut"></g><g v="sing"></g></l></v><v><l id="195106" t="обжалован"><g v="PRTS"></g><g v="impf"></g><g v="past"></g><g v="pssv"></g><g v="neut"></g><g v="sing"></g></l></v></tfr></token><token id="574935" text="в"><tfr rev_id="1408014" t="в"><v><l id="37409" t="в"><g v="PREP"></g></l></v></tfr></token><token id="574936" text="Земельном"><tfr rev_id="3454466" t="Земельном"><v><l id="115002" t="земельный"><g v="ADJF"></g><g v="Qual"></g><g v="masc"></g><g v="sing"></g><g v="loct"></g></l></v></tfr></token><token id="574937" text="суде"><tfr rev_id="1408016" t="суде"><v><l id="338918" t="суд"><g v="NOUN"></g><g v="inan"></g><g v="masc"></g><g v="sing"></g><g v="loct"></g></l></v></tfr></token><token id="574938" text="Берлина"><tfr rev_id="3783010" t="Берлина"><v><l id="27989" t="берлин"><g v="NOUN"></g><g v="inan"></g><g v="masc"></g><g v="Geox"></g><g v="sing"></g><g v="gent"></g></l></v></tfr></token><token id="574939" text="."><tfr rev_id="1408018" t="."><v><l id="0" t="."><g v="PNCT"></g></l></v></tfr></token></tokens></sentence></paragraph></paragraphs></text>