<?xml version="1.0" encoding="utf-8"?><text id="1047" parent="56" name="Графство Джэфферсон в штате Алабама находится на грани банкротства"><tags><tag>url:http://ru.wikinews.org/w/index.php?title=Графство_Джэфферсон_в_штате_Алабама_находится_на_грани_банкротства&amp;oldid=24033</tag><tag>Автор:http://ru.wikinews.org/wiki/Участник:Ruslik0</tag><tag>Дата:02/08</tag><tag>Год:2009</tag><tag>Тема:ВикиКатегория:Экономика</tag><tag>Гео:ВикиКатегория:США</tag></tags><paragraphs><paragraph id="10227"><sentence id="32163"><source>У графства Джефферсон, самого густо населенного в американском штате Алабама, не осталось денег на то, чтобы содержать государственных служащих — в ближайшее время графство планирует уволить до 1400 человек, что составляет около двух третей всех работников.</source><tokens><token id="575465" text="У"><tfr rev_id="3326918" t="У"><v><l id="352818" t="у"><g v="PREP"></g></l></v></tfr></token><token id="575466" text="графства"><tfr rev_id="3500790" t="графства"><v><l id="74836" t="графство"><g v="NOUN"></g><g v="inan"></g><g v="neut"></g><g v="sing"></g><g v="gent"></g></l></v></tfr></token><token id="575467" text="Джефферсон"><tfr rev_id="1408546" t="Джефферсон"><v><l id="82960" t="джефферсон"><g v="NOUN"></g><g v="anim"></g><g v="masc"></g><g v="Name"></g><g v="sing"></g><g v="nomn"></g></l></v></tfr></token><token id="575468" text=","><tfr rev_id="1408547" t=","><v><l id="0" t=","><g v="PNCT"></g></l></v></tfr></token><token id="575469" text="самого"><tfr rev_id="3449663" t="самого"><v><l id="312034" t="сам"><g v="ADJF"></g><g v="Apro"></g><g v="neut"></g><g v="sing"></g><g v="gent"></g></l></v><v><l id="313174" t="самый"><g v="ADJF"></g><g v="Apro"></g><g v="neut"></g><g v="sing"></g><g v="gent"></g></l></v></tfr></token><token id="575470" text="густо"><tfr rev_id="1408549" t="густо"><v><l id="77298" t="густо"><g v="ADVB"></g></l></v><v><l id="77320" t="густ"><g v="ADJS"></g><g v="Qual"></g><g v="neut"></g><g v="sing"></g></l></v></tfr></token><token id="575471" text="населенного"><tfr rev_id="1408550" t="населенного"><v><l id="175224" t="населённый"><g v="ADJF"></g><g v="Qual"></g><g v="masc"></g><g v="sing"></g><g v="gent"></g></l></v><v><l id="175224" t="населённый"><g v="ADJF"></g><g v="Qual"></g><g v="anim"></g><g v="masc"></g><g v="sing"></g><g v="accs"></g></l></v><v><l id="175224" t="населённый"><g v="ADJF"></g><g v="Qual"></g><g v="neut"></g><g v="sing"></g><g v="gent"></g></l></v><v><l id="175232" t="населённый"><g v="PRTF"></g><g v="perf"></g><g v="tran"></g><g v="past"></g><g v="pssv"></g><g v="masc"></g><g v="sing"></g><g v="gent"></g></l></v><v><l id="175232" t="населённый"><g v="PRTF"></g><g v="perf"></g><g v="tran"></g><g v="past"></g><g v="pssv"></g><g v="anim"></g><g v="masc"></g><g v="sing"></g><g v="accs"></g></l></v><v><l id="175232" t="населённый"><g v="PRTF"></g><g v="perf"></g><g v="tran"></g><g v="past"></g><g v="pssv"></g><g v="neut"></g><g v="sing"></g><g v="gent"></g></l></v></tfr></token><token id="575472" text="в"><tfr rev_id="1408551" t="в"><v><l id="37409" t="в"><g v="PREP"></g></l></v></tfr></token><token id="575473" text="американском"><tfr rev_id="4094210" t="американском"><v><l id="11429" t="американский"><g v="ADJF"></g><g v="masc"></g><g v="sing"></g><g v="loct"></g></l></v></tfr></token><token id="575474" text="штате"><tfr rev_id="1408553" t="штате"><v><l id="381334" t="штат"><g v="NOUN"></g><g v="inan"></g><g v="masc"></g><g v="sing"></g><g v="loct"></g></l></v></tfr></token><token id="575475" text="Алабама"><tfr rev_id="1408554" t="Алабама"><v><l id="7997" t="алабама"><g v="NOUN"></g><g v="inan"></g><g v="femn"></g><g v="Sgtm"></g><g v="Geox"></g><g v="sing"></g><g v="nomn"></g></l></v></tfr></token><token id="575476" text=","><tfr rev_id="1408555" t=","><v><l id="0" t=","><g v="PNCT"></g></l></v></tfr></token><token id="575477" text="не"><tfr rev_id="1408556" t="не"><v><l id="178876" t="не"><g v="PRCL"></g></l></v></tfr></token><token id="575478" text="осталось"><tfr rev_id="1408557" t="осталось"><v><l id="210896" t="остался"><g v="VERB"></g><g v="perf"></g><g v="intr"></g><g v="neut"></g><g v="sing"></g><g v="past"></g><g v="indc"></g></l></v></tfr></token><token id="575479" text="денег"><tfr rev_id="4325405" t="денег"><v><l id="81429" t="деньги"><g v="NOUN"></g><g v="inan"></g><g v="femn"></g><g v="plur"></g><g v="gent"></g></l></v></tfr></token><token id="575480" text="на"><tfr rev_id="3475663" t="на"><v><l id="166264" t="на"><g v="PREP"></g></l></v></tfr></token><token id="575481" text="то"><tfr rev_id="3777470" t="то"><v><l id="346835" t="то"><g v="CONJ"></g></l></v><v><l id="346836" t="то"><g v="PRCL"></g></l></v><v><l id="348430" t="тот"><g v="ADJF"></g><g v="Subx"></g><g v="Apro"></g><g v="Anph"></g><g v="neut"></g><g v="sing"></g><g v="nomn"></g></l></v><v><l id="348430" t="тот"><g v="ADJF"></g><g v="Subx"></g><g v="Apro"></g><g v="Anph"></g><g v="neut"></g><g v="sing"></g><g v="accs"></g></l></v></tfr></token><token id="575482" text=","><tfr rev_id="1408561" t=","><v><l id="0" t=","><g v="PNCT"></g></l></v></tfr></token><token id="575483" text="чтобы"><tfr rev_id="1408562" t="чтобы"><v><l id="377013" t="чтобы"><g v="CONJ"></g></l></v><v><l id="377014" t="чтобы"><g v="PRCL"></g></l></v></tfr></token><token id="575484" text="содержать"><tfr rev_id="1408563" t="содержать"><v><l id="328413" t="содержать"><g v="INFN"></g><g v="impf"></g><g v="tran"></g></l></v></tfr></token><token id="575485" text="государственных"><tfr rev_id="4356820" t="государственных"><v><l id="74161" t="государственный"><g v="ADJF"></g><g v="anim"></g><g v="plur"></g><g v="accs"></g></l></v></tfr></token><token id="575486" text="служащих"><tfr rev_id="1408565" t="служащих"><v><l id="325373" t="служащий"><g v="ADJF"></g><g v="Subx"></g><g v="plur"></g><g v="gent"></g></l></v><v><l id="325373" t="служащий"><g v="ADJF"></g><g v="Subx"></g><g v="anim"></g><g v="plur"></g><g v="accs"></g></l></v><v><l id="325373" t="служащий"><g v="ADJF"></g><g v="Subx"></g><g v="plur"></g><g v="loct"></g></l></v><v><l id="325413" t="служащий"><g v="PRTF"></g><g v="Subx"></g><g v="impf"></g><g v="tran"></g><g v="pres"></g><g v="actv"></g><g v="plur"></g><g v="gent"></g></l></v><v><l id="325413" t="служащий"><g v="PRTF"></g><g v="Subx"></g><g v="impf"></g><g v="tran"></g><g v="pres"></g><g v="actv"></g><g v="anim"></g><g v="plur"></g><g v="accs"></g></l></v><v><l id="325413" t="служащий"><g v="PRTF"></g><g v="Subx"></g><g v="impf"></g><g v="tran"></g><g v="pres"></g><g v="actv"></g><g v="plur"></g><g v="loct"></g></l></v></tfr></token><token id="575487" text="—"><tfr rev_id="2442657" t="—"><v><l id="0" t="—"><g v="PNCT"></g></l></v></tfr></token><token id="575488" text="в"><tfr rev_id="1408567" t="в"><v><l id="37409" t="в"><g v="PREP"></g></l></v></tfr></token><token id="575489" text="ближайшее"><tfr rev_id="4430844" t="ближайшее"><v><l id="30857" t="ближайший"><g v="ADJF"></g><g v="Supr"></g><g v="Qual"></g><g v="neut"></g><g v="sing"></g><g v="nomn"></g></l></v><v><l id="30857" t="ближайший"><g v="ADJF"></g><g v="Supr"></g><g v="Qual"></g><g v="neut"></g><g v="sing"></g><g v="accs"></g></l></v></tfr></token><token id="575490" text="время"><tfr rev_id="1408569" t="время"><v><l id="53149" t="время"><g v="NOUN"></g><g v="inan"></g><g v="neut"></g><g v="sing"></g><g v="nomn"></g></l></v><v><l id="53149" t="время"><g v="NOUN"></g><g v="inan"></g><g v="neut"></g><g v="sing"></g><g v="accs"></g></l></v></tfr></token><token id="575491" text="графство"><tfr rev_id="3340187" t="графство"><v><l id="74836" t="графство"><g v="NOUN"></g><g v="inan"></g><g v="neut"></g><g v="sing"></g><g v="nomn"></g></l></v></tfr></token><token id="575492" text="планирует"><tfr rev_id="1408571" t="планирует"><v><l id="239713" t="планирую"><g v="VERB"></g><g v="impf"></g><g v="tran"></g><g v="sing"></g><g v="3per"></g><g v="pres"></g><g v="indc"></g></l></v></tfr></token><token id="575493" text="уволить"><tfr rev_id="1408572" t="уволить"><v><l id="353809" t="уволить"><g v="INFN"></g><g v="perf"></g><g v="tran"></g></l></v></tfr></token><token id="575494" text="до"><tfr rev_id="1408573" t="до"><v><l id="85153" t="до"><g v="PREP"></g></l></v></tfr></token><token id="575495" text="1400"><tfr rev_id="2461199" t="1400"><v><l id="0" t="1400"><g v="NUMB"></g></l></v></tfr></token><token id="575496" text="человек"><tfr rev_id="3447959" t="человек"><v><l id="375073" t="человек"><g v="NOUN"></g><g v="anim"></g><g v="masc"></g><g v="plur"></g><g v="gent"></g></l></v></tfr></token><token id="575497" text=","><tfr rev_id="1408576" t=","><v><l id="0" t=","><g v="PNCT"></g></l></v></tfr></token><token id="575498" text="что"><tfr rev_id="3196576" t="что"><v><l id="377004" t="что"><g v="CONJ"></g></l></v><v><l id="377005" t="что"><g v="NPRO"></g><g v="neut"></g><g v="sing"></g><g v="nomn"></g></l></v><v><l id="377005" t="что"><g v="NPRO"></g><g v="neut"></g><g v="sing"></g><g v="accs"></g></l></v><v><l id="377006" t="что"><g v="ADVB"></g><g v="Ques"></g></l></v><v><l id="388695" t="что"><g v="PRCL"></g></l></v></tfr></token><token id="575499" text="составляет"><tfr rev_id="1408578" t="составляет"><v><l id="330494" t="составляю"><g v="VERB"></g><g v="impf"></g><g v="tran"></g><g v="sing"></g><g v="3per"></g><g v="pres"></g><g v="indc"></g></l></v></tfr></token><token id="575500" text="около"><tfr rev_id="4421833" t="около"><v><l id="205005" t="около"><g v="PREP"></g></l></v></tfr></token><token id="575501" text="двух"><tfr rev_id="4449672" t="двух"><v><l id="78668" t="два"><g v="NUMR"></g><g v="anim"></g><g v="accs"></g></l></v><v><l id="78668" t="два"><g v="NUMR"></g><g v="gent"></g></l></v><v><l id="78668" t="два"><g v="NUMR"></g><g v="loct"></g></l></v></tfr></token><token id="575502" text="третей"><tfr rev_id="1408581" t="третей"><v><l id="349877" t="треть"><g v="NOUN"></g><g v="inan"></g><g v="femn"></g><g v="plur"></g><g v="gent"></g></l></v></tfr></token><token id="575503" text="всех"><tfr rev_id="4135805" t="всех"><v><l id="42156" t="весь"><g v="ADJF"></g><g v="Subx"></g><g v="Apro"></g><g v="plur"></g><g v="gent"></g></l></v></tfr></token><token id="575504" text="работников"><tfr rev_id="3310111" t="работников"><v><l id="290512" t="работник"><g v="NOUN"></g><g v="anim"></g><g v="masc"></g><g v="plur"></g><g v="gent"></g></l></v></tfr></token><token id="575505" text="."><tfr rev_id="1408584" t="."><v><l id="0" t="."><g v="PNCT"></g></l></v></tfr></token></tokens></sentence><sentence id="32164"><source>В подростковой тюрьме, где содержится 28 заключенных, некому их кормить, поскольку все работники столовой уволены.</source><tokens><token id="575506" text="В"><tfr rev_id="1408585" t="В"><v><l id="37409" t="в"><g v="PREP"></g></l></v></tfr></token><token id="575507" text="подростковой"><tfr rev_id="4095044" t="подростковой"><v><l id="249819" t="подростковый"><g v="ADJF"></g><g v="femn"></g><g v="sing"></g><g v="loct"></g></l></v></tfr></token><token id="575508" text="тюрьме"><tfr rev_id="3534855" t="тюрьме"><v><l id="352528" t="тюрьма"><g v="NOUN"></g><g v="inan"></g><g v="femn"></g><g v="sing"></g><g v="loct"></g></l></v></tfr></token><token id="575509" text=","><tfr rev_id="1408588" t=","><v><l id="0" t=","><g v="PNCT"></g></l></v></tfr></token><token id="575510" text="где"><tfr rev_id="2636436" t="где"><v><l id="67984" t="где"><g v="ADVB"></g><g v="Ques"></g></l></v><v><l id="388669" t="где"><g v="CONJ"></g></l></v></tfr></token><token id="575511" text="содержится"><tfr rev_id="1408590" t="содержится"><v><l id="328417" t="содержусь"><g v="VERB"></g><g v="impf"></g><g v="intr"></g><g v="sing"></g><g v="3per"></g><g v="pres"></g><g v="indc"></g></l></v></tfr></token><token id="575512" text="28"><tfr rev_id="2461200" t="28"><v><l id="0" t="28"><g v="NUMB"></g></l></v></tfr></token><token id="575513" text="заключенных"><tfr rev_id="4455609" t="заключенных"><v><l id="103488" t="заключённый"><g v="PRTF"></g><g v="Subx"></g><g v="perf"></g><g v="tran"></g><g v="past"></g><g v="pssv"></g><g v="Adjx"></g><g v="plur"></g><g v="gent"></g></l></v></tfr></token><token id="575514" text=","><tfr rev_id="1408593" t=","><v><l id="0" t=","><g v="PNCT"></g></l></v></tfr></token><token id="575515" text="некому"><tfr rev_id="1408594" t="некому"><v><l id="183348" t="некого"><g v="NPRO"></g><g v="sing"></g><g v="datv"></g></l></v></tfr></token><token id="575516" text="их"><tfr rev_id="3601335" t="их"><v><l id="206619" t="они"><g v="NPRO"></g><g v="3per"></g><g v="Anph"></g><g v="plur"></g><g v="gent"></g></l></v><v><l id="206619" t="они"><g v="NPRO"></g><g v="3per"></g><g v="Anph"></g><g v="plur"></g><g v="accs"></g></l></v></tfr></token><token id="575517" text="кормить"><tfr rev_id="1408596" t="кормить"><v><l id="139687" t="кормить"><g v="INFN"></g><g v="impf"></g><g v="tran"></g></l></v></tfr></token><token id="575518" text=","><tfr rev_id="1408597" t=","><v><l id="0" t=","><g v="PNCT"></g></l></v></tfr></token><token id="575519" text="поскольку"><tfr rev_id="1408598" t="поскольку"><v><l id="261429" t="поскольку"><g v="CONJ"></g></l></v></tfr></token><token id="575520" text="все"><tfr rev_id="4410113" t="все"><v><l id="42156" t="весь"><g v="ADJF"></g><g v="Subx"></g><g v="Apro"></g><g v="inan"></g><g v="plur"></g><g v="accs"></g></l></v><v><l id="42156" t="весь"><g v="ADJF"></g><g v="Subx"></g><g v="Apro"></g><g v="neut"></g><g v="sing"></g><g v="accs"></g></l></v><v><l id="42156" t="весь"><g v="ADJF"></g><g v="Subx"></g><g v="Apro"></g><g v="neut"></g><g v="sing"></g><g v="nomn"></g></l></v><v><l id="42156" t="весь"><g v="ADJF"></g><g v="Subx"></g><g v="Apro"></g><g v="plur"></g><g v="nomn"></g></l></v></tfr></token><token id="575521" text="работники"><tfr rev_id="1408600" t="работники"><v><l id="290512" t="работник"><g v="NOUN"></g><g v="anim"></g><g v="masc"></g><g v="plur"></g><g v="nomn"></g></l></v></tfr></token><token id="575522" text="столовой"><tfr rev_id="4353766" t="столовой"><v><l id="336620" t="столовая"><g v="NOUN"></g><g v="inan"></g><g v="femn"></g><g v="sing"></g><g v="gent"></g></l></v></tfr></token><token id="575523" text="уволены"><tfr rev_id="1408602" t="уволены"><v><l id="353812" t="уволен"><g v="PRTS"></g><g v="perf"></g><g v="past"></g><g v="pssv"></g><g v="plur"></g></l></v></tfr></token><token id="575524" text="."><tfr rev_id="1408603" t="."><v><l id="0" t="."><g v="PNCT"></g></l></v></tfr></token></tokens></sentence><sentence id="32165"><source>В одном доме для престарелых не средств на то, чтобы хоронить умерших стариков, если у них самих нет денег на похороны.</source><tokens><token id="575525" text="В"><tfr rev_id="1408604" t="В"><v><l id="37409" t="в"><g v="PREP"></g></l></v></tfr></token><token id="575526" text="одном"><tfr rev_id="4301545" t="одном"><v><l id="203319" t="один"><g v="ADJF"></g><g v="Apro"></g><g v="Anum"></g><g v="masc"></g><g v="sing"></g><g v="loct"></g></l></v></tfr></token><token id="575527" text="доме"><tfr rev_id="1408606" t="доме"><v><l id="88152" t="дом"><g v="NOUN"></g><g v="inan"></g><g v="masc"></g><g v="sing"></g><g v="loc1"></g></l></v></tfr></token><token id="575528" text="для"><tfr rev_id="3452772" t="для"><v><l id="85032" t="для"><g v="PREP"></g></l></v></tfr></token><token id="575529" text="престарелых"><tfr rev_id="3709416" t="престарелых"><v><l id="268300" t="престарелый"><g v="ADJF"></g><g v="plur"></g><g v="gent"></g></l></v></tfr></token><token id="575530" text="не"><tfr rev_id="1408609" t="не"><v><l id="178876" t="не"><g v="PRCL"></g></l></v></tfr></token><token id="575531" text="средств"><tfr rev_id="1408610" t="средств"><v><l id="333716" t="средство"><g v="NOUN"></g><g v="inan"></g><g v="neut"></g><g v="plur"></g><g v="gent"></g></l></v></tfr></token><token id="575532" text="на"><tfr rev_id="3337855" t="на"><v><l id="166264" t="на"><g v="PREP"></g></l></v></tfr></token><token id="575533" text="то"><tfr rev_id="3777471" t="то"><v><l id="346835" t="то"><g v="CONJ"></g></l></v><v><l id="346836" t="то"><g v="PRCL"></g></l></v><v><l id="348430" t="тот"><g v="ADJF"></g><g v="Subx"></g><g v="Apro"></g><g v="Anph"></g><g v="neut"></g><g v="sing"></g><g v="nomn"></g></l></v><v><l id="348430" t="тот"><g v="ADJF"></g><g v="Subx"></g><g v="Apro"></g><g v="Anph"></g><g v="neut"></g><g v="sing"></g><g v="accs"></g></l></v></tfr></token><token id="575534" text=","><tfr rev_id="1408613" t=","><v><l id="0" t=","><g v="PNCT"></g></l></v></tfr></token><token id="575535" text="чтобы"><tfr rev_id="1408614" t="чтобы"><v><l id="377013" t="чтобы"><g v="CONJ"></g></l></v><v><l id="377014" t="чтобы"><g v="PRCL"></g></l></v></tfr></token><token id="575536" text="хоронить"><tfr rev_id="1408615" t="хоронить"><v><l id="371638" t="хоронить"><g v="INFN"></g><g v="impf"></g><g v="tran"></g></l></v></tfr></token><token id="575537" text="умерших"><tfr rev_id="4319860" t="умерших"><v><l id="357522" t="умерший"><g v="PRTF"></g><g v="Subx"></g><g v="perf"></g><g v="intr"></g><g v="past"></g><g v="actv"></g><g v="plur"></g><g v="gent"></g></l></v><v><l id="357522" t="умерший"><g v="PRTF"></g><g v="Subx"></g><g v="perf"></g><g v="intr"></g><g v="past"></g><g v="actv"></g><g v="anim"></g><g v="plur"></g><g v="accs"></g></l></v><v><l id="357522" t="умерший"><g v="PRTF"></g><g v="Subx"></g><g v="perf"></g><g v="intr"></g><g v="past"></g><g v="actv"></g><g v="plur"></g><g v="loct"></g></l></v><v><l id="357547" t="умерший"><g v="ADJF"></g><g v="plur"></g><g v="gent"></g></l></v><v><l id="357547" t="умерший"><g v="ADJF"></g><g v="anim"></g><g v="plur"></g><g v="accs"></g></l></v><v><l id="357547" t="умерший"><g v="ADJF"></g><g v="plur"></g><g v="loct"></g></l></v></tfr></token><token id="575538" text="стариков"><tfr rev_id="4404618" t="стариков"><v><l id="334762" t="старик"><g v="NOUN"></g><g v="anim"></g><g v="masc"></g><g v="plur"></g><g v="accs"></g></l></v></tfr></token><token id="575539" text=","><tfr rev_id="1408618" t=","><v><l id="0" t=","><g v="PNCT"></g></l></v></tfr></token><token id="575540" text="если"><tfr rev_id="1408619" t="если"><v><l id="95365" t="если"><g v="CONJ"></g></l></v></tfr></token><token id="575541" text="у"><tfr rev_id="3328248" t="у"><v><l id="352818" t="у"><g v="PREP"></g></l></v></tfr></token><token id="575542" text="них"><tfr rev_id="3711641" t="них"><v><l id="206619" t="они"><g v="NPRO"></g><g v="3per"></g><g v="Anph"></g><g v="plur"></g><g v="gent"></g><g v="Af-p"></g></l></v></tfr></token><token id="575543" text="самих"><tfr rev_id="3945663" t="самих"><v><l id="312034" t="сам"><g v="ADJF"></g><g v="Apro"></g><g v="plur"></g><g v="gent"></g></l></v></tfr></token><token id="575544" text="нет"><tfr rev_id="3756295" t="нет"><v><l id="389552" t="нет"><g v="PRED"></g><g v="pres"></g></l></v></tfr></token><token id="575545" text="денег"><tfr rev_id="4325406" t="денег"><v><l id="81429" t="деньги"><g v="NOUN"></g><g v="inan"></g><g v="femn"></g><g v="plur"></g><g v="gent"></g></l></v></tfr></token><token id="575546" text="на"><tfr rev_id="3343202" t="на"><v><l id="166264" t="на"><g v="PREP"></g></l></v></tfr></token><token id="575547" text="похороны"><tfr rev_id="3727448" t="похороны"><v><l id="264435" t="похороны"><g v="NOUN"></g><g v="inan"></g><g v="GNdr"></g><g v="Pltm"></g><g v="plur"></g><g v="accs"></g></l></v></tfr></token><token id="575548" text="."><tfr rev_id="1408627" t="."><v><l id="0" t="."><g v="PNCT"></g></l></v></tfr></token></tokens></sentence><sentence id="32166"><source>Вскоре некому будет ремонтировать дороги — из 488 ремонтников планируется оставить только 89.</source><tokens><token id="575549" text="Вскоре"><tfr rev_id="1408628" t="Вскоре"><v><l id="53849" t="вскоре"><g v="ADVB"></g></l></v></tfr></token><token id="575550" text="некому"><tfr rev_id="1408629" t="некому"><v><l id="183348" t="некого"><g v="NPRO"></g><g v="sing"></g><g v="datv"></g></l></v></tfr></token><token id="575551" text="будет"><tfr rev_id="1408630" t="будет"><v><l id="37265" t="есть"><g v="VERB"></g><g v="impf"></g><g v="intr"></g><g v="sing"></g><g v="3per"></g><g v="futr"></g><g v="indc"></g></l></v></tfr></token><token id="575552" text="ремонтировать"><tfr rev_id="1408631" t="ремонтировать"><v><l id="306192" t="ремонтировать"><g v="INFN"></g><g v="impf"></g><g v="tran"></g></l></v></tfr></token><token id="575553" text="дороги"><tfr rev_id="3802580" t="дороги"><v><l id="89707" t="дорога"><g v="NOUN"></g><g v="inan"></g><g v="femn"></g><g v="plur"></g><g v="accs"></g></l></v></tfr></token><token id="575554" text="—"><tfr rev_id="2442658" t="—"><v><l id="0" t="—"><g v="PNCT"></g></l></v></tfr></token><token id="575555" text="из"><tfr rev_id="2603847" t="из"><v><l id="117677" t="из"><g v="PREP"></g></l></v></tfr></token><token id="575556" text="488"><tfr rev_id="2461201" t="488"><v><l id="0" t="488"><g v="NUMB"></g></l></v></tfr></token><token id="575557" text="ремонтников"><tfr rev_id="3547271" t="ремонтников"><v><l id="306207" t="ремонтник"><g v="NOUN"></g><g v="anim"></g><g v="masc"></g><g v="plur"></g><g v="gent"></g></l></v></tfr></token><token id="575558" text="планируется"><tfr rev_id="1408637" t="планируется"><v><l id="239722" t="планируюсь"><g v="VERB"></g><g v="impf"></g><g v="intr"></g><g v="sing"></g><g v="3per"></g><g v="pres"></g><g v="indc"></g></l></v></tfr></token><token id="575559" text="оставить"><tfr rev_id="1408638" t="оставить"><v><l id="210818" t="оставить"><g v="INFN"></g><g v="perf"></g><g v="tran"></g></l></v></tfr></token><token id="575560" text="только"><tfr rev_id="3784024" t="только"><v><l id="347395" t="только"><g v="CONJ"></g></l></v><v><l id="347396" t="только"><g v="PRCL"></g></l></v><v><l id="390053" t="только"><g v="ADVB"></g></l></v></tfr></token><token id="575561" text="89"><tfr rev_id="2461202" t="89"><v><l id="0" t="89"><g v="NUMB"></g></l></v></tfr></token><token id="575562" text="."><tfr rev_id="1408641" t="."><v><l id="0" t="."><g v="PNCT"></g></l></v></tfr></token></tokens></sentence><sentence id="32167"><source>По словам Роберта Кёртера, директора Moody’s Investors Service, за исключением Детройта нигде в Америке ситуация не выглядит так плохо.</source><tokens><token id="575563" text="По"><tfr rev_id="1408642" t="По"><v><l id="241240" t="по"><g v="PREP"></g></l></v></tfr></token><token id="575564" text="словам"><tfr rev_id="1408643" t="словам"><v><l id="325168" t="слово"><g v="NOUN"></g><g v="inan"></g><g v="neut"></g><g v="plur"></g><g v="datv"></g></l></v></tfr></token><token id="575565" text="Роберта"><tfr rev_id="4395739" t="Роберта"><v><l id="308039" t="роберт"><g v="NOUN"></g><g v="anim"></g><g v="masc"></g><g v="Name"></g><g v="sing"></g><g v="gent"></g></l></v></tfr></token><token id="575566" text="Кёртера"><tfr rev_id="1408645" t="Кёртера"><v><l id="0" t="кёртера"><g v="UNKN"></g></l></v></tfr></token><token id="575567" text=","><tfr rev_id="1408646" t=","><v><l id="0" t=","><g v="PNCT"></g></l></v></tfr></token><token id="575568" text="директора"><tfr rev_id="4389530" t="директора"><v><l id="84214" t="директор"><g v="NOUN"></g><g v="anim"></g><g v="masc"></g><g v="sing"></g><g v="gent"></g></l></v></tfr></token><token id="575569" text="Moody’s"><tfr rev_id="1408648" t="Moody’s"><v><l id="0" t="Moody’s"><g v="UNKN"></g></l></v></tfr></token><token id="575570" text="Investors"><tfr rev_id="2474421" t="Investors"><v><l id="0" t="Investors"><g v="LATN"></g></l></v></tfr></token><token id="575571" text="Service"><tfr rev_id="2474422" t="Service"><v><l id="0" t="Service"><g v="LATN"></g></l></v></tfr></token><token id="575572" text=","><tfr rev_id="1408651" t=","><v><l id="0" t=","><g v="PNCT"></g></l></v></tfr></token><token id="575573" text="за"><tfr rev_id="1408652" t="за"><v><l id="98043" t="за"><g v="PREP"></g></l></v></tfr></token><token id="575574" text="исключением"><tfr rev_id="1408653" t="исключением"><v><l id="124356" t="исключение"><g v="NOUN"></g><g v="inan"></g><g v="neut"></g><g v="sing"></g><g v="ablt"></g></l></v></tfr></token><token id="575575" text="Детройта"><tfr rev_id="1408654" t="Детройта"><v><l id="82253" t="детройт"><g v="NOUN"></g><g v="inan"></g><g v="masc"></g><g v="Geox"></g><g v="sing"></g><g v="gent"></g></l></v></tfr></token><token id="575576" text="нигде"><tfr rev_id="1408655" t="нигде"><v><l id="190359" t="нигде"><g v="ADVB"></g></l></v></tfr></token><token id="575577" text="в"><tfr rev_id="1408656" t="в"><v><l id="37409" t="в"><g v="PREP"></g></l></v></tfr></token><token id="575578" text="Америке"><tfr rev_id="3534762" t="Америке"><v><l id="11393" t="америка"><g v="NOUN"></g><g v="inan"></g><g v="femn"></g><g v="Sgtm"></g><g v="Geox"></g><g v="sing"></g><g v="loct"></g></l></v></tfr></token><token id="575579" text="ситуация"><tfr rev_id="1408658" t="ситуация"><v><l id="321441" t="ситуация"><g v="NOUN"></g><g v="inan"></g><g v="femn"></g><g v="sing"></g><g v="nomn"></g></l></v></tfr></token><token id="575580" text="не"><tfr rev_id="1408659" t="не"><v><l id="178876" t="не"><g v="PRCL"></g></l></v></tfr></token><token id="575581" text="выглядит"><tfr rev_id="1408660" t="выглядит"><v><l id="56595" t="выглядел"><g v="VERB"></g><g v="perf"></g><g v="tran"></g><g v="sing"></g><g v="3per"></g><g v="futr"></g><g v="indc"></g></l></v><v><l id="56599" t="выгляжу"><g v="VERB"></g><g v="impf"></g><g v="intr"></g><g v="sing"></g><g v="3per"></g><g v="pres"></g><g v="indc"></g></l></v></tfr></token><token id="575582" text="так"><tfr rev_id="1408661" t="так"><v><l id="342451" t="так"><g v="CONJ"></g></l></v><v><l id="342452" t="так"><g v="PRCL"></g></l></v><v><l id="342453" t="так"><g v="ADVB"></g><g v="Dmns"></g></l></v></tfr></token><token id="575583" text="плохо"><tfr rev_id="1408662" t="плохо"><v><l id="240906" t="плохо"><g v="ADVB"></g><g v="Prdx"></g></l></v><v><l id="240907" t="плохо"><g v="PRED"></g><g v="pres"></g></l></v><v><l id="240913" t="плох"><g v="ADJS"></g><g v="Qual"></g><g v="neut"></g><g v="sing"></g></l></v></tfr></token><token id="575584" text="."><tfr rev_id="1408663" t="."><v><l id="0" t="."><g v="PNCT"></g></l></v></tfr></token></tokens></sentence></paragraph><paragraph id="10228"><sentence id="32168"><source>В июле руководство графства призвало губернатора штата Боба Райли ввести чрезвычайное положение, но он ответил, что уполномочен сделать это только в случае торнадо, но не в случае «долгового цунами».</source><tokens><token id="575585" text="В"><tfr rev_id="1408664" t="В"><v><l id="37409" t="в"><g v="PREP"></g></l></v></tfr></token><token id="575586" text="июле"><tfr rev_id="1408665" t="июле"><v><l id="127299" t="июль"><g v="NOUN"></g><g v="inan"></g><g v="masc"></g><g v="sing"></g><g v="loct"></g></l></v></tfr></token><token id="575587" text="руководство"><tfr rev_id="1408666" t="руководство"><v><l id="310004" t="руководство"><g v="NOUN"></g><g v="inan"></g><g v="neut"></g><g v="sing"></g><g v="nomn"></g></l></v><v><l id="310004" t="руководство"><g v="NOUN"></g><g v="inan"></g><g v="neut"></g><g v="sing"></g><g v="accs"></g></l></v></tfr></token><token id="575588" text="графства"><tfr rev_id="3487401" t="графства"><v><l id="74836" t="графство"><g v="NOUN"></g><g v="inan"></g><g v="neut"></g><g v="sing"></g><g v="gent"></g></l></v></tfr></token><token id="575589" text="призвало"><tfr rev_id="1408668" t="призвало"><v><l id="270564" t="призвал"><g v="VERB"></g><g v="perf"></g><g v="tran"></g><g v="neut"></g><g v="sing"></g><g v="past"></g><g v="indc"></g></l></v></tfr></token><token id="575590" text="губернатора"><tfr rev_id="4216615" t="губернатора"><v><l id="76396" t="губернатор"><g v="NOUN"></g><g v="anim"></g><g v="masc"></g><g v="sing"></g><g v="accs"></g></l></v></tfr></token><token id="575591" text="штата"><tfr rev_id="1408670" t="штата"><v><l id="381334" t="штат"><g v="NOUN"></g><g v="inan"></g><g v="masc"></g><g v="sing"></g><g v="gent"></g></l></v></tfr></token><token id="575592" text="Боба"><tfr rev_id="3542942" t="Боба"><v><l id="31173" t="боб"><g v="NOUN"></g><g v="anim"></g><g v="masc"></g><g v="Name"></g><g v="sing"></g><g v="accs"></g></l></v></tfr></token><token id="575593" text="Райли"><tfr rev_id="1408672" t="Райли"><v><l id="0" t="райли"><g v="UNKN"></g></l></v></tfr></token><token id="575594" text="ввести"><tfr rev_id="1408673" t="ввести"><v><l id="39716" t="ввести"><g v="INFN"></g><g v="perf"></g><g v="tran"></g></l></v></tfr></token><token id="575595" text="чрезвычайное"><tfr rev_id="1408674" t="чрезвычайное"><v><l id="376974" t="чрезвычайный"><g v="ADJF"></g><g v="neut"></g><g v="sing"></g><g v="nomn"></g></l></v><v><l id="376974" t="чрезвычайный"><g v="ADJF"></g><g v="neut"></g><g v="sing"></g><g v="accs"></g></l></v></tfr></token><token id="575596" text="положение"><tfr rev_id="4359934" t="положение"><v><l id="256255" t="положение"><g v="NOUN"></g><g v="inan"></g><g v="neut"></g><g v="sing"></g><g v="accs"></g></l></v></tfr></token><token id="575597" text=","><tfr rev_id="1408676" t=","><v><l id="0" t=","><g v="PNCT"></g></l></v></tfr></token><token id="575598" text="но"><tfr rev_id="1408677" t="но"><v><l id="191429" t="но"><g v="CONJ"></g></l></v><v><l id="191430" t="но"><g v="INTJ"></g></l></v></tfr></token><token id="575599" text="он"><tfr rev_id="3575502" t="он"><v><l id="206541" t="он"><g v="NPRO"></g><g v="masc"></g><g v="3per"></g><g v="Anph"></g><g v="sing"></g><g v="nomn"></g></l></v></tfr></token><token id="575600" text="ответил"><tfr rev_id="1408679" t="ответил"><v><l id="212433" t="ответил"><g v="VERB"></g><g v="perf"></g><g v="intr"></g><g v="masc"></g><g v="sing"></g><g v="past"></g><g v="indc"></g></l></v></tfr></token><token id="575601" text=","><tfr rev_id="1408680" t=","><v><l id="0" t=","><g v="PNCT"></g></l></v></tfr></token><token id="575602" text="что"><tfr rev_id="3196577" t="что"><v><l id="377004" t="что"><g v="CONJ"></g></l></v><v><l id="377005" t="что"><g v="NPRO"></g><g v="neut"></g><g v="sing"></g><g v="nomn"></g></l></v><v><l id="377005" t="что"><g v="NPRO"></g><g v="neut"></g><g v="sing"></g><g v="accs"></g></l></v><v><l id="377006" t="что"><g v="ADVB"></g><g v="Ques"></g></l></v><v><l id="388695" t="что"><g v="PRCL"></g></l></v></tfr></token><token id="575603" text="уполномочен"><tfr rev_id="1408682" t="уполномочен"><v><l id="359073" t="уполномочен"><g v="PRTS"></g><g v="perf"></g><g v="past"></g><g v="pssv"></g><g v="masc"></g><g v="sing"></g></l></v></tfr></token><token id="575604" text="сделать"><tfr rev_id="1408683" t="сделать"><v><l id="317247" t="сделать"><g v="INFN"></g><g v="perf"></g><g v="tran"></g></l></v></tfr></token><token id="575605" text="это"><tfr rev_id="4441447" t="это"><v><l id="386574" t="это"><g v="PRCL"></g></l></v><v><l id="386575" t="это"><g v="NPRO"></g><g v="neut"></g><g v="sing"></g><g v="nomn"></g></l></v><v><l id="386575" t="это"><g v="NPRO"></g><g v="neut"></g><g v="sing"></g><g v="accs"></g></l></v><v><l id="386581" t="этот"><g v="ADJF"></g><g v="Subx"></g><g v="Apro"></g><g v="Anph"></g><g v="neut"></g><g v="sing"></g><g v="nomn"></g></l></v><v><l id="386581" t="этот"><g v="ADJF"></g><g v="Subx"></g><g v="Apro"></g><g v="Anph"></g><g v="neut"></g><g v="sing"></g><g v="accs"></g></l></v></tfr></token><token id="575606" text="только"><tfr rev_id="3784025" t="только"><v><l id="347395" t="только"><g v="CONJ"></g></l></v><v><l id="347396" t="только"><g v="PRCL"></g></l></v><v><l id="390053" t="только"><g v="ADVB"></g></l></v></tfr></token><token id="575607" text="в"><tfr rev_id="1408686" t="в"><v><l id="37409" t="в"><g v="PREP"></g></l></v></tfr></token><token id="575608" text="случае"><tfr rev_id="1408687" t="случае"><v><l id="325472" t="случай"><g v="NOUN"></g><g v="inan"></g><g v="masc"></g><g v="sing"></g><g v="loct"></g></l></v></tfr></token><token id="575609" text="торнадо"><tfr rev_id="3899981" t="торнадо"><v><l id="348173" t="торнадо"><g v="NOUN"></g><g v="inan"></g><g v="neut"></g><g v="Fixd"></g><g v="sing"></g><g v="nomn"></g></l></v><v><l id="348173" t="торнадо"><g v="NOUN"></g><g v="inan"></g><g v="neut"></g><g v="Fixd"></g><g v="sing"></g><g v="gent"></g></l></v><v><l id="348173" t="торнадо"><g v="NOUN"></g><g v="inan"></g><g v="neut"></g><g v="Fixd"></g><g v="sing"></g><g v="datv"></g></l></v><v><l id="348173" t="торнадо"><g v="NOUN"></g><g v="inan"></g><g v="neut"></g><g v="Fixd"></g><g v="sing"></g><g v="accs"></g></l></v><v><l id="348173" t="торнадо"><g v="NOUN"></g><g v="inan"></g><g v="neut"></g><g v="Fixd"></g><g v="sing"></g><g v="ablt"></g></l></v><v><l id="348173" t="торнадо"><g v="NOUN"></g><g v="inan"></g><g v="neut"></g><g v="Fixd"></g><g v="sing"></g><g v="loct"></g></l></v><v><l id="348173" t="торнадо"><g v="NOUN"></g><g v="inan"></g><g v="neut"></g><g v="Fixd"></g><g v="plur"></g><g v="nomn"></g></l></v><v><l id="348173" t="торнадо"><g v="NOUN"></g><g v="inan"></g><g v="neut"></g><g v="Fixd"></g><g v="plur"></g><g v="gent"></g></l></v><v><l id="348173" t="торнадо"><g v="NOUN"></g><g v="inan"></g><g v="neut"></g><g v="Fixd"></g><g v="plur"></g><g v="datv"></g></l></v><v><l id="348173" t="торнадо"><g v="NOUN"></g><g v="inan"></g><g v="neut"></g><g v="Fixd"></g><g v="plur"></g><g v="accs"></g></l></v><v><l id="348173" t="торнадо"><g v="NOUN"></g><g v="inan"></g><g v="neut"></g><g v="Fixd"></g><g v="plur"></g><g v="ablt"></g></l></v><v><l id="348173" t="торнадо"><g v="NOUN"></g><g v="inan"></g><g v="neut"></g><g v="Fixd"></g><g v="plur"></g><g v="loct"></g></l></v></tfr></token><token id="575610" text=","><tfr rev_id="1408689" t=","><v><l id="0" t=","><g v="PNCT"></g></l></v></tfr></token><token id="575611" text="но"><tfr rev_id="1408690" t="но"><v><l id="191429" t="но"><g v="CONJ"></g></l></v><v><l id="191430" t="но"><g v="INTJ"></g></l></v></tfr></token><token id="575612" text="не"><tfr rev_id="1408691" t="не"><v><l id="178876" t="не"><g v="PRCL"></g></l></v></tfr></token><token id="575613" text="в"><tfr rev_id="1408692" t="в"><v><l id="37409" t="в"><g v="PREP"></g></l></v></tfr></token><token id="575614" text="случае"><tfr rev_id="1408693" t="случае"><v><l id="325472" t="случай"><g v="NOUN"></g><g v="inan"></g><g v="masc"></g><g v="sing"></g><g v="loct"></g></l></v></tfr></token><token id="575615" text="«"><tfr rev_id="2442659" t="«"><v><l id="0" t="«"><g v="PNCT"></g></l></v></tfr></token><token id="575616" text="долгового"><tfr rev_id="3342735" t="долгового"><v><l id="87761" t="долговой"><g v="ADJF"></g><g v="neut"></g><g v="sing"></g><g v="gent"></g></l></v></tfr></token><token id="575617" text="цунами"><tfr rev_id="4153034" t="цунами"><v><l id="374286" t="цунами"><g v="NOUN"></g><g v="inan"></g><g v="neut"></g><g v="Fixd"></g><g v="sing"></g><g v="gent"></g></l></v></tfr></token><token id="575618" text="»"><tfr rev_id="2442660" t="»"><v><l id="0" t="»"><g v="PNCT"></g></l></v></tfr></token><token id="575619" text="."><tfr rev_id="1408698" t="."><v><l id="0" t="."><g v="PNCT"></g></l></v></tfr></token></tokens></sentence><sentence id="32169"><source>Высказывание губернатора напрямую связано с причинами кризиса.</source><tokens><token id="575620" text="Высказывание"><tfr rev_id="1408699" t="Высказывание"><v><l id="61886" t="высказывание"><g v="NOUN"></g><g v="inan"></g><g v="neut"></g><g v="sing"></g><g v="nomn"></g></l></v><v><l id="61886" t="высказывание"><g v="NOUN"></g><g v="inan"></g><g v="neut"></g><g v="sing"></g><g v="accs"></g></l></v></tfr></token><token id="575621" text="губернатора"><tfr rev_id="4461453" t="губернатора"><v><l id="76396" t="губернатор"><g v="NOUN"></g><g v="anim"></g><g v="masc"></g><g v="sing"></g><g v="gent"></g></l></v></tfr></token><token id="575622" text="напрямую"><tfr rev_id="1408701" t="напрямую"><v><l id="174201" t="напрямую"><g v="ADVB"></g></l></v></tfr></token><token id="575623" text="связано"><tfr rev_id="1408702" t="связано"><v><l id="316534" t="связан"><g v="PRTS"></g><g v="perf"></g><g v="past"></g><g v="pssv"></g><g v="neut"></g><g v="sing"></g></l></v></tfr></token><token id="575624" text="с"><tfr rev_id="1408703" t="с"><v><l id="311151" t="с"><g v="PREP"></g></l></v></tfr></token><token id="575625" text="причинами"><tfr rev_id="1408704" t="причинами"><v><l id="276522" t="причина"><g v="NOUN"></g><g v="inan"></g><g v="femn"></g><g v="plur"></g><g v="ablt"></g></l></v></tfr></token><token id="575626" text="кризиса"><tfr rev_id="1408705" t="кризиса"><v><l id="142725" t="кризис"><g v="NOUN"></g><g v="inan"></g><g v="masc"></g><g v="sing"></g><g v="gent"></g></l></v></tfr></token><token id="575627" text="."><tfr rev_id="1408706" t="."><v><l id="0" t="."><g v="PNCT"></g></l></v></tfr></token></tokens></sentence><sentence id="32170"><source>В течение нескольких лет предшествующих экономическому кризису графство ввязалось в рискованные финансовые операции, и брало кредиты с гибкими процентными ставками, которые в последнее время увеличились.</source><tokens><token id="575628" text="В"><tfr rev_id="1408707" t="В"><v><l id="37409" t="в"><g v="PREP"></g></l></v></tfr></token><token id="575629" text="течение"><tfr rev_id="1408708" t="течение"><v><l id="346009" t="течение"><g v="NOUN"></g><g v="inan"></g><g v="neut"></g><g v="sing"></g><g v="nomn"></g></l></v><v><l id="346009" t="течение"><g v="NOUN"></g><g v="inan"></g><g v="neut"></g><g v="sing"></g><g v="accs"></g></l></v></tfr></token><token id="575630" text="нескольких"><tfr rev_id="3474228" t="нескольких"><v><l id="188126" t="несколько"><g v="NUMR"></g><g v="gent"></g></l></v></tfr></token><token id="575631" text="лет"><tfr rev_id="3438300" t="лет"><v><l id="72149" t="год"><g v="NOUN"></g><g v="inan"></g><g v="masc"></g><g v="plur"></g><g v="gent"></g></l></v></tfr></token><token id="575632" text="предшествующих"><tfr rev_id="3684949" t="предшествующих"><v><l id="267357" t="предшествующий"><g v="PRTF"></g><g v="impf"></g><g v="intr"></g><g v="pres"></g><g v="actv"></g><g v="Adjx"></g><g v="plur"></g><g v="gent"></g></l></v><v><l id="267357" t="предшествующий"><g v="PRTF"></g><g v="impf"></g><g v="intr"></g><g v="pres"></g><g v="actv"></g><g v="Adjx"></g><g v="anim"></g><g v="plur"></g><g v="accs"></g></l></v><v><l id="267357" t="предшествующий"><g v="PRTF"></g><g v="impf"></g><g v="intr"></g><g v="pres"></g><g v="actv"></g><g v="Adjx"></g><g v="plur"></g><g v="loct"></g></l></v></tfr></token><token id="575633" text="экономическому"><tfr rev_id="3470168" t="экономическому"><v><l id="383364" t="экономический"><g v="ADJF"></g><g v="masc"></g><g v="sing"></g><g v="datv"></g></l></v></tfr></token><token id="575634" text="кризису"><tfr rev_id="1408713" t="кризису"><v><l id="142725" t="кризис"><g v="NOUN"></g><g v="inan"></g><g v="masc"></g><g v="sing"></g><g v="datv"></g></l></v></tfr></token><token id="575635" text="графство"><tfr rev_id="4104890" t="графство"><v><l id="74836" t="графство"><g v="NOUN"></g><g v="inan"></g><g v="neut"></g><g v="sing"></g><g v="nomn"></g></l></v></tfr></token><token id="575636" text="ввязалось"><tfr rev_id="1408715" t="ввязалось"><v><l id="39858" t="ввязался"><g v="VERB"></g><g v="perf"></g><g v="intr"></g><g v="neut"></g><g v="sing"></g><g v="past"></g><g v="indc"></g></l></v></tfr></token><token id="575637" text="в"><tfr rev_id="1408716" t="в"><v><l id="37409" t="в"><g v="PREP"></g></l></v></tfr></token><token id="575638" text="рискованные"><tfr rev_id="3793993" t="рискованные"><v><l id="307769" t="рискованный"><g v="ADJF"></g><g v="Qual"></g><g v="inan"></g><g v="plur"></g><g v="accs"></g></l></v></tfr></token><token id="575639" text="финансовые"><tfr rev_id="3815715" t="финансовые"><v><l id="366103" t="финансовый"><g v="ADJF"></g><g v="inan"></g><g v="plur"></g><g v="accs"></g></l></v></tfr></token><token id="575640" text="операции"><tfr rev_id="3805221" t="операции"><v><l id="206957" t="операция"><g v="NOUN"></g><g v="inan"></g><g v="femn"></g><g v="plur"></g><g v="accs"></g></l></v></tfr></token><token id="575641" text=","><tfr rev_id="1408720" t=","><v><l id="0" t=","><g v="PNCT"></g></l></v></tfr></token><token id="575642" text="и"><tfr rev_id="4164492" t="и"><v><l id="116949" t="и"><g v="CONJ"></g></l></v></tfr></token><token id="575643" text="брало"><tfr rev_id="1408722" t="брало"><v><l id="33652" t="беру"><g v="VERB"></g><g v="impf"></g><g v="tran"></g><g v="neut"></g><g v="sing"></g><g v="past"></g><g v="indc"></g></l></v></tfr></token><token id="575644" text="кредиты"><tfr rev_id="3751802" t="кредиты"><v><l id="142158" t="кредит"><g v="NOUN"></g><g v="inan"></g><g v="masc"></g><g v="plur"></g><g v="accs"></g></l></v></tfr></token><token id="575645" text="с"><tfr rev_id="1408724" t="с"><v><l id="311151" t="с"><g v="PREP"></g></l></v></tfr></token><token id="575646" text="гибкими"><tfr rev_id="1408725" t="гибкими"><v><l id="69498" t="гибкий"><g v="ADJF"></g><g v="Qual"></g><g v="plur"></g><g v="ablt"></g></l></v></tfr></token><token id="575647" text="процентными"><tfr rev_id="4542123" t="процентными"><v><l id="287357" t="процентный"><g v="ADJF"></g><g v="plur"></g><g v="ablt"></g></l></v></tfr></token><token id="575648" text="ставками"><tfr rev_id="4286603" t="ставками"><v><l id="334334" t="ставка"><g v="NOUN"></g><g v="inan"></g><g v="femn"></g><g v="plur"></g><g v="ablt"></g></l></v></tfr></token><token id="575649" text=","><tfr rev_id="1408728" t=","><v><l id="0" t=","><g v="PNCT"></g></l></v></tfr></token><token id="575650" text="которые"><tfr rev_id="3820643" t="которые"><v><l id="141203" t="который"><g v="ADJF"></g><g v="Apro"></g><g v="Subx"></g><g v="Anph"></g><g v="plur"></g><g v="nomn"></g></l></v></tfr></token><token id="575651" text="в"><tfr rev_id="1408730" t="в"><v><l id="37409" t="в"><g v="PREP"></g></l></v></tfr></token><token id="575652" text="последнее"><tfr rev_id="3809303" t="последнее"><v><l id="261565" t="последний"><g v="ADJF"></g><g v="neut"></g><g v="sing"></g><g v="nomn"></g></l></v><v><l id="261565" t="последний"><g v="ADJF"></g><g v="neut"></g><g v="sing"></g><g v="accs"></g></l></v></tfr></token><token id="575653" text="время"><tfr rev_id="1408732" t="время"><v><l id="53149" t="время"><g v="NOUN"></g><g v="inan"></g><g v="neut"></g><g v="sing"></g><g v="nomn"></g></l></v><v><l id="53149" t="время"><g v="NOUN"></g><g v="inan"></g><g v="neut"></g><g v="sing"></g><g v="accs"></g></l></v></tfr></token><token id="575654" text="увеличились"><tfr rev_id="1408733" t="увеличились"><v><l id="353402" t="увеличился"><g v="VERB"></g><g v="perf"></g><g v="intr"></g><g v="plur"></g><g v="past"></g><g v="indc"></g></l></v></tfr></token><token id="575655" text="."><tfr rev_id="1408734" t="."><v><l id="0" t="."><g v="PNCT"></g></l></v></tfr></token></tokens></sentence><sentence id="32171"><source>Поступления от налогов на собственность в этом году сократились на 40 миллионов долларов.</source><tokens><token id="575656" text="Поступления"><tfr rev_id="3718452" t="Поступления"><v><l id="262624" t="поступление"><g v="NOUN"></g><g v="inan"></g><g v="neut"></g><g v="plur"></g><g v="nomn"></g></l></v></tfr></token><token id="575657" text="от"><tfr rev_id="1408736" t="от"><v><l id="211644" t="от"><g v="PREP"></g></l></v></tfr></token><token id="575658" text="налогов"><tfr rev_id="2703118" t="налогов"><v><l id="172050" t="налог"><g v="NOUN"></g><g v="inan"></g><g v="masc"></g><g v="plur"></g><g v="gent"></g></l></v></tfr></token><token id="575659" text="на"><tfr rev_id="3341288" t="на"><v><l id="166264" t="на"><g v="PREP"></g></l></v></tfr></token><token id="575660" text="собственность"><tfr rev_id="4102787" t="собственность"><v><l id="327839" t="собственность"><g v="NOUN"></g><g v="inan"></g><g v="femn"></g><g v="sing"></g><g v="accs"></g></l></v></tfr></token><token id="575661" text="в"><tfr rev_id="1408740" t="в"><v><l id="37409" t="в"><g v="PREP"></g></l></v></tfr></token><token id="575662" text="этом"><tfr rev_id="4486626" t="этом"><v><l id="386581" t="этот"><g v="ADJF"></g><g v="Subx"></g><g v="Apro"></g><g v="Anph"></g><g v="masc"></g><g v="sing"></g><g v="loct"></g></l></v></tfr></token><token id="575663" text="году"><tfr rev_id="2850389" t="году"><v><l id="72149" t="год"><g v="NOUN"></g><g v="inan"></g><g v="masc"></g><g v="sing"></g><g v="loc2"></g></l></v></tfr></token><token id="575664" text="сократились"><tfr rev_id="1408743" t="сократились"><v><l id="328824" t="сократился"><g v="VERB"></g><g v="perf"></g><g v="intr"></g><g v="plur"></g><g v="past"></g><g v="indc"></g></l></v></tfr></token><token id="575665" text="на"><tfr rev_id="3334512" t="на"><v><l id="166264" t="на"><g v="PREP"></g></l></v></tfr></token><token id="575666" text="40"><tfr rev_id="2461203" t="40"><v><l id="0" t="40"><g v="NUMB"></g></l></v></tfr></token><token id="575667" text="миллионов"><tfr rev_id="1408746" t="миллионов"><v><l id="160260" t="миллион"><g v="NOUN"></g><g v="inan"></g><g v="masc"></g><g v="plur"></g><g v="gent"></g></l></v></tfr></token><token id="575668" text="долларов"><tfr rev_id="3463394" t="долларов"><v><l id="88047" t="доллар"><g v="NOUN"></g><g v="inan"></g><g v="masc"></g><g v="plur"></g><g v="gent"></g></l></v></tfr></token><token id="575669" text="."><tfr rev_id="1408748" t="."><v><l id="0" t="."><g v="PNCT"></g></l></v></tfr></token></tokens></sentence><sentence id="32172"><source>В добавок выяснилось, что один из налогов, который графство взымало в последние годы является незаконным — он был формально отменен законодательным собранием штата ещёв 1999 году.</source><tokens><token id="575670" text="В"><tfr rev_id="1408749" t="В"><v><l id="37409" t="в"><g v="PREP"></g></l></v></tfr></token><token id="575671" text="добавок"><tfr rev_id="1408750" t="добавок"><v><l id="85168" t="добавка"><g v="NOUN"></g><g v="inan"></g><g v="femn"></g><g v="plur"></g><g v="gent"></g></l></v><v><l id="85182" t="добавок"><g v="NOUN"></g><g v="inan"></g><g v="masc"></g><g v="sing"></g><g v="nomn"></g></l></v><v><l id="85182" t="добавок"><g v="NOUN"></g><g v="inan"></g><g v="masc"></g><g v="sing"></g><g v="accs"></g></l></v></tfr></token><token id="575672" text="выяснилось"><tfr rev_id="1408751" t="выяснилось"><v><l id="64907" t="выяснился"><g v="VERB"></g><g v="perf"></g><g v="intr"></g><g v="neut"></g><g v="sing"></g><g v="past"></g><g v="indc"></g></l></v></tfr></token><token id="575673" text=","><tfr rev_id="1408752" t=","><v><l id="0" t=","><g v="PNCT"></g></l></v></tfr></token><token id="575674" text="что"><tfr rev_id="3196578" t="что"><v><l id="377004" t="что"><g v="CONJ"></g></l></v><v><l id="377005" t="что"><g v="NPRO"></g><g v="neut"></g><g v="sing"></g><g v="nomn"></g></l></v><v><l id="377005" t="что"><g v="NPRO"></g><g v="neut"></g><g v="sing"></g><g v="accs"></g></l></v><v><l id="377006" t="что"><g v="ADVB"></g><g v="Ques"></g></l></v><v><l id="388695" t="что"><g v="PRCL"></g></l></v></tfr></token><token id="575675" text="один"><tfr rev_id="4299638" t="один"><v><l id="203319" t="один"><g v="ADJF"></g><g v="Apro"></g><g v="Anum"></g><g v="masc"></g><g v="sing"></g><g v="nomn"></g></l></v><v><l id="203319" t="один"><g v="ADJF"></g><g v="Apro"></g><g v="Anum"></g><g v="inan"></g><g v="masc"></g><g v="sing"></g><g v="accs"></g></l></v></tfr></token><token id="575676" text="из"><tfr rev_id="2603227" t="из"><v><l id="117677" t="из"><g v="PREP"></g></l></v></tfr></token><token id="575677" text="налогов"><tfr rev_id="3450813" t="налогов"><v><l id="172050" t="налог"><g v="NOUN"></g><g v="inan"></g><g v="masc"></g><g v="plur"></g><g v="gent"></g></l></v></tfr></token><token id="575678" text=","><tfr rev_id="1408757" t=","><v><l id="0" t=","><g v="PNCT"></g></l></v></tfr></token><token id="575679" text="который"><tfr rev_id="3637376" t="который"><v><l id="141203" t="который"><g v="ADJF"></g><g v="Apro"></g><g v="Subx"></g><g v="Anph"></g><g v="inan"></g><g v="masc"></g><g v="sing"></g><g v="accs"></g></l></v></tfr></token><token id="575680" text="графство"><tfr rev_id="1408759" t="графство"><v><l id="74836" t="графство"><g v="NOUN"></g><g v="inan"></g><g v="neut"></g><g v="sing"></g><g v="nomn"></g></l></v><v><l id="74836" t="графство"><g v="NOUN"></g><g v="inan"></g><g v="neut"></g><g v="sing"></g><g v="accs"></g></l></v></tfr></token><token id="575681" text="взымало"><tfr rev_id="1408760" t="взымало"><v><l id="0" t="взымало"><g v="UNKN"></g></l></v></tfr></token><token id="575682" text="в"><tfr rev_id="1408761" t="в"><v><l id="37409" t="в"><g v="PREP"></g></l></v></tfr></token><token id="575683" text="последние"><tfr rev_id="3879959" t="последние"><v><l id="261565" t="последний"><g v="ADJF"></g><g v="inan"></g><g v="plur"></g><g v="accs"></g></l></v></tfr></token><token id="575684" text="годы"><tfr rev_id="3727559" t="годы"><v><l id="72149" t="год"><g v="NOUN"></g><g v="inan"></g><g v="masc"></g><g v="plur"></g><g v="accs"></g></l></v></tfr></token><token id="575685" text="является"><tfr rev_id="1408764" t="является"><v><l id="387385" t="являюсь"><g v="VERB"></g><g v="impf"></g><g v="intr"></g><g v="sing"></g><g v="3per"></g><g v="pres"></g><g v="indc"></g></l></v></tfr></token><token id="575686" text="незаконным"><tfr rev_id="4104602" t="незаконным"><v><l id="182226" t="незаконный"><g v="ADJF"></g><g v="Qual"></g><g v="masc"></g><g v="sing"></g><g v="ablt"></g></l></v></tfr></token><token id="575687" text="—"><tfr rev_id="2442661" t="—"><v><l id="0" t="—"><g v="PNCT"></g></l></v></tfr></token><token id="575688" text="он"><tfr rev_id="3575503" t="он"><v><l id="206541" t="он"><g v="NPRO"></g><g v="masc"></g><g v="3per"></g><g v="Anph"></g><g v="sing"></g><g v="nomn"></g></l></v></tfr></token><token id="575689" text="был"><tfr rev_id="1408768" t="был"><v><l id="37265" t="есть"><g v="VERB"></g><g v="impf"></g><g v="intr"></g><g v="masc"></g><g v="sing"></g><g v="past"></g><g v="indc"></g></l></v></tfr></token><token id="575690" text="формально"><tfr rev_id="1408769" t="формально"><v><l id="367124" t="формально"><g v="ADVB"></g></l></v><v><l id="367130" t="формален"><g v="ADJS"></g><g v="Qual"></g><g v="neut"></g><g v="sing"></g></l></v></tfr></token><token id="575691" text="отменен"><tfr rev_id="1408770" t="отменен"><v><l id="215487" t="отменён"><g v="PRTS"></g><g v="perf"></g><g v="past"></g><g v="pssv"></g><g v="masc"></g><g v="sing"></g></l></v><v><l id="215496" t="отменен"><g v="ADJS"></g><g v="Qual"></g><g v="masc"></g><g v="sing"></g><g v="V-en"></g></l></v></tfr></token><token id="575692" text="законодательным"><tfr rev_id="4317858" t="законодательным"><v><l id="103716" t="законодательный"><g v="ADJF"></g><g v="neut"></g><g v="sing"></g><g v="ablt"></g></l></v></tfr></token><token id="575693" text="собранием"><tfr rev_id="1408772" t="собранием"><v><l id="327807" t="собрание"><g v="NOUN"></g><g v="inan"></g><g v="neut"></g><g v="sing"></g><g v="ablt"></g></l></v></tfr></token><token id="575694" text="штата"><tfr rev_id="1408773" t="штата"><v><l id="381334" t="штат"><g v="NOUN"></g><g v="inan"></g><g v="masc"></g><g v="sing"></g><g v="gent"></g></l></v></tfr></token><token id="575695" text="ещё"><tfr rev_id="1408774" t="ещё"><v><l id="95551" t="ещё"><g v="PRCL"></g></l></v><v><l id="95552" t="ещё"><g v="ADVB"></g></l></v></tfr></token><token id="575696" text="в"><tfr rev_id="1408775" t="в"><v><l id="37409" t="в"><g v="PREP"></g></l></v></tfr></token><token id="575697" text="1999"><tfr rev_id="2461204" t="1999"><v><l id="0" t="1999"><g v="NUMB"></g></l></v></tfr></token><token id="575698" text="году"><tfr rev_id="3045975" t="году"><v><l id="72149" t="год"><g v="NOUN"></g><g v="inan"></g><g v="masc"></g><g v="sing"></g><g v="loc2"></g></l></v></tfr></token><token id="575699" text="."><tfr rev_id="1408778" t="."><v><l id="0" t="."><g v="PNCT"></g></l></v></tfr></token></tokens></sentence></paragraph><paragraph id="10229"><sentence id="32173"><source>Многие законодатели, включая избранных от самого графства, называют прошлую политику руководства графства безответственной.</source><tokens><token id="575700" text="Многие"><tfr rev_id="3800443" t="Многие"><v><l id="161427" t="многий"><g v="ADJF"></g><g v="Apro"></g><g v="plur"></g><g v="nomn"></g></l></v></tfr></token><token id="575701" text="законодатели"><tfr rev_id="1408780" t="законодатели"><v><l id="103713" t="законодатель"><g v="NOUN"></g><g v="anim"></g><g v="masc"></g><g v="plur"></g><g v="nomn"></g></l></v></tfr></token><token id="575702" text=","><tfr rev_id="1408781" t=","><v><l id="0" t=","><g v="PNCT"></g></l></v></tfr></token><token id="575703" text="включая"><tfr rev_id="2844694" t="включая"><v><l id="46206" t="включая"><g v="PREP"></g></l></v></tfr></token><token id="575704" text="избранных"><tfr rev_id="1408783" t="избранных"><v><l id="117934" t="избранный"><g v="ADJF"></g><g v="Qual"></g><g v="plur"></g><g v="gent"></g></l></v><v><l id="117934" t="избранный"><g v="ADJF"></g><g v="Qual"></g><g v="anim"></g><g v="plur"></g><g v="accs"></g></l></v><v><l id="117934" t="избранный"><g v="ADJF"></g><g v="Qual"></g><g v="plur"></g><g v="loct"></g></l></v><v><l id="117940" t="избранный"><g v="PRTF"></g><g v="perf"></g><g v="tran"></g><g v="past"></g><g v="pssv"></g><g v="plur"></g><g v="gent"></g></l></v><v><l id="117940" t="избранный"><g v="PRTF"></g><g v="perf"></g><g v="tran"></g><g v="past"></g><g v="pssv"></g><g v="anim"></g><g v="plur"></g><g v="accs"></g></l></v><v><l id="117940" t="избранный"><g v="PRTF"></g><g v="perf"></g><g v="tran"></g><g v="past"></g><g v="pssv"></g><g v="plur"></g><g v="loct"></g></l></v></tfr></token><token id="575705" text="от"><tfr rev_id="1408784" t="от"><v><l id="211644" t="от"><g v="PREP"></g></l></v></tfr></token><token id="575706" text="самого"><tfr rev_id="4165081" t="самого"><v><l id="312034" t="сам"><g v="ADJF"></g><g v="Apro"></g><g v="neut"></g><g v="sing"></g><g v="gent"></g></l></v><v><l id="313174" t="самый"><g v="ADJF"></g><g v="Apro"></g><g v="neut"></g><g v="sing"></g><g v="gent"></g></l></v></tfr></token><token id="575707" text="графства"><tfr rev_id="3493805" t="графства"><v><l id="74836" t="графство"><g v="NOUN"></g><g v="inan"></g><g v="neut"></g><g v="sing"></g><g v="gent"></g></l></v></tfr></token><token id="575708" text=","><tfr rev_id="1408787" t=","><v><l id="0" t=","><g v="PNCT"></g></l></v></tfr></token><token id="575709" text="называют"><tfr rev_id="1408788" t="называют"><v><l id="170473" t="называю"><g v="VERB"></g><g v="impf"></g><g v="tran"></g><g v="plur"></g><g v="3per"></g><g v="pres"></g><g v="indc"></g></l></v></tfr></token><token id="575710" text="прошлую"><tfr rev_id="1408789" t="прошлую"><v><l id="287715" t="прошлый"><g v="ADJF"></g><g v="femn"></g><g v="sing"></g><g v="accs"></g></l></v></tfr></token><token id="575711" text="политику"><tfr rev_id="4336274" t="политику"><v><l id="255853" t="политика"><g v="NOUN"></g><g v="inan"></g><g v="femn"></g><g v="sing"></g><g v="accs"></g></l></v></tfr></token><token id="575712" text="руководства"><tfr rev_id="3433734" t="руководства"><v><l id="310004" t="руководство"><g v="NOUN"></g><g v="inan"></g><g v="neut"></g><g v="sing"></g><g v="gent"></g></l></v></tfr></token><token id="575713" text="графства"><tfr rev_id="3473029" t="графства"><v><l id="74836" t="графство"><g v="NOUN"></g><g v="inan"></g><g v="neut"></g><g v="sing"></g><g v="gent"></g></l></v></tfr></token><token id="575714" text="безответственной"><tfr rev_id="2637271" t="безответственной"><v><l id="26250" t="безответственный"><g v="ADJF"></g><g v="Qual"></g><g v="femn"></g><g v="sing"></g><g v="ablt"></g></l></v></tfr></token><token id="575715" text="."><tfr rev_id="1408794" t="."><v><l id="0" t="."><g v="PNCT"></g></l></v></tfr></token></tokens></sentence><sentence id="32174"><source>Не в последнюю очередь проблемы графства связаны с коррупцией — недавно более двадцати чиновников были осуждены за взяточничество при строительстве новой системы канализации.</source><tokens><token id="575716" text="Не"><tfr rev_id="1408795" t="Не"><v><l id="178876" t="не"><g v="PRCL"></g></l></v></tfr></token><token id="575717" text="в"><tfr rev_id="1408796" t="в"><v><l id="37409" t="в"><g v="PREP"></g></l></v></tfr></token><token id="575718" text="последнюю"><tfr rev_id="1408797" t="последнюю"><v><l id="261565" t="последний"><g v="ADJF"></g><g v="femn"></g><g v="sing"></g><g v="accs"></g></l></v></tfr></token><token id="575719" text="очередь"><tfr rev_id="4107493" t="очередь"><v><l id="221692" t="очередь"><g v="NOUN"></g><g v="inan"></g><g v="femn"></g><g v="sing"></g><g v="accs"></g></l></v></tfr></token><token id="575720" text="проблемы"><tfr rev_id="3792998" t="проблемы"><v><l id="277255" t="проблема"><g v="NOUN"></g><g v="inan"></g><g v="femn"></g><g v="plur"></g><g v="nomn"></g></l></v></tfr></token><token id="575721" text="графства"><tfr rev_id="3432757" t="графства"><v><l id="74836" t="графство"><g v="NOUN"></g><g v="inan"></g><g v="neut"></g><g v="sing"></g><g v="gent"></g></l></v></tfr></token><token id="575722" text="связаны"><tfr rev_id="1408801" t="связаны"><v><l id="316534" t="связан"><g v="PRTS"></g><g v="perf"></g><g v="past"></g><g v="pssv"></g><g v="plur"></g></l></v></tfr></token><token id="575723" text="с"><tfr rev_id="1408802" t="с"><v><l id="311151" t="с"><g v="PREP"></g></l></v></tfr></token><token id="575724" text="коррупцией"><tfr rev_id="1408803" t="коррупцией"><v><l id="140328" t="коррупция"><g v="NOUN"></g><g v="inan"></g><g v="femn"></g><g v="sing"></g><g v="ablt"></g></l></v></tfr></token><token id="575725" text="—"><tfr rev_id="2442662" t="—"><v><l id="0" t="—"><g v="PNCT"></g></l></v></tfr></token><token id="575726" text="недавно"><tfr rev_id="1408805" t="недавно"><v><l id="180623" t="недавно"><g v="ADVB"></g></l></v></tfr></token><token id="575727" text="более"><tfr rev_id="1408806" t="более"><v><l id="32065" t="более"><g v="ADVB"></g></l></v></tfr></token><token id="575728" text="двадцати"><tfr rev_id="4353060" t="двадцати"><v><l id="78791" t="двадцать"><g v="NUMR"></g><g v="gent"></g></l></v></tfr></token><token id="575729" text="чиновников"><tfr rev_id="3538212" t="чиновников"><v><l id="376482" t="чиновник"><g v="NOUN"></g><g v="anim"></g><g v="masc"></g><g v="plur"></g><g v="gent"></g></l></v></tfr></token><token id="575730" text="были"><tfr rev_id="1715947" t="были"><v><l id="37265" t="есть"><g v="VERB"></g><g v="impf"></g><g v="intr"></g><g v="plur"></g><g v="past"></g><g v="indc"></g></l></v></tfr></token><token id="575731" text="осуждены"><tfr rev_id="1408810" t="осуждены"><v><l id="211474" t="осуждён"><g v="PRTS"></g><g v="perf"></g><g v="past"></g><g v="pssv"></g><g v="plur"></g></l></v></tfr></token><token id="575732" text="за"><tfr rev_id="1408811" t="за"><v><l id="98043" t="за"><g v="PREP"></g></l></v></tfr></token><token id="575733" text="взяточничество"><tfr rev_id="4102436" t="взяточничество"><v><l id="44303" t="взяточничество"><g v="NOUN"></g><g v="inan"></g><g v="neut"></g><g v="sing"></g><g v="accs"></g></l></v></tfr></token><token id="575734" text="при"><tfr rev_id="2604556" t="при"><v><l id="268625" t="при"><g v="PREP"></g></l></v></tfr></token><token id="575735" text="строительстве"><tfr rev_id="1408814" t="строительстве"><v><l id="337671" t="строительство"><g v="NOUN"></g><g v="inan"></g><g v="neut"></g><g v="sing"></g><g v="loct"></g></l></v></tfr></token><token id="575736" text="новой"><tfr rev_id="3554116" t="новой"><v><l id="191918" t="новый"><g v="ADJF"></g><g v="Qual"></g><g v="femn"></g><g v="sing"></g><g v="gent"></g></l></v></tfr></token><token id="575737" text="системы"><tfr rev_id="3457866" t="системы"><v><l id="321350" t="система"><g v="NOUN"></g><g v="inan"></g><g v="femn"></g><g v="sing"></g><g v="gent"></g></l></v></tfr></token><token id="575738" text="канализации"><tfr rev_id="4265607" t="канализации"><v><l id="129210" t="канализация"><g v="NOUN"></g><g v="inan"></g><g v="femn"></g><g v="sing"></g><g v="gent"></g></l></v></tfr></token><token id="575739" text="."><tfr rev_id="1408818" t="."><v><l id="0" t="."><g v="PNCT"></g></l></v></tfr></token></tokens></sentence></paragraph></paragraphs></text>