<?xml version="1.0" encoding="utf-8"?><text id="1052" parent="56" name="США нанесут удар по Ирану в ближайшие недели"><tags><tag>url:http://ru.wikinews.org/w/index.php?title=США_нанесут_удар_по_Ирану_в_ближайшие_недели&amp;oldid=73892</tag><tag>Автор:http://ru.wikinews.org/wiki/Участник:Potupin</tag><tag>Дата:01/09</tag><tag>Год:2008</tag><tag>Гео:ВикиКатегория:Иран</tag><tag>Гео:ВикиКатегория:США</tag></tags><paragraphs><paragraph id="10258"><sentence id="32242"><source>Сначала это сообщение, опубликованное в голландской прессе 29 августа, прошло незаметно.</source><tokens><token id="577198" text="Сначала"><tfr rev_id="1410274" t="Сначала"><v><l id="327200" t="сначала"><g v="ADVB"></g></l></v></tfr></token><token id="577199" text="это"><tfr rev_id="4441451" t="это"><v><l id="386574" t="это"><g v="PRCL"></g></l></v><v><l id="386575" t="это"><g v="NPRO"></g><g v="neut"></g><g v="sing"></g><g v="nomn"></g></l></v><v><l id="386575" t="это"><g v="NPRO"></g><g v="neut"></g><g v="sing"></g><g v="accs"></g></l></v><v><l id="386581" t="этот"><g v="ADJF"></g><g v="Subx"></g><g v="Apro"></g><g v="Anph"></g><g v="neut"></g><g v="sing"></g><g v="nomn"></g></l></v><v><l id="386581" t="этот"><g v="ADJF"></g><g v="Subx"></g><g v="Apro"></g><g v="Anph"></g><g v="neut"></g><g v="sing"></g><g v="accs"></g></l></v></tfr></token><token id="577200" text="сообщение"><tfr rev_id="1410276" t="сообщение"><v><l id="329550" t="сообщение"><g v="NOUN"></g><g v="inan"></g><g v="neut"></g><g v="sing"></g><g v="nomn"></g></l></v><v><l id="329550" t="сообщение"><g v="NOUN"></g><g v="inan"></g><g v="neut"></g><g v="sing"></g><g v="accs"></g></l></v></tfr></token><token id="577201" text=","><tfr rev_id="1410277" t=","><v><l id="0" t=","><g v="PNCT"></g></l></v></tfr></token><token id="577202" text="опубликованное"><tfr rev_id="1410278" t="опубликованное"><v><l id="208372" t="опубликованный"><g v="PRTF"></g><g v="perf"></g><g v="tran"></g><g v="past"></g><g v="pssv"></g><g v="neut"></g><g v="sing"></g><g v="nomn"></g></l></v><v><l id="208372" t="опубликованный"><g v="PRTF"></g><g v="perf"></g><g v="tran"></g><g v="past"></g><g v="pssv"></g><g v="neut"></g><g v="sing"></g><g v="accs"></g></l></v></tfr></token><token id="577203" text="в"><tfr rev_id="1410279" t="в"><v><l id="37409" t="в"><g v="PREP"></g></l></v></tfr></token><token id="577204" text="голландской"><tfr rev_id="4166154" t="голландской"><v><l id="72287" t="голландский"><g v="ADJF"></g><g v="femn"></g><g v="sing"></g><g v="loct"></g></l></v></tfr></token><token id="577205" text="прессе"><tfr rev_id="4293277" t="прессе"><v><l id="268254" t="пресса"><g v="NOUN"></g><g v="inan"></g><g v="femn"></g><g v="sing"></g><g v="loct"></g></l></v></tfr></token><token id="577206" text="29"><tfr rev_id="2461220" t="29"><v><l id="0" t="29"><g v="NUMB"></g></l></v></tfr></token><token id="577207" text="августа"><tfr rev_id="3806224" t="августа"><v><l id="2368" t="август"><g v="NOUN"></g><g v="inan"></g><g v="masc"></g><g v="sing"></g><g v="gent"></g></l></v></tfr></token><token id="577208" text=","><tfr rev_id="1410284" t=","><v><l id="0" t=","><g v="PNCT"></g></l></v></tfr></token><token id="577209" text="прошло"><tfr rev_id="4328307" t="прошло"><v><l id="280310" t="прошёл"><g v="VERB"></g><g v="perf"></g><g v="tran"></g><g v="neut"></g><g v="sing"></g><g v="past"></g><g v="indc"></g></l></v></tfr></token><token id="577210" text="незаметно"><tfr rev_id="4092275" t="незаметно"><v><l id="182274" t="незаметно"><g v="ADVB"></g></l></v></tfr></token><token id="577211" text="."><tfr rev_id="1410287" t="."><v><l id="0" t="."><g v="PNCT"></g></l></v></tfr></token></tokens></sentence><sentence id="32243"><source>Но затем оно было подхвачено израильскими органами информации.</source><tokens><token id="577212" text="Но"><tfr rev_id="3486639" t="Но"><v><l id="191429" t="но"><g v="CONJ"></g></l></v></tfr></token><token id="577213" text="затем"><tfr rev_id="1410289" t="затем"><v><l id="111250" t="затем"><g v="ADVB"></g><g v="Dmns"></g></l></v></tfr></token><token id="577214" text="оно"><tfr rev_id="3590765" t="оно"><v><l id="206649" t="оно"><g v="NPRO"></g><g v="neut"></g><g v="3per"></g><g v="Anph"></g><g v="sing"></g><g v="nomn"></g></l></v></tfr></token><token id="577215" text="было"><tfr rev_id="3748886" t="было"><v><l id="37265" t="есть"><g v="VERB"></g><g v="impf"></g><g v="intr"></g><g v="neut"></g><g v="sing"></g><g v="past"></g><g v="indc"></g></l></v></tfr></token><token id="577216" text="подхвачено"><tfr rev_id="1410292" t="подхвачено"><v><l id="252114" t="подхвачен"><g v="PRTS"></g><g v="perf"></g><g v="past"></g><g v="pssv"></g><g v="neut"></g><g v="sing"></g></l></v></tfr></token><token id="577217" text="израильскими"><tfr rev_id="1410293" t="израильскими"><v><l id="120474" t="израильский"><g v="ADJF"></g><g v="plur"></g><g v="ablt"></g></l></v></tfr></token><token id="577218" text="органами"><tfr rev_id="1410294" t="органами"><v><l id="208736" t="орган"><g v="NOUN"></g><g v="inan"></g><g v="masc"></g><g v="plur"></g><g v="ablt"></g></l></v></tfr></token><token id="577219" text="информации"><tfr rev_id="4240339" t="информации"><v><l id="123576" t="информация"><g v="NOUN"></g><g v="inan"></g><g v="femn"></g><g v="sing"></g><g v="gent"></g></l></v></tfr></token><token id="577220" text="."><tfr rev_id="1410296" t="."><v><l id="0" t="."><g v="PNCT"></g></l></v></tfr></token></tokens></sentence></paragraph><paragraph id="10259"><sentence id="32244"><source>Оказывается, разведчикам из Нидерландов, работающих в Иране, стало известно от своих коллег из ЦРУ, что в ближайшие недели США нанесут удар по ядерным объектам Ирана, используя беспилотные летательные аппараты.</source><tokens><token id="577221" text="Оказывается"><tfr rev_id="4213651" t="Оказывается"><v><l id="388704" t="оказывается"><g v="CONJ"></g><g v="Prnt"></g></l></v></tfr></token><token id="577222" text=","><tfr rev_id="1410298" t=","><v><l id="0" t=","><g v="PNCT"></g></l></v></tfr></token><token id="577223" text="разведчикам"><tfr rev_id="1410299" t="разведчикам"><v><l id="292237" t="разведчик"><g v="NOUN"></g><g v="anim"></g><g v="masc"></g><g v="plur"></g><g v="datv"></g></l></v></tfr></token><token id="577224" text="из"><tfr rev_id="2503640" t="из"><v><l id="117677" t="из"><g v="PREP"></g></l></v></tfr></token><token id="577225" text="Нидерландов"><tfr rev_id="1410301" t="Нидерландов"><v><l id="190384" t="нидерланды"><g v="NOUN"></g><g v="inan"></g><g v="GNdr"></g><g v="Pltm"></g><g v="Geox"></g><g v="plur"></g><g v="gent"></g></l></v></tfr></token><token id="577226" text=","><tfr rev_id="1410302" t=","><v><l id="0" t=","><g v="PNCT"></g></l></v></tfr></token><token id="577227" text="работающих"><tfr rev_id="1410303" t="работающих"><v><l id="290504" t="работающий"><g v="PRTF"></g><g v="impf"></g><g v="intr"></g><g v="pres"></g><g v="actv"></g><g v="plur"></g><g v="gent"></g></l></v><v><l id="290504" t="работающий"><g v="PRTF"></g><g v="impf"></g><g v="intr"></g><g v="pres"></g><g v="actv"></g><g v="anim"></g><g v="plur"></g><g v="accs"></g></l></v><v><l id="290504" t="работающий"><g v="PRTF"></g><g v="impf"></g><g v="intr"></g><g v="pres"></g><g v="actv"></g><g v="plur"></g><g v="loct"></g></l></v></tfr></token><token id="577228" text="в"><tfr rev_id="1410304" t="в"><v><l id="37409" t="в"><g v="PREP"></g></l></v></tfr></token><token id="577229" text="Иране"><tfr rev_id="1410305" t="Иране"><v><l id="123907" t="иран"><g v="NOUN"></g><g v="inan"></g><g v="masc"></g><g v="Geox"></g><g v="sing"></g><g v="loct"></g></l></v></tfr></token><token id="577230" text=","><tfr rev_id="1410306" t=","><v><l id="0" t=","><g v="PNCT"></g></l></v></tfr></token><token id="577231" text="стало"><tfr rev_id="1410307" t="стало"><v><l id="335164" t="стал"><g v="VERB"></g><g v="perf"></g><g v="intr"></g><g v="neut"></g><g v="sing"></g><g v="past"></g><g v="indc"></g></l></v></tfr></token><token id="577232" text="известно"><tfr rev_id="1410308" t="известно"><v><l id="118141" t="известно"><g v="CONJ"></g><g v="Prnt"></g></l></v><v><l id="118142" t="известно"><g v="PRED"></g><g v="pres"></g></l></v><v><l id="118146" t="известен"><g v="ADJS"></g><g v="Qual"></g><g v="neut"></g><g v="sing"></g></l></v></tfr></token><token id="577233" text="от"><tfr rev_id="1410309" t="от"><v><l id="211644" t="от"><g v="PREP"></g></l></v></tfr></token><token id="577234" text="своих"><tfr rev_id="3633822" t="своих"><v><l id="316379" t="свой"><g v="ADJF"></g><g v="Apro"></g><g v="Anph"></g><g v="plur"></g><g v="gent"></g></l></v></tfr></token><token id="577235" text="коллег"><tfr rev_id="4527143" t="коллег"><v><l id="136008" t="коллега"><g v="NOUN"></g><g v="anim"></g><g v="ms-f"></g><g v="plur"></g><g v="gent"></g></l></v></tfr></token><token id="577236" text="из"><tfr rev_id="2503533" t="из"><v><l id="117677" t="из"><g v="PREP"></g></l></v></tfr></token><token id="577237" text="ЦРУ"><tfr rev_id="4180263" t="ЦРУ"><v><l id="374251" t="цру"><g v="NOUN"></g><g v="inan"></g><g v="neut"></g><g v="Fixd"></g><g v="Abbr"></g><g v="Sgtm"></g><g v="Orgn"></g><g v="sing"></g><g v="gent"></g></l></v></tfr></token><token id="577238" text=","><tfr rev_id="1410314" t=","><v><l id="0" t=","><g v="PNCT"></g></l></v></tfr></token><token id="577239" text="что"><tfr rev_id="3196586" t="что"><v><l id="377004" t="что"><g v="CONJ"></g></l></v><v><l id="377005" t="что"><g v="NPRO"></g><g v="neut"></g><g v="sing"></g><g v="nomn"></g></l></v><v><l id="377005" t="что"><g v="NPRO"></g><g v="neut"></g><g v="sing"></g><g v="accs"></g></l></v><v><l id="377006" t="что"><g v="ADVB"></g><g v="Ques"></g></l></v><v><l id="388695" t="что"><g v="PRCL"></g></l></v></tfr></token><token id="577240" text="в"><tfr rev_id="1410316" t="в"><v><l id="37409" t="в"><g v="PREP"></g></l></v></tfr></token><token id="577241" text="ближайшие"><tfr rev_id="4430902" t="ближайшие"><v><l id="30857" t="ближайший"><g v="ADJF"></g><g v="Supr"></g><g v="Qual"></g><g v="inan"></g><g v="plur"></g><g v="accs"></g></l></v></tfr></token><token id="577242" text="недели"><tfr rev_id="3807586" t="недели"><v><l id="180718" t="неделя"><g v="NOUN"></g><g v="inan"></g><g v="femn"></g><g v="plur"></g><g v="accs"></g></l></v></tfr></token><token id="577243" text="США"><tfr rev_id="3811348" t="США"><v><l id="341371" t="сша"><g v="NOUN"></g><g v="inan"></g><g v="GNdr"></g><g v="Pltm"></g><g v="Fixd"></g><g v="Abbr"></g><g v="Geox"></g><g v="plur"></g><g v="nomn"></g></l></v><v><l id="341371" t="сша"><g v="NOUN"></g><g v="inan"></g><g v="GNdr"></g><g v="Pltm"></g><g v="Fixd"></g><g v="Abbr"></g><g v="Geox"></g><g v="plur"></g><g v="gent"></g></l></v><v><l id="341371" t="сша"><g v="NOUN"></g><g v="inan"></g><g v="GNdr"></g><g v="Pltm"></g><g v="Fixd"></g><g v="Abbr"></g><g v="Geox"></g><g v="plur"></g><g v="datv"></g></l></v><v><l id="341371" t="сша"><g v="NOUN"></g><g v="inan"></g><g v="GNdr"></g><g v="Pltm"></g><g v="Fixd"></g><g v="Abbr"></g><g v="Geox"></g><g v="plur"></g><g v="accs"></g></l></v><v><l id="341371" t="сша"><g v="NOUN"></g><g v="inan"></g><g v="GNdr"></g><g v="Pltm"></g><g v="Fixd"></g><g v="Abbr"></g><g v="Geox"></g><g v="plur"></g><g v="ablt"></g></l></v><v><l id="341371" t="сша"><g v="NOUN"></g><g v="inan"></g><g v="GNdr"></g><g v="Pltm"></g><g v="Fixd"></g><g v="Abbr"></g><g v="Geox"></g><g v="plur"></g><g v="loct"></g></l></v></tfr></token><token id="577244" text="нанесут"><tfr rev_id="1410320" t="нанесут"><v><l id="172902" t="нанёс"><g v="VERB"></g><g v="perf"></g><g v="tran"></g><g v="plur"></g><g v="3per"></g><g v="futr"></g><g v="indc"></g></l></v></tfr></token><token id="577245" text="удар"><tfr rev_id="3300901" t="удар"><v><l id="354672" t="удар"><g v="NOUN"></g><g v="inan"></g><g v="masc"></g><g v="sing"></g><g v="accs"></g></l></v></tfr></token><token id="577246" text="по"><tfr rev_id="1410322" t="по"><v><l id="241240" t="по"><g v="PREP"></g></l></v></tfr></token><token id="577247" text="ядерным"><tfr rev_id="3488926" t="ядерным"><v><l id="387483" t="ядерный"><g v="ADJF"></g><g v="Qual"></g><g v="plur"></g><g v="datv"></g></l></v></tfr></token><token id="577248" text="объектам"><tfr rev_id="1410324" t="объектам"><v><l id="201809" t="объект"><g v="NOUN"></g><g v="inan"></g><g v="masc"></g><g v="plur"></g><g v="datv"></g></l></v></tfr></token><token id="577249" text="Ирана"><tfr rev_id="1410325" t="Ирана"><v><l id="123907" t="иран"><g v="NOUN"></g><g v="inan"></g><g v="masc"></g><g v="Geox"></g><g v="sing"></g><g v="gent"></g></l></v></tfr></token><token id="577250" text=","><tfr rev_id="1410326" t=","><v><l id="0" t=","><g v="PNCT"></g></l></v></tfr></token><token id="577251" text="используя"><tfr rev_id="1410327" t="используя"><v><l id="125432" t="используя"><g v="GRND"></g><g v="impf"></g><g v="tran"></g><g v="pres"></g></l></v></tfr></token><token id="577252" text="беспилотные"><tfr rev_id="3817062" t="беспилотные"><v><l id="28378" t="беспилотный"><g v="ADJF"></g><g v="inan"></g><g v="plur"></g><g v="accs"></g></l></v></tfr></token><token id="577253" text="летательные"><tfr rev_id="3819041" t="летательные"><v><l id="148666" t="летательный"><g v="ADJF"></g><g v="inan"></g><g v="plur"></g><g v="accs"></g></l></v></tfr></token><token id="577254" text="аппараты"><tfr rev_id="3284733" t="аппараты"><v><l id="15358" t="аппарат"><g v="NOUN"></g><g v="inan"></g><g v="masc"></g><g v="plur"></g><g v="accs"></g></l></v></tfr></token><token id="577255" text="."><tfr rev_id="1410331" t="."><v><l id="0" t="."><g v="PNCT"></g></l></v></tfr></token></tokens></sentence><sentence id="32245"><source>И разведка Нидерландов AIVD в срочном порядке эвакуировала своих агентов с тех объектов, по которым предполагаются удары США.</source><tokens><token id="577256" text="И"><tfr rev_id="3696864" t="И"><v><l id="116949" t="и"><g v="CONJ"></g></l></v></tfr></token><token id="577257" text="разведка"><tfr rev_id="1410333" t="разведка"><v><l id="292217" t="разведка"><g v="NOUN"></g><g v="inan"></g><g v="femn"></g><g v="sing"></g><g v="nomn"></g></l></v></tfr></token><token id="577258" text="Нидерландов"><tfr rev_id="1410334" t="Нидерландов"><v><l id="190384" t="нидерланды"><g v="NOUN"></g><g v="inan"></g><g v="GNdr"></g><g v="Pltm"></g><g v="Geox"></g><g v="plur"></g><g v="gent"></g></l></v></tfr></token><token id="577259" text="AIVD"><tfr rev_id="2474423" t="AIVD"><v><l id="0" t="AIVD"><g v="LATN"></g></l></v></tfr></token><token id="577260" text="в"><tfr rev_id="1410336" t="в"><v><l id="37409" t="в"><g v="PREP"></g></l></v></tfr></token><token id="577261" text="срочном"><tfr rev_id="3449168" t="срочном"><v><l id="333865" t="срочный"><g v="ADJF"></g><g v="Qual"></g><g v="masc"></g><g v="sing"></g><g v="loct"></g></l></v></tfr></token><token id="577262" text="порядке"><tfr rev_id="1410338" t="порядке"><v><l id="260978" t="порядок"><g v="NOUN"></g><g v="inan"></g><g v="masc"></g><g v="sing"></g><g v="loct"></g></l></v></tfr></token><token id="577263" text="эвакуировала"><tfr rev_id="1410339" t="эвакуировала"><v><l id="382717" t="эвакуировал"><g v="VERB"></g><g v="perf"></g><g v="tran"></g><g v="femn"></g><g v="sing"></g><g v="past"></g><g v="indc"></g></l></v><v><l id="382718" t="эвакуирую"><g v="VERB"></g><g v="impf"></g><g v="tran"></g><g v="femn"></g><g v="sing"></g><g v="past"></g><g v="indc"></g></l></v></tfr></token><token id="577264" text="своих"><tfr rev_id="3633823" t="своих"><v><l id="316379" t="свой"><g v="ADJF"></g><g v="Apro"></g><g v="Anph"></g><g v="anim"></g><g v="plur"></g><g v="accs"></g></l></v></tfr></token><token id="577265" text="агентов"><tfr rev_id="3945104" t="агентов"><v><l id="3928" t="агент"><g v="NOUN"></g><g v="anim"></g><g v="masc"></g><g v="plur"></g><g v="accs"></g></l></v></tfr></token><token id="577266" text="с"><tfr rev_id="1410342" t="с"><v><l id="311151" t="с"><g v="PREP"></g></l></v></tfr></token><token id="577267" text="тех"><tfr rev_id="4359337" t="тех"><v><l id="348430" t="тот"><g v="ADJF"></g><g v="Subx"></g><g v="Apro"></g><g v="Anph"></g><g v="plur"></g><g v="gent"></g></l></v></tfr></token><token id="577268" text="объектов"><tfr rev_id="2701012" t="объектов"><v><l id="201809" t="объект"><g v="NOUN"></g><g v="inan"></g><g v="masc"></g><g v="plur"></g><g v="gent"></g></l></v></tfr></token><token id="577269" text=","><tfr rev_id="1410345" t=","><v><l id="0" t=","><g v="PNCT"></g></l></v></tfr></token><token id="577270" text="по"><tfr rev_id="1410346" t="по"><v><l id="241240" t="по"><g v="PREP"></g></l></v></tfr></token><token id="577271" text="которым"><tfr rev_id="3668905" t="которым"><v><l id="141203" t="который"><g v="ADJF"></g><g v="Apro"></g><g v="Subx"></g><g v="Anph"></g><g v="plur"></g><g v="datv"></g></l></v></tfr></token><token id="577272" text="предполагаются"><tfr rev_id="1410348" t="предполагаются"><v><l id="266820" t="предполагаюсь"><g v="VERB"></g><g v="impf"></g><g v="intr"></g><g v="plur"></g><g v="3per"></g><g v="pres"></g><g v="indc"></g></l></v></tfr></token><token id="577273" text="удары"><tfr rev_id="3757513" t="удары"><v><l id="354672" t="удар"><g v="NOUN"></g><g v="inan"></g><g v="masc"></g><g v="plur"></g><g v="nomn"></g></l></v></tfr></token><token id="577274" text="США"><tfr rev_id="3811349" t="США"><v><l id="341371" t="сша"><g v="NOUN"></g><g v="inan"></g><g v="GNdr"></g><g v="Pltm"></g><g v="Fixd"></g><g v="Abbr"></g><g v="Geox"></g><g v="plur"></g><g v="gent"></g></l></v></tfr></token><token id="577275" text="."><tfr rev_id="1410351" t="."><v><l id="0" t="."><g v="PNCT"></g></l></v></tfr></token></tokens></sentence><sentence id="32246"><source>Органы СМИ сочли это важным подтверждением возможной операции.</source><tokens><token id="577276" text="Органы"><tfr rev_id="3756554" t="Органы"><v><l id="208736" t="орган"><g v="NOUN"></g><g v="inan"></g><g v="masc"></g><g v="plur"></g><g v="nomn"></g></l></v></tfr></token><token id="577277" text="СМИ"><tfr rev_id="4489519" t="СМИ"><v><l id="326341" t="сми"><g v="NOUN"></g><g v="inan"></g><g v="GNdr"></g><g v="Pltm"></g><g v="Fixd"></g><g v="Abbr"></g><g v="plur"></g><g v="gent"></g></l></v></tfr></token><token id="577278" text="сочли"><tfr rev_id="1410354" t="сочли"><v><l id="341259" t="счёл"><g v="VERB"></g><g v="perf"></g><g v="tran"></g><g v="plur"></g><g v="past"></g><g v="indc"></g></l></v></tfr></token><token id="577279" text="это"><tfr rev_id="4441452" t="это"><v><l id="386574" t="это"><g v="PRCL"></g></l></v><v><l id="386575" t="это"><g v="NPRO"></g><g v="neut"></g><g v="sing"></g><g v="nomn"></g></l></v><v><l id="386575" t="это"><g v="NPRO"></g><g v="neut"></g><g v="sing"></g><g v="accs"></g></l></v><v><l id="386581" t="этот"><g v="ADJF"></g><g v="Subx"></g><g v="Apro"></g><g v="Anph"></g><g v="neut"></g><g v="sing"></g><g v="nomn"></g></l></v><v><l id="386581" t="этот"><g v="ADJF"></g><g v="Subx"></g><g v="Apro"></g><g v="Anph"></g><g v="neut"></g><g v="sing"></g><g v="accs"></g></l></v></tfr></token><token id="577280" text="важным"><tfr rev_id="4376304" t="важным"><v><l id="37722" t="важный"><g v="ADJF"></g><g v="Qual"></g><g v="neut"></g><g v="sing"></g><g v="ablt"></g></l></v></tfr></token><token id="577281" text="подтверждением"><tfr rev_id="1410357" t="подтверждением"><v><l id="251464" t="подтверждение"><g v="NOUN"></g><g v="inan"></g><g v="neut"></g><g v="sing"></g><g v="ablt"></g></l></v></tfr></token><token id="577282" text="возможной"><tfr rev_id="3823997" t="возможной"><v><l id="49411" t="возможный"><g v="ADJF"></g><g v="Qual"></g><g v="femn"></g><g v="sing"></g><g v="gent"></g></l></v></tfr></token><token id="577283" text="операции"><tfr rev_id="4291875" t="операции"><v><l id="206957" t="операция"><g v="NOUN"></g><g v="inan"></g><g v="femn"></g><g v="sing"></g><g v="gent"></g></l></v></tfr></token><token id="577284" text="."><tfr rev_id="1410360" t="."><v><l id="0" t="."><g v="PNCT"></g></l></v></tfr></token></tokens></sentence></paragraph><paragraph id="10260"><sentence id="32247"><source>Интересно и то, что 29 августа на своем заседании руководство Израиля приняло стратегическое решение считать Иран безъядерной державой и сделать все возможное, чтобы этот статус сохранился у Ирана навсегда…</source><tokens><token id="577285" text="Интересно"><tfr rev_id="1410361" t="Интересно"><v><l id="123170" t="интересно"><g v="ADVB"></g><g v="Prdx"></g></l></v><v><l id="123174" t="интересен"><g v="ADJS"></g><g v="Qual"></g><g v="neut"></g><g v="sing"></g></l></v></tfr></token><token id="577286" text="и"><tfr rev_id="3486544" t="и"><v><l id="116949" t="и"><g v="CONJ"></g></l></v></tfr></token><token id="577287" text="то"><tfr rev_id="3777473" t="то"><v><l id="346835" t="то"><g v="CONJ"></g></l></v><v><l id="346836" t="то"><g v="PRCL"></g></l></v><v><l id="348430" t="тот"><g v="ADJF"></g><g v="Subx"></g><g v="Apro"></g><g v="Anph"></g><g v="neut"></g><g v="sing"></g><g v="nomn"></g></l></v><v><l id="348430" t="тот"><g v="ADJF"></g><g v="Subx"></g><g v="Apro"></g><g v="Anph"></g><g v="neut"></g><g v="sing"></g><g v="accs"></g></l></v></tfr></token><token id="577288" text=","><tfr rev_id="1410364" t=","><v><l id="0" t=","><g v="PNCT"></g></l></v></tfr></token><token id="577289" text="что"><tfr rev_id="3196587" t="что"><v><l id="377004" t="что"><g v="CONJ"></g></l></v><v><l id="377005" t="что"><g v="NPRO"></g><g v="neut"></g><g v="sing"></g><g v="nomn"></g></l></v><v><l id="377005" t="что"><g v="NPRO"></g><g v="neut"></g><g v="sing"></g><g v="accs"></g></l></v><v><l id="377006" t="что"><g v="ADVB"></g><g v="Ques"></g></l></v><v><l id="388695" t="что"><g v="PRCL"></g></l></v></tfr></token><token id="577290" text="29"><tfr rev_id="2461221" t="29"><v><l id="0" t="29"><g v="NUMB"></g></l></v></tfr></token><token id="577291" text="августа"><tfr rev_id="4337672" t="августа"><v><l id="2368" t="август"><g v="NOUN"></g><g v="inan"></g><g v="masc"></g><g v="sing"></g><g v="gent"></g></l></v></tfr></token><token id="577292" text="на"><tfr rev_id="3395275" t="на"><v><l id="166264" t="на"><g v="PREP"></g></l></v></tfr></token><token id="577293" text="своем"><tfr rev_id="4206812" t="своем"><v><l id="316379" t="свой"><g v="ADJF"></g><g v="Apro"></g><g v="Anph"></g><g v="neut"></g><g v="sing"></g><g v="loct"></g></l></v></tfr></token><token id="577294" text="заседании"><tfr rev_id="1410370" t="заседании"><v><l id="109402" t="заседание"><g v="NOUN"></g><g v="inan"></g><g v="neut"></g><g v="sing"></g><g v="loct"></g></l></v></tfr></token><token id="577295" text="руководство"><tfr rev_id="1410371" t="руководство"><v><l id="310004" t="руководство"><g v="NOUN"></g><g v="inan"></g><g v="neut"></g><g v="sing"></g><g v="nomn"></g></l></v><v><l id="310004" t="руководство"><g v="NOUN"></g><g v="inan"></g><g v="neut"></g><g v="sing"></g><g v="accs"></g></l></v></tfr></token><token id="577296" text="Израиля"><tfr rev_id="4337015" t="Израиля"><v><l id="120470" t="израиль"><g v="NOUN"></g><g v="inan"></g><g v="masc"></g><g v="Sgtm"></g><g v="Geox"></g><g v="sing"></g><g v="gent"></g></l></v></tfr></token><token id="577297" text="приняло"><tfr rev_id="1410373" t="приняло"><v><l id="272700" t="принял"><g v="VERB"></g><g v="perf"></g><g v="tran"></g><g v="neut"></g><g v="sing"></g><g v="past"></g><g v="indc"></g></l></v></tfr></token><token id="577298" text="стратегическое"><tfr rev_id="1410374" t="стратегическое"><v><l id="337167" t="стратегический"><g v="ADJF"></g><g v="neut"></g><g v="sing"></g><g v="nomn"></g></l></v><v><l id="337167" t="стратегический"><g v="ADJF"></g><g v="neut"></g><g v="sing"></g><g v="accs"></g></l></v></tfr></token><token id="577299" text="решение"><tfr rev_id="4355411" t="решение"><v><l id="307350" t="решение"><g v="NOUN"></g><g v="inan"></g><g v="neut"></g><g v="sing"></g><g v="accs"></g></l></v></tfr></token><token id="577300" text="считать"><tfr rev_id="1410376" t="считать"><v><l id="341321" t="считать"><g v="INFN"></g><g v="impf"></g><g v="tran"></g></l></v><v><l id="341330" t="считать"><g v="INFN"></g><g v="perf"></g><g v="tran"></g></l></v></tfr></token><token id="577301" text="Иран"><tfr rev_id="1410377" t="Иран"><v><l id="123907" t="иран"><g v="NOUN"></g><g v="inan"></g><g v="masc"></g><g v="Geox"></g><g v="sing"></g><g v="nomn"></g></l></v><v><l id="123907" t="иран"><g v="NOUN"></g><g v="inan"></g><g v="masc"></g><g v="Geox"></g><g v="sing"></g><g v="accs"></g></l></v></tfr></token><token id="577302" text="безъядерной"><tfr rev_id="3556852" t="безъядерной"><v><l id="26495" t="безъядерный"><g v="ADJF"></g><g v="femn"></g><g v="sing"></g><g v="ablt"></g></l></v></tfr></token><token id="577303" text="державой"><tfr rev_id="1410379" t="державой"><v><l id="81717" t="держава"><g v="NOUN"></g><g v="inan"></g><g v="femn"></g><g v="sing"></g><g v="ablt"></g></l></v></tfr></token><token id="577304" text="и"><tfr rev_id="1410380" t="и"><v><l id="116949" t="и"><g v="CONJ"></g></l></v><v><l id="116950" t="и"><g v="INTJ"></g></l></v></tfr></token><token id="577305" text="сделать"><tfr rev_id="1410381" t="сделать"><v><l id="317247" t="сделать"><g v="INFN"></g><g v="perf"></g><g v="tran"></g></l></v></tfr></token><token id="577306" text="все"><tfr rev_id="4537132" t="все"><v><l id="42156" t="весь"><g v="ADJF"></g><g v="Subx"></g><g v="Apro"></g><g v="inan"></g><g v="plur"></g><g v="accs"></g></l></v><v><l id="42156" t="весь"><g v="ADJF"></g><g v="Subx"></g><g v="Apro"></g><g v="neut"></g><g v="sing"></g><g v="accs"></g></l></v><v><l id="42156" t="весь"><g v="ADJF"></g><g v="Subx"></g><g v="Apro"></g><g v="neut"></g><g v="sing"></g><g v="nomn"></g></l></v><v><l id="42156" t="весь"><g v="ADJF"></g><g v="Subx"></g><g v="Apro"></g><g v="plur"></g><g v="nomn"></g></l></v></tfr></token><token id="577307" text="возможное"><tfr rev_id="1410383" t="возможное"><v><l id="49411" t="возможный"><g v="ADJF"></g><g v="Qual"></g><g v="neut"></g><g v="sing"></g><g v="nomn"></g></l></v><v><l id="49411" t="возможный"><g v="ADJF"></g><g v="Qual"></g><g v="neut"></g><g v="sing"></g><g v="accs"></g></l></v></tfr></token><token id="577308" text=","><tfr rev_id="1410384" t=","><v><l id="0" t=","><g v="PNCT"></g></l></v></tfr></token><token id="577309" text="чтобы"><tfr rev_id="1410385" t="чтобы"><v><l id="377013" t="чтобы"><g v="CONJ"></g></l></v><v><l id="377014" t="чтобы"><g v="PRCL"></g></l></v></tfr></token><token id="577310" text="этот"><tfr rev_id="4432066" t="этот"><v><l id="386581" t="этот"><g v="ADJF"></g><g v="Subx"></g><g v="Apro"></g><g v="Anph"></g><g v="masc"></g><g v="sing"></g><g v="nomn"></g></l></v><v><l id="386581" t="этот"><g v="ADJF"></g><g v="Subx"></g><g v="Apro"></g><g v="Anph"></g><g v="inan"></g><g v="masc"></g><g v="sing"></g><g v="accs"></g></l></v></tfr></token><token id="577311" text="статус"><tfr rev_id="3544142" t="статус"><v><l id="335151" t="статус"><g v="NOUN"></g><g v="inan"></g><g v="masc"></g><g v="sing"></g><g v="nomn"></g></l></v></tfr></token><token id="577312" text="сохранился"><tfr rev_id="1410388" t="сохранился"><v><l id="330994" t="сохранился"><g v="VERB"></g><g v="perf"></g><g v="intr"></g><g v="masc"></g><g v="sing"></g><g v="past"></g><g v="indc"></g></l></v></tfr></token><token id="577313" text="у"><tfr rev_id="3417435" t="у"><v><l id="352818" t="у"><g v="PREP"></g></l></v></tfr></token><token id="577314" text="Ирана"><tfr rev_id="1410390" t="Ирана"><v><l id="123907" t="иран"><g v="NOUN"></g><g v="inan"></g><g v="masc"></g><g v="Geox"></g><g v="sing"></g><g v="gent"></g></l></v></tfr></token><token id="577315" text="навсегда"><tfr rev_id="1410391" t="навсегда"><v><l id="167523" t="навсегда"><g v="ADVB"></g></l></v></tfr></token><token id="577316" text="…"><tfr rev_id="2442722" t="…"><v><l id="0" t="…"><g v="PNCT"></g></l></v></tfr></token></tokens></sentence></paragraph><paragraph id="10261"><sentence id="32248"><source>Известно, что и раньше мировые средства массовой информации публиковали предполагаемые даты американских ударов по Ирану, но они так и не сбылись.</source><tokens><token id="577317" text="Известно"><tfr rev_id="1410393" t="Известно"><v><l id="118141" t="известно"><g v="CONJ"></g><g v="Prnt"></g></l></v><v><l id="118142" t="известно"><g v="PRED"></g><g v="pres"></g></l></v><v><l id="118146" t="известен"><g v="ADJS"></g><g v="Qual"></g><g v="neut"></g><g v="sing"></g></l></v></tfr></token><token id="577318" text=","><tfr rev_id="1410394" t=","><v><l id="0" t=","><g v="PNCT"></g></l></v></tfr></token><token id="577319" text="что"><tfr rev_id="3196588" t="что"><v><l id="377004" t="что"><g v="CONJ"></g></l></v><v><l id="377005" t="что"><g v="NPRO"></g><g v="neut"></g><g v="sing"></g><g v="nomn"></g></l></v><v><l id="377005" t="что"><g v="NPRO"></g><g v="neut"></g><g v="sing"></g><g v="accs"></g></l></v><v><l id="377006" t="что"><g v="ADVB"></g><g v="Ques"></g></l></v><v><l id="388695" t="что"><g v="PRCL"></g></l></v></tfr></token><token id="577320" text="и"><tfr rev_id="1410396" t="и"><v><l id="116949" t="и"><g v="CONJ"></g></l></v><v><l id="116950" t="и"><g v="INTJ"></g></l></v></tfr></token><token id="577321" text="раньше"><tfr rev_id="1410397" t="раньше"><v><l id="297968" t="раньше"><g v="COMP"></g></l></v></tfr></token><token id="577322" text="мировые"><tfr rev_id="4151355" t="мировые"><v><l id="160894" t="мировой"><g v="ADJF"></g><g v="plur"></g><g v="nomn"></g></l></v><v><l id="160894" t="мировой"><g v="ADJF"></g><g v="inan"></g><g v="plur"></g><g v="accs"></g></l></v></tfr></token><token id="577323" text="средства"><tfr rev_id="3796661" t="средства"><v><l id="333716" t="средство"><g v="NOUN"></g><g v="inan"></g><g v="neut"></g><g v="plur"></g><g v="nomn"></g></l></v></tfr></token><token id="577324" text="массовой"><tfr rev_id="4166076" t="массовой"><v><l id="156047" t="массовый"><g v="ADJF"></g><g v="femn"></g><g v="sing"></g><g v="gent"></g></l></v></tfr></token><token id="577325" text="информации"><tfr rev_id="3554703" t="информации"><v><l id="123576" t="информация"><g v="NOUN"></g><g v="inan"></g><g v="femn"></g><g v="sing"></g><g v="gent"></g></l></v></tfr></token><token id="577326" text="публиковали"><tfr rev_id="1410402" t="публиковали"><v><l id="288830" t="публикую"><g v="VERB"></g><g v="impf"></g><g v="tran"></g><g v="plur"></g><g v="past"></g><g v="indc"></g></l></v></tfr></token><token id="577327" text="предполагаемые"><tfr rev_id="3684936" t="предполагаемые"><v><l id="266817" t="предполагаемый"><g v="PRTF"></g><g v="impf"></g><g v="tran"></g><g v="pres"></g><g v="pssv"></g><g v="Adjx"></g><g v="plur"></g><g v="nomn"></g></l></v><v><l id="266817" t="предполагаемый"><g v="PRTF"></g><g v="impf"></g><g v="tran"></g><g v="pres"></g><g v="pssv"></g><g v="Adjx"></g><g v="inan"></g><g v="plur"></g><g v="accs"></g></l></v></tfr></token><token id="577328" text="даты"><tfr rev_id="3715337" t="даты"><v><l id="78501" t="дата"><g v="NOUN"></g><g v="inan"></g><g v="femn"></g><g v="plur"></g><g v="accs"></g></l></v></tfr></token><token id="577329" text="американских"><tfr rev_id="4196873" t="американских"><v><l id="11429" t="американский"><g v="ADJF"></g><g v="plur"></g><g v="gent"></g></l></v></tfr></token><token id="577330" text="ударов"><tfr rev_id="1410406" t="ударов"><v><l id="354672" t="удар"><g v="NOUN"></g><g v="inan"></g><g v="masc"></g><g v="plur"></g><g v="gent"></g></l></v></tfr></token><token id="577331" text="по"><tfr rev_id="1410407" t="по"><v><l id="241240" t="по"><g v="PREP"></g></l></v></tfr></token><token id="577332" text="Ирану"><tfr rev_id="1410408" t="Ирану"><v><l id="123907" t="иран"><g v="NOUN"></g><g v="inan"></g><g v="masc"></g><g v="Geox"></g><g v="sing"></g><g v="datv"></g></l></v></tfr></token><token id="577333" text=","><tfr rev_id="1410409" t=","><v><l id="0" t=","><g v="PNCT"></g></l></v></tfr></token><token id="577334" text="но"><tfr rev_id="1410410" t="но"><v><l id="191429" t="но"><g v="CONJ"></g></l></v><v><l id="191430" t="но"><g v="INTJ"></g></l></v></tfr></token><token id="577335" text="они"><tfr rev_id="3599347" t="они"><v><l id="206619" t="они"><g v="NPRO"></g><g v="3per"></g><g v="Anph"></g><g v="plur"></g><g v="nomn"></g></l></v></tfr></token><token id="577336" text="так"><tfr rev_id="1410412" t="так"><v><l id="342451" t="так"><g v="CONJ"></g></l></v><v><l id="342452" t="так"><g v="PRCL"></g></l></v><v><l id="342453" t="так"><g v="ADVB"></g><g v="Dmns"></g></l></v></tfr></token><token id="577337" text="и"><tfr rev_id="1410413" t="и"><v><l id="116949" t="и"><g v="CONJ"></g></l></v><v><l id="116950" t="и"><g v="INTJ"></g></l></v></tfr></token><token id="577338" text="не"><tfr rev_id="1410414" t="не"><v><l id="178876" t="не"><g v="PRCL"></g></l></v></tfr></token><token id="577339" text="сбылись"><tfr rev_id="1410415" t="сбылись"><v><l id="314552" t="сбылся"><g v="VERB"></g><g v="perf"></g><g v="intr"></g><g v="plur"></g><g v="past"></g><g v="indc"></g></l></v></tfr></token><token id="577340" text="."><tfr rev_id="1410416" t="."><v><l id="0" t="."><g v="PNCT"></g></l></v></tfr></token></tokens></sentence><sentence id="32249"><source>Поэтому и к этой информации отношение настороженное и скептическое.</source><tokens><token id="577341" text="Поэтому"><tfr rev_id="1410417" t="Поэтому"><v><l id="265490" t="поэтому"><g v="ADVB"></g></l></v></tfr></token><token id="577342" text="и"><tfr rev_id="1410418" t="и"><v><l id="116949" t="и"><g v="CONJ"></g></l></v><v><l id="116950" t="и"><g v="INTJ"></g></l></v></tfr></token><token id="577343" text="к"><tfr rev_id="1410419" t="к"><v><l id="127460" t="к"><g v="PREP"></g></l></v></tfr></token><token id="577344" text="этой"><tfr rev_id="4437984" t="этой"><v><l id="386581" t="этот"><g v="ADJF"></g><g v="Subx"></g><g v="Apro"></g><g v="Anph"></g><g v="femn"></g><g v="sing"></g><g v="datv"></g></l></v></tfr></token><token id="577345" text="информации"><tfr rev_id="4280857" t="информации"><v><l id="123576" t="информация"><g v="NOUN"></g><g v="inan"></g><g v="femn"></g><g v="sing"></g><g v="datv"></g></l></v></tfr></token><token id="577346" text="отношение"><tfr rev_id="1410422" t="отношение"><v><l id="215944" t="отношение"><g v="NOUN"></g><g v="inan"></g><g v="neut"></g><g v="sing"></g><g v="nomn"></g></l></v><v><l id="215944" t="отношение"><g v="NOUN"></g><g v="inan"></g><g v="neut"></g><g v="sing"></g><g v="accs"></g></l></v></tfr></token><token id="577347" text="настороженное"><tfr rev_id="1410423" t="настороженное"><v><l id="176113" t="настороженный"><g v="ADJF"></g><g v="Qual"></g><g v="neut"></g><g v="sing"></g><g v="nomn"></g><g v="Infr"></g></l></v><v><l id="176113" t="настороженный"><g v="ADJF"></g><g v="Qual"></g><g v="neut"></g><g v="sing"></g><g v="nomn"></g></l></v><v><l id="176113" t="настороженный"><g v="ADJF"></g><g v="Qual"></g><g v="neut"></g><g v="sing"></g><g v="accs"></g><g v="Infr"></g></l></v><v><l id="176113" t="настороженный"><g v="ADJF"></g><g v="Qual"></g><g v="neut"></g><g v="sing"></g><g v="accs"></g></l></v><v><l id="176119" t="насторожённый"><g v="PRTF"></g><g v="perf"></g><g v="tran"></g><g v="past"></g><g v="pssv"></g><g v="neut"></g><g v="sing"></g><g v="nomn"></g></l></v><v><l id="176119" t="насторожённый"><g v="PRTF"></g><g v="perf"></g><g v="tran"></g><g v="past"></g><g v="pssv"></g><g v="neut"></g><g v="sing"></g><g v="accs"></g></l></v></tfr></token><token id="577348" text="и"><tfr rev_id="1410424" t="и"><v><l id="116949" t="и"><g v="CONJ"></g></l></v><v><l id="116950" t="и"><g v="INTJ"></g></l></v></tfr></token><token id="577349" text="скептическое"><tfr rev_id="1410425" t="скептическое"><v><l id="322219" t="скептический"><g v="ADJF"></g><g v="neut"></g><g v="sing"></g><g v="nomn"></g></l></v><v><l id="322219" t="скептический"><g v="ADJF"></g><g v="neut"></g><g v="sing"></g><g v="accs"></g></l></v></tfr></token><token id="577350" text="."><tfr rev_id="1410426" t="."><v><l id="0" t="."><g v="PNCT"></g></l></v></tfr></token></tokens></sentence></paragraph></paragraphs></text>