<?xml version="1.0" encoding="utf-8"?><text id="1055" parent="56" name="В Москве прошел этап велогонок «Кремлёвское кольцо»"><tags><tag>url:http://ru.wikinews.org/w/index.php?title=В_Москве_прошел_этап_велогонок_«Кремлёвское_кольцо»&amp;oldid=55728</tag><tag>Автор:http://ru.wikinews.org/wiki/Участник:Валдес Иванов</tag><tag>Дата:07/05</tag><tag>Год:2011</tag><tag>Тема:ВикиКатегория:Спорт</tag><tag>Гео:ВикиКатегория:Европа</tag><tag>Гео:ВикиКатегория:Россия</tag></tags><paragraphs><paragraph id="10273"><sentence id="32284"><source>7 мая в Москве прошел один из этапов велогонок «Кремлевское кольцо».</source><tokens><token id="577852" text="7"><tfr rev_id="2461242" t="7"><v><l id="0" t="7"><g v="NUMB"></g></l></v></tfr></token><token id="577853" text="мая"><tfr rev_id="4198379" t="мая"><v><l id="153142" t="май"><g v="NOUN"></g><g v="inan"></g><g v="masc"></g><g v="Sgtm"></g><g v="sing"></g><g v="gent"></g></l></v></tfr></token><token id="577854" text="в"><tfr rev_id="1410930" t="в"><v><l id="37409" t="в"><g v="PREP"></g></l></v></tfr></token><token id="577855" text="Москве"><tfr rev_id="3550101" t="Москве"><v><l id="163901" t="москва"><g v="NOUN"></g><g v="inan"></g><g v="femn"></g><g v="Sgtm"></g><g v="Geox"></g><g v="sing"></g><g v="loct"></g></l></v></tfr></token><token id="577856" text="прошел"><tfr rev_id="1410932" t="прошел"><v><l id="280310" t="прошёл"><g v="VERB"></g><g v="perf"></g><g v="tran"></g><g v="masc"></g><g v="sing"></g><g v="past"></g><g v="indc"></g></l></v></tfr></token><token id="577857" text="один"><tfr rev_id="4299642" t="один"><v><l id="203319" t="один"><g v="ADJF"></g><g v="Apro"></g><g v="Anum"></g><g v="masc"></g><g v="sing"></g><g v="nomn"></g></l></v><v><l id="203319" t="один"><g v="ADJF"></g><g v="Apro"></g><g v="Anum"></g><g v="inan"></g><g v="masc"></g><g v="sing"></g><g v="accs"></g></l></v></tfr></token><token id="577858" text="из"><tfr rev_id="1717837" t="из"><v><l id="117677" t="из"><g v="PREP"></g></l></v></tfr></token><token id="577859" text="этапов"><tfr rev_id="1410935" t="этапов"><v><l id="386427" t="этап"><g v="NOUN"></g><g v="inan"></g><g v="masc"></g><g v="plur"></g><g v="gent"></g></l></v></tfr></token><token id="577860" text="велогонок"><tfr rev_id="1410936" t="велогонок"><v><l id="40773" t="велогонка"><g v="NOUN"></g><g v="inan"></g><g v="femn"></g><g v="plur"></g><g v="gent"></g></l></v></tfr></token><token id="577861" text="«"><tfr rev_id="2442725" t="«"><v><l id="0" t="«"><g v="PNCT"></g></l></v></tfr></token><token id="577862" text="Кремлевское"><tfr rev_id="1410938" t="Кремлевское"><v><l id="142277" t="кремлёвский"><g v="ADJF"></g><g v="neut"></g><g v="sing"></g><g v="nomn"></g></l></v><v><l id="142277" t="кремлёвский"><g v="ADJF"></g><g v="neut"></g><g v="sing"></g><g v="accs"></g></l></v></tfr></token><token id="577863" text="кольцо"><tfr rev_id="3301149" t="кольцо"><v><l id="136632" t="кольцо"><g v="NOUN"></g><g v="inan"></g><g v="neut"></g><g v="sing"></g><g v="nomn"></g></l></v></tfr></token><token id="577864" text="»"><tfr rev_id="2442726" t="»"><v><l id="0" t="»"><g v="PNCT"></g></l></v></tfr></token><token id="577865" text="."><tfr rev_id="1410941" t="."><v><l id="0" t="."><g v="PNCT"></g></l></v></tfr></token></tokens></sentence><sentence id="32285"><source>Участники должны были проехать вокруг Кремля 25 раз по улицам:</source><tokens><token id="577866" text="Участники"><tfr rev_id="1410942" t="Участники"><v><l id="363151" t="участник"><g v="NOUN"></g><g v="anim"></g><g v="masc"></g><g v="plur"></g><g v="nomn"></g></l></v></tfr></token><token id="577867" text="должны"><tfr rev_id="2559303" t="должны"><v><l id="87975" t="должен"><g v="ADJS"></g><g v="plur"></g></l></v></tfr></token><token id="577868" text="были"><tfr rev_id="1715850" t="были"><v><l id="37265" t="есть"><g v="VERB"></g><g v="impf"></g><g v="intr"></g><g v="plur"></g><g v="past"></g><g v="indc"></g></l></v></tfr></token><token id="577869" text="проехать"><tfr rev_id="1410945" t="проехать"><v><l id="279603" t="проехать"><g v="INFN"></g><g v="perf"></g><g v="tran"></g></l></v></tfr></token><token id="577870" text="вокруг"><tfr rev_id="4421601" t="вокруг"><v><l id="49813" t="вокруг"><g v="PREP"></g></l></v></tfr></token><token id="577871" text="Кремля"><tfr rev_id="1410947" t="Кремля"><v><l id="142282" t="кремль"><g v="NOUN"></g><g v="inan"></g><g v="masc"></g><g v="sing"></g><g v="gent"></g></l></v></tfr></token><token id="577872" text="25"><tfr rev_id="2461243" t="25"><v><l id="0" t="25"><g v="NUMB"></g></l></v></tfr></token><token id="577873" text="раз"><tfr rev_id="4510973" t="раз"><v><l id="291500" t="раз"><g v="NOUN"></g><g v="inan"></g><g v="masc"></g><g v="plur"></g><g v="gent"></g></l></v></tfr></token><token id="577874" text="по"><tfr rev_id="1410950" t="по"><v><l id="241240" t="по"><g v="PREP"></g></l></v></tfr></token><token id="577875" text="улицам"><tfr rev_id="1410951" t="улицам"><v><l id="356890" t="улица"><g v="NOUN"></g><g v="inan"></g><g v="femn"></g><g v="plur"></g><g v="datv"></g></l></v></tfr></token><token id="577876" text=":"><tfr rev_id="1410952" t=":"><v><l id="0" t=":"><g v="PNCT"></g></l></v></tfr></token></tokens></sentence></paragraph><paragraph id="10274"><sentence id="32286"><source>• Кремлевская набережная</source><tokens><token id="577877" text="•"><tfr rev_id="2442727" t="•"><v><l id="0" t="•"><g v="PNCT"></g></l></v></tfr></token><token id="577878" text="Кремлевская"><tfr rev_id="1410954" t="Кремлевская"><v><l id="142277" t="кремлёвский"><g v="ADJF"></g><g v="femn"></g><g v="sing"></g><g v="nomn"></g></l></v></tfr></token><token id="577879" text="набережная"><tfr rev_id="1410955" t="набережная"><v><l id="166446" t="набережная"><g v="NOUN"></g><g v="inan"></g><g v="femn"></g><g v="sing"></g><g v="nomn"></g></l></v></tfr></token></tokens></sentence><sentence id="32287"><source>• Боровицкая площадь</source><tokens><token id="577880" text="•"><tfr rev_id="2442728" t="•"><v><l id="0" t="•"><g v="PNCT"></g></l></v></tfr></token><token id="577881" text="Боровицкая"><tfr rev_id="1410957" t="Боровицкая"><v><l id="32844" t="боровицкий"><g v="ADJF"></g><g v="femn"></g><g v="sing"></g><g v="nomn"></g></l></v></tfr></token><token id="577882" text="площадь"><tfr rev_id="3547659" t="площадь"><v><l id="240936" t="площадь"><g v="NOUN"></g><g v="inan"></g><g v="femn"></g><g v="sing"></g><g v="nomn"></g></l></v></tfr></token></tokens></sentence><sentence id="32288"><source>• Моховая улица</source><tokens><token id="577883" text="•"><tfr rev_id="2442729" t="•"><v><l id="0" t="•"><g v="PNCT"></g></l></v></tfr></token><token id="577884" text="Моховая"><tfr rev_id="3947729" t="Моховая"><v><l id="164389" t="моховой"><g v="ADJF"></g><g v="femn"></g><g v="sing"></g><g v="nomn"></g></l></v></tfr></token><token id="577885" text="улица"><tfr rev_id="1410961" t="улица"><v><l id="356890" t="улица"><g v="NOUN"></g><g v="inan"></g><g v="femn"></g><g v="sing"></g><g v="nomn"></g></l></v></tfr></token></tokens></sentence><sentence id="32289"><source>• Охотный ряд</source><tokens><token id="577886" text="•"><tfr rev_id="2442730" t="•"><v><l id="0" t="•"><g v="PNCT"></g></l></v></tfr></token><token id="577887" text="Охотный"><tfr rev_id="1410963" t="Охотный"><v><l id="221310" t="охотный"><g v="ADJF"></g><g v="Qual"></g><g v="masc"></g><g v="sing"></g><g v="nomn"></g></l></v><v><l id="221310" t="охотный"><g v="ADJF"></g><g v="Qual"></g><g v="inan"></g><g v="masc"></g><g v="sing"></g><g v="accs"></g></l></v></tfr></token><token id="577888" text="ряд"><tfr rev_id="3300819" t="ряд"><v><l id="311045" t="ряд"><g v="NOUN"></g><g v="inan"></g><g v="masc"></g><g v="sing"></g><g v="nomn"></g></l></v></tfr></token></tokens></sentence><sentence id="32290"><source>• Театральный проезд</source><tokens><token id="577889" text="•"><tfr rev_id="2442731" t="•"><v><l id="0" t="•"><g v="PNCT"></g></l></v></tfr></token><token id="577890" text="Театральный"><tfr rev_id="1410966" t="Театральный"><v><l id="343885" t="театральный"><g v="ADJF"></g><g v="masc"></g><g v="sing"></g><g v="nomn"></g></l></v><v><l id="343885" t="театральный"><g v="ADJF"></g><g v="inan"></g><g v="masc"></g><g v="sing"></g><g v="accs"></g></l></v></tfr></token><token id="577891" text="проезд"><tfr rev_id="4106880" t="проезд"><v><l id="279503" t="проезд"><g v="NOUN"></g><g v="inan"></g><g v="masc"></g><g v="sing"></g><g v="nomn"></g></l></v></tfr></token></tokens></sentence><sentence id="32291"><source>• Лубянский проезд</source><tokens><token id="577892" text="•"><tfr rev_id="2442732" t="•"><v><l id="0" t="•"><g v="PNCT"></g></l></v></tfr></token><token id="577893" text="Лубянский"><tfr rev_id="1410969" t="Лубянский"><v><l id="151250" t="лубянский"><g v="ADJF"></g><g v="masc"></g><g v="sing"></g><g v="nomn"></g></l></v><v><l id="151250" t="лубянский"><g v="ADJF"></g><g v="inan"></g><g v="masc"></g><g v="sing"></g><g v="accs"></g></l></v></tfr></token><token id="577894" text="проезд"><tfr rev_id="3465851" t="проезд"><v><l id="279503" t="проезд"><g v="NOUN"></g><g v="inan"></g><g v="masc"></g><g v="sing"></g><g v="nomn"></g></l></v></tfr></token></tokens></sentence><sentence id="32292"><source>• Старая площадь и Новая</source><tokens><token id="577895" text="•"><tfr rev_id="2442733" t="•"><v><l id="0" t="•"><g v="PNCT"></g></l></v></tfr></token><token id="577896" text="Старая"><tfr rev_id="1410972" t="Старая"><v><l id="335039" t="старый"><g v="ADJF"></g><g v="Qual"></g><g v="femn"></g><g v="sing"></g><g v="nomn"></g></l></v></tfr></token><token id="577897" text="площадь"><tfr rev_id="3861195" t="площадь"><v><l id="240936" t="площадь"><g v="NOUN"></g><g v="inan"></g><g v="femn"></g><g v="sing"></g><g v="nomn"></g></l></v></tfr></token><token id="577898" text="и"><tfr rev_id="3529903" t="и"><v><l id="116949" t="и"><g v="CONJ"></g></l></v></tfr></token><token id="577899" text="Новая"><tfr rev_id="1410975" t="Новая"><v><l id="191918" t="новый"><g v="ADJF"></g><g v="Qual"></g><g v="femn"></g><g v="sing"></g><g v="nomn"></g></l></v></tfr></token></tokens></sentence><sentence id="32293"><source>• Китайгородский проезд</source><tokens><token id="577900" text="•"><tfr rev_id="2442734" t="•"><v><l id="0" t="•"><g v="PNCT"></g></l></v></tfr></token><token id="577901" text="Китайгородский"><tfr rev_id="1410977" t="Китайгородский"><v><l id="133642" t="китайгородский"><g v="NOUN"></g><g v="anim"></g><g v="masc"></g><g v="Sgtm"></g><g v="Surn"></g><g v="sing"></g><g v="nomn"></g></l></v></tfr></token><token id="577902" text="проезд"><tfr rev_id="3706213" t="проезд"><v><l id="279503" t="проезд"><g v="NOUN"></g><g v="inan"></g><g v="masc"></g><g v="sing"></g><g v="nomn"></g></l></v></tfr></token></tokens></sentence><sentence id="32294"><source>• Москворецкая набережная</source><tokens><token id="577903" text="•"><tfr rev_id="2442735" t="•"><v><l id="0" t="•"><g v="PNCT"></g></l></v></tfr></token><token id="577904" text="Москворецкая"><tfr rev_id="1410980" t="Москворецкая"><v><l id="163918" t="москворецкий"><g v="ADJF"></g><g v="femn"></g><g v="sing"></g><g v="nomn"></g></l></v></tfr></token><token id="577905" text="набережная"><tfr rev_id="1410981" t="набережная"><v><l id="166446" t="набережная"><g v="NOUN"></g><g v="inan"></g><g v="femn"></g><g v="sing"></g><g v="nomn"></g></l></v></tfr></token></tokens></sentence></paragraph><paragraph id="10275"><sentence id="32295"><source>Время проведения было выбрано специально до проведения последней репетиции парада Победы.</source><tokens><token id="577906" text="Время"><tfr rev_id="4083434" t="Время"><v><l id="53149" t="время"><g v="NOUN"></g><g v="inan"></g><g v="neut"></g><g v="sing"></g><g v="nomn"></g></l></v></tfr></token><token id="577907" text="проведения"><tfr rev_id="3480286" t="проведения"><v><l id="277705" t="проведение"><g v="NOUN"></g><g v="inan"></g><g v="neut"></g><g v="sing"></g><g v="gent"></g></l></v></tfr></token><token id="577908" text="было"><tfr rev_id="3125125" t="было"><v><l id="37265" t="есть"><g v="VERB"></g><g v="impf"></g><g v="intr"></g><g v="neut"></g><g v="sing"></g><g v="past"></g><g v="indc"></g></l></v></tfr></token><token id="577909" text="выбрано"><tfr rev_id="1410985" t="выбрано"><v><l id="55797" t="выбран"><g v="PRTS"></g><g v="perf"></g><g v="past"></g><g v="pssv"></g><g v="neut"></g><g v="sing"></g></l></v></tfr></token><token id="577910" text="специально"><tfr rev_id="1410986" t="специально"><v><l id="331873" t="специально"><g v="ADVB"></g></l></v><v><l id="331877" t="специален"><g v="ADJS"></g><g v="neut"></g><g v="sing"></g></l></v></tfr></token><token id="577911" text="до"><tfr rev_id="1410987" t="до"><v><l id="85153" t="до"><g v="PREP"></g></l></v></tfr></token><token id="577912" text="проведения"><tfr rev_id="3450202" t="проведения"><v><l id="277705" t="проведение"><g v="NOUN"></g><g v="inan"></g><g v="neut"></g><g v="sing"></g><g v="gent"></g></l></v></tfr></token><token id="577913" text="последней"><tfr rev_id="4380435" t="последней"><v><l id="261565" t="последний"><g v="ADJF"></g><g v="femn"></g><g v="sing"></g><g v="gent"></g></l></v></tfr></token><token id="577914" text="репетиции"><tfr rev_id="4277745" t="репетиции"><v><l id="306528" t="репетиция"><g v="NOUN"></g><g v="inan"></g><g v="femn"></g><g v="sing"></g><g v="gent"></g></l></v></tfr></token><token id="577915" text="парада"><tfr rev_id="1410991" t="парада"><v><l id="223657" t="парад"><g v="NOUN"></g><g v="inan"></g><g v="masc"></g><g v="sing"></g><g v="gent"></g></l></v></tfr></token><token id="577916" text="Победы"><tfr rev_id="3469791" t="Победы"><v><l id="241476" t="победа"><g v="NOUN"></g><g v="inan"></g><g v="femn"></g><g v="sing"></g><g v="gent"></g></l></v></tfr></token><token id="577917" text="."><tfr rev_id="1410993" t="."><v><l id="0" t="."><g v="PNCT"></g></l></v></tfr></token></tokens></sentence><sentence id="32296"><source>В состав участников вошли более 100 человек.</source><tokens><token id="577918" text="В"><tfr rev_id="1410994" t="В"><v><l id="37409" t="в"><g v="PREP"></g></l></v></tfr></token><token id="577919" text="состав"><tfr rev_id="3530702" t="состав"><v><l id="330479" t="состав"><g v="NOUN"></g><g v="inan"></g><g v="masc"></g><g v="sing"></g><g v="accs"></g></l></v></tfr></token><token id="577920" text="участников"><tfr rev_id="2367336" t="участников"><v><l id="363151" t="участник"><g v="NOUN"></g><g v="anim"></g><g v="masc"></g><g v="plur"></g><g v="gent"></g></l></v></tfr></token><token id="577921" text="вошли"><tfr rev_id="1410997" t="вошли"><v><l id="49737" t="вошёл"><g v="VERB"></g><g v="perf"></g><g v="intr"></g><g v="plur"></g><g v="past"></g><g v="indc"></g></l></v></tfr></token><token id="577922" text="более"><tfr rev_id="1410998" t="более"><v><l id="32065" t="более"><g v="ADVB"></g></l></v></tfr></token><token id="577923" text="100"><tfr rev_id="2461244" t="100"><v><l id="0" t="100"><g v="NUMB"></g></l></v></tfr></token><token id="577924" text="человек"><tfr rev_id="3489087" t="человек"><v><l id="375073" t="человек"><g v="NOUN"></g><g v="anim"></g><g v="masc"></g><g v="plur"></g><g v="gent"></g></l></v></tfr></token><token id="577925" text="."><tfr rev_id="1411001" t="."><v><l id="0" t="."><g v="PNCT"></g></l></v></tfr></token></tokens></sentence></paragraph></paragraphs></text>