<?xml version="1.0" encoding="utf-8"?><text id="1065" parent="226" name="Берлускони увидел своего"><tags><tag>url:http://www.chaskor.ru/news/berluskoni_uvidel_svoego</tag><tag>Год:2009</tag><tag>Дата:30/04</tag><tag>Тема:ЧасКор:В мире</tag><tag>Тема:ЧасКор:В мире/В мире</tag></tags><paragraphs><paragraph id="10312"><sentence id="32385"><source>Берлускони увидел своего</source><tokens><token id="579774" text="Берлускони"><tfr rev_id="4326321" t="Берлускони"><v><l id="28001" t="берлускони"><g v="NOUN"></g><g v="anim"></g><g v="ms-f"></g><g v="Fixd"></g><g v="Surn"></g><g v="sing"></g><g v="nomn"></g></l></v></tfr></token><token id="579775" text="увидел"><tfr rev_id="1412851" t="увидел"><v><l id="353630" t="увидел"><g v="VERB"></g><g v="perf"></g><g v="tran"></g><g v="masc"></g><g v="sing"></g><g v="past"></g><g v="indc"></g></l></v></tfr></token><token id="579776" text="своего"><tfr rev_id="3630279" t="своего"><v><l id="316379" t="свой"><g v="ADJF"></g><g v="Apro"></g><g v="Anph"></g><g v="masc"></g><g v="sing"></g><g v="gent"></g></l></v><v><l id="316379" t="свой"><g v="ADJF"></g><g v="Apro"></g><g v="Anph"></g><g v="anim"></g><g v="masc"></g><g v="sing"></g><g v="accs"></g></l></v></tfr></token></tokens></sentence><sentence id="32386"><source>Итоги встречи президентов Белоруссии и Италии.</source><tokens><token id="579777" text="Итоги"><tfr rev_id="3749881" t="Итоги"><v><l id="127141" t="итог"><g v="NOUN"></g><g v="inan"></g><g v="masc"></g><g v="plur"></g><g v="nomn"></g></l></v></tfr></token><token id="579778" text="встречи"><tfr rev_id="3487018" t="встречи"><v><l id="54530" t="встреча"><g v="NOUN"></g><g v="inan"></g><g v="femn"></g><g v="sing"></g><g v="gent"></g></l></v></tfr></token><token id="579779" text="президентов"><tfr rev_id="3540987" t="президентов"><v><l id="267449" t="президент"><g v="NOUN"></g><g v="anim"></g><g v="masc"></g><g v="plur"></g><g v="gent"></g></l></v></tfr></token><token id="579780" text="Белоруссии"><tfr rev_id="3456904" t="Белоруссии"><v><l id="27216" t="белоруссия"><g v="NOUN"></g><g v="inan"></g><g v="femn"></g><g v="Sgtm"></g><g v="Geox"></g><g v="sing"></g><g v="gent"></g></l></v></tfr></token><token id="579781" text="и"><tfr rev_id="1412857" t="и"><v><l id="116949" t="и"><g v="CONJ"></g></l></v><v><l id="116950" t="и"><g v="INTJ"></g></l></v></tfr></token><token id="579782" text="Италии"><tfr rev_id="3456766" t="Италии"><v><l id="127098" t="италия"><g v="NOUN"></g><g v="inan"></g><g v="femn"></g><g v="Sgtm"></g><g v="Geox"></g><g v="sing"></g><g v="gent"></g></l></v></tfr></token><token id="579783" text="."><tfr rev_id="1412859" t="."><v><l id="0" t="."><g v="PNCT"></g></l></v></tfr></token></tokens></sentence></paragraph><paragraph id="10313"><sentence id="32387"><source>Премьер-министр Италии Сильвио Берлускони заявил, что почувствовал в заявлениях президента Беларуси Александра Лукашенко «намерение и желание вернуться в сообщество стран Европы и мира, выйти из изоляции, в которой находится страна».</source><tokens><token id="579784" text="Премьер-министр"><tfr rev_id="1412860" t="Премьер-министр"><v><l id="267776" t="премьер-министр"><g v="NOUN"></g><g v="anim"></g><g v="masc"></g><g v="sing"></g><g v="nomn"></g></l></v></tfr></token><token id="579785" text="Италии"><tfr rev_id="3455419" t="Италии"><v><l id="127098" t="италия"><g v="NOUN"></g><g v="inan"></g><g v="femn"></g><g v="Sgtm"></g><g v="Geox"></g><g v="sing"></g><g v="gent"></g></l></v></tfr></token><token id="579786" text="Сильвио"><tfr rev_id="4285716" t="Сильвио"><v><l id="320506" t="сильвио"><g v="NOUN"></g><g v="anim"></g><g v="masc"></g><g v="Sgtm"></g><g v="Fixd"></g><g v="Name"></g><g v="sing"></g><g v="nomn"></g></l></v></tfr></token><token id="579787" text="Берлускони"><tfr rev_id="4326322" t="Берлускони"><v><l id="28001" t="берлускони"><g v="NOUN"></g><g v="anim"></g><g v="ms-f"></g><g v="Fixd"></g><g v="Surn"></g><g v="sing"></g><g v="nomn"></g></l></v></tfr></token><token id="579788" text="заявил"><tfr rev_id="1412864" t="заявил"><v><l id="114300" t="заявил"><g v="VERB"></g><g v="perf"></g><g v="tran"></g><g v="masc"></g><g v="sing"></g><g v="past"></g><g v="indc"></g></l></v></tfr></token><token id="579789" text=","><tfr rev_id="1412865" t=","><v><l id="0" t=","><g v="PNCT"></g></l></v></tfr></token><token id="579790" text="что"><tfr rev_id="3196611" t="что"><v><l id="377004" t="что"><g v="CONJ"></g></l></v><v><l id="377005" t="что"><g v="NPRO"></g><g v="neut"></g><g v="sing"></g><g v="nomn"></g></l></v><v><l id="377005" t="что"><g v="NPRO"></g><g v="neut"></g><g v="sing"></g><g v="accs"></g></l></v><v><l id="377006" t="что"><g v="ADVB"></g><g v="Ques"></g></l></v><v><l id="388695" t="что"><g v="PRCL"></g></l></v></tfr></token><token id="579791" text="почувствовал"><tfr rev_id="1412867" t="почувствовал"><v><l id="265023" t="почувствовал"><g v="VERB"></g><g v="perf"></g><g v="tran"></g><g v="masc"></g><g v="sing"></g><g v="past"></g><g v="indc"></g></l></v></tfr></token><token id="579792" text="в"><tfr rev_id="1412868" t="в"><v><l id="37409" t="в"><g v="PREP"></g></l></v></tfr></token><token id="579793" text="заявлениях"><tfr rev_id="1412869" t="заявлениях"><v><l id="114311" t="заявление"><g v="NOUN"></g><g v="inan"></g><g v="neut"></g><g v="plur"></g><g v="loct"></g></l></v></tfr></token><token id="579794" text="президента"><tfr rev_id="3676103" t="президента"><v><l id="267449" t="президент"><g v="NOUN"></g><g v="anim"></g><g v="masc"></g><g v="sing"></g><g v="gent"></g></l></v></tfr></token><token id="579795" text="Беларуси"><tfr rev_id="3455259" t="Беларуси"><v><l id="26763" t="беларусь"><g v="NOUN"></g><g v="inan"></g><g v="femn"></g><g v="Sgtm"></g><g v="Geox"></g><g v="sing"></g><g v="gent"></g></l></v></tfr></token><token id="579796" text="Александра"><tfr rev_id="4356504" t="Александра"><v><l id="8527" t="александр"><g v="NOUN"></g><g v="anim"></g><g v="masc"></g><g v="Name"></g><g v="sing"></g><g v="gent"></g></l></v></tfr></token><token id="579797" text="Лукашенко"><tfr rev_id="4326422" t="Лукашенко"><v><l id="151410" t="лукашенко"><g v="NOUN"></g><g v="anim"></g><g v="ms-f"></g><g v="Fixd"></g><g v="Surn"></g><g v="sing"></g><g v="gent"></g></l></v></tfr></token><token id="579798" text="«"><tfr rev_id="2442820" t="«"><v><l id="0" t="«"><g v="PNCT"></g></l></v></tfr></token><token id="579799" text="намерение"><tfr rev_id="4240506" t="намерение"><v><l id="172446" t="намерение"><g v="NOUN"></g><g v="inan"></g><g v="neut"></g><g v="sing"></g><g v="accs"></g></l></v></tfr></token><token id="579800" text="и"><tfr rev_id="1412876" t="и"><v><l id="116949" t="и"><g v="CONJ"></g></l></v><v><l id="116950" t="и"><g v="INTJ"></g></l></v></tfr></token><token id="579801" text="желание"><tfr rev_id="4099689" t="желание"><v><l id="96267" t="желание"><g v="NOUN"></g><g v="inan"></g><g v="neut"></g><g v="sing"></g><g v="accs"></g></l></v></tfr></token><token id="579802" text="вернуться"><tfr rev_id="1412878" t="вернуться"><v><l id="41484" t="вернуться"><g v="INFN"></g><g v="perf"></g><g v="intr"></g></l></v></tfr></token><token id="579803" text="в"><tfr rev_id="1412879" t="в"><v><l id="37409" t="в"><g v="PREP"></g></l></v></tfr></token><token id="579804" text="сообщество"><tfr rev_id="3465456" t="сообщество"><v><l id="329551" t="сообщество"><g v="NOUN"></g><g v="inan"></g><g v="neut"></g><g v="sing"></g><g v="accs"></g></l></v></tfr></token><token id="579805" text="стран"><tfr rev_id="1412881" t="стран"><v><l id="337100" t="страна"><g v="NOUN"></g><g v="inan"></g><g v="femn"></g><g v="plur"></g><g v="gent"></g></l></v></tfr></token><token id="579806" text="Европы"><tfr rev_id="1412882" t="Европы"><v><l id="94019" t="европа"><g v="NOUN"></g><g v="inan"></g><g v="femn"></g><g v="Sgtm"></g><g v="Geox"></g><g v="sing"></g><g v="gent"></g></l></v></tfr></token><token id="579807" text="и"><tfr rev_id="1412883" t="и"><v><l id="116949" t="и"><g v="CONJ"></g></l></v><v><l id="116950" t="и"><g v="INTJ"></g></l></v></tfr></token><token id="579808" text="мира"><tfr rev_id="3723392" t="мира"><v><l id="160807" t="мир"><g v="NOUN"></g><g v="inan"></g><g v="masc"></g><g v="sing"></g><g v="gen1"></g></l></v></tfr></token><token id="579809" text=","><tfr rev_id="1412885" t=","><v><l id="0" t=","><g v="PNCT"></g></l></v></tfr></token><token id="579810" text="выйти"><tfr rev_id="1412886" t="выйти"><v><l id="57750" t="выйти"><g v="INFN"></g><g v="perf"></g><g v="intr"></g></l></v></tfr></token><token id="579811" text="из"><tfr rev_id="1717724" t="из"><v><l id="117677" t="из"><g v="PREP"></g></l></v></tfr></token><token id="579812" text="изоляции"><tfr rev_id="3764644" t="изоляции"><v><l id="120311" t="изоляция"><g v="NOUN"></g><g v="inan"></g><g v="femn"></g><g v="sing"></g><g v="gent"></g></l></v></tfr></token><token id="579813" text=","><tfr rev_id="1412889" t=","><v><l id="0" t=","><g v="PNCT"></g></l></v></tfr></token><token id="579814" text="в"><tfr rev_id="1412890" t="в"><v><l id="37409" t="в"><g v="PREP"></g></l></v></tfr></token><token id="579815" text="которой"><tfr rev_id="4094996" t="которой"><v><l id="141203" t="который"><g v="ADJF"></g><g v="Apro"></g><g v="Subx"></g><g v="Anph"></g><g v="femn"></g><g v="sing"></g><g v="loct"></g></l></v></tfr></token><token id="579816" text="находится"><tfr rev_id="1412892" t="находится"><v><l id="177898" t="нахожусь"><g v="VERB"></g><g v="impf"></g><g v="intr"></g><g v="sing"></g><g v="3per"></g><g v="pres"></g><g v="indc"></g></l></v><v><l id="177903" t="находился"><g v="VERB"></g><g v="perf"></g><g v="intr"></g><g v="sing"></g><g v="3per"></g><g v="futr"></g><g v="indc"></g></l></v></tfr></token><token id="579817" text="страна"><tfr rev_id="1412893" t="страна"><v><l id="337100" t="страна"><g v="NOUN"></g><g v="inan"></g><g v="femn"></g><g v="sing"></g><g v="nomn"></g></l></v></tfr></token><token id="579818" text="»"><tfr rev_id="2442821" t="»"><v><l id="0" t="»"><g v="PNCT"></g></l></v></tfr></token><token id="579819" text="."><tfr rev_id="1412895" t="."><v><l id="0" t="."><g v="PNCT"></g></l></v></tfr></token></tokens></sentence><sentence id="32388"><source>Об этом глава итальянского правительства сообщил во время переговоров с польским коллегой Дональдом Туском.</source><tokens><token id="579820" text="Об"><tfr rev_id="2921197" t="Об"><v><l id="192977" t="о"><g v="PREP"></g><g v="Vpre"></g></l></v></tfr></token><token id="579821" text="этом"><tfr rev_id="3272886" t="этом"><v><l id="386575" t="это"><g v="NPRO"></g><g v="neut"></g><g v="sing"></g><g v="loct"></g></l></v></tfr></token><token id="579822" text="глава"><tfr rev_id="4572175" t="глава"><v><l id="70790" t="глава"><g v="NOUN"></g><g v="anim"></g><g v="ms-f"></g><g v="sing"></g><g v="nomn"></g></l></v></tfr></token><token id="579823" text="итальянского"><tfr rev_id="3454333" t="итальянского"><v><l id="127104" t="итальянский"><g v="ADJF"></g><g v="neut"></g><g v="sing"></g><g v="gent"></g></l></v></tfr></token><token id="579824" text="правительства"><tfr rev_id="3448336" t="правительства"><v><l id="265638" t="правительство"><g v="NOUN"></g><g v="inan"></g><g v="neut"></g><g v="sing"></g><g v="gent"></g></l></v></tfr></token><token id="579825" text="сообщил"><tfr rev_id="1412901" t="сообщил"><v><l id="329556" t="сообщил"><g v="VERB"></g><g v="perf"></g><g v="tran"></g><g v="masc"></g><g v="sing"></g><g v="past"></g><g v="indc"></g></l></v></tfr></token><token id="579826" text="во"><tfr rev_id="2920216" t="во"><v><l id="37409" t="в"><g v="PREP"></g><g v="Vpre"></g></l></v></tfr></token><token id="579827" text="время"><tfr rev_id="3430732" t="время"><v><l id="53149" t="время"><g v="NOUN"></g><g v="inan"></g><g v="neut"></g><g v="sing"></g><g v="accs"></g></l></v></tfr></token><token id="579828" text="переговоров"><tfr rev_id="1412904" t="переговоров"><v><l id="227793" t="переговоры"><g v="NOUN"></g><g v="inan"></g><g v="GNdr"></g><g v="Pltm"></g><g v="plur"></g><g v="gent"></g></l></v></tfr></token><token id="579829" text="с"><tfr rev_id="1412905" t="с"><v><l id="311151" t="с"><g v="PREP"></g></l></v></tfr></token><token id="579830" text="польским"><tfr rev_id="4309601" t="польским"><v><l id="257099" t="польский"><g v="ADJF"></g><g v="masc"></g><g v="sing"></g><g v="ablt"></g></l></v></tfr></token><token id="579831" text="коллегой"><tfr rev_id="4527113" t="коллегой"><v><l id="136008" t="коллега"><g v="NOUN"></g><g v="anim"></g><g v="ms-f"></g><g v="sing"></g><g v="ablt"></g></l></v></tfr></token><token id="579832" text="Дональдом"><tfr rev_id="1412908" t="Дональдом"><v><l id="88612" t="дональд"><g v="NOUN"></g><g v="anim"></g><g v="masc"></g><g v="Name"></g><g v="sing"></g><g v="ablt"></g></l></v></tfr></token><token id="579833" text="Туском"><tfr rev_id="4507176" t="Туском"><v><l id="390933" t="туск"><g v="NOUN"></g><g v="anim"></g><g v="masc"></g><g v="Sgtm"></g><g v="Surn"></g><g v="sing"></g><g v="ablt"></g></l></v></tfr></token><token id="579834" text="."><tfr rev_id="1412910" t="."><v><l id="0" t="."><g v="PNCT"></g></l></v></tfr></token></tokens></sentence></paragraph><paragraph id="10314"><sentence id="32389"><source>«Настал момент призвать Беларусь поднять свой уровень демократии ближе к европейскому», — передает БелаПАН слова Сильвио Бурлускони.</source><tokens><token id="579835" text="«"><tfr rev_id="2442822" t="«"><v><l id="0" t="«"><g v="PNCT"></g></l></v></tfr></token><token id="579836" text="Настал"><tfr rev_id="1412912" t="Настал"><v><l id="175990" t="настал"><g v="VERB"></g><g v="perf"></g><g v="intr"></g><g v="masc"></g><g v="sing"></g><g v="past"></g><g v="indc"></g></l></v></tfr></token><token id="579837" text="момент"><tfr rev_id="1412913" t="момент"><v><l id="163050" t="момент"><g v="NOUN"></g><g v="inan"></g><g v="masc"></g><g v="sing"></g><g v="nomn"></g></l></v><v><l id="163050" t="момент"><g v="NOUN"></g><g v="inan"></g><g v="masc"></g><g v="sing"></g><g v="accs"></g></l></v></tfr></token><token id="579838" text="призвать"><tfr rev_id="1412914" t="призвать"><v><l id="270565" t="призвать"><g v="INFN"></g><g v="perf"></g><g v="tran"></g></l></v></tfr></token><token id="579839" text="Беларусь"><tfr rev_id="1412915" t="Беларусь"><v><l id="26763" t="беларусь"><g v="NOUN"></g><g v="inan"></g><g v="femn"></g><g v="Sgtm"></g><g v="Geox"></g><g v="sing"></g><g v="nomn"></g></l></v><v><l id="26763" t="беларусь"><g v="NOUN"></g><g v="inan"></g><g v="femn"></g><g v="Sgtm"></g><g v="Geox"></g><g v="sing"></g><g v="accs"></g></l></v></tfr></token><token id="579840" text="поднять"><tfr rev_id="1412916" t="поднять"><v><l id="248247" t="поднять"><g v="INFN"></g><g v="perf"></g><g v="tran"></g></l></v></tfr></token><token id="579841" text="свой"><tfr rev_id="3629865" t="свой"><v><l id="316379" t="свой"><g v="ADJF"></g><g v="Apro"></g><g v="Anph"></g><g v="masc"></g><g v="sing"></g><g v="nomn"></g></l></v><v><l id="316379" t="свой"><g v="ADJF"></g><g v="Apro"></g><g v="Anph"></g><g v="inan"></g><g v="masc"></g><g v="sing"></g><g v="accs"></g></l></v></tfr></token><token id="579842" text="уровень"><tfr rev_id="4105207" t="уровень"><v><l id="359953" t="уровень"><g v="NOUN"></g><g v="inan"></g><g v="masc"></g><g v="sing"></g><g v="accs"></g></l></v></tfr></token><token id="579843" text="демократии"><tfr rev_id="4101813" t="демократии"><v><l id="80998" t="демократия"><g v="NOUN"></g><g v="inan"></g><g v="femn"></g><g v="sing"></g><g v="gent"></g></l></v></tfr></token><token id="579844" text="ближе"><tfr rev_id="1412920" t="ближе"><v><l id="30859" t="ближе"><g v="COMP"></g><g v="Qual"></g></l></v></tfr></token><token id="579845" text="к"><tfr rev_id="1412921" t="к"><v><l id="127460" t="к"><g v="PREP"></g></l></v></tfr></token><token id="579846" text="европейскому"><tfr rev_id="3470213" t="европейскому"><v><l id="94034" t="европейский"><g v="ADJF"></g><g v="masc"></g><g v="sing"></g><g v="datv"></g></l></v></tfr></token><token id="579847" text="»"><tfr rev_id="2442823" t="»"><v><l id="0" t="»"><g v="PNCT"></g></l></v></tfr></token><token id="579848" text=","><tfr rev_id="1412924" t=","><v><l id="0" t=","><g v="PNCT"></g></l></v></tfr></token><token id="579849" text="—"><tfr rev_id="2442824" t="—"><v><l id="0" t="—"><g v="PNCT"></g></l></v></tfr></token><token id="579850" text="передает"><tfr rev_id="1412926" t="передает"><v><l id="228101" t="передаю"><g v="VERB"></g><g v="impf"></g><g v="tran"></g><g v="sing"></g><g v="3per"></g><g v="pres"></g><g v="indc"></g></l></v><v><l id="228108" t="передавал"><g v="VERB"></g><g v="perf"></g><g v="tran"></g><g v="sing"></g><g v="3per"></g><g v="futr"></g><g v="indc"></g></l></v></tfr></token><token id="579851" text="БелаПАН"><tfr rev_id="1412927" t="БелаПАН"><v><l id="0" t="белапан"><g v="UNKN"></g></l></v></tfr></token><token id="579852" text="слова"><tfr rev_id="3805278" t="слова"><v><l id="325168" t="слово"><g v="NOUN"></g><g v="inan"></g><g v="neut"></g><g v="plur"></g><g v="accs"></g></l></v></tfr></token><token id="579853" text="Сильвио"><tfr rev_id="3509257" t="Сильвио"><v><l id="320506" t="сильвио"><g v="NOUN"></g><g v="anim"></g><g v="masc"></g><g v="Sgtm"></g><g v="Fixd"></g><g v="Name"></g><g v="sing"></g><g v="gent"></g></l></v></tfr></token><token id="579854" text="Бурлускони"><tfr rev_id="1412930" t="Бурлускони"><v><l id="0" t="бурлускони"><g v="UNKN"></g></l></v></tfr></token><token id="579855" text="."><tfr rev_id="1412931" t="."><v><l id="0" t="."><g v="PNCT"></g></l></v></tfr></token></tokens></sentence></paragraph><paragraph id="10315"><sentence id="32390"><source>Премьер-министр Италии отметил, что он встретился с белорусским президентом потому, что «диалог всегда предпочтительней, лучше встречаться и обмениваться мнениями».</source><tokens><token id="579856" text="Премьер-министр"><tfr rev_id="1412932" t="Премьер-министр"><v><l id="267776" t="премьер-министр"><g v="NOUN"></g><g v="anim"></g><g v="masc"></g><g v="sing"></g><g v="nomn"></g></l></v></tfr></token><token id="579857" text="Италии"><tfr rev_id="2782155" t="Италии"><v><l id="127098" t="италия"><g v="NOUN"></g><g v="inan"></g><g v="femn"></g><g v="Sgtm"></g><g v="Geox"></g><g v="sing"></g><g v="gent"></g></l></v></tfr></token><token id="579858" text="отметил"><tfr rev_id="1412934" t="отметил"><v><l id="215584" t="отметил"><g v="VERB"></g><g v="perf"></g><g v="tran"></g><g v="masc"></g><g v="sing"></g><g v="past"></g><g v="indc"></g></l></v></tfr></token><token id="579859" text=","><tfr rev_id="1412935" t=","><v><l id="0" t=","><g v="PNCT"></g></l></v></tfr></token><token id="579860" text="что"><tfr rev_id="3196612" t="что"><v><l id="377004" t="что"><g v="CONJ"></g></l></v><v><l id="377005" t="что"><g v="NPRO"></g><g v="neut"></g><g v="sing"></g><g v="nomn"></g></l></v><v><l id="377005" t="что"><g v="NPRO"></g><g v="neut"></g><g v="sing"></g><g v="accs"></g></l></v><v><l id="377006" t="что"><g v="ADVB"></g><g v="Ques"></g></l></v><v><l id="388695" t="что"><g v="PRCL"></g></l></v></tfr></token><token id="579861" text="он"><tfr rev_id="3575507" t="он"><v><l id="206541" t="он"><g v="NPRO"></g><g v="masc"></g><g v="3per"></g><g v="Anph"></g><g v="sing"></g><g v="nomn"></g></l></v></tfr></token><token id="579862" text="встретился"><tfr rev_id="1412938" t="встретился"><v><l id="54526" t="встретился"><g v="VERB"></g><g v="perf"></g><g v="intr"></g><g v="masc"></g><g v="sing"></g><g v="past"></g><g v="indc"></g></l></v></tfr></token><token id="579863" text="с"><tfr rev_id="1412939" t="с"><v><l id="311151" t="с"><g v="PREP"></g></l></v></tfr></token><token id="579864" text="белорусским"><tfr rev_id="4412382" t="белорусским"><v><l id="27217" t="белорусский"><g v="ADJF"></g><g v="masc"></g><g v="sing"></g><g v="ablt"></g></l></v></tfr></token><token id="579865" text="президентом"><tfr rev_id="1412941" t="президентом"><v><l id="267449" t="президент"><g v="NOUN"></g><g v="anim"></g><g v="masc"></g><g v="sing"></g><g v="ablt"></g></l></v></tfr></token><token id="579866" text="потому"><tfr rev_id="1412942" t="потому"><v><l id="263335" t="потому"><g v="ADVB"></g><g v="Dmns"></g></l></v></tfr></token><token id="579867" text=","><tfr rev_id="1412943" t=","><v><l id="0" t=","><g v="PNCT"></g></l></v></tfr></token><token id="579868" text="что"><tfr rev_id="3196613" t="что"><v><l id="377004" t="что"><g v="CONJ"></g></l></v><v><l id="377005" t="что"><g v="NPRO"></g><g v="neut"></g><g v="sing"></g><g v="nomn"></g></l></v><v><l id="377005" t="что"><g v="NPRO"></g><g v="neut"></g><g v="sing"></g><g v="accs"></g></l></v><v><l id="377006" t="что"><g v="ADVB"></g><g v="Ques"></g></l></v><v><l id="388695" t="что"><g v="PRCL"></g></l></v></tfr></token><token id="579869" text="«"><tfr rev_id="2442825" t="«"><v><l id="0" t="«"><g v="PNCT"></g></l></v></tfr></token><token id="579870" text="диалог"><tfr rev_id="3430777" t="диалог"><v><l id="83393" t="диалог"><g v="NOUN"></g><g v="inan"></g><g v="masc"></g><g v="sing"></g><g v="nomn"></g></l></v></tfr></token><token id="579871" text="всегда"><tfr rev_id="1412947" t="всегда"><v><l id="53369" t="всегда"><g v="ADVB"></g></l></v></tfr></token><token id="579872" text="предпочтительней"><tfr rev_id="1412948" t="предпочтительней"><v><l id="266890" t="предпочтительнее"><g v="COMP"></g><g v="Qual"></g><g v="V-ej"></g></l></v></tfr></token><token id="579873" text=","><tfr rev_id="1412949" t=","><v><l id="0" t=","><g v="PNCT"></g></l></v></tfr></token><token id="579874" text="лучше"><tfr rev_id="1412950" t="лучше"><v><l id="151661" t="лучше"><g v="PRCL"></g></l></v><v><l id="371670" t="лучше"><g v="COMP"></g><g v="Qual"></g></l></v></tfr></token><token id="579875" text="встречаться"><tfr rev_id="1412951" t="встречаться"><v><l id="54540" t="встречаться"><g v="INFN"></g><g v="impf"></g><g v="intr"></g></l></v></tfr></token><token id="579876" text="и"><tfr rev_id="3692885" t="и"><v><l id="116949" t="и"><g v="CONJ"></g></l></v></tfr></token><token id="579877" text="обмениваться"><tfr rev_id="1412953" t="обмениваться"><v><l id="197163" t="обмениваться"><g v="INFN"></g><g v="impf"></g><g v="intr"></g></l></v></tfr></token><token id="579878" text="мнениями"><tfr rev_id="1412954" t="мнениями"><v><l id="161395" t="мнение"><g v="NOUN"></g><g v="inan"></g><g v="neut"></g><g v="plur"></g><g v="ablt"></g></l></v></tfr></token><token id="579879" text="»"><tfr rev_id="2442826" t="»"><v><l id="0" t="»"><g v="PNCT"></g></l></v></tfr></token><token id="579880" text="."><tfr rev_id="1412956" t="."><v><l id="0" t="."><g v="PNCT"></g></l></v></tfr></token></tokens></sentence></paragraph></paragraphs></text>