<?xml version="1.0" encoding="utf-8"?><text id="1073" parent="226" name="23759 Белый дом отчитался перед конгрессом о войне в Ливии"><tags><tag>url:http://www.chaskor.ru/news/belyj_dom_otchitalsya_pered_kongressom_o_vojne_v_livii_23759</tag><tag>Год:2011</tag><tag>Дата:16/06</tag><tag>Тема:ЧасКор:В мире</tag><tag>Тема:ЧасКор:В мире/США и Канада</tag></tags><paragraphs><paragraph id="10409"><sentence id="32660"><source>Белый дом отчитался перед конгрессом о войне в Ливии</source><tokens><token id="584946" text="Белый"><tfr rev_id="1418020" t="Белый"><v><l id="27334" t="белый"><g v="ADJF"></g><g v="Qual"></g><g v="masc"></g><g v="sing"></g><g v="nomn"></g></l></v><v><l id="27334" t="белый"><g v="ADJF"></g><g v="Qual"></g><g v="inan"></g><g v="masc"></g><g v="sing"></g><g v="accs"></g></l></v></tfr></token><token id="584947" text="дом"><tfr rev_id="3720287" t="дом"><v><l id="88152" t="дом"><g v="NOUN"></g><g v="inan"></g><g v="masc"></g><g v="sing"></g><g v="nomn"></g></l></v></tfr></token><token id="584948" text="отчитался"><tfr rev_id="1418022" t="отчитался"><v><l id="220179" t="отчитался"><g v="VERB"></g><g v="perf"></g><g v="intr"></g><g v="masc"></g><g v="sing"></g><g v="past"></g><g v="indc"></g></l></v></tfr></token><token id="584949" text="перед"><tfr rev_id="2603748" t="перед"><v><l id="228071" t="перед"><g v="PREP"></g></l></v></tfr></token><token id="584950" text="конгрессом"><tfr rev_id="1418024" t="конгрессом"><v><l id="137668" t="конгресс"><g v="NOUN"></g><g v="inan"></g><g v="masc"></g><g v="sing"></g><g v="ablt"></g></l></v></tfr></token><token id="584951" text="о"><tfr rev_id="3326293" t="о"><v><l id="192977" t="о"><g v="PREP"></g></l></v></tfr></token><token id="584952" text="войне"><tfr rev_id="2605719" t="войне"><v><l id="49721" t="война"><g v="NOUN"></g><g v="inan"></g><g v="femn"></g><g v="sing"></g><g v="loct"></g></l></v></tfr></token><token id="584953" text="в"><tfr rev_id="1418027" t="в"><v><l id="37409" t="в"><g v="PREP"></g></l></v></tfr></token><token id="584954" text="Ливии"><tfr rev_id="3455206" t="Ливии"><v><l id="148960" t="ливия"><g v="NOUN"></g><g v="inan"></g><g v="femn"></g><g v="Sgtm"></g><g v="Geox"></g><g v="sing"></g><g v="loct"></g></l></v></tfr></token></tokens></sentence><sentence id="32661"><source>Депутаты считают, что Барак Обама нарушил конституцию, начав военные действия против Каддафи без их одобрения.</source><tokens><token id="584955" text="Депутаты"><tfr rev_id="1418029" t="Депутаты"><v><l id="81561" t="депутат"><g v="NOUN"></g><g v="anim"></g><g v="masc"></g><g v="plur"></g><g v="nomn"></g></l></v></tfr></token><token id="584956" text="считают"><tfr rev_id="1418030" t="считают"><v><l id="341320" t="считаю"><g v="VERB"></g><g v="impf"></g><g v="tran"></g><g v="plur"></g><g v="3per"></g><g v="pres"></g><g v="indc"></g></l></v><v><l id="341329" t="считал"><g v="VERB"></g><g v="perf"></g><g v="tran"></g><g v="plur"></g><g v="3per"></g><g v="futr"></g><g v="indc"></g></l></v></tfr></token><token id="584957" text=","><tfr rev_id="1418031" t=","><v><l id="0" t=","><g v="PNCT"></g></l></v></tfr></token><token id="584958" text="что"><tfr rev_id="3196662" t="что"><v><l id="377004" t="что"><g v="CONJ"></g></l></v><v><l id="377005" t="что"><g v="NPRO"></g><g v="neut"></g><g v="sing"></g><g v="nomn"></g></l></v><v><l id="377005" t="что"><g v="NPRO"></g><g v="neut"></g><g v="sing"></g><g v="accs"></g></l></v><v><l id="377006" t="что"><g v="ADVB"></g><g v="Ques"></g></l></v><v><l id="388695" t="что"><g v="PRCL"></g></l></v></tfr></token><token id="584959" text="Барак"><tfr rev_id="4282350" t="Барак"><v><l id="23706" t="барак"><g v="NOUN"></g><g v="anim"></g><g v="masc"></g><g v="Name"></g><g v="sing"></g><g v="nomn"></g></l></v></tfr></token><token id="584960" text="Обама"><tfr rev_id="4576069" t="Обама"><v><l id="388472" t="обама"><g v="NOUN"></g><g v="anim"></g><g v="ms-f"></g><g v="Sgtm"></g><g v="Surn"></g><g v="sing"></g><g v="nomn"></g></l></v></tfr></token><token id="584961" text="нарушил"><tfr rev_id="1418035" t="нарушил"><v><l id="174887" t="нарушил"><g v="VERB"></g><g v="perf"></g><g v="tran"></g><g v="masc"></g><g v="sing"></g><g v="past"></g><g v="indc"></g></l></v></tfr></token><token id="584962" text="конституцию"><tfr rev_id="1418036" t="конституцию"><v><l id="138243" t="конституция"><g v="NOUN"></g><g v="inan"></g><g v="femn"></g><g v="sing"></g><g v="accs"></g></l></v></tfr></token><token id="584963" text=","><tfr rev_id="1418037" t=","><v><l id="0" t=","><g v="PNCT"></g></l></v></tfr></token><token id="584964" text="начав"><tfr rev_id="1418038" t="начав"><v><l id="178229" t="начав"><g v="GRND"></g><g v="perf"></g><g v="tran"></g><g v="past"></g></l></v></tfr></token><token id="584965" text="военные"><tfr rev_id="4494161" t="военные"><v><l id="48619" t="военный"><g v="ADJF"></g><g v="plur"></g><g v="nomn"></g></l></v><v><l id="48619" t="военный"><g v="ADJF"></g><g v="inan"></g><g v="plur"></g><g v="accs"></g></l></v></tfr></token><token id="584966" text="действия"><tfr rev_id="3796792" t="действия"><v><l id="80091" t="действие"><g v="NOUN"></g><g v="inan"></g><g v="neut"></g><g v="plur"></g><g v="accs"></g></l></v></tfr></token><token id="584967" text="против"><tfr rev_id="4485405" t="против"><v><l id="285790" t="против"><g v="PREP"></g></l></v></tfr></token><token id="584968" text="Каддафи"><tfr rev_id="4327232" t="Каддафи"><v><l id="388626" t="каддафи"><g v="NOUN"></g><g v="anim"></g><g v="ms-f"></g><g v="Fixd"></g><g v="Surn"></g><g v="sing"></g><g v="nomn"></g></l></v><v><l id="388626" t="каддафи"><g v="NOUN"></g><g v="anim"></g><g v="ms-f"></g><g v="Fixd"></g><g v="Surn"></g><g v="sing"></g><g v="gent"></g></l></v><v><l id="388626" t="каддафи"><g v="NOUN"></g><g v="anim"></g><g v="ms-f"></g><g v="Fixd"></g><g v="Surn"></g><g v="sing"></g><g v="datv"></g></l></v><v><l id="388626" t="каддафи"><g v="NOUN"></g><g v="anim"></g><g v="ms-f"></g><g v="Fixd"></g><g v="Surn"></g><g v="sing"></g><g v="accs"></g></l></v><v><l id="388626" t="каддафи"><g v="NOUN"></g><g v="anim"></g><g v="ms-f"></g><g v="Fixd"></g><g v="Surn"></g><g v="sing"></g><g v="ablt"></g></l></v><v><l id="388626" t="каддафи"><g v="NOUN"></g><g v="anim"></g><g v="ms-f"></g><g v="Fixd"></g><g v="Surn"></g><g v="sing"></g><g v="loct"></g></l></v></tfr></token><token id="584969" text="без"><tfr rev_id="1418043" t="без"><v><l id="25481" t="без"><g v="PREP"></g></l></v></tfr></token><token id="584970" text="их"><tfr rev_id="4457875" t="их"><v><l id="127205" t="их"><g v="ADJF"></g><g v="Fixd"></g><g v="Apro"></g><g v="Anph"></g><g v="neut"></g><g v="sing"></g><g v="nomn"></g></l></v><v><l id="127205" t="их"><g v="ADJF"></g><g v="Fixd"></g><g v="Apro"></g><g v="Anph"></g><g v="neut"></g><g v="sing"></g><g v="gent"></g></l></v><v><l id="127205" t="их"><g v="ADJF"></g><g v="Fixd"></g><g v="Apro"></g><g v="Anph"></g><g v="neut"></g><g v="sing"></g><g v="datv"></g></l></v><v><l id="127205" t="их"><g v="ADJF"></g><g v="Fixd"></g><g v="Apro"></g><g v="Anph"></g><g v="neut"></g><g v="sing"></g><g v="accs"></g></l></v><v><l id="127205" t="их"><g v="ADJF"></g><g v="Fixd"></g><g v="Apro"></g><g v="Anph"></g><g v="neut"></g><g v="sing"></g><g v="ablt"></g></l></v><v><l id="127205" t="их"><g v="ADJF"></g><g v="Fixd"></g><g v="Apro"></g><g v="Anph"></g><g v="neut"></g><g v="sing"></g><g v="loct"></g></l></v></tfr></token><token id="584971" text="одобрения"><tfr rev_id="3476944" t="одобрения"><v><l id="203488" t="одобрение"><g v="NOUN"></g><g v="inan"></g><g v="neut"></g><g v="sing"></g><g v="gent"></g></l></v></tfr></token><token id="584972" text="."><tfr rev_id="1418046" t="."><v><l id="0" t="."><g v="PNCT"></g></l></v></tfr></token></tokens></sentence></paragraph><paragraph id="10410"><sentence id="32662"><source>Руководство Белого дома проинформировало конгресс о ходе военной операции в Ливии в подробном отчёте.</source><tokens><token id="584973" text="Руководство"><tfr rev_id="4099895" t="Руководство"><v><l id="310004" t="руководство"><g v="NOUN"></g><g v="inan"></g><g v="neut"></g><g v="sing"></g><g v="nomn"></g></l></v></tfr></token><token id="584974" text="Белого"><tfr rev_id="4076712" t="Белого"><v><l id="27334" t="белый"><g v="ADJF"></g><g v="Qual"></g><g v="masc"></g><g v="sing"></g><g v="gent"></g></l></v><v><l id="27334" t="белый"><g v="ADJF"></g><g v="Qual"></g><g v="anim"></g><g v="masc"></g><g v="sing"></g><g v="accs"></g></l></v></tfr></token><token id="584975" text="дома"><tfr rev_id="4330582" t="дома"><v><l id="88152" t="дом"><g v="NOUN"></g><g v="inan"></g><g v="masc"></g><g v="sing"></g><g v="gen1"></g></l></v></tfr></token><token id="584976" text="проинформировало"><tfr rev_id="1418050" t="проинформировало"><v><l id="280263" t="проинформировал"><g v="VERB"></g><g v="perf"></g><g v="tran"></g><g v="neut"></g><g v="sing"></g><g v="past"></g><g v="indc"></g></l></v></tfr></token><token id="584977" text="конгресс"><tfr rev_id="4096300" t="конгресс"><v><l id="137668" t="конгресс"><g v="NOUN"></g><g v="inan"></g><g v="masc"></g><g v="sing"></g><g v="accs"></g></l></v></tfr></token><token id="584978" text="о"><tfr rev_id="3326825" t="о"><v><l id="192977" t="о"><g v="PREP"></g></l></v></tfr></token><token id="584979" text="ходе"><tfr rev_id="1418053" t="ходе"><v><l id="371078" t="ход"><g v="NOUN"></g><g v="inan"></g><g v="masc"></g><g v="sing"></g><g v="loc1"></g></l></v></tfr></token><token id="584980" text="военной"><tfr rev_id="4494033" t="военной"><v><l id="48619" t="военный"><g v="ADJF"></g><g v="femn"></g><g v="sing"></g><g v="gent"></g></l></v></tfr></token><token id="584981" text="операции"><tfr rev_id="4101729" t="операции"><v><l id="206957" t="операция"><g v="NOUN"></g><g v="inan"></g><g v="femn"></g><g v="sing"></g><g v="gent"></g></l></v></tfr></token><token id="584982" text="в"><tfr rev_id="1418056" t="в"><v><l id="37409" t="в"><g v="PREP"></g></l></v></tfr></token><token id="584983" text="Ливии"><tfr rev_id="2602214" t="Ливии"><v><l id="148960" t="ливия"><g v="NOUN"></g><g v="inan"></g><g v="femn"></g><g v="Sgtm"></g><g v="Geox"></g><g v="sing"></g><g v="loct"></g></l></v></tfr></token><token id="584984" text="в"><tfr rev_id="1418058" t="в"><v><l id="37409" t="в"><g v="PREP"></g></l></v></tfr></token><token id="584985" text="подробном"><tfr rev_id="3530902" t="подробном"><v><l id="249802" t="подробный"><g v="ADJF"></g><g v="masc"></g><g v="sing"></g><g v="loct"></g></l></v></tfr></token><token id="584986" text="отчёте"><tfr rev_id="1418060" t="отчёте"><v><l id="219980" t="отчёт"><g v="NOUN"></g><g v="inan"></g><g v="masc"></g><g v="sing"></g><g v="loct"></g></l></v></tfr></token><token id="584987" text="."><tfr rev_id="1418061" t="."><v><l id="0" t="."><g v="PNCT"></g></l></v></tfr></token></tokens></sentence><sentence id="32663"><source>Администрация Барака Обамы особо подчеркнула в документе тот факт, что глава государства имеет право принимать решение об участии в ливийской войне без одобрения членов конгресса.</source><tokens><token id="584988" text="Администрация"><tfr rev_id="1418062" t="Администрация"><v><l id="5057" t="администрация"><g v="NOUN"></g><g v="inan"></g><g v="femn"></g><g v="sing"></g><g v="nomn"></g></l></v></tfr></token><token id="584989" text="Барака"><tfr rev_id="4216782" t="Барака"><v><l id="23705" t="барак"><g v="NOUN"></g><g v="inan"></g><g v="masc"></g><g v="sing"></g><g v="gent"></g></l></v><v><l id="23706" t="барак"><g v="NOUN"></g><g v="anim"></g><g v="masc"></g><g v="Name"></g><g v="sing"></g><g v="gent"></g></l></v></tfr></token><token id="584990" text="Обамы"><tfr rev_id="4576150" t="Обамы"><v><l id="388472" t="обама"><g v="NOUN"></g><g v="anim"></g><g v="ms-f"></g><g v="Sgtm"></g><g v="Surn"></g><g v="sing"></g><g v="gent"></g></l></v></tfr></token><token id="584991" text="особо"><tfr rev_id="1418065" t="особо"><v><l id="210646" t="особо"><g v="ADVB"></g></l></v></tfr></token><token id="584992" text="подчеркнула"><tfr rev_id="1418066" t="подчеркнула"><v><l id="252370" t="подчеркнул"><g v="VERB"></g><g v="perf"></g><g v="tran"></g><g v="femn"></g><g v="sing"></g><g v="past"></g><g v="indc"></g></l></v></tfr></token><token id="584993" text="в"><tfr rev_id="1418067" t="в"><v><l id="37409" t="в"><g v="PREP"></g></l></v></tfr></token><token id="584994" text="документе"><tfr rev_id="1418068" t="документе"><v><l id="87509" t="документ"><g v="NOUN"></g><g v="inan"></g><g v="masc"></g><g v="sing"></g><g v="loct"></g></l></v></tfr></token><token id="584995" text="тот"><tfr rev_id="3769766" t="тот"><v><l id="348430" t="тот"><g v="ADJF"></g><g v="Subx"></g><g v="Apro"></g><g v="Anph"></g><g v="inan"></g><g v="masc"></g><g v="sing"></g><g v="accs"></g></l></v></tfr></token><token id="584996" text="факт"><tfr rev_id="3416999" t="факт"><v><l id="364163" t="факт"><g v="NOUN"></g><g v="inan"></g><g v="masc"></g><g v="sing"></g><g v="accs"></g></l></v></tfr></token><token id="584997" text=","><tfr rev_id="1418071" t=","><v><l id="0" t=","><g v="PNCT"></g></l></v></tfr></token><token id="584998" text="что"><tfr rev_id="3196663" t="что"><v><l id="377004" t="что"><g v="CONJ"></g></l></v><v><l id="377005" t="что"><g v="NPRO"></g><g v="neut"></g><g v="sing"></g><g v="nomn"></g></l></v><v><l id="377005" t="что"><g v="NPRO"></g><g v="neut"></g><g v="sing"></g><g v="accs"></g></l></v><v><l id="377006" t="что"><g v="ADVB"></g><g v="Ques"></g></l></v><v><l id="388695" t="что"><g v="PRCL"></g></l></v></tfr></token><token id="584999" text="глава"><tfr rev_id="4572188" t="глава"><v><l id="70790" t="глава"><g v="NOUN"></g><g v="anim"></g><g v="ms-f"></g><g v="sing"></g><g v="nomn"></g></l></v></tfr></token><token id="585000" text="государства"><tfr rev_id="3432856" t="государства"><v><l id="74164" t="государство"><g v="NOUN"></g><g v="inan"></g><g v="neut"></g><g v="sing"></g><g v="gent"></g></l></v></tfr></token><token id="585001" text="имеет"><tfr rev_id="1418075" t="имеет"><v><l id="121610" t="имею"><g v="VERB"></g><g v="impf"></g><g v="tran"></g><g v="sing"></g><g v="3per"></g><g v="pres"></g><g v="indc"></g></l></v></tfr></token><token id="585002" text="право"><tfr rev_id="4385455" t="право"><v><l id="265680" t="право"><g v="NOUN"></g><g v="inan"></g><g v="neut"></g><g v="sing"></g><g v="nomn"></g></l></v><v><l id="265680" t="право"><g v="NOUN"></g><g v="inan"></g><g v="neut"></g><g v="sing"></g><g v="accs"></g></l></v></tfr></token><token id="585003" text="принимать"><tfr rev_id="1418077" t="принимать"><v><l id="272583" t="принимать"><g v="INFN"></g><g v="impf"></g><g v="tran"></g></l></v></tfr></token><token id="585004" text="решение"><tfr rev_id="4107202" t="решение"><v><l id="307350" t="решение"><g v="NOUN"></g><g v="inan"></g><g v="neut"></g><g v="sing"></g><g v="accs"></g></l></v></tfr></token><token id="585005" text="об"><tfr rev_id="2921205" t="об"><v><l id="192977" t="о"><g v="PREP"></g><g v="Vpre"></g></l></v></tfr></token><token id="585006" text="участии"><tfr rev_id="1418080" t="участии"><v><l id="363132" t="участие"><g v="NOUN"></g><g v="inan"></g><g v="neut"></g><g v="sing"></g><g v="loct"></g></l></v></tfr></token><token id="585007" text="в"><tfr rev_id="1418081" t="в"><v><l id="37409" t="в"><g v="PREP"></g></l></v></tfr></token><token id="585008" text="ливийской"><tfr rev_id="3556942" t="ливийской"><v><l id="148956" t="ливийский"><g v="ADJF"></g><g v="femn"></g><g v="sing"></g><g v="loct"></g></l></v></tfr></token><token id="585009" text="войне"><tfr rev_id="2931069" t="войне"><v><l id="49721" t="война"><g v="NOUN"></g><g v="inan"></g><g v="femn"></g><g v="sing"></g><g v="loct"></g></l></v></tfr></token><token id="585010" text="без"><tfr rev_id="1418084" t="без"><v><l id="25481" t="без"><g v="PREP"></g></l></v></tfr></token><token id="585011" text="одобрения"><tfr rev_id="3484547" t="одобрения"><v><l id="203488" t="одобрение"><g v="NOUN"></g><g v="inan"></g><g v="neut"></g><g v="sing"></g><g v="gent"></g></l></v></tfr></token><token id="585012" text="членов"><tfr rev_id="4336767" t="членов"><v><l id="376827" t="член"><g v="NOUN"></g><g v="anim"></g><g v="masc"></g><g v="plur"></g><g v="gent"></g></l></v></tfr></token><token id="585013" text="конгресса"><tfr rev_id="1418087" t="конгресса"><v><l id="137668" t="конгресс"><g v="NOUN"></g><g v="inan"></g><g v="masc"></g><g v="sing"></g><g v="gent"></g></l></v></tfr></token><token id="585014" text="."><tfr rev_id="1418088" t="."><v><l id="0" t="."><g v="PNCT"></g></l></v></tfr></token></tokens></sentence><sentence id="32664"><source>Кроме того, в отчёте отмечается, что США играют лишь ограниченную роль в международной операции на севере Африки, руководство которой осуществляет НАТО, сообщает РБК.</source><tokens><token id="585015" text="Кроме"><tfr rev_id="1418089" t="Кроме"><v><l id="143259" t="кроме"><g v="PREP"></g></l></v></tfr></token><token id="585016" text="того"><tfr rev_id="4537773" t="того"><v><l id="348430" t="тот"><g v="ADJF"></g><g v="Subx"></g><g v="Apro"></g><g v="Anph"></g><g v="masc"></g><g v="sing"></g><g v="gent"></g></l></v><v><l id="348430" t="тот"><g v="ADJF"></g><g v="Subx"></g><g v="Apro"></g><g v="Anph"></g><g v="neut"></g><g v="sing"></g><g v="gent"></g></l></v></tfr></token><token id="585017" text=","><tfr rev_id="1418091" t=","><v><l id="0" t=","><g v="PNCT"></g></l></v></tfr></token><token id="585018" text="в"><tfr rev_id="1418092" t="в"><v><l id="37409" t="в"><g v="PREP"></g></l></v></tfr></token><token id="585019" text="отчёте"><tfr rev_id="1418093" t="отчёте"><v><l id="219980" t="отчёт"><g v="NOUN"></g><g v="inan"></g><g v="masc"></g><g v="sing"></g><g v="loct"></g></l></v></tfr></token><token id="585020" text="отмечается"><tfr rev_id="1418094" t="отмечается"><v><l id="215607" t="отмечаюсь"><g v="VERB"></g><g v="impf"></g><g v="intr"></g><g v="sing"></g><g v="3per"></g><g v="pres"></g><g v="indc"></g></l></v></tfr></token><token id="585021" text=","><tfr rev_id="1418095" t=","><v><l id="0" t=","><g v="PNCT"></g></l></v></tfr></token><token id="585022" text="что"><tfr rev_id="3196664" t="что"><v><l id="377004" t="что"><g v="CONJ"></g></l></v><v><l id="377005" t="что"><g v="NPRO"></g><g v="neut"></g><g v="sing"></g><g v="nomn"></g></l></v><v><l id="377005" t="что"><g v="NPRO"></g><g v="neut"></g><g v="sing"></g><g v="accs"></g></l></v><v><l id="377006" t="что"><g v="ADVB"></g><g v="Ques"></g></l></v><v><l id="388695" t="что"><g v="PRCL"></g></l></v></tfr></token><token id="585023" text="США"><tfr rev_id="4572973" t="США"><v><l id="341371" t="сша"><g v="NOUN"></g><g v="inan"></g><g v="GNdr"></g><g v="Pltm"></g><g v="Fixd"></g><g v="Abbr"></g><g v="Geox"></g><g v="plur"></g><g v="nomn"></g></l></v></tfr></token><token id="585024" text="играют"><tfr rev_id="1418098" t="играют"><v><l id="117311" t="играю"><g v="VERB"></g><g v="impf"></g><g v="tran"></g><g v="plur"></g><g v="3per"></g><g v="pres"></g><g v="indc"></g></l></v></tfr></token><token id="585025" text="лишь"><tfr rev_id="1418099" t="лишь"><v><l id="150259" t="лишь"><g v="CONJ"></g></l></v><v><l id="150260" t="лишь"><g v="PRCL"></g></l></v></tfr></token><token id="585026" text="ограниченную"><tfr rev_id="1418100" t="ограниченную"><v><l id="202918" t="ограниченный"><g v="ADJF"></g><g v="Qual"></g><g v="femn"></g><g v="sing"></g><g v="accs"></g></l></v><v><l id="202940" t="ограниченный"><g v="PRTF"></g><g v="perf"></g><g v="tran"></g><g v="past"></g><g v="pssv"></g><g v="femn"></g><g v="sing"></g><g v="accs"></g></l></v></tfr></token><token id="585027" text="роль"><tfr rev_id="4220604" t="роль"><v><l id="308800" t="роль"><g v="NOUN"></g><g v="inan"></g><g v="femn"></g><g v="sing"></g><g v="accs"></g></l></v></tfr></token><token id="585028" text="в"><tfr rev_id="1418102" t="в"><v><l id="37409" t="в"><g v="PREP"></g></l></v></tfr></token><token id="585029" text="международной"><tfr rev_id="4296779" t="международной"><v><l id="157346" t="международный"><g v="ADJF"></g><g v="femn"></g><g v="sing"></g><g v="loct"></g></l></v></tfr></token><token id="585030" text="операции"><tfr rev_id="4291552" t="операции"><v><l id="206957" t="операция"><g v="NOUN"></g><g v="inan"></g><g v="femn"></g><g v="sing"></g><g v="loct"></g></l></v></tfr></token><token id="585031" text="на"><tfr rev_id="3396123" t="на"><v><l id="166264" t="на"><g v="PREP"></g></l></v></tfr></token><token id="585032" text="севере"><tfr rev_id="1418106" t="севере"><v><l id="317502" t="север"><g v="NOUN"></g><g v="inan"></g><g v="masc"></g><g v="sing"></g><g v="loct"></g></l></v></tfr></token><token id="585033" text="Африки"><tfr rev_id="1418107" t="Африки"><v><l id="20306" t="африка"><g v="NOUN"></g><g v="inan"></g><g v="femn"></g><g v="Sgtm"></g><g v="Geox"></g><g v="sing"></g><g v="gent"></g></l></v></tfr></token><token id="585034" text=","><tfr rev_id="1418108" t=","><v><l id="0" t=","><g v="PNCT"></g></l></v></tfr></token><token id="585035" text="руководство"><tfr rev_id="4379899" t="руководство"><v><l id="310004" t="руководство"><g v="NOUN"></g><g v="inan"></g><g v="neut"></g><g v="sing"></g><g v="accs"></g></l></v></tfr></token><token id="585036" text="которой"><tfr rev_id="4425617" t="которой"><v><l id="141203" t="который"><g v="ADJF"></g><g v="Apro"></g><g v="Subx"></g><g v="Anph"></g><g v="femn"></g><g v="sing"></g><g v="ablt"></g></l></v></tfr></token><token id="585037" text="осуществляет"><tfr rev_id="1418111" t="осуществляет"><v><l id="211539" t="осуществляю"><g v="VERB"></g><g v="impf"></g><g v="tran"></g><g v="sing"></g><g v="3per"></g><g v="pres"></g><g v="indc"></g></l></v></tfr></token><token id="585038" text="НАТО"><tfr rev_id="4162601" t="НАТО"><v><l id="176969" t="нато"><g v="NOUN"></g><g v="inan"></g><g v="femn"></g><g v="Sgtm"></g><g v="Fixd"></g><g v="Abbr"></g><g v="Orgn"></g><g v="sing"></g><g v="nomn"></g></l></v></tfr></token><token id="585039" text=","><tfr rev_id="1418113" t=","><v><l id="0" t=","><g v="PNCT"></g></l></v></tfr></token><token id="585040" text="сообщает"><tfr rev_id="1418114" t="сообщает"><v><l id="329538" t="сообщаю"><g v="VERB"></g><g v="impf"></g><g v="tran"></g><g v="sing"></g><g v="3per"></g><g v="pres"></g><g v="indc"></g></l></v></tfr></token><token id="585041" text="РБК"><tfr rev_id="4573686" t="РБК"><v><l id="389058" t="рбк"><g v="NOUN"></g><g v="inan"></g><g v="femn"></g><g v="Sgtm"></g><g v="Fixd"></g><g v="Abbr"></g><g v="Orgn"></g><g v="sing"></g><g v="nomn"></g></l></v></tfr></token><token id="585042" text="."><tfr rev_id="1418116" t="."><v><l id="0" t="."><g v="PNCT"></g></l></v></tfr></token></tokens></sentence></paragraph><paragraph id="10411"><sentence id="32665"><source>Напомним, что ранее против Обамы был подан иск в суд.</source><tokens><token id="585043" text="Напомним"><tfr rev_id="1418117" t="Напомним"><v><l id="173892" t="напомнил"><g v="VERB"></g><g v="perf"></g><g v="tran"></g><g v="plur"></g><g v="1per"></g><g v="futr"></g><g v="indc"></g></l></v><v><l id="173892" t="напомнил"><g v="VERB"></g><g v="perf"></g><g v="tran"></g><g v="sing"></g><g v="impr"></g><g v="incl"></g></l></v></tfr></token><token id="585044" text=","><tfr rev_id="1418118" t=","><v><l id="0" t=","><g v="PNCT"></g></l></v></tfr></token><token id="585045" text="что"><tfr rev_id="3196665" t="что"><v><l id="377004" t="что"><g v="CONJ"></g></l></v><v><l id="377005" t="что"><g v="NPRO"></g><g v="neut"></g><g v="sing"></g><g v="nomn"></g></l></v><v><l id="377005" t="что"><g v="NPRO"></g><g v="neut"></g><g v="sing"></g><g v="accs"></g></l></v><v><l id="377006" t="что"><g v="ADVB"></g><g v="Ques"></g></l></v><v><l id="388695" t="что"><g v="PRCL"></g></l></v></tfr></token><token id="585046" text="ранее"><tfr rev_id="1418120" t="ранее"><v><l id="297884" t="ранее"><g v="ADVB"></g></l></v></tfr></token><token id="585047" text="против"><tfr rev_id="4485227" t="против"><v><l id="285790" t="против"><g v="PREP"></g></l></v></tfr></token><token id="585048" text="Обамы"><tfr rev_id="4576151" t="Обамы"><v><l id="388472" t="обама"><g v="NOUN"></g><g v="anim"></g><g v="ms-f"></g><g v="Sgtm"></g><g v="Surn"></g><g v="sing"></g><g v="gent"></g></l></v></tfr></token><token id="585049" text="был"><tfr rev_id="1418123" t="был"><v><l id="37265" t="есть"><g v="VERB"></g><g v="impf"></g><g v="intr"></g><g v="masc"></g><g v="sing"></g><g v="past"></g><g v="indc"></g></l></v></tfr></token><token id="585050" text="подан"><tfr rev_id="1418124" t="подан"><v><l id="243895" t="подан"><g v="PRTS"></g><g v="perf"></g><g v="past"></g><g v="pssv"></g><g v="masc"></g><g v="sing"></g></l></v></tfr></token><token id="585051" text="иск"><tfr rev_id="1418125" t="иск"><v><l id="124180" t="иск"><g v="NOUN"></g><g v="inan"></g><g v="masc"></g><g v="sing"></g><g v="nomn"></g></l></v><v><l id="124180" t="иск"><g v="NOUN"></g><g v="inan"></g><g v="masc"></g><g v="sing"></g><g v="accs"></g></l></v></tfr></token><token id="585052" text="в"><tfr rev_id="1418126" t="в"><v><l id="37409" t="в"><g v="PREP"></g></l></v></tfr></token><token id="585053" text="суд"><tfr rev_id="3458063" t="суд"><v><l id="338918" t="суд"><g v="NOUN"></g><g v="inan"></g><g v="masc"></g><g v="sing"></g><g v="accs"></g></l></v></tfr></token><token id="585054" text="."><tfr rev_id="1418128" t="."><v><l id="0" t="."><g v="PNCT"></g></l></v></tfr></token></tokens></sentence><sentence id="32666"><source>Инициатором выступила группа из 10 депутатов, среди которых как члены Демократической, так и Республиканской партий.</source><tokens><token id="585055" text="Инициатором"><tfr rev_id="1418129" t="Инициатором"><v><l id="122501" t="инициатор"><g v="NOUN"></g><g v="anim"></g><g v="masc"></g><g v="sing"></g><g v="ablt"></g></l></v></tfr></token><token id="585056" text="выступила"><tfr rev_id="1418130" t="выступила"><v><l id="62885" t="выступил"><g v="VERB"></g><g v="perf"></g><g v="intr"></g><g v="femn"></g><g v="sing"></g><g v="past"></g><g v="indc"></g></l></v></tfr></token><token id="585057" text="группа"><tfr rev_id="1418131" t="группа"><v><l id="76092" t="группа"><g v="NOUN"></g><g v="inan"></g><g v="femn"></g><g v="sing"></g><g v="nomn"></g></l></v></tfr></token><token id="585058" text="из"><tfr rev_id="2503546" t="из"><v><l id="117677" t="из"><g v="PREP"></g></l></v></tfr></token><token id="585059" text="10"><tfr rev_id="2461342" t="10"><v><l id="0" t="10"><g v="NUMB"></g></l></v></tfr></token><token id="585060" text="депутатов"><tfr rev_id="4355625" t="депутатов"><v><l id="81561" t="депутат"><g v="NOUN"></g><g v="anim"></g><g v="masc"></g><g v="plur"></g><g v="gent"></g></l></v></tfr></token><token id="585061" text=","><tfr rev_id="1418135" t=","><v><l id="0" t=","><g v="PNCT"></g></l></v></tfr></token><token id="585062" text="среди"><tfr rev_id="1418136" t="среди"><v><l id="333473" t="среди"><g v="PREP"></g></l></v></tfr></token><token id="585063" text="которых"><tfr rev_id="4099846" t="которых"><v><l id="141203" t="который"><g v="ADJF"></g><g v="Apro"></g><g v="Subx"></g><g v="Anph"></g><g v="plur"></g><g v="gent"></g></l></v></tfr></token><token id="585064" text="как"><tfr rev_id="1418138" t="как"><v><l id="128190" t="как"><g v="CONJ"></g></l></v><v><l id="128191" t="как"><g v="PRCL"></g></l></v><v><l id="128192" t="как"><g v="ADVB"></g><g v="Ques"></g></l></v></tfr></token><token id="585065" text="члены"><tfr rev_id="4218206" t="члены"><v><l id="376827" t="член"><g v="NOUN"></g><g v="anim"></g><g v="masc"></g><g v="plur"></g><g v="nomn"></g></l></v></tfr></token><token id="585066" text="Демократической"><tfr rev_id="3556804" t="Демократической"><v><l id="80993" t="демократический"><g v="ADJF"></g><g v="femn"></g><g v="sing"></g><g v="gent"></g></l></v></tfr></token><token id="585067" text=","><tfr rev_id="1418141" t=","><v><l id="0" t=","><g v="PNCT"></g></l></v></tfr></token><token id="585068" text="так"><tfr rev_id="1418142" t="так"><v><l id="342451" t="так"><g v="CONJ"></g></l></v><v><l id="342452" t="так"><g v="PRCL"></g></l></v><v><l id="342453" t="так"><g v="ADVB"></g><g v="Dmns"></g></l></v></tfr></token><token id="585069" text="и"><tfr rev_id="1418143" t="и"><v><l id="116949" t="и"><g v="CONJ"></g></l></v><v><l id="116950" t="и"><g v="INTJ"></g></l></v></tfr></token><token id="585070" text="Республиканской"><tfr rev_id="3431345" t="Республиканской"><v><l id="306785" t="республиканский"><g v="ADJF"></g><g v="femn"></g><g v="sing"></g><g v="gent"></g></l></v></tfr></token><token id="585071" text="партий"><tfr rev_id="1418145" t="партий"><v><l id="224431" t="партия"><g v="NOUN"></g><g v="inan"></g><g v="femn"></g><g v="plur"></g><g v="gent"></g></l></v></tfr></token><token id="585072" text="."><tfr rev_id="1418146" t="."><v><l id="0" t="."><g v="PNCT"></g></l></v></tfr></token></tokens></sentence><sentence id="32667"><source>Парламентарии убеждены, что президент США нарушил конституцию страны, приняв участие в военных действиях в Ливии без одобрения конгресса.</source><tokens><token id="585073" text="Парламентарии"><tfr rev_id="3501445" t="Парламентарии"><v><l id="224161" t="парламентарий"><g v="NOUN"></g><g v="anim"></g><g v="masc"></g><g v="plur"></g><g v="nomn"></g></l></v></tfr></token><token id="585074" text="убеждены"><tfr rev_id="1418148" t="убеждены"><v><l id="352903" t="убеждён"><g v="PRTS"></g><g v="perf"></g><g v="past"></g><g v="pssv"></g><g v="plur"></g></l></v></tfr></token><token id="585075" text=","><tfr rev_id="1418149" t=","><v><l id="0" t=","><g v="PNCT"></g></l></v></tfr></token><token id="585076" text="что"><tfr rev_id="3196666" t="что"><v><l id="377004" t="что"><g v="CONJ"></g></l></v><v><l id="377005" t="что"><g v="NPRO"></g><g v="neut"></g><g v="sing"></g><g v="nomn"></g></l></v><v><l id="377005" t="что"><g v="NPRO"></g><g v="neut"></g><g v="sing"></g><g v="accs"></g></l></v><v><l id="377006" t="что"><g v="ADVB"></g><g v="Ques"></g></l></v><v><l id="388695" t="что"><g v="PRCL"></g></l></v></tfr></token><token id="585077" text="президент"><tfr rev_id="1418151" t="президент"><v><l id="267449" t="президент"><g v="NOUN"></g><g v="anim"></g><g v="masc"></g><g v="sing"></g><g v="nomn"></g></l></v></tfr></token><token id="585078" text="США"><tfr rev_id="3811358" t="США"><v><l id="341371" t="сша"><g v="NOUN"></g><g v="inan"></g><g v="GNdr"></g><g v="Pltm"></g><g v="Fixd"></g><g v="Abbr"></g><g v="Geox"></g><g v="plur"></g><g v="gent"></g></l></v></tfr></token><token id="585079" text="нарушил"><tfr rev_id="1418153" t="нарушил"><v><l id="174887" t="нарушил"><g v="VERB"></g><g v="perf"></g><g v="tran"></g><g v="masc"></g><g v="sing"></g><g v="past"></g><g v="indc"></g></l></v></tfr></token><token id="585080" text="конституцию"><tfr rev_id="1418154" t="конституцию"><v><l id="138243" t="конституция"><g v="NOUN"></g><g v="inan"></g><g v="femn"></g><g v="sing"></g><g v="accs"></g></l></v></tfr></token><token id="585081" text="страны"><tfr rev_id="3523035" t="страны"><v><l id="337100" t="страна"><g v="NOUN"></g><g v="inan"></g><g v="femn"></g><g v="sing"></g><g v="gent"></g></l></v></tfr></token><token id="585082" text=","><tfr rev_id="1418156" t=","><v><l id="0" t=","><g v="PNCT"></g></l></v></tfr></token><token id="585083" text="приняв"><tfr rev_id="1418157" t="приняв"><v><l id="272705" t="приняв"><g v="GRND"></g><g v="perf"></g><g v="tran"></g><g v="past"></g></l></v></tfr></token><token id="585084" text="участие"><tfr rev_id="3547604" t="участие"><v><l id="363132" t="участие"><g v="NOUN"></g><g v="inan"></g><g v="neut"></g><g v="sing"></g><g v="accs"></g></l></v></tfr></token><token id="585085" text="в"><tfr rev_id="1418159" t="в"><v><l id="37409" t="в"><g v="PREP"></g></l></v></tfr></token><token id="585086" text="военных"><tfr rev_id="4494228" t="военных"><v><l id="48619" t="военный"><g v="ADJF"></g><g v="plur"></g><g v="loct"></g></l></v></tfr></token><token id="585087" text="действиях"><tfr rev_id="1418161" t="действиях"><v><l id="80091" t="действие"><g v="NOUN"></g><g v="inan"></g><g v="neut"></g><g v="plur"></g><g v="loct"></g></l></v></tfr></token><token id="585088" text="в"><tfr rev_id="1418162" t="в"><v><l id="37409" t="в"><g v="PREP"></g></l></v></tfr></token><token id="585089" text="Ливии"><tfr rev_id="2602294" t="Ливии"><v><l id="148960" t="ливия"><g v="NOUN"></g><g v="inan"></g><g v="femn"></g><g v="Sgtm"></g><g v="Geox"></g><g v="sing"></g><g v="loct"></g></l></v></tfr></token><token id="585090" text="без"><tfr rev_id="1418164" t="без"><v><l id="25481" t="без"><g v="PREP"></g></l></v></tfr></token><token id="585091" text="одобрения"><tfr rev_id="2694478" t="одобрения"><v><l id="203488" t="одобрение"><g v="NOUN"></g><g v="inan"></g><g v="neut"></g><g v="sing"></g><g v="gent"></g></l></v></tfr></token><token id="585092" text="конгресса"><tfr rev_id="1418166" t="конгресса"><v><l id="137668" t="конгресс"><g v="NOUN"></g><g v="inan"></g><g v="masc"></g><g v="sing"></g><g v="gent"></g></l></v></tfr></token><token id="585093" text="."><tfr rev_id="1418167" t="."><v><l id="0" t="."><g v="PNCT"></g></l></v></tfr></token></tokens></sentence><sentence id="32668"><source>Кроме того, депутаты полагают, что Обама использовал НАТО и ООН для оправдания применения военной силы против Каддафи.</source><tokens><token id="585094" text="Кроме"><tfr rev_id="1418168" t="Кроме"><v><l id="143259" t="кроме"><g v="PREP"></g></l></v></tfr></token><token id="585095" text="того"><tfr rev_id="4462864" t="того"><v><l id="348430" t="тот"><g v="ADJF"></g><g v="Subx"></g><g v="Apro"></g><g v="Anph"></g><g v="neut"></g><g v="sing"></g><g v="gent"></g></l></v></tfr></token><token id="585096" text=","><tfr rev_id="1418170" t=","><v><l id="0" t=","><g v="PNCT"></g></l></v></tfr></token><token id="585097" text="депутаты"><tfr rev_id="1418171" t="депутаты"><v><l id="81561" t="депутат"><g v="NOUN"></g><g v="anim"></g><g v="masc"></g><g v="plur"></g><g v="nomn"></g></l></v></tfr></token><token id="585098" text="полагают"><tfr rev_id="1418172" t="полагают"><v><l id="255118" t="полагаю"><g v="VERB"></g><g v="impf"></g><g v="tran"></g><g v="plur"></g><g v="3per"></g><g v="pres"></g><g v="indc"></g></l></v></tfr></token><token id="585099" text=","><tfr rev_id="1418173" t=","><v><l id="0" t=","><g v="PNCT"></g></l></v></tfr></token><token id="585100" text="что"><tfr rev_id="3196667" t="что"><v><l id="377004" t="что"><g v="CONJ"></g></l></v><v><l id="377005" t="что"><g v="NPRO"></g><g v="neut"></g><g v="sing"></g><g v="nomn"></g></l></v><v><l id="377005" t="что"><g v="NPRO"></g><g v="neut"></g><g v="sing"></g><g v="accs"></g></l></v><v><l id="377006" t="что"><g v="ADVB"></g><g v="Ques"></g></l></v><v><l id="388695" t="что"><g v="PRCL"></g></l></v></tfr></token><token id="585101" text="Обама"><tfr rev_id="4576070" t="Обама"><v><l id="388472" t="обама"><g v="NOUN"></g><g v="anim"></g><g v="ms-f"></g><g v="Sgtm"></g><g v="Surn"></g><g v="sing"></g><g v="nomn"></g></l></v></tfr></token><token id="585102" text="использовал"><tfr rev_id="1418176" t="использовал"><v><l id="125418" t="использовал"><g v="VERB"></g><g v="perf"></g><g v="tran"></g><g v="masc"></g><g v="sing"></g><g v="past"></g><g v="indc"></g></l></v><v><l id="125419" t="использую"><g v="VERB"></g><g v="impf"></g><g v="tran"></g><g v="masc"></g><g v="sing"></g><g v="past"></g><g v="indc"></g></l></v></tfr></token><token id="585103" text="НАТО"><tfr rev_id="4180838" t="НАТО"><v><l id="176969" t="нато"><g v="NOUN"></g><g v="inan"></g><g v="femn"></g><g v="Sgtm"></g><g v="Fixd"></g><g v="Abbr"></g><g v="Orgn"></g><g v="sing"></g><g v="accs"></g></l></v></tfr></token><token id="585104" text="и"><tfr rev_id="1418178" t="и"><v><l id="116949" t="и"><g v="CONJ"></g></l></v><v><l id="116950" t="и"><g v="INTJ"></g></l></v></tfr></token><token id="585105" text="ООН"><tfr rev_id="4138807" t="ООН"><v><l id="206695" t="оон"><g v="NOUN"></g><g v="inan"></g><g v="femn"></g><g v="Sgtm"></g><g v="Fixd"></g><g v="Abbr"></g><g v="Orgn"></g><g v="sing"></g><g v="accs"></g></l></v></tfr></token><token id="585106" text="для"><tfr rev_id="3445672" t="для"><v><l id="85032" t="для"><g v="PREP"></g></l></v></tfr></token><token id="585107" text="оправдания"><tfr rev_id="3433495" t="оправдания"><v><l id="207908" t="оправдание"><g v="NOUN"></g><g v="inan"></g><g v="neut"></g><g v="sing"></g><g v="gent"></g></l></v></tfr></token><token id="585108" text="применения"><tfr rev_id="3433830" t="применения"><v><l id="271946" t="применение"><g v="NOUN"></g><g v="inan"></g><g v="neut"></g><g v="sing"></g><g v="gent"></g></l></v></tfr></token><token id="585109" text="военной"><tfr rev_id="4494034" t="военной"><v><l id="48619" t="военный"><g v="ADJF"></g><g v="femn"></g><g v="sing"></g><g v="gent"></g></l></v></tfr></token><token id="585110" text="силы"><tfr rev_id="2694505" t="силы"><v><l id="320333" t="сила"><g v="NOUN"></g><g v="inan"></g><g v="femn"></g><g v="sing"></g><g v="gent"></g></l></v></tfr></token><token id="585111" text="против"><tfr rev_id="4485015" t="против"><v><l id="285790" t="против"><g v="PREP"></g></l></v></tfr></token><token id="585112" text="Каддафи"><tfr rev_id="4327233" t="Каддафи"><v><l id="388626" t="каддафи"><g v="NOUN"></g><g v="anim"></g><g v="ms-f"></g><g v="Fixd"></g><g v="Surn"></g><g v="sing"></g><g v="nomn"></g></l></v><v><l id="388626" t="каддафи"><g v="NOUN"></g><g v="anim"></g><g v="ms-f"></g><g v="Fixd"></g><g v="Surn"></g><g v="sing"></g><g v="gent"></g></l></v><v><l id="388626" t="каддафи"><g v="NOUN"></g><g v="anim"></g><g v="ms-f"></g><g v="Fixd"></g><g v="Surn"></g><g v="sing"></g><g v="datv"></g></l></v><v><l id="388626" t="каддафи"><g v="NOUN"></g><g v="anim"></g><g v="ms-f"></g><g v="Fixd"></g><g v="Surn"></g><g v="sing"></g><g v="accs"></g></l></v><v><l id="388626" t="каддафи"><g v="NOUN"></g><g v="anim"></g><g v="ms-f"></g><g v="Fixd"></g><g v="Surn"></g><g v="sing"></g><g v="ablt"></g></l></v><v><l id="388626" t="каддафи"><g v="NOUN"></g><g v="anim"></g><g v="ms-f"></g><g v="Fixd"></g><g v="Surn"></g><g v="sing"></g><g v="loct"></g></l></v></tfr></token><token id="585113" text="."><tfr rev_id="1418187" t="."><v><l id="0" t="."><g v="PNCT"></g></l></v></tfr></token></tokens></sentence><sentence id="32669"><source>Они добиваются от суда постановления, которое запретило бы участие США в конфликте в Ливии без одобрения конгресса.</source><tokens><token id="585114" text="Они"><tfr rev_id="3599354" t="Они"><v><l id="206619" t="они"><g v="NPRO"></g><g v="3per"></g><g v="Anph"></g><g v="plur"></g><g v="nomn"></g></l></v></tfr></token><token id="585115" text="добиваются"><tfr rev_id="1418189" t="добиваются"><v><l id="85244" t="добиваюсь"><g v="VERB"></g><g v="impf"></g><g v="intr"></g><g v="plur"></g><g v="3per"></g><g v="pres"></g><g v="indc"></g></l></v></tfr></token><token id="585116" text="от"><tfr rev_id="1418190" t="от"><v><l id="211644" t="от"><g v="PREP"></g></l></v></tfr></token><token id="585117" text="суда"><tfr rev_id="3487817" t="суда"><v><l id="338918" t="суд"><g v="NOUN"></g><g v="inan"></g><g v="masc"></g><g v="sing"></g><g v="gent"></g></l></v></tfr></token><token id="585118" text="постановления"><tfr rev_id="3503706" t="постановления"><v><l id="262154" t="постановление"><g v="NOUN"></g><g v="inan"></g><g v="neut"></g><g v="sing"></g><g v="gent"></g></l></v></tfr></token><token id="585119" text=","><tfr rev_id="1418193" t=","><v><l id="0" t=","><g v="PNCT"></g></l></v></tfr></token><token id="585120" text="которое"><tfr rev_id="3641364" t="которое"><v><l id="141203" t="который"><g v="ADJF"></g><g v="Apro"></g><g v="Subx"></g><g v="Anph"></g><g v="neut"></g><g v="sing"></g><g v="nomn"></g></l></v><v><l id="141203" t="который"><g v="ADJF"></g><g v="Apro"></g><g v="Subx"></g><g v="Anph"></g><g v="neut"></g><g v="sing"></g><g v="accs"></g></l></v></tfr></token><token id="585121" text="запретило"><tfr rev_id="1418195" t="запретило"><v><l id="107928" t="запретил"><g v="VERB"></g><g v="perf"></g><g v="tran"></g><g v="neut"></g><g v="sing"></g><g v="past"></g><g v="indc"></g></l></v></tfr></token><token id="585122" text="бы"><tfr rev_id="1418196" t="бы"><v><l id="36985" t="бы"><g v="PRCL"></g></l></v></tfr></token><token id="585123" text="участие"><tfr rev_id="1418197" t="участие"><v><l id="363132" t="участие"><g v="NOUN"></g><g v="inan"></g><g v="neut"></g><g v="sing"></g><g v="nomn"></g></l></v><v><l id="363132" t="участие"><g v="NOUN"></g><g v="inan"></g><g v="neut"></g><g v="sing"></g><g v="accs"></g></l></v></tfr></token><token id="585124" text="США"><tfr rev_id="3811359" t="США"><v><l id="341371" t="сша"><g v="NOUN"></g><g v="inan"></g><g v="GNdr"></g><g v="Pltm"></g><g v="Fixd"></g><g v="Abbr"></g><g v="Geox"></g><g v="plur"></g><g v="gent"></g></l></v></tfr></token><token id="585125" text="в"><tfr rev_id="1418199" t="в"><v><l id="37409" t="в"><g v="PREP"></g></l></v></tfr></token><token id="585126" text="конфликте"><tfr rev_id="1418200" t="конфликте"><v><l id="138849" t="конфликт"><g v="NOUN"></g><g v="inan"></g><g v="masc"></g><g v="sing"></g><g v="loct"></g></l></v></tfr></token><token id="585127" text="в"><tfr rev_id="1418201" t="в"><v><l id="37409" t="в"><g v="PREP"></g></l></v></tfr></token><token id="585128" text="Ливии"><tfr rev_id="3456966" t="Ливии"><v><l id="148960" t="ливия"><g v="NOUN"></g><g v="inan"></g><g v="femn"></g><g v="Sgtm"></g><g v="Geox"></g><g v="sing"></g><g v="loct"></g></l></v></tfr></token><token id="585129" text="без"><tfr rev_id="1418203" t="без"><v><l id="25481" t="без"><g v="PREP"></g></l></v></tfr></token><token id="585130" text="одобрения"><tfr rev_id="2372515" t="одобрения"><v><l id="203488" t="одобрение"><g v="NOUN"></g><g v="inan"></g><g v="neut"></g><g v="sing"></g><g v="gent"></g></l></v></tfr></token><token id="585131" text="конгресса"><tfr rev_id="1418205" t="конгресса"><v><l id="137668" t="конгресс"><g v="NOUN"></g><g v="inan"></g><g v="masc"></g><g v="sing"></g><g v="gent"></g></l></v></tfr></token><token id="585132" text="."><tfr rev_id="1418206" t="."><v><l id="0" t="."><g v="PNCT"></g></l></v></tfr></token></tokens></sentence></paragraph><paragraph id="10412"><sentence id="32670"><source>Напомним, несколько дней назад палата представителей американского конгресса приняла резолюцию, в которой серьёзно критиковала американского президента за то, что он не смог предоставить разумное объяснения участия американских войск в конфликте в Ливии.</source><tokens><token id="585133" text="Напомним"><tfr rev_id="1418207" t="Напомним"><v><l id="173892" t="напомнил"><g v="VERB"></g><g v="perf"></g><g v="tran"></g><g v="plur"></g><g v="1per"></g><g v="futr"></g><g v="indc"></g></l></v><v><l id="173892" t="напомнил"><g v="VERB"></g><g v="perf"></g><g v="tran"></g><g v="sing"></g><g v="impr"></g><g v="incl"></g></l></v></tfr></token><token id="585134" text=","><tfr rev_id="1418208" t=","><v><l id="0" t=","><g v="PNCT"></g></l></v></tfr></token><token id="585135" text="несколько"><tfr rev_id="4170568" t="несколько"><v><l id="188126" t="несколько"><g v="NUMR"></g><g v="nomn"></g></l></v><v><l id="188126" t="несколько"><g v="NUMR"></g><g v="inan"></g><g v="accs"></g></l></v></tfr></token><token id="585136" text="дней"><tfr rev_id="1418210" t="дней"><v><l id="81427" t="день"><g v="NOUN"></g><g v="inan"></g><g v="masc"></g><g v="plur"></g><g v="gent"></g></l></v></tfr></token><token id="585137" text="назад"><tfr rev_id="1418211" t="назад"><v><l id="170252" t="назад"><g v="ADVB"></g></l></v></tfr></token><token id="585138" text="палата"><tfr rev_id="1418212" t="палата"><v><l id="222780" t="палата"><g v="NOUN"></g><g v="inan"></g><g v="femn"></g><g v="sing"></g><g v="nomn"></g></l></v></tfr></token><token id="585139" text="представителей"><tfr rev_id="3540837" t="представителей"><v><l id="267083" t="представитель"><g v="NOUN"></g><g v="anim"></g><g v="masc"></g><g v="plur"></g><g v="gent"></g></l></v></tfr></token><token id="585140" text="американского"><tfr rev_id="3454117" t="американского"><v><l id="11429" t="американский"><g v="ADJF"></g><g v="masc"></g><g v="sing"></g><g v="gent"></g></l></v><v><l id="11429" t="американский"><g v="ADJF"></g><g v="anim"></g><g v="masc"></g><g v="sing"></g><g v="accs"></g></l></v></tfr></token><token id="585141" text="конгресса"><tfr rev_id="1418215" t="конгресса"><v><l id="137668" t="конгресс"><g v="NOUN"></g><g v="inan"></g><g v="masc"></g><g v="sing"></g><g v="gent"></g></l></v></tfr></token><token id="585142" text="приняла"><tfr rev_id="1418216" t="приняла"><v><l id="272700" t="принял"><g v="VERB"></g><g v="perf"></g><g v="tran"></g><g v="femn"></g><g v="sing"></g><g v="past"></g><g v="indc"></g></l></v></tfr></token><token id="585143" text="резолюцию"><tfr rev_id="1418217" t="резолюцию"><v><l id="305353" t="резолюция"><g v="NOUN"></g><g v="inan"></g><g v="femn"></g><g v="sing"></g><g v="accs"></g></l></v></tfr></token><token id="585144" text=","><tfr rev_id="1418218" t=","><v><l id="0" t=","><g v="PNCT"></g></l></v></tfr></token><token id="585145" text="в"><tfr rev_id="1418219" t="в"><v><l id="37409" t="в"><g v="PREP"></g></l></v></tfr></token><token id="585146" text="которой"><tfr rev_id="4173806" t="которой"><v><l id="141203" t="который"><g v="ADJF"></g><g v="Apro"></g><g v="Subx"></g><g v="Anph"></g><g v="femn"></g><g v="sing"></g><g v="loct"></g></l></v></tfr></token><token id="585147" text="серьёзно"><tfr rev_id="3526572" t="серьёзно"><v><l id="319557" t="серьёзно"><g v="ADVB"></g></l></v></tfr></token><token id="585148" text="критиковала"><tfr rev_id="1418222" t="критиковала"><v><l id="142966" t="критикую"><g v="VERB"></g><g v="impf"></g><g v="tran"></g><g v="femn"></g><g v="sing"></g><g v="past"></g><g v="indc"></g></l></v></tfr></token><token id="585149" text="американского"><tfr rev_id="3448795" t="американского"><v><l id="11429" t="американский"><g v="ADJF"></g><g v="masc"></g><g v="sing"></g><g v="gent"></g></l></v><v><l id="11429" t="американский"><g v="ADJF"></g><g v="anim"></g><g v="masc"></g><g v="sing"></g><g v="accs"></g></l></v></tfr></token><token id="585150" text="президента"><tfr rev_id="4461878" t="президента"><v><l id="267449" t="президент"><g v="NOUN"></g><g v="anim"></g><g v="masc"></g><g v="sing"></g><g v="accs"></g></l></v></tfr></token><token id="585151" text="за"><tfr rev_id="1418225" t="за"><v><l id="98043" t="за"><g v="PREP"></g></l></v></tfr></token><token id="585152" text="то"><tfr rev_id="4347550" t="то"><v><l id="348430" t="тот"><g v="ADJF"></g><g v="Subx"></g><g v="Apro"></g><g v="Anph"></g><g v="neut"></g><g v="sing"></g><g v="nomn"></g></l></v><v><l id="348430" t="тот"><g v="ADJF"></g><g v="Subx"></g><g v="Apro"></g><g v="Anph"></g><g v="neut"></g><g v="sing"></g><g v="accs"></g></l></v></tfr></token><token id="585153" text=","><tfr rev_id="1418227" t=","><v><l id="0" t=","><g v="PNCT"></g></l></v></tfr></token><token id="585154" text="что"><tfr rev_id="3196668" t="что"><v><l id="377004" t="что"><g v="CONJ"></g></l></v><v><l id="377005" t="что"><g v="NPRO"></g><g v="neut"></g><g v="sing"></g><g v="nomn"></g></l></v><v><l id="377005" t="что"><g v="NPRO"></g><g v="neut"></g><g v="sing"></g><g v="accs"></g></l></v><v><l id="377006" t="что"><g v="ADVB"></g><g v="Ques"></g></l></v><v><l id="388695" t="что"><g v="PRCL"></g></l></v></tfr></token><token id="585155" text="он"><tfr rev_id="3575528" t="он"><v><l id="206541" t="он"><g v="NPRO"></g><g v="masc"></g><g v="3per"></g><g v="Anph"></g><g v="sing"></g><g v="nomn"></g></l></v></tfr></token><token id="585156" text="не"><tfr rev_id="1418230" t="не"><v><l id="178876" t="не"><g v="PRCL"></g></l></v></tfr></token><token id="585157" text="смог"><tfr rev_id="1418231" t="смог"><v><l id="326830" t="смог"><g v="VERB"></g><g v="perf"></g><g v="intr"></g><g v="masc"></g><g v="sing"></g><g v="past"></g><g v="indc"></g></l></v></tfr></token><token id="585158" text="предоставить"><tfr rev_id="1418232" t="предоставить"><v><l id="266665" t="предоставить"><g v="INFN"></g><g v="perf"></g><g v="tran"></g></l></v></tfr></token><token id="585159" text="разумное"><tfr rev_id="1418233" t="разумное"><v><l id="297132" t="разумный"><g v="ADJF"></g><g v="Qual"></g><g v="neut"></g><g v="sing"></g><g v="nomn"></g></l></v><v><l id="297132" t="разумный"><g v="ADJF"></g><g v="Qual"></g><g v="neut"></g><g v="sing"></g><g v="accs"></g></l></v></tfr></token><token id="585160" text="объяснения"><tfr rev_id="1418234" t="объяснения"><v><l id="201915" t="объяснение"><g v="NOUN"></g><g v="inan"></g><g v="neut"></g><g v="sing"></g><g v="gent"></g></l></v><v><l id="201915" t="объяснение"><g v="NOUN"></g><g v="inan"></g><g v="neut"></g><g v="plur"></g><g v="nomn"></g></l></v><v><l id="201915" t="объяснение"><g v="NOUN"></g><g v="inan"></g><g v="neut"></g><g v="plur"></g><g v="accs"></g></l></v></tfr></token><token id="585161" text="участия"><tfr rev_id="2761402" t="участия"><v><l id="363132" t="участие"><g v="NOUN"></g><g v="inan"></g><g v="neut"></g><g v="sing"></g><g v="gent"></g></l></v></tfr></token><token id="585162" text="американских"><tfr rev_id="4394036" t="американских"><v><l id="11429" t="американский"><g v="ADJF"></g><g v="plur"></g><g v="gent"></g></l></v></tfr></token><token id="585163" text="войск"><tfr rev_id="1418237" t="войск"><v><l id="49729" t="войско"><g v="NOUN"></g><g v="inan"></g><g v="neut"></g><g v="plur"></g><g v="gent"></g></l></v></tfr></token><token id="585164" text="в"><tfr rev_id="1418238" t="в"><v><l id="37409" t="в"><g v="PREP"></g></l></v></tfr></token><token id="585165" text="конфликте"><tfr rev_id="1418239" t="конфликте"><v><l id="138849" t="конфликт"><g v="NOUN"></g><g v="inan"></g><g v="masc"></g><g v="sing"></g><g v="loct"></g></l></v></tfr></token><token id="585166" text="в"><tfr rev_id="1418240" t="в"><v><l id="37409" t="в"><g v="PREP"></g></l></v></tfr></token><token id="585167" text="Ливии"><tfr rev_id="3454798" t="Ливии"><v><l id="148960" t="ливия"><g v="NOUN"></g><g v="inan"></g><g v="femn"></g><g v="Sgtm"></g><g v="Geox"></g><g v="sing"></g><g v="loct"></g></l></v></tfr></token><token id="585168" text="."><tfr rev_id="1418242" t="."><v><l id="0" t="."><g v="PNCT"></g></l></v></tfr></token></tokens></sentence><sentence id="32671"><source>Депутаты требовали дать ответы на вопросы о масштабах военного участия США в ливийской операции, её финансировании и влиянии на войны в Ираке и Афганистане.</source><tokens><token id="585169" text="Депутаты"><tfr rev_id="1418243" t="Депутаты"><v><l id="81561" t="депутат"><g v="NOUN"></g><g v="anim"></g><g v="masc"></g><g v="plur"></g><g v="nomn"></g></l></v></tfr></token><token id="585170" text="требовали"><tfr rev_id="1418244" t="требовали"><v><l id="349467" t="требую"><g v="VERB"></g><g v="impf"></g><g v="tran"></g><g v="plur"></g><g v="past"></g><g v="indc"></g></l></v></tfr></token><token id="585171" text="дать"><tfr rev_id="1418245" t="дать"><v><l id="78547" t="дать"><g v="INFN"></g><g v="perf"></g><g v="tran"></g></l></v></tfr></token><token id="585172" text="ответы"><tfr rev_id="3749516" t="ответы"><v><l id="212408" t="ответ"><g v="NOUN"></g><g v="inan"></g><g v="masc"></g><g v="plur"></g><g v="accs"></g></l></v></tfr></token><token id="585173" text="на"><tfr rev_id="3394308" t="на"><v><l id="166264" t="на"><g v="PREP"></g></l></v></tfr></token><token id="585174" text="вопросы"><tfr rev_id="3749659" t="вопросы"><v><l id="50830" t="вопрос"><g v="NOUN"></g><g v="inan"></g><g v="masc"></g><g v="plur"></g><g v="accs"></g></l></v></tfr></token><token id="585175" text="о"><tfr rev_id="3328170" t="о"><v><l id="192977" t="о"><g v="PREP"></g></l></v></tfr></token><token id="585176" text="масштабах"><tfr rev_id="1418250" t="масштабах"><v><l id="156135" t="масштаб"><g v="NOUN"></g><g v="inan"></g><g v="masc"></g><g v="plur"></g><g v="loct"></g></l></v></tfr></token><token id="585177" text="военного"><tfr rev_id="4493901" t="военного"><v><l id="48619" t="военный"><g v="ADJF"></g><g v="neut"></g><g v="sing"></g><g v="gent"></g></l></v></tfr></token><token id="585178" text="участия"><tfr rev_id="3469431" t="участия"><v><l id="363132" t="участие"><g v="NOUN"></g><g v="inan"></g><g v="neut"></g><g v="sing"></g><g v="gent"></g></l></v></tfr></token><token id="585179" text="США"><tfr rev_id="3811360" t="США"><v><l id="341371" t="сша"><g v="NOUN"></g><g v="inan"></g><g v="GNdr"></g><g v="Pltm"></g><g v="Fixd"></g><g v="Abbr"></g><g v="Geox"></g><g v="plur"></g><g v="gent"></g></l></v></tfr></token><token id="585180" text="в"><tfr rev_id="1418254" t="в"><v><l id="37409" t="в"><g v="PREP"></g></l></v></tfr></token><token id="585181" text="ливийской"><tfr rev_id="4495169" t="ливийской"><v><l id="148956" t="ливийский"><g v="ADJF"></g><g v="femn"></g><g v="sing"></g><g v="loct"></g></l></v></tfr></token><token id="585182" text="операции"><tfr rev_id="4291553" t="операции"><v><l id="206957" t="операция"><g v="NOUN"></g><g v="inan"></g><g v="femn"></g><g v="sing"></g><g v="loct"></g></l></v></tfr></token><token id="585183" text=","><tfr rev_id="1418257" t=","><v><l id="0" t=","><g v="PNCT"></g></l></v></tfr></token><token id="585184" text="её"><tfr rev_id="4477393" t="её"><v><l id="94433" t="её"><g v="ADJF"></g><g v="Fixd"></g><g v="Apro"></g><g v="Anph"></g><g v="masc"></g><g v="sing"></g><g v="nomn"></g></l></v><v><l id="94433" t="её"><g v="ADJF"></g><g v="Fixd"></g><g v="Apro"></g><g v="Anph"></g><g v="masc"></g><g v="sing"></g><g v="gent"></g></l></v><v><l id="94433" t="её"><g v="ADJF"></g><g v="Fixd"></g><g v="Apro"></g><g v="Anph"></g><g v="masc"></g><g v="sing"></g><g v="datv"></g></l></v><v><l id="94433" t="её"><g v="ADJF"></g><g v="Fixd"></g><g v="Apro"></g><g v="Anph"></g><g v="masc"></g><g v="sing"></g><g v="accs"></g></l></v><v><l id="94433" t="её"><g v="ADJF"></g><g v="Fixd"></g><g v="Apro"></g><g v="Anph"></g><g v="masc"></g><g v="sing"></g><g v="ablt"></g></l></v><v><l id="94433" t="её"><g v="ADJF"></g><g v="Fixd"></g><g v="Apro"></g><g v="Anph"></g><g v="masc"></g><g v="sing"></g><g v="loct"></g></l></v><v><l id="94433" t="её"><g v="ADJF"></g><g v="Fixd"></g><g v="Apro"></g><g v="Anph"></g><g v="femn"></g><g v="sing"></g><g v="nomn"></g></l></v><v><l id="94433" t="её"><g v="ADJF"></g><g v="Fixd"></g><g v="Apro"></g><g v="Anph"></g><g v="femn"></g><g v="sing"></g><g v="gent"></g></l></v><v><l id="94433" t="её"><g v="ADJF"></g><g v="Fixd"></g><g v="Apro"></g><g v="Anph"></g><g v="femn"></g><g v="sing"></g><g v="datv"></g></l></v><v><l id="94433" t="её"><g v="ADJF"></g><g v="Fixd"></g><g v="Apro"></g><g v="Anph"></g><g v="femn"></g><g v="sing"></g><g v="accs"></g></l></v><v><l id="94433" t="её"><g v="ADJF"></g><g v="Fixd"></g><g v="Apro"></g><g v="Anph"></g><g v="femn"></g><g v="sing"></g><g v="ablt"></g></l></v><v><l id="94433" t="её"><g v="ADJF"></g><g v="Fixd"></g><g v="Apro"></g><g v="Anph"></g><g v="femn"></g><g v="sing"></g><g v="loct"></g></l></v><v><l id="94433" t="её"><g v="ADJF"></g><g v="Fixd"></g><g v="Apro"></g><g v="Anph"></g><g v="neut"></g><g v="sing"></g><g v="nomn"></g></l></v><v><l id="94433" t="её"><g v="ADJF"></g><g v="Fixd"></g><g v="Apro"></g><g v="Anph"></g><g v="neut"></g><g v="sing"></g><g v="gent"></g></l></v><v><l id="94433" t="её"><g v="ADJF"></g><g v="Fixd"></g><g v="Apro"></g><g v="Anph"></g><g v="neut"></g><g v="sing"></g><g v="datv"></g></l></v><v><l id="94433" t="её"><g v="ADJF"></g><g v="Fixd"></g><g v="Apro"></g><g v="Anph"></g><g v="neut"></g><g v="sing"></g><g v="accs"></g></l></v><v><l id="94433" t="её"><g v="ADJF"></g><g v="Fixd"></g><g v="Apro"></g><g v="Anph"></g><g v="neut"></g><g v="sing"></g><g v="ablt"></g></l></v><v><l id="94433" t="её"><g v="ADJF"></g><g v="Fixd"></g><g v="Apro"></g><g v="Anph"></g><g v="neut"></g><g v="sing"></g><g v="loct"></g></l></v><v><l id="94433" t="её"><g v="ADJF"></g><g v="Fixd"></g><g v="Apro"></g><g v="Anph"></g><g v="plur"></g><g v="nomn"></g></l></v><v><l id="94433" t="её"><g v="ADJF"></g><g v="Fixd"></g><g v="Apro"></g><g v="Anph"></g><g v="plur"></g><g v="gent"></g></l></v><v><l id="94433" t="её"><g v="ADJF"></g><g v="Fixd"></g><g v="Apro"></g><g v="Anph"></g><g v="plur"></g><g v="datv"></g></l></v><v><l id="94433" t="её"><g v="ADJF"></g><g v="Fixd"></g><g v="Apro"></g><g v="Anph"></g><g v="plur"></g><g v="accs"></g></l></v><v><l id="94433" t="её"><g v="ADJF"></g><g v="Fixd"></g><g v="Apro"></g><g v="Anph"></g><g v="plur"></g><g v="ablt"></g></l></v><v><l id="94433" t="её"><g v="ADJF"></g><g v="Fixd"></g><g v="Apro"></g><g v="Anph"></g><g v="plur"></g><g v="loct"></g></l></v></tfr></token><token id="585185" text="финансировании"><tfr rev_id="1418259" t="финансировании"><v><l id="366074" t="финансирование"><g v="NOUN"></g><g v="inan"></g><g v="neut"></g><g v="sing"></g><g v="loct"></g></l></v></tfr></token><token id="585186" text="и"><tfr rev_id="1418260" t="и"><v><l id="116949" t="и"><g v="CONJ"></g></l></v><v><l id="116950" t="и"><g v="INTJ"></g></l></v></tfr></token><token id="585187" text="влиянии"><tfr rev_id="1418261" t="влиянии"><v><l id="46951" t="влияние"><g v="NOUN"></g><g v="inan"></g><g v="neut"></g><g v="sing"></g><g v="loct"></g></l></v></tfr></token><token id="585188" text="на"><tfr rev_id="3336855" t="на"><v><l id="166264" t="на"><g v="PREP"></g></l></v></tfr></token><token id="585189" text="войны"><tfr rev_id="3715312" t="войны"><v><l id="49721" t="война"><g v="NOUN"></g><g v="inan"></g><g v="femn"></g><g v="plur"></g><g v="accs"></g></l></v></tfr></token><token id="585190" text="в"><tfr rev_id="1418264" t="в"><v><l id="37409" t="в"><g v="PREP"></g></l></v></tfr></token><token id="585191" text="Ираке"><tfr rev_id="1418265" t="Ираке"><v><l id="123896" t="ирак"><g v="NOUN"></g><g v="inan"></g><g v="masc"></g><g v="Geox"></g><g v="sing"></g><g v="loct"></g></l></v></tfr></token><token id="585192" text="и"><tfr rev_id="3558471" t="и"><v><l id="116949" t="и"><g v="CONJ"></g></l></v></tfr></token><token id="585193" text="Афганистане"><tfr rev_id="1418267" t="Афганистане"><v><l id="20112" t="афганистан"><g v="NOUN"></g><g v="inan"></g><g v="masc"></g><g v="Geox"></g><g v="sing"></g><g v="loct"></g></l></v></tfr></token><token id="585194" text="."><tfr rev_id="1418268" t="."><v><l id="0" t="."><g v="PNCT"></g></l></v></tfr></token></tokens></sentence></paragraph><paragraph id="10413"><sentence id="32672"><source>В то же время в России обеспокоены серьёзными проблемами, которыми может обернуться операция НАТО в Ливии для Европы.</source><tokens><token id="585195" text="В"><tfr rev_id="1418269" t="В"><v><l id="37409" t="в"><g v="PREP"></g></l></v></tfr></token><token id="585196" text="то"><tfr rev_id="4425662" t="то"><v><l id="348430" t="тот"><g v="ADJF"></g><g v="Subx"></g><g v="Apro"></g><g v="Anph"></g><g v="neut"></g><g v="sing"></g><g v="nomn"></g></l></v><v><l id="348430" t="тот"><g v="ADJF"></g><g v="Subx"></g><g v="Apro"></g><g v="Anph"></g><g v="neut"></g><g v="sing"></g><g v="accs"></g></l></v></tfr></token><token id="585197" text="же"><tfr rev_id="1418271" t="же"><v><l id="96208" t="же"><g v="CONJ"></g></l></v><v><l id="96209" t="же"><g v="PRCL"></g></l></v></tfr></token><token id="585198" text="время"><tfr rev_id="3544033" t="время"><v><l id="53149" t="время"><g v="NOUN"></g><g v="inan"></g><g v="neut"></g><g v="sing"></g><g v="accs"></g></l></v></tfr></token><token id="585199" text="в"><tfr rev_id="1418273" t="в"><v><l id="37409" t="в"><g v="PREP"></g></l></v></tfr></token><token id="585200" text="России"><tfr rev_id="2627742" t="России"><v><l id="309322" t="россия"><g v="NOUN"></g><g v="inan"></g><g v="femn"></g><g v="Sgtm"></g><g v="Geox"></g><g v="sing"></g><g v="loct"></g></l></v></tfr></token><token id="585201" text="обеспокоены"><tfr rev_id="1418275" t="обеспокоены"><v><l id="194801" t="обеспокоен"><g v="PRTS"></g><g v="perf"></g><g v="past"></g><g v="pssv"></g><g v="plur"></g></l></v></tfr></token><token id="585202" text="серьёзными"><tfr rev_id="1418276" t="серьёзными"><v><l id="319559" t="серьёзный"><g v="ADJF"></g><g v="Qual"></g><g v="plur"></g><g v="ablt"></g></l></v></tfr></token><token id="585203" text="проблемами"><tfr rev_id="1418277" t="проблемами"><v><l id="277255" t="проблема"><g v="NOUN"></g><g v="inan"></g><g v="femn"></g><g v="plur"></g><g v="ablt"></g></l></v></tfr></token><token id="585204" text=","><tfr rev_id="1418278" t=","><v><l id="0" t=","><g v="PNCT"></g></l></v></tfr></token><token id="585205" text="которыми"><tfr rev_id="3644517" t="которыми"><v><l id="141203" t="который"><g v="ADJF"></g><g v="Apro"></g><g v="Subx"></g><g v="Anph"></g><g v="plur"></g><g v="ablt"></g></l></v></tfr></token><token id="585206" text="может"><tfr rev_id="4231686" t="может"><v><l id="164485" t="могу"><g v="VERB"></g><g v="impf"></g><g v="intr"></g><g v="sing"></g><g v="3per"></g><g v="pres"></g><g v="indc"></g></l></v></tfr></token><token id="585207" text="обернуться"><tfr rev_id="1418281" t="обернуться"><v><l id="194654" t="обернуться"><g v="INFN"></g><g v="perf"></g><g v="intr"></g></l></v></tfr></token><token id="585208" text="операция"><tfr rev_id="1418282" t="операция"><v><l id="206957" t="операция"><g v="NOUN"></g><g v="inan"></g><g v="femn"></g><g v="sing"></g><g v="nomn"></g></l></v></tfr></token><token id="585209" text="НАТО"><tfr rev_id="4168183" t="НАТО"><v><l id="176969" t="нато"><g v="NOUN"></g><g v="inan"></g><g v="femn"></g><g v="Sgtm"></g><g v="Fixd"></g><g v="Abbr"></g><g v="Orgn"></g><g v="sing"></g><g v="gent"></g></l></v></tfr></token><token id="585210" text="в"><tfr rev_id="1418284" t="в"><v><l id="37409" t="в"><g v="PREP"></g></l></v></tfr></token><token id="585211" text="Ливии"><tfr rev_id="3455433" t="Ливии"><v><l id="148960" t="ливия"><g v="NOUN"></g><g v="inan"></g><g v="femn"></g><g v="Sgtm"></g><g v="Geox"></g><g v="sing"></g><g v="loct"></g></l></v></tfr></token><token id="585212" text="для"><tfr rev_id="3408575" t="для"><v><l id="85032" t="для"><g v="PREP"></g></l></v></tfr></token><token id="585213" text="Европы"><tfr rev_id="1418287" t="Европы"><v><l id="94019" t="европа"><g v="NOUN"></g><g v="inan"></g><g v="femn"></g><g v="Sgtm"></g><g v="Geox"></g><g v="sing"></g><g v="gent"></g></l></v></tfr></token><token id="585214" text="."><tfr rev_id="1418288" t="."><v><l id="0" t="."><g v="PNCT"></g></l></v></tfr></token></tokens></sentence><sentence id="32673"><source>Об этом завил представитель России в НАТО Дмитрий Рогозин по итогам визита в Лондон.</source><tokens><token id="585215" text="Об"><tfr rev_id="2921206" t="Об"><v><l id="192977" t="о"><g v="PREP"></g><g v="Vpre"></g></l></v></tfr></token><token id="585216" text="этом"><tfr rev_id="3282101" t="этом"><v><l id="386575" t="это"><g v="NPRO"></g><g v="neut"></g><g v="sing"></g><g v="loct"></g></l></v></tfr></token><token id="585217" text="завил"><tfr rev_id="1418291" t="завил"><v><l id="99703" t="завил"><g v="VERB"></g><g v="perf"></g><g v="tran"></g><g v="masc"></g><g v="sing"></g><g v="past"></g><g v="indc"></g></l></v></tfr></token><token id="585218" text="представитель"><tfr rev_id="1418292" t="представитель"><v><l id="267083" t="представитель"><g v="NOUN"></g><g v="anim"></g><g v="masc"></g><g v="sing"></g><g v="nomn"></g></l></v></tfr></token><token id="585219" text="России"><tfr rev_id="3455059" t="России"><v><l id="309322" t="россия"><g v="NOUN"></g><g v="inan"></g><g v="femn"></g><g v="Sgtm"></g><g v="Geox"></g><g v="sing"></g><g v="gent"></g></l></v></tfr></token><token id="585220" text="в"><tfr rev_id="1418294" t="в"><v><l id="37409" t="в"><g v="PREP"></g></l></v></tfr></token><token id="585221" text="НАТО"><tfr rev_id="4153104" t="НАТО"><v><l id="176969" t="нато"><g v="NOUN"></g><g v="inan"></g><g v="femn"></g><g v="Sgtm"></g><g v="Fixd"></g><g v="Abbr"></g><g v="Orgn"></g><g v="sing"></g><g v="loct"></g></l></v></tfr></token><token id="585222" text="Дмитрий"><tfr rev_id="3453566" t="Дмитрий"><v><l id="85055" t="дмитрий"><g v="NOUN"></g><g v="anim"></g><g v="masc"></g><g v="Name"></g><g v="sing"></g><g v="nomn"></g></l></v></tfr></token><token id="585223" text="Рогозин"><tfr rev_id="1418297" t="Рогозин"><v><l id="308213" t="рогозин"><g v="NOUN"></g><g v="anim"></g><g v="masc"></g><g v="Sgtm"></g><g v="Surn"></g><g v="sing"></g><g v="nomn"></g></l></v></tfr></token><token id="585224" text="по"><tfr rev_id="1418298" t="по"><v><l id="241240" t="по"><g v="PREP"></g></l></v></tfr></token><token id="585225" text="итогам"><tfr rev_id="1418299" t="итогам"><v><l id="127141" t="итог"><g v="NOUN"></g><g v="inan"></g><g v="masc"></g><g v="plur"></g><g v="datv"></g></l></v></tfr></token><token id="585226" text="визита"><tfr rev_id="1418300" t="визита"><v><l id="44737" t="визит"><g v="NOUN"></g><g v="inan"></g><g v="masc"></g><g v="sing"></g><g v="gent"></g></l></v></tfr></token><token id="585227" text="в"><tfr rev_id="1418301" t="в"><v><l id="37409" t="в"><g v="PREP"></g></l></v></tfr></token><token id="585228" text="Лондон"><tfr rev_id="3458131" t="Лондон"><v><l id="150828" t="лондон"><g v="NOUN"></g><g v="inan"></g><g v="masc"></g><g v="Geox"></g><g v="sing"></g><g v="accs"></g></l></v></tfr></token><token id="585229" text="."><tfr rev_id="1418303" t="."><v><l id="0" t="."><g v="PNCT"></g></l></v></tfr></token></tokens></sentence><sentence id="32674"><source>Он считает, что «то, что происходит сегодня в Триполи, — настоящая гражданская война, которая осложнена противоречиями между местными племенами.</source><tokens><token id="585230" text="Он"><tfr rev_id="3575529" t="Он"><v><l id="206541" t="он"><g v="NPRO"></g><g v="masc"></g><g v="3per"></g><g v="Anph"></g><g v="sing"></g><g v="nomn"></g></l></v></tfr></token><token id="585231" text="считает"><tfr rev_id="1418305" t="считает"><v><l id="341320" t="считаю"><g v="VERB"></g><g v="impf"></g><g v="tran"></g><g v="sing"></g><g v="3per"></g><g v="pres"></g><g v="indc"></g></l></v><v><l id="341329" t="считал"><g v="VERB"></g><g v="perf"></g><g v="tran"></g><g v="sing"></g><g v="3per"></g><g v="futr"></g><g v="indc"></g></l></v></tfr></token><token id="585232" text=","><tfr rev_id="1418306" t=","><v><l id="0" t=","><g v="PNCT"></g></l></v></tfr></token><token id="585233" text="что"><tfr rev_id="4204093" t="что"><v><l id="377004" t="что"><g v="CONJ"></g></l></v></tfr></token><token id="585234" text="«"><tfr rev_id="2442969" t="«"><v><l id="0" t="«"><g v="PNCT"></g></l></v></tfr></token><token id="585235" text="то"><tfr rev_id="3777489" t="то"><v><l id="346835" t="то"><g v="CONJ"></g></l></v><v><l id="346836" t="то"><g v="PRCL"></g></l></v><v><l id="348430" t="тот"><g v="ADJF"></g><g v="Subx"></g><g v="Apro"></g><g v="Anph"></g><g v="neut"></g><g v="sing"></g><g v="nomn"></g></l></v><v><l id="348430" t="тот"><g v="ADJF"></g><g v="Subx"></g><g v="Apro"></g><g v="Anph"></g><g v="neut"></g><g v="sing"></g><g v="accs"></g></l></v></tfr></token><token id="585236" text=","><tfr rev_id="1418310" t=","><v><l id="0" t=","><g v="PNCT"></g></l></v></tfr></token><token id="585237" text="что"><tfr rev_id="3196670" t="что"><v><l id="377004" t="что"><g v="CONJ"></g></l></v><v><l id="377005" t="что"><g v="NPRO"></g><g v="neut"></g><g v="sing"></g><g v="nomn"></g></l></v><v><l id="377005" t="что"><g v="NPRO"></g><g v="neut"></g><g v="sing"></g><g v="accs"></g></l></v><v><l id="377006" t="что"><g v="ADVB"></g><g v="Ques"></g></l></v><v><l id="388695" t="что"><g v="PRCL"></g></l></v></tfr></token><token id="585238" text="происходит"><tfr rev_id="1418312" t="происходит"><v><l id="280286" t="происхожу"><g v="VERB"></g><g v="impf"></g><g v="intr"></g><g v="sing"></g><g v="3per"></g><g v="pres"></g><g v="indc"></g></l></v></tfr></token><token id="585239" text="сегодня"><tfr rev_id="1418313" t="сегодня"><v><l id="317730" t="сегодня"><g v="ADVB"></g></l></v></tfr></token><token id="585240" text="в"><tfr rev_id="1418314" t="в"><v><l id="37409" t="в"><g v="PREP"></g></l></v></tfr></token><token id="585241" text="Триполи"><tfr rev_id="3466516" t="Триполи"><v><l id="350178" t="триполи"><g v="NOUN"></g><g v="inan"></g><g v="masc"></g><g v="Sgtm"></g><g v="Fixd"></g><g v="Geox"></g><g v="sing"></g><g v="loct"></g></l></v></tfr></token><token id="585242" text=","><tfr rev_id="1418316" t=","><v><l id="0" t=","><g v="PNCT"></g></l></v></tfr></token><token id="585243" text="—"><tfr rev_id="2442970" t="—"><v><l id="0" t="—"><g v="PNCT"></g></l></v></tfr></token><token id="585244" text="настоящая"><tfr rev_id="1418318" t="настоящая"><v><l id="176151" t="настоящий"><g v="ADJF"></g><g v="femn"></g><g v="sing"></g><g v="nomn"></g></l></v></tfr></token><token id="585245" text="гражданская"><tfr rev_id="1418319" t="гражданская"><v><l id="74529" t="гражданский"><g v="ADJF"></g><g v="femn"></g><g v="sing"></g><g v="nomn"></g></l></v></tfr></token><token id="585246" text="война"><tfr rev_id="1418320" t="война"><v><l id="49721" t="война"><g v="NOUN"></g><g v="inan"></g><g v="femn"></g><g v="sing"></g><g v="nomn"></g></l></v></tfr></token><token id="585247" text=","><tfr rev_id="1418321" t=","><v><l id="0" t=","><g v="PNCT"></g></l></v></tfr></token><token id="585248" text="которая"><tfr rev_id="3639799" t="которая"><v><l id="141203" t="который"><g v="ADJF"></g><g v="Apro"></g><g v="Subx"></g><g v="Anph"></g><g v="femn"></g><g v="sing"></g><g v="nomn"></g></l></v></tfr></token><token id="585249" text="осложнена"><tfr rev_id="1418323" t="осложнена"><v><l id="210366" t="осложнён"><g v="PRTS"></g><g v="perf"></g><g v="past"></g><g v="pssv"></g><g v="femn"></g><g v="sing"></g></l></v></tfr></token><token id="585250" text="противоречиями"><tfr rev_id="1418324" t="противоречиями"><v><l id="286121" t="противоречие"><g v="NOUN"></g><g v="inan"></g><g v="neut"></g><g v="plur"></g><g v="ablt"></g></l></v></tfr></token><token id="585251" text="между"><tfr rev_id="1418325" t="между"><v><l id="157306" t="между"><g v="PREP"></g></l></v></tfr></token><token id="585252" text="местными"><tfr rev_id="1418326" t="местными"><v><l id="158819" t="местный"><g v="ADJF"></g><g v="Qual"></g><g v="plur"></g><g v="ablt"></g></l></v></tfr></token><token id="585253" text="племенами"><tfr rev_id="1418327" t="племенами"><v><l id="240254" t="племя"><g v="NOUN"></g><g v="inan"></g><g v="neut"></g><g v="plur"></g><g v="ablt"></g></l></v></tfr></token><token id="585254" text="."><tfr rev_id="1418328" t="."><v><l id="0" t="."><g v="PNCT"></g></l></v></tfr></token></tokens></sentence><sentence id="32675"><source>Вмешательство в этот конфликт приведёт к его усложнению и большему усугублению ситуации.</source><tokens><token id="585255" text="Вмешательство"><tfr rev_id="3555873" t="Вмешательство"><v><l id="47176" t="вмешательство"><g v="NOUN"></g><g v="inan"></g><g v="neut"></g><g v="sing"></g><g v="nomn"></g></l></v></tfr></token><token id="585256" text="в"><tfr rev_id="1418330" t="в"><v><l id="37409" t="в"><g v="PREP"></g></l></v></tfr></token><token id="585257" text="этот"><tfr rev_id="4432069" t="этот"><v><l id="386581" t="этот"><g v="ADJF"></g><g v="Subx"></g><g v="Apro"></g><g v="Anph"></g><g v="masc"></g><g v="sing"></g><g v="nomn"></g></l></v><v><l id="386581" t="этот"><g v="ADJF"></g><g v="Subx"></g><g v="Apro"></g><g v="Anph"></g><g v="inan"></g><g v="masc"></g><g v="sing"></g><g v="accs"></g></l></v></tfr></token><token id="585258" text="конфликт"><tfr rev_id="4093225" t="конфликт"><v><l id="138849" t="конфликт"><g v="NOUN"></g><g v="inan"></g><g v="masc"></g><g v="sing"></g><g v="accs"></g></l></v></tfr></token><token id="585259" text="приведёт"><tfr rev_id="1418333" t="приведёт"><v><l id="269205" t="привёл"><g v="VERB"></g><g v="perf"></g><g v="tran"></g><g v="sing"></g><g v="3per"></g><g v="futr"></g><g v="indc"></g></l></v></tfr></token><token id="585260" text="к"><tfr rev_id="1418334" t="к"><v><l id="127460" t="к"><g v="PREP"></g></l></v></tfr></token><token id="585261" text="его"><tfr rev_id="4457893" t="его"><v><l id="94208" t="его"><g v="ADJF"></g><g v="Fixd"></g><g v="Apro"></g><g v="Anph"></g><g v="neut"></g><g v="sing"></g><g v="nomn"></g></l></v><v><l id="94208" t="его"><g v="ADJF"></g><g v="Fixd"></g><g v="Apro"></g><g v="Anph"></g><g v="neut"></g><g v="sing"></g><g v="gent"></g></l></v><v><l id="94208" t="его"><g v="ADJF"></g><g v="Fixd"></g><g v="Apro"></g><g v="Anph"></g><g v="neut"></g><g v="sing"></g><g v="datv"></g></l></v><v><l id="94208" t="его"><g v="ADJF"></g><g v="Fixd"></g><g v="Apro"></g><g v="Anph"></g><g v="neut"></g><g v="sing"></g><g v="accs"></g></l></v><v><l id="94208" t="его"><g v="ADJF"></g><g v="Fixd"></g><g v="Apro"></g><g v="Anph"></g><g v="neut"></g><g v="sing"></g><g v="ablt"></g></l></v><v><l id="94208" t="его"><g v="ADJF"></g><g v="Fixd"></g><g v="Apro"></g><g v="Anph"></g><g v="neut"></g><g v="sing"></g><g v="loct"></g></l></v></tfr></token><token id="585262" text="усложнению"><tfr rev_id="1418336" t="усложнению"><v><l id="360584" t="усложнение"><g v="NOUN"></g><g v="inan"></g><g v="neut"></g><g v="sing"></g><g v="datv"></g></l></v></tfr></token><token id="585263" text="и"><tfr rev_id="1418337" t="и"><v><l id="116949" t="и"><g v="CONJ"></g></l></v><v><l id="116950" t="и"><g v="INTJ"></g></l></v></tfr></token><token id="585264" text="большему"><tfr rev_id="4534026" t="большему"><v><l id="32439" t="больший"><g v="ADJF"></g><g v="Qual"></g><g v="neut"></g><g v="sing"></g><g v="datv"></g></l></v></tfr></token><token id="585265" text="усугублению"><tfr rev_id="1418339" t="усугублению"><v><l id="361425" t="усугубление"><g v="NOUN"></g><g v="inan"></g><g v="neut"></g><g v="sing"></g><g v="datv"></g></l></v></tfr></token><token id="585266" text="ситуации"><tfr rev_id="4098478" t="ситуации"><v><l id="321441" t="ситуация"><g v="NOUN"></g><g v="inan"></g><g v="femn"></g><g v="sing"></g><g v="gent"></g></l></v><v><l id="321441" t="ситуация"><g v="NOUN"></g><g v="inan"></g><g v="femn"></g><g v="sing"></g><g v="datv"></g></l></v><v><l id="321441" t="ситуация"><g v="NOUN"></g><g v="inan"></g><g v="femn"></g><g v="sing"></g><g v="loct"></g></l></v></tfr></token><token id="585267" text="."><tfr rev_id="1418341" t="."><v><l id="0" t="."><g v="PNCT"></g></l></v></tfr></token></tokens></sentence><sentence id="32676"><source>Это приведёт к тому, что конфликт приобретёт статус международного, со всеми вытекающими для Европы последствиями, например экстремизму в Европе и росту ненависти по отношению к Западу».</source><tokens><token id="585268" text="Это"><tfr rev_id="4441476" t="Это"><v><l id="386574" t="это"><g v="PRCL"></g></l></v><v><l id="386575" t="это"><g v="NPRO"></g><g v="neut"></g><g v="sing"></g><g v="nomn"></g></l></v><v><l id="386575" t="это"><g v="NPRO"></g><g v="neut"></g><g v="sing"></g><g v="accs"></g></l></v><v><l id="386581" t="этот"><g v="ADJF"></g><g v="Subx"></g><g v="Apro"></g><g v="Anph"></g><g v="neut"></g><g v="sing"></g><g v="nomn"></g></l></v><v><l id="386581" t="этот"><g v="ADJF"></g><g v="Subx"></g><g v="Apro"></g><g v="Anph"></g><g v="neut"></g><g v="sing"></g><g v="accs"></g></l></v></tfr></token><token id="585269" text="приведёт"><tfr rev_id="1418343" t="приведёт"><v><l id="269205" t="привёл"><g v="VERB"></g><g v="perf"></g><g v="tran"></g><g v="sing"></g><g v="3per"></g><g v="futr"></g><g v="indc"></g></l></v></tfr></token><token id="585270" text="к"><tfr rev_id="1418344" t="к"><v><l id="127460" t="к"><g v="PREP"></g></l></v></tfr></token><token id="585271" text="тому"><tfr rev_id="4306825" t="тому"><v><l id="348430" t="тот"><g v="ADJF"></g><g v="Subx"></g><g v="Apro"></g><g v="Anph"></g><g v="neut"></g><g v="sing"></g><g v="datv"></g></l></v></tfr></token><token id="585272" text=","><tfr rev_id="1418346" t=","><v><l id="0" t=","><g v="PNCT"></g></l></v></tfr></token><token id="585273" text="что"><tfr rev_id="3196671" t="что"><v><l id="377004" t="что"><g v="CONJ"></g></l></v><v><l id="377005" t="что"><g v="NPRO"></g><g v="neut"></g><g v="sing"></g><g v="nomn"></g></l></v><v><l id="377005" t="что"><g v="NPRO"></g><g v="neut"></g><g v="sing"></g><g v="accs"></g></l></v><v><l id="377006" t="что"><g v="ADVB"></g><g v="Ques"></g></l></v><v><l id="388695" t="что"><g v="PRCL"></g></l></v></tfr></token><token id="585274" text="конфликт"><tfr rev_id="4210388" t="конфликт"><v><l id="138849" t="конфликт"><g v="NOUN"></g><g v="inan"></g><g v="masc"></g><g v="sing"></g><g v="nomn"></g></l></v></tfr></token><token id="585275" text="приобретёт"><tfr rev_id="3427352" t="приобретёт"><v><l id="272742" t="приобрёл"><g v="VERB"></g><g v="perf"></g><g v="tran"></g><g v="sing"></g><g v="3per"></g><g v="futr"></g><g v="indc"></g></l></v></tfr></token><token id="585276" text="статус"><tfr rev_id="3473766" t="статус"><v><l id="335151" t="статус"><g v="NOUN"></g><g v="inan"></g><g v="masc"></g><g v="sing"></g><g v="accs"></g></l></v></tfr></token><token id="585277" text="международного"><tfr rev_id="4161269" t="международного"><v><l id="157346" t="международный"><g v="ADJF"></g><g v="masc"></g><g v="sing"></g><g v="gent"></g></l></v><v><l id="157346" t="международный"><g v="ADJF"></g><g v="anim"></g><g v="masc"></g><g v="sing"></g><g v="accs"></g></l></v></tfr></token><token id="585278" text=","><tfr rev_id="1418352" t=","><v><l id="0" t=","><g v="PNCT"></g></l></v></tfr></token><token id="585279" text="со"><tfr rev_id="2919171" t="со"><v><l id="311151" t="с"><g v="PREP"></g><g v="Vpre"></g></l></v></tfr></token><token id="585280" text="всеми"><tfr rev_id="4136512" t="всеми"><v><l id="42156" t="весь"><g v="ADJF"></g><g v="Subx"></g><g v="Apro"></g><g v="plur"></g><g v="ablt"></g></l></v></tfr></token><token id="585281" text="вытекающими"><tfr rev_id="1418355" t="вытекающими"><v><l id="63252" t="вытекающий"><g v="PRTF"></g><g v="impf"></g><g v="intr"></g><g v="pres"></g><g v="actv"></g><g v="plur"></g><g v="ablt"></g></l></v></tfr></token><token id="585282" text="для"><tfr rev_id="3452925" t="для"><v><l id="85032" t="для"><g v="PREP"></g></l></v></tfr></token><token id="585283" text="Европы"><tfr rev_id="1418357" t="Европы"><v><l id="94019" t="европа"><g v="NOUN"></g><g v="inan"></g><g v="femn"></g><g v="Sgtm"></g><g v="Geox"></g><g v="sing"></g><g v="gent"></g></l></v></tfr></token><token id="585284" text="последствиями"><tfr rev_id="1418358" t="последствиями"><v><l id="261587" t="последствие"><g v="NOUN"></g><g v="inan"></g><g v="neut"></g><g v="plur"></g><g v="ablt"></g></l></v></tfr></token><token id="585285" text=","><tfr rev_id="1418359" t=","><v><l id="0" t=","><g v="PNCT"></g></l></v></tfr></token><token id="585286" text="например"><tfr rev_id="1418360" t="например"><v><l id="174036" t="например"><g v="CONJ"></g><g v="Prnt"></g></l></v></tfr></token><token id="585287" text="экстремизму"><tfr rev_id="1418361" t="экстремизму"><v><l id="383865" t="экстремизм"><g v="NOUN"></g><g v="inan"></g><g v="masc"></g><g v="sing"></g><g v="datv"></g></l></v></tfr></token><token id="585288" text="в"><tfr rev_id="1418362" t="в"><v><l id="37409" t="в"><g v="PREP"></g></l></v></tfr></token><token id="585289" text="Европе"><tfr rev_id="3551825" t="Европе"><v><l id="94019" t="европа"><g v="NOUN"></g><g v="inan"></g><g v="femn"></g><g v="Sgtm"></g><g v="Geox"></g><g v="sing"></g><g v="loct"></g></l></v></tfr></token><token id="585290" text="и"><tfr rev_id="3529784" t="и"><v><l id="116949" t="и"><g v="CONJ"></g></l></v></tfr></token><token id="585291" text="росту"><tfr rev_id="4391057" t="росту"><v><l id="309343" t="рост"><g v="NOUN"></g><g v="inan"></g><g v="masc"></g><g v="sing"></g><g v="datv"></g></l></v></tfr></token><token id="585292" text="ненависти"><tfr rev_id="4178449" t="ненависти"><v><l id="184362" t="ненависть"><g v="NOUN"></g><g v="inan"></g><g v="femn"></g><g v="sing"></g><g v="gent"></g></l></v></tfr></token><token id="585293" text="по"><tfr rev_id="1418367" t="по"><v><l id="241240" t="по"><g v="PREP"></g></l></v></tfr></token><token id="585294" text="отношению"><tfr rev_id="1418368" t="отношению"><v><l id="215944" t="отношение"><g v="NOUN"></g><g v="inan"></g><g v="neut"></g><g v="sing"></g><g v="datv"></g></l></v></tfr></token><token id="585295" text="к"><tfr rev_id="1418369" t="к"><v><l id="127460" t="к"><g v="PREP"></g></l></v></tfr></token><token id="585296" text="Западу"><tfr rev_id="4468380" t="Западу"><v><l id="106649" t="запад"><g v="NOUN"></g><g v="inan"></g><g v="masc"></g><g v="sing"></g><g v="datv"></g></l></v></tfr></token><token id="585297" text="»"><tfr rev_id="2442971" t="»"><v><l id="0" t="»"><g v="PNCT"></g></l></v></tfr></token><token id="585298" text="."><tfr rev_id="1418372" t="."><v><l id="0" t="."><g v="PNCT"></g></l></v></tfr></token></tokens></sentence></paragraph><paragraph id="10414"><sentence id="32677"><source>О возможных исходах ливийской операции читайте в статье Частного корреспондента «Бубновый поход»</source><tokens><token id="585299" text="О"><tfr rev_id="3328439" t="О"><v><l id="192977" t="о"><g v="PREP"></g></l></v></tfr></token><token id="585300" text="возможных"><tfr rev_id="3542494" t="возможных"><v><l id="49411" t="возможный"><g v="ADJF"></g><g v="Qual"></g><g v="plur"></g><g v="loct"></g></l></v></tfr></token><token id="585301" text="исходах"><tfr rev_id="1418375" t="исходах"><v><l id="126754" t="исход"><g v="NOUN"></g><g v="inan"></g><g v="masc"></g><g v="plur"></g><g v="loct"></g></l></v></tfr></token><token id="585302" text="ливийской"><tfr rev_id="4261736" t="ливийской"><v><l id="148956" t="ливийский"><g v="ADJF"></g><g v="femn"></g><g v="sing"></g><g v="gent"></g></l></v></tfr></token><token id="585303" text="операции"><tfr rev_id="4291554" t="операции"><v><l id="206957" t="операция"><g v="NOUN"></g><g v="inan"></g><g v="femn"></g><g v="sing"></g><g v="gent"></g></l></v></tfr></token><token id="585304" text="читайте"><tfr rev_id="1418378" t="читайте"><v><l id="376719" t="читаю"><g v="VERB"></g><g v="impf"></g><g v="tran"></g><g v="plur"></g><g v="impr"></g><g v="excl"></g></l></v></tfr></token><token id="585305" text="в"><tfr rev_id="1418379" t="в"><v><l id="37409" t="в"><g v="PREP"></g></l></v></tfr></token><token id="585306" text="статье"><tfr rev_id="3545929" t="статье"><v><l id="335173" t="статья"><g v="NOUN"></g><g v="inan"></g><g v="femn"></g><g v="sing"></g><g v="loct"></g></l></v></tfr></token><token id="585307" text="Частного"><tfr rev_id="4349301" t="Частного"><v><l id="374795" t="частный"><g v="ADJF"></g><g v="Qual"></g><g v="masc"></g><g v="sing"></g><g v="gent"></g></l></v><v><l id="374795" t="частный"><g v="ADJF"></g><g v="Qual"></g><g v="anim"></g><g v="masc"></g><g v="sing"></g><g v="accs"></g></l></v></tfr></token><token id="585308" text="корреспондента"><tfr rev_id="4397362" t="корреспондента"><v><l id="140239" t="корреспондент"><g v="NOUN"></g><g v="anim"></g><g v="masc"></g><g v="sing"></g><g v="gent"></g></l></v></tfr></token><token id="585309" text="«"><tfr rev_id="2442972" t="«"><v><l id="0" t="«"><g v="PNCT"></g></l></v></tfr></token><token id="585310" text="Бубновый"><tfr rev_id="1418384" t="Бубновый"><v><l id="34888" t="бубновый"><g v="ADJF"></g><g v="Qual"></g><g v="masc"></g><g v="sing"></g><g v="nomn"></g></l></v><v><l id="34888" t="бубновый"><g v="ADJF"></g><g v="Qual"></g><g v="inan"></g><g v="masc"></g><g v="sing"></g><g v="accs"></g></l></v></tfr></token><token id="585311" text="поход"><tfr rev_id="4093236" t="поход"><v><l id="264370" t="поход"><g v="NOUN"></g><g v="inan"></g><g v="masc"></g><g v="sing"></g><g v="nomn"></g></l></v></tfr></token><token id="585312" text="»"><tfr rev_id="2442973" t="»"><v><l id="0" t="»"><g v="PNCT"></g></l></v></tfr></token></tokens></sentence></paragraph></paragraphs></text>