<?xml version="1.0" encoding="utf-8"?><text id="1078" parent="226" name="23958 Несколько генералов Минобороны РФ подали в отставку"><tags><tag>url:http://www.chaskor.ru/news/neskolko_generalov_minoborony_rf_podali_v_otstavku_23958</tag><tag>Год:2011</tag><tag>Дата:05/07</tag><tag>Тема:ЧасКор:Общество</tag><tag>Тема:ЧасКор:Общество/Армия</tag></tags><paragraphs><paragraph id="10453"><sentence id="32805"><source>Несколько генералов Минобороны РФ подали в отставку</source><tokens><token id="588110" text="Несколько"><tfr rev_id="4084617" t="Несколько"><v><l id="188126" t="несколько"><g v="NUMR"></g><g v="nomn"></g></l></v><v><l id="188126" t="несколько"><g v="NUMR"></g><g v="inan"></g><g v="accs"></g></l></v></tfr></token><token id="588111" text="генералов"><tfr rev_id="4202565" t="генералов"><v><l id="68488" t="генерал"><g v="NOUN"></g><g v="anim"></g><g v="masc"></g><g v="plur"></g><g v="gent"></g></l></v></tfr></token><token id="588112" text="Минобороны"><tfr rev_id="4178904" t="Минобороны"><v><l id="160645" t="минобороны"><g v="NOUN"></g><g v="inan"></g><g v="neut"></g><g v="Sgtm"></g><g v="Fixd"></g><g v="Orgn"></g><g v="sing"></g><g v="gent"></g></l></v></tfr></token><token id="588113" text="РФ"><tfr rev_id="4396411" t="РФ"><v><l id="310486" t="рф"><g v="NOUN"></g><g v="inan"></g><g v="femn"></g><g v="Sgtm"></g><g v="Fixd"></g><g v="Abbr"></g><g v="Geox"></g><g v="sing"></g><g v="gent"></g></l></v></tfr></token><token id="588114" text="подали"><tfr rev_id="1421185" t="подали"><v><l id="243891" t="подал"><g v="VERB"></g><g v="perf"></g><g v="tran"></g><g v="plur"></g><g v="past"></g><g v="indc"></g></l></v></tfr></token><token id="588115" text="в"><tfr rev_id="1421186" t="в"><v><l id="37409" t="в"><g v="PREP"></g></l></v></tfr></token><token id="588116" text="отставку"><tfr rev_id="1421187" t="отставку"><v><l id="218332" t="отставка"><g v="NOUN"></g><g v="inan"></g><g v="femn"></g><g v="sing"></g><g v="accs"></g></l></v></tfr></token></tokens></sentence><sentence id="32806"><source>Военные руководители не согласны с методами реформирования армии, применяемыми начальником Генштаба.</source><tokens><token id="588117" text="Военные"><tfr rev_id="4494162" t="Военные"><v><l id="48619" t="военный"><g v="ADJF"></g><g v="plur"></g><g v="nomn"></g></l></v><v><l id="48619" t="военный"><g v="ADJF"></g><g v="inan"></g><g v="plur"></g><g v="accs"></g></l></v></tfr></token><token id="588118" text="руководители"><tfr rev_id="1421189" t="руководители"><v><l id="309980" t="руководитель"><g v="NOUN"></g><g v="anim"></g><g v="masc"></g><g v="plur"></g><g v="nomn"></g></l></v></tfr></token><token id="588119" text="не"><tfr rev_id="1421190" t="не"><v><l id="178876" t="не"><g v="PRCL"></g></l></v></tfr></token><token id="588120" text="согласны"><tfr rev_id="1421191" t="согласны"><v><l id="328258" t="согласен"><g v="ADJS"></g><g v="Qual"></g><g v="plur"></g></l></v></tfr></token><token id="588121" text="с"><tfr rev_id="1421192" t="с"><v><l id="311151" t="с"><g v="PREP"></g></l></v></tfr></token><token id="588122" text="методами"><tfr rev_id="4175872" t="методами"><v><l id="159259" t="метод"><g v="NOUN"></g><g v="inan"></g><g v="masc"></g><g v="plur"></g><g v="ablt"></g></l></v></tfr></token><token id="588123" text="реформирования"><tfr rev_id="3505780" t="реформирования"><v><l id="307146" t="реформирование"><g v="NOUN"></g><g v="inan"></g><g v="neut"></g><g v="sing"></g><g v="gent"></g></l></v></tfr></token><token id="588124" text="армии"><tfr rev_id="4291568" t="армии"><v><l id="16905" t="армия"><g v="NOUN"></g><g v="inan"></g><g v="femn"></g><g v="sing"></g><g v="gent"></g></l></v></tfr></token><token id="588125" text=","><tfr rev_id="1421196" t=","><v><l id="0" t=","><g v="PNCT"></g></l></v></tfr></token><token id="588126" text="применяемыми"><tfr rev_id="1421197" t="применяемыми"><v><l id="271967" t="применяемый"><g v="PRTF"></g><g v="impf"></g><g v="tran"></g><g v="pres"></g><g v="pssv"></g><g v="plur"></g><g v="ablt"></g></l></v></tfr></token><token id="588127" text="начальником"><tfr rev_id="1421198" t="начальником"><v><l id="178197" t="начальник"><g v="NOUN"></g><g v="anim"></g><g v="masc"></g><g v="sing"></g><g v="ablt"></g></l></v></tfr></token><token id="588128" text="Генштаба"><tfr rev_id="1421199" t="Генштаба"><v><l id="68689" t="генштаб"><g v="NOUN"></g><g v="inan"></g><g v="masc"></g><g v="sing"></g><g v="gent"></g></l></v></tfr></token><token id="588129" text="."><tfr rev_id="1421200" t="."><v><l id="0" t="."><g v="PNCT"></g></l></v></tfr></token></tokens></sentence></paragraph><paragraph id="10454"><sentence id="32807"><source>Замначальника Генштаба генерал-лейтенант Андрей Третьяк, первый заместитель главнокомандующего сухопутными войсками генерал-лейтенант Сергей Скоков, начальник управления радиоэлектронной борьбы Генштаба генерал-майор Олег Иванов, а также ряд других влиятельных военных руководителей подали на имя министра обороны России Анатолия Сердюкова рапорты об отставке.</source><tokens><token id="588130" text="Замначальника"><tfr rev_id="1421201" t="Замначальника"><v><l id="0" t="замначальника"><g v="UNKN"></g></l></v></tfr></token><token id="588131" text="Генштаба"><tfr rev_id="1421202" t="Генштаба"><v><l id="68689" t="генштаб"><g v="NOUN"></g><g v="inan"></g><g v="masc"></g><g v="sing"></g><g v="gent"></g></l></v></tfr></token><token id="588132" text="генерал-лейтенант"><tfr rev_id="1421203" t="генерал-лейтенант"><v><l id="68498" t="генерал-лейтенант"><g v="NOUN"></g><g v="anim"></g><g v="masc"></g><g v="sing"></g><g v="nomn"></g></l></v></tfr></token><token id="588133" text="Андрей"><tfr rev_id="1421204" t="Андрей"><v><l id="12977" t="андрей"><g v="NOUN"></g><g v="anim"></g><g v="masc"></g><g v="Name"></g><g v="sing"></g><g v="nomn"></g></l></v></tfr></token><token id="588134" text="Третьяк"><tfr rev_id="1421205" t="Третьяк"><v><l id="349910" t="третьяк"><g v="NOUN"></g><g v="anim"></g><g v="masc"></g><g v="sing"></g><g v="nomn"></g></l></v><v><l id="349911" t="третьяк"><g v="NOUN"></g><g v="inan"></g><g v="masc"></g><g v="sing"></g><g v="nomn"></g></l></v><v><l id="349911" t="третьяк"><g v="NOUN"></g><g v="inan"></g><g v="masc"></g><g v="sing"></g><g v="accs"></g></l></v></tfr></token><token id="588135" text=","><tfr rev_id="1421206" t=","><v><l id="0" t=","><g v="PNCT"></g></l></v></tfr></token><token id="588136" text="первый"><tfr rev_id="1421207" t="первый"><v><l id="226359" t="первый"><g v="ADJF"></g><g v="Anum"></g><g v="masc"></g><g v="sing"></g><g v="nomn"></g></l></v><v><l id="226359" t="первый"><g v="ADJF"></g><g v="Anum"></g><g v="inan"></g><g v="masc"></g><g v="sing"></g><g v="accs"></g></l></v></tfr></token><token id="588137" text="заместитель"><tfr rev_id="1421208" t="заместитель"><v><l id="105492" t="заместитель"><g v="NOUN"></g><g v="anim"></g><g v="masc"></g><g v="sing"></g><g v="nomn"></g></l></v></tfr></token><token id="588138" text="главнокомандующего"><tfr rev_id="3886706" t="главнокомандующего"><v><l id="70841" t="главнокомандующий"><g v="NOUN"></g><g v="anim"></g><g v="masc"></g><g v="sing"></g><g v="gent"></g></l></v></tfr></token><token id="588139" text="сухопутными"><tfr rev_id="1421210" t="сухопутными"><v><l id="340341" t="сухопутный"><g v="ADJF"></g><g v="Qual"></g><g v="plur"></g><g v="ablt"></g></l></v></tfr></token><token id="588140" text="войсками"><tfr rev_id="1421211" t="войсками"><v><l id="49729" t="войско"><g v="NOUN"></g><g v="inan"></g><g v="neut"></g><g v="plur"></g><g v="ablt"></g></l></v></tfr></token><token id="588141" text="генерал-лейтенант"><tfr rev_id="1421212" t="генерал-лейтенант"><v><l id="68498" t="генерал-лейтенант"><g v="NOUN"></g><g v="anim"></g><g v="masc"></g><g v="sing"></g><g v="nomn"></g></l></v></tfr></token><token id="588142" text="Сергей"><tfr rev_id="1421213" t="Сергей"><v><l id="319056" t="сергей"><g v="NOUN"></g><g v="anim"></g><g v="masc"></g><g v="Name"></g><g v="sing"></g><g v="nomn"></g></l></v></tfr></token><token id="588143" text="Скоков"><tfr rev_id="3473340" t="Скоков"><v><l id="322818" t="скоков"><g v="NOUN"></g><g v="anim"></g><g v="masc"></g><g v="Sgtm"></g><g v="Surn"></g><g v="sing"></g><g v="nomn"></g></l></v></tfr></token><token id="588144" text=","><tfr rev_id="1421215" t=","><v><l id="0" t=","><g v="PNCT"></g></l></v></tfr></token><token id="588145" text="начальник"><tfr rev_id="1421216" t="начальник"><v><l id="178197" t="начальник"><g v="NOUN"></g><g v="anim"></g><g v="masc"></g><g v="sing"></g><g v="nomn"></g></l></v></tfr></token><token id="588146" text="управления"><tfr rev_id="3448342" t="управления"><v><l id="359211" t="управление"><g v="NOUN"></g><g v="inan"></g><g v="neut"></g><g v="sing"></g><g v="gent"></g></l></v></tfr></token><token id="588147" text="радиоэлектронной"><tfr rev_id="4423654" t="радиоэлектронной"><v><l id="291317" t="радиоэлектронный"><g v="ADJF"></g><g v="femn"></g><g v="sing"></g><g v="gent"></g></l></v></tfr></token><token id="588148" text="борьбы"><tfr rev_id="1421219" t="борьбы"><v><l id="33103" t="борьба"><g v="NOUN"></g><g v="inan"></g><g v="femn"></g><g v="Sgtm"></g><g v="sing"></g><g v="gent"></g></l></v></tfr></token><token id="588149" text="Генштаба"><tfr rev_id="1421220" t="Генштаба"><v><l id="68689" t="генштаб"><g v="NOUN"></g><g v="inan"></g><g v="masc"></g><g v="sing"></g><g v="gent"></g></l></v></tfr></token><token id="588150" text="генерал-майор"><tfr rev_id="1421221" t="генерал-майор"><v><l id="68499" t="генерал-майор"><g v="NOUN"></g><g v="anim"></g><g v="masc"></g><g v="sing"></g><g v="nomn"></g></l></v></tfr></token><token id="588151" text="Олег"><tfr rev_id="1421222" t="Олег"><v><l id="205971" t="олег"><g v="NOUN"></g><g v="anim"></g><g v="masc"></g><g v="Name"></g><g v="sing"></g><g v="nomn"></g></l></v></tfr></token><token id="588152" text="Иванов"><tfr rev_id="4257969" t="Иванов"><v><l id="117045" t="иванов"><g v="NOUN"></g><g v="anim"></g><g v="masc"></g><g v="Sgtm"></g><g v="Surn"></g><g v="sing"></g><g v="nomn"></g></l></v></tfr></token><token id="588153" text=","><tfr rev_id="1421224" t=","><v><l id="0" t=","><g v="PNCT"></g></l></v></tfr></token><token id="588154" text="а"><tfr rev_id="3487546" t="а"><v><l id="51" t="а"><g v="CONJ"></g></l></v></tfr></token><token id="588155" text="также"><tfr rev_id="4267691" t="также"><v><l id="342482" t="также"><g v="PRCL"></g></l></v></tfr></token><token id="588156" text="ряд"><tfr rev_id="1421227" t="ряд"><v><l id="311045" t="ряд"><g v="NOUN"></g><g v="inan"></g><g v="masc"></g><g v="sing"></g><g v="nomn"></g></l></v><v><l id="311045" t="ряд"><g v="NOUN"></g><g v="inan"></g><g v="masc"></g><g v="sing"></g><g v="accs"></g></l></v></tfr></token><token id="588157" text="других"><tfr rev_id="4356252" t="других"><v><l id="92342" t="другой"><g v="ADJF"></g><g v="Apro"></g><g v="Subx"></g><g v="plur"></g><g v="gent"></g></l></v></tfr></token><token id="588158" text="влиятельных"><tfr rev_id="1421229" t="влиятельных"><v><l id="46953" t="влиятельный"><g v="ADJF"></g><g v="Qual"></g><g v="plur"></g><g v="gent"></g></l></v><v><l id="46953" t="влиятельный"><g v="ADJF"></g><g v="Qual"></g><g v="anim"></g><g v="plur"></g><g v="accs"></g></l></v><v><l id="46953" t="влиятельный"><g v="ADJF"></g><g v="Qual"></g><g v="plur"></g><g v="loct"></g></l></v></tfr></token><token id="588159" text="военных"><tfr rev_id="4494229" t="военных"><v><l id="48619" t="военный"><g v="ADJF"></g><g v="plur"></g><g v="gent"></g></l></v></tfr></token><token id="588160" text="руководителей"><tfr rev_id="4085123" t="руководителей"><v><l id="309980" t="руководитель"><g v="NOUN"></g><g v="anim"></g><g v="masc"></g><g v="plur"></g><g v="gent"></g></l></v></tfr></token><token id="588161" text="подали"><tfr rev_id="1421232" t="подали"><v><l id="243891" t="подал"><g v="VERB"></g><g v="perf"></g><g v="tran"></g><g v="plur"></g><g v="past"></g><g v="indc"></g></l></v></tfr></token><token id="588162" text="на"><tfr rev_id="3330328" t="на"><v><l id="166264" t="на"><g v="PREP"></g></l></v></tfr></token><token id="588163" text="имя"><tfr rev_id="4103922" t="имя"><v><l id="121947" t="имя"><g v="NOUN"></g><g v="inan"></g><g v="neut"></g><g v="sing"></g><g v="accs"></g></l></v></tfr></token><token id="588164" text="министра"><tfr rev_id="4386123" t="министра"><v><l id="160614" t="министр"><g v="NOUN"></g><g v="anim"></g><g v="masc"></g><g v="sing"></g><g v="gent"></g></l></v></tfr></token><token id="588165" text="обороны"><tfr rev_id="3453347" t="обороны"><v><l id="198479" t="оборона"><g v="NOUN"></g><g v="inan"></g><g v="femn"></g><g v="sing"></g><g v="gent"></g></l></v></tfr></token><token id="588166" text="России"><tfr rev_id="2934867" t="России"><v><l id="309322" t="россия"><g v="NOUN"></g><g v="inan"></g><g v="femn"></g><g v="Sgtm"></g><g v="Geox"></g><g v="sing"></g><g v="gent"></g></l></v></tfr></token><token id="588167" text="Анатолия"><tfr rev_id="4396741" t="Анатолия"><v><l id="12451" t="анатолий"><g v="NOUN"></g><g v="anim"></g><g v="masc"></g><g v="Name"></g><g v="sing"></g><g v="gent"></g></l></v></tfr></token><token id="588168" text="Сердюкова"><tfr rev_id="4467974" t="Сердюкова"><v><l id="390244" t="сердюков"><g v="NOUN"></g><g v="anim"></g><g v="masc"></g><g v="Sgtm"></g><g v="Surn"></g><g v="sing"></g><g v="gent"></g></l></v></tfr></token><token id="588169" text="рапорты"><tfr rev_id="3727705" t="рапорты"><v><l id="298006" t="рапорт"><g v="NOUN"></g><g v="inan"></g><g v="masc"></g><g v="plur"></g><g v="accs"></g></l></v></tfr></token><token id="588170" text="об"><tfr rev_id="2921208" t="об"><v><l id="192977" t="о"><g v="PREP"></g><g v="Vpre"></g></l></v></tfr></token><token id="588171" text="отставке"><tfr rev_id="2605766" t="отставке"><v><l id="218332" t="отставка"><g v="NOUN"></g><g v="inan"></g><g v="femn"></g><g v="sing"></g><g v="loct"></g></l></v></tfr></token><token id="588172" text="."><tfr rev_id="1421243" t="."><v><l id="0" t="."><g v="PNCT"></g></l></v></tfr></token></tokens></sentence></paragraph><paragraph id="10455"><sentence id="32808"><source>Предполагаемая причина такого решения — несогласие с методами реформирования армии, применяемыми начальником Генштаба — первым замминистра обороны генералом армии Николаем Макаровым.</source><tokens><token id="588173" text="Предполагаемая"><tfr rev_id="3684905" t="Предполагаемая"><v><l id="266817" t="предполагаемый"><g v="PRTF"></g><g v="impf"></g><g v="tran"></g><g v="pres"></g><g v="pssv"></g><g v="Adjx"></g><g v="femn"></g><g v="sing"></g><g v="nomn"></g></l></v></tfr></token><token id="588174" text="причина"><tfr rev_id="1421245" t="причина"><v><l id="276522" t="причина"><g v="NOUN"></g><g v="inan"></g><g v="femn"></g><g v="sing"></g><g v="nomn"></g></l></v></tfr></token><token id="588175" text="такого"><tfr rev_id="4161233" t="такого"><v><l id="342491" t="такой"><g v="ADJF"></g><g v="Apro"></g><g v="neut"></g><g v="sing"></g><g v="gent"></g></l></v></tfr></token><token id="588176" text="решения"><tfr rev_id="3502109" t="решения"><v><l id="307350" t="решение"><g v="NOUN"></g><g v="inan"></g><g v="neut"></g><g v="sing"></g><g v="gent"></g></l></v></tfr></token><token id="588177" text="—"><tfr rev_id="2443162" t="—"><v><l id="0" t="—"><g v="PNCT"></g></l></v></tfr></token><token id="588178" text="несогласие"><tfr rev_id="3300585" t="несогласие"><v><l id="188362" t="несогласие"><g v="NOUN"></g><g v="inan"></g><g v="neut"></g><g v="sing"></g><g v="nomn"></g></l></v></tfr></token><token id="588179" text="с"><tfr rev_id="1421250" t="с"><v><l id="311151" t="с"><g v="PREP"></g></l></v></tfr></token><token id="588180" text="методами"><tfr rev_id="4286504" t="методами"><v><l id="159259" t="метод"><g v="NOUN"></g><g v="inan"></g><g v="masc"></g><g v="plur"></g><g v="ablt"></g></l></v></tfr></token><token id="588181" text="реформирования"><tfr rev_id="3457530" t="реформирования"><v><l id="307146" t="реформирование"><g v="NOUN"></g><g v="inan"></g><g v="neut"></g><g v="sing"></g><g v="gent"></g></l></v></tfr></token><token id="588182" text="армии"><tfr rev_id="4314085" t="армии"><v><l id="16905" t="армия"><g v="NOUN"></g><g v="inan"></g><g v="femn"></g><g v="sing"></g><g v="gent"></g></l></v></tfr></token><token id="588183" text=","><tfr rev_id="1421254" t=","><v><l id="0" t=","><g v="PNCT"></g></l></v></tfr></token><token id="588184" text="применяемыми"><tfr rev_id="1421255" t="применяемыми"><v><l id="271967" t="применяемый"><g v="PRTF"></g><g v="impf"></g><g v="tran"></g><g v="pres"></g><g v="pssv"></g><g v="plur"></g><g v="ablt"></g></l></v></tfr></token><token id="588185" text="начальником"><tfr rev_id="1421256" t="начальником"><v><l id="178197" t="начальник"><g v="NOUN"></g><g v="anim"></g><g v="masc"></g><g v="sing"></g><g v="ablt"></g></l></v></tfr></token><token id="588186" text="Генштаба"><tfr rev_id="1421257" t="Генштаба"><v><l id="68689" t="генштаб"><g v="NOUN"></g><g v="inan"></g><g v="masc"></g><g v="sing"></g><g v="gent"></g></l></v></tfr></token><token id="588187" text="—"><tfr rev_id="2443163" t="—"><v><l id="0" t="—"><g v="PNCT"></g></l></v></tfr></token><token id="588188" text="первым"><tfr rev_id="4310749" t="первым"><v><l id="226359" t="первый"><g v="ADJF"></g><g v="Anum"></g><g v="masc"></g><g v="sing"></g><g v="ablt"></g></l></v></tfr></token><token id="588189" text="замминистра"><tfr rev_id="4153752" t="замминистра"><v><l id="105696" t="замминистра"><g v="NOUN"></g><g v="anim"></g><g v="masc"></g><g v="Sgtm"></g><g v="Fixd"></g><g v="sing"></g><g v="ablt"></g></l></v></tfr></token><token id="588190" text="обороны"><tfr rev_id="3498448" t="обороны"><v><l id="198479" t="оборона"><g v="NOUN"></g><g v="inan"></g><g v="femn"></g><g v="sing"></g><g v="gent"></g></l></v></tfr></token><token id="588191" text="генералом"><tfr rev_id="1421262" t="генералом"><v><l id="68488" t="генерал"><g v="NOUN"></g><g v="anim"></g><g v="masc"></g><g v="sing"></g><g v="ablt"></g></l></v></tfr></token><token id="588192" text="армии"><tfr rev_id="4277465" t="армии"><v><l id="16905" t="армия"><g v="NOUN"></g><g v="inan"></g><g v="femn"></g><g v="sing"></g><g v="gent"></g></l></v></tfr></token><token id="588193" text="Николаем"><tfr rev_id="1421264" t="Николаем"><v><l id="190957" t="николай"><g v="NOUN"></g><g v="anim"></g><g v="masc"></g><g v="Name"></g><g v="sing"></g><g v="ablt"></g></l></v></tfr></token><token id="588194" text="Макаровым"><tfr rev_id="3493914" t="Макаровым"><v><l id="153270" t="макаров"><g v="NOUN"></g><g v="anim"></g><g v="masc"></g><g v="Sgtm"></g><g v="Surn"></g><g v="sing"></g><g v="ablt"></g></l></v></tfr></token><token id="588195" text="."><tfr rev_id="1421266" t="."><v><l id="0" t="."><g v="PNCT"></g></l></v></tfr></token></tokens></sentence><sentence id="32809"><source>Впрочем, сами генералы, пишет  «Независимая газета», не афишируют причины своего решения.</source><tokens><token id="588196" text="Впрочем"><tfr rev_id="3423248" t="Впрочем"><v><l id="52738" t="впрочем"><g v="CONJ"></g><g v="Prnt"></g></l></v></tfr></token><token id="588197" text=","><tfr rev_id="1421268" t=","><v><l id="0" t=","><g v="PNCT"></g></l></v></tfr></token><token id="588198" text="сами"><tfr rev_id="4083138" t="сами"><v><l id="312034" t="сам"><g v="ADJF"></g><g v="Apro"></g><g v="plur"></g><g v="nomn"></g></l></v></tfr></token><token id="588199" text="генералы"><tfr rev_id="1421270" t="генералы"><v><l id="68488" t="генерал"><g v="NOUN"></g><g v="anim"></g><g v="masc"></g><g v="plur"></g><g v="nomn"></g></l></v></tfr></token><token id="588200" text=","><tfr rev_id="1421271" t=","><v><l id="0" t=","><g v="PNCT"></g></l></v></tfr></token><token id="588201" text="пишет"><tfr rev_id="1421272" t="пишет"><v><l id="239101" t="пишу"><g v="VERB"></g><g v="impf"></g><g v="tran"></g><g v="sing"></g><g v="3per"></g><g v="pres"></g><g v="indc"></g></l></v></tfr></token><token id="588202" text="«"><tfr rev_id="2443164" t="«"><v><l id="0" t="«"><g v="PNCT"></g></l></v></tfr></token><token id="588203" text="Независимая"><tfr rev_id="1421274" t="Независимая"><v><l id="182131" t="независимый"><g v="ADJF"></g><g v="Qual"></g><g v="femn"></g><g v="sing"></g><g v="nomn"></g></l></v></tfr></token><token id="588204" text="газета"><tfr rev_id="1421275" t="газета"><v><l id="65825" t="газета"><g v="NOUN"></g><g v="inan"></g><g v="femn"></g><g v="sing"></g><g v="nomn"></g></l></v></tfr></token><token id="588205" text="»"><tfr rev_id="2443165" t="»"><v><l id="0" t="»"><g v="PNCT"></g></l></v></tfr></token><token id="588206" text=","><tfr rev_id="1421277" t=","><v><l id="0" t=","><g v="PNCT"></g></l></v></tfr></token><token id="588207" text="не"><tfr rev_id="1421278" t="не"><v><l id="178876" t="не"><g v="PRCL"></g></l></v></tfr></token><token id="588208" text="афишируют"><tfr rev_id="1421279" t="афишируют"><v><l id="20195" t="афишировал"><g v="VERB"></g><g v="perf"></g><g v="tran"></g><g v="plur"></g><g v="3per"></g><g v="futr"></g><g v="indc"></g></l></v><v><l id="20196" t="афиширую"><g v="VERB"></g><g v="impf"></g><g v="tran"></g><g v="plur"></g><g v="3per"></g><g v="pres"></g><g v="indc"></g></l></v></tfr></token><token id="588209" text="причины"><tfr rev_id="3766511" t="причины"><v><l id="276522" t="причина"><g v="NOUN"></g><g v="inan"></g><g v="femn"></g><g v="plur"></g><g v="accs"></g></l></v></tfr></token><token id="588210" text="своего"><tfr rev_id="3630282" t="своего"><v><l id="316379" t="свой"><g v="ADJF"></g><g v="Apro"></g><g v="Anph"></g><g v="neut"></g><g v="sing"></g><g v="gent"></g></l></v></tfr></token><token id="588211" text="решения"><tfr rev_id="3434059" t="решения"><v><l id="307350" t="решение"><g v="NOUN"></g><g v="inan"></g><g v="neut"></g><g v="sing"></g><g v="gent"></g></l></v></tfr></token><token id="588212" text="."><tfr rev_id="1421283" t="."><v><l id="0" t="."><g v="PNCT"></g></l></v></tfr></token></tokens></sentence><sentence id="32810"><source>«В ряде СМИ писалось, что во всех армейских бедах виноват министр обороны Анатолий Сердюков.</source><tokens><token id="588213" text="«"><tfr rev_id="2443166" t="«"><v><l id="0" t="«"><g v="PNCT"></g></l></v></tfr></token><token id="588214" text="В"><tfr rev_id="1421285" t="В"><v><l id="37409" t="в"><g v="PREP"></g></l></v></tfr></token><token id="588215" text="ряде"><tfr rev_id="1421286" t="ряде"><v><l id="311045" t="ряд"><g v="NOUN"></g><g v="inan"></g><g v="masc"></g><g v="sing"></g><g v="loc1"></g></l></v></tfr></token><token id="588216" text="СМИ"><tfr rev_id="4489522" t="СМИ"><v><l id="326341" t="сми"><g v="NOUN"></g><g v="inan"></g><g v="GNdr"></g><g v="Pltm"></g><g v="Fixd"></g><g v="Abbr"></g><g v="plur"></g><g v="gent"></g></l></v></tfr></token><token id="588217" text="писалось"><tfr rev_id="1421288" t="писалось"><v><l id="239108" t="пишусь"><g v="VERB"></g><g v="impf"></g><g v="intr"></g><g v="neut"></g><g v="sing"></g><g v="past"></g><g v="indc"></g></l></v></tfr></token><token id="588218" text=","><tfr rev_id="1421289" t=","><v><l id="0" t=","><g v="PNCT"></g></l></v></tfr></token><token id="588219" text="что"><tfr rev_id="3196686" t="что"><v><l id="377004" t="что"><g v="CONJ"></g></l></v><v><l id="377005" t="что"><g v="NPRO"></g><g v="neut"></g><g v="sing"></g><g v="nomn"></g></l></v><v><l id="377005" t="что"><g v="NPRO"></g><g v="neut"></g><g v="sing"></g><g v="accs"></g></l></v><v><l id="377006" t="что"><g v="ADVB"></g><g v="Ques"></g></l></v><v><l id="388695" t="что"><g v="PRCL"></g></l></v></tfr></token><token id="588220" text="во"><tfr rev_id="2920224" t="во"><v><l id="37409" t="в"><g v="PREP"></g><g v="Vpre"></g></l></v></tfr></token><token id="588221" text="всех"><tfr rev_id="4359314" t="всех"><v><l id="42156" t="весь"><g v="ADJF"></g><g v="Subx"></g><g v="Apro"></g><g v="plur"></g><g v="loct"></g></l></v></tfr></token><token id="588222" text="армейских"><tfr rev_id="4361154" t="армейских"><v><l id="16807" t="армейский"><g v="ADJF"></g><g v="plur"></g><g v="loct"></g></l></v></tfr></token><token id="588223" text="бедах"><tfr rev_id="1421294" t="бедах"><v><l id="25314" t="беда"><g v="NOUN"></g><g v="inan"></g><g v="femn"></g><g v="plur"></g><g v="loct"></g></l></v></tfr></token><token id="588224" text="виноват"><tfr rev_id="1421295" t="виноват"><v><l id="45239" t="виноват"><g v="ADJS"></g><g v="Qual"></g><g v="masc"></g><g v="sing"></g></l></v></tfr></token><token id="588225" text="министр"><tfr rev_id="1421296" t="министр"><v><l id="160614" t="министр"><g v="NOUN"></g><g v="anim"></g><g v="masc"></g><g v="sing"></g><g v="nomn"></g></l></v></tfr></token><token id="588226" text="обороны"><tfr rev_id="3482165" t="обороны"><v><l id="198479" t="оборона"><g v="NOUN"></g><g v="inan"></g><g v="femn"></g><g v="sing"></g><g v="gent"></g></l></v></tfr></token><token id="588227" text="Анатолий"><tfr rev_id="3453274" t="Анатолий"><v><l id="12451" t="анатолий"><g v="NOUN"></g><g v="anim"></g><g v="masc"></g><g v="Name"></g><g v="sing"></g><g v="nomn"></g></l></v></tfr></token><token id="588228" text="Сердюков"><tfr rev_id="4306109" t="Сердюков"><v><l id="390244" t="сердюков"><g v="NOUN"></g><g v="anim"></g><g v="masc"></g><g v="Sgtm"></g><g v="Surn"></g><g v="sing"></g><g v="nomn"></g></l></v></tfr></token><token id="588229" text="."><tfr rev_id="1421300" t="."><v><l id="0" t="."><g v="PNCT"></g></l></v></tfr></token></tokens></sentence><sentence id="32811"><source>Однако это не так.</source><tokens><token id="588230" text="Однако"><tfr rev_id="2624523" t="Однако"><v><l id="203386" t="однако"><g v="INTJ"></g></l></v><v><l id="203387" t="однако"><g v="CONJ"></g><g v="Prnt"></g></l></v></tfr></token><token id="588231" text="это"><tfr rev_id="4441489" t="это"><v><l id="386574" t="это"><g v="PRCL"></g></l></v><v><l id="386575" t="это"><g v="NPRO"></g><g v="neut"></g><g v="sing"></g><g v="nomn"></g></l></v><v><l id="386575" t="это"><g v="NPRO"></g><g v="neut"></g><g v="sing"></g><g v="accs"></g></l></v><v><l id="386581" t="этот"><g v="ADJF"></g><g v="Subx"></g><g v="Apro"></g><g v="Anph"></g><g v="neut"></g><g v="sing"></g><g v="nomn"></g></l></v><v><l id="386581" t="этот"><g v="ADJF"></g><g v="Subx"></g><g v="Apro"></g><g v="Anph"></g><g v="neut"></g><g v="sing"></g><g v="accs"></g></l></v></tfr></token><token id="588232" text="не"><tfr rev_id="1421303" t="не"><v><l id="178876" t="не"><g v="PRCL"></g></l></v></tfr></token><token id="588233" text="так"><tfr rev_id="1421304" t="так"><v><l id="342451" t="так"><g v="CONJ"></g></l></v><v><l id="342452" t="так"><g v="PRCL"></g></l></v><v><l id="342453" t="так"><g v="ADVB"></g><g v="Dmns"></g></l></v></tfr></token><token id="588234" text="."><tfr rev_id="1421305" t="."><v><l id="0" t="."><g v="PNCT"></g></l></v></tfr></token></tokens></sentence><sentence id="32812"><source>Сердюков на посту министра обороны доказал, что он эффективный менеджер, в том числе и в организации снабжения войск, оснащения их новыми видами вооружений и т.п.</source><tokens><token id="588235" text="Сердюков"><tfr rev_id="4306110" t="Сердюков"><v><l id="390244" t="сердюков"><g v="NOUN"></g><g v="anim"></g><g v="masc"></g><g v="Sgtm"></g><g v="Surn"></g><g v="sing"></g><g v="nomn"></g></l></v></tfr></token><token id="588236" text="на"><tfr rev_id="3330566" t="на"><v><l id="166264" t="на"><g v="PREP"></g></l></v></tfr></token><token id="588237" text="посту"><tfr rev_id="3045945" t="посту"><v><l id="262073" t="пост"><g v="NOUN"></g><g v="inan"></g><g v="masc"></g><g v="sing"></g><g v="loc2"></g></l></v></tfr></token><token id="588238" text="министра"><tfr rev_id="3721585" t="министра"><v><l id="160614" t="министр"><g v="NOUN"></g><g v="anim"></g><g v="masc"></g><g v="sing"></g><g v="gent"></g></l></v></tfr></token><token id="588239" text="обороны"><tfr rev_id="3432702" t="обороны"><v><l id="198479" t="оборона"><g v="NOUN"></g><g v="inan"></g><g v="femn"></g><g v="sing"></g><g v="gent"></g></l></v></tfr></token><token id="588240" text="доказал"><tfr rev_id="1421311" t="доказал"><v><l id="86979" t="доказал"><g v="VERB"></g><g v="perf"></g><g v="tran"></g><g v="masc"></g><g v="sing"></g><g v="past"></g><g v="indc"></g></l></v></tfr></token><token id="588241" text=","><tfr rev_id="1421312" t=","><v><l id="0" t=","><g v="PNCT"></g></l></v></tfr></token><token id="588242" text="что"><tfr rev_id="3196687" t="что"><v><l id="377004" t="что"><g v="CONJ"></g></l></v><v><l id="377005" t="что"><g v="NPRO"></g><g v="neut"></g><g v="sing"></g><g v="nomn"></g></l></v><v><l id="377005" t="что"><g v="NPRO"></g><g v="neut"></g><g v="sing"></g><g v="accs"></g></l></v><v><l id="377006" t="что"><g v="ADVB"></g><g v="Ques"></g></l></v><v><l id="388695" t="что"><g v="PRCL"></g></l></v></tfr></token><token id="588243" text="он"><tfr rev_id="3575538" t="он"><v><l id="206541" t="он"><g v="NPRO"></g><g v="masc"></g><g v="3per"></g><g v="Anph"></g><g v="sing"></g><g v="nomn"></g></l></v></tfr></token><token id="588244" text="эффективный"><tfr rev_id="1421315" t="эффективный"><v><l id="386659" t="эффективный"><g v="ADJF"></g><g v="Qual"></g><g v="masc"></g><g v="sing"></g><g v="nomn"></g></l></v><v><l id="386659" t="эффективный"><g v="ADJF"></g><g v="Qual"></g><g v="inan"></g><g v="masc"></g><g v="sing"></g><g v="accs"></g></l></v></tfr></token><token id="588245" text="менеджер"><tfr rev_id="1421316" t="менеджер"><v><l id="158340" t="менеджер"><g v="NOUN"></g><g v="anim"></g><g v="masc"></g><g v="sing"></g><g v="nomn"></g></l></v></tfr></token><token id="588246" text=","><tfr rev_id="1421317" t=","><v><l id="0" t=","><g v="PNCT"></g></l></v></tfr></token><token id="588247" text="в"><tfr rev_id="1421318" t="в"><v><l id="37409" t="в"><g v="PREP"></g></l></v></tfr></token><token id="588248" text="том"><tfr rev_id="3806153" t="том"><v><l id="348430" t="тот"><g v="ADJF"></g><g v="Subx"></g><g v="Apro"></g><g v="Anph"></g><g v="neut"></g><g v="sing"></g><g v="loct"></g></l></v></tfr></token><token id="588249" text="числе"><tfr rev_id="1421320" t="числе"><v><l id="376585" t="число"><g v="NOUN"></g><g v="inan"></g><g v="neut"></g><g v="sing"></g><g v="loct"></g></l></v></tfr></token><token id="588250" text="и"><tfr rev_id="1421321" t="и"><v><l id="116949" t="и"><g v="CONJ"></g></l></v><v><l id="116950" t="и"><g v="INTJ"></g></l></v></tfr></token><token id="588251" text="в"><tfr rev_id="1421322" t="в"><v><l id="37409" t="в"><g v="PREP"></g></l></v></tfr></token><token id="588252" text="организации"><tfr rev_id="4291569" t="организации"><v><l id="208750" t="организация"><g v="NOUN"></g><g v="inan"></g><g v="femn"></g><g v="sing"></g><g v="loct"></g></l></v></tfr></token><token id="588253" text="снабжения"><tfr rev_id="3501482" t="снабжения"><v><l id="327135" t="снабжение"><g v="NOUN"></g><g v="inan"></g><g v="neut"></g><g v="sing"></g><g v="gent"></g></l></v></tfr></token><token id="588254" text="войск"><tfr rev_id="1421325" t="войск"><v><l id="49729" t="войско"><g v="NOUN"></g><g v="inan"></g><g v="neut"></g><g v="plur"></g><g v="gent"></g></l></v></tfr></token><token id="588255" text=","><tfr rev_id="1421326" t=","><v><l id="0" t=","><g v="PNCT"></g></l></v></tfr></token><token id="588256" text="оснащения"><tfr rev_id="3269855" t="оснащения"><v><l id="210566" t="оснащение"><g v="NOUN"></g><g v="inan"></g><g v="neut"></g><g v="sing"></g><g v="gent"></g></l></v></tfr></token><token id="588257" text="их"><tfr rev_id="4474106" t="их"><v><l id="206619" t="они"><g v="NPRO"></g><g v="3per"></g><g v="Anph"></g><g v="plur"></g><g v="gent"></g></l></v><v><l id="206619" t="они"><g v="NPRO"></g><g v="3per"></g><g v="Anph"></g><g v="plur"></g><g v="accs"></g></l></v></tfr></token><token id="588258" text="новыми"><tfr rev_id="4195416" t="новыми"><v><l id="191918" t="новый"><g v="ADJF"></g><g v="Qual"></g><g v="plur"></g><g v="ablt"></g></l></v></tfr></token><token id="588259" text="видами"><tfr rev_id="1421330" t="видами"><v><l id="44437" t="вид"><g v="NOUN"></g><g v="inan"></g><g v="masc"></g><g v="plur"></g><g v="ablt"></g></l></v></tfr></token><token id="588260" text="вооружений"><tfr rev_id="1421331" t="вооружений"><v><l id="50777" t="вооружение"><g v="NOUN"></g><g v="inan"></g><g v="neut"></g><g v="plur"></g><g v="gent"></g></l></v></tfr></token><token id="588261" text="и"><tfr rev_id="3712245" t="и"><v><l id="116949" t="и"><g v="CONJ"></g></l></v></tfr></token><token id="588262" text="т"><tfr rev_id="4509987" t="т"><v><l id="390035" t="т"><g v="ADJF"></g><g v="Fixd"></g><g v="Abbr"></g><g v="masc"></g><g v="sing"></g><g v="nomn"></g></l></v><v><l id="390035" t="т"><g v="ADJF"></g><g v="Fixd"></g><g v="Abbr"></g><g v="masc"></g><g v="sing"></g><g v="gent"></g></l></v><v><l id="390035" t="т"><g v="ADJF"></g><g v="Fixd"></g><g v="Abbr"></g><g v="masc"></g><g v="sing"></g><g v="datv"></g></l></v><v><l id="390035" t="т"><g v="ADJF"></g><g v="Fixd"></g><g v="Abbr"></g><g v="masc"></g><g v="sing"></g><g v="accs"></g></l></v><v><l id="390035" t="т"><g v="ADJF"></g><g v="Fixd"></g><g v="Abbr"></g><g v="masc"></g><g v="sing"></g><g v="ablt"></g></l></v><v><l id="390035" t="т"><g v="ADJF"></g><g v="Fixd"></g><g v="Abbr"></g><g v="masc"></g><g v="sing"></g><g v="loct"></g></l></v><v><l id="390035" t="т"><g v="ADJF"></g><g v="Fixd"></g><g v="Abbr"></g><g v="femn"></g><g v="sing"></g><g v="nomn"></g></l></v><v><l id="390035" t="т"><g v="ADJF"></g><g v="Fixd"></g><g v="Abbr"></g><g v="femn"></g><g v="sing"></g><g v="gent"></g></l></v><v><l id="390035" t="т"><g v="ADJF"></g><g v="Fixd"></g><g v="Abbr"></g><g v="femn"></g><g v="sing"></g><g v="datv"></g></l></v><v><l id="390035" t="т"><g v="ADJF"></g><g v="Fixd"></g><g v="Abbr"></g><g v="femn"></g><g v="sing"></g><g v="accs"></g></l></v><v><l id="390035" t="т"><g v="ADJF"></g><g v="Fixd"></g><g v="Abbr"></g><g v="femn"></g><g v="sing"></g><g v="ablt"></g></l></v><v><l id="390035" t="т"><g v="ADJF"></g><g v="Fixd"></g><g v="Abbr"></g><g v="femn"></g><g v="sing"></g><g v="loct"></g></l></v><v><l id="390035" t="т"><g v="ADJF"></g><g v="Fixd"></g><g v="Abbr"></g><g v="neut"></g><g v="sing"></g><g v="nomn"></g></l></v><v><l id="390035" t="т"><g v="ADJF"></g><g v="Fixd"></g><g v="Abbr"></g><g v="neut"></g><g v="sing"></g><g v="gent"></g></l></v><v><l id="390035" t="т"><g v="ADJF"></g><g v="Fixd"></g><g v="Abbr"></g><g v="neut"></g><g v="sing"></g><g v="datv"></g></l></v><v><l id="390035" t="т"><g v="ADJF"></g><g v="Fixd"></g><g v="Abbr"></g><g v="neut"></g><g v="sing"></g><g v="accs"></g></l></v><v><l id="390035" t="т"><g v="ADJF"></g><g v="Fixd"></g><g v="Abbr"></g><g v="neut"></g><g v="sing"></g><g v="ablt"></g></l></v><v><l id="390035" t="т"><g v="ADJF"></g><g v="Fixd"></g><g v="Abbr"></g><g v="neut"></g><g v="sing"></g><g v="loct"></g></l></v></tfr></token><token id="588263" text="."><tfr rev_id="1421334" t="."><v><l id="0" t="."><g v="PNCT"></g></l></v></tfr></token><token id="588264" text="п"><tfr rev_id="4456443" t="п"><v><l id="390034" t="п"><g v="ADJF"></g><g v="Fixd"></g><g v="Abbr"></g><g v="neut"></g><g v="sing"></g><g v="nomn"></g></l></v><v><l id="390034" t="п"><g v="ADJF"></g><g v="Fixd"></g><g v="Abbr"></g><g v="neut"></g><g v="sing"></g><g v="gent"></g></l></v><v><l id="390034" t="п"><g v="ADJF"></g><g v="Fixd"></g><g v="Abbr"></g><g v="neut"></g><g v="sing"></g><g v="datv"></g></l></v><v><l id="390034" t="п"><g v="ADJF"></g><g v="Fixd"></g><g v="Abbr"></g><g v="neut"></g><g v="sing"></g><g v="accs"></g></l></v><v><l id="390034" t="п"><g v="ADJF"></g><g v="Fixd"></g><g v="Abbr"></g><g v="neut"></g><g v="sing"></g><g v="ablt"></g></l></v><v><l id="390034" t="п"><g v="ADJF"></g><g v="Fixd"></g><g v="Abbr"></g><g v="neut"></g><g v="sing"></g><g v="loct"></g></l></v></tfr></token><token id="588265" text="."><tfr rev_id="1421336" t="."><v><l id="0" t="."><g v="PNCT"></g></l></v></tfr></token></tokens></sentence><sentence id="32813"><source>А вот про Макарова этого не скажешь.</source><tokens><token id="588266" text="А"><tfr rev_id="3411294" t="А"><v><l id="51" t="а"><g v="CONJ"></g></l></v></tfr></token><token id="588267" text="вот"><tfr rev_id="3661814" t="вот"><v><l id="52157" t="вот"><g v="PRCL"></g></l></v></tfr></token><token id="588268" text="про"><tfr rev_id="1421339" t="про"><v><l id="277024" t="про"><g v="PREP"></g></l></v></tfr></token><token id="588269" text="Макарова"><tfr rev_id="4293189" t="Макарова"><v><l id="153270" t="макаров"><g v="NOUN"></g><g v="anim"></g><g v="masc"></g><g v="Sgtm"></g><g v="Surn"></g><g v="sing"></g><g v="gent"></g></l></v><v><l id="153270" t="макаров"><g v="NOUN"></g><g v="anim"></g><g v="masc"></g><g v="Sgtm"></g><g v="Surn"></g><g v="sing"></g><g v="accs"></g></l></v></tfr></token><token id="588270" text="этого"><tfr rev_id="4473772" t="этого"><v><l id="386575" t="это"><g v="NPRO"></g><g v="neut"></g><g v="sing"></g><g v="gent"></g></l></v></tfr></token><token id="588271" text="не"><tfr rev_id="1421342" t="не"><v><l id="178876" t="не"><g v="PRCL"></g></l></v></tfr></token><token id="588272" text="скажешь"><tfr rev_id="1421343" t="скажешь"><v><l id="321532" t="сказал"><g v="VERB"></g><g v="perf"></g><g v="tran"></g><g v="sing"></g><g v="2per"></g><g v="futr"></g><g v="indc"></g></l></v></tfr></token><token id="588273" text="."><tfr rev_id="1421344" t="."><v><l id="0" t="."><g v="PNCT"></g></l></v></tfr></token></tokens></sentence><sentence id="32814"><source>Состояние войск, их фантастическая боевая готовность, о которой так любит говорить начальник Генштаба, — это фикция, которая может стать темой отдельного разговора», — цитирует издание представителя оборонного ведомства.</source><tokens><token id="588274" text="Состояние"><tfr rev_id="4096297" t="Состояние"><v><l id="330557" t="состояние"><g v="NOUN"></g><g v="inan"></g><g v="neut"></g><g v="sing"></g><g v="nomn"></g></l></v></tfr></token><token id="588275" text="войск"><tfr rev_id="1421346" t="войск"><v><l id="49729" t="войско"><g v="NOUN"></g><g v="inan"></g><g v="neut"></g><g v="plur"></g><g v="gent"></g></l></v></tfr></token><token id="588276" text=","><tfr rev_id="1421347" t=","><v><l id="0" t=","><g v="PNCT"></g></l></v></tfr></token><token id="588277" text="их"><tfr rev_id="4458068" t="их"><v><l id="127205" t="их"><g v="ADJF"></g><g v="Fixd"></g><g v="Apro"></g><g v="Anph"></g><g v="femn"></g><g v="sing"></g><g v="nomn"></g></l></v><v><l id="127205" t="их"><g v="ADJF"></g><g v="Fixd"></g><g v="Apro"></g><g v="Anph"></g><g v="femn"></g><g v="sing"></g><g v="gent"></g></l></v><v><l id="127205" t="их"><g v="ADJF"></g><g v="Fixd"></g><g v="Apro"></g><g v="Anph"></g><g v="femn"></g><g v="sing"></g><g v="datv"></g></l></v><v><l id="127205" t="их"><g v="ADJF"></g><g v="Fixd"></g><g v="Apro"></g><g v="Anph"></g><g v="femn"></g><g v="sing"></g><g v="accs"></g></l></v><v><l id="127205" t="их"><g v="ADJF"></g><g v="Fixd"></g><g v="Apro"></g><g v="Anph"></g><g v="femn"></g><g v="sing"></g><g v="ablt"></g></l></v><v><l id="127205" t="их"><g v="ADJF"></g><g v="Fixd"></g><g v="Apro"></g><g v="Anph"></g><g v="femn"></g><g v="sing"></g><g v="loct"></g></l></v></tfr></token><token id="588278" text="фантастическая"><tfr rev_id="1421349" t="фантастическая"><v><l id="364444" t="фантастический"><g v="ADJF"></g><g v="femn"></g><g v="sing"></g><g v="nomn"></g></l></v></tfr></token><token id="588279" text="боевая"><tfr rev_id="1421350" t="боевая"><v><l id="31835" t="боевой"><g v="ADJF"></g><g v="femn"></g><g v="sing"></g><g v="nomn"></g></l></v></tfr></token><token id="588280" text="готовность"><tfr rev_id="3708053" t="готовность"><v><l id="74219" t="готовность"><g v="NOUN"></g><g v="inan"></g><g v="femn"></g><g v="sing"></g><g v="nomn"></g></l></v></tfr></token><token id="588281" text=","><tfr rev_id="1421352" t=","><v><l id="0" t=","><g v="PNCT"></g></l></v></tfr></token><token id="588282" text="о"><tfr rev_id="3417274" t="о"><v><l id="192977" t="о"><g v="PREP"></g></l></v></tfr></token><token id="588283" text="которой"><tfr rev_id="4170074" t="которой"><v><l id="141203" t="который"><g v="ADJF"></g><g v="Apro"></g><g v="Subx"></g><g v="Anph"></g><g v="femn"></g><g v="sing"></g><g v="loct"></g></l></v></tfr></token><token id="588284" text="так"><tfr rev_id="1421355" t="так"><v><l id="342451" t="так"><g v="CONJ"></g></l></v><v><l id="342452" t="так"><g v="PRCL"></g></l></v><v><l id="342453" t="так"><g v="ADVB"></g><g v="Dmns"></g></l></v></tfr></token><token id="588285" text="любит"><tfr rev_id="1421356" t="любит"><v><l id="151971" t="люблю"><g v="VERB"></g><g v="impf"></g><g v="tran"></g><g v="sing"></g><g v="3per"></g><g v="pres"></g><g v="indc"></g></l></v></tfr></token><token id="588286" text="говорить"><tfr rev_id="1421357" t="говорить"><v><l id="72054" t="говорить"><g v="INFN"></g><g v="impf"></g><g v="tran"></g></l></v></tfr></token><token id="588287" text="начальник"><tfr rev_id="1421358" t="начальник"><v><l id="178197" t="начальник"><g v="NOUN"></g><g v="anim"></g><g v="masc"></g><g v="sing"></g><g v="nomn"></g></l></v></tfr></token><token id="588288" text="Генштаба"><tfr rev_id="1421359" t="Генштаба"><v><l id="68689" t="генштаб"><g v="NOUN"></g><g v="inan"></g><g v="masc"></g><g v="sing"></g><g v="gent"></g></l></v></tfr></token><token id="588289" text=","><tfr rev_id="1421360" t=","><v><l id="0" t=","><g v="PNCT"></g></l></v></tfr></token><token id="588290" text="—"><tfr rev_id="2443167" t="—"><v><l id="0" t="—"><g v="PNCT"></g></l></v></tfr></token><token id="588291" text="это"><tfr rev_id="4441490" t="это"><v><l id="386574" t="это"><g v="PRCL"></g></l></v><v><l id="386575" t="это"><g v="NPRO"></g><g v="neut"></g><g v="sing"></g><g v="nomn"></g></l></v><v><l id="386575" t="это"><g v="NPRO"></g><g v="neut"></g><g v="sing"></g><g v="accs"></g></l></v><v><l id="386581" t="этот"><g v="ADJF"></g><g v="Subx"></g><g v="Apro"></g><g v="Anph"></g><g v="neut"></g><g v="sing"></g><g v="nomn"></g></l></v><v><l id="386581" t="этот"><g v="ADJF"></g><g v="Subx"></g><g v="Apro"></g><g v="Anph"></g><g v="neut"></g><g v="sing"></g><g v="accs"></g></l></v></tfr></token><token id="588292" text="фикция"><tfr rev_id="1421363" t="фикция"><v><l id="365816" t="фикция"><g v="NOUN"></g><g v="inan"></g><g v="femn"></g><g v="sing"></g><g v="nomn"></g></l></v></tfr></token><token id="588293" text=","><tfr rev_id="1421364" t=","><v><l id="0" t=","><g v="PNCT"></g></l></v></tfr></token><token id="588294" text="которая"><tfr rev_id="3639800" t="которая"><v><l id="141203" t="который"><g v="ADJF"></g><g v="Apro"></g><g v="Subx"></g><g v="Anph"></g><g v="femn"></g><g v="sing"></g><g v="nomn"></g></l></v></tfr></token><token id="588295" text="может"><tfr rev_id="4212284" t="может"><v><l id="164485" t="могу"><g v="VERB"></g><g v="impf"></g><g v="intr"></g><g v="sing"></g><g v="3per"></g><g v="pres"></g><g v="indc"></g></l></v></tfr></token><token id="588296" text="стать"><tfr rev_id="1712927" t="стать"><v><l id="335165" t="стать"><g v="INFN"></g><g v="perf"></g><g v="intr"></g></l></v></tfr></token><token id="588297" text="темой"><tfr rev_id="1421368" t="темой"><v><l id="344450" t="тема"><g v="NOUN"></g><g v="inan"></g><g v="femn"></g><g v="sing"></g><g v="ablt"></g></l></v></tfr></token><token id="588298" text="отдельного"><tfr rev_id="4103405" t="отдельного"><v><l id="213415" t="отдельный"><g v="ADJF"></g><g v="Qual"></g><g v="masc"></g><g v="sing"></g><g v="gent"></g></l></v><v><l id="213415" t="отдельный"><g v="ADJF"></g><g v="Qual"></g><g v="anim"></g><g v="masc"></g><g v="sing"></g><g v="accs"></g></l></v></tfr></token><token id="588299" text="разговора"><tfr rev_id="1421370" t="разговора"><v><l id="293018" t="разговор"><g v="NOUN"></g><g v="inan"></g><g v="masc"></g><g v="sing"></g><g v="gent"></g></l></v></tfr></token><token id="588300" text="»"><tfr rev_id="2443168" t="»"><v><l id="0" t="»"><g v="PNCT"></g></l></v></tfr></token><token id="588301" text=","><tfr rev_id="1421372" t=","><v><l id="0" t=","><g v="PNCT"></g></l></v></tfr></token><token id="588302" text="—"><tfr rev_id="2443169" t="—"><v><l id="0" t="—"><g v="PNCT"></g></l></v></tfr></token><token id="588303" text="цитирует"><tfr rev_id="1421374" t="цитирует"><v><l id="374102" t="цитирую"><g v="VERB"></g><g v="impf"></g><g v="tran"></g><g v="sing"></g><g v="3per"></g><g v="pres"></g><g v="indc"></g></l></v></tfr></token><token id="588304" text="издание"><tfr rev_id="4097901" t="издание"><v><l id="118742" t="издание"><g v="NOUN"></g><g v="inan"></g><g v="neut"></g><g v="sing"></g><g v="nomn"></g></l></v></tfr></token><token id="588305" text="представителя"><tfr rev_id="4215828" t="представителя"><v><l id="267083" t="представитель"><g v="NOUN"></g><g v="anim"></g><g v="masc"></g><g v="sing"></g><g v="accs"></g></l></v></tfr></token><token id="588306" text="оборонного"><tfr rev_id="3448842" t="оборонного"><v><l id="198496" t="оборонный"><g v="ADJF"></g><g v="Qual"></g><g v="neut"></g><g v="sing"></g><g v="gent"></g></l></v></tfr></token><token id="588307" text="ведомства"><tfr rev_id="2908695" t="ведомства"><v><l id="40354" t="ведомство"><g v="NOUN"></g><g v="inan"></g><g v="neut"></g><g v="sing"></g><g v="gent"></g></l></v></tfr></token><token id="588308" text="."><tfr rev_id="1421379" t="."><v><l id="0" t="."><g v="PNCT"></g></l></v></tfr></token></tokens></sentence><sentence id="32815"><source>Он также утверждает, что на протяжении всего времени, сколько Макаров руководит Генеральным штабом, вооружённые силы находятся в каком-то временном экспериментальном состоянии, живут по каким-то проектам, по неутверждённым руководящим документам.</source><tokens><token id="588309" text="Он"><tfr rev_id="3575539" t="Он"><v><l id="206541" t="он"><g v="NPRO"></g><g v="masc"></g><g v="3per"></g><g v="Anph"></g><g v="sing"></g><g v="nomn"></g></l></v></tfr></token><token id="588310" text="также"><tfr rev_id="4267692" t="также"><v><l id="342482" t="также"><g v="PRCL"></g></l></v></tfr></token><token id="588311" text="утверждает"><tfr rev_id="1421382" t="утверждает"><v><l id="361706" t="утверждаю"><g v="VERB"></g><g v="impf"></g><g v="tran"></g><g v="sing"></g><g v="3per"></g><g v="pres"></g><g v="indc"></g></l></v><v><l id="361713" t="утверждаю"><g v="VERB"></g><g v="impf"></g><g v="intr"></g><g v="sing"></g><g v="3per"></g><g v="pres"></g><g v="indc"></g></l></v></tfr></token><token id="588312" text=","><tfr rev_id="1421383" t=","><v><l id="0" t=","><g v="PNCT"></g></l></v></tfr></token><token id="588313" text="что"><tfr rev_id="3196688" t="что"><v><l id="377004" t="что"><g v="CONJ"></g></l></v><v><l id="377005" t="что"><g v="NPRO"></g><g v="neut"></g><g v="sing"></g><g v="nomn"></g></l></v><v><l id="377005" t="что"><g v="NPRO"></g><g v="neut"></g><g v="sing"></g><g v="accs"></g></l></v><v><l id="377006" t="что"><g v="ADVB"></g><g v="Ques"></g></l></v><v><l id="388695" t="что"><g v="PRCL"></g></l></v></tfr></token><token id="588314" text="на"><tfr rev_id="3341127" t="на"><v><l id="166264" t="на"><g v="PREP"></g></l></v></tfr></token><token id="588315" text="протяжении"><tfr rev_id="1421386" t="протяжении"><v><l id="286786" t="протяжение"><g v="NOUN"></g><g v="inan"></g><g v="neut"></g><g v="sing"></g><g v="loct"></g></l></v></tfr></token><token id="588316" text="всего"><tfr rev_id="4515498" t="всего"><v><l id="42156" t="весь"><g v="ADJF"></g><g v="Subx"></g><g v="Apro"></g><g v="neut"></g><g v="sing"></g><g v="gent"></g></l></v></tfr></token><token id="588317" text="времени"><tfr rev_id="3550911" t="времени"><v><l id="53149" t="время"><g v="NOUN"></g><g v="inan"></g><g v="neut"></g><g v="sing"></g><g v="gent"></g></l></v></tfr></token><token id="588318" text=","><tfr rev_id="1421389" t=","><v><l id="0" t=","><g v="PNCT"></g></l></v></tfr></token><token id="588319" text="сколько"><tfr rev_id="4516637" t="сколько"><v><l id="322911" t="сколько"><g v="NUMR"></g><g v="nomn"></g></l></v><v><l id="322911" t="сколько"><g v="NUMR"></g><g v="inan"></g><g v="accs"></g></l></v><v><l id="388694" t="сколько"><g v="CONJ"></g></l></v><v><l id="390965" t="сколько"><g v="ADVB"></g></l></v></tfr></token><token id="588320" text="Макаров"><tfr rev_id="3509028" t="Макаров"><v><l id="153270" t="макаров"><g v="NOUN"></g><g v="anim"></g><g v="masc"></g><g v="Sgtm"></g><g v="Surn"></g><g v="sing"></g><g v="nomn"></g></l></v></tfr></token><token id="588321" text="руководит"><tfr rev_id="1421392" t="руководит"><v><l id="309989" t="руковожу"><g v="VERB"></g><g v="impf"></g><g v="intr"></g><g v="sing"></g><g v="3per"></g><g v="pres"></g><g v="indc"></g></l></v><v><l id="309994" t="руковожу"><g v="VERB"></g><g v="impf"></g><g v="tran"></g><g v="sing"></g><g v="3per"></g><g v="pres"></g><g v="indc"></g></l></v></tfr></token><token id="588322" text="Генеральным"><tfr rev_id="3668125" t="Генеральным"><v><l id="68532" t="генеральный"><g v="ADJF"></g><g v="masc"></g><g v="sing"></g><g v="ablt"></g></l></v><v><l id="68532" t="генеральный"><g v="ADJF"></g><g v="neut"></g><g v="sing"></g><g v="ablt"></g></l></v></tfr></token><token id="588323" text="штабом"><tfr rev_id="1421394" t="штабом"><v><l id="381224" t="штаб"><g v="NOUN"></g><g v="inan"></g><g v="masc"></g><g v="sing"></g><g v="ablt"></g></l></v></tfr></token><token id="588324" text=","><tfr rev_id="1421395" t=","><v><l id="0" t=","><g v="PNCT"></g></l></v></tfr></token><token id="588325" text="вооружённые"><tfr rev_id="1421396" t="вооружённые"><v><l id="50763" t="вооружённый"><g v="ADJF"></g><g v="plur"></g><g v="nomn"></g></l></v><v><l id="50763" t="вооружённый"><g v="ADJF"></g><g v="inan"></g><g v="plur"></g><g v="accs"></g></l></v><v><l id="50781" t="вооружённый"><g v="PRTF"></g><g v="perf"></g><g v="tran"></g><g v="past"></g><g v="pssv"></g><g v="plur"></g><g v="nomn"></g></l></v><v><l id="50781" t="вооружённый"><g v="PRTF"></g><g v="perf"></g><g v="tran"></g><g v="past"></g><g v="pssv"></g><g v="inan"></g><g v="plur"></g><g v="accs"></g></l></v></tfr></token><token id="588326" text="силы"><tfr rev_id="3793466" t="силы"><v><l id="320333" t="сила"><g v="NOUN"></g><g v="inan"></g><g v="femn"></g><g v="plur"></g><g v="nomn"></g></l></v></tfr></token><token id="588327" text="находятся"><tfr rev_id="1421398" t="находятся"><v><l id="177898" t="нахожусь"><g v="VERB"></g><g v="impf"></g><g v="intr"></g><g v="plur"></g><g v="3per"></g><g v="pres"></g><g v="indc"></g></l></v><v><l id="177903" t="находился"><g v="VERB"></g><g v="perf"></g><g v="intr"></g><g v="plur"></g><g v="3per"></g><g v="futr"></g><g v="indc"></g></l></v></tfr></token><token id="588328" text="в"><tfr rev_id="1421399" t="в"><v><l id="37409" t="в"><g v="PREP"></g></l></v></tfr></token><token id="588329" text="каком-то"><tfr rev_id="4096951" t="каком-то"><v><l id="128227" t="какой-то"><g v="ADJF"></g><g v="Apro"></g><g v="neut"></g><g v="sing"></g><g v="loct"></g></l></v></tfr></token><token id="588330" text="временном"><tfr rev_id="2585610" t="временном"><v><l id="53140" t="временной"><g v="ADJF"></g><g v="neut"></g><g v="sing"></g><g v="loct"></g></l></v><v><l id="53144" t="временный"><g v="ADJF"></g><g v="Qual"></g><g v="neut"></g><g v="sing"></g><g v="loct"></g></l></v></tfr></token><token id="588331" text="экспериментальном"><tfr rev_id="3285234" t="экспериментальном"><v><l id="383571" t="экспериментальный"><g v="ADJF"></g><g v="neut"></g><g v="sing"></g><g v="loct"></g></l></v></tfr></token><token id="588332" text="состоянии"><tfr rev_id="1421403" t="состоянии"><v><l id="330557" t="состояние"><g v="NOUN"></g><g v="inan"></g><g v="neut"></g><g v="sing"></g><g v="loct"></g></l></v></tfr></token><token id="588333" text=","><tfr rev_id="1421404" t=","><v><l id="0" t=","><g v="PNCT"></g></l></v></tfr></token><token id="588334" text="живут"><tfr rev_id="1421405" t="живут"><v><l id="97603" t="живу"><g v="VERB"></g><g v="impf"></g><g v="intr"></g><g v="plur"></g><g v="3per"></g><g v="pres"></g><g v="indc"></g></l></v></tfr></token><token id="588335" text="по"><tfr rev_id="1421406" t="по"><v><l id="241240" t="по"><g v="PREP"></g></l></v></tfr></token><token id="588336" text="каким-то"><tfr rev_id="3668144" t="каким-то"><v><l id="128227" t="какой-то"><g v="ADJF"></g><g v="Apro"></g><g v="plur"></g><g v="datv"></g></l></v></tfr></token><token id="588337" text="проектам"><tfr rev_id="1421408" t="проектам"><v><l id="279545" t="проект"><g v="NOUN"></g><g v="inan"></g><g v="masc"></g><g v="plur"></g><g v="datv"></g></l></v></tfr></token><token id="588338" text=","><tfr rev_id="1421409" t=","><v><l id="0" t=","><g v="PNCT"></g></l></v></tfr></token><token id="588339" text="по"><tfr rev_id="1421410" t="по"><v><l id="241240" t="по"><g v="PREP"></g></l></v></tfr></token><token id="588340" text="неутверждённым"><tfr rev_id="3668238" t="неутверждённым"><v><l id="189521" t="неутвержденный"><g v="ADJF"></g><g v="plur"></g><g v="datv"></g></l></v></tfr></token><token id="588341" text="руководящим"><tfr rev_id="1421412" t="руководящим"><v><l id="309991" t="руководящий"><g v="PRTF"></g><g v="impf"></g><g v="intr"></g><g v="pres"></g><g v="actv"></g><g v="masc"></g><g v="sing"></g><g v="ablt"></g></l></v><v><l id="309991" t="руководящий"><g v="PRTF"></g><g v="impf"></g><g v="intr"></g><g v="pres"></g><g v="actv"></g><g v="neut"></g><g v="sing"></g><g v="ablt"></g></l></v><v><l id="309991" t="руководящий"><g v="PRTF"></g><g v="impf"></g><g v="intr"></g><g v="pres"></g><g v="actv"></g><g v="plur"></g><g v="datv"></g></l></v><v><l id="309996" t="руководящий"><g v="PRTF"></g><g v="impf"></g><g v="tran"></g><g v="pres"></g><g v="actv"></g><g v="masc"></g><g v="sing"></g><g v="ablt"></g></l></v><v><l id="309996" t="руководящий"><g v="PRTF"></g><g v="impf"></g><g v="tran"></g><g v="pres"></g><g v="actv"></g><g v="neut"></g><g v="sing"></g><g v="ablt"></g></l></v><v><l id="309996" t="руководящий"><g v="PRTF"></g><g v="impf"></g><g v="tran"></g><g v="pres"></g><g v="actv"></g><g v="plur"></g><g v="datv"></g></l></v><v><l id="310019" t="руководящий"><g v="ADJF"></g><g v="masc"></g><g v="sing"></g><g v="ablt"></g></l></v><v><l id="310019" t="руководящий"><g v="ADJF"></g><g v="neut"></g><g v="sing"></g><g v="ablt"></g></l></v><v><l id="310019" t="руководящий"><g v="ADJF"></g><g v="plur"></g><g v="datv"></g></l></v></tfr></token><token id="588342" text="документам"><tfr rev_id="1421413" t="документам"><v><l id="87509" t="документ"><g v="NOUN"></g><g v="inan"></g><g v="masc"></g><g v="plur"></g><g v="datv"></g></l></v></tfr></token><token id="588343" text="."><tfr rev_id="1421414" t="."><v><l id="0" t="."><g v="PNCT"></g></l></v></tfr></token></tokens></sentence></paragraph><paragraph id="10456"><sentence id="32816"><source>О том, как должна быть устроена служба в российской армии, читайте в статье Частного корреспондента «В долгу друг перед другом»</source><tokens><token id="588344" text="О"><tfr rev_id="3283025" t="О"><v><l id="192977" t="о"><g v="PREP"></g></l></v></tfr></token><token id="588345" text="том"><tfr rev_id="4390309" t="том"><v><l id="348430" t="тот"><g v="ADJF"></g><g v="Subx"></g><g v="Apro"></g><g v="Anph"></g><g v="neut"></g><g v="sing"></g><g v="loct"></g></l></v></tfr></token><token id="588346" text=","><tfr rev_id="1421417" t=","><v><l id="0" t=","><g v="PNCT"></g></l></v></tfr></token><token id="588347" text="как"><tfr rev_id="1421418" t="как"><v><l id="128190" t="как"><g v="CONJ"></g></l></v><v><l id="128191" t="как"><g v="PRCL"></g></l></v><v><l id="128192" t="как"><g v="ADVB"></g><g v="Ques"></g></l></v></tfr></token><token id="588348" text="должна"><tfr rev_id="2558932" t="должна"><v><l id="87975" t="должен"><g v="ADJS"></g><g v="femn"></g><g v="sing"></g></l></v></tfr></token><token id="588349" text="быть"><tfr rev_id="1421420" t="быть"><v><l id="37266" t="быть"><g v="INFN"></g><g v="impf"></g><g v="intr"></g></l></v></tfr></token><token id="588350" text="устроена"><tfr rev_id="1421421" t="устроена"><v><l id="361246" t="устроен"><g v="PRTS"></g><g v="perf"></g><g v="past"></g><g v="pssv"></g><g v="femn"></g><g v="sing"></g></l></v></tfr></token><token id="588351" text="служба"><tfr rev_id="1421422" t="служба"><v><l id="325377" t="служба"><g v="NOUN"></g><g v="inan"></g><g v="femn"></g><g v="sing"></g><g v="nomn"></g></l></v></tfr></token><token id="588352" text="в"><tfr rev_id="1421423" t="в"><v><l id="37409" t="в"><g v="PREP"></g></l></v></tfr></token><token id="588353" text="российской"><tfr rev_id="3711109" t="российской"><v><l id="309319" t="российский"><g v="ADJF"></g><g v="femn"></g><g v="sing"></g><g v="loct"></g></l></v></tfr></token><token id="588354" text="армии"><tfr rev_id="4269801" t="армии"><v><l id="16905" t="армия"><g v="NOUN"></g><g v="inan"></g><g v="femn"></g><g v="sing"></g><g v="loct"></g></l></v></tfr></token><token id="588355" text=","><tfr rev_id="1421426" t=","><v><l id="0" t=","><g v="PNCT"></g></l></v></tfr></token><token id="588356" text="читайте"><tfr rev_id="1421427" t="читайте"><v><l id="376719" t="читаю"><g v="VERB"></g><g v="impf"></g><g v="tran"></g><g v="plur"></g><g v="impr"></g><g v="excl"></g></l></v></tfr></token><token id="588357" text="в"><tfr rev_id="1421428" t="в"><v><l id="37409" t="в"><g v="PREP"></g></l></v></tfr></token><token id="588358" text="статье"><tfr rev_id="3551808" t="статье"><v><l id="335173" t="статья"><g v="NOUN"></g><g v="inan"></g><g v="femn"></g><g v="sing"></g><g v="loct"></g></l></v></tfr></token><token id="588359" text="Частного"><tfr rev_id="4195418" t="Частного"><v><l id="374795" t="частный"><g v="ADJF"></g><g v="Qual"></g><g v="masc"></g><g v="sing"></g><g v="gent"></g></l></v><v><l id="374795" t="частный"><g v="ADJF"></g><g v="Qual"></g><g v="anim"></g><g v="masc"></g><g v="sing"></g><g v="accs"></g></l></v><v><l id="374795" t="частный"><g v="ADJF"></g><g v="Qual"></g><g v="neut"></g><g v="sing"></g><g v="gent"></g></l></v></tfr></token><token id="588360" text="корреспондента"><tfr rev_id="4461045" t="корреспондента"><v><l id="140239" t="корреспондент"><g v="NOUN"></g><g v="anim"></g><g v="masc"></g><g v="sing"></g><g v="gent"></g></l></v></tfr></token><token id="588361" text="«"><tfr rev_id="2443170" t="«"><v><l id="0" t="«"><g v="PNCT"></g></l></v></tfr></token><token id="588362" text="В"><tfr rev_id="1421433" t="В"><v><l id="37409" t="в"><g v="PREP"></g></l></v></tfr></token><token id="588363" text="долгу"><tfr rev_id="3962486" t="долгу"><v><l id="87721" t="долг"><g v="NOUN"></g><g v="inan"></g><g v="masc"></g><g v="sing"></g><g v="loc2"></g></l></v></tfr></token><token id="588364" text="друг"><tfr rev_id="1421435" t="друг"><v><l id="92341" t="друг"><g v="NOUN"></g><g v="anim"></g><g v="masc"></g><g v="sing"></g><g v="nomn"></g></l></v></tfr></token><token id="588365" text="перед"><tfr rev_id="1718065" t="перед"><v><l id="228071" t="перед"><g v="PREP"></g></l></v></tfr></token><token id="588366" text="другом"><tfr rev_id="3646104" t="другом"><v><l id="92341" t="друг"><g v="NOUN"></g><g v="anim"></g><g v="masc"></g><g v="sing"></g><g v="ablt"></g></l></v></tfr></token><token id="588367" text="»"><tfr rev_id="2443171" t="»"><v><l id="0" t="»"><g v="PNCT"></g></l></v></tfr></token></tokens></sentence></paragraph></paragraphs></text>