<?xml version="1.0" encoding="utf-8"?><text id="1084" parent="56" name="В мусоропроводе найден ребёнок"><tags><tag>url:http://ru.wikinews.org/w/index.php?title=В_мусоропроводе_найден_ребёнок&amp;oldid=53469</tag><tag>Автор:http://ru.wikinews.org/wiki/Участник:Schekinov Alexey Victorovich</tag><tag>Дата:30/03</tag><tag>Год:2011</tag><tag>Тема:ВикиКатегория:Преступность и право</tag><tag>Гео:ВикиКатегория:Санкт-Петербург</tag><tag>Гео:ВикиКатегория:Россия</tag></tags><paragraphs><paragraph id="10510"><sentence id="33006"><source>Около полудня, 30 марта 2011 года, в мусоропроводе одного из жилых домов на Канонерском острове в Кировском районе «культурной столицы» России города Санкт-Петербурга был обнаружен двухлетний ребёнок, который, по всей видимости во время падения, получил многочисленные травмы и был оперативно доставлен на автомобиле «Скорой помощи» в ближайшую больницу.</source><tokens><token id="591481" text="Около"><tfr rev_id="4422440" t="Около"><v><l id="205005" t="около"><g v="PREP"></g></l></v></tfr></token><token id="591482" text="полудня"><tfr rev_id="1424553" t="полудня"><v><l id="255238" t="полдень"><g v="NOUN"></g><g v="inan"></g><g v="masc"></g><g v="sing"></g><g v="gent"></g></l></v></tfr></token><token id="591483" text=","><tfr rev_id="1424554" t=","><v><l id="0" t=","><g v="PNCT"></g></l></v></tfr></token><token id="591484" text="30"><tfr rev_id="2461439" t="30"><v><l id="0" t="30"><g v="NUMB"></g></l></v></tfr></token><token id="591485" text="марта"><tfr rev_id="3467549" t="марта"><v><l id="155465" t="март"><g v="NOUN"></g><g v="inan"></g><g v="masc"></g><g v="sing"></g><g v="gent"></g></l></v></tfr></token><token id="591486" text="2011"><tfr rev_id="2461440" t="2011"><v><l id="0" t="2011"><g v="NUMB"></g></l></v></tfr></token><token id="591487" text="года"><tfr rev_id="3483753" t="года"><v><l id="72149" t="год"><g v="NOUN"></g><g v="inan"></g><g v="masc"></g><g v="sing"></g><g v="gen1"></g></l></v></tfr></token><token id="591488" text=","><tfr rev_id="1424559" t=","><v><l id="0" t=","><g v="PNCT"></g></l></v></tfr></token><token id="591489" text="в"><tfr rev_id="1424560" t="в"><v><l id="37409" t="в"><g v="PREP"></g></l></v></tfr></token><token id="591490" text="мусоропроводе"><tfr rev_id="1424561" t="мусоропроводе"><v><l id="165394" t="мусоропровод"><g v="NOUN"></g><g v="inan"></g><g v="masc"></g><g v="sing"></g><g v="loct"></g></l></v></tfr></token><token id="591491" text="одного"><tfr rev_id="4300598" t="одного"><v><l id="203319" t="один"><g v="ADJF"></g><g v="Apro"></g><g v="Anum"></g><g v="masc"></g><g v="sing"></g><g v="gent"></g></l></v><v><l id="203319" t="один"><g v="ADJF"></g><g v="Apro"></g><g v="Anum"></g><g v="anim"></g><g v="masc"></g><g v="sing"></g><g v="accs"></g></l></v></tfr></token><token id="591492" text="из"><tfr rev_id="2604009" t="из"><v><l id="117677" t="из"><g v="PREP"></g></l></v></tfr></token><token id="591493" text="жилых"><tfr rev_id="3824231" t="жилых"><v><l id="97384" t="жилой"><g v="ADJF"></g><g v="plur"></g><g v="gent"></g></l></v></tfr></token><token id="591494" text="домов"><tfr rev_id="3705523" t="домов"><v><l id="88152" t="дом"><g v="NOUN"></g><g v="inan"></g><g v="masc"></g><g v="plur"></g><g v="gent"></g></l></v></tfr></token><token id="591495" text="на"><tfr rev_id="3342023" t="на"><v><l id="166264" t="на"><g v="PREP"></g></l></v></tfr></token><token id="591496" text="Канонерском"><tfr rev_id="3823806" t="Канонерском"><v><l id="129437" t="канонерский"><g v="ADJF"></g><g v="masc"></g><g v="sing"></g><g v="loct"></g></l></v></tfr></token><token id="591497" text="острове"><tfr rev_id="1424568" t="острове"><v><l id="211180" t="остров"><g v="NOUN"></g><g v="inan"></g><g v="masc"></g><g v="sing"></g><g v="loct"></g></l></v></tfr></token><token id="591498" text="в"><tfr rev_id="1424569" t="в"><v><l id="37409" t="в"><g v="PREP"></g></l></v></tfr></token><token id="591499" text="Кировском"><tfr rev_id="4214534" t="Кировском"><v><l id="133409" t="кировский"><g v="ADJF"></g><g v="masc"></g><g v="sing"></g><g v="loct"></g></l></v></tfr></token><token id="591500" text="районе"><tfr rev_id="1424571" t="районе"><v><l id="297595" t="район"><g v="NOUN"></g><g v="inan"></g><g v="masc"></g><g v="sing"></g><g v="loct"></g></l></v></tfr></token><token id="591501" text="«"><tfr rev_id="2443270" t="«"><v><l id="0" t="«"><g v="PNCT"></g></l></v></tfr></token><token id="591502" text="культурной"><tfr rev_id="4343395" t="культурной"><v><l id="144857" t="культурный"><g v="ADJF"></g><g v="Qual"></g><g v="femn"></g><g v="sing"></g><g v="gent"></g></l></v></tfr></token><token id="591503" text="столицы"><tfr rev_id="3460820" t="столицы"><v><l id="336588" t="столица"><g v="NOUN"></g><g v="inan"></g><g v="femn"></g><g v="sing"></g><g v="gent"></g></l></v></tfr></token><token id="591504" text="»"><tfr rev_id="2443271" t="»"><v><l id="0" t="»"><g v="PNCT"></g></l></v></tfr></token><token id="591505" text="России"><tfr rev_id="3454961" t="России"><v><l id="309322" t="россия"><g v="NOUN"></g><g v="inan"></g><g v="femn"></g><g v="Sgtm"></g><g v="Geox"></g><g v="sing"></g><g v="gent"></g></l></v></tfr></token><token id="591506" text="города"><tfr rev_id="3507002" t="города"><v><l id="73547" t="город"><g v="NOUN"></g><g v="inan"></g><g v="masc"></g><g v="sing"></g><g v="gent"></g></l></v></tfr></token><token id="591507" text="Санкт-Петербурга"><tfr rev_id="1424578" t="Санкт-Петербурга"><v><l id="313346" t="санкт-петербург"><g v="NOUN"></g><g v="inan"></g><g v="masc"></g><g v="Geox"></g><g v="sing"></g><g v="gent"></g></l></v></tfr></token><token id="591508" text="был"><tfr rev_id="1424579" t="был"><v><l id="37265" t="есть"><g v="VERB"></g><g v="impf"></g><g v="intr"></g><g v="masc"></g><g v="sing"></g><g v="past"></g><g v="indc"></g></l></v></tfr></token><token id="591509" text="обнаружен"><tfr rev_id="1424580" t="обнаружен"><v><l id="197783" t="обнаружен"><g v="PRTS"></g><g v="perf"></g><g v="past"></g><g v="pssv"></g><g v="masc"></g><g v="sing"></g></l></v></tfr></token><token id="591510" text="двухлетний"><tfr rev_id="4429005" t="двухлетний"><v><l id="390539" t="двухлетний"><g v="ADJF"></g><g v="inan"></g><g v="masc"></g><g v="sing"></g><g v="accs"></g></l></v><v><l id="390539" t="двухлетний"><g v="ADJF"></g><g v="masc"></g><g v="sing"></g><g v="nomn"></g></l></v></tfr></token><token id="591511" text="ребёнок"><tfr rev_id="1424582" t="ребёнок"><v><l id="304488" t="ребёнок"><g v="NOUN"></g><g v="anim"></g><g v="masc"></g><g v="sing"></g><g v="nomn"></g></l></v></tfr></token><token id="591512" text=","><tfr rev_id="1424583" t=","><v><l id="0" t=","><g v="PNCT"></g></l></v></tfr></token><token id="591513" text="который"><tfr rev_id="3637388" t="который"><v><l id="141203" t="который"><g v="ADJF"></g><g v="Apro"></g><g v="Subx"></g><g v="Anph"></g><g v="masc"></g><g v="sing"></g><g v="nomn"></g></l></v><v><l id="141203" t="который"><g v="ADJF"></g><g v="Apro"></g><g v="Subx"></g><g v="Anph"></g><g v="inan"></g><g v="masc"></g><g v="sing"></g><g v="accs"></g></l></v></tfr></token><token id="591514" text=","><tfr rev_id="1424585" t=","><v><l id="0" t=","><g v="PNCT"></g></l></v></tfr></token><token id="591515" text="по"><tfr rev_id="1424586" t="по"><v><l id="241240" t="по"><g v="PREP"></g></l></v></tfr></token><token id="591516" text="всей"><tfr rev_id="4399448" t="всей"><v><l id="42156" t="весь"><g v="ADJF"></g><g v="Subx"></g><g v="Apro"></g><g v="femn"></g><g v="sing"></g><g v="datv"></g></l></v></tfr></token><token id="591517" text="видимости"><tfr rev_id="4291579" t="видимости"><v><l id="44587" t="видимость"><g v="NOUN"></g><g v="inan"></g><g v="femn"></g><g v="sing"></g><g v="datv"></g></l></v></tfr></token><token id="591518" text="во"><tfr rev_id="2920227" t="во"><v><l id="37409" t="в"><g v="PREP"></g><g v="Vpre"></g></l></v></tfr></token><token id="591519" text="время"><tfr rev_id="1424590" t="время"><v><l id="53149" t="время"><g v="NOUN"></g><g v="inan"></g><g v="neut"></g><g v="sing"></g><g v="nomn"></g></l></v><v><l id="53149" t="время"><g v="NOUN"></g><g v="inan"></g><g v="neut"></g><g v="sing"></g><g v="accs"></g></l></v></tfr></token><token id="591520" text="падения"><tfr rev_id="3501041" t="падения"><v><l id="222518" t="падение"><g v="NOUN"></g><g v="inan"></g><g v="neut"></g><g v="sing"></g><g v="gent"></g></l></v></tfr></token><token id="591521" text=","><tfr rev_id="1424592" t=","><v><l id="0" t=","><g v="PNCT"></g></l></v></tfr></token><token id="591522" text="получил"><tfr rev_id="1424593" t="получил"><v><l id="256959" t="получил"><g v="VERB"></g><g v="perf"></g><g v="tran"></g><g v="masc"></g><g v="sing"></g><g v="past"></g><g v="indc"></g></l></v></tfr></token><token id="591523" text="многочисленные"><tfr rev_id="3767882" t="многочисленные"><v><l id="162068" t="многочисленный"><g v="ADJF"></g><g v="Qual"></g><g v="inan"></g><g v="plur"></g><g v="accs"></g></l></v></tfr></token><token id="591524" text="травмы"><tfr rev_id="3792937" t="травмы"><v><l id="348664" t="травма"><g v="NOUN"></g><g v="inan"></g><g v="femn"></g><g v="plur"></g><g v="accs"></g></l></v></tfr></token><token id="591525" text="и"><tfr rev_id="1424596" t="и"><v><l id="116949" t="и"><g v="CONJ"></g></l></v><v><l id="116950" t="и"><g v="INTJ"></g></l></v></tfr></token><token id="591526" text="был"><tfr rev_id="1424597" t="был"><v><l id="37265" t="есть"><g v="VERB"></g><g v="impf"></g><g v="intr"></g><g v="masc"></g><g v="sing"></g><g v="past"></g><g v="indc"></g></l></v></tfr></token><token id="591527" text="оперативно"><tfr rev_id="1424598" t="оперативно"><v><l id="206938" t="оперативно"><g v="ADVB"></g></l></v><v><l id="206943" t="оперативен"><g v="ADJS"></g><g v="Qual"></g><g v="neut"></g><g v="sing"></g></l></v></tfr></token><token id="591528" text="доставлен"><tfr rev_id="1424599" t="доставлен"><v><l id="90444" t="доставлен"><g v="PRTS"></g><g v="perf"></g><g v="past"></g><g v="pssv"></g><g v="masc"></g><g v="sing"></g></l></v></tfr></token><token id="591529" text="на"><tfr rev_id="3339378" t="на"><v><l id="166264" t="на"><g v="PREP"></g></l></v></tfr></token><token id="591530" text="автомобиле"><tfr rev_id="1424601" t="автомобиле"><v><l id="3266" t="автомобиль"><g v="NOUN"></g><g v="inan"></g><g v="masc"></g><g v="sing"></g><g v="loct"></g></l></v></tfr></token><token id="591531" text="«"><tfr rev_id="2443272" t="«"><v><l id="0" t="«"><g v="PNCT"></g></l></v></tfr></token><token id="591532" text="Скорой"><tfr rev_id="4464027" t="Скорой"><v><l id="323375" t="скорый"><g v="ADJF"></g><g v="Qual"></g><g v="femn"></g><g v="sing"></g><g v="gent"></g></l></v></tfr></token><token id="591533" text="помощи"><tfr rev_id="3558131" t="помощи"><v><l id="257960" t="помощь"><g v="NOUN"></g><g v="inan"></g><g v="femn"></g><g v="sing"></g><g v="gent"></g></l></v></tfr></token><token id="591534" text="»"><tfr rev_id="2443273" t="»"><v><l id="0" t="»"><g v="PNCT"></g></l></v></tfr></token><token id="591535" text="в"><tfr rev_id="1424606" t="в"><v><l id="37409" t="в"><g v="PREP"></g></l></v></tfr></token><token id="591536" text="ближайшую"><tfr rev_id="4430799" t="ближайшую"><v><l id="30857" t="ближайший"><g v="ADJF"></g><g v="Supr"></g><g v="Qual"></g><g v="femn"></g><g v="sing"></g><g v="accs"></g></l></v></tfr></token><token id="591537" text="больницу"><tfr rev_id="1424608" t="больницу"><v><l id="32305" t="больница"><g v="NOUN"></g><g v="inan"></g><g v="femn"></g><g v="sing"></g><g v="accs"></g></l></v></tfr></token><token id="591538" text="."><tfr rev_id="1424609" t="."><v><l id="0" t="."><g v="PNCT"></g></l></v></tfr></token></tokens></sentence></paragraph><paragraph id="10511"><sentence id="33007"><source>На официальном интернет-сайте ГСУ Следственного комитета РФ по городу Санкт-Петербургу и Ленинградской области была размещена информация, что по признакам преступления, предусмотренного частью 3 статьи 30, пункт «в» части 2 статьи 105 Уголовного Кодекса Российской Федерации («Покушение на убийство малолетнего») прокуратурой было возбуждено уголовное дело, для расследования которого была создана специальная следственная группа, в которую были включены наиболее опытные сыщики.</source><tokens><token id="591539" text="На"><tfr rev_id="3335339" t="На"><v><l id="166264" t="на"><g v="PREP"></g></l></v></tfr></token><token id="591540" text="официальном"><tfr rev_id="4076833" t="официальном"><v><l id="220939" t="официальный"><g v="ADJF"></g><g v="masc"></g><g v="sing"></g><g v="loct"></g></l></v></tfr></token><token id="591541" text="интернет-сайте"><tfr rev_id="2508360" t="интернет-сайте"><v><l id="388568" t="интернет-сайт"><g v="NOUN"></g><g v="inan"></g><g v="masc"></g><g v="sing"></g><g v="loct"></g></l></v></tfr></token><token id="591542" text="ГСУ"><tfr rev_id="1424613" t="ГСУ"><v><l id="0" t="гсу"><g v="UNKN"></g></l></v></tfr></token><token id="591543" text="Следственного"><tfr rev_id="3539102" t="Следственного"><v><l id="324762" t="следственный"><g v="ADJF"></g><g v="masc"></g><g v="sing"></g><g v="gent"></g></l></v><v><l id="324762" t="следственный"><g v="ADJF"></g><g v="anim"></g><g v="masc"></g><g v="sing"></g><g v="accs"></g></l></v></tfr></token><token id="591544" text="комитета"><tfr rev_id="1424615" t="комитета"><v><l id="136923" t="комитет"><g v="NOUN"></g><g v="inan"></g><g v="masc"></g><g v="sing"></g><g v="gent"></g></l></v></tfr></token><token id="591545" text="РФ"><tfr rev_id="4396344" t="РФ"><v><l id="310486" t="рф"><g v="NOUN"></g><g v="inan"></g><g v="femn"></g><g v="Sgtm"></g><g v="Fixd"></g><g v="Abbr"></g><g v="Geox"></g><g v="sing"></g><g v="gent"></g></l></v></tfr></token><token id="591546" text="по"><tfr rev_id="1424617" t="по"><v><l id="241240" t="по"><g v="PREP"></g></l></v></tfr></token><token id="591547" text="городу"><tfr rev_id="1424618" t="городу"><v><l id="73547" t="город"><g v="NOUN"></g><g v="inan"></g><g v="masc"></g><g v="sing"></g><g v="datv"></g></l></v></tfr></token><token id="591548" text="Санкт-Петербургу"><tfr rev_id="1424619" t="Санкт-Петербургу"><v><l id="313346" t="санкт-петербург"><g v="NOUN"></g><g v="inan"></g><g v="masc"></g><g v="Geox"></g><g v="sing"></g><g v="datv"></g></l></v></tfr></token><token id="591549" text="и"><tfr rev_id="1424620" t="и"><v><l id="116949" t="и"><g v="CONJ"></g></l></v><v><l id="116950" t="и"><g v="INTJ"></g></l></v></tfr></token><token id="591550" text="Ленинградской"><tfr rev_id="4170076" t="Ленинградской"><v><l id="148051" t="ленинградский"><g v="ADJF"></g><g v="femn"></g><g v="sing"></g><g v="datv"></g></l></v></tfr></token><token id="591551" text="области"><tfr rev_id="4291580" t="области"><v><l id="196229" t="область"><g v="NOUN"></g><g v="inan"></g><g v="femn"></g><g v="sing"></g><g v="datv"></g></l></v></tfr></token><token id="591552" text="была"><tfr rev_id="1424623" t="была"><v><l id="37265" t="есть"><g v="VERB"></g><g v="impf"></g><g v="intr"></g><g v="femn"></g><g v="sing"></g><g v="past"></g><g v="indc"></g></l></v></tfr></token><token id="591553" text="размещена"><tfr rev_id="1424624" t="размещена"><v><l id="295054" t="размещён"><g v="PRTS"></g><g v="perf"></g><g v="past"></g><g v="pssv"></g><g v="femn"></g><g v="sing"></g></l></v></tfr></token><token id="591554" text="информация"><tfr rev_id="1424625" t="информация"><v><l id="123576" t="информация"><g v="NOUN"></g><g v="inan"></g><g v="femn"></g><g v="sing"></g><g v="nomn"></g></l></v></tfr></token><token id="591555" text=","><tfr rev_id="1424626" t=","><v><l id="0" t=","><g v="PNCT"></g></l></v></tfr></token><token id="591556" text="что"><tfr rev_id="3196718" t="что"><v><l id="377004" t="что"><g v="CONJ"></g></l></v><v><l id="377005" t="что"><g v="NPRO"></g><g v="neut"></g><g v="sing"></g><g v="nomn"></g></l></v><v><l id="377005" t="что"><g v="NPRO"></g><g v="neut"></g><g v="sing"></g><g v="accs"></g></l></v><v><l id="377006" t="что"><g v="ADVB"></g><g v="Ques"></g></l></v><v><l id="388695" t="что"><g v="PRCL"></g></l></v></tfr></token><token id="591557" text="по"><tfr rev_id="1424628" t="по"><v><l id="241240" t="по"><g v="PREP"></g></l></v></tfr></token><token id="591558" text="признакам"><tfr rev_id="1424629" t="признакам"><v><l id="270637" t="признак"><g v="NOUN"></g><g v="inan"></g><g v="masc"></g><g v="plur"></g><g v="datv"></g></l></v></tfr></token><token id="591559" text="преступления"><tfr rev_id="3471728" t="преступления"><v><l id="268345" t="преступление"><g v="NOUN"></g><g v="inan"></g><g v="neut"></g><g v="sing"></g><g v="gent"></g></l></v></tfr></token><token id="591560" text=","><tfr rev_id="1424631" t=","><v><l id="0" t=","><g v="PNCT"></g></l></v></tfr></token><token id="591561" text="предусмотренного"><tfr rev_id="1424632" t="предусмотренного"><v><l id="267308" t="предусмотренный"><g v="ADJF"></g><g v="masc"></g><g v="sing"></g><g v="gent"></g></l></v><v><l id="267308" t="предусмотренный"><g v="ADJF"></g><g v="anim"></g><g v="masc"></g><g v="sing"></g><g v="accs"></g></l></v><v><l id="267308" t="предусмотренный"><g v="ADJF"></g><g v="neut"></g><g v="sing"></g><g v="gent"></g></l></v><v><l id="267313" t="предусмотренный"><g v="PRTF"></g><g v="perf"></g><g v="tran"></g><g v="past"></g><g v="pssv"></g><g v="masc"></g><g v="sing"></g><g v="gent"></g></l></v><v><l id="267313" t="предусмотренный"><g v="PRTF"></g><g v="perf"></g><g v="tran"></g><g v="past"></g><g v="pssv"></g><g v="anim"></g><g v="masc"></g><g v="sing"></g><g v="accs"></g></l></v><v><l id="267313" t="предусмотренный"><g v="PRTF"></g><g v="perf"></g><g v="tran"></g><g v="past"></g><g v="pssv"></g><g v="neut"></g><g v="sing"></g><g v="gent"></g></l></v></tfr></token><token id="591562" text="частью"><tfr rev_id="4256143" t="частью"><v><l id="374820" t="часть"><g v="NOUN"></g><g v="inan"></g><g v="femn"></g><g v="sing"></g><g v="ablt"></g></l></v></tfr></token><token id="591563" text="3"><tfr rev_id="2461441" t="3"><v><l id="0" t="3"><g v="NUMB"></g></l></v></tfr></token><token id="591564" text="статьи"><tfr rev_id="3264363" t="статьи"><v><l id="335173" t="статья"><g v="NOUN"></g><g v="inan"></g><g v="femn"></g><g v="sing"></g><g v="gent"></g></l></v></tfr></token><token id="591565" text="30"><tfr rev_id="2461442" t="30"><v><l id="0" t="30"><g v="NUMB"></g></l></v></tfr></token><token id="591566" text=","><tfr rev_id="1424637" t=","><v><l id="0" t=","><g v="PNCT"></g></l></v></tfr></token><token id="591567" text="пункт"><tfr rev_id="1424638" t="пункт"><v><l id="289177" t="пункт"><g v="NOUN"></g><g v="inan"></g><g v="masc"></g><g v="sing"></g><g v="nomn"></g></l></v><v><l id="289177" t="пункт"><g v="NOUN"></g><g v="inan"></g><g v="masc"></g><g v="sing"></g><g v="accs"></g></l></v></tfr></token><token id="591568" text="«"><tfr rev_id="2443274" t="«"><v><l id="0" t="«"><g v="PNCT"></g></l></v></tfr></token><token id="591569" text="в"><tfr rev_id="1424640" t="в"><v><l id="37409" t="в"><g v="PREP"></g></l></v></tfr></token><token id="591570" text="»"><tfr rev_id="2443275" t="»"><v><l id="0" t="»"><g v="PNCT"></g></l></v></tfr></token><token id="591571" text="части"><tfr rev_id="4291581" t="части"><v><l id="374820" t="часть"><g v="NOUN"></g><g v="inan"></g><g v="femn"></g><g v="sing"></g><g v="gent"></g></l></v></tfr></token><token id="591572" text="2"><tfr rev_id="2461443" t="2"><v><l id="0" t="2"><g v="NUMB"></g></l></v></tfr></token><token id="591573" text="статьи"><tfr rev_id="3493949" t="статьи"><v><l id="335173" t="статья"><g v="NOUN"></g><g v="inan"></g><g v="femn"></g><g v="sing"></g><g v="gent"></g></l></v></tfr></token><token id="591574" text="105"><tfr rev_id="2461444" t="105"><v><l id="0" t="105"><g v="NUMB"></g></l></v></tfr></token><token id="591575" text="Уголовного"><tfr rev_id="4195436" t="Уголовного"><v><l id="354323" t="уголовный"><g v="ADJF"></g><g v="Qual"></g><g v="masc"></g><g v="sing"></g><g v="gent"></g></l></v><v><l id="354323" t="уголовный"><g v="ADJF"></g><g v="Qual"></g><g v="anim"></g><g v="masc"></g><g v="sing"></g><g v="accs"></g></l></v><v><l id="354323" t="уголовный"><g v="ADJF"></g><g v="Qual"></g><g v="neut"></g><g v="sing"></g><g v="gent"></g></l></v></tfr></token><token id="591576" text="Кодекса"><tfr rev_id="1424647" t="Кодекса"><v><l id="135292" t="кодекс"><g v="NOUN"></g><g v="inan"></g><g v="masc"></g><g v="sing"></g><g v="gent"></g></l></v></tfr></token><token id="591577" text="Российской"><tfr rev_id="4159579" t="Российской"><v><l id="309319" t="российский"><g v="ADJF"></g><g v="femn"></g><g v="sing"></g><g v="gent"></g></l></v></tfr></token><token id="591578" text="Федерации"><tfr rev_id="4025755" t="Федерации"><v><l id="364940" t="федерация"><g v="NOUN"></g><g v="inan"></g><g v="femn"></g><g v="sing"></g><g v="gent"></g></l></v></tfr></token><token id="591579" text="("><tfr rev_id="1424650" t="("><v><l id="0" t="("><g v="PNCT"></g></l></v></tfr></token><token id="591580" text="«"><tfr rev_id="2443276" t="«"><v><l id="0" t="«"><g v="PNCT"></g></l></v></tfr></token><token id="591581" text="Покушение"><tfr rev_id="1424652" t="Покушение"><v><l id="255092" t="покушение"><g v="NOUN"></g><g v="inan"></g><g v="neut"></g><g v="sing"></g><g v="nomn"></g></l></v><v><l id="255092" t="покушение"><g v="NOUN"></g><g v="inan"></g><g v="neut"></g><g v="sing"></g><g v="accs"></g></l></v></tfr></token><token id="591582" text="на"><tfr rev_id="3342157" t="на"><v><l id="166264" t="на"><g v="PREP"></g></l></v></tfr></token><token id="591583" text="убийство"><tfr rev_id="4094958" t="убийство"><v><l id="352998" t="убийство"><g v="NOUN"></g><g v="inan"></g><g v="neut"></g><g v="sing"></g><g v="accs"></g></l></v></tfr></token><token id="591584" text="малолетнего"><tfr rev_id="3408296" t="малолетнего"><v><l id="154008" t="малолетний"><g v="ADJF"></g><g v="Subx"></g><g v="masc"></g><g v="sing"></g><g v="gent"></g></l></v><v><l id="154008" t="малолетний"><g v="ADJF"></g><g v="Subx"></g><g v="anim"></g><g v="masc"></g><g v="sing"></g><g v="accs"></g></l></v></tfr></token><token id="591585" text="»"><tfr rev_id="2443277" t="»"><v><l id="0" t="»"><g v="PNCT"></g></l></v></tfr></token><token id="591586" text=")"><tfr rev_id="1424657" t=")"><v><l id="0" t=")"><g v="PNCT"></g></l></v></tfr></token><token id="591587" text="прокуратурой"><tfr rev_id="1424658" t="прокуратурой"><v><l id="281246" t="прокуратура"><g v="NOUN"></g><g v="inan"></g><g v="femn"></g><g v="sing"></g><g v="ablt"></g></l></v></tfr></token><token id="591588" text="было"><tfr rev_id="3946899" t="было"><v><l id="37265" t="есть"><g v="VERB"></g><g v="impf"></g><g v="intr"></g><g v="neut"></g><g v="sing"></g><g v="past"></g><g v="indc"></g></l></v></tfr></token><token id="591589" text="возбуждено"><tfr rev_id="1424660" t="возбуждено"><v><l id="48709" t="возбуждён"><g v="PRTS"></g><g v="perf"></g><g v="past"></g><g v="pssv"></g><g v="neut"></g><g v="sing"></g></l></v></tfr></token><token id="591590" text="уголовное"><tfr rev_id="1424661" t="уголовное"><v><l id="354323" t="уголовный"><g v="ADJF"></g><g v="Qual"></g><g v="neut"></g><g v="sing"></g><g v="nomn"></g></l></v><v><l id="354323" t="уголовный"><g v="ADJF"></g><g v="Qual"></g><g v="neut"></g><g v="sing"></g><g v="accs"></g></l></v></tfr></token><token id="591591" text="дело"><tfr rev_id="1716170" t="дело"><v><l id="80628" t="дело"><g v="NOUN"></g><g v="inan"></g><g v="neut"></g><g v="sing"></g><g v="nomn"></g></l></v><v><l id="80628" t="дело"><g v="NOUN"></g><g v="inan"></g><g v="neut"></g><g v="sing"></g><g v="accs"></g></l></v></tfr></token><token id="591592" text=","><tfr rev_id="1424663" t=","><v><l id="0" t=","><g v="PNCT"></g></l></v></tfr></token><token id="591593" text="для"><tfr rev_id="2707447" t="для"><v><l id="85032" t="для"><g v="PREP"></g></l></v></tfr></token><token id="591594" text="расследования"><tfr rev_id="3494782" t="расследования"><v><l id="301076" t="расследование"><g v="NOUN"></g><g v="inan"></g><g v="neut"></g><g v="sing"></g><g v="gent"></g></l></v></tfr></token><token id="591595" text="которого"><tfr rev_id="4076696" t="которого"><v><l id="141203" t="который"><g v="ADJF"></g><g v="Apro"></g><g v="Subx"></g><g v="Anph"></g><g v="neut"></g><g v="sing"></g><g v="gent"></g></l></v></tfr></token><token id="591596" text="была"><tfr rev_id="1424667" t="была"><v><l id="37265" t="есть"><g v="VERB"></g><g v="impf"></g><g v="intr"></g><g v="femn"></g><g v="sing"></g><g v="past"></g><g v="indc"></g></l></v></tfr></token><token id="591597" text="создана"><tfr rev_id="1424668" t="создана"><v><l id="328589" t="создан"><g v="PRTS"></g><g v="perf"></g><g v="past"></g><g v="pssv"></g><g v="femn"></g><g v="sing"></g></l></v></tfr></token><token id="591598" text="специальная"><tfr rev_id="1424669" t="специальная"><v><l id="331875" t="специальный"><g v="ADJF"></g><g v="femn"></g><g v="sing"></g><g v="nomn"></g></l></v></tfr></token><token id="591599" text="следственная"><tfr rev_id="1424670" t="следственная"><v><l id="324762" t="следственный"><g v="ADJF"></g><g v="femn"></g><g v="sing"></g><g v="nomn"></g></l></v></tfr></token><token id="591600" text="группа"><tfr rev_id="1424671" t="группа"><v><l id="76092" t="группа"><g v="NOUN"></g><g v="inan"></g><g v="femn"></g><g v="sing"></g><g v="nomn"></g></l></v></tfr></token><token id="591601" text=","><tfr rev_id="1424672" t=","><v><l id="0" t=","><g v="PNCT"></g></l></v></tfr></token><token id="591602" text="в"><tfr rev_id="1424673" t="в"><v><l id="37409" t="в"><g v="PREP"></g></l></v></tfr></token><token id="591603" text="которую"><tfr rev_id="3641061" t="которую"><v><l id="141203" t="который"><g v="ADJF"></g><g v="Apro"></g><g v="Subx"></g><g v="Anph"></g><g v="femn"></g><g v="sing"></g><g v="accs"></g></l></v></tfr></token><token id="591604" text="были"><tfr rev_id="1714386" t="были"><v><l id="37265" t="есть"><g v="VERB"></g><g v="impf"></g><g v="intr"></g><g v="plur"></g><g v="past"></g><g v="indc"></g></l></v></tfr></token><token id="591605" text="включены"><tfr rev_id="1424676" t="включены"><v><l id="46214" t="включён"><g v="PRTS"></g><g v="perf"></g><g v="past"></g><g v="pssv"></g><g v="plur"></g></l></v></tfr></token><token id="591606" text="наиболее"><tfr rev_id="1424677" t="наиболее"><v><l id="170502" t="наиболее"><g v="ADVB"></g></l></v></tfr></token><token id="591607" text="опытные"><tfr rev_id="3474461" t="опытные"><v><l id="208582" t="опытный"><g v="ADJF"></g><g v="Qual"></g><g v="plur"></g><g v="nomn"></g></l></v></tfr></token><token id="591608" text="сыщики"><tfr rev_id="1424679" t="сыщики"><v><l id="341861" t="сыщик"><g v="NOUN"></g><g v="anim"></g><g v="masc"></g><g v="plur"></g><g v="nomn"></g></l></v></tfr></token><token id="591609" text="."><tfr rev_id="1424680" t="."><v><l id="0" t="."><g v="PNCT"></g></l></v></tfr></token></tokens></sentence><sentence id="33008"><source>В кратчайшие сроки следствием было установлено, что родители мальчика оставили его на попечение бабушки Гаяне Галстян (1969 года рождения), которая проживала совместно с ранее судимым Сергеем Конищевым (1977 года рождения) в соседней квартире на шестом этаже.</source><tokens><token id="591610" text="В"><tfr rev_id="1424681" t="В"><v><l id="37409" t="в"><g v="PREP"></g></l></v></tfr></token><token id="591611" text="кратчайшие"><tfr rev_id="4573035" t="кратчайшие"><v><l id="142068" t="кратчайший"><g v="ADJF"></g><g v="Supr"></g><g v="Qual"></g><g v="inan"></g><g v="plur"></g><g v="accs"></g></l></v></tfr></token><token id="591612" text="сроки"><tfr rev_id="3728317" t="сроки"><v><l id="333848" t="срок"><g v="NOUN"></g><g v="inan"></g><g v="masc"></g><g v="plur"></g><g v="accs"></g></l></v></tfr></token><token id="591613" text="следствием"><tfr rev_id="1424684" t="следствием"><v><l id="324765" t="следствие"><g v="NOUN"></g><g v="inan"></g><g v="neut"></g><g v="sing"></g><g v="ablt"></g></l></v></tfr></token><token id="591614" text="было"><tfr rev_id="3946879" t="было"><v><l id="37265" t="есть"><g v="VERB"></g><g v="impf"></g><g v="intr"></g><g v="neut"></g><g v="sing"></g><g v="past"></g><g v="indc"></g></l></v></tfr></token><token id="591615" text="установлено"><tfr rev_id="1424686" t="установлено"><v><l id="360985" t="установлен"><g v="PRTS"></g><g v="perf"></g><g v="past"></g><g v="pssv"></g><g v="neut"></g><g v="sing"></g></l></v></tfr></token><token id="591616" text=","><tfr rev_id="1424687" t=","><v><l id="0" t=","><g v="PNCT"></g></l></v></tfr></token><token id="591617" text="что"><tfr rev_id="3196719" t="что"><v><l id="377004" t="что"><g v="CONJ"></g></l></v><v><l id="377005" t="что"><g v="NPRO"></g><g v="neut"></g><g v="sing"></g><g v="nomn"></g></l></v><v><l id="377005" t="что"><g v="NPRO"></g><g v="neut"></g><g v="sing"></g><g v="accs"></g></l></v><v><l id="377006" t="что"><g v="ADVB"></g><g v="Ques"></g></l></v><v><l id="388695" t="что"><g v="PRCL"></g></l></v></tfr></token><token id="591618" text="родители"><tfr rev_id="1424689" t="родители"><v><l id="308303" t="родитель"><g v="NOUN"></g><g v="anim"></g><g v="masc"></g><g v="plur"></g><g v="nomn"></g></l></v></tfr></token><token id="591619" text="мальчика"><tfr rev_id="4389633" t="мальчика"><v><l id="154435" t="мальчик"><g v="NOUN"></g><g v="anim"></g><g v="masc"></g><g v="sing"></g><g v="gent"></g></l></v></tfr></token><token id="591620" text="оставили"><tfr rev_id="1424691" t="оставили"><v><l id="210817" t="оставил"><g v="VERB"></g><g v="perf"></g><g v="tran"></g><g v="plur"></g><g v="past"></g><g v="indc"></g></l></v></tfr></token><token id="591621" text="его"><tfr rev_id="4527833" t="его"><v><l id="206541" t="он"><g v="NPRO"></g><g v="masc"></g><g v="3per"></g><g v="Anph"></g><g v="sing"></g><g v="gent"></g></l></v><v><l id="206541" t="он"><g v="NPRO"></g><g v="masc"></g><g v="3per"></g><g v="Anph"></g><g v="sing"></g><g v="accs"></g></l></v><v><l id="206649" t="оно"><g v="NPRO"></g><g v="neut"></g><g v="3per"></g><g v="Anph"></g><g v="sing"></g><g v="gent"></g></l></v><v><l id="206649" t="оно"><g v="NPRO"></g><g v="neut"></g><g v="3per"></g><g v="Anph"></g><g v="sing"></g><g v="accs"></g></l></v></tfr></token><token id="591622" text="на"><tfr rev_id="3335729" t="на"><v><l id="166264" t="на"><g v="PREP"></g></l></v></tfr></token><token id="591623" text="попечение"><tfr rev_id="1424694" t="попечение"><v><l id="259141" t="попечение"><g v="NOUN"></g><g v="inan"></g><g v="neut"></g><g v="sing"></g><g v="nomn"></g></l></v><v><l id="259141" t="попечение"><g v="NOUN"></g><g v="inan"></g><g v="neut"></g><g v="sing"></g><g v="accs"></g></l></v></tfr></token><token id="591624" text="бабушки"><tfr rev_id="3508993" t="бабушки"><v><l id="21715" t="бабушка"><g v="NOUN"></g><g v="anim"></g><g v="femn"></g><g v="sing"></g><g v="gent"></g></l></v></tfr></token><token id="591625" text="Гаяне"><tfr rev_id="3691687" t="Гаяне"><v><l id="67866" t="гаяне"><g v="NOUN"></g><g v="anim"></g><g v="femn"></g><g v="Sgtm"></g><g v="Fixd"></g><g v="Name"></g><g v="sing"></g><g v="gent"></g></l></v></tfr></token><token id="591626" text="Галстян"><tfr rev_id="1424697" t="Галстян"><v><l id="0" t="галстян"><g v="UNKN"></g></l></v></tfr></token><token id="591627" text="("><tfr rev_id="1424698" t="("><v><l id="0" t="("><g v="PNCT"></g></l></v></tfr></token><token id="591628" text="1969"><tfr rev_id="2461445" t="1969"><v><l id="0" t="1969"><g v="NUMB"></g></l></v></tfr></token><token id="591629" text="года"><tfr rev_id="3415415" t="года"><v><l id="72149" t="год"><g v="NOUN"></g><g v="inan"></g><g v="masc"></g><g v="sing"></g><g v="gen1"></g></l></v></tfr></token><token id="591630" text="рождения"><tfr rev_id="3433338" t="рождения"><v><l id="308457" t="рождение"><g v="NOUN"></g><g v="inan"></g><g v="neut"></g><g v="sing"></g><g v="gent"></g></l></v></tfr></token><token id="591631" text=")"><tfr rev_id="1424702" t=")"><v><l id="0" t=")"><g v="PNCT"></g></l></v></tfr></token><token id="591632" text=","><tfr rev_id="1424703" t=","><v><l id="0" t=","><g v="PNCT"></g></l></v></tfr></token><token id="591633" text="которая"><tfr rev_id="3639803" t="которая"><v><l id="141203" t="который"><g v="ADJF"></g><g v="Apro"></g><g v="Subx"></g><g v="Anph"></g><g v="femn"></g><g v="sing"></g><g v="nomn"></g></l></v></tfr></token><token id="591634" text="проживала"><tfr rev_id="1424705" t="проживала"><v><l id="279718" t="проживаю"><g v="VERB"></g><g v="impf"></g><g v="tran"></g><g v="femn"></g><g v="sing"></g><g v="past"></g><g v="indc"></g></l></v><v><l id="279725" t="проживаю"><g v="VERB"></g><g v="impf"></g><g v="intr"></g><g v="femn"></g><g v="sing"></g><g v="past"></g><g v="indc"></g></l></v></tfr></token><token id="591635" text="совместно"><tfr rev_id="4097377" t="совместно"><v><l id="328111" t="совместно"><g v="ADVB"></g><g v="Prdx"></g></l></v></tfr></token><token id="591636" text="с"><tfr rev_id="1424707" t="с"><v><l id="311151" t="с"><g v="PREP"></g></l></v></tfr></token><token id="591637" text="ранее"><tfr rev_id="1424708" t="ранее"><v><l id="297884" t="ранее"><g v="ADVB"></g></l></v></tfr></token><token id="591638" text="судимым"><tfr rev_id="2761059" t="судимым"><v><l id="338998" t="судимый"><g v="PRTF"></g><g v="impf"></g><g v="tran"></g><g v="pres"></g><g v="pssv"></g><g v="masc"></g><g v="sing"></g><g v="ablt"></g></l></v></tfr></token><token id="591639" text="Сергеем"><tfr rev_id="1424710" t="Сергеем"><v><l id="319056" t="сергей"><g v="NOUN"></g><g v="anim"></g><g v="masc"></g><g v="Name"></g><g v="sing"></g><g v="ablt"></g></l></v></tfr></token><token id="591640" text="Конищевым"><tfr rev_id="1424711" t="Конищевым"><v><l id="0" t="конищевым"><g v="UNKN"></g></l></v></tfr></token><token id="591641" text="("><tfr rev_id="1424712" t="("><v><l id="0" t="("><g v="PNCT"></g></l></v></tfr></token><token id="591642" text="1977"><tfr rev_id="2461446" t="1977"><v><l id="0" t="1977"><g v="NUMB"></g></l></v></tfr></token><token id="591643" text="года"><tfr rev_id="3446044" t="года"><v><l id="72149" t="год"><g v="NOUN"></g><g v="inan"></g><g v="masc"></g><g v="sing"></g><g v="gen1"></g></l></v></tfr></token><token id="591644" text="рождения"><tfr rev_id="3225336" t="рождения"><v><l id="308457" t="рождение"><g v="NOUN"></g><g v="inan"></g><g v="neut"></g><g v="sing"></g><g v="gent"></g></l></v></tfr></token><token id="591645" text=")"><tfr rev_id="1424716" t=")"><v><l id="0" t=")"><g v="PNCT"></g></l></v></tfr></token><token id="591646" text="в"><tfr rev_id="1424717" t="в"><v><l id="37409" t="в"><g v="PREP"></g></l></v></tfr></token><token id="591647" text="соседней"><tfr rev_id="4380442" t="соседней"><v><l id="330239" t="соседний"><g v="ADJF"></g><g v="femn"></g><g v="sing"></g><g v="loct"></g></l></v></tfr></token><token id="591648" text="квартире"><tfr rev_id="3500334" t="квартире"><v><l id="132025" t="квартира"><g v="NOUN"></g><g v="inan"></g><g v="femn"></g><g v="sing"></g><g v="loct"></g></l></v></tfr></token><token id="591649" text="на"><tfr rev_id="3342030" t="на"><v><l id="166264" t="на"><g v="PREP"></g></l></v></tfr></token><token id="591650" text="шестом"><tfr rev_id="4371678" t="шестом"><v><l id="379417" t="шестой"><g v="ADJF"></g><g v="Anum"></g><g v="masc"></g><g v="sing"></g><g v="loct"></g></l></v></tfr></token><token id="591651" text="этаже"><tfr rev_id="1424722" t="этаже"><v><l id="386395" t="этаж"><g v="NOUN"></g><g v="inan"></g><g v="masc"></g><g v="sing"></g><g v="loct"></g></l></v></tfr></token><token id="591652" text="."><tfr rev_id="1424723" t="."><v><l id="0" t="."><g v="PNCT"></g></l></v></tfr></token></tokens></sentence><sentence id="33009"><source>По возвращении домой, они обнаружили сожителей мертвецки пьяными.</source><tokens><token id="591653" text="По"><tfr rev_id="1424724" t="По"><v><l id="241240" t="по"><g v="PREP"></g></l></v></tfr></token><token id="591654" text="возвращении"><tfr rev_id="1424725" t="возвращении"><v><l id="48845" t="возвращение"><g v="NOUN"></g><g v="inan"></g><g v="neut"></g><g v="sing"></g><g v="loct"></g></l></v></tfr></token><token id="591655" text="домой"><tfr rev_id="4576337" t="домой"><v><l id="88431" t="домой"><g v="ADVB"></g></l></v></tfr></token><token id="591656" text=","><tfr rev_id="1424727" t=","><v><l id="0" t=","><g v="PNCT"></g></l></v></tfr></token><token id="591657" text="они"><tfr rev_id="3599360" t="они"><v><l id="206619" t="они"><g v="NPRO"></g><g v="3per"></g><g v="Anph"></g><g v="plur"></g><g v="nomn"></g></l></v></tfr></token><token id="591658" text="обнаружили"><tfr rev_id="1424729" t="обнаружили"><v><l id="197779" t="обнаружил"><g v="VERB"></g><g v="perf"></g><g v="tran"></g><g v="plur"></g><g v="past"></g><g v="indc"></g></l></v></tfr></token><token id="591659" text="сожителей"><tfr rev_id="4358795" t="сожителей"><v><l id="328521" t="сожитель"><g v="NOUN"></g><g v="anim"></g><g v="masc"></g><g v="plur"></g><g v="accs"></g></l></v></tfr></token><token id="591660" text="мертвецки"><tfr rev_id="4533637" t="мертвецки"><v><l id="392820" t="мертвецки"><g v="ADVB"></g></l></v></tfr></token><token id="591661" text="пьяными"><tfr rev_id="4195438" t="пьяными"><v><l id="290226" t="пьяный"><g v="ADJF"></g><g v="Qual"></g><g v="plur"></g><g v="ablt"></g></l></v></tfr></token><token id="591662" text="."><tfr rev_id="1424733" t="."><v><l id="0" t="."><g v="PNCT"></g></l></v></tfr></token></tokens></sentence></paragraph><paragraph id="10512"><sentence id="33010"><source>По заявлению следователей:</source><tokens><token id="591663" text="По"><tfr rev_id="1424734" t="По"><v><l id="241240" t="по"><g v="PREP"></g></l></v></tfr></token><token id="591664" text="заявлению"><tfr rev_id="1424735" t="заявлению"><v><l id="114311" t="заявление"><g v="NOUN"></g><g v="inan"></g><g v="neut"></g><g v="sing"></g><g v="datv"></g></l></v></tfr></token><token id="591665" text="следователей"><tfr rev_id="2866710" t="следователей"><v><l id="324742" t="следователь"><g v="NOUN"></g><g v="anim"></g><g v="masc"></g><g v="plur"></g><g v="gent"></g></l></v></tfr></token><token id="591666" text=":"><tfr rev_id="1424737" t=":"><v><l id="0" t=":"><g v="PNCT"></g></l></v></tfr></token></tokens></sentence><sentence id="33011"><source>«В настоящее время решается вопрос об избрании им меры пресечения в виде заключения под стражу и предъявления обвинения.</source><tokens><token id="591667" text="«"><tfr rev_id="2443278" t="«"><v><l id="0" t="«"><g v="PNCT"></g></l></v></tfr></token><token id="591668" text="В"><tfr rev_id="1424739" t="В"><v><l id="37409" t="в"><g v="PREP"></g></l></v></tfr></token><token id="591669" text="настоящее"><tfr rev_id="4282421" t="настоящее"><v><l id="176151" t="настоящий"><g v="ADJF"></g><g v="neut"></g><g v="sing"></g><g v="nomn"></g></l></v><v><l id="176151" t="настоящий"><g v="ADJF"></g><g v="neut"></g><g v="sing"></g><g v="accs"></g></l></v></tfr></token><token id="591670" text="время"><tfr rev_id="3340033" t="время"><v><l id="53149" t="время"><g v="NOUN"></g><g v="inan"></g><g v="neut"></g><g v="sing"></g><g v="accs"></g></l></v></tfr></token><token id="591671" text="решается"><tfr rev_id="1424742" t="решается"><v><l id="307342" t="решаюсь"><g v="VERB"></g><g v="impf"></g><g v="intr"></g><g v="sing"></g><g v="3per"></g><g v="pres"></g><g v="indc"></g></l></v></tfr></token><token id="591672" text="вопрос"><tfr rev_id="4100064" t="вопрос"><v><l id="50830" t="вопрос"><g v="NOUN"></g><g v="inan"></g><g v="masc"></g><g v="sing"></g><g v="nomn"></g></l></v></tfr></token><token id="591673" text="об"><tfr rev_id="2921212" t="об"><v><l id="192977" t="о"><g v="PREP"></g><g v="Vpre"></g></l></v></tfr></token><token id="591674" text="избрании"><tfr rev_id="1424745" t="избрании"><v><l id="117923" t="избрание"><g v="NOUN"></g><g v="inan"></g><g v="neut"></g><g v="sing"></g><g v="loct"></g></l></v></tfr></token><token id="591675" text="им"><tfr rev_id="4531287" t="им"><v><l id="206619" t="они"><g v="NPRO"></g><g v="3per"></g><g v="Anph"></g><g v="plur"></g><g v="datv"></g></l></v></tfr></token><token id="591676" text="меры"><tfr rev_id="3501038" t="меры"><v><l id="158460" t="мера"><g v="NOUN"></g><g v="inan"></g><g v="femn"></g><g v="sing"></g><g v="gent"></g></l></v></tfr></token><token id="591677" text="пресечения"><tfr rev_id="3483360" t="пресечения"><v><l id="268163" t="пресечение"><g v="NOUN"></g><g v="inan"></g><g v="neut"></g><g v="sing"></g><g v="gent"></g></l></v></tfr></token><token id="591678" text="в"><tfr rev_id="1424749" t="в"><v><l id="37409" t="в"><g v="PREP"></g></l></v></tfr></token><token id="591679" text="виде"><tfr rev_id="1424750" t="виде"><v><l id="44437" t="вид"><g v="NOUN"></g><g v="inan"></g><g v="masc"></g><g v="sing"></g><g v="loc1"></g></l></v></tfr></token><token id="591680" text="заключения"><tfr rev_id="1717086" t="заключения"><v><l id="103480" t="заключение"><g v="NOUN"></g><g v="inan"></g><g v="neut"></g><g v="sing"></g><g v="gent"></g></l></v></tfr></token><token id="591681" text="под"><tfr rev_id="2603864" t="под"><v><l id="243755" t="под"><g v="PREP"></g></l></v></tfr></token><token id="591682" text="стражу"><tfr rev_id="3492707" t="стражу"><v><l id="337072" t="стража"><g v="NOUN"></g><g v="inan"></g><g v="femn"></g><g v="sing"></g><g v="accs"></g></l></v></tfr></token><token id="591683" text="и"><tfr rev_id="3945456" t="и"><v><l id="116949" t="и"><g v="CONJ"></g></l></v></tfr></token><token id="591684" text="предъявления"><tfr rev_id="3409979" t="предъявления"><v><l id="267370" t="предъявление"><g v="NOUN"></g><g v="inan"></g><g v="neut"></g><g v="sing"></g><g v="gent"></g></l></v></tfr></token><token id="591685" text="обвинения"><tfr rev_id="3500453" t="обвинения"><v><l id="193410" t="обвинение"><g v="NOUN"></g><g v="inan"></g><g v="neut"></g><g v="sing"></g><g v="gent"></g></l></v></tfr></token><token id="591686" text="."><tfr rev_id="1424757" t="."><v><l id="0" t="."><g v="PNCT"></g></l></v></tfr></token></tokens></sentence><sentence id="33012"><source>Расследование уголовного дела находится на контроле у руководства Главного следственного управления, по делу проводятся необходимые следственные действия, направленные на установление всех обстоятельств произошедшего».</source><tokens><token id="591687" text="Расследование"><tfr rev_id="1424758" t="Расследование"><v><l id="301076" t="расследование"><g v="NOUN"></g><g v="inan"></g><g v="neut"></g><g v="sing"></g><g v="nomn"></g></l></v><v><l id="301076" t="расследование"><g v="NOUN"></g><g v="inan"></g><g v="neut"></g><g v="sing"></g><g v="accs"></g></l></v></tfr></token><token id="591688" text="уголовного"><tfr rev_id="4195439" t="уголовного"><v><l id="354323" t="уголовный"><g v="ADJF"></g><g v="Qual"></g><g v="masc"></g><g v="sing"></g><g v="gent"></g></l></v><v><l id="354323" t="уголовный"><g v="ADJF"></g><g v="Qual"></g><g v="anim"></g><g v="masc"></g><g v="sing"></g><g v="accs"></g></l></v><v><l id="354323" t="уголовный"><g v="ADJF"></g><g v="Qual"></g><g v="neut"></g><g v="sing"></g><g v="gent"></g></l></v></tfr></token><token id="591689" text="дела"><tfr rev_id="3547332" t="дела"><v><l id="80628" t="дело"><g v="NOUN"></g><g v="inan"></g><g v="neut"></g><g v="sing"></g><g v="gent"></g></l></v></tfr></token><token id="591690" text="находится"><tfr rev_id="1424761" t="находится"><v><l id="177898" t="нахожусь"><g v="VERB"></g><g v="impf"></g><g v="intr"></g><g v="sing"></g><g v="3per"></g><g v="pres"></g><g v="indc"></g></l></v><v><l id="177903" t="находился"><g v="VERB"></g><g v="perf"></g><g v="intr"></g><g v="sing"></g><g v="3per"></g><g v="futr"></g><g v="indc"></g></l></v></tfr></token><token id="591691" text="на"><tfr rev_id="3395676" t="на"><v><l id="166264" t="на"><g v="PREP"></g></l></v></tfr></token><token id="591692" text="контроле"><tfr rev_id="1424763" t="контроле"><v><l id="138615" t="контроль"><g v="NOUN"></g><g v="inan"></g><g v="masc"></g><g v="sing"></g><g v="loct"></g></l></v></tfr></token><token id="591693" text="у"><tfr rev_id="1424764" t="у"><v><l id="352818" t="у"><g v="PREP"></g></l></v><v><l id="352819" t="у"><g v="INTJ"></g></l></v></tfr></token><token id="591694" text="руководства"><tfr rev_id="3505795" t="руководства"><v><l id="310004" t="руководство"><g v="NOUN"></g><g v="inan"></g><g v="neut"></g><g v="sing"></g><g v="gent"></g></l></v></tfr></token><token id="591695" text="Главного"><tfr rev_id="4349803" t="Главного"><v><l id="70842" t="главный"><g v="ADJF"></g><g v="Qual"></g><g v="neut"></g><g v="sing"></g><g v="gent"></g></l></v></tfr></token><token id="591696" text="следственного"><tfr rev_id="4167671" t="следственного"><v><l id="324762" t="следственный"><g v="ADJF"></g><g v="neut"></g><g v="sing"></g><g v="gent"></g></l></v></tfr></token><token id="591697" text="управления"><tfr rev_id="3445258" t="управления"><v><l id="359211" t="управление"><g v="NOUN"></g><g v="inan"></g><g v="neut"></g><g v="sing"></g><g v="gent"></g></l></v></tfr></token><token id="591698" text=","><tfr rev_id="1424769" t=","><v><l id="0" t=","><g v="PNCT"></g></l></v></tfr></token><token id="591699" text="по"><tfr rev_id="1424770" t="по"><v><l id="241240" t="по"><g v="PREP"></g></l></v></tfr></token><token id="591700" text="делу"><tfr rev_id="1424771" t="делу"><v><l id="80628" t="дело"><g v="NOUN"></g><g v="inan"></g><g v="neut"></g><g v="sing"></g><g v="datv"></g></l></v></tfr></token><token id="591701" text="проводятся"><tfr rev_id="1424772" t="проводятся"><v><l id="278015" t="провожусь"><g v="VERB"></g><g v="impf"></g><g v="intr"></g><g v="plur"></g><g v="3per"></g><g v="pres"></g><g v="indc"></g></l></v></tfr></token><token id="591702" text="необходимые"><tfr rev_id="3860052" t="необходимые"><v><l id="184808" t="необходимый"><g v="ADJF"></g><g v="Qual"></g><g v="plur"></g><g v="nomn"></g></l></v></tfr></token><token id="591703" text="следственные"><tfr rev_id="3861513" t="следственные"><v><l id="324762" t="следственный"><g v="ADJF"></g><g v="plur"></g><g v="nomn"></g></l></v></tfr></token><token id="591704" text="действия"><tfr rev_id="3794984" t="действия"><v><l id="80091" t="действие"><g v="NOUN"></g><g v="inan"></g><g v="neut"></g><g v="plur"></g><g v="nomn"></g></l></v></tfr></token><token id="591705" text=","><tfr rev_id="1424776" t=","><v><l id="0" t=","><g v="PNCT"></g></l></v></tfr></token><token id="591706" text="направленные"><tfr rev_id="3684397" t="направленные"><v><l id="173955" t="направленный"><g v="PRTF"></g><g v="perf"></g><g v="tran"></g><g v="past"></g><g v="pssv"></g><g v="Adjx"></g><g v="plur"></g><g v="nomn"></g></l></v><v><l id="173955" t="направленный"><g v="PRTF"></g><g v="perf"></g><g v="tran"></g><g v="past"></g><g v="pssv"></g><g v="Adjx"></g><g v="inan"></g><g v="plur"></g><g v="accs"></g></l></v></tfr></token><token id="591707" text="на"><tfr rev_id="3333698" t="на"><v><l id="166264" t="на"><g v="PREP"></g></l></v></tfr></token><token id="591708" text="установление"><tfr rev_id="4096366" t="установление"><v><l id="360992" t="установление"><g v="NOUN"></g><g v="inan"></g><g v="neut"></g><g v="sing"></g><g v="accs"></g></l></v></tfr></token><token id="591709" text="всех"><tfr rev_id="4572472" t="всех"><v><l id="42156" t="весь"><g v="ADJF"></g><g v="Subx"></g><g v="Apro"></g><g v="plur"></g><g v="gent"></g></l></v></tfr></token><token id="591710" text="обстоятельств"><tfr rev_id="1424781" t="обстоятельств"><v><l id="199957" t="обстоятельство"><g v="NOUN"></g><g v="inan"></g><g v="neut"></g><g v="plur"></g><g v="gent"></g></l></v></tfr></token><token id="591711" text="произошедшего"><tfr rev_id="3443148" t="произошедшего"><v><l id="280164" t="произошедший"><g v="PRTF"></g><g v="perf"></g><g v="intr"></g><g v="past"></g><g v="actv"></g><g v="neut"></g><g v="sing"></g><g v="gent"></g><g v="Infr"></g></l></v></tfr></token><token id="591712" text="»"><tfr rev_id="2443279" t="»"><v><l id="0" t="»"><g v="PNCT"></g></l></v></tfr></token><token id="591713" text="."><tfr rev_id="1424784" t="."><v><l id="0" t="."><g v="PNCT"></g></l></v></tfr></token></tokens></sentence></paragraph><paragraph id="10513"><sentence id="33013"><source>Оба собутыльника взяты под стражу.</source><tokens><token id="591714" text="Оба"><tfr rev_id="1424785" t="Оба"><v><l id="193002" t="оба"><g v="NUMR"></g><g v="masc"></g><g v="nomn"></g></l></v><v><l id="193002" t="оба"><g v="NUMR"></g><g v="inan"></g><g v="masc"></g><g v="accs"></g></l></v><v><l id="193002" t="оба"><g v="NUMR"></g><g v="neut"></g><g v="nomn"></g></l></v><v><l id="193002" t="оба"><g v="NUMR"></g><g v="inan"></g><g v="neut"></g><g v="accs"></g></l></v></tfr></token><token id="591715" text="собутыльника"><tfr rev_id="4215958" t="собутыльника"><v><l id="327843" t="собутыльник"><g v="NOUN"></g><g v="anim"></g><g v="masc"></g><g v="sing"></g><g v="gent"></g></l></v></tfr></token><token id="591716" text="взяты"><tfr rev_id="1424787" t="взяты"><v><l id="44308" t="взят"><g v="PRTS"></g><g v="perf"></g><g v="past"></g><g v="pssv"></g><g v="plur"></g></l></v></tfr></token><token id="591717" text="под"><tfr rev_id="2557502" t="под"><v><l id="243755" t="под"><g v="PREP"></g></l></v></tfr></token><token id="591718" text="стражу"><tfr rev_id="4336218" t="стражу"><v><l id="337072" t="стража"><g v="NOUN"></g><g v="inan"></g><g v="femn"></g><g v="sing"></g><g v="accs"></g></l></v></tfr></token><token id="591719" text="."><tfr rev_id="1424790" t="."><v><l id="0" t="."><g v="PNCT"></g></l></v></tfr></token></tokens></sentence><sentence id="33014"><source>Позднее Конищев объяснил, что сделал это, чтобы ребёнок не мешал ему смотреть телевизор</source><tokens><token id="591720" text="Позднее"><tfr rev_id="1424791" t="Позднее"><v><l id="253488" t="поздний"><g v="ADJF"></g><g v="Qual"></g><g v="neut"></g><g v="sing"></g><g v="nomn"></g></l></v><v><l id="253488" t="поздний"><g v="ADJF"></g><g v="Qual"></g><g v="neut"></g><g v="sing"></g><g v="accs"></g></l></v><v><l id="253491" t="позднее"><g v="COMP"></g><g v="Qual"></g><g v="Infr"></g></l></v></tfr></token><token id="591721" text="Конищев"><tfr rev_id="1424792" t="Конищев"><v><l id="0" t="конищев"><g v="UNKN"></g></l></v></tfr></token><token id="591722" text="объяснил"><tfr rev_id="1424793" t="объяснил"><v><l id="201923" t="объяснил"><g v="VERB"></g><g v="perf"></g><g v="tran"></g><g v="masc"></g><g v="sing"></g><g v="past"></g><g v="indc"></g></l></v></tfr></token><token id="591723" text=","><tfr rev_id="1424794" t=","><v><l id="0" t=","><g v="PNCT"></g></l></v></tfr></token><token id="591724" text="что"><tfr rev_id="3196720" t="что"><v><l id="377004" t="что"><g v="CONJ"></g></l></v><v><l id="377005" t="что"><g v="NPRO"></g><g v="neut"></g><g v="sing"></g><g v="nomn"></g></l></v><v><l id="377005" t="что"><g v="NPRO"></g><g v="neut"></g><g v="sing"></g><g v="accs"></g></l></v><v><l id="377006" t="что"><g v="ADVB"></g><g v="Ques"></g></l></v><v><l id="388695" t="что"><g v="PRCL"></g></l></v></tfr></token><token id="591725" text="сделал"><tfr rev_id="1424796" t="сделал"><v><l id="317246" t="сделал"><g v="VERB"></g><g v="perf"></g><g v="tran"></g><g v="masc"></g><g v="sing"></g><g v="past"></g><g v="indc"></g></l></v></tfr></token><token id="591726" text="это"><tfr rev_id="4441508" t="это"><v><l id="386574" t="это"><g v="PRCL"></g></l></v><v><l id="386575" t="это"><g v="NPRO"></g><g v="neut"></g><g v="sing"></g><g v="nomn"></g></l></v><v><l id="386575" t="это"><g v="NPRO"></g><g v="neut"></g><g v="sing"></g><g v="accs"></g></l></v><v><l id="386581" t="этот"><g v="ADJF"></g><g v="Subx"></g><g v="Apro"></g><g v="Anph"></g><g v="neut"></g><g v="sing"></g><g v="nomn"></g></l></v><v><l id="386581" t="этот"><g v="ADJF"></g><g v="Subx"></g><g v="Apro"></g><g v="Anph"></g><g v="neut"></g><g v="sing"></g><g v="accs"></g></l></v></tfr></token><token id="591727" text=","><tfr rev_id="1424798" t=","><v><l id="0" t=","><g v="PNCT"></g></l></v></tfr></token><token id="591728" text="чтобы"><tfr rev_id="1424799" t="чтобы"><v><l id="377013" t="чтобы"><g v="CONJ"></g></l></v><v><l id="377014" t="чтобы"><g v="PRCL"></g></l></v></tfr></token><token id="591729" text="ребёнок"><tfr rev_id="1424800" t="ребёнок"><v><l id="304488" t="ребёнок"><g v="NOUN"></g><g v="anim"></g><g v="masc"></g><g v="sing"></g><g v="nomn"></g></l></v></tfr></token><token id="591730" text="не"><tfr rev_id="1424801" t="не"><v><l id="178876" t="не"><g v="PRCL"></g></l></v></tfr></token><token id="591731" text="мешал"><tfr rev_id="1424802" t="мешал"><v><l id="159503" t="мешаю"><g v="VERB"></g><g v="impf"></g><g v="tran"></g><g v="masc"></g><g v="sing"></g><g v="past"></g><g v="indc"></g></l></v><v><l id="159512" t="мешаю"><g v="VERB"></g><g v="impf"></g><g v="intr"></g><g v="masc"></g><g v="sing"></g><g v="past"></g><g v="indc"></g></l></v></tfr></token><token id="591732" text="ему"><tfr rev_id="4528891" t="ему"><v><l id="206541" t="он"><g v="NPRO"></g><g v="masc"></g><g v="3per"></g><g v="Anph"></g><g v="sing"></g><g v="datv"></g></l></v><v><l id="206649" t="оно"><g v="NPRO"></g><g v="neut"></g><g v="3per"></g><g v="Anph"></g><g v="sing"></g><g v="datv"></g></l></v></tfr></token><token id="591733" text="смотреть"><tfr rev_id="1424804" t="смотреть"><v><l id="326799" t="смотреть"><g v="INFN"></g><g v="impf"></g><g v="tran"></g></l></v></tfr></token><token id="591734" text="телевизор"><tfr rev_id="4211190" t="телевизор"><v><l id="344101" t="телевизор"><g v="NOUN"></g><g v="inan"></g><g v="masc"></g><g v="sing"></g><g v="accs"></g></l></v></tfr></token></tokens></sentence></paragraph></paragraphs></text>