<?xml version="1.0" encoding="utf-8"?><text id="1089" parent="226" name="14439 Акваматерия"><tags><tag>url:http://www.chaskor.ru/news/akvamateriya_14439</tag><tag>Год:2010</tag><tag>Дата:22/01</tag><tag>Тема:ЧасКор:Технологии</tag><tag>Тема:ЧасКор:Технологии/Наука</tag></tags><paragraphs><paragraph id="10539"><sentence id="33095"><source>Акваматерия</source><tokens><token id="593218" text="Акваматерия"><tfr rev_id="1426289" t="Акваматерия"><v><l id="0" t="акваматерия"><g v="UNKN"></g></l></v></tfr></token></tokens></sentence><sentence id="33096"><source>Создан материал, практически целиком состоящий из воды.</source><tokens><token id="593219" text="Создан"><tfr rev_id="1426290" t="Создан"><v><l id="328589" t="создан"><g v="PRTS"></g><g v="perf"></g><g v="past"></g><g v="pssv"></g><g v="masc"></g><g v="sing"></g></l></v></tfr></token><token id="593220" text="материал"><tfr rev_id="3861300" t="материал"><v><l id="156200" t="материал"><g v="NOUN"></g><g v="inan"></g><g v="masc"></g><g v="sing"></g><g v="nomn"></g></l></v></tfr></token><token id="593221" text=","><tfr rev_id="1426292" t=","><v><l id="0" t=","><g v="PNCT"></g></l></v></tfr></token><token id="593222" text="практически"><tfr rev_id="1426293" t="практически"><v><l id="265904" t="практически"><g v="ADVB"></g></l></v></tfr></token><token id="593223" text="целиком"><tfr rev_id="4263666" t="целиком"><v><l id="373108" t="целиком"><g v="ADVB"></g></l></v></tfr></token><token id="593224" text="состоящий"><tfr rev_id="1426295" t="состоящий"><v><l id="330565" t="состоящий"><g v="PRTF"></g><g v="impf"></g><g v="intr"></g><g v="pres"></g><g v="actv"></g><g v="masc"></g><g v="sing"></g><g v="nomn"></g></l></v><v><l id="330565" t="состоящий"><g v="PRTF"></g><g v="impf"></g><g v="intr"></g><g v="pres"></g><g v="actv"></g><g v="inan"></g><g v="masc"></g><g v="sing"></g><g v="accs"></g></l></v></tfr></token><token id="593225" text="из"><tfr rev_id="2603693" t="из"><v><l id="117677" t="из"><g v="PREP"></g></l></v></tfr></token><token id="593226" text="воды"><tfr rev_id="3443588" t="воды"><v><l id="48014" t="вода"><g v="NOUN"></g><g v="inan"></g><g v="femn"></g><g v="sing"></g><g v="gent"></g></l></v></tfr></token><token id="593227" text="."><tfr rev_id="1426298" t="."><v><l id="0" t="."><g v="PNCT"></g></l></v></tfr></token></tokens></sentence></paragraph><paragraph id="10540"><sentence id="33097"><source>Учёные Токийского университета представили своё новое изобретение: это материал, на 95% состоящий из воды и совершенно безопасный как для человека, так и для окружающей среды.</source><tokens><token id="593228" text="Учёные"><tfr rev_id="4160748" t="Учёные"><v><l id="363100" t="учёный"><g v="NOUN"></g><g v="anim"></g><g v="masc"></g><g v="plur"></g><g v="nomn"></g></l></v></tfr></token><token id="593229" text="Токийского"><tfr rev_id="3881401" t="Токийского"><v><l id="347002" t="токийский"><g v="ADJF"></g><g v="masc"></g><g v="sing"></g><g v="gent"></g></l></v><v><l id="347002" t="токийский"><g v="ADJF"></g><g v="anim"></g><g v="masc"></g><g v="sing"></g><g v="accs"></g></l></v></tfr></token><token id="593230" text="университета"><tfr rev_id="1426301" t="университета"><v><l id="358281" t="университет"><g v="NOUN"></g><g v="inan"></g><g v="masc"></g><g v="sing"></g><g v="gent"></g></l></v></tfr></token><token id="593231" text="представили"><tfr rev_id="1426302" t="представили"><v><l id="267099" t="представил"><g v="VERB"></g><g v="perf"></g><g v="tran"></g><g v="plur"></g><g v="past"></g><g v="indc"></g></l></v></tfr></token><token id="593232" text="своё"><tfr rev_id="4369960" t="своё"><v><l id="316379" t="свой"><g v="ADJF"></g><g v="Apro"></g><g v="Anph"></g><g v="neut"></g><g v="sing"></g><g v="accs"></g></l></v></tfr></token><token id="593233" text="новое"><tfr rev_id="4160749" t="новое"><v><l id="191918" t="новый"><g v="ADJF"></g><g v="Qual"></g><g v="neut"></g><g v="sing"></g><g v="nomn"></g></l></v><v><l id="191918" t="новый"><g v="ADJF"></g><g v="Qual"></g><g v="neut"></g><g v="sing"></g><g v="accs"></g></l></v></tfr></token><token id="593234" text="изобретение"><tfr rev_id="1426305" t="изобретение"><v><l id="120190" t="изобретение"><g v="NOUN"></g><g v="inan"></g><g v="neut"></g><g v="sing"></g><g v="nomn"></g></l></v><v><l id="120190" t="изобретение"><g v="NOUN"></g><g v="inan"></g><g v="neut"></g><g v="sing"></g><g v="accs"></g></l></v></tfr></token><token id="593235" text=":"><tfr rev_id="1426306" t=":"><v><l id="0" t=":"><g v="PNCT"></g></l></v></tfr></token><token id="593236" text="это"><tfr rev_id="4441517" t="это"><v><l id="386574" t="это"><g v="PRCL"></g></l></v><v><l id="386575" t="это"><g v="NPRO"></g><g v="neut"></g><g v="sing"></g><g v="nomn"></g></l></v><v><l id="386575" t="это"><g v="NPRO"></g><g v="neut"></g><g v="sing"></g><g v="accs"></g></l></v><v><l id="386581" t="этот"><g v="ADJF"></g><g v="Subx"></g><g v="Apro"></g><g v="Anph"></g><g v="neut"></g><g v="sing"></g><g v="nomn"></g></l></v><v><l id="386581" t="этот"><g v="ADJF"></g><g v="Subx"></g><g v="Apro"></g><g v="Anph"></g><g v="neut"></g><g v="sing"></g><g v="accs"></g></l></v></tfr></token><token id="593237" text="материал"><tfr rev_id="3702455" t="материал"><v><l id="156200" t="материал"><g v="NOUN"></g><g v="inan"></g><g v="masc"></g><g v="sing"></g><g v="nomn"></g></l></v></tfr></token><token id="593238" text=","><tfr rev_id="1426309" t=","><v><l id="0" t=","><g v="PNCT"></g></l></v></tfr></token><token id="593239" text="на"><tfr rev_id="3335326" t="на"><v><l id="166264" t="на"><g v="PREP"></g></l></v></tfr></token><token id="593240" text="95"><tfr rev_id="2461473" t="95"><v><l id="0" t="95"><g v="NUMB"></g></l></v></tfr></token><token id="593241" text="%"><tfr rev_id="2443308" t="%"><v><l id="0" t="%"><g v="PNCT"></g></l></v></tfr></token><token id="593242" text="состоящий"><tfr rev_id="1426313" t="состоящий"><v><l id="330565" t="состоящий"><g v="PRTF"></g><g v="impf"></g><g v="intr"></g><g v="pres"></g><g v="actv"></g><g v="masc"></g><g v="sing"></g><g v="nomn"></g></l></v><v><l id="330565" t="состоящий"><g v="PRTF"></g><g v="impf"></g><g v="intr"></g><g v="pres"></g><g v="actv"></g><g v="inan"></g><g v="masc"></g><g v="sing"></g><g v="accs"></g></l></v></tfr></token><token id="593243" text="из"><tfr rev_id="1718115" t="из"><v><l id="117677" t="из"><g v="PREP"></g></l></v></tfr></token><token id="593244" text="воды"><tfr rev_id="3463075" t="воды"><v><l id="48014" t="вода"><g v="NOUN"></g><g v="inan"></g><g v="femn"></g><g v="sing"></g><g v="gent"></g></l></v></tfr></token><token id="593245" text="и"><tfr rev_id="1426316" t="и"><v><l id="116949" t="и"><g v="CONJ"></g></l></v><v><l id="116950" t="и"><g v="INTJ"></g></l></v></tfr></token><token id="593246" text="совершенно"><tfr rev_id="1426317" t="совершенно"><v><l id="327897" t="совершенно"><g v="ADVB"></g></l></v><v><l id="327905" t="совершенен"><g v="ADJS"></g><g v="Qual"></g><g v="neut"></g><g v="sing"></g></l></v></tfr></token><token id="593247" text="безопасный"><tfr rev_id="3281826" t="безопасный"><v><l id="26216" t="безопасный"><g v="ADJF"></g><g v="Qual"></g><g v="masc"></g><g v="sing"></g><g v="nomn"></g></l></v></tfr></token><token id="593248" text="как"><tfr rev_id="1426319" t="как"><v><l id="128190" t="как"><g v="CONJ"></g></l></v><v><l id="128191" t="как"><g v="PRCL"></g></l></v><v><l id="128192" t="как"><g v="ADVB"></g><g v="Ques"></g></l></v></tfr></token><token id="593249" text="для"><tfr rev_id="3418277" t="для"><v><l id="85032" t="для"><g v="PREP"></g></l></v></tfr></token><token id="593250" text="человека"><tfr rev_id="3542839" t="человека"><v><l id="375073" t="человек"><g v="NOUN"></g><g v="anim"></g><g v="masc"></g><g v="sing"></g><g v="gent"></g></l></v></tfr></token><token id="593251" text=","><tfr rev_id="1426322" t=","><v><l id="0" t=","><g v="PNCT"></g></l></v></tfr></token><token id="593252" text="так"><tfr rev_id="1426323" t="так"><v><l id="342451" t="так"><g v="CONJ"></g></l></v><v><l id="342452" t="так"><g v="PRCL"></g></l></v><v><l id="342453" t="так"><g v="ADVB"></g><g v="Dmns"></g></l></v></tfr></token><token id="593253" text="и"><tfr rev_id="3486538" t="и"><v><l id="116949" t="и"><g v="CONJ"></g></l></v></tfr></token><token id="593254" text="для"><tfr rev_id="3452692" t="для"><v><l id="85032" t="для"><g v="PREP"></g></l></v></tfr></token><token id="593255" text="окружающей"><tfr rev_id="4331196" t="окружающей"><v><l id="205521" t="окружающий"><g v="PRTF"></g><g v="impf"></g><g v="tran"></g><g v="pres"></g><g v="actv"></g><g v="femn"></g><g v="sing"></g><g v="gent"></g></l></v><v><l id="205521" t="окружающий"><g v="PRTF"></g><g v="impf"></g><g v="tran"></g><g v="pres"></g><g v="actv"></g><g v="femn"></g><g v="sing"></g><g v="datv"></g></l></v><v><l id="205521" t="окружающий"><g v="PRTF"></g><g v="impf"></g><g v="tran"></g><g v="pres"></g><g v="actv"></g><g v="femn"></g><g v="sing"></g><g v="ablt"></g></l></v><v><l id="205521" t="окружающий"><g v="PRTF"></g><g v="impf"></g><g v="tran"></g><g v="pres"></g><g v="actv"></g><g v="femn"></g><g v="sing"></g><g v="loct"></g></l></v><v><l id="205533" t="окружающий"><g v="ADJF"></g><g v="femn"></g><g v="sing"></g><g v="gent"></g></l></v><v><l id="205533" t="окружающий"><g v="ADJF"></g><g v="femn"></g><g v="sing"></g><g v="datv"></g></l></v><v><l id="205533" t="окружающий"><g v="ADJF"></g><g v="femn"></g><g v="sing"></g><g v="ablt"></g></l></v><v><l id="205533" t="окружающий"><g v="ADJF"></g><g v="femn"></g><g v="sing"></g><g v="loct"></g></l></v></tfr></token><token id="593256" text="среды"><tfr rev_id="1716705" t="среды"><v><l id="333471" t="среда"><g v="NOUN"></g><g v="inan"></g><g v="femn"></g><g v="sing"></g><g v="gent"></g></l></v></tfr></token><token id="593257" text="."><tfr rev_id="1426328" t="."><v><l id="0" t="."><g v="PNCT"></g></l></v></tfr></token></tokens></sentence><sentence id="33098"><source>В «акваматерию» входит минеральная глина и полиакрилат натрия.</source><tokens><token id="593258" text="В"><tfr rev_id="1426329" t="В"><v><l id="37409" t="в"><g v="PREP"></g></l></v></tfr></token><token id="593259" text="«"><tfr rev_id="2443309" t="«"><v><l id="0" t="«"><g v="PNCT"></g></l></v></tfr></token><token id="593260" text="акваматерию"><tfr rev_id="1426331" t="акваматерию"><v><l id="0" t="акваматерию"><g v="UNKN"></g></l></v></tfr></token><token id="593261" text="»"><tfr rev_id="2443310" t="»"><v><l id="0" t="»"><g v="PNCT"></g></l></v></tfr></token><token id="593262" text="входит"><tfr rev_id="1426333" t="входит"><v><l id="55354" t="вхожу"><g v="VERB"></g><g v="impf"></g><g v="intr"></g><g v="sing"></g><g v="3per"></g><g v="pres"></g><g v="indc"></g></l></v></tfr></token><token id="593263" text="минеральная"><tfr rev_id="1426334" t="минеральная"><v><l id="160515" t="минеральный"><g v="ADJF"></g><g v="femn"></g><g v="sing"></g><g v="nomn"></g></l></v></tfr></token><token id="593264" text="глина"><tfr rev_id="1426335" t="глина"><v><l id="71188" t="глина"><g v="NOUN"></g><g v="inan"></g><g v="femn"></g><g v="sing"></g><g v="nomn"></g></l></v></tfr></token><token id="593265" text="и"><tfr rev_id="4106689" t="и"><v><l id="116949" t="и"><g v="CONJ"></g></l></v></tfr></token><token id="593266" text="полиакрилат"><tfr rev_id="4540012" t="полиакрилат"><v><l id="392509" t="полиакрилат"><g v="NOUN"></g><g v="inan"></g><g v="masc"></g><g v="sing"></g><g v="accs"></g></l></v><v><l id="392509" t="полиакрилат"><g v="NOUN"></g><g v="inan"></g><g v="masc"></g><g v="sing"></g><g v="nomn"></g></l></v></tfr></token><token id="593267" text="натрия"><tfr rev_id="1426338" t="натрия"><v><l id="177166" t="натрий"><g v="NOUN"></g><g v="inan"></g><g v="masc"></g><g v="sing"></g><g v="gent"></g></l></v></tfr></token><token id="593268" text="."><tfr rev_id="1426339" t="."><v><l id="0" t="."><g v="PNCT"></g></l></v></tfr></token></tokens></sentence><sentence id="33099"><source>При небольшом добавлении этих веществ вода приобретает гелеобразную форму и превращается в новый материал — прозрачный, упругий, легко тянущийся и так же легко восстанавливающий форму.</source><tokens><token id="593269" text="При"><tfr rev_id="2634237" t="При"><v><l id="268625" t="при"><g v="PREP"></g></l></v></tfr></token><token id="593270" text="небольшом"><tfr rev_id="4076663" t="небольшом"><v><l id="179467" t="небольшой"><g v="ADJF"></g><g v="neut"></g><g v="sing"></g><g v="loct"></g></l></v></tfr></token><token id="593271" text="добавлении"><tfr rev_id="1426342" t="добавлении"><v><l id="85169" t="добавление"><g v="NOUN"></g><g v="inan"></g><g v="neut"></g><g v="sing"></g><g v="loct"></g></l></v></tfr></token><token id="593272" text="этих"><tfr rev_id="4447090" t="этих"><v><l id="386581" t="этот"><g v="ADJF"></g><g v="Subx"></g><g v="Apro"></g><g v="Anph"></g><g v="plur"></g><g v="gent"></g></l></v></tfr></token><token id="593273" text="веществ"><tfr rev_id="1426344" t="веществ"><v><l id="42497" t="вещество"><g v="NOUN"></g><g v="inan"></g><g v="neut"></g><g v="plur"></g><g v="gent"></g></l></v></tfr></token><token id="593274" text="вода"><tfr rev_id="4175978" t="вода"><v><l id="48014" t="вода"><g v="NOUN"></g><g v="inan"></g><g v="femn"></g><g v="sing"></g><g v="nomn"></g></l></v></tfr></token><token id="593275" text="приобретает"><tfr rev_id="1426346" t="приобретает"><v><l id="272752" t="приобретаю"><g v="VERB"></g><g v="impf"></g><g v="tran"></g><g v="sing"></g><g v="3per"></g><g v="pres"></g><g v="indc"></g></l></v></tfr></token><token id="593276" text="гелеобразную"><tfr rev_id="1426347" t="гелеобразную"><v><l id="68249" t="гелеобразный"><g v="ADJF"></g><g v="femn"></g><g v="sing"></g><g v="accs"></g></l></v></tfr></token><token id="593277" text="форму"><tfr rev_id="1426348" t="форму"><v><l id="367077" t="форма"><g v="NOUN"></g><g v="inan"></g><g v="femn"></g><g v="sing"></g><g v="accs"></g></l></v></tfr></token><token id="593278" text="и"><tfr rev_id="1426349" t="и"><v><l id="116949" t="и"><g v="CONJ"></g></l></v><v><l id="116950" t="и"><g v="INTJ"></g></l></v></tfr></token><token id="593279" text="превращается"><tfr rev_id="1426350" t="превращается"><v><l id="266144" t="превращаюсь"><g v="VERB"></g><g v="impf"></g><g v="intr"></g><g v="sing"></g><g v="3per"></g><g v="pres"></g><g v="indc"></g></l></v></tfr></token><token id="593280" text="в"><tfr rev_id="1426351" t="в"><v><l id="37409" t="в"><g v="PREP"></g></l></v></tfr></token><token id="593281" text="новый"><tfr rev_id="1426352" t="новый"><v><l id="191918" t="новый"><g v="ADJF"></g><g v="Qual"></g><g v="masc"></g><g v="sing"></g><g v="nomn"></g></l></v><v><l id="191918" t="новый"><g v="ADJF"></g><g v="Qual"></g><g v="inan"></g><g v="masc"></g><g v="sing"></g><g v="accs"></g></l></v></tfr></token><token id="593282" text="материал"><tfr rev_id="4359994" t="материал"><v><l id="156200" t="материал"><g v="NOUN"></g><g v="inan"></g><g v="masc"></g><g v="sing"></g><g v="accs"></g></l></v></tfr></token><token id="593283" text="—"><tfr rev_id="2443311" t="—"><v><l id="0" t="—"><g v="PNCT"></g></l></v></tfr></token><token id="593284" text="прозрачный"><tfr rev_id="1426355" t="прозрачный"><v><l id="279985" t="прозрачный"><g v="ADJF"></g><g v="Qual"></g><g v="masc"></g><g v="sing"></g><g v="nomn"></g></l></v><v><l id="279985" t="прозрачный"><g v="ADJF"></g><g v="Qual"></g><g v="inan"></g><g v="masc"></g><g v="sing"></g><g v="accs"></g></l></v></tfr></token><token id="593285" text=","><tfr rev_id="1426356" t=","><v><l id="0" t=","><g v="PNCT"></g></l></v></tfr></token><token id="593286" text="упругий"><tfr rev_id="1426357" t="упругий"><v><l id="359416" t="упругий"><g v="ADJF"></g><g v="Qual"></g><g v="masc"></g><g v="sing"></g><g v="nomn"></g></l></v><v><l id="359416" t="упругий"><g v="ADJF"></g><g v="Qual"></g><g v="inan"></g><g v="masc"></g><g v="sing"></g><g v="accs"></g></l></v></tfr></token><token id="593287" text=","><tfr rev_id="1426358" t=","><v><l id="0" t=","><g v="PNCT"></g></l></v></tfr></token><token id="593288" text="легко"><tfr rev_id="4093448" t="легко"><v><l id="147575" t="легко"><g v="ADVB"></g><g v="Prdx"></g></l></v></tfr></token><token id="593289" text="тянущийся"><tfr rev_id="1426360" t="тянущийся"><v><l id="352777" t="тянущийся"><g v="PRTF"></g><g v="impf"></g><g v="intr"></g><g v="pres"></g><g v="actv"></g><g v="masc"></g><g v="sing"></g><g v="nomn"></g></l></v><v><l id="352777" t="тянущийся"><g v="PRTF"></g><g v="impf"></g><g v="intr"></g><g v="pres"></g><g v="actv"></g><g v="inan"></g><g v="masc"></g><g v="sing"></g><g v="accs"></g></l></v></tfr></token><token id="593290" text="и"><tfr rev_id="1426361" t="и"><v><l id="116949" t="и"><g v="CONJ"></g></l></v><v><l id="116950" t="и"><g v="INTJ"></g></l></v></tfr></token><token id="593291" text="так"><tfr rev_id="1426362" t="так"><v><l id="342451" t="так"><g v="CONJ"></g></l></v><v><l id="342452" t="так"><g v="PRCL"></g></l></v><v><l id="342453" t="так"><g v="ADVB"></g><g v="Dmns"></g></l></v></tfr></token><token id="593292" text="же"><tfr rev_id="1426363" t="же"><v><l id="96208" t="же"><g v="CONJ"></g></l></v><v><l id="96209" t="же"><g v="PRCL"></g></l></v></tfr></token><token id="593293" text="легко"><tfr rev_id="1426364" t="легко"><v><l id="146052" t="лёгок"><g v="ADJS"></g><g v="Qual"></g><g v="neut"></g><g v="sing"></g></l></v><v><l id="147575" t="легко"><g v="ADVB"></g><g v="Prdx"></g></l></v></tfr></token><token id="593294" text="восстанавливающий"><tfr rev_id="3683821" t="восстанавливающий"><v><l id="51861" t="восстанавливающий"><g v="PRTF"></g><g v="impf"></g><g v="tran"></g><g v="pres"></g><g v="actv"></g><g v="Adjx"></g><g v="masc"></g><g v="sing"></g><g v="nomn"></g></l></v><v><l id="51861" t="восстанавливающий"><g v="PRTF"></g><g v="impf"></g><g v="tran"></g><g v="pres"></g><g v="actv"></g><g v="Adjx"></g><g v="inan"></g><g v="masc"></g><g v="sing"></g><g v="accs"></g></l></v></tfr></token><token id="593295" text="форму"><tfr rev_id="1426366" t="форму"><v><l id="367077" t="форма"><g v="NOUN"></g><g v="inan"></g><g v="femn"></g><g v="sing"></g><g v="accs"></g></l></v></tfr></token><token id="593296" text="."><tfr rev_id="1426367" t="."><v><l id="0" t="."><g v="PNCT"></g></l></v></tfr></token></tokens></sentence><sentence id="33100"><source>При этом вещество по показателям прочности не уступает силикону и способно выдерживать высокие температуры (до 100 градусов Цельсия).</source><tokens><token id="593297" text="При"><tfr rev_id="2628936" t="При"><v><l id="268625" t="при"><g v="PREP"></g></l></v></tfr></token><token id="593298" text="этом"><tfr rev_id="4472793" t="этом"><v><l id="386575" t="это"><g v="NPRO"></g><g v="neut"></g><g v="sing"></g><g v="loct"></g></l></v></tfr></token><token id="593299" text="вещество"><tfr rev_id="1426370" t="вещество"><v><l id="42497" t="вещество"><g v="NOUN"></g><g v="inan"></g><g v="neut"></g><g v="sing"></g><g v="nomn"></g></l></v><v><l id="42497" t="вещество"><g v="NOUN"></g><g v="inan"></g><g v="neut"></g><g v="sing"></g><g v="accs"></g></l></v></tfr></token><token id="593300" text="по"><tfr rev_id="1426371" t="по"><v><l id="241240" t="по"><g v="PREP"></g></l></v></tfr></token><token id="593301" text="показателям"><tfr rev_id="1426372" t="показателям"><v><l id="253977" t="показатель"><g v="NOUN"></g><g v="inan"></g><g v="masc"></g><g v="plur"></g><g v="datv"></g></l></v></tfr></token><token id="593302" text="прочности"><tfr rev_id="3508706" t="прочности"><v><l id="287558" t="прочность"><g v="NOUN"></g><g v="inan"></g><g v="femn"></g><g v="sing"></g><g v="gent"></g></l></v><v><l id="287558" t="прочность"><g v="NOUN"></g><g v="inan"></g><g v="femn"></g><g v="sing"></g><g v="datv"></g></l></v><v><l id="287558" t="прочность"><g v="NOUN"></g><g v="inan"></g><g v="femn"></g><g v="sing"></g><g v="loct"></g></l></v></tfr></token><token id="593303" text="не"><tfr rev_id="1426374" t="не"><v><l id="178876" t="не"><g v="PRCL"></g></l></v></tfr></token><token id="593304" text="уступает"><tfr rev_id="1426375" t="уступает"><v><l id="361275" t="уступаю"><g v="VERB"></g><g v="impf"></g><g v="tran"></g><g v="sing"></g><g v="3per"></g><g v="pres"></g><g v="indc"></g></l></v></tfr></token><token id="593305" text="силикону"><tfr rev_id="1426376" t="силикону"><v><l id="320379" t="силикон"><g v="NOUN"></g><g v="inan"></g><g v="masc"></g><g v="sing"></g><g v="datv"></g></l></v></tfr></token><token id="593306" text="и"><tfr rev_id="3692919" t="и"><v><l id="116949" t="и"><g v="CONJ"></g></l></v></tfr></token><token id="593307" text="способно"><tfr rev_id="1426378" t="способно"><v><l id="332839" t="способен"><g v="ADJS"></g><g v="Qual"></g><g v="neut"></g><g v="sing"></g></l></v></tfr></token><token id="593308" text="выдерживать"><tfr rev_id="1426379" t="выдерживать"><v><l id="57086" t="выдерживать"><g v="INFN"></g><g v="impf"></g><g v="tran"></g></l></v></tfr></token><token id="593309" text="высокие"><tfr rev_id="4082739" t="высокие"><v><l id="62135" t="высокий"><g v="ADJF"></g><g v="Qual"></g><g v="inan"></g><g v="plur"></g><g v="accs"></g></l></v></tfr></token><token id="593310" text="температуры"><tfr rev_id="3800794" t="температуры"><v><l id="344603" t="температура"><g v="NOUN"></g><g v="inan"></g><g v="femn"></g><g v="plur"></g><g v="accs"></g></l></v></tfr></token><token id="593311" text="("><tfr rev_id="1426382" t="("><v><l id="0" t="("><g v="PNCT"></g></l></v></tfr></token><token id="593312" text="до"><tfr rev_id="1426383" t="до"><v><l id="85153" t="до"><g v="PREP"></g></l></v></tfr></token><token id="593313" text="100"><tfr rev_id="2461474" t="100"><v><l id="0" t="100"><g v="NUMB"></g></l></v></tfr></token><token id="593314" text="градусов"><tfr rev_id="1426385" t="градусов"><v><l id="74514" t="градус"><g v="NOUN"></g><g v="inan"></g><g v="masc"></g><g v="plur"></g><g v="gent"></g></l></v></tfr></token><token id="593315" text="Цельсия"><tfr rev_id="3542819" t="Цельсия"><v><l id="373255" t="цельсий"><g v="NOUN"></g><g v="anim"></g><g v="masc"></g><g v="sing"></g><g v="gent"></g></l></v></tfr></token><token id="593316" text=")"><tfr rev_id="1426387" t=")"><v><l id="0" t=")"><g v="PNCT"></g></l></v></tfr></token><token id="593317" text="."><tfr rev_id="1426388" t="."><v><l id="0" t="."><g v="PNCT"></g></l></v></tfr></token></tokens></sentence><sentence id="33101"><source>Предполагается, что новый материал будут использовать в медицине и косметологии, в частности в пластической хирургии.</source><tokens><token id="593318" text="Предполагается"><tfr rev_id="1426389" t="Предполагается"><v><l id="266820" t="предполагаюсь"><g v="VERB"></g><g v="impf"></g><g v="intr"></g><g v="sing"></g><g v="3per"></g><g v="pres"></g><g v="indc"></g></l></v></tfr></token><token id="593319" text=","><tfr rev_id="1426390" t=","><v><l id="0" t=","><g v="PNCT"></g></l></v></tfr></token><token id="593320" text="что"><tfr rev_id="3196733" t="что"><v><l id="377004" t="что"><g v="CONJ"></g></l></v><v><l id="377005" t="что"><g v="NPRO"></g><g v="neut"></g><g v="sing"></g><g v="nomn"></g></l></v><v><l id="377005" t="что"><g v="NPRO"></g><g v="neut"></g><g v="sing"></g><g v="accs"></g></l></v><v><l id="377006" t="что"><g v="ADVB"></g><g v="Ques"></g></l></v><v><l id="388695" t="что"><g v="PRCL"></g></l></v></tfr></token><token id="593321" text="новый"><tfr rev_id="1426392" t="новый"><v><l id="191918" t="новый"><g v="ADJF"></g><g v="Qual"></g><g v="masc"></g><g v="sing"></g><g v="nomn"></g></l></v><v><l id="191918" t="новый"><g v="ADJF"></g><g v="Qual"></g><g v="inan"></g><g v="masc"></g><g v="sing"></g><g v="accs"></g></l></v></tfr></token><token id="593322" text="материал"><tfr rev_id="3523603" t="материал"><v><l id="156200" t="материал"><g v="NOUN"></g><g v="inan"></g><g v="masc"></g><g v="sing"></g><g v="accs"></g></l></v></tfr></token><token id="593323" text="будут"><tfr rev_id="1426394" t="будут"><v><l id="37265" t="есть"><g v="VERB"></g><g v="impf"></g><g v="intr"></g><g v="plur"></g><g v="3per"></g><g v="futr"></g><g v="indc"></g></l></v></tfr></token><token id="593324" text="использовать"><tfr rev_id="1426395" t="использовать"><v><l id="125420" t="использовать"><g v="INFN"></g><g v="perf"></g><g v="tran"></g></l></v><v><l id="125421" t="использовать"><g v="INFN"></g><g v="impf"></g><g v="tran"></g></l></v></tfr></token><token id="593325" text="в"><tfr rev_id="1426396" t="в"><v><l id="37409" t="в"><g v="PREP"></g></l></v></tfr></token><token id="593326" text="медицине"><tfr rev_id="3551214" t="медицине"><v><l id="157066" t="медицина"><g v="NOUN"></g><g v="inan"></g><g v="femn"></g><g v="sing"></g><g v="loct"></g></l></v></tfr></token><token id="593327" text="и"><tfr rev_id="3671911" t="и"><v><l id="116949" t="и"><g v="CONJ"></g></l></v></tfr></token><token id="593328" text="косметологии"><tfr rev_id="4290654" t="косметологии"><v><l id="140605" t="косметология"><g v="NOUN"></g><g v="inan"></g><g v="femn"></g><g v="sing"></g><g v="loct"></g></l></v></tfr></token><token id="593329" text=","><tfr rev_id="1426400" t=","><v><l id="0" t=","><g v="PNCT"></g></l></v></tfr></token><token id="593330" text="в"><tfr rev_id="1426401" t="в"><v><l id="37409" t="в"><g v="PREP"></g></l></v></tfr></token><token id="593331" text="частности"><tfr rev_id="4271829" t="частности"><v><l id="374794" t="частность"><g v="NOUN"></g><g v="inan"></g><g v="femn"></g><g v="sing"></g><g v="loct"></g></l></v></tfr></token><token id="593332" text="в"><tfr rev_id="1426403" t="в"><v><l id="37409" t="в"><g v="PREP"></g></l></v></tfr></token><token id="593333" text="пластической"><tfr rev_id="2633811" t="пластической"><v><l id="239893" t="пластический"><g v="ADJF"></g><g v="femn"></g><g v="sing"></g><g v="loct"></g></l></v></tfr></token><token id="593334" text="хирургии"><tfr rev_id="3505808" t="хирургии"><v><l id="370296" t="хирургия"><g v="NOUN"></g><g v="inan"></g><g v="femn"></g><g v="sing"></g><g v="gent"></g></l></v><v><l id="370296" t="хирургия"><g v="NOUN"></g><g v="inan"></g><g v="femn"></g><g v="sing"></g><g v="datv"></g></l></v><v><l id="370296" t="хирургия"><g v="NOUN"></g><g v="inan"></g><g v="femn"></g><g v="sing"></g><g v="loct"></g></l></v></tfr></token><token id="593335" text="."><tfr rev_id="1426406" t="."><v><l id="0" t="."><g v="PNCT"></g></l></v></tfr></token></tokens></sentence></paragraph></paragraphs></text>