<?xml version="1.0" encoding="utf-8"?><text id="1094" parent="226" name="13542 Библиотека на колёсах"><tags><tag>url:http://www.chaskor.ru/news/biblioteka_na_kolesah_13542</tag><tag>Год:2009</tag><tag>Дата:15/12</tag><tag>Тема:ЧасКор:Книги</tag></tags><paragraphs><paragraph id="10561"><sentence id="33158"><source>Библиотека на колёсах</source><tokens><token id="594259" text="Библиотека"><tfr rev_id="1427330" t="Библиотека"><v><l id="29336" t="библиотека"><g v="NOUN"></g><g v="inan"></g><g v="femn"></g><g v="sing"></g><g v="nomn"></g></l></v></tfr></token><token id="594260" text="на"><tfr rev_id="3344265" t="на"><v><l id="166264" t="на"><g v="PREP"></g></l></v></tfr></token><token id="594261" text="колёсах"><tfr rev_id="1427332" t="колёсах"><v><l id="135916" t="колесо"><g v="NOUN"></g><g v="inan"></g><g v="neut"></g><g v="plur"></g><g v="loct"></g></l></v></tfr></token></tokens></sentence></paragraph><paragraph id="10562"><sentence id="33159"><source>Теперь жители отдалённых сёл и деревень без собственных библиотек смогут воспользоваться услугами библиомобиля.</source><tokens><token id="594262" text="Теперь"><tfr rev_id="1427333" t="Теперь"><v><l id="344864" t="теперь"><g v="ADVB"></g></l></v></tfr></token><token id="594263" text="жители"><tfr rev_id="1427334" t="жители"><v><l id="97562" t="житель"><g v="NOUN"></g><g v="anim"></g><g v="masc"></g><g v="plur"></g><g v="nomn"></g></l></v></tfr></token><token id="594264" text="отдалённых"><tfr rev_id="1427335" t="отдалённых"><v><l id="213282" t="отдалённый"><g v="ADJF"></g><g v="Qual"></g><g v="plur"></g><g v="gent"></g></l></v><v><l id="213282" t="отдалённый"><g v="ADJF"></g><g v="Qual"></g><g v="anim"></g><g v="plur"></g><g v="accs"></g></l></v><v><l id="213282" t="отдалённый"><g v="ADJF"></g><g v="Qual"></g><g v="plur"></g><g v="loct"></g></l></v><v><l id="213290" t="отдалённый"><g v="PRTF"></g><g v="perf"></g><g v="tran"></g><g v="past"></g><g v="pssv"></g><g v="plur"></g><g v="gent"></g></l></v><v><l id="213290" t="отдалённый"><g v="PRTF"></g><g v="perf"></g><g v="tran"></g><g v="past"></g><g v="pssv"></g><g v="anim"></g><g v="plur"></g><g v="accs"></g></l></v><v><l id="213290" t="отдалённый"><g v="PRTF"></g><g v="perf"></g><g v="tran"></g><g v="past"></g><g v="pssv"></g><g v="plur"></g><g v="loct"></g></l></v></tfr></token><token id="594265" text="сёл"><tfr rev_id="1714576" t="сёл"><v><l id="318358" t="село"><g v="NOUN"></g><g v="inan"></g><g v="neut"></g><g v="plur"></g><g v="gent"></g></l></v></tfr></token><token id="594266" text="и"><tfr rev_id="4093964" t="и"><v><l id="116949" t="и"><g v="CONJ"></g></l></v></tfr></token><token id="594267" text="деревень"><tfr rev_id="1427338" t="деревень"><v><l id="81657" t="деревня"><g v="NOUN"></g><g v="inan"></g><g v="femn"></g><g v="plur"></g><g v="gent"></g></l></v></tfr></token><token id="594268" text="без"><tfr rev_id="1427339" t="без"><v><l id="25481" t="без"><g v="PREP"></g></l></v></tfr></token><token id="594269" text="собственных"><tfr rev_id="4198229" t="собственных"><v><l id="327840" t="собственный"><g v="ADJF"></g><g v="plur"></g><g v="gent"></g></l></v></tfr></token><token id="594270" text="библиотек"><tfr rev_id="1427341" t="библиотек"><v><l id="29336" t="библиотека"><g v="NOUN"></g><g v="inan"></g><g v="femn"></g><g v="plur"></g><g v="gent"></g></l></v></tfr></token><token id="594271" text="смогут"><tfr rev_id="1427342" t="смогут"><v><l id="326830" t="смог"><g v="VERB"></g><g v="perf"></g><g v="intr"></g><g v="plur"></g><g v="3per"></g><g v="futr"></g><g v="indc"></g></l></v></tfr></token><token id="594272" text="воспользоваться"><tfr rev_id="1427343" t="воспользоваться"><v><l id="51625" t="воспользоваться"><g v="INFN"></g><g v="perf"></g><g v="intr"></g></l></v></tfr></token><token id="594273" text="услугами"><tfr rev_id="1427344" t="услугами"><v><l id="360607" t="услуга"><g v="NOUN"></g><g v="inan"></g><g v="femn"></g><g v="plur"></g><g v="ablt"></g></l></v></tfr></token><token id="594274" text="библиомобиля"><tfr rev_id="1427345" t="библиомобиля"><v><l id="0" t="библиомобиля"><g v="UNKN"></g></l></v></tfr></token><token id="594275" text="."><tfr rev_id="1427346" t="."><v><l id="0" t="."><g v="PNCT"></g></l></v></tfr></token></tokens></sentence></paragraph><paragraph id="10563"><sentence id="33160"><source>1000 наименований книг, 200 дисков, компьютер, сканер, принтер, копировальное устройство — такой функциональный набор будет помещён в специальные мобильные комплексы информационно-библиотечного обслуживания, которые будут разъезжать по просторам страны.</source><tokens><token id="594276" text="1000"><tfr rev_id="2461498" t="1000"><v><l id="0" t="1000"><g v="NUMB"></g></l></v></tfr></token><token id="594277" text="наименований"><tfr rev_id="1427348" t="наименований"><v><l id="170558" t="наименование"><g v="NOUN"></g><g v="inan"></g><g v="neut"></g><g v="plur"></g><g v="gent"></g></l></v></tfr></token><token id="594278" text="книг"><tfr rev_id="1427349" t="книг"><v><l id="134823" t="книга"><g v="NOUN"></g><g v="inan"></g><g v="femn"></g><g v="plur"></g><g v="gent"></g></l></v></tfr></token><token id="594279" text=","><tfr rev_id="1427350" t=","><v><l id="0" t=","><g v="PNCT"></g></l></v></tfr></token><token id="594280" text="200"><tfr rev_id="2461499" t="200"><v><l id="0" t="200"><g v="NUMB"></g></l></v></tfr></token><token id="594281" text="дисков"><tfr rev_id="2703249" t="дисков"><v><l id="84267" t="диск"><g v="NOUN"></g><g v="inan"></g><g v="masc"></g><g v="plur"></g><g v="gent"></g></l></v></tfr></token><token id="594282" text=","><tfr rev_id="1427353" t=","><v><l id="0" t=","><g v="PNCT"></g></l></v></tfr></token><token id="594283" text="компьютер"><tfr rev_id="1427354" t="компьютер"><v><l id="137413" t="компьютер"><g v="NOUN"></g><g v="inan"></g><g v="masc"></g><g v="sing"></g><g v="nomn"></g></l></v><v><l id="137413" t="компьютер"><g v="NOUN"></g><g v="inan"></g><g v="masc"></g><g v="sing"></g><g v="accs"></g></l></v></tfr></token><token id="594284" text=","><tfr rev_id="1427355" t=","><v><l id="0" t=","><g v="PNCT"></g></l></v></tfr></token><token id="594285" text="сканер"><tfr rev_id="3677134" t="сканер"><v><l id="321798" t="сканер"><g v="NOUN"></g><g v="inan"></g><g v="masc"></g><g v="sing"></g><g v="nomn"></g></l></v></tfr></token><token id="594286" text=","><tfr rev_id="1427357" t=","><v><l id="0" t=","><g v="PNCT"></g></l></v></tfr></token><token id="594287" text="принтер"><tfr rev_id="1427358" t="принтер"><v><l id="272647" t="принтер"><g v="NOUN"></g><g v="inan"></g><g v="masc"></g><g v="sing"></g><g v="nomn"></g></l></v><v><l id="272647" t="принтер"><g v="NOUN"></g><g v="inan"></g><g v="masc"></g><g v="sing"></g><g v="accs"></g></l></v></tfr></token><token id="594288" text=","><tfr rev_id="1427359" t=","><v><l id="0" t=","><g v="PNCT"></g></l></v></tfr></token><token id="594289" text="копировальное"><tfr rev_id="1427360" t="копировальное"><v><l id="139236" t="копировальный"><g v="ADJF"></g><g v="neut"></g><g v="sing"></g><g v="nomn"></g></l></v><v><l id="139236" t="копировальный"><g v="ADJF"></g><g v="neut"></g><g v="sing"></g><g v="accs"></g></l></v></tfr></token><token id="594290" text="устройство"><tfr rev_id="4095671" t="устройство"><v><l id="361253" t="устройство"><g v="NOUN"></g><g v="inan"></g><g v="neut"></g><g v="sing"></g><g v="nomn"></g></l></v></tfr></token><token id="594291" text="—"><tfr rev_id="2443343" t="—"><v><l id="0" t="—"><g v="PNCT"></g></l></v></tfr></token><token id="594292" text="такой"><tfr rev_id="2370331" t="такой"><v><l id="342491" t="такой"><g v="ADJF"></g><g v="Apro"></g><g v="masc"></g><g v="sing"></g><g v="nomn"></g></l></v><v><l id="342491" t="такой"><g v="ADJF"></g><g v="Apro"></g><g v="inan"></g><g v="masc"></g><g v="sing"></g><g v="accs"></g></l></v></tfr></token><token id="594293" text="функциональный"><tfr rev_id="3880364" t="функциональный"><v><l id="368666" t="функциональный"><g v="ADJF"></g><g v="Qual"></g><g v="masc"></g><g v="sing"></g><g v="nomn"></g></l></v></tfr></token><token id="594294" text="набор"><tfr rev_id="1427365" t="набор"><v><l id="166595" t="набор"><g v="NOUN"></g><g v="inan"></g><g v="masc"></g><g v="sing"></g><g v="nomn"></g></l></v><v><l id="166595" t="набор"><g v="NOUN"></g><g v="inan"></g><g v="masc"></g><g v="sing"></g><g v="accs"></g></l></v></tfr></token><token id="594295" text="будет"><tfr rev_id="1427366" t="будет"><v><l id="37265" t="есть"><g v="VERB"></g><g v="impf"></g><g v="intr"></g><g v="sing"></g><g v="3per"></g><g v="futr"></g><g v="indc"></g></l></v></tfr></token><token id="594296" text="помещён"><tfr rev_id="1427367" t="помещён"><v><l id="257581" t="помещён"><g v="PRTS"></g><g v="perf"></g><g v="past"></g><g v="pssv"></g><g v="masc"></g><g v="sing"></g></l></v></tfr></token><token id="594297" text="в"><tfr rev_id="1427368" t="в"><v><l id="37409" t="в"><g v="PREP"></g></l></v></tfr></token><token id="594298" text="специальные"><tfr rev_id="4075906" t="специальные"><v><l id="331875" t="специальный"><g v="ADJF"></g><g v="inan"></g><g v="plur"></g><g v="accs"></g></l></v></tfr></token><token id="594299" text="мобильные"><tfr rev_id="3815721" t="мобильные"><v><l id="162202" t="мобильный"><g v="ADJF"></g><g v="Qual"></g><g v="inan"></g><g v="plur"></g><g v="accs"></g></l></v></tfr></token><token id="594300" text="комплексы"><tfr rev_id="3716433" t="комплексы"><v><l id="137244" t="комплекс"><g v="NOUN"></g><g v="inan"></g><g v="masc"></g><g v="plur"></g><g v="accs"></g></l></v></tfr></token><token id="594301" text="информационно-библиотечного"><tfr rev_id="1427372" t="информационно-библиотечного"><v><l id="0" t="информационно-библиотечного"><g v="UNKN"></g></l></v></tfr></token><token id="594302" text="обслуживания"><tfr rev_id="3434104" t="обслуживания"><v><l id="199766" t="обслуживание"><g v="NOUN"></g><g v="inan"></g><g v="neut"></g><g v="sing"></g><g v="gent"></g></l></v></tfr></token><token id="594303" text=","><tfr rev_id="1427374" t=","><v><l id="0" t=","><g v="PNCT"></g></l></v></tfr></token><token id="594304" text="которые"><tfr rev_id="3748771" t="которые"><v><l id="141203" t="который"><g v="ADJF"></g><g v="Apro"></g><g v="Subx"></g><g v="Anph"></g><g v="plur"></g><g v="nomn"></g></l></v></tfr></token><token id="594305" text="будут"><tfr rev_id="1427376" t="будут"><v><l id="37265" t="есть"><g v="VERB"></g><g v="impf"></g><g v="intr"></g><g v="plur"></g><g v="3per"></g><g v="futr"></g><g v="indc"></g></l></v></tfr></token><token id="594306" text="разъезжать"><tfr rev_id="1427377" t="разъезжать"><v><l id="297291" t="разъезжать"><g v="INFN"></g><g v="impf"></g><g v="tran"></g></l></v><v><l id="297298" t="разъезжать"><g v="INFN"></g><g v="impf"></g><g v="intr"></g></l></v></tfr></token><token id="594307" text="по"><tfr rev_id="1427378" t="по"><v><l id="241240" t="по"><g v="PREP"></g></l></v></tfr></token><token id="594308" text="просторам"><tfr rev_id="1427379" t="просторам"><v><l id="285068" t="простор"><g v="NOUN"></g><g v="inan"></g><g v="masc"></g><g v="plur"></g><g v="datv"></g></l></v></tfr></token><token id="594309" text="страны"><tfr rev_id="3498816" t="страны"><v><l id="337100" t="страна"><g v="NOUN"></g><g v="inan"></g><g v="femn"></g><g v="sing"></g><g v="gent"></g></l></v></tfr></token><token id="594310" text="."><tfr rev_id="1427381" t="."><v><l id="0" t="."><g v="PNCT"></g></l></v></tfr></token></tokens></sentence><sentence id="33161"><source>Инициатором проекта для сёл и деревень, в которых нет постоянной библиотеки, выступило Министерство культуры Российской Федерации, сообщает Pro-Books.ru со ссылкой на журнал «Книжная индустрия».</source><tokens><token id="594311" text="Инициатором"><tfr rev_id="1427382" t="Инициатором"><v><l id="122501" t="инициатор"><g v="NOUN"></g><g v="anim"></g><g v="masc"></g><g v="sing"></g><g v="ablt"></g></l></v></tfr></token><token id="594312" text="проекта"><tfr rev_id="1427383" t="проекта"><v><l id="279545" t="проект"><g v="NOUN"></g><g v="inan"></g><g v="masc"></g><g v="sing"></g><g v="gent"></g></l></v></tfr></token><token id="594313" text="для"><tfr rev_id="2844735" t="для"><v><l id="85032" t="для"><g v="PREP"></g></l></v></tfr></token><token id="594314" text="сёл"><tfr rev_id="1716173" t="сёл"><v><l id="318358" t="село"><g v="NOUN"></g><g v="inan"></g><g v="neut"></g><g v="plur"></g><g v="gent"></g></l></v></tfr></token><token id="594315" text="и"><tfr rev_id="1427386" t="и"><v><l id="116949" t="и"><g v="CONJ"></g></l></v><v><l id="116950" t="и"><g v="INTJ"></g></l></v></tfr></token><token id="594316" text="деревень"><tfr rev_id="1427387" t="деревень"><v><l id="81657" t="деревня"><g v="NOUN"></g><g v="inan"></g><g v="femn"></g><g v="plur"></g><g v="gent"></g></l></v></tfr></token><token id="594317" text=","><tfr rev_id="1427388" t=","><v><l id="0" t=","><g v="PNCT"></g></l></v></tfr></token><token id="594318" text="в"><tfr rev_id="1427389" t="в"><v><l id="37409" t="в"><g v="PREP"></g></l></v></tfr></token><token id="594319" text="которых"><tfr rev_id="3666593" t="которых"><v><l id="141203" t="который"><g v="ADJF"></g><g v="Apro"></g><g v="Subx"></g><g v="Anph"></g><g v="plur"></g><g v="loct"></g></l></v></tfr></token><token id="594320" text="нет"><tfr rev_id="3756319" t="нет"><v><l id="389552" t="нет"><g v="PRED"></g><g v="pres"></g></l></v></tfr></token><token id="594321" text="постоянной"><tfr rev_id="3692226" t="постоянной"><v><l id="262409" t="постоянный"><g v="ADJF"></g><g v="Qual"></g><g v="femn"></g><g v="sing"></g><g v="gent"></g></l></v></tfr></token><token id="594322" text="библиотеки"><tfr rev_id="3456164" t="библиотеки"><v><l id="29336" t="библиотека"><g v="NOUN"></g><g v="inan"></g><g v="femn"></g><g v="sing"></g><g v="gent"></g></l></v></tfr></token><token id="594323" text=","><tfr rev_id="1427394" t=","><v><l id="0" t=","><g v="PNCT"></g></l></v></tfr></token><token id="594324" text="выступило"><tfr rev_id="1427395" t="выступило"><v><l id="62885" t="выступил"><g v="VERB"></g><g v="perf"></g><g v="intr"></g><g v="neut"></g><g v="sing"></g><g v="past"></g><g v="indc"></g></l></v></tfr></token><token id="594325" text="Министерство"><tfr rev_id="3715417" t="Министерство"><v><l id="160612" t="министерство"><g v="NOUN"></g><g v="inan"></g><g v="neut"></g><g v="sing"></g><g v="nomn"></g></l></v></tfr></token><token id="594326" text="культуры"><tfr rev_id="3483828" t="культуры"><v><l id="144838" t="культура"><g v="NOUN"></g><g v="inan"></g><g v="femn"></g><g v="sing"></g><g v="gent"></g></l></v></tfr></token><token id="594327" text="Российской"><tfr rev_id="4308164" t="Российской"><v><l id="309319" t="российский"><g v="ADJF"></g><g v="femn"></g><g v="sing"></g><g v="gent"></g></l></v></tfr></token><token id="594328" text="Федерации"><tfr rev_id="4261978" t="Федерации"><v><l id="364940" t="федерация"><g v="NOUN"></g><g v="inan"></g><g v="femn"></g><g v="sing"></g><g v="gent"></g></l></v></tfr></token><token id="594329" text=","><tfr rev_id="1427400" t=","><v><l id="0" t=","><g v="PNCT"></g></l></v></tfr></token><token id="594330" text="сообщает"><tfr rev_id="1427401" t="сообщает"><v><l id="329538" t="сообщаю"><g v="VERB"></g><g v="impf"></g><g v="tran"></g><g v="sing"></g><g v="3per"></g><g v="pres"></g><g v="indc"></g></l></v></tfr></token><token id="594331" text="Pro-Books.ru"><tfr rev_id="2474567" t="Pro-Books.ru"><v><l id="0" t="Pro-Books.ru"><g v="LATN"></g></l></v></tfr></token><token id="594332" text="со"><tfr rev_id="2919183" t="со"><v><l id="311151" t="с"><g v="PREP"></g><g v="Vpre"></g></l></v></tfr></token><token id="594333" text="ссылкой"><tfr rev_id="4155307" t="ссылкой"><v><l id="334180" t="ссылка"><g v="NOUN"></g><g v="inan"></g><g v="femn"></g><g v="sing"></g><g v="ablt"></g></l></v></tfr></token><token id="594334" text="на"><tfr rev_id="3337844" t="на"><v><l id="166264" t="на"><g v="PREP"></g></l></v></tfr></token><token id="594335" text="журнал"><tfr rev_id="1427406" t="журнал"><v><l id="97972" t="журнал"><g v="NOUN"></g><g v="inan"></g><g v="masc"></g><g v="sing"></g><g v="nomn"></g></l></v><v><l id="97972" t="журнал"><g v="NOUN"></g><g v="inan"></g><g v="masc"></g><g v="sing"></g><g v="accs"></g></l></v></tfr></token><token id="594336" text="«"><tfr rev_id="2443344" t="«"><v><l id="0" t="«"><g v="PNCT"></g></l></v></tfr></token><token id="594337" text="Книжная"><tfr rev_id="1427408" t="Книжная"><v><l id="134870" t="книжный"><g v="ADJF"></g><g v="Qual"></g><g v="femn"></g><g v="sing"></g><g v="nomn"></g></l></v></tfr></token><token id="594338" text="индустрия"><tfr rev_id="1427409" t="индустрия"><v><l id="122386" t="индустрия"><g v="NOUN"></g><g v="inan"></g><g v="femn"></g><g v="sing"></g><g v="nomn"></g></l></v></tfr></token><token id="594339" text="»"><tfr rev_id="2443345" t="»"><v><l id="0" t="»"><g v="PNCT"></g></l></v></tfr></token><token id="594340" text="."><tfr rev_id="1427411" t="."><v><l id="0" t="."><g v="PNCT"></g></l></v></tfr></token></tokens></sentence><sentence id="33162"><source>Исполнителем государственного заказа стал фонд «Пушкинская библиотека».</source><tokens><token id="594341" text="Исполнителем"><tfr rev_id="1427412" t="Исполнителем"><v><l id="125360" t="исполнитель"><g v="NOUN"></g><g v="anim"></g><g v="masc"></g><g v="sing"></g><g v="ablt"></g></l></v></tfr></token><token id="594342" text="государственного"><tfr rev_id="3472558" t="государственного"><v><l id="74161" t="государственный"><g v="ADJF"></g><g v="masc"></g><g v="sing"></g><g v="gent"></g></l></v><v><l id="74161" t="государственный"><g v="ADJF"></g><g v="anim"></g><g v="masc"></g><g v="sing"></g><g v="accs"></g></l></v></tfr></token><token id="594343" text="заказа"><tfr rev_id="1427414" t="заказа"><v><l id="102882" t="заказ"><g v="NOUN"></g><g v="inan"></g><g v="masc"></g><g v="sing"></g><g v="gent"></g></l></v></tfr></token><token id="594344" text="стал"><tfr rev_id="1427415" t="стал"><v><l id="335164" t="стал"><g v="VERB"></g><g v="perf"></g><g v="intr"></g><g v="masc"></g><g v="sing"></g><g v="past"></g><g v="indc"></g></l></v></tfr></token><token id="594345" text="фонд"><tfr rev_id="3465443" t="фонд"><v><l id="366948" t="фонд"><g v="NOUN"></g><g v="inan"></g><g v="masc"></g><g v="sing"></g><g v="nomn"></g></l></v></tfr></token><token id="594346" text="«"><tfr rev_id="2443346" t="«"><v><l id="0" t="«"><g v="PNCT"></g></l></v></tfr></token><token id="594347" text="Пушкинская"><tfr rev_id="1427418" t="Пушкинская"><v><l id="289771" t="пушкинский"><g v="ADJF"></g><g v="femn"></g><g v="sing"></g><g v="nomn"></g></l></v></tfr></token><token id="594348" text="библиотека"><tfr rev_id="1427419" t="библиотека"><v><l id="29336" t="библиотека"><g v="NOUN"></g><g v="inan"></g><g v="femn"></g><g v="sing"></g><g v="nomn"></g></l></v></tfr></token><token id="594349" text="»"><tfr rev_id="2443347" t="»"><v><l id="0" t="»"><g v="PNCT"></g></l></v></tfr></token><token id="594350" text="."><tfr rev_id="1427421" t="."><v><l id="0" t="."><g v="PNCT"></g></l></v></tfr></token></tokens></sentence><sentence id="33163"><source>Стоимость одного образца такой мобильной библиотеки составляет 6 млн рублей с годовым обслуживанием в 0,5 млн.</source><tokens><token id="594351" text="Стоимость"><tfr rev_id="3549827" t="Стоимость"><v><l id="336463" t="стоимость"><g v="NOUN"></g><g v="inan"></g><g v="femn"></g><g v="sing"></g><g v="nomn"></g></l></v></tfr></token><token id="594352" text="одного"><tfr rev_id="4300599" t="одного"><v><l id="203319" t="один"><g v="ADJF"></g><g v="Apro"></g><g v="Anum"></g><g v="masc"></g><g v="sing"></g><g v="gent"></g></l></v></tfr></token><token id="594353" text="образца"><tfr rev_id="1427424" t="образца"><v><l id="198788" t="образец"><g v="NOUN"></g><g v="inan"></g><g v="masc"></g><g v="sing"></g><g v="gent"></g></l></v></tfr></token><token id="594354" text="такой"><tfr rev_id="4421332" t="такой"><v><l id="342491" t="такой"><g v="ADJF"></g><g v="Apro"></g><g v="femn"></g><g v="sing"></g><g v="gent"></g></l></v></tfr></token><token id="594355" text="мобильной"><tfr rev_id="4076625" t="мобильной"><v><l id="162202" t="мобильный"><g v="ADJF"></g><g v="Qual"></g><g v="femn"></g><g v="sing"></g><g v="gent"></g></l></v></tfr></token><token id="594356" text="библиотеки"><tfr rev_id="3432767" t="библиотеки"><v><l id="29336" t="библиотека"><g v="NOUN"></g><g v="inan"></g><g v="femn"></g><g v="sing"></g><g v="gent"></g></l></v></tfr></token><token id="594357" text="составляет"><tfr rev_id="1427428" t="составляет"><v><l id="330494" t="составляю"><g v="VERB"></g><g v="impf"></g><g v="tran"></g><g v="sing"></g><g v="3per"></g><g v="pres"></g><g v="indc"></g></l></v></tfr></token><token id="594358" text="6"><tfr rev_id="2461500" t="6"><v><l id="0" t="6"><g v="NUMB"></g></l></v></tfr></token><token id="594359" text="млн"><tfr rev_id="4165395" t="млн"><v><l id="389040" t="млн"><g v="NOUN"></g><g v="inan"></g><g v="masc"></g><g v="Fixd"></g><g v="Abbr"></g><g v="plur"></g><g v="nomn"></g></l></v><v><l id="389040" t="млн"><g v="NOUN"></g><g v="inan"></g><g v="masc"></g><g v="Fixd"></g><g v="Abbr"></g><g v="plur"></g><g v="gent"></g></l></v><v><l id="389040" t="млн"><g v="NOUN"></g><g v="inan"></g><g v="masc"></g><g v="Fixd"></g><g v="Abbr"></g><g v="plur"></g><g v="datv"></g></l></v><v><l id="389040" t="млн"><g v="NOUN"></g><g v="inan"></g><g v="masc"></g><g v="Fixd"></g><g v="Abbr"></g><g v="plur"></g><g v="accs"></g></l></v><v><l id="389040" t="млн"><g v="NOUN"></g><g v="inan"></g><g v="masc"></g><g v="Fixd"></g><g v="Abbr"></g><g v="plur"></g><g v="ablt"></g></l></v><v><l id="389040" t="млн"><g v="NOUN"></g><g v="inan"></g><g v="masc"></g><g v="Fixd"></g><g v="Abbr"></g><g v="plur"></g><g v="loct"></g></l></v></tfr></token><token id="594360" text="рублей"><tfr rev_id="1427431" t="рублей"><v><l id="309744" t="рубль"><g v="NOUN"></g><g v="inan"></g><g v="masc"></g><g v="plur"></g><g v="gent"></g></l></v></tfr></token><token id="594361" text="с"><tfr rev_id="1427432" t="с"><v><l id="311151" t="с"><g v="PREP"></g></l></v></tfr></token><token id="594362" text="годовым"><tfr rev_id="4376991" t="годовым"><v><l id="72198" t="годовой"><g v="ADJF"></g><g v="neut"></g><g v="sing"></g><g v="ablt"></g></l></v></tfr></token><token id="594363" text="обслуживанием"><tfr rev_id="1427434" t="обслуживанием"><v><l id="199766" t="обслуживание"><g v="NOUN"></g><g v="inan"></g><g v="neut"></g><g v="sing"></g><g v="ablt"></g></l></v></tfr></token><token id="594364" text="в"><tfr rev_id="1427435" t="в"><v><l id="37409" t="в"><g v="PREP"></g></l></v></tfr></token><token id="594365" text="0,5"><tfr rev_id="2461501" t="0,5"><v><l id="0" t="0,5"><g v="NUMB"></g></l></v></tfr></token><token id="594366" text="млн"><tfr rev_id="4230352" t="млн"><v><l id="389040" t="млн"><g v="NOUN"></g><g v="inan"></g><g v="masc"></g><g v="Fixd"></g><g v="Abbr"></g><g v="plur"></g><g v="nomn"></g></l></v><v><l id="389040" t="млн"><g v="NOUN"></g><g v="inan"></g><g v="masc"></g><g v="Fixd"></g><g v="Abbr"></g><g v="plur"></g><g v="gent"></g></l></v><v><l id="389040" t="млн"><g v="NOUN"></g><g v="inan"></g><g v="masc"></g><g v="Fixd"></g><g v="Abbr"></g><g v="plur"></g><g v="datv"></g></l></v><v><l id="389040" t="млн"><g v="NOUN"></g><g v="inan"></g><g v="masc"></g><g v="Fixd"></g><g v="Abbr"></g><g v="plur"></g><g v="accs"></g></l></v><v><l id="389040" t="млн"><g v="NOUN"></g><g v="inan"></g><g v="masc"></g><g v="Fixd"></g><g v="Abbr"></g><g v="plur"></g><g v="ablt"></g></l></v><v><l id="389040" t="млн"><g v="NOUN"></g><g v="inan"></g><g v="masc"></g><g v="Fixd"></g><g v="Abbr"></g><g v="plur"></g><g v="loct"></g></l></v></tfr></token><token id="594367" text="."><tfr rev_id="1427438" t="."><v><l id="0" t="."><g v="PNCT"></g></l></v></tfr></token></tokens></sentence></paragraph><paragraph id="10564"><sentence id="33164"><source>Уже в 2010 году будут пущены в дорогу шесть библиомобилей, которые отправятся в Кострому, Архангельск, Вологду, Челябинск, Иркутск и Республику Коми.</source><tokens><token id="594368" text="Уже"><tfr rev_id="2692700" t="Уже"><v><l id="355422" t="уж"><g v="NOUN"></g><g v="anim"></g><g v="masc"></g><g v="sing"></g><g v="loct"></g></l></v><v><l id="355498" t="уже"><g v="ADVB"></g></l></v><v><l id="355674" t="уже"><g v="COMP"></g><g v="Qual"></g></l></v><v><l id="388673" t="уже"><g v="PRCL"></g></l></v></tfr></token><token id="594369" text="в"><tfr rev_id="1427440" t="в"><v><l id="37409" t="в"><g v="PREP"></g></l></v></tfr></token><token id="594370" text="2010"><tfr rev_id="2461502" t="2010"><v><l id="0" t="2010"><g v="NUMB"></g></l></v></tfr></token><token id="594371" text="году"><tfr rev_id="2964023" t="году"><v><l id="72149" t="год"><g v="NOUN"></g><g v="inan"></g><g v="masc"></g><g v="sing"></g><g v="loc2"></g></l></v></tfr></token><token id="594372" text="будут"><tfr rev_id="1427443" t="будут"><v><l id="37265" t="есть"><g v="VERB"></g><g v="impf"></g><g v="intr"></g><g v="plur"></g><g v="3per"></g><g v="futr"></g><g v="indc"></g></l></v></tfr></token><token id="594373" text="пущены"><tfr rev_id="1427444" t="пущены"><v><l id="289360" t="пущен"><g v="PRTS"></g><g v="perf"></g><g v="past"></g><g v="pssv"></g><g v="plur"></g></l></v></tfr></token><token id="594374" text="в"><tfr rev_id="1427445" t="в"><v><l id="37409" t="в"><g v="PREP"></g></l></v></tfr></token><token id="594375" text="дорогу"><tfr rev_id="1427446" t="дорогу"><v><l id="89707" t="дорога"><g v="NOUN"></g><g v="inan"></g><g v="femn"></g><g v="sing"></g><g v="accs"></g></l></v></tfr></token><token id="594376" text="шесть"><tfr rev_id="1427447" t="шесть"><v><l id="379421" t="шесть"><g v="NUMR"></g><g v="nomn"></g></l></v><v><l id="379421" t="шесть"><g v="NUMR"></g><g v="accs"></g></l></v></tfr></token><token id="594377" text="библиомобилей"><tfr rev_id="1427448" t="библиомобилей"><v><l id="0" t="библиомобилей"><g v="UNKN"></g></l></v></tfr></token><token id="594378" text=","><tfr rev_id="1427449" t=","><v><l id="0" t=","><g v="PNCT"></g></l></v></tfr></token><token id="594379" text="которые"><tfr rev_id="3818885" t="которые"><v><l id="141203" t="который"><g v="ADJF"></g><g v="Apro"></g><g v="Subx"></g><g v="Anph"></g><g v="plur"></g><g v="nomn"></g></l></v></tfr></token><token id="594380" text="отправятся"><tfr rev_id="1427451" t="отправятся"><v><l id="216944" t="отправился"><g v="VERB"></g><g v="perf"></g><g v="intr"></g><g v="plur"></g><g v="3per"></g><g v="futr"></g><g v="indc"></g></l></v></tfr></token><token id="594381" text="в"><tfr rev_id="1427452" t="в"><v><l id="37409" t="в"><g v="PREP"></g></l></v></tfr></token><token id="594382" text="Кострому"><tfr rev_id="1427453" t="Кострому"><v><l id="140890" t="кострома"><g v="NOUN"></g><g v="inan"></g><g v="femn"></g><g v="Sgtm"></g><g v="Geox"></g><g v="sing"></g><g v="accs"></g></l></v></tfr></token><token id="594383" text=","><tfr rev_id="1427454" t=","><v><l id="0" t=","><g v="PNCT"></g></l></v></tfr></token><token id="594384" text="Архангельск"><tfr rev_id="3861211" t="Архангельск"><v><l id="17705" t="архангельск"><g v="NOUN"></g><g v="inan"></g><g v="masc"></g><g v="Geox"></g><g v="sing"></g><g v="accs"></g></l></v></tfr></token><token id="594385" text=","><tfr rev_id="1427456" t=","><v><l id="0" t=","><g v="PNCT"></g></l></v></tfr></token><token id="594386" text="Вологду"><tfr rev_id="1427457" t="Вологду"><v><l id="50098" t="вологда"><g v="NOUN"></g><g v="inan"></g><g v="femn"></g><g v="Sgtm"></g><g v="Geox"></g><g v="sing"></g><g v="accs"></g></l></v></tfr></token><token id="594387" text=","><tfr rev_id="1427458" t=","><v><l id="0" t=","><g v="PNCT"></g></l></v></tfr></token><token id="594388" text="Челябинск"><tfr rev_id="1427459" t="Челябинск"><v><l id="375133" t="челябинск"><g v="NOUN"></g><g v="inan"></g><g v="masc"></g><g v="Geox"></g><g v="sing"></g><g v="nomn"></g></l></v><v><l id="375133" t="челябинск"><g v="NOUN"></g><g v="inan"></g><g v="masc"></g><g v="Geox"></g><g v="sing"></g><g v="accs"></g></l></v></tfr></token><token id="594389" text=","><tfr rev_id="1427460" t=","><v><l id="0" t=","><g v="PNCT"></g></l></v></tfr></token><token id="594390" text="Иркутск"><tfr rev_id="4380024" t="Иркутск"><v><l id="124019" t="иркутск"><g v="NOUN"></g><g v="inan"></g><g v="masc"></g><g v="Geox"></g><g v="sing"></g><g v="accs"></g></l></v></tfr></token><token id="594391" text="и"><tfr rev_id="1427462" t="и"><v><l id="116949" t="и"><g v="CONJ"></g></l></v><v><l id="116950" t="и"><g v="INTJ"></g></l></v></tfr></token><token id="594392" text="Республику"><tfr rev_id="1427463" t="Республику"><v><l id="306780" t="республика"><g v="NOUN"></g><g v="inan"></g><g v="femn"></g><g v="sing"></g><g v="accs"></g></l></v></tfr></token><token id="594393" text="Коми"><tfr rev_id="4322480" t="Коми"><v><l id="136853" t="коми"><g v="NOUN"></g><g v="inan"></g><g v="masc"></g><g v="Fixd"></g><g v="sing"></g><g v="nomn"></g></l></v><v><l id="136853" t="коми"><g v="NOUN"></g><g v="inan"></g><g v="masc"></g><g v="Fixd"></g><g v="sing"></g><g v="gent"></g></l></v><v><l id="136853" t="коми"><g v="NOUN"></g><g v="inan"></g><g v="masc"></g><g v="Fixd"></g><g v="sing"></g><g v="datv"></g></l></v><v><l id="136853" t="коми"><g v="NOUN"></g><g v="inan"></g><g v="masc"></g><g v="Fixd"></g><g v="sing"></g><g v="accs"></g></l></v><v><l id="136853" t="коми"><g v="NOUN"></g><g v="inan"></g><g v="masc"></g><g v="Fixd"></g><g v="sing"></g><g v="ablt"></g></l></v><v><l id="136853" t="коми"><g v="NOUN"></g><g v="inan"></g><g v="masc"></g><g v="Fixd"></g><g v="sing"></g><g v="loct"></g></l></v><v><l id="136854" t="коми"><g v="NOUN"></g><g v="inan"></g><g v="femn"></g><g v="Fixd"></g><g v="Geox"></g><g v="sing"></g><g v="nomn"></g></l></v><v><l id="136854" t="коми"><g v="NOUN"></g><g v="inan"></g><g v="femn"></g><g v="Fixd"></g><g v="Geox"></g><g v="sing"></g><g v="gent"></g></l></v><v><l id="136854" t="коми"><g v="NOUN"></g><g v="inan"></g><g v="femn"></g><g v="Fixd"></g><g v="Geox"></g><g v="sing"></g><g v="datv"></g></l></v><v><l id="136854" t="коми"><g v="NOUN"></g><g v="inan"></g><g v="femn"></g><g v="Fixd"></g><g v="Geox"></g><g v="sing"></g><g v="accs"></g></l></v><v><l id="136854" t="коми"><g v="NOUN"></g><g v="inan"></g><g v="femn"></g><g v="Fixd"></g><g v="Geox"></g><g v="sing"></g><g v="ablt"></g></l></v><v><l id="136854" t="коми"><g v="NOUN"></g><g v="inan"></g><g v="femn"></g><g v="Fixd"></g><g v="Geox"></g><g v="sing"></g><g v="loct"></g></l></v></tfr></token><token id="594394" text="."><tfr rev_id="1427465" t="."><v><l id="0" t="."><g v="PNCT"></g></l></v></tfr></token></tokens></sentence><sentence id="33165"><source>Они смогут предоставить населению не только услуги обычной библиотеки, включая книжный абонемент, но и обеспечить выход в интернет, помочь провести лекции, культурные мероприятия и даже видеоконференции.</source><tokens><token id="594395" text="Они"><tfr rev_id="3599363" t="Они"><v><l id="206619" t="они"><g v="NPRO"></g><g v="3per"></g><g v="Anph"></g><g v="plur"></g><g v="nomn"></g></l></v></tfr></token><token id="594396" text="смогут"><tfr rev_id="1427467" t="смогут"><v><l id="326830" t="смог"><g v="VERB"></g><g v="perf"></g><g v="intr"></g><g v="plur"></g><g v="3per"></g><g v="futr"></g><g v="indc"></g></l></v></tfr></token><token id="594397" text="предоставить"><tfr rev_id="1427468" t="предоставить"><v><l id="266665" t="предоставить"><g v="INFN"></g><g v="perf"></g><g v="tran"></g></l></v></tfr></token><token id="594398" text="населению"><tfr rev_id="1427469" t="населению"><v><l id="175227" t="население"><g v="NOUN"></g><g v="inan"></g><g v="neut"></g><g v="sing"></g><g v="datv"></g></l></v></tfr></token><token id="594399" text="не"><tfr rev_id="1427470" t="не"><v><l id="178876" t="не"><g v="PRCL"></g></l></v></tfr></token><token id="594400" text="только"><tfr rev_id="3784050" t="только"><v><l id="347395" t="только"><g v="CONJ"></g></l></v><v><l id="347396" t="только"><g v="PRCL"></g></l></v><v><l id="390053" t="только"><g v="ADVB"></g></l></v></tfr></token><token id="594401" text="услуги"><tfr rev_id="3726939" t="услуги"><v><l id="360607" t="услуга"><g v="NOUN"></g><g v="inan"></g><g v="femn"></g><g v="plur"></g><g v="accs"></g></l></v></tfr></token><token id="594402" text="обычной"><tfr rev_id="4167550" t="обычной"><v><l id="202049" t="обычный"><g v="ADJF"></g><g v="Qual"></g><g v="femn"></g><g v="sing"></g><g v="gent"></g></l></v></tfr></token><token id="594403" text="библиотеки"><tfr rev_id="3493969" t="библиотеки"><v><l id="29336" t="библиотека"><g v="NOUN"></g><g v="inan"></g><g v="femn"></g><g v="sing"></g><g v="gent"></g></l></v></tfr></token><token id="594404" text=","><tfr rev_id="1427475" t=","><v><l id="0" t=","><g v="PNCT"></g></l></v></tfr></token><token id="594405" text="включая"><tfr rev_id="3408549" t="включая"><v><l id="46206" t="включая"><g v="PREP"></g></l></v></tfr></token><token id="594406" text="книжный"><tfr rev_id="1427477" t="книжный"><v><l id="134870" t="книжный"><g v="ADJF"></g><g v="Qual"></g><g v="masc"></g><g v="sing"></g><g v="nomn"></g></l></v><v><l id="134870" t="книжный"><g v="ADJF"></g><g v="Qual"></g><g v="inan"></g><g v="masc"></g><g v="sing"></g><g v="accs"></g></l></v></tfr></token><token id="594407" text="абонемент"><tfr rev_id="1427478" t="абонемент"><v><l id="1569" t="абонемент"><g v="NOUN"></g><g v="inan"></g><g v="masc"></g><g v="sing"></g><g v="nomn"></g></l></v><v><l id="1569" t="абонемент"><g v="NOUN"></g><g v="inan"></g><g v="masc"></g><g v="sing"></g><g v="accs"></g></l></v></tfr></token><token id="594408" text=","><tfr rev_id="1427479" t=","><v><l id="0" t=","><g v="PNCT"></g></l></v></tfr></token><token id="594409" text="но"><tfr rev_id="1427480" t="но"><v><l id="191429" t="но"><g v="CONJ"></g></l></v><v><l id="191430" t="но"><g v="INTJ"></g></l></v></tfr></token><token id="594410" text="и"><tfr rev_id="3696991" t="и"><v><l id="116949" t="и"><g v="CONJ"></g></l></v></tfr></token><token id="594411" text="обеспечить"><tfr rev_id="1427482" t="обеспечить"><v><l id="194763" t="обеспечить"><g v="INFN"></g><g v="perf"></g><g v="tran"></g></l></v></tfr></token><token id="594412" text="выход"><tfr rev_id="3506602" t="выход"><v><l id="63960" t="выход"><g v="NOUN"></g><g v="inan"></g><g v="masc"></g><g v="sing"></g><g v="accs"></g></l></v></tfr></token><token id="594413" text="в"><tfr rev_id="1427484" t="в"><v><l id="37409" t="в"><g v="PREP"></g></l></v></tfr></token><token id="594414" text="интернет"><tfr rev_id="3301057" t="интернет"><v><l id="123255" t="интернет"><g v="NOUN"></g><g v="inan"></g><g v="masc"></g><g v="sing"></g><g v="accs"></g></l></v></tfr></token><token id="594415" text=","><tfr rev_id="1427486" t=","><v><l id="0" t=","><g v="PNCT"></g></l></v></tfr></token><token id="594416" text="помочь"><tfr rev_id="1712930" t="помочь"><v><l id="257949" t="помочь"><g v="INFN"></g><g v="perf"></g><g v="intr"></g></l></v></tfr></token><token id="594417" text="провести"><tfr rev_id="1427488" t="провести"><v><l id="277831" t="провести"><g v="INFN"></g><g v="perf"></g><g v="tran"></g></l></v></tfr></token><token id="594418" text="лекции"><tfr rev_id="3768344" t="лекции"><v><l id="147944" t="лекция"><g v="NOUN"></g><g v="inan"></g><g v="femn"></g><g v="plur"></g><g v="accs"></g></l></v></tfr></token><token id="594419" text=","><tfr rev_id="1427490" t=","><v><l id="0" t=","><g v="PNCT"></g></l></v></tfr></token><token id="594420" text="культурные"><tfr rev_id="3815055" t="культурные"><v><l id="144857" t="культурный"><g v="ADJF"></g><g v="Qual"></g><g v="inan"></g><g v="plur"></g><g v="accs"></g></l></v></tfr></token><token id="594421" text="мероприятия"><tfr rev_id="3794194" t="мероприятия"><v><l id="158644" t="мероприятие"><g v="NOUN"></g><g v="inan"></g><g v="neut"></g><g v="plur"></g><g v="accs"></g></l></v></tfr></token><token id="594422" text="и"><tfr rev_id="1427493" t="и"><v><l id="116949" t="и"><g v="CONJ"></g></l></v><v><l id="116950" t="и"><g v="INTJ"></g></l></v></tfr></token><token id="594423" text="даже"><tfr rev_id="4079123" t="даже"><v><l id="77849" t="даже"><g v="PRCL"></g></l></v></tfr></token><token id="594424" text="видеоконференции"><tfr rev_id="3743319" t="видеоконференции"><v><l id="44507" t="видеоконференция"><g v="NOUN"></g><g v="inan"></g><g v="femn"></g><g v="plur"></g><g v="accs"></g></l></v></tfr></token><token id="594425" text="."><tfr rev_id="1427496" t="."><v><l id="0" t="."><g v="PNCT"></g></l></v></tfr></token></tokens></sentence><sentence id="33166"><source>На данный момент в России насчитывается 36 тыс. сельских библиотек, но лишь 6 тыс. из них оснащены компьютерами и 2 тыс. располагают выходом в интернет.</source><tokens><token id="594426" text="На"><tfr rev_id="2911748" t="На"><v><l id="166264" t="на"><g v="PREP"></g></l></v><v><l id="388676" t="на"><g v="INTJ"></g></l></v></tfr></token><token id="594427" text="данный"><tfr rev_id="3662524" t="данный"><v><l id="78303" t="данный"><g v="ADJF"></g><g v="Apro"></g><g v="masc"></g><g v="sing"></g><g v="nomn"></g></l></v><v><l id="78303" t="данный"><g v="ADJF"></g><g v="Apro"></g><g v="inan"></g><g v="masc"></g><g v="sing"></g><g v="accs"></g></l></v><v><l id="78549" t="данный"><g v="PRTF"></g><g v="perf"></g><g v="tran"></g><g v="past"></g><g v="pssv"></g><g v="masc"></g><g v="sing"></g><g v="nomn"></g></l></v><v><l id="78549" t="данный"><g v="PRTF"></g><g v="perf"></g><g v="tran"></g><g v="past"></g><g v="pssv"></g><g v="inan"></g><g v="masc"></g><g v="sing"></g><g v="accs"></g></l></v></tfr></token><token id="594428" text="момент"><tfr rev_id="3537860" t="момент"><v><l id="163050" t="момент"><g v="NOUN"></g><g v="inan"></g><g v="masc"></g><g v="sing"></g><g v="accs"></g></l></v></tfr></token><token id="594429" text="в"><tfr rev_id="1427500" t="в"><v><l id="37409" t="в"><g v="PREP"></g></l></v></tfr></token><token id="594430" text="России"><tfr rev_id="3455461" t="России"><v><l id="309322" t="россия"><g v="NOUN"></g><g v="inan"></g><g v="femn"></g><g v="Sgtm"></g><g v="Geox"></g><g v="sing"></g><g v="loct"></g></l></v></tfr></token><token id="594431" text="насчитывается"><tfr rev_id="1427502" t="насчитывается"><v><l id="176593" t="насчитываюсь"><g v="VERB"></g><g v="impf"></g><g v="intr"></g><g v="sing"></g><g v="3per"></g><g v="pres"></g><g v="indc"></g></l></v></tfr></token><token id="594432" text="36"><tfr rev_id="2461503" t="36"><v><l id="0" t="36"><g v="NUMB"></g></l></v></tfr></token><token id="594433" text="тыс"><tfr rev_id="4497107" t="тыс"><v><l id="389041" t="тыс"><g v="NOUN"></g><g v="inan"></g><g v="femn"></g><g v="Fixd"></g><g v="Abbr"></g><g v="plur"></g><g v="nomn"></g></l></v><v><l id="389041" t="тыс"><g v="NOUN"></g><g v="inan"></g><g v="femn"></g><g v="Fixd"></g><g v="Abbr"></g><g v="plur"></g><g v="gent"></g></l></v><v><l id="389041" t="тыс"><g v="NOUN"></g><g v="inan"></g><g v="femn"></g><g v="Fixd"></g><g v="Abbr"></g><g v="plur"></g><g v="datv"></g></l></v><v><l id="389041" t="тыс"><g v="NOUN"></g><g v="inan"></g><g v="femn"></g><g v="Fixd"></g><g v="Abbr"></g><g v="plur"></g><g v="accs"></g></l></v><v><l id="389041" t="тыс"><g v="NOUN"></g><g v="inan"></g><g v="femn"></g><g v="Fixd"></g><g v="Abbr"></g><g v="plur"></g><g v="ablt"></g></l></v><v><l id="389041" t="тыс"><g v="NOUN"></g><g v="inan"></g><g v="femn"></g><g v="Fixd"></g><g v="Abbr"></g><g v="plur"></g><g v="loct"></g></l></v></tfr></token><token id="594434" text="."><tfr rev_id="1427505" t="."><v><l id="0" t="."><g v="PNCT"></g></l></v></tfr></token><token id="594435" text="сельских"><tfr rev_id="3557979" t="сельских"><v><l id="318399" t="сельский"><g v="ADJF"></g><g v="plur"></g><g v="gent"></g></l></v></tfr></token><token id="594436" text="библиотек"><tfr rev_id="1427507" t="библиотек"><v><l id="29336" t="библиотека"><g v="NOUN"></g><g v="inan"></g><g v="femn"></g><g v="plur"></g><g v="gent"></g></l></v></tfr></token><token id="594437" text=","><tfr rev_id="1427508" t=","><v><l id="0" t=","><g v="PNCT"></g></l></v></tfr></token><token id="594438" text="но"><tfr rev_id="3533183" t="но"><v><l id="191429" t="но"><g v="CONJ"></g></l></v></tfr></token><token id="594439" text="лишь"><tfr rev_id="1427510" t="лишь"><v><l id="150259" t="лишь"><g v="CONJ"></g></l></v><v><l id="150260" t="лишь"><g v="PRCL"></g></l></v></tfr></token><token id="594440" text="6"><tfr rev_id="2461504" t="6"><v><l id="0" t="6"><g v="NUMB"></g></l></v></tfr></token><token id="594441" text="тыс"><tfr rev_id="4164925" t="тыс"><v><l id="389041" t="тыс"><g v="NOUN"></g><g v="inan"></g><g v="femn"></g><g v="Fixd"></g><g v="Abbr"></g><g v="plur"></g><g v="gent"></g></l></v></tfr></token><token id="594442" text="."><tfr rev_id="1427513" t="."><v><l id="0" t="."><g v="PNCT"></g></l></v></tfr></token><token id="594443" text="из"><tfr rev_id="2601570" t="из"><v><l id="117677" t="из"><g v="PREP"></g></l></v></tfr></token><token id="594444" text="них"><tfr rev_id="3711654" t="них"><v><l id="206619" t="они"><g v="NPRO"></g><g v="3per"></g><g v="Anph"></g><g v="plur"></g><g v="gent"></g><g v="Af-p"></g></l></v></tfr></token><token id="594445" text="оснащены"><tfr rev_id="1427516" t="оснащены"><v><l id="210549" t="оснащён"><g v="PRTS"></g><g v="perf"></g><g v="past"></g><g v="pssv"></g><g v="plur"></g></l></v></tfr></token><token id="594446" text="компьютерами"><tfr rev_id="1427517" t="компьютерами"><v><l id="137413" t="компьютер"><g v="NOUN"></g><g v="inan"></g><g v="masc"></g><g v="plur"></g><g v="ablt"></g></l></v></tfr></token><token id="594447" text="и"><tfr rev_id="3544696" t="и"><v><l id="116949" t="и"><g v="CONJ"></g></l></v></tfr></token><token id="594448" text="2"><tfr rev_id="2461505" t="2"><v><l id="0" t="2"><g v="NUMB"></g></l></v></tfr></token><token id="594449" text="тыс"><tfr rev_id="4173445" t="тыс"><v><l id="389041" t="тыс"><g v="NOUN"></g><g v="inan"></g><g v="femn"></g><g v="Fixd"></g><g v="Abbr"></g><g v="sing"></g><g v="gent"></g></l></v></tfr></token><token id="594450" text="."><tfr rev_id="1427521" t="."><v><l id="0" t="."><g v="PNCT"></g></l></v></tfr></token><token id="594451" text="располагают"><tfr rev_id="1427522" t="располагают"><v><l id="300058" t="располагаю"><g v="VERB"></g><g v="impf"></g><g v="tran"></g><g v="plur"></g><g v="3per"></g><g v="pres"></g><g v="indc"></g></l></v><v><l id="300065" t="располагаю"><g v="VERB"></g><g v="impf"></g><g v="intr"></g><g v="plur"></g><g v="3per"></g><g v="pres"></g><g v="indc"></g></l></v></tfr></token><token id="594452" text="выходом"><tfr rev_id="1427523" t="выходом"><v><l id="63960" t="выход"><g v="NOUN"></g><g v="inan"></g><g v="masc"></g><g v="sing"></g><g v="ablt"></g></l></v></tfr></token><token id="594453" text="в"><tfr rev_id="1427524" t="в"><v><l id="37409" t="в"><g v="PREP"></g></l></v></tfr></token><token id="594454" text="интернет"><tfr rev_id="4099324" t="интернет"><v><l id="123255" t="интернет"><g v="NOUN"></g><g v="inan"></g><g v="masc"></g><g v="sing"></g><g v="accs"></g></l></v></tfr></token><token id="594455" text="."><tfr rev_id="1427526" t="."><v><l id="0" t="."><g v="PNCT"></g></l></v></tfr></token></tokens></sentence><sentence id="33167"><source>Так что, по замыслу организаторов, библиомобили могут стать отличными помощниками и альтернативой сельской библиотеке.</source><tokens><token id="594456" text="Так"><tfr rev_id="1427527" t="Так"><v><l id="342451" t="так"><g v="CONJ"></g></l></v><v><l id="342452" t="так"><g v="PRCL"></g></l></v><v><l id="342453" t="так"><g v="ADVB"></g><g v="Dmns"></g></l></v></tfr></token><token id="594457" text="что"><tfr rev_id="3196746" t="что"><v><l id="377004" t="что"><g v="CONJ"></g></l></v><v><l id="377005" t="что"><g v="NPRO"></g><g v="neut"></g><g v="sing"></g><g v="nomn"></g></l></v><v><l id="377005" t="что"><g v="NPRO"></g><g v="neut"></g><g v="sing"></g><g v="accs"></g></l></v><v><l id="377006" t="что"><g v="ADVB"></g><g v="Ques"></g></l></v><v><l id="388695" t="что"><g v="PRCL"></g></l></v></tfr></token><token id="594458" text=","><tfr rev_id="1427529" t=","><v><l id="0" t=","><g v="PNCT"></g></l></v></tfr></token><token id="594459" text="по"><tfr rev_id="1427530" t="по"><v><l id="241240" t="по"><g v="PREP"></g></l></v></tfr></token><token id="594460" text="замыслу"><tfr rev_id="1427531" t="замыслу"><v><l id="106180" t="замысел"><g v="NOUN"></g><g v="inan"></g><g v="masc"></g><g v="sing"></g><g v="datv"></g></l></v></tfr></token><token id="594461" text="организаторов"><tfr rev_id="2928372" t="организаторов"><v><l id="208741" t="организатор"><g v="NOUN"></g><g v="anim"></g><g v="masc"></g><g v="plur"></g><g v="gent"></g></l></v></tfr></token><token id="594462" text=","><tfr rev_id="1427533" t=","><v><l id="0" t=","><g v="PNCT"></g></l></v></tfr></token><token id="594463" text="библиомобили"><tfr rev_id="1427534" t="библиомобили"><v><l id="0" t="библиомобили"><g v="UNKN"></g></l></v></tfr></token><token id="594464" text="могут"><tfr rev_id="1427535" t="могут"><v><l id="164485" t="могу"><g v="VERB"></g><g v="impf"></g><g v="intr"></g><g v="plur"></g><g v="3per"></g><g v="pres"></g><g v="indc"></g></l></v></tfr></token><token id="594465" text="стать"><tfr rev_id="1712931" t="стать"><v><l id="335165" t="стать"><g v="INFN"></g><g v="perf"></g><g v="intr"></g></l></v></tfr></token><token id="594466" text="отличными"><tfr rev_id="1427537" t="отличными"><v><l id="215176" t="отличный"><g v="ADJF"></g><g v="Qual"></g><g v="plur"></g><g v="ablt"></g></l></v></tfr></token><token id="594467" text="помощниками"><tfr rev_id="1427538" t="помощниками"><v><l id="257957" t="помощник"><g v="NOUN"></g><g v="anim"></g><g v="masc"></g><g v="plur"></g><g v="ablt"></g></l></v></tfr></token><token id="594468" text="и"><tfr rev_id="1427539" t="и"><v><l id="116949" t="и"><g v="CONJ"></g></l></v><v><l id="116950" t="и"><g v="INTJ"></g></l></v></tfr></token><token id="594469" text="альтернативой"><tfr rev_id="1427540" t="альтернативой"><v><l id="10698" t="альтернатива"><g v="NOUN"></g><g v="inan"></g><g v="femn"></g><g v="sing"></g><g v="ablt"></g></l></v></tfr></token><token id="594470" text="сельской"><tfr rev_id="3862031" t="сельской"><v><l id="318399" t="сельский"><g v="ADJF"></g><g v="femn"></g><g v="sing"></g><g v="datv"></g></l></v></tfr></token><token id="594471" text="библиотеке"><tfr rev_id="2737533" t="библиотеке"><v><l id="29336" t="библиотека"><g v="NOUN"></g><g v="inan"></g><g v="femn"></g><g v="sing"></g><g v="datv"></g></l></v></tfr></token><token id="594472" text="."><tfr rev_id="1427543" t="."><v><l id="0" t="."><g v="PNCT"></g></l></v></tfr></token></tokens></sentence></paragraph></paragraphs></text>