<?xml version="1.0" encoding="utf-8"?><text id="1104" parent="56" name="На Северном полюсе осталась только льдина"><tags><tag>url:http://ru.wikinews.org/w/index.php?title=На_Северном_полюсе_осталась_только_льдина&amp;oldid=39828</tag><tag>Автор:http://ru.wikinews.org/wiki/Участник:Velopilger</tag><tag>Дата:08/08</tag><tag>Год:2009</tag><tag>Гео:ВикиКатегория:Арктика</tag><tag>Тема:ВикиКатегория:Глобальное потепление</tag><tag>Тема:ВикиКатегория:Климат</tag></tags><paragraphs><paragraph id="10616"><sentence id="33294"><source>В эти августовские дни от международной экологической организации Greenpeace пришло сообщение, которого уже ожидали несколько последних лет.</source><tokens><token id="596498" text="В"><tfr rev_id="1429568" t="В"><v><l id="37409" t="в"><g v="PREP"></g></l></v></tfr></token><token id="596499" text="эти"><tfr rev_id="4446141" t="эти"><v><l id="386581" t="этот"><g v="ADJF"></g><g v="Subx"></g><g v="Apro"></g><g v="Anph"></g><g v="inan"></g><g v="plur"></g><g v="accs"></g></l></v></tfr></token><token id="596500" text="августовские"><tfr rev_id="3817363" t="августовские"><v><l id="2380" t="августовский"><g v="ADJF"></g><g v="inan"></g><g v="plur"></g><g v="accs"></g></l></v></tfr></token><token id="596501" text="дни"><tfr rev_id="3757088" t="дни"><v><l id="81427" t="день"><g v="NOUN"></g><g v="inan"></g><g v="masc"></g><g v="plur"></g><g v="accs"></g></l></v></tfr></token><token id="596502" text="от"><tfr rev_id="1429572" t="от"><v><l id="211644" t="от"><g v="PREP"></g></l></v></tfr></token><token id="596503" text="международной"><tfr rev_id="4167517" t="международной"><v><l id="157346" t="международный"><g v="ADJF"></g><g v="femn"></g><g v="sing"></g><g v="gent"></g></l></v></tfr></token><token id="596504" text="экологической"><tfr rev_id="3713954" t="экологической"><v><l id="383322" t="экологический"><g v="ADJF"></g><g v="femn"></g><g v="sing"></g><g v="gent"></g></l></v></tfr></token><token id="596505" text="организации"><tfr rev_id="4178178" t="организации"><v><l id="208750" t="организация"><g v="NOUN"></g><g v="inan"></g><g v="femn"></g><g v="sing"></g><g v="gent"></g></l></v></tfr></token><token id="596506" text="Greenpeace"><tfr rev_id="2474575" t="Greenpeace"><v><l id="0" t="Greenpeace"><g v="LATN"></g></l></v></tfr></token><token id="596507" text="пришло"><tfr rev_id="4330129" t="пришло"><v><l id="270737" t="пришёл"><g v="VERB"></g><g v="perf"></g><g v="intr"></g><g v="neut"></g><g v="sing"></g><g v="past"></g><g v="indc"></g></l></v></tfr></token><token id="596508" text="сообщение"><tfr rev_id="4093362" t="сообщение"><v><l id="329550" t="сообщение"><g v="NOUN"></g><g v="inan"></g><g v="neut"></g><g v="sing"></g><g v="nomn"></g></l></v></tfr></token><token id="596509" text=","><tfr rev_id="1429579" t=","><v><l id="0" t=","><g v="PNCT"></g></l></v></tfr></token><token id="596510" text="которого"><tfr rev_id="3638347" t="которого"><v><l id="141203" t="который"><g v="ADJF"></g><g v="Apro"></g><g v="Subx"></g><g v="Anph"></g><g v="neut"></g><g v="sing"></g><g v="gent"></g></l></v></tfr></token><token id="596511" text="уже"><tfr rev_id="2692705" t="уже"><v><l id="355422" t="уж"><g v="NOUN"></g><g v="anim"></g><g v="masc"></g><g v="sing"></g><g v="loct"></g></l></v><v><l id="355498" t="уже"><g v="ADVB"></g></l></v><v><l id="355674" t="уже"><g v="COMP"></g><g v="Qual"></g></l></v><v><l id="388673" t="уже"><g v="PRCL"></g></l></v></tfr></token><token id="596512" text="ожидали"><tfr rev_id="1429582" t="ожидали"><v><l id="203945" t="ожидаю"><g v="VERB"></g><g v="impf"></g><g v="tran"></g><g v="plur"></g><g v="past"></g><g v="indc"></g></l></v></tfr></token><token id="596513" text="несколько"><tfr rev_id="4176717" t="несколько"><v><l id="188126" t="несколько"><g v="NUMR"></g><g v="nomn"></g></l></v><v><l id="188126" t="несколько"><g v="NUMR"></g><g v="inan"></g><g v="accs"></g></l></v></tfr></token><token id="596514" text="последних"><tfr rev_id="2848571" t="последних"><v><l id="261565" t="последний"><g v="ADJF"></g><g v="plur"></g><g v="gent"></g></l></v></tfr></token><token id="596515" text="лет"><tfr rev_id="3457944" t="лет"><v><l id="72149" t="год"><g v="NOUN"></g><g v="inan"></g><g v="masc"></g><g v="plur"></g><g v="gent"></g></l></v></tfr></token><token id="596516" text="."><tfr rev_id="1429586" t="."><v><l id="0" t="."><g v="PNCT"></g></l></v></tfr></token></tokens></sentence><sentence id="33295"><source>Планетарное потепление климата привело к тому, что льды Северного полюса потеряли непосредственный контакт со льдами ближайших материков и острова Гренландия.</source><tokens><token id="596517" text="Планетарное"><tfr rev_id="1429587" t="Планетарное"><v><l id="239692" t="планетарный"><g v="ADJF"></g><g v="neut"></g><g v="sing"></g><g v="nomn"></g></l></v><v><l id="239692" t="планетарный"><g v="ADJF"></g><g v="neut"></g><g v="sing"></g><g v="accs"></g></l></v></tfr></token><token id="596518" text="потепление"><tfr rev_id="1429588" t="потепление"><v><l id="263114" t="потепление"><g v="NOUN"></g><g v="inan"></g><g v="neut"></g><g v="sing"></g><g v="nomn"></g></l></v><v><l id="263114" t="потепление"><g v="NOUN"></g><g v="inan"></g><g v="neut"></g><g v="sing"></g><g v="accs"></g></l></v></tfr></token><token id="596519" text="климата"><tfr rev_id="1429589" t="климата"><v><l id="134343" t="климат"><g v="NOUN"></g><g v="inan"></g><g v="masc"></g><g v="sing"></g><g v="gent"></g></l></v></tfr></token><token id="596520" text="привело"><tfr rev_id="1429590" t="привело"><v><l id="269205" t="привёл"><g v="VERB"></g><g v="perf"></g><g v="tran"></g><g v="neut"></g><g v="sing"></g><g v="past"></g><g v="indc"></g></l></v></tfr></token><token id="596521" text="к"><tfr rev_id="1429591" t="к"><v><l id="127460" t="к"><g v="PREP"></g></l></v></tfr></token><token id="596522" text="тому"><tfr rev_id="4412300" t="тому"><v><l id="348430" t="тот"><g v="ADJF"></g><g v="Subx"></g><g v="Apro"></g><g v="Anph"></g><g v="neut"></g><g v="sing"></g><g v="datv"></g></l></v></tfr></token><token id="596523" text=","><tfr rev_id="1429593" t=","><v><l id="0" t=","><g v="PNCT"></g></l></v></tfr></token><token id="596524" text="что"><tfr rev_id="3196765" t="что"><v><l id="377004" t="что"><g v="CONJ"></g></l></v><v><l id="377005" t="что"><g v="NPRO"></g><g v="neut"></g><g v="sing"></g><g v="nomn"></g></l></v><v><l id="377005" t="что"><g v="NPRO"></g><g v="neut"></g><g v="sing"></g><g v="accs"></g></l></v><v><l id="377006" t="что"><g v="ADVB"></g><g v="Ques"></g></l></v><v><l id="388695" t="что"><g v="PRCL"></g></l></v></tfr></token><token id="596525" text="льды"><tfr rev_id="3752028" t="льды"><v><l id="146061" t="лёд"><g v="NOUN"></g><g v="inan"></g><g v="masc"></g><g v="plur"></g><g v="nomn"></g></l></v></tfr></token><token id="596526" text="Северного"><tfr rev_id="4384162" t="Северного"><v><l id="317517" t="северный"><g v="ADJF"></g><g v="Qual"></g><g v="masc"></g><g v="sing"></g><g v="gent"></g></l></v></tfr></token><token id="596527" text="полюса"><tfr rev_id="3450501" t="полюса"><v><l id="257143" t="полюс"><g v="NOUN"></g><g v="inan"></g><g v="masc"></g><g v="sing"></g><g v="gent"></g></l></v></tfr></token><token id="596528" text="потеряли"><tfr rev_id="1429598" t="потеряли"><v><l id="263149" t="потерял"><g v="VERB"></g><g v="perf"></g><g v="tran"></g><g v="plur"></g><g v="past"></g><g v="indc"></g></l></v></tfr></token><token id="596529" text="непосредственный"><tfr rev_id="1429599" t="непосредственный"><v><l id="186235" t="непосредственный"><g v="ADJF"></g><g v="Qual"></g><g v="masc"></g><g v="sing"></g><g v="nomn"></g></l></v><v><l id="186235" t="непосредственный"><g v="ADJF"></g><g v="Qual"></g><g v="inan"></g><g v="masc"></g><g v="sing"></g><g v="accs"></g></l></v></tfr></token><token id="596530" text="контакт"><tfr rev_id="1429600" t="контакт"><v><l id="138320" t="контакт"><g v="NOUN"></g><g v="inan"></g><g v="masc"></g><g v="sing"></g><g v="nomn"></g></l></v><v><l id="138320" t="контакт"><g v="NOUN"></g><g v="inan"></g><g v="masc"></g><g v="sing"></g><g v="accs"></g></l></v></tfr></token><token id="596531" text="со"><tfr rev_id="2919187" t="со"><v><l id="311151" t="с"><g v="PREP"></g><g v="Vpre"></g></l></v></tfr></token><token id="596532" text="льдами"><tfr rev_id="1429602" t="льдами"><v><l id="146061" t="лёд"><g v="NOUN"></g><g v="inan"></g><g v="masc"></g><g v="plur"></g><g v="ablt"></g></l></v></tfr></token><token id="596533" text="ближайших"><tfr rev_id="4430945" t="ближайших"><v><l id="30857" t="ближайший"><g v="ADJF"></g><g v="Supr"></g><g v="Qual"></g><g v="plur"></g><g v="gent"></g></l></v></tfr></token><token id="596534" text="материков"><tfr rev_id="3334085" t="материков"><v><l id="156258" t="материк"><g v="NOUN"></g><g v="inan"></g><g v="masc"></g><g v="plur"></g><g v="gent"></g></l></v></tfr></token><token id="596535" text="и"><tfr rev_id="1429605" t="и"><v><l id="116949" t="и"><g v="CONJ"></g></l></v><v><l id="116950" t="и"><g v="INTJ"></g></l></v></tfr></token><token id="596536" text="острова"><tfr rev_id="3431913" t="острова"><v><l id="211180" t="остров"><g v="NOUN"></g><g v="inan"></g><g v="masc"></g><g v="sing"></g><g v="gent"></g></l></v></tfr></token><token id="596537" text="Гренландия"><tfr rev_id="1429607" t="Гренландия"><v><l id="75066" t="гренландия"><g v="NOUN"></g><g v="inan"></g><g v="femn"></g><g v="Sgtm"></g><g v="Geox"></g><g v="sing"></g><g v="nomn"></g></l></v></tfr></token><token id="596538" text="."><tfr rev_id="1429608" t="."><v><l id="0" t="."><g v="PNCT"></g></l></v></tfr></token></tokens></sentence><sentence id="33296"><source>Как уверяют учёные, такое случилось впервые за 125 тысяч лет.</source><tokens><token id="596539" text="Как"><tfr rev_id="1429609" t="Как"><v><l id="128190" t="как"><g v="CONJ"></g></l></v><v><l id="128191" t="как"><g v="PRCL"></g></l></v><v><l id="128192" t="как"><g v="ADVB"></g><g v="Ques"></g></l></v></tfr></token><token id="596540" text="уверяют"><tfr rev_id="1429610" t="уверяют"><v><l id="353479" t="уверяю"><g v="VERB"></g><g v="impf"></g><g v="tran"></g><g v="plur"></g><g v="3per"></g><g v="pres"></g><g v="indc"></g></l></v></tfr></token><token id="596541" text="учёные"><tfr rev_id="2780525" t="учёные"><v><l id="363100" t="учёный"><g v="NOUN"></g><g v="anim"></g><g v="masc"></g><g v="plur"></g><g v="nomn"></g></l></v></tfr></token><token id="596542" text=","><tfr rev_id="1429612" t=","><v><l id="0" t=","><g v="PNCT"></g></l></v></tfr></token><token id="596543" text="такое"><tfr rev_id="1429613" t="такое"><v><l id="342491" t="такой"><g v="ADJF"></g><g v="Apro"></g><g v="neut"></g><g v="sing"></g><g v="nomn"></g></l></v><v><l id="342491" t="такой"><g v="ADJF"></g><g v="Apro"></g><g v="neut"></g><g v="sing"></g><g v="accs"></g></l></v></tfr></token><token id="596544" text="случилось"><tfr rev_id="1429614" t="случилось"><v><l id="325498" t="случился"><g v="VERB"></g><g v="perf"></g><g v="intr"></g><g v="neut"></g><g v="sing"></g><g v="past"></g><g v="indc"></g></l></v></tfr></token><token id="596545" text="впервые"><tfr rev_id="1429615" t="впервые"><v><l id="52345" t="впервые"><g v="ADVB"></g></l></v></tfr></token><token id="596546" text="за"><tfr rev_id="1429616" t="за"><v><l id="98043" t="за"><g v="PREP"></g></l></v></tfr></token><token id="596547" text="125"><tfr rev_id="2461542" t="125"><v><l id="0" t="125"><g v="NUMB"></g></l></v></tfr></token><token id="596548" text="тысяч"><tfr rev_id="1429618" t="тысяч"><v><l id="352230" t="тысяча"><g v="NOUN"></g><g v="inan"></g><g v="femn"></g><g v="plur"></g><g v="gent"></g></l></v></tfr></token><token id="596549" text="лет"><tfr rev_id="3124718" t="лет"><v><l id="72149" t="год"><g v="NOUN"></g><g v="inan"></g><g v="masc"></g><g v="plur"></g><g v="gent"></g></l></v></tfr></token><token id="596550" text="."><tfr rev_id="1429620" t="."><v><l id="0" t="."><g v="PNCT"></g></l></v></tfr></token></tokens></sentence></paragraph><paragraph id="10617"><sentence id="33297"><source>Несколько интернет-агенств назвали случившееся образно — Северный полюс превратился в остров.</source><tokens><token id="596551" text="Несколько"><tfr rev_id="4179245" t="Несколько"><v><l id="188126" t="несколько"><g v="NUMR"></g><g v="nomn"></g></l></v><v><l id="188126" t="несколько"><g v="NUMR"></g><g v="inan"></g><g v="accs"></g></l></v></tfr></token><token id="596552" text="интернет-агенств"><tfr rev_id="1429622" t="интернет-агенств"><v><l id="0" t="интернет-агенств"><g v="UNKN"></g></l></v></tfr></token><token id="596553" text="назвали"><tfr rev_id="1429623" t="назвали"><v><l id="170342" t="назвал"><g v="VERB"></g><g v="perf"></g><g v="tran"></g><g v="plur"></g><g v="past"></g><g v="indc"></g></l></v></tfr></token><token id="596554" text="случившееся"><tfr rev_id="1429624" t="случившееся"><v><l id="325500" t="случившийся"><g v="PRTF"></g><g v="perf"></g><g v="intr"></g><g v="past"></g><g v="actv"></g><g v="neut"></g><g v="sing"></g><g v="nomn"></g></l></v><v><l id="325500" t="случившийся"><g v="PRTF"></g><g v="perf"></g><g v="intr"></g><g v="past"></g><g v="actv"></g><g v="neut"></g><g v="sing"></g><g v="accs"></g></l></v></tfr></token><token id="596555" text="образно"><tfr rev_id="1429625" t="образно"><v><l id="198791" t="образно"><g v="ADVB"></g></l></v><v><l id="198796" t="образен"><g v="ADJS"></g><g v="Qual"></g><g v="neut"></g><g v="sing"></g></l></v></tfr></token><token id="596556" text="—"><tfr rev_id="2443444" t="—"><v><l id="0" t="—"><g v="PNCT"></g></l></v></tfr></token><token id="596557" text="Северный"><tfr rev_id="1429627" t="Северный"><v><l id="317517" t="северный"><g v="ADJF"></g><g v="Qual"></g><g v="masc"></g><g v="sing"></g><g v="nomn"></g></l></v><v><l id="317517" t="северный"><g v="ADJF"></g><g v="Qual"></g><g v="inan"></g><g v="masc"></g><g v="sing"></g><g v="accs"></g></l></v></tfr></token><token id="596558" text="полюс"><tfr rev_id="4108101" t="полюс"><v><l id="257143" t="полюс"><g v="NOUN"></g><g v="inan"></g><g v="masc"></g><g v="sing"></g><g v="nomn"></g></l></v></tfr></token><token id="596559" text="превратился"><tfr rev_id="1429629" t="превратился"><v><l id="266128" t="превратился"><g v="VERB"></g><g v="perf"></g><g v="intr"></g><g v="masc"></g><g v="sing"></g><g v="past"></g><g v="indc"></g></l></v></tfr></token><token id="596560" text="в"><tfr rev_id="1429630" t="в"><v><l id="37409" t="в"><g v="PREP"></g></l></v></tfr></token><token id="596561" text="остров"><tfr rev_id="3491530" t="остров"><v><l id="211180" t="остров"><g v="NOUN"></g><g v="inan"></g><g v="masc"></g><g v="sing"></g><g v="accs"></g></l></v></tfr></token><token id="596562" text="."><tfr rev_id="1429632" t="."><v><l id="0" t="."><g v="PNCT"></g></l></v></tfr></token></tokens></sentence><sentence id="33298"><source>Остров льда среди безбрежных просторов водной глади.</source><tokens><token id="596563" text="Остров"><tfr rev_id="3282344" t="Остров"><v><l id="211180" t="остров"><g v="NOUN"></g><g v="inan"></g><g v="masc"></g><g v="sing"></g><g v="nomn"></g></l></v></tfr></token><token id="596564" text="льда"><tfr rev_id="1429634" t="льда"><v><l id="146061" t="лёд"><g v="NOUN"></g><g v="inan"></g><g v="masc"></g><g v="sing"></g><g v="gen1"></g></l></v></tfr></token><token id="596565" text="среди"><tfr rev_id="1429635" t="среди"><v><l id="333473" t="среди"><g v="PREP"></g></l></v></tfr></token><token id="596566" text="безбрежных"><tfr rev_id="3824269" t="безбрежных"><v><l id="25577" t="безбрежный"><g v="ADJF"></g><g v="Qual"></g><g v="plur"></g><g v="gent"></g></l></v></tfr></token><token id="596567" text="просторов"><tfr rev_id="1429637" t="просторов"><v><l id="285068" t="простор"><g v="NOUN"></g><g v="inan"></g><g v="masc"></g><g v="plur"></g><g v="gent"></g></l></v></tfr></token><token id="596568" text="водной"><tfr rev_id="3861958" t="водной"><v><l id="48102" t="водный"><g v="ADJF"></g><g v="Qual"></g><g v="femn"></g><g v="sing"></g><g v="gent"></g></l></v></tfr></token><token id="596569" text="глади"><tfr rev_id="4177320" t="глади"><v><l id="70985" t="гладь"><g v="NOUN"></g><g v="inan"></g><g v="femn"></g><g v="sing"></g><g v="gent"></g></l></v></tfr></token><token id="596570" text="."><tfr rev_id="1429640" t="."><v><l id="0" t="."><g v="PNCT"></g></l></v></tfr></token></tokens></sentence><sentence id="33299"><source>Причём, как уверяется, теперь к Северному полюсу можно «пристать» на самом обычном туристком океанском лайнере, и не потребуется даже помощи ледокола.</source><tokens><token id="596571" text="Причём"><tfr rev_id="1429641" t="Причём"><v><l id="276410" t="причём"><g v="CONJ"></g></l></v></tfr></token><token id="596572" text=","><tfr rev_id="1429642" t=","><v><l id="0" t=","><g v="PNCT"></g></l></v></tfr></token><token id="596573" text="как"><tfr rev_id="1429643" t="как"><v><l id="128190" t="как"><g v="CONJ"></g></l></v><v><l id="128191" t="как"><g v="PRCL"></g></l></v><v><l id="128192" t="как"><g v="ADVB"></g><g v="Ques"></g></l></v></tfr></token><token id="596574" text="уверяется"><tfr rev_id="1429644" t="уверяется"><v><l id="353486" t="уверяюсь"><g v="VERB"></g><g v="impf"></g><g v="intr"></g><g v="sing"></g><g v="3per"></g><g v="pres"></g><g v="indc"></g></l></v></tfr></token><token id="596575" text=","><tfr rev_id="1429645" t=","><v><l id="0" t=","><g v="PNCT"></g></l></v></tfr></token><token id="596576" text="теперь"><tfr rev_id="1429646" t="теперь"><v><l id="344864" t="теперь"><g v="ADVB"></g></l></v></tfr></token><token id="596577" text="к"><tfr rev_id="1429647" t="к"><v><l id="127460" t="к"><g v="PREP"></g></l></v></tfr></token><token id="596578" text="Северному"><tfr rev_id="3342741" t="Северному"><v><l id="317517" t="северный"><g v="ADJF"></g><g v="Qual"></g><g v="masc"></g><g v="sing"></g><g v="datv"></g></l></v></tfr></token><token id="596579" text="полюсу"><tfr rev_id="1429649" t="полюсу"><v><l id="257143" t="полюс"><g v="NOUN"></g><g v="inan"></g><g v="masc"></g><g v="sing"></g><g v="datv"></g></l></v></tfr></token><token id="596580" text="можно"><tfr rev_id="1429650" t="можно"><v><l id="162467" t="можно"><g v="PRED"></g><g v="pres"></g></l></v></tfr></token><token id="596581" text="«"><tfr rev_id="2443445" t="«"><v><l id="0" t="«"><g v="PNCT"></g></l></v></tfr></token><token id="596582" text="пристать"><tfr rev_id="1429652" t="пристать"><v><l id="274658" t="пристать"><g v="INFN"></g><g v="perf"></g><g v="intr"></g></l></v></tfr></token><token id="596583" text="»"><tfr rev_id="2443446" t="»"><v><l id="0" t="»"><g v="PNCT"></g></l></v></tfr></token><token id="596584" text="на"><tfr rev_id="3337682" t="на"><v><l id="166264" t="на"><g v="PREP"></g></l></v></tfr></token><token id="596585" text="самом"><tfr rev_id="3449367" t="самом"><v><l id="312034" t="сам"><g v="ADJF"></g><g v="Apro"></g><g v="masc"></g><g v="sing"></g><g v="loct"></g></l></v><v><l id="313174" t="самый"><g v="ADJF"></g><g v="Apro"></g><g v="masc"></g><g v="sing"></g><g v="loct"></g></l></v></tfr></token><token id="596586" text="обычном"><tfr rev_id="4206024" t="обычном"><v><l id="202049" t="обычный"><g v="ADJF"></g><g v="Qual"></g><g v="masc"></g><g v="sing"></g><g v="loct"></g></l></v></tfr></token><token id="596587" text="туристком"><tfr rev_id="1429657" t="туристком"><v><l id="0" t="туристком"><g v="UNKN"></g></l></v></tfr></token><token id="596588" text="океанском"><tfr rev_id="3391380" t="океанском"><v><l id="204693" t="океанский"><g v="ADJF"></g><g v="masc"></g><g v="sing"></g><g v="loct"></g></l></v></tfr></token><token id="596589" text="лайнере"><tfr rev_id="1429659" t="лайнере"><v><l id="146480" t="лайнер"><g v="NOUN"></g><g v="inan"></g><g v="masc"></g><g v="sing"></g><g v="loct"></g></l></v></tfr></token><token id="596590" text=","><tfr rev_id="1429660" t=","><v><l id="0" t=","><g v="PNCT"></g></l></v></tfr></token><token id="596591" text="и"><tfr rev_id="1429661" t="и"><v><l id="116949" t="и"><g v="CONJ"></g></l></v><v><l id="116950" t="и"><g v="INTJ"></g></l></v></tfr></token><token id="596592" text="не"><tfr rev_id="1429662" t="не"><v><l id="178876" t="не"><g v="PRCL"></g></l></v></tfr></token><token id="596593" text="потребуется"><tfr rev_id="1429663" t="потребуется"><v><l id="263557" t="потребовался"><g v="VERB"></g><g v="perf"></g><g v="intr"></g><g v="sing"></g><g v="3per"></g><g v="futr"></g><g v="indc"></g></l></v></tfr></token><token id="596594" text="даже"><tfr rev_id="4079124" t="даже"><v><l id="77849" t="даже"><g v="PRCL"></g></l></v></tfr></token><token id="596595" text="помощи"><tfr rev_id="4270003" t="помощи"><v><l id="257960" t="помощь"><g v="NOUN"></g><g v="inan"></g><g v="femn"></g><g v="sing"></g><g v="gent"></g></l></v></tfr></token><token id="596596" text="ледокола"><tfr rev_id="1429666" t="ледокола"><v><l id="147739" t="ледокол"><g v="NOUN"></g><g v="inan"></g><g v="masc"></g><g v="sing"></g><g v="gent"></g></l></v></tfr></token><token id="596597" text="."><tfr rev_id="1429667" t="."><v><l id="0" t="."><g v="PNCT"></g></l></v></tfr></token></tokens></sentence></paragraph><paragraph id="10618"><sentence id="33300"><source>По-видимому, дело идёт именно к этому — превращению полюса планеты в туристскую достопримечательность.</source><tokens><token id="596598" text="По-видимому"><tfr rev_id="1429668" t="По-видимому"><v><l id="241251" t="по-видимому"><g v="CONJ"></g><g v="Prnt"></g></l></v></tfr></token><token id="596599" text=","><tfr rev_id="1429669" t=","><v><l id="0" t=","><g v="PNCT"></g></l></v></tfr></token><token id="596600" text="дело"><tfr rev_id="1714240" t="дело"><v><l id="80628" t="дело"><g v="NOUN"></g><g v="inan"></g><g v="neut"></g><g v="sing"></g><g v="nomn"></g></l></v><v><l id="80628" t="дело"><g v="NOUN"></g><g v="inan"></g><g v="neut"></g><g v="sing"></g><g v="accs"></g></l></v></tfr></token><token id="596601" text="идёт"><tfr rev_id="1429671" t="идёт"><v><l id="117566" t="иду"><g v="VERB"></g><g v="impf"></g><g v="intr"></g><g v="sing"></g><g v="3per"></g><g v="pres"></g><g v="indc"></g></l></v></tfr></token><token id="596602" text="именно"><tfr rev_id="1429672" t="именно"><v><l id="121584" t="именно"><g v="PRCL"></g></l></v></tfr></token><token id="596603" text="к"><tfr rev_id="1429673" t="к"><v><l id="127460" t="к"><g v="PREP"></g></l></v></tfr></token><token id="596604" text="этому"><tfr rev_id="4096198" t="этому"><v><l id="386575" t="это"><g v="NPRO"></g><g v="neut"></g><g v="sing"></g><g v="datv"></g></l></v></tfr></token><token id="596605" text="—"><tfr rev_id="2443447" t="—"><v><l id="0" t="—"><g v="PNCT"></g></l></v></tfr></token><token id="596606" text="превращению"><tfr rev_id="1429676" t="превращению"><v><l id="266149" t="превращение"><g v="NOUN"></g><g v="inan"></g><g v="neut"></g><g v="sing"></g><g v="datv"></g></l></v></tfr></token><token id="596607" text="полюса"><tfr rev_id="2908734" t="полюса"><v><l id="257143" t="полюс"><g v="NOUN"></g><g v="inan"></g><g v="masc"></g><g v="sing"></g><g v="gent"></g></l></v></tfr></token><token id="596608" text="планеты"><tfr rev_id="4098391" t="планеты"><v><l id="239690" t="планета"><g v="NOUN"></g><g v="inan"></g><g v="femn"></g><g v="sing"></g><g v="gent"></g></l></v></tfr></token><token id="596609" text="в"><tfr rev_id="1429679" t="в"><v><l id="37409" t="в"><g v="PREP"></g></l></v></tfr></token><token id="596610" text="туристскую"><tfr rev_id="1429680" t="туристскую"><v><l id="351778" t="туристский"><g v="ADJF"></g><g v="femn"></g><g v="sing"></g><g v="accs"></g></l></v></tfr></token><token id="596611" text="достопримечательность"><tfr rev_id="4213413" t="достопримечательность"><v><l id="90594" t="достопримечательность"><g v="NOUN"></g><g v="inan"></g><g v="femn"></g><g v="sing"></g><g v="accs"></g></l></v></tfr></token><token id="596612" text="."><tfr rev_id="1429682" t="."><v><l id="0" t="."><g v="PNCT"></g></l></v></tfr></token></tokens></sentence><sentence id="33301"><source>Уже сейчас вокруг него можно совершить небольшой теплоходный кругосветный круиз.</source><tokens><token id="596613" text="Уже"><tfr rev_id="2692706" t="Уже"><v><l id="355422" t="уж"><g v="NOUN"></g><g v="anim"></g><g v="masc"></g><g v="sing"></g><g v="loct"></g></l></v><v><l id="355498" t="уже"><g v="ADVB"></g></l></v><v><l id="355674" t="уже"><g v="COMP"></g><g v="Qual"></g></l></v><v><l id="388673" t="уже"><g v="PRCL"></g></l></v></tfr></token><token id="596614" text="сейчас"><tfr rev_id="1429684" t="сейчас"><v><l id="317975" t="сейчас"><g v="ADVB"></g></l></v></tfr></token><token id="596615" text="вокруг"><tfr rev_id="4421442" t="вокруг"><v><l id="49813" t="вокруг"><g v="PREP"></g></l></v></tfr></token><token id="596616" text="него"><tfr rev_id="4528178" t="него"><v><l id="206541" t="он"><g v="NPRO"></g><g v="masc"></g><g v="3per"></g><g v="Anph"></g><g v="sing"></g><g v="gent"></g><g v="Af-p"></g></l></v><v><l id="206649" t="оно"><g v="NPRO"></g><g v="neut"></g><g v="3per"></g><g v="Anph"></g><g v="sing"></g><g v="gent"></g><g v="Af-p"></g></l></v></tfr></token><token id="596617" text="можно"><tfr rev_id="1429687" t="можно"><v><l id="162467" t="можно"><g v="PRED"></g><g v="pres"></g></l></v></tfr></token><token id="596618" text="совершить"><tfr rev_id="1429688" t="совершить"><v><l id="327925" t="совершить"><g v="INFN"></g><g v="perf"></g><g v="tran"></g></l></v></tfr></token><token id="596619" text="небольшой"><tfr rev_id="2370336" t="небольшой"><v><l id="179467" t="небольшой"><g v="ADJF"></g><g v="masc"></g><g v="sing"></g><g v="nomn"></g></l></v><v><l id="179467" t="небольшой"><g v="ADJF"></g><g v="inan"></g><g v="masc"></g><g v="sing"></g><g v="accs"></g></l></v></tfr></token><token id="596620" text="теплоходный"><tfr rev_id="1429690" t="теплоходный"><v><l id="345119" t="теплоходный"><g v="ADJF"></g><g v="masc"></g><g v="sing"></g><g v="nomn"></g></l></v><v><l id="345119" t="теплоходный"><g v="ADJF"></g><g v="inan"></g><g v="masc"></g><g v="sing"></g><g v="accs"></g></l></v></tfr></token><token id="596621" text="кругосветный"><tfr rev_id="1429691" t="кругосветный"><v><l id="143557" t="кругосветный"><g v="ADJF"></g><g v="masc"></g><g v="sing"></g><g v="nomn"></g></l></v><v><l id="143557" t="кругосветный"><g v="ADJF"></g><g v="inan"></g><g v="masc"></g><g v="sing"></g><g v="accs"></g></l></v></tfr></token><token id="596622" text="круиз"><tfr rev_id="4106948" t="круиз"><v><l id="143610" t="круиз"><g v="NOUN"></g><g v="inan"></g><g v="masc"></g><g v="sing"></g><g v="accs"></g></l></v></tfr></token><token id="596623" text="."><tfr rev_id="1429693" t="."><v><l id="0" t="."><g v="PNCT"></g></l></v></tfr></token></tokens></sentence><sentence id="33302"><source>А вот покорять Северный полюс на лыжах или другом виде материкового транспорта можно будет разве что полярной зимой при полной темноте.</source><tokens><token id="596624" text="А"><tfr rev_id="1429694" t="А"><v><l id="51" t="а"><g v="CONJ"></g></l></v><v><l id="52" t="а"><g v="INTJ"></g></l></v><v><l id="53" t="а"><g v="PRCL"></g></l></v></tfr></token><token id="596625" text="вот"><tfr rev_id="3363340" t="вот"><v><l id="52157" t="вот"><g v="PRCL"></g></l></v></tfr></token><token id="596626" text="покорять"><tfr rev_id="1429696" t="покорять"><v><l id="254679" t="покорять"><g v="INFN"></g><g v="impf"></g><g v="tran"></g></l></v></tfr></token><token id="596627" text="Северный"><tfr rev_id="1429697" t="Северный"><v><l id="317517" t="северный"><g v="ADJF"></g><g v="Qual"></g><g v="masc"></g><g v="sing"></g><g v="nomn"></g></l></v><v><l id="317517" t="северный"><g v="ADJF"></g><g v="Qual"></g><g v="inan"></g><g v="masc"></g><g v="sing"></g><g v="accs"></g></l></v></tfr></token><token id="596628" text="полюс"><tfr rev_id="1429698" t="полюс"><v><l id="257143" t="полюс"><g v="NOUN"></g><g v="inan"></g><g v="masc"></g><g v="sing"></g><g v="nomn"></g></l></v><v><l id="257143" t="полюс"><g v="NOUN"></g><g v="inan"></g><g v="masc"></g><g v="sing"></g><g v="accs"></g></l></v></tfr></token><token id="596629" text="на"><tfr rev_id="3343707" t="на"><v><l id="166264" t="на"><g v="PREP"></g></l></v></tfr></token><token id="596630" text="лыжах"><tfr rev_id="1429700" t="лыжах"><v><l id="151696" t="лыжа"><g v="NOUN"></g><g v="inan"></g><g v="femn"></g><g v="plur"></g><g v="loct"></g></l></v></tfr></token><token id="596631" text="или"><tfr rev_id="3787181" t="или"><v><l id="121146" t="или"><g v="CONJ"></g></l></v></tfr></token><token id="596632" text="другом"><tfr rev_id="4308984" t="другом"><v><l id="92342" t="другой"><g v="ADJF"></g><g v="Apro"></g><g v="Subx"></g><g v="masc"></g><g v="sing"></g><g v="loct"></g></l></v></tfr></token><token id="596633" text="виде"><tfr rev_id="1429703" t="виде"><v><l id="44437" t="вид"><g v="NOUN"></g><g v="inan"></g><g v="masc"></g><g v="sing"></g><g v="loc1"></g></l></v></tfr></token><token id="596634" text="материкового"><tfr rev_id="3302458" t="материкового"><v><l id="156259" t="материковый"><g v="ADJF"></g><g v="masc"></g><g v="sing"></g><g v="gent"></g></l></v><v><l id="156259" t="материковый"><g v="ADJF"></g><g v="anim"></g><g v="masc"></g><g v="sing"></g><g v="accs"></g></l></v></tfr></token><token id="596635" text="транспорта"><tfr rev_id="1429705" t="транспорта"><v><l id="349139" t="транспорт"><g v="NOUN"></g><g v="inan"></g><g v="masc"></g><g v="sing"></g><g v="gent"></g></l></v></tfr></token><token id="596636" text="можно"><tfr rev_id="1429706" t="можно"><v><l id="162467" t="можно"><g v="PRED"></g><g v="pres"></g></l></v></tfr></token><token id="596637" text="будет"><tfr rev_id="1429707" t="будет"><v><l id="37265" t="есть"><g v="VERB"></g><g v="impf"></g><g v="intr"></g><g v="sing"></g><g v="3per"></g><g v="futr"></g><g v="indc"></g></l></v></tfr></token><token id="596638" text="разве"><tfr rev_id="1429708" t="разве"><v><l id="292190" t="разве"><g v="CONJ"></g></l></v><v><l id="292191" t="разве"><g v="PRCL"></g></l></v></tfr></token><token id="596639" text="что"><tfr rev_id="4322310" t="что"><v><l id="388695" t="что"><g v="PRCL"></g></l></v></tfr></token><token id="596640" text="полярной"><tfr rev_id="4167519" t="полярной"><v><l id="257226" t="полярный"><g v="ADJF"></g><g v="Qual"></g><g v="femn"></g><g v="sing"></g><g v="ablt"></g></l></v></tfr></token><token id="596641" text="зимой"><tfr rev_id="4239856" t="зимой"><v><l id="115412" t="зима"><g v="NOUN"></g><g v="inan"></g><g v="femn"></g><g v="sing"></g><g v="ablt"></g></l></v></tfr></token><token id="596642" text="при"><tfr rev_id="2699669" t="при"><v><l id="268625" t="при"><g v="PREP"></g></l></v></tfr></token><token id="596643" text="полной"><tfr rev_id="3431439" t="полной"><v><l id="256169" t="полный"><g v="ADJF"></g><g v="Qual"></g><g v="femn"></g><g v="sing"></g><g v="loct"></g></l></v></tfr></token><token id="596644" text="темноте"><tfr rev_id="3541050" t="темноте"><v><l id="344588" t="темнота"><g v="NOUN"></g><g v="inan"></g><g v="femn"></g><g v="Sgtm"></g><g v="sing"></g><g v="loct"></g></l></v></tfr></token><token id="596645" text="."><tfr rev_id="1429715" t="."><v><l id="0" t="."><g v="PNCT"></g></l></v></tfr></token></tokens></sentence><sentence id="33303"><source>Вопрос о целесообразности полярных станциях СП вообще можно поставить под сомнение.</source><tokens><token id="596646" text="Вопрос"><tfr rev_id="2782334" t="Вопрос"><v><l id="50830" t="вопрос"><g v="NOUN"></g><g v="inan"></g><g v="masc"></g><g v="sing"></g><g v="accs"></g></l></v></tfr></token><token id="596647" text="о"><tfr rev_id="3325972" t="о"><v><l id="192977" t="о"><g v="PREP"></g></l></v></tfr></token><token id="596648" text="целесообразности"><tfr rev_id="4314276" t="целесообразности"><v><l id="373091" t="целесообразность"><g v="NOUN"></g><g v="inan"></g><g v="femn"></g><g v="sing"></g><g v="loct"></g></l></v></tfr></token><token id="596649" text="полярных"><tfr rev_id="3707411" t="полярных"><v><l id="257226" t="полярный"><g v="ADJF"></g><g v="Qual"></g><g v="plur"></g><g v="gent"></g></l></v></tfr></token><token id="596650" text="станциях"><tfr rev_id="1429720" t="станциях"><v><l id="334704" t="станция"><g v="NOUN"></g><g v="inan"></g><g v="femn"></g><g v="plur"></g><g v="loct"></g></l></v></tfr></token><token id="596651" text="СП"><tfr rev_id="4573683" t="СП"><v><l id="331385" t="сп"><g v="NOUN"></g><g v="inan"></g><g v="masc"></g><g v="Sgtm"></g><g v="Fixd"></g><g v="Abbr"></g><g v="Orgn"></g><g v="sing"></g><g v="gent"></g></l></v></tfr></token><token id="596652" text="вообще"><tfr rev_id="1429722" t="вообще"><v><l id="50732" t="вообще"><g v="CONJ"></g><g v="Prnt"></g></l></v><v><l id="50733" t="вообще"><g v="ADVB"></g></l></v></tfr></token><token id="596653" text="можно"><tfr rev_id="1429723" t="можно"><v><l id="162467" t="можно"><g v="PRED"></g><g v="pres"></g></l></v></tfr></token><token id="596654" text="поставить"><tfr rev_id="1429724" t="поставить"><v><l id="262089" t="поставить"><g v="INFN"></g><g v="perf"></g><g v="tran"></g></l></v></tfr></token><token id="596655" text="под"><tfr rev_id="2603207" t="под"><v><l id="243755" t="под"><g v="PREP"></g></l></v></tfr></token><token id="596656" text="сомнение"><tfr rev_id="1429726" t="сомнение"><v><l id="329384" t="сомнение"><g v="NOUN"></g><g v="inan"></g><g v="neut"></g><g v="sing"></g><g v="nomn"></g></l></v><v><l id="329384" t="сомнение"><g v="NOUN"></g><g v="inan"></g><g v="neut"></g><g v="sing"></g><g v="accs"></g></l></v></tfr></token><token id="596657" text="."><tfr rev_id="1429727" t="."><v><l id="0" t="."><g v="PNCT"></g></l></v></tfr></token></tokens></sentence></paragraph><paragraph id="10619"><sentence id="33304"><source>Экологи продолжают бить по этому поводу тревогу.</source><tokens><token id="596658" text="Экологи"><tfr rev_id="1429728" t="Экологи"><v><l id="383319" t="эколог"><g v="NOUN"></g><g v="anim"></g><g v="masc"></g><g v="plur"></g><g v="nomn"></g></l></v></tfr></token><token id="596659" text="продолжают"><tfr rev_id="1429729" t="продолжают"><v><l id="279215" t="продолжаю"><g v="VERB"></g><g v="impf"></g><g v="tran"></g><g v="plur"></g><g v="3per"></g><g v="pres"></g><g v="indc"></g></l></v></tfr></token><token id="596660" text="бить"><tfr rev_id="1429730" t="бить"><v><l id="30154" t="бить"><g v="INFN"></g><g v="impf"></g><g v="tran"></g></l></v></tfr></token><token id="596661" text="по"><tfr rev_id="1429731" t="по"><v><l id="241240" t="по"><g v="PREP"></g></l></v></tfr></token><token id="596662" text="этому"><tfr rev_id="4487049" t="этому"><v><l id="386581" t="этот"><g v="ADJF"></g><g v="Subx"></g><g v="Apro"></g><g v="Anph"></g><g v="masc"></g><g v="sing"></g><g v="datv"></g></l></v></tfr></token><token id="596663" text="поводу"><tfr rev_id="3812030" t="поводу"><v><l id="242551" t="повод"><g v="NOUN"></g><g v="inan"></g><g v="masc"></g><g v="sing"></g><g v="datv"></g></l></v></tfr></token><token id="596664" text="тревогу"><tfr rev_id="1429734" t="тревогу"><v><l id="349484" t="тревога"><g v="NOUN"></g><g v="inan"></g><g v="femn"></g><g v="sing"></g><g v="accs"></g></l></v></tfr></token><token id="596665" text="."><tfr rev_id="1429735" t="."><v><l id="0" t="."><g v="PNCT"></g></l></v></tfr></token></tokens></sentence><sentence id="33305"><source>А военные размышляют и строят планы на обладание образовавшимися свободными ото льда пространствами.</source><tokens><token id="596666" text="А"><tfr rev_id="1429736" t="А"><v><l id="51" t="а"><g v="CONJ"></g></l></v><v><l id="52" t="а"><g v="INTJ"></g></l></v><v><l id="53" t="а"><g v="PRCL"></g></l></v></tfr></token><token id="596667" text="военные"><tfr rev_id="4160774" t="военные"><v><l id="48618" t="военный"><g v="NOUN"></g><g v="anim"></g><g v="masc"></g><g v="plur"></g><g v="nomn"></g></l></v></tfr></token><token id="596668" text="размышляют"><tfr rev_id="1429738" t="размышляют"><v><l id="295543" t="размышляю"><g v="VERB"></g><g v="impf"></g><g v="intr"></g><g v="plur"></g><g v="3per"></g><g v="pres"></g><g v="indc"></g></l></v></tfr></token><token id="596669" text="и"><tfr rev_id="3671865" t="и"><v><l id="116949" t="и"><g v="CONJ"></g></l></v></tfr></token><token id="596670" text="строят"><tfr rev_id="1429740" t="строят"><v><l id="337672" t="строю"><g v="VERB"></g><g v="impf"></g><g v="tran"></g><g v="plur"></g><g v="3per"></g><g v="pres"></g><g v="indc"></g></l></v><v><l id="337681" t="строил"><g v="VERB"></g><g v="perf"></g><g v="tran"></g><g v="plur"></g><g v="3per"></g><g v="futr"></g><g v="indc"></g></l></v></tfr></token><token id="596671" text="планы"><tfr rev_id="3409584" t="планы"><v><l id="239677" t="план"><g v="NOUN"></g><g v="inan"></g><g v="masc"></g><g v="plur"></g><g v="accs"></g></l></v></tfr></token><token id="596672" text="на"><tfr rev_id="3339377" t="на"><v><l id="166264" t="на"><g v="PREP"></g></l></v></tfr></token><token id="596673" text="обладание"><tfr rev_id="3530685" t="обладание"><v><l id="196098" t="обладание"><g v="NOUN"></g><g v="inan"></g><g v="neut"></g><g v="sing"></g><g v="accs"></g></l></v></tfr></token><token id="596674" text="образовавшимися"><tfr rev_id="1429744" t="образовавшимися"><v><l id="198830" t="образовавшийся"><g v="PRTF"></g><g v="perf"></g><g v="intr"></g><g v="past"></g><g v="actv"></g><g v="plur"></g><g v="ablt"></g></l></v><v><l id="198831" t="образовавшийся"><g v="PRTF"></g><g v="impf"></g><g v="intr"></g><g v="past"></g><g v="actv"></g><g v="plur"></g><g v="ablt"></g></l></v></tfr></token><token id="596675" text="свободными"><tfr rev_id="1429745" t="свободными"><v><l id="316242" t="свободный"><g v="ADJF"></g><g v="Qual"></g><g v="plur"></g><g v="ablt"></g></l></v></tfr></token><token id="596676" text="ото"><tfr rev_id="3191143" t="ото"><v><l id="211644" t="от"><g v="PREP"></g><g v="Vpre"></g></l></v></tfr></token><token id="596677" text="льда"><tfr rev_id="1429747" t="льда"><v><l id="146061" t="лёд"><g v="NOUN"></g><g v="inan"></g><g v="masc"></g><g v="sing"></g><g v="gen1"></g></l></v></tfr></token><token id="596678" text="пространствами"><tfr rev_id="1429748" t="пространствами"><v><l id="285122" t="пространство"><g v="NOUN"></g><g v="inan"></g><g v="neut"></g><g v="plur"></g><g v="ablt"></g></l></v></tfr></token><token id="596679" text="."><tfr rev_id="1429749" t="."><v><l id="0" t="."><g v="PNCT"></g></l></v></tfr></token></tokens></sentence><sentence id="33306"><source>По-крайней мере, американские и канадские военспецы настроены весьма решительно защищать свои владения от гипотетического вторжения со стороны русских.</source><tokens><token id="596680" text="По-крайней"><tfr rev_id="1429750" t="По-крайней"><v><l id="0" t="по-крайней"><g v="UNKN"></g></l></v></tfr></token><token id="596681" text="мере"><tfr rev_id="3550005" t="мере"><v><l id="158460" t="мера"><g v="NOUN"></g><g v="inan"></g><g v="femn"></g><g v="sing"></g><g v="datv"></g></l></v><v><l id="158742" t="меря"><g v="NOUN"></g><g v="inan"></g><g v="femn"></g><g v="sing"></g><g v="datv"></g></l></v></tfr></token><token id="596682" text=","><tfr rev_id="1429752" t=","><v><l id="0" t=","><g v="PNCT"></g></l></v></tfr></token><token id="596683" text="американские"><tfr rev_id="3746720" t="американские"><v><l id="11429" t="американский"><g v="ADJF"></g><g v="plur"></g><g v="nomn"></g></l></v></tfr></token><token id="596684" text="и"><tfr rev_id="1429754" t="и"><v><l id="116949" t="и"><g v="CONJ"></g></l></v><v><l id="116950" t="и"><g v="INTJ"></g></l></v></tfr></token><token id="596685" text="канадские"><tfr rev_id="3860132" t="канадские"><v><l id="129200" t="канадский"><g v="ADJF"></g><g v="plur"></g><g v="nomn"></g></l></v></tfr></token><token id="596686" text="военспецы"><tfr rev_id="1429756" t="военспецы"><v><l id="48624" t="военспец"><g v="NOUN"></g><g v="anim"></g><g v="masc"></g><g v="plur"></g><g v="nomn"></g></l></v></tfr></token><token id="596687" text="настроены"><tfr rev_id="1429757" t="настроены"><v><l id="176272" t="настроен"><g v="PRTS"></g><g v="perf"></g><g v="past"></g><g v="pssv"></g><g v="plur"></g></l></v></tfr></token><token id="596688" text="весьма"><tfr rev_id="1429758" t="весьма"><v><l id="42160" t="весьма"><g v="ADVB"></g></l></v></tfr></token><token id="596689" text="решительно"><tfr rev_id="1429759" t="решительно"><v><l id="307391" t="решительно"><g v="ADVB"></g></l></v><v><l id="307394" t="решителен"><g v="ADJS"></g><g v="Qual"></g><g v="neut"></g><g v="sing"></g></l></v></tfr></token><token id="596690" text="защищать"><tfr rev_id="1429760" t="защищать"><v><l id="114260" t="защищать"><g v="INFN"></g><g v="impf"></g><g v="tran"></g></l></v></tfr></token><token id="596691" text="свои"><tfr rev_id="3767866" t="свои"><v><l id="316379" t="свой"><g v="ADJF"></g><g v="Apro"></g><g v="Anph"></g><g v="inan"></g><g v="plur"></g><g v="accs"></g></l></v></tfr></token><token id="596692" text="владения"><tfr rev_id="3797771" t="владения"><v><l id="46526" t="владение"><g v="NOUN"></g><g v="inan"></g><g v="neut"></g><g v="plur"></g><g v="accs"></g></l></v></tfr></token><token id="596693" text="от"><tfr rev_id="1429763" t="от"><v><l id="211644" t="от"><g v="PREP"></g></l></v></tfr></token><token id="596694" text="гипотетического"><tfr rev_id="3448999" t="гипотетического"><v><l id="70531" t="гипотетический"><g v="ADJF"></g><g v="neut"></g><g v="sing"></g><g v="gent"></g></l></v></tfr></token><token id="596695" text="вторжения"><tfr rev_id="3448317" t="вторжения"><v><l id="55017" t="вторжение"><g v="NOUN"></g><g v="inan"></g><g v="neut"></g><g v="sing"></g><g v="gent"></g></l></v></tfr></token><token id="596696" text="со"><tfr rev_id="2919188" t="со"><v><l id="311151" t="с"><g v="PREP"></g><g v="Vpre"></g></l></v></tfr></token><token id="596697" text="стороны"><tfr rev_id="3492195" t="стороны"><v><l id="336894" t="сторона"><g v="NOUN"></g><g v="inan"></g><g v="femn"></g><g v="sing"></g><g v="gent"></g></l></v></tfr></token><token id="596698" text="русских"><tfr rev_id="4425258" t="русских"><v><l id="310321" t="русский"><g v="ADJF"></g><g v="Subx"></g><g v="plur"></g><g v="gent"></g></l></v></tfr></token><token id="596699" text="."><tfr rev_id="1429769" t="."><v><l id="0" t="."><g v="PNCT"></g></l></v></tfr></token></tokens></sentence><sentence id="33307"><source>Пока это только рекламные ходы.</source><tokens><token id="596700" text="Пока"><tfr rev_id="4485740" t="Пока"><v><l id="253968" t="пока"><g v="ADVB"></g></l></v></tfr></token><token id="596701" text="это"><tfr rev_id="4441523" t="это"><v><l id="386574" t="это"><g v="PRCL"></g></l></v><v><l id="386575" t="это"><g v="NPRO"></g><g v="neut"></g><g v="sing"></g><g v="nomn"></g></l></v><v><l id="386575" t="это"><g v="NPRO"></g><g v="neut"></g><g v="sing"></g><g v="accs"></g></l></v><v><l id="386581" t="этот"><g v="ADJF"></g><g v="Subx"></g><g v="Apro"></g><g v="Anph"></g><g v="neut"></g><g v="sing"></g><g v="nomn"></g></l></v><v><l id="386581" t="этот"><g v="ADJF"></g><g v="Subx"></g><g v="Apro"></g><g v="Anph"></g><g v="neut"></g><g v="sing"></g><g v="accs"></g></l></v></tfr></token><token id="596702" text="только"><tfr rev_id="3784051" t="только"><v><l id="347395" t="только"><g v="CONJ"></g></l></v><v><l id="347396" t="только"><g v="PRCL"></g></l></v><v><l id="390053" t="только"><g v="ADVB"></g></l></v></tfr></token><token id="596703" text="рекламные"><tfr rev_id="3746187" t="рекламные"><v><l id="305693" t="рекламный"><g v="ADJF"></g><g v="Qual"></g><g v="plur"></g><g v="nomn"></g></l></v></tfr></token><token id="596704" text="ходы"><tfr rev_id="3701296" t="ходы"><v><l id="371078" t="ход"><g v="NOUN"></g><g v="inan"></g><g v="masc"></g><g v="plur"></g><g v="nomn"></g></l></v></tfr></token><token id="596705" text="."><tfr rev_id="1429775" t="."><v><l id="0" t="."><g v="PNCT"></g></l></v></tfr></token></tokens></sentence></paragraph></paragraphs></text>