<?xml version="1.0" encoding="utf-8"?><text id="1107" parent="56" name="АвтоВАЗ предлагает Renault 25 % своих акций"><tags><tag>Гео:ВикиКатегория:Россия</tag><tag>Тема:ВикиКатегория:Экономика</tag><tag>Тема:ВикиКатегория:Автоновости</tag><tag>Дата:08/12</tag><tag>Год:2007</tag><tag>url:http://ru.wikinews.org/w/index.php?title=АвтоВАЗ_предлагает_Renault_25_%25_своих_акций&amp;oldid=21027</tag><tag>Автор:http://ru.wikinews.org/wiki/Участник:Flrn</tag></tags><paragraphs><paragraph id="10644"><sentence id="33348"><source>Компания «АвтоВАЗ» готова продать своему стратегическому партнёру — компании Renault блокирующий пакет из 25 % акций компании.</source><tokens><token id="597285" text="Компания"><tfr rev_id="1430355" t="Компания"><v><l id="137146" t="компания"><g v="NOUN"></g><g v="inan"></g><g v="femn"></g><g v="sing"></g><g v="nomn"></g></l></v></tfr></token><token id="597286" text="«"><tfr rev_id="2443450" t="«"><v><l id="0" t="«"><g v="PNCT"></g></l></v></tfr></token><token id="597287" text="АвтоВАЗ"><tfr rev_id="1430357" t="АвтоВАЗ"><v><l id="3031" t="автоваз"><g v="NOUN"></g><g v="inan"></g><g v="masc"></g><g v="Orgn"></g><g v="sing"></g><g v="nomn"></g></l></v><v><l id="3031" t="автоваз"><g v="NOUN"></g><g v="inan"></g><g v="masc"></g><g v="Orgn"></g><g v="sing"></g><g v="accs"></g></l></v></tfr></token><token id="597288" text="»"><tfr rev_id="2443451" t="»"><v><l id="0" t="»"><g v="PNCT"></g></l></v></tfr></token><token id="597289" text="готова"><tfr rev_id="1430359" t="готова"><v><l id="74227" t="готов"><g v="ADJS"></g><g v="Qual"></g><g v="femn"></g><g v="sing"></g></l></v></tfr></token><token id="597290" text="продать"><tfr rev_id="1430360" t="продать"><v><l id="278967" t="продать"><g v="INFN"></g><g v="perf"></g><g v="tran"></g></l></v></tfr></token><token id="597291" text="своему"><tfr rev_id="3630609" t="своему"><v><l id="316379" t="свой"><g v="ADJF"></g><g v="Apro"></g><g v="Anph"></g><g v="masc"></g><g v="sing"></g><g v="datv"></g></l></v></tfr></token><token id="597292" text="стратегическому"><tfr rev_id="4165053" t="стратегическому"><v><l id="337167" t="стратегический"><g v="ADJF"></g><g v="masc"></g><g v="sing"></g><g v="datv"></g></l></v></tfr></token><token id="597293" text="партнёру"><tfr rev_id="1430363" t="партнёру"><v><l id="224438" t="партнёр"><g v="NOUN"></g><g v="anim"></g><g v="masc"></g><g v="sing"></g><g v="datv"></g></l></v></tfr></token><token id="597294" text="—"><tfr rev_id="2443452" t="—"><v><l id="0" t="—"><g v="PNCT"></g></l></v></tfr></token><token id="597295" text="компании"><tfr rev_id="4238835" t="компании"><v><l id="137146" t="компания"><g v="NOUN"></g><g v="inan"></g><g v="femn"></g><g v="sing"></g><g v="datv"></g></l></v></tfr></token><token id="597296" text="Renault"><tfr rev_id="2474577" t="Renault"><v><l id="0" t="Renault"><g v="LATN"></g></l></v></tfr></token><token id="597297" text="блокирующий"><tfr rev_id="1430367" t="блокирующий"><v><l id="31002" t="блокирующий"><g v="PRTF"></g><g v="impf"></g><g v="tran"></g><g v="pres"></g><g v="actv"></g><g v="masc"></g><g v="sing"></g><g v="nomn"></g></l></v><v><l id="31002" t="блокирующий"><g v="PRTF"></g><g v="impf"></g><g v="tran"></g><g v="pres"></g><g v="actv"></g><g v="inan"></g><g v="masc"></g><g v="sing"></g><g v="accs"></g></l></v></tfr></token><token id="597298" text="пакет"><tfr rev_id="1430368" t="пакет"><v><l id="222645" t="пакет"><g v="NOUN"></g><g v="inan"></g><g v="masc"></g><g v="sing"></g><g v="nomn"></g></l></v><v><l id="222645" t="пакет"><g v="NOUN"></g><g v="inan"></g><g v="masc"></g><g v="sing"></g><g v="accs"></g></l></v></tfr></token><token id="597299" text="из"><tfr rev_id="2557463" t="из"><v><l id="117677" t="из"><g v="PREP"></g></l></v></tfr></token><token id="597300" text="25"><tfr rev_id="2461554" t="25"><v><l id="0" t="25"><g v="NUMB"></g></l></v></tfr></token><token id="597301" text="%"><tfr rev_id="2443453" t="%"><v><l id="0" t="%"><g v="PNCT"></g></l></v></tfr></token><token id="597302" text="акций"><tfr rev_id="1430372" t="акций"><v><l id="7961" t="акция"><g v="NOUN"></g><g v="inan"></g><g v="femn"></g><g v="plur"></g><g v="gent"></g></l></v></tfr></token><token id="597303" text="компании"><tfr rev_id="3490858" t="компании"><v><l id="137146" t="компания"><g v="NOUN"></g><g v="inan"></g><g v="femn"></g><g v="sing"></g><g v="gent"></g></l></v><v><l id="137146" t="компания"><g v="NOUN"></g><g v="inan"></g><g v="femn"></g><g v="sing"></g><g v="datv"></g></l></v><v><l id="137146" t="компания"><g v="NOUN"></g><g v="inan"></g><g v="femn"></g><g v="sing"></g><g v="loct"></g></l></v></tfr></token><token id="597304" text="."><tfr rev_id="1430374" t="."><v><l id="0" t="."><g v="PNCT"></g></l></v></tfr></token></tokens></sentence><sentence id="33349"><source>Цена предстоящей сделки превышает 1 миллиард долларов, сообщает «КоммерсантЪ».</source><tokens><token id="597305" text="Цена"><tfr rev_id="1430375" t="Цена"><v><l id="373297" t="цена"><g v="NOUN"></g><g v="inan"></g><g v="femn"></g><g v="sing"></g><g v="nomn"></g></l></v></tfr></token><token id="597306" text="предстоящей"><tfr rev_id="4331649" t="предстоящей"><v><l id="267145" t="предстоящий"><g v="PRTF"></g><g v="impf"></g><g v="intr"></g><g v="pres"></g><g v="actv"></g><g v="femn"></g><g v="sing"></g><g v="gent"></g></l></v><v><l id="267145" t="предстоящий"><g v="PRTF"></g><g v="impf"></g><g v="intr"></g><g v="pres"></g><g v="actv"></g><g v="femn"></g><g v="sing"></g><g v="datv"></g></l></v><v><l id="267145" t="предстоящий"><g v="PRTF"></g><g v="impf"></g><g v="intr"></g><g v="pres"></g><g v="actv"></g><g v="femn"></g><g v="sing"></g><g v="ablt"></g></l></v><v><l id="267145" t="предстоящий"><g v="PRTF"></g><g v="impf"></g><g v="intr"></g><g v="pres"></g><g v="actv"></g><g v="femn"></g><g v="sing"></g><g v="loct"></g></l></v><v><l id="267148" t="предстоящий"><g v="ADJF"></g><g v="femn"></g><g v="sing"></g><g v="gent"></g></l></v><v><l id="267148" t="предстоящий"><g v="ADJF"></g><g v="femn"></g><g v="sing"></g><g v="datv"></g></l></v><v><l id="267148" t="предстоящий"><g v="ADJF"></g><g v="femn"></g><g v="sing"></g><g v="ablt"></g></l></v><v><l id="267148" t="предстоящий"><g v="ADJF"></g><g v="femn"></g><g v="sing"></g><g v="loct"></g></l></v></tfr></token><token id="597307" text="сделки"><tfr rev_id="3493828" t="сделки"><v><l id="317256" t="сделка"><g v="NOUN"></g><g v="inan"></g><g v="femn"></g><g v="sing"></g><g v="gent"></g></l></v></tfr></token><token id="597308" text="превышает"><tfr rev_id="1430378" t="превышает"><v><l id="266160" t="превышаю"><g v="VERB"></g><g v="impf"></g><g v="tran"></g><g v="sing"></g><g v="3per"></g><g v="pres"></g><g v="indc"></g></l></v></tfr></token><token id="597309" text="1"><tfr rev_id="2461555" t="1"><v><l id="0" t="1"><g v="NUMB"></g></l></v></tfr></token><token id="597310" text="миллиард"><tfr rev_id="4380008" t="миллиард"><v><l id="160237" t="миллиард"><g v="NOUN"></g><g v="inan"></g><g v="masc"></g><g v="sing"></g><g v="accs"></g></l></v></tfr></token><token id="597311" text="долларов"><tfr rev_id="3704439" t="долларов"><v><l id="88047" t="доллар"><g v="NOUN"></g><g v="inan"></g><g v="masc"></g><g v="plur"></g><g v="gent"></g></l></v></tfr></token><token id="597312" text=","><tfr rev_id="1430382" t=","><v><l id="0" t=","><g v="PNCT"></g></l></v></tfr></token><token id="597313" text="сообщает"><tfr rev_id="1430383" t="сообщает"><v><l id="329538" t="сообщаю"><g v="VERB"></g><g v="impf"></g><g v="tran"></g><g v="sing"></g><g v="3per"></g><g v="pres"></g><g v="indc"></g></l></v></tfr></token><token id="597314" text="«"><tfr rev_id="2443454" t="«"><v><l id="0" t="«"><g v="PNCT"></g></l></v></tfr></token><token id="597315" text="КоммерсантЪ"><tfr rev_id="4573689" t="КоммерсантЪ"><v><l id="136992" t="коммерсантъ"><g v="NOUN"></g><g v="inan"></g><g v="masc"></g><g v="Fixd"></g><g v="Orgn"></g><g v="sing"></g><g v="nomn"></g></l></v></tfr></token><token id="597316" text="»"><tfr rev_id="2443455" t="»"><v><l id="0" t="»"><g v="PNCT"></g></l></v></tfr></token><token id="597317" text="."><tfr rev_id="1430387" t="."><v><l id="0" t="."><g v="PNCT"></g></l></v></tfr></token></tokens></sentence></paragraph><paragraph id="10645"><sentence id="33350"><source>Переговоры с АвтоВАЗом также вели General Motors, FIAT и Magna.</source><tokens><token id="597318" text="Переговоры"><tfr rev_id="2757136" t="Переговоры"><v><l id="227793" t="переговоры"><g v="NOUN"></g><g v="inan"></g><g v="GNdr"></g><g v="Pltm"></g><g v="plur"></g><g v="accs"></g></l></v></tfr></token><token id="597319" text="с"><tfr rev_id="1430389" t="с"><v><l id="311151" t="с"><g v="PREP"></g></l></v></tfr></token><token id="597320" text="АвтоВАЗом"><tfr rev_id="1430390" t="АвтоВАЗом"><v><l id="3031" t="автоваз"><g v="NOUN"></g><g v="inan"></g><g v="masc"></g><g v="Orgn"></g><g v="sing"></g><g v="ablt"></g></l></v></tfr></token><token id="597321" text="также"><tfr rev_id="4267701" t="также"><v><l id="342482" t="также"><g v="PRCL"></g></l></v></tfr></token><token id="597322" text="вели"><tfr rev_id="1715454" t="вели"><v><l id="40584" t="велел"><g v="VERB"></g><g v="perf"></g><g v="intr"></g><g v="sing"></g><g v="impr"></g><g v="excl"></g></l></v><v><l id="40585" t="велю"><g v="VERB"></g><g v="impf"></g><g v="intr"></g><g v="sing"></g><g v="impr"></g><g v="excl"></g></l></v><v><l id="42110" t="веду"><g v="VERB"></g><g v="impf"></g><g v="tran"></g><g v="plur"></g><g v="past"></g><g v="indc"></g></l></v></tfr></token><token id="597323" text="General"><tfr rev_id="2474578" t="General"><v><l id="0" t="General"><g v="LATN"></g></l></v></tfr></token><token id="597324" text="Motors"><tfr rev_id="2474579" t="Motors"><v><l id="0" t="Motors"><g v="LATN"></g></l></v></tfr></token><token id="597325" text=","><tfr rev_id="1430395" t=","><v><l id="0" t=","><g v="PNCT"></g></l></v></tfr></token><token id="597326" text="FIAT"><tfr rev_id="2474580" t="FIAT"><v><l id="0" t="FIAT"><g v="LATN"></g></l></v></tfr></token><token id="597327" text="и"><tfr rev_id="3552086" t="и"><v><l id="116949" t="и"><g v="CONJ"></g></l></v></tfr></token><token id="597328" text="Magna"><tfr rev_id="2474581" t="Magna"><v><l id="0" t="Magna"><g v="LATN"></g></l></v></tfr></token><token id="597329" text="."><tfr rev_id="1430399" t="."><v><l id="0" t="."><g v="PNCT"></g></l></v></tfr></token></tokens></sentence><sentence id="33351"><source>Ожидалось, что будет выбран именно FIAT, так как итальянская компания не претендовала на акции завода, а предлагала продать платформу бюджетного автомобиля.</source><tokens><token id="597330" text="Ожидалось"><tfr rev_id="1430400" t="Ожидалось"><v><l id="203952" t="ожидаюсь"><g v="VERB"></g><g v="impf"></g><g v="intr"></g><g v="neut"></g><g v="sing"></g><g v="past"></g><g v="indc"></g></l></v></tfr></token><token id="597331" text=","><tfr rev_id="1430401" t=","><v><l id="0" t=","><g v="PNCT"></g></l></v></tfr></token><token id="597332" text="что"><tfr rev_id="3196775" t="что"><v><l id="377004" t="что"><g v="CONJ"></g></l></v><v><l id="377005" t="что"><g v="NPRO"></g><g v="neut"></g><g v="sing"></g><g v="nomn"></g></l></v><v><l id="377005" t="что"><g v="NPRO"></g><g v="neut"></g><g v="sing"></g><g v="accs"></g></l></v><v><l id="377006" t="что"><g v="ADVB"></g><g v="Ques"></g></l></v><v><l id="388695" t="что"><g v="PRCL"></g></l></v></tfr></token><token id="597333" text="будет"><tfr rev_id="1430403" t="будет"><v><l id="37265" t="есть"><g v="VERB"></g><g v="impf"></g><g v="intr"></g><g v="sing"></g><g v="3per"></g><g v="futr"></g><g v="indc"></g></l></v></tfr></token><token id="597334" text="выбран"><tfr rev_id="1430404" t="выбран"><v><l id="55797" t="выбран"><g v="PRTS"></g><g v="perf"></g><g v="past"></g><g v="pssv"></g><g v="masc"></g><g v="sing"></g></l></v></tfr></token><token id="597335" text="именно"><tfr rev_id="1430405" t="именно"><v><l id="121584" t="именно"><g v="PRCL"></g></l></v></tfr></token><token id="597336" text="FIAT"><tfr rev_id="2474582" t="FIAT"><v><l id="0" t="FIAT"><g v="LATN"></g></l></v></tfr></token><token id="597337" text=","><tfr rev_id="1430407" t=","><v><l id="0" t=","><g v="PNCT"></g></l></v></tfr></token><token id="597338" text="так"><tfr rev_id="1430408" t="так"><v><l id="342451" t="так"><g v="CONJ"></g></l></v><v><l id="342452" t="так"><g v="PRCL"></g></l></v><v><l id="342453" t="так"><g v="ADVB"></g><g v="Dmns"></g></l></v></tfr></token><token id="597339" text="как"><tfr rev_id="1430409" t="как"><v><l id="128190" t="как"><g v="CONJ"></g></l></v><v><l id="128191" t="как"><g v="PRCL"></g></l></v><v><l id="128192" t="как"><g v="ADVB"></g><g v="Ques"></g></l></v></tfr></token><token id="597340" text="итальянская"><tfr rev_id="1430410" t="итальянская"><v><l id="127104" t="итальянский"><g v="ADJF"></g><g v="femn"></g><g v="sing"></g><g v="nomn"></g></l></v></tfr></token><token id="597341" text="компания"><tfr rev_id="1430411" t="компания"><v><l id="137146" t="компания"><g v="NOUN"></g><g v="inan"></g><g v="femn"></g><g v="sing"></g><g v="nomn"></g></l></v></tfr></token><token id="597342" text="не"><tfr rev_id="1430412" t="не"><v><l id="178876" t="не"><g v="PRCL"></g></l></v></tfr></token><token id="597343" text="претендовала"><tfr rev_id="1430413" t="претендовала"><v><l id="268412" t="претендую"><g v="VERB"></g><g v="impf"></g><g v="intr"></g><g v="femn"></g><g v="sing"></g><g v="past"></g><g v="indc"></g></l></v></tfr></token><token id="597344" text="на"><tfr rev_id="3344556" t="на"><v><l id="166264" t="на"><g v="PREP"></g></l></v></tfr></token><token id="597345" text="акции"><tfr rev_id="3741435" t="акции"><v><l id="7961" t="акция"><g v="NOUN"></g><g v="inan"></g><g v="femn"></g><g v="plur"></g><g v="accs"></g></l></v></tfr></token><token id="597346" text="завода"><tfr rev_id="1430416" t="завода"><v><l id="99792" t="завод"><g v="NOUN"></g><g v="inan"></g><g v="masc"></g><g v="sing"></g><g v="gent"></g></l></v></tfr></token><token id="597347" text=","><tfr rev_id="1430417" t=","><v><l id="0" t=","><g v="PNCT"></g></l></v></tfr></token><token id="597348" text="а"><tfr rev_id="1430418" t="а"><v><l id="51" t="а"><g v="CONJ"></g></l></v><v><l id="52" t="а"><g v="INTJ"></g></l></v><v><l id="53" t="а"><g v="PRCL"></g></l></v></tfr></token><token id="597349" text="предлагала"><tfr rev_id="1430419" t="предлагала"><v><l id="266518" t="предлагаю"><g v="VERB"></g><g v="impf"></g><g v="tran"></g><g v="femn"></g><g v="sing"></g><g v="past"></g><g v="indc"></g></l></v></tfr></token><token id="597350" text="продать"><tfr rev_id="1430420" t="продать"><v><l id="278967" t="продать"><g v="INFN"></g><g v="perf"></g><g v="tran"></g></l></v></tfr></token><token id="597351" text="платформу"><tfr rev_id="1430421" t="платформу"><v><l id="240062" t="платформа"><g v="NOUN"></g><g v="inan"></g><g v="femn"></g><g v="sing"></g><g v="accs"></g></l></v></tfr></token><token id="597352" text="бюджетного"><tfr rev_id="4420437" t="бюджетного"><v><l id="37329" t="бюджетный"><g v="ADJF"></g><g v="Qual"></g><g v="masc"></g><g v="sing"></g><g v="gent"></g></l></v></tfr></token><token id="597353" text="автомобиля"><tfr rev_id="1430423" t="автомобиля"><v><l id="3266" t="автомобиль"><g v="NOUN"></g><g v="inan"></g><g v="masc"></g><g v="sing"></g><g v="gent"></g></l></v></tfr></token><token id="597354" text="."><tfr rev_id="1430424" t="."><v><l id="0" t="."><g v="PNCT"></g></l></v></tfr></token></tokens></sentence><sentence id="33352"><source>Почему был выбран именно Renault, пока не сообщается.</source><tokens><token id="597355" text="Почему"><tfr rev_id="1430425" t="Почему"><v><l id="264705" t="почему"><g v="ADVB"></g><g v="Ques"></g></l></v></tfr></token><token id="597356" text="был"><tfr rev_id="1430426" t="был"><v><l id="37265" t="есть"><g v="VERB"></g><g v="impf"></g><g v="intr"></g><g v="masc"></g><g v="sing"></g><g v="past"></g><g v="indc"></g></l></v></tfr></token><token id="597357" text="выбран"><tfr rev_id="1430427" t="выбран"><v><l id="55797" t="выбран"><g v="PRTS"></g><g v="perf"></g><g v="past"></g><g v="pssv"></g><g v="masc"></g><g v="sing"></g></l></v></tfr></token><token id="597358" text="именно"><tfr rev_id="1430428" t="именно"><v><l id="121584" t="именно"><g v="PRCL"></g></l></v></tfr></token><token id="597359" text="Renault"><tfr rev_id="2474583" t="Renault"><v><l id="0" t="Renault"><g v="LATN"></g></l></v></tfr></token><token id="597360" text=","><tfr rev_id="1430430" t=","><v><l id="0" t=","><g v="PNCT"></g></l></v></tfr></token><token id="597361" text="пока"><tfr rev_id="4485580" t="пока"><v><l id="253968" t="пока"><g v="ADVB"></g></l></v></tfr></token><token id="597362" text="не"><tfr rev_id="1430432" t="не"><v><l id="178876" t="не"><g v="PRCL"></g></l></v></tfr></token><token id="597363" text="сообщается"><tfr rev_id="1430433" t="сообщается"><v><l id="329545" t="сообщаюсь"><g v="VERB"></g><g v="impf"></g><g v="intr"></g><g v="sing"></g><g v="3per"></g><g v="pres"></g><g v="indc"></g></l></v></tfr></token><token id="597364" text="."><tfr rev_id="1430434" t="."><v><l id="0" t="."><g v="PNCT"></g></l></v></tfr></token></tokens></sentence></paragraph><paragraph id="10646"><sentence id="33353"><source>Также владелец «АвтоВАЗа», «Рособоронэкспорт», сообщает о намерении продать ещё 25 % акций одной из российских металлургических компаний.</source><tokens><token id="597365" text="Также"><tfr rev_id="4267702" t="Также"><v><l id="342482" t="также"><g v="PRCL"></g></l></v></tfr></token><token id="597366" text="владелец"><tfr rev_id="1430436" t="владелец"><v><l id="46517" t="владелец"><g v="NOUN"></g><g v="anim"></g><g v="masc"></g><g v="sing"></g><g v="nomn"></g></l></v></tfr></token><token id="597367" text="«"><tfr rev_id="2443456" t="«"><v><l id="0" t="«"><g v="PNCT"></g></l></v></tfr></token><token id="597368" text="АвтоВАЗа"><tfr rev_id="1430438" t="АвтоВАЗа"><v><l id="3031" t="автоваз"><g v="NOUN"></g><g v="inan"></g><g v="masc"></g><g v="Orgn"></g><g v="sing"></g><g v="gent"></g></l></v></tfr></token><token id="597369" text="»"><tfr rev_id="2443457" t="»"><v><l id="0" t="»"><g v="PNCT"></g></l></v></tfr></token><token id="597370" text=","><tfr rev_id="1430440" t=","><v><l id="0" t=","><g v="PNCT"></g></l></v></tfr></token><token id="597371" text="«"><tfr rev_id="2443458" t="«"><v><l id="0" t="«"><g v="PNCT"></g></l></v></tfr></token><token id="597372" text="Рособоронэкспорт"><tfr rev_id="1430442" t="Рособоронэкспорт"><v><l id="0" t="рособоронэкспорт"><g v="UNKN"></g></l></v></tfr></token><token id="597373" text="»"><tfr rev_id="2443459" t="»"><v><l id="0" t="»"><g v="PNCT"></g></l></v></tfr></token><token id="597374" text=","><tfr rev_id="1430444" t=","><v><l id="0" t=","><g v="PNCT"></g></l></v></tfr></token><token id="597375" text="сообщает"><tfr rev_id="1430445" t="сообщает"><v><l id="329538" t="сообщаю"><g v="VERB"></g><g v="impf"></g><g v="tran"></g><g v="sing"></g><g v="3per"></g><g v="pres"></g><g v="indc"></g></l></v></tfr></token><token id="597376" text="о"><tfr rev_id="3230783" t="о"><v><l id="192977" t="о"><g v="PREP"></g></l></v></tfr></token><token id="597377" text="намерении"><tfr rev_id="1430447" t="намерении"><v><l id="172446" t="намерение"><g v="NOUN"></g><g v="inan"></g><g v="neut"></g><g v="sing"></g><g v="loct"></g></l></v></tfr></token><token id="597378" text="продать"><tfr rev_id="1430448" t="продать"><v><l id="278967" t="продать"><g v="INFN"></g><g v="perf"></g><g v="tran"></g></l></v></tfr></token><token id="597379" text="ещё"><tfr rev_id="1430449" t="ещё"><v><l id="95551" t="ещё"><g v="PRCL"></g></l></v><v><l id="95552" t="ещё"><g v="ADVB"></g></l></v></tfr></token><token id="597380" text="25"><tfr rev_id="2461556" t="25"><v><l id="0" t="25"><g v="NUMB"></g></l></v></tfr></token><token id="597381" text="%"><tfr rev_id="2443460" t="%"><v><l id="0" t="%"><g v="PNCT"></g></l></v></tfr></token><token id="597382" text="акций"><tfr rev_id="1430452" t="акций"><v><l id="7961" t="акция"><g v="NOUN"></g><g v="inan"></g><g v="femn"></g><g v="plur"></g><g v="gent"></g></l></v></tfr></token><token id="597383" text="одной"><tfr rev_id="4302337" t="одной"><v><l id="203319" t="один"><g v="ADJF"></g><g v="Apro"></g><g v="Anum"></g><g v="femn"></g><g v="sing"></g><g v="gent"></g></l></v></tfr></token><token id="597384" text="из"><tfr rev_id="2601582" t="из"><v><l id="117677" t="из"><g v="PREP"></g></l></v></tfr></token><token id="597385" text="российских"><tfr rev_id="3945605" t="российских"><v><l id="309319" t="российский"><g v="ADJF"></g><g v="plur"></g><g v="gent"></g></l></v></tfr></token><token id="597386" text="металлургических"><tfr rev_id="3532593" t="металлургических"><v><l id="159021" t="металлургический"><g v="ADJF"></g><g v="plur"></g><g v="gent"></g></l></v></tfr></token><token id="597387" text="компаний"><tfr rev_id="1430457" t="компаний"><v><l id="137146" t="компания"><g v="NOUN"></g><g v="inan"></g><g v="femn"></g><g v="plur"></g><g v="gent"></g></l></v></tfr></token><token id="597388" text="."><tfr rev_id="1430458" t="."><v><l id="0" t="."><g v="PNCT"></g></l></v></tfr></token></tokens></sentence></paragraph></paragraphs></text>