<?xml version="1.0" encoding="utf-8"?><text id="111" parent="56" name="В Тунисе произошёл государственный переворот"><tags><tag>Дата:15/01</tag><tag>Год:2011</tag><tag>Автор:http://ru.wikinews.org/wiki/Участник:Artem Korzhimanov</tag><tag>Тема:ВикиКатегория:Политика</tag><tag>url:http://ru.wikinews.org/w/index.php?title=В_Тунисе_произошёл_государственный_переворот&amp;oldid=51150</tag><tag>Гео:ВикиКатегория:Тунис</tag></tags><paragraphs><paragraph id="2496"><sentence id="7890"><source>Президент Туниса Зин аль-Абидин бен Али, управлявший страной 23 года, бежал.</source><tokens><token id="151656" text="Президент"><tfr rev_id="986475" t="Президент"><v><l id="267449" t="президент"><g v="NOUN"></g><g v="anim"></g><g v="masc"></g><g v="sing"></g><g v="nomn"></g></l></v></tfr></token><token id="151657" text="Туниса"><tfr rev_id="986476" t="Туниса"><v><l id="351555" t="тунис"><g v="NOUN"></g><g v="inan"></g><g v="masc"></g><g v="Geox"></g><g v="sing"></g><g v="gent"></g></l></v></tfr></token><token id="151658" text="Зин"><tfr rev_id="4200166" t="Зин"><v><l id="0" t="Зин"><g v="UNKN"></g></l></v></tfr></token><token id="151659" text="аль-Абидин"><tfr rev_id="986478" t="аль-Абидин"><v><l id="0" t="аль-абидин"><g v="UNKN"></g></l></v></tfr></token><token id="151660" text="бен"><tfr rev_id="4317562" t="бен"><v><l id="390339" t="бен"><g v="PRCL"></g></l></v></tfr></token><token id="151661" text="Али"><tfr rev_id="4469751" t="Али"><v><l id="8885" t="али"><g v="NOUN"></g><g v="anim"></g><g v="masc"></g><g v="Fixd"></g><g v="Name"></g><g v="sing"></g><g v="nomn"></g></l></v><v><l id="8885" t="али"><g v="NOUN"></g><g v="anim"></g><g v="masc"></g><g v="Fixd"></g><g v="Name"></g><g v="sing"></g><g v="gent"></g></l></v><v><l id="8885" t="али"><g v="NOUN"></g><g v="anim"></g><g v="masc"></g><g v="Fixd"></g><g v="Name"></g><g v="sing"></g><g v="datv"></g></l></v><v><l id="8885" t="али"><g v="NOUN"></g><g v="anim"></g><g v="masc"></g><g v="Fixd"></g><g v="Name"></g><g v="sing"></g><g v="accs"></g></l></v><v><l id="8885" t="али"><g v="NOUN"></g><g v="anim"></g><g v="masc"></g><g v="Fixd"></g><g v="Name"></g><g v="sing"></g><g v="ablt"></g></l></v><v><l id="8885" t="али"><g v="NOUN"></g><g v="anim"></g><g v="masc"></g><g v="Fixd"></g><g v="Name"></g><g v="sing"></g><g v="loct"></g></l></v><v><l id="8885" t="али"><g v="NOUN"></g><g v="anim"></g><g v="masc"></g><g v="Fixd"></g><g v="Name"></g><g v="plur"></g><g v="nomn"></g></l></v><v><l id="8885" t="али"><g v="NOUN"></g><g v="anim"></g><g v="masc"></g><g v="Fixd"></g><g v="Name"></g><g v="plur"></g><g v="gent"></g></l></v><v><l id="8885" t="али"><g v="NOUN"></g><g v="anim"></g><g v="masc"></g><g v="Fixd"></g><g v="Name"></g><g v="plur"></g><g v="datv"></g></l></v><v><l id="8885" t="али"><g v="NOUN"></g><g v="anim"></g><g v="masc"></g><g v="Fixd"></g><g v="Name"></g><g v="plur"></g><g v="accs"></g></l></v><v><l id="8885" t="али"><g v="NOUN"></g><g v="anim"></g><g v="masc"></g><g v="Fixd"></g><g v="Name"></g><g v="plur"></g><g v="ablt"></g></l></v><v><l id="8885" t="али"><g v="NOUN"></g><g v="anim"></g><g v="masc"></g><g v="Fixd"></g><g v="Name"></g><g v="plur"></g><g v="loct"></g></l></v><v><l id="10958" t="аля"><g v="NOUN"></g><g v="anim"></g><g v="femn"></g><g v="Name"></g><g v="sing"></g><g v="gent"></g></l></v><v><l id="10958" t="аля"><g v="NOUN"></g><g v="anim"></g><g v="femn"></g><g v="Name"></g><g v="plur"></g><g v="nomn"></g></l></v></tfr></token><token id="151662" text=","><tfr rev_id="986481" t=","><v><l id="0" t=","><g v="PNCT"></g></l></v></tfr></token><token id="151663" text="управлявший"><tfr rev_id="986482" t="управлявший"><v><l id="359221" t="управлявший"><g v="PRTF"></g><g v="impf"></g><g v="intr"></g><g v="past"></g><g v="actv"></g><g v="masc"></g><g v="sing"></g><g v="nomn"></g></l></v><v><l id="359221" t="управлявший"><g v="PRTF"></g><g v="impf"></g><g v="intr"></g><g v="past"></g><g v="actv"></g><g v="inan"></g><g v="masc"></g><g v="sing"></g><g v="accs"></g></l></v></tfr></token><token id="151664" text="страной"><tfr rev_id="986483" t="страной"><v><l id="337100" t="страна"><g v="NOUN"></g><g v="inan"></g><g v="femn"></g><g v="sing"></g><g v="ablt"></g></l></v></tfr></token><token id="151665" text="23"><tfr rev_id="2456104" t="23"><v><l id="0" t="23"><g v="NUMB"></g></l></v></tfr></token><token id="151666" text="года"><tfr rev_id="3497822" t="года"><v><l id="72149" t="год"><g v="NOUN"></g><g v="inan"></g><g v="masc"></g><g v="sing"></g><g v="gen1"></g></l></v></tfr></token><token id="151667" text=","><tfr rev_id="986486" t=","><v><l id="0" t=","><g v="PNCT"></g></l></v></tfr></token><token id="151668" text="бежал"><tfr rev_id="986487" t="бежал"><v><l id="25453" t="бегу"><g v="VERB"></g><g v="impf"></g><g v="intr"></g><g v="masc"></g><g v="sing"></g><g v="past"></g><g v="indc"></g></l></v><v><l id="25458" t="бежал"><g v="VERB"></g><g v="perf"></g><g v="intr"></g><g v="masc"></g><g v="sing"></g><g v="past"></g><g v="indc"></g></l></v></tfr></token><token id="151669" text="."><tfr rev_id="986488" t="."><v><l id="0" t="."><g v="PNCT"></g></l></v></tfr></token></tokens></sentence><sentence id="7891"><source>Он покинул Тунис, где бушуют самые массовые за десятилетия протесты.</source><tokens><token id="151670" text="Он"><tfr rev_id="3574517" t="Он"><v><l id="206541" t="он"><g v="NPRO"></g><g v="masc"></g><g v="3per"></g><g v="Anph"></g><g v="sing"></g><g v="nomn"></g></l></v></tfr></token><token id="151671" text="покинул"><tfr rev_id="986490" t="покинул"><v><l id="254301" t="покинул"><g v="VERB"></g><g v="perf"></g><g v="tran"></g><g v="masc"></g><g v="sing"></g><g v="past"></g><g v="indc"></g></l></v></tfr></token><token id="151672" text="Тунис"><tfr rev_id="4104837" t="Тунис"><v><l id="351555" t="тунис"><g v="NOUN"></g><g v="inan"></g><g v="masc"></g><g v="Geox"></g><g v="sing"></g><g v="accs"></g></l></v></tfr></token><token id="151673" text=","><tfr rev_id="986492" t=","><v><l id="0" t=","><g v="PNCT"></g></l></v></tfr></token><token id="151674" text="где"><tfr rev_id="2636140" t="где"><v><l id="67984" t="где"><g v="ADVB"></g><g v="Ques"></g></l></v><v><l id="388669" t="где"><g v="CONJ"></g></l></v></tfr></token><token id="151675" text="бушуют"><tfr rev_id="986494" t="бушуют"><v><l id="36913" t="бушую"><g v="VERB"></g><g v="impf"></g><g v="intr"></g><g v="plur"></g><g v="3per"></g><g v="pres"></g><g v="indc"></g></l></v></tfr></token><token id="151676" text="самые"><tfr rev_id="3746878" t="самые"><v><l id="313174" t="самый"><g v="ADJF"></g><g v="Apro"></g><g v="plur"></g><g v="nomn"></g></l></v></tfr></token><token id="151677" text="массовые"><tfr rev_id="3751460" t="массовые"><v><l id="156047" t="массовый"><g v="ADJF"></g><g v="plur"></g><g v="nomn"></g></l></v></tfr></token><token id="151678" text="за"><tfr rev_id="986497" t="за"><v><l id="98043" t="за"><g v="PREP"></g></l></v></tfr></token><token id="151679" text="десятилетия"><tfr rev_id="3798181" t="десятилетия"><v><l id="82084" t="десятилетие"><g v="NOUN"></g><g v="inan"></g><g v="neut"></g><g v="plur"></g><g v="accs"></g></l></v></tfr></token><token id="151680" text="протесты"><tfr rev_id="3751761" t="протесты"><v><l id="285757" t="протест"><g v="NOUN"></g><g v="inan"></g><g v="masc"></g><g v="plur"></g><g v="nomn"></g></l></v></tfr></token><token id="151681" text="."><tfr rev_id="986500" t="."><v><l id="0" t="."><g v="PNCT"></g></l></v></tfr></token></tokens></sentence><sentence id="7892"><source>Тысячи тунисцев вышли на улицы.</source><tokens><token id="151682" text="Тысячи"><tfr rev_id="3741419" t="Тысячи"><v><l id="352230" t="тысяча"><g v="NOUN"></g><g v="inan"></g><g v="femn"></g><g v="plur"></g><g v="nomn"></g></l></v></tfr></token><token id="151683" text="тунисцев"><tfr rev_id="4202367" t="тунисцев"><v><l id="351556" t="тунисец"><g v="NOUN"></g><g v="anim"></g><g v="masc"></g><g v="plur"></g><g v="gent"></g></l></v></tfr></token><token id="151684" text="вышли"><tfr rev_id="986503" t="вышли"><v><l id="57749" t="вышел"><g v="VERB"></g><g v="perf"></g><g v="intr"></g><g v="plur"></g><g v="past"></g><g v="indc"></g></l></v><v><l id="61969" t="выслал"><g v="VERB"></g><g v="perf"></g><g v="tran"></g><g v="sing"></g><g v="impr"></g><g v="excl"></g></l></v></tfr></token><token id="151685" text="на"><tfr rev_id="3475819" t="на"><v><l id="166264" t="на"><g v="PREP"></g></l></v></tfr></token><token id="151686" text="улицы"><tfr rev_id="3795954" t="улицы"><v><l id="356890" t="улица"><g v="NOUN"></g><g v="inan"></g><g v="femn"></g><g v="plur"></g><g v="accs"></g></l></v></tfr></token><token id="151687" text="."><tfr rev_id="986506" t="."><v><l id="0" t="."><g v="PNCT"></g></l></v></tfr></token></tokens></sentence></paragraph><paragraph id="2497"><sentence id="7893"><source>Бен Али поднялся на борт самолета в пятницу вечером по местному времени.</source><tokens><token id="151688" text="Бен"><tfr rev_id="4454490" t="Бен"><v><l id="390339" t="бен"><g v="PRCL"></g></l></v></tfr></token><token id="151689" text="Али"><tfr rev_id="4488133" t="Али"><v><l id="8885" t="али"><g v="NOUN"></g><g v="anim"></g><g v="masc"></g><g v="Fixd"></g><g v="Name"></g><g v="sing"></g><g v="nomn"></g></l></v><v><l id="8885" t="али"><g v="NOUN"></g><g v="anim"></g><g v="masc"></g><g v="Fixd"></g><g v="Name"></g><g v="sing"></g><g v="gent"></g></l></v><v><l id="8885" t="али"><g v="NOUN"></g><g v="anim"></g><g v="masc"></g><g v="Fixd"></g><g v="Name"></g><g v="sing"></g><g v="datv"></g></l></v><v><l id="8885" t="али"><g v="NOUN"></g><g v="anim"></g><g v="masc"></g><g v="Fixd"></g><g v="Name"></g><g v="sing"></g><g v="accs"></g></l></v><v><l id="8885" t="али"><g v="NOUN"></g><g v="anim"></g><g v="masc"></g><g v="Fixd"></g><g v="Name"></g><g v="sing"></g><g v="ablt"></g></l></v><v><l id="8885" t="али"><g v="NOUN"></g><g v="anim"></g><g v="masc"></g><g v="Fixd"></g><g v="Name"></g><g v="sing"></g><g v="loct"></g></l></v><v><l id="10958" t="аля"><g v="NOUN"></g><g v="anim"></g><g v="femn"></g><g v="Name"></g><g v="sing"></g><g v="gent"></g></l></v></tfr></token><token id="151690" text="поднялся"><tfr rev_id="986509" t="поднялся"><v><l id="248252" t="поднялся"><g v="VERB"></g><g v="perf"></g><g v="intr"></g><g v="masc"></g><g v="sing"></g><g v="past"></g><g v="indc"></g></l></v></tfr></token><token id="151691" text="на"><tfr rev_id="3395087" t="на"><v><l id="166264" t="на"><g v="PREP"></g></l></v></tfr></token><token id="151692" text="борт"><tfr rev_id="3949315" t="борт"><v><l id="33039" t="борт"><g v="NOUN"></g><g v="inan"></g><g v="masc"></g><g v="sing"></g><g v="accs"></g></l></v></tfr></token><token id="151693" text="самолета"><tfr rev_id="986512" t="самолета"><v><l id="312513" t="самолёт"><g v="NOUN"></g><g v="inan"></g><g v="masc"></g><g v="sing"></g><g v="gent"></g></l></v></tfr></token><token id="151694" text="в"><tfr rev_id="986513" t="в"><v><l id="37409" t="в"><g v="PREP"></g></l></v></tfr></token><token id="151695" text="пятницу"><tfr rev_id="986514" t="пятницу"><v><l id="290408" t="пятница"><g v="NOUN"></g><g v="inan"></g><g v="femn"></g><g v="sing"></g><g v="accs"></g></l></v></tfr></token><token id="151696" text="вечером"><tfr rev_id="4256128" t="вечером"><v><l id="42391" t="вечером"><g v="ADVB"></g></l></v></tfr></token><token id="151697" text="по"><tfr rev_id="986516" t="по"><v><l id="241240" t="по"><g v="PREP"></g></l></v></tfr></token><token id="151698" text="местному"><tfr rev_id="3431217" t="местному"><v><l id="158819" t="местный"><g v="ADJF"></g><g v="Qual"></g><g v="neut"></g><g v="sing"></g><g v="datv"></g></l></v></tfr></token><token id="151699" text="времени"><tfr rev_id="3545599" t="времени"><v><l id="53149" t="время"><g v="NOUN"></g><g v="inan"></g><g v="neut"></g><g v="sing"></g><g v="datv"></g></l></v></tfr></token><token id="151700" text="."><tfr rev_id="986519" t="."><v><l id="0" t="."><g v="PNCT"></g></l></v></tfr></token></tokens></sentence><sentence id="7894"><source>Перед этим военные закрыли аэропорт.</source><tokens><token id="151701" text="Перед"><tfr rev_id="2503477" t="Перед"><v><l id="228071" t="перед"><g v="PREP"></g></l></v></tfr></token><token id="151702" text="этим"><tfr rev_id="3310515" t="этим"><v><l id="386575" t="это"><g v="NPRO"></g><g v="neut"></g><g v="sing"></g><g v="ablt"></g></l></v></tfr></token><token id="151703" text="военные"><tfr rev_id="4154513" t="военные"><v><l id="48618" t="военный"><g v="NOUN"></g><g v="anim"></g><g v="masc"></g><g v="plur"></g><g v="nomn"></g></l></v></tfr></token><token id="151704" text="закрыли"><tfr rev_id="986523" t="закрыли"><v><l id="104248" t="закрыл"><g v="VERB"></g><g v="perf"></g><g v="tran"></g><g v="plur"></g><g v="past"></g><g v="indc"></g></l></v></tfr></token><token id="151705" text="аэропорт"><tfr rev_id="4101505" t="аэропорт"><v><l id="21366" t="аэропорт"><g v="NOUN"></g><g v="inan"></g><g v="masc"></g><g v="sing"></g><g v="accs"></g></l></v></tfr></token><token id="151706" text="."><tfr rev_id="986525" t="."><v><l id="0" t="."><g v="PNCT"></g></l></v></tfr></token></tokens></sentence><sentence id="7895"><source>А потом и воздушное пространство Туниса.</source><tokens><token id="151707" text="А"><tfr rev_id="986526" t="А"><v><l id="51" t="а"><g v="CONJ"></g></l></v><v><l id="52" t="а"><g v="INTJ"></g></l></v><v><l id="53" t="а"><g v="PRCL"></g></l></v></tfr></token><token id="151708" text="потом"><tfr rev_id="4242640" t="потом"><v><l id="263319" t="потом"><g v="ADVB"></g></l></v></tfr></token><token id="151709" text="и"><tfr rev_id="3495385" t="и"><v><l id="116949" t="и"><g v="CONJ"></g></l></v></tfr></token><token id="151710" text="воздушное"><tfr rev_id="986529" t="воздушное"><v><l id="49213" t="воздушный"><g v="ADJF"></g><g v="Qual"></g><g v="neut"></g><g v="sing"></g><g v="nomn"></g></l></v><v><l id="49213" t="воздушный"><g v="ADJF"></g><g v="Qual"></g><g v="neut"></g><g v="sing"></g><g v="accs"></g></l></v></tfr></token><token id="151711" text="пространство"><tfr rev_id="4096869" t="пространство"><v><l id="285122" t="пространство"><g v="NOUN"></g><g v="inan"></g><g v="neut"></g><g v="sing"></g><g v="accs"></g></l></v></tfr></token><token id="151712" text="Туниса"><tfr rev_id="986531" t="Туниса"><v><l id="351555" t="тунис"><g v="NOUN"></g><g v="inan"></g><g v="masc"></g><g v="Geox"></g><g v="sing"></g><g v="gent"></g></l></v></tfr></token><token id="151713" text="."><tfr rev_id="986532" t="."><v><l id="0" t="."><g v="PNCT"></g></l></v></tfr></token></tokens></sentence></paragraph><paragraph id="2498"><sentence id="7896"><source>Президентский самолет совершил посадку в Джидде, как сообщают СМИ Саудовской Аравии.</source><tokens><token id="151714" text="Президентский"><tfr rev_id="986533" t="Президентский"><v><l id="267451" t="президентский"><g v="ADJF"></g><g v="masc"></g><g v="sing"></g><g v="nomn"></g></l></v><v><l id="267451" t="президентский"><g v="ADJF"></g><g v="inan"></g><g v="masc"></g><g v="sing"></g><g v="accs"></g></l></v></tfr></token><token id="151715" text="самолет"><tfr rev_id="986534" t="самолет"><v><l id="312513" t="самолёт"><g v="NOUN"></g><g v="inan"></g><g v="masc"></g><g v="sing"></g><g v="nomn"></g></l></v><v><l id="312513" t="самолёт"><g v="NOUN"></g><g v="inan"></g><g v="masc"></g><g v="sing"></g><g v="accs"></g></l></v></tfr></token><token id="151716" text="совершил"><tfr rev_id="986535" t="совершил"><v><l id="327924" t="совершил"><g v="VERB"></g><g v="perf"></g><g v="tran"></g><g v="masc"></g><g v="sing"></g><g v="past"></g><g v="indc"></g></l></v></tfr></token><token id="151717" text="посадку"><tfr rev_id="986536" t="посадку"><v><l id="261003" t="посадка"><g v="NOUN"></g><g v="inan"></g><g v="femn"></g><g v="sing"></g><g v="accs"></g></l></v></tfr></token><token id="151718" text="в"><tfr rev_id="986537" t="в"><v><l id="37409" t="в"><g v="PREP"></g></l></v></tfr></token><token id="151719" text="Джидде"><tfr rev_id="3447240" t="Джидде"><v><l id="82985" t="джидда"><g v="NOUN"></g><g v="inan"></g><g v="femn"></g><g v="Sgtm"></g><g v="Geox"></g><g v="sing"></g><g v="loct"></g></l></v></tfr></token><token id="151720" text=","><tfr rev_id="986539" t=","><v><l id="0" t=","><g v="PNCT"></g></l></v></tfr></token><token id="151721" text="как"><tfr rev_id="986540" t="как"><v><l id="128190" t="как"><g v="CONJ"></g></l></v><v><l id="128191" t="как"><g v="PRCL"></g></l></v><v><l id="128192" t="как"><g v="ADVB"></g><g v="Ques"></g></l></v></tfr></token><token id="151722" text="сообщают"><tfr rev_id="986541" t="сообщают"><v><l id="329538" t="сообщаю"><g v="VERB"></g><g v="impf"></g><g v="tran"></g><g v="plur"></g><g v="3per"></g><g v="pres"></g><g v="indc"></g></l></v></tfr></token><token id="151723" text="СМИ"><tfr rev_id="4489422" t="СМИ"><v><l id="326341" t="сми"><g v="NOUN"></g><g v="inan"></g><g v="GNdr"></g><g v="Pltm"></g><g v="Fixd"></g><g v="Abbr"></g><g v="plur"></g><g v="nomn"></g></l></v></tfr></token><token id="151724" text="Саудовской"><tfr rev_id="4315289" t="Саудовской"><v><l id="313887" t="саудовский"><g v="ADJF"></g><g v="femn"></g><g v="sing"></g><g v="gent"></g></l></v></tfr></token><token id="151725" text="Аравии"><tfr rev_id="2782147" t="Аравии"><v><l id="15636" t="аравия"><g v="NOUN"></g><g v="inan"></g><g v="femn"></g><g v="Sgtm"></g><g v="Geox"></g><g v="sing"></g><g v="gent"></g></l></v></tfr></token><token id="151726" text="."><tfr rev_id="986545" t="."><v><l id="0" t="."><g v="PNCT"></g></l></v></tfr></token></tokens></sentence><sentence id="7897"><source>Саудовская Аравия подтвердила в субботу утром, что Бен Али и его семья прибыли в королевство.</source><tokens><token id="151727" text="Саудовская"><tfr rev_id="986546" t="Саудовская"><v><l id="313887" t="саудовский"><g v="ADJF"></g><g v="femn"></g><g v="sing"></g><g v="nomn"></g></l></v></tfr></token><token id="151728" text="Аравия"><tfr rev_id="986547" t="Аравия"><v><l id="15636" t="аравия"><g v="NOUN"></g><g v="inan"></g><g v="femn"></g><g v="Sgtm"></g><g v="Geox"></g><g v="sing"></g><g v="nomn"></g></l></v></tfr></token><token id="151729" text="подтвердила"><tfr rev_id="986548" t="подтвердила"><v><l id="251437" t="подтвердил"><g v="VERB"></g><g v="perf"></g><g v="tran"></g><g v="femn"></g><g v="sing"></g><g v="past"></g><g v="indc"></g></l></v></tfr></token><token id="151730" text="в"><tfr rev_id="986549" t="в"><v><l id="37409" t="в"><g v="PREP"></g></l></v></tfr></token><token id="151731" text="субботу"><tfr rev_id="986550" t="субботу"><v><l id="338556" t="суббота"><g v="NOUN"></g><g v="inan"></g><g v="femn"></g><g v="sing"></g><g v="accs"></g></l></v></tfr></token><token id="151732" text="утром"><tfr rev_id="4151014" t="утром"><v><l id="362492" t="утром"><g v="ADVB"></g></l></v></tfr></token><token id="151733" text=","><tfr rev_id="986552" t=","><v><l id="0" t=","><g v="PNCT"></g></l></v></tfr></token><token id="151734" text="что"><tfr rev_id="3192392" t="что"><v><l id="377004" t="что"><g v="CONJ"></g></l></v><v><l id="377005" t="что"><g v="NPRO"></g><g v="neut"></g><g v="sing"></g><g v="nomn"></g></l></v><v><l id="377005" t="что"><g v="NPRO"></g><g v="neut"></g><g v="sing"></g><g v="accs"></g></l></v><v><l id="377006" t="что"><g v="ADVB"></g><g v="Ques"></g></l></v><v><l id="388695" t="что"><g v="PRCL"></g></l></v></tfr></token><token id="151735" text="Бен"><tfr rev_id="4454505" t="Бен"><v><l id="390339" t="бен"><g v="PRCL"></g></l></v></tfr></token><token id="151736" text="Али"><tfr rev_id="4469663" t="Али"><v><l id="8885" t="али"><g v="NOUN"></g><g v="anim"></g><g v="masc"></g><g v="Fixd"></g><g v="Name"></g><g v="sing"></g><g v="nomn"></g></l></v><v><l id="8885" t="али"><g v="NOUN"></g><g v="anim"></g><g v="masc"></g><g v="Fixd"></g><g v="Name"></g><g v="sing"></g><g v="gent"></g></l></v><v><l id="8885" t="али"><g v="NOUN"></g><g v="anim"></g><g v="masc"></g><g v="Fixd"></g><g v="Name"></g><g v="sing"></g><g v="datv"></g></l></v><v><l id="8885" t="али"><g v="NOUN"></g><g v="anim"></g><g v="masc"></g><g v="Fixd"></g><g v="Name"></g><g v="sing"></g><g v="accs"></g></l></v><v><l id="8885" t="али"><g v="NOUN"></g><g v="anim"></g><g v="masc"></g><g v="Fixd"></g><g v="Name"></g><g v="sing"></g><g v="ablt"></g></l></v><v><l id="8885" t="али"><g v="NOUN"></g><g v="anim"></g><g v="masc"></g><g v="Fixd"></g><g v="Name"></g><g v="sing"></g><g v="loct"></g></l></v><v><l id="8885" t="али"><g v="NOUN"></g><g v="anim"></g><g v="masc"></g><g v="Fixd"></g><g v="Name"></g><g v="plur"></g><g v="nomn"></g></l></v><v><l id="8885" t="али"><g v="NOUN"></g><g v="anim"></g><g v="masc"></g><g v="Fixd"></g><g v="Name"></g><g v="plur"></g><g v="gent"></g></l></v><v><l id="8885" t="али"><g v="NOUN"></g><g v="anim"></g><g v="masc"></g><g v="Fixd"></g><g v="Name"></g><g v="plur"></g><g v="datv"></g></l></v><v><l id="8885" t="али"><g v="NOUN"></g><g v="anim"></g><g v="masc"></g><g v="Fixd"></g><g v="Name"></g><g v="plur"></g><g v="accs"></g></l></v><v><l id="8885" t="али"><g v="NOUN"></g><g v="anim"></g><g v="masc"></g><g v="Fixd"></g><g v="Name"></g><g v="plur"></g><g v="ablt"></g></l></v><v><l id="8885" t="али"><g v="NOUN"></g><g v="anim"></g><g v="masc"></g><g v="Fixd"></g><g v="Name"></g><g v="plur"></g><g v="loct"></g></l></v><v><l id="10958" t="аля"><g v="NOUN"></g><g v="anim"></g><g v="femn"></g><g v="Name"></g><g v="sing"></g><g v="gent"></g></l></v><v><l id="10958" t="аля"><g v="NOUN"></g><g v="anim"></g><g v="femn"></g><g v="Name"></g><g v="plur"></g><g v="nomn"></g></l></v></tfr></token><token id="151737" text="и"><tfr rev_id="986556" t="и"><v><l id="116949" t="и"><g v="CONJ"></g></l></v><v><l id="116950" t="и"><g v="INTJ"></g></l></v></tfr></token><token id="151738" text="его"><tfr rev_id="4512909" t="его"><v><l id="94208" t="его"><g v="ADJF"></g><g v="Fixd"></g><g v="Apro"></g><g v="Anph"></g><g v="femn"></g><g v="sing"></g><g v="nomn"></g></l></v><v><l id="94208" t="его"><g v="ADJF"></g><g v="Fixd"></g><g v="Apro"></g><g v="Anph"></g><g v="femn"></g><g v="sing"></g><g v="gent"></g></l></v><v><l id="94208" t="его"><g v="ADJF"></g><g v="Fixd"></g><g v="Apro"></g><g v="Anph"></g><g v="femn"></g><g v="sing"></g><g v="datv"></g></l></v><v><l id="94208" t="его"><g v="ADJF"></g><g v="Fixd"></g><g v="Apro"></g><g v="Anph"></g><g v="femn"></g><g v="sing"></g><g v="accs"></g></l></v><v><l id="94208" t="его"><g v="ADJF"></g><g v="Fixd"></g><g v="Apro"></g><g v="Anph"></g><g v="femn"></g><g v="sing"></g><g v="ablt"></g></l></v><v><l id="94208" t="его"><g v="ADJF"></g><g v="Fixd"></g><g v="Apro"></g><g v="Anph"></g><g v="femn"></g><g v="sing"></g><g v="loct"></g></l></v></tfr></token><token id="151739" text="семья"><tfr rev_id="986558" t="семья"><v><l id="318660" t="семья"><g v="NOUN"></g><g v="inan"></g><g v="femn"></g><g v="sing"></g><g v="nomn"></g></l></v></tfr></token><token id="151740" text="прибыли"><tfr rev_id="1712512" t="прибыли"><v><l id="268969" t="прибыл"><g v="VERB"></g><g v="perf"></g><g v="intr"></g><g v="plur"></g><g v="past"></g><g v="indc"></g></l></v></tfr></token><token id="151741" text="в"><tfr rev_id="986560" t="в"><v><l id="37409" t="в"><g v="PREP"></g></l></v></tfr></token><token id="151742" text="королевство"><tfr rev_id="986561" t="королевство"><v><l id="139925" t="королевство"><g v="NOUN"></g><g v="inan"></g><g v="neut"></g><g v="sing"></g><g v="nomn"></g></l></v><v><l id="139925" t="королевство"><g v="NOUN"></g><g v="inan"></g><g v="neut"></g><g v="sing"></g><g v="accs"></g></l></v></tfr></token><token id="151743" text="."><tfr rev_id="986562" t="."><v><l id="0" t="."><g v="PNCT"></g></l></v></tfr></token></tokens></sentence></paragraph><paragraph id="2499"><sentence id="7898"><source>Власти Франции, некогда правившей Тунисом, как колонией, заявили, что не получали от бен Али запроса на предоставление убежища.</source><tokens><token id="151744" text="Власти"><tfr rev_id="3796334" t="Власти"><v><l id="46816" t="власть"><g v="NOUN"></g><g v="inan"></g><g v="femn"></g><g v="plur"></g><g v="nomn"></g></l></v></tfr></token><token id="151745" text="Франции"><tfr rev_id="3456876" t="Франции"><v><l id="368071" t="франция"><g v="NOUN"></g><g v="inan"></g><g v="femn"></g><g v="Sgtm"></g><g v="Geox"></g><g v="sing"></g><g v="gent"></g></l></v></tfr></token><token id="151746" text=","><tfr rev_id="986565" t=","><v><l id="0" t=","><g v="PNCT"></g></l></v></tfr></token><token id="151747" text="некогда"><tfr rev_id="4506783" t="некогда"><v><l id="183344" t="некогда"><g v="PRED"></g><g v="pres"></g></l></v><v><l id="390882" t="некогда"><g v="ADVB"></g></l></v></tfr></token><token id="151748" text="правившей"><tfr rev_id="2560938" t="правившей"><v><l id="265650" t="правивший"><g v="PRTF"></g><g v="impf"></g><g v="tran"></g><g v="past"></g><g v="actv"></g><g v="femn"></g><g v="sing"></g><g v="gent"></g></l></v><v><l id="265659" t="правивший"><g v="PRTF"></g><g v="impf"></g><g v="intr"></g><g v="past"></g><g v="actv"></g><g v="femn"></g><g v="sing"></g><g v="gent"></g></l></v></tfr></token><token id="151749" text="Тунисом"><tfr rev_id="986568" t="Тунисом"><v><l id="351555" t="тунис"><g v="NOUN"></g><g v="inan"></g><g v="masc"></g><g v="Geox"></g><g v="sing"></g><g v="ablt"></g></l></v></tfr></token><token id="151750" text=","><tfr rev_id="986569" t=","><v><l id="0" t=","><g v="PNCT"></g></l></v></tfr></token><token id="151751" text="как"><tfr rev_id="986570" t="как"><v><l id="128190" t="как"><g v="CONJ"></g></l></v><v><l id="128191" t="как"><g v="PRCL"></g></l></v><v><l id="128192" t="как"><g v="ADVB"></g><g v="Ques"></g></l></v></tfr></token><token id="151752" text="колонией"><tfr rev_id="986571" t="колонией"><v><l id="136278" t="колония"><g v="NOUN"></g><g v="inan"></g><g v="femn"></g><g v="sing"></g><g v="ablt"></g></l></v></tfr></token><token id="151753" text=","><tfr rev_id="986572" t=","><v><l id="0" t=","><g v="PNCT"></g></l></v></tfr></token><token id="151754" text="заявили"><tfr rev_id="986573" t="заявили"><v><l id="114300" t="заявил"><g v="VERB"></g><g v="perf"></g><g v="tran"></g><g v="plur"></g><g v="past"></g><g v="indc"></g></l></v></tfr></token><token id="151755" text=","><tfr rev_id="986574" t=","><v><l id="0" t=","><g v="PNCT"></g></l></v></tfr></token><token id="151756" text="что"><tfr rev_id="3192393" t="что"><v><l id="377004" t="что"><g v="CONJ"></g></l></v><v><l id="377005" t="что"><g v="NPRO"></g><g v="neut"></g><g v="sing"></g><g v="nomn"></g></l></v><v><l id="377005" t="что"><g v="NPRO"></g><g v="neut"></g><g v="sing"></g><g v="accs"></g></l></v><v><l id="377006" t="что"><g v="ADVB"></g><g v="Ques"></g></l></v><v><l id="388695" t="что"><g v="PRCL"></g></l></v></tfr></token><token id="151757" text="не"><tfr rev_id="986576" t="не"><v><l id="178876" t="не"><g v="PRCL"></g></l></v></tfr></token><token id="151758" text="получали"><tfr rev_id="986577" t="получали"><v><l id="256943" t="получаю"><g v="VERB"></g><g v="impf"></g><g v="tran"></g><g v="plur"></g><g v="past"></g><g v="indc"></g></l></v></tfr></token><token id="151759" text="от"><tfr rev_id="986578" t="от"><v><l id="211644" t="от"><g v="PREP"></g></l></v></tfr></token><token id="151760" text="бен"><tfr rev_id="4317563" t="бен"><v><l id="390339" t="бен"><g v="PRCL"></g></l></v></tfr></token><token id="151761" text="Али"><tfr rev_id="4469572" t="Али"><v><l id="8885" t="али"><g v="NOUN"></g><g v="anim"></g><g v="masc"></g><g v="Fixd"></g><g v="Name"></g><g v="sing"></g><g v="nomn"></g></l></v><v><l id="8885" t="али"><g v="NOUN"></g><g v="anim"></g><g v="masc"></g><g v="Fixd"></g><g v="Name"></g><g v="sing"></g><g v="gent"></g></l></v><v><l id="8885" t="али"><g v="NOUN"></g><g v="anim"></g><g v="masc"></g><g v="Fixd"></g><g v="Name"></g><g v="sing"></g><g v="datv"></g></l></v><v><l id="8885" t="али"><g v="NOUN"></g><g v="anim"></g><g v="masc"></g><g v="Fixd"></g><g v="Name"></g><g v="sing"></g><g v="accs"></g></l></v><v><l id="8885" t="али"><g v="NOUN"></g><g v="anim"></g><g v="masc"></g><g v="Fixd"></g><g v="Name"></g><g v="sing"></g><g v="ablt"></g></l></v><v><l id="8885" t="али"><g v="NOUN"></g><g v="anim"></g><g v="masc"></g><g v="Fixd"></g><g v="Name"></g><g v="sing"></g><g v="loct"></g></l></v><v><l id="8885" t="али"><g v="NOUN"></g><g v="anim"></g><g v="masc"></g><g v="Fixd"></g><g v="Name"></g><g v="plur"></g><g v="nomn"></g></l></v><v><l id="8885" t="али"><g v="NOUN"></g><g v="anim"></g><g v="masc"></g><g v="Fixd"></g><g v="Name"></g><g v="plur"></g><g v="gent"></g></l></v><v><l id="8885" t="али"><g v="NOUN"></g><g v="anim"></g><g v="masc"></g><g v="Fixd"></g><g v="Name"></g><g v="plur"></g><g v="datv"></g></l></v><v><l id="8885" t="али"><g v="NOUN"></g><g v="anim"></g><g v="masc"></g><g v="Fixd"></g><g v="Name"></g><g v="plur"></g><g v="accs"></g></l></v><v><l id="8885" t="али"><g v="NOUN"></g><g v="anim"></g><g v="masc"></g><g v="Fixd"></g><g v="Name"></g><g v="plur"></g><g v="ablt"></g></l></v><v><l id="8885" t="али"><g v="NOUN"></g><g v="anim"></g><g v="masc"></g><g v="Fixd"></g><g v="Name"></g><g v="plur"></g><g v="loct"></g></l></v><v><l id="10958" t="аля"><g v="NOUN"></g><g v="anim"></g><g v="femn"></g><g v="Name"></g><g v="sing"></g><g v="gent"></g></l></v><v><l id="10958" t="аля"><g v="NOUN"></g><g v="anim"></g><g v="femn"></g><g v="Name"></g><g v="plur"></g><g v="nomn"></g></l></v></tfr></token><token id="151762" text="запроса"><tfr rev_id="986581" t="запроса"><v><l id="108050" t="запрос"><g v="NOUN"></g><g v="inan"></g><g v="masc"></g><g v="sing"></g><g v="gent"></g></l></v></tfr></token><token id="151763" text="на"><tfr rev_id="3337999" t="на"><v><l id="166264" t="на"><g v="PREP"></g></l></v></tfr></token><token id="151764" text="предоставление"><tfr rev_id="3949350" t="предоставление"><v><l id="266670" t="предоставление"><g v="NOUN"></g><g v="inan"></g><g v="neut"></g><g v="sing"></g><g v="accs"></g></l></v></tfr></token><token id="151765" text="убежища"><tfr rev_id="3469568" t="убежища"><v><l id="352931" t="убежище"><g v="NOUN"></g><g v="inan"></g><g v="neut"></g><g v="sing"></g><g v="gent"></g></l></v></tfr></token><token id="151766" text="."><tfr rev_id="986585" t="."><v><l id="0" t="."><g v="PNCT"></g></l></v></tfr></token></tokens></sentence><sentence id="7899"><source>Министерство иностранных дел Франции подчеркивает, что власти будут консультироваться с новым правительством Туниса перед тем, как принять решение, если такой запрос поступит.</source><tokens><token id="151767" text="Министерство"><tfr rev_id="4214069" t="Министерство"><v><l id="160612" t="министерство"><g v="NOUN"></g><g v="inan"></g><g v="neut"></g><g v="sing"></g><g v="nomn"></g></l></v></tfr></token><token id="151768" text="иностранных"><tfr rev_id="4356767" t="иностранных"><v><l id="122754" t="иностранный"><g v="ADJF"></g><g v="plur"></g><g v="gent"></g></l></v></tfr></token><token id="151769" text="дел"><tfr rev_id="1712513" t="дел"><v><l id="80628" t="дело"><g v="NOUN"></g><g v="inan"></g><g v="neut"></g><g v="plur"></g><g v="gent"></g></l></v></tfr></token><token id="151770" text="Франции"><tfr rev_id="3455558" t="Франции"><v><l id="368071" t="франция"><g v="NOUN"></g><g v="inan"></g><g v="femn"></g><g v="Sgtm"></g><g v="Geox"></g><g v="sing"></g><g v="gent"></g></l></v></tfr></token><token id="151771" text="подчеркивает"><tfr rev_id="986590" t="подчеркивает"><v><l id="252293" t="подчёркиваю"><g v="VERB"></g><g v="impf"></g><g v="tran"></g><g v="sing"></g><g v="3per"></g><g v="pres"></g><g v="indc"></g></l></v></tfr></token><token id="151772" text=","><tfr rev_id="986591" t=","><v><l id="0" t=","><g v="PNCT"></g></l></v></tfr></token><token id="151773" text="что"><tfr rev_id="3192394" t="что"><v><l id="377004" t="что"><g v="CONJ"></g></l></v><v><l id="377005" t="что"><g v="NPRO"></g><g v="neut"></g><g v="sing"></g><g v="nomn"></g></l></v><v><l id="377005" t="что"><g v="NPRO"></g><g v="neut"></g><g v="sing"></g><g v="accs"></g></l></v><v><l id="377006" t="что"><g v="ADVB"></g><g v="Ques"></g></l></v><v><l id="388695" t="что"><g v="PRCL"></g></l></v></tfr></token><token id="151774" text="власти"><tfr rev_id="3799976" t="власти"><v><l id="46816" t="власть"><g v="NOUN"></g><g v="inan"></g><g v="femn"></g><g v="plur"></g><g v="nomn"></g></l></v></tfr></token><token id="151775" text="будут"><tfr rev_id="986594" t="будут"><v><l id="37265" t="есть"><g v="VERB"></g><g v="impf"></g><g v="intr"></g><g v="plur"></g><g v="3per"></g><g v="futr"></g><g v="indc"></g></l></v></tfr></token><token id="151776" text="консультироваться"><tfr rev_id="986595" t="консультироваться"><v><l id="138311" t="консультироваться"><g v="INFN"></g><g v="impf"></g><g v="intr"></g></l></v></tfr></token><token id="151777" text="с"><tfr rev_id="986596" t="с"><v><l id="311151" t="с"><g v="PREP"></g></l></v></tfr></token><token id="151778" text="новым"><tfr rev_id="4351322" t="новым"><v><l id="191918" t="новый"><g v="ADJF"></g><g v="Qual"></g><g v="neut"></g><g v="sing"></g><g v="ablt"></g></l></v></tfr></token><token id="151779" text="правительством"><tfr rev_id="986598" t="правительством"><v><l id="265638" t="правительство"><g v="NOUN"></g><g v="inan"></g><g v="neut"></g><g v="sing"></g><g v="ablt"></g></l></v></tfr></token><token id="151780" text="Туниса"><tfr rev_id="986599" t="Туниса"><v><l id="351555" t="тунис"><g v="NOUN"></g><g v="inan"></g><g v="masc"></g><g v="Geox"></g><g v="sing"></g><g v="gent"></g></l></v></tfr></token><token id="151781" text="перед"><tfr rev_id="2503406" t="перед"><v><l id="228071" t="перед"><g v="PREP"></g></l></v></tfr></token><token id="151782" text="тем"><tfr rev_id="4511324" t="тем"><v><l id="348430" t="тот"><g v="ADJF"></g><g v="Subx"></g><g v="Apro"></g><g v="Anph"></g><g v="masc"></g><g v="sing"></g><g v="ablt"></g></l></v><v><l id="348430" t="тот"><g v="ADJF"></g><g v="Subx"></g><g v="Apro"></g><g v="Anph"></g><g v="neut"></g><g v="sing"></g><g v="ablt"></g></l></v></tfr></token><token id="151783" text=","><tfr rev_id="986602" t=","><v><l id="0" t=","><g v="PNCT"></g></l></v></tfr></token><token id="151784" text="как"><tfr rev_id="986603" t="как"><v><l id="128190" t="как"><g v="CONJ"></g></l></v><v><l id="128191" t="как"><g v="PRCL"></g></l></v><v><l id="128192" t="как"><g v="ADVB"></g><g v="Ques"></g></l></v></tfr></token><token id="151785" text="принять"><tfr rev_id="986604" t="принять"><v><l id="272701" t="принять"><g v="INFN"></g><g v="perf"></g><g v="tran"></g></l></v></tfr></token><token id="151786" text="решение"><tfr rev_id="986605" t="решение"><v><l id="307350" t="решение"><g v="NOUN"></g><g v="inan"></g><g v="neut"></g><g v="sing"></g><g v="nomn"></g></l></v><v><l id="307350" t="решение"><g v="NOUN"></g><g v="inan"></g><g v="neut"></g><g v="sing"></g><g v="accs"></g></l></v></tfr></token><token id="151787" text=","><tfr rev_id="986606" t=","><v><l id="0" t=","><g v="PNCT"></g></l></v></tfr></token><token id="151788" text="если"><tfr rev_id="986607" t="если"><v><l id="95365" t="если"><g v="CONJ"></g></l></v></tfr></token><token id="151789" text="такой"><tfr rev_id="2367823" t="такой"><v><l id="342491" t="такой"><g v="ADJF"></g><g v="Apro"></g><g v="masc"></g><g v="sing"></g><g v="nomn"></g></l></v><v><l id="342491" t="такой"><g v="ADJF"></g><g v="Apro"></g><g v="inan"></g><g v="masc"></g><g v="sing"></g><g v="accs"></g></l></v></tfr></token><token id="151790" text="запрос"><tfr rev_id="3547691" t="запрос"><v><l id="108050" t="запрос"><g v="NOUN"></g><g v="inan"></g><g v="masc"></g><g v="sing"></g><g v="nomn"></g></l></v></tfr></token><token id="151791" text="поступит"><tfr rev_id="986610" t="поступит"><v><l id="262616" t="поступил"><g v="VERB"></g><g v="perf"></g><g v="intr"></g><g v="sing"></g><g v="3per"></g><g v="futr"></g><g v="indc"></g></l></v></tfr></token><token id="151792" text="."><tfr rev_id="986611" t="."><v><l id="0" t="."><g v="PNCT"></g></l></v></tfr></token></tokens></sentence></paragraph><paragraph id="2500"><sentence id="7900"><source>Перед тем, как уехать из Туниса, президент распустил правительство и объявил в стране чрезвычайное положение.</source><tokens><token id="151793" text="Перед"><tfr rev_id="2560596" t="Перед"><v><l id="228071" t="перед"><g v="PREP"></g></l></v></tfr></token><token id="151794" text="тем"><tfr rev_id="4504407" t="тем"><v><l id="348430" t="тот"><g v="ADJF"></g><g v="Subx"></g><g v="Apro"></g><g v="Anph"></g><g v="masc"></g><g v="sing"></g><g v="ablt"></g></l></v><v><l id="348430" t="тот"><g v="ADJF"></g><g v="Subx"></g><g v="Apro"></g><g v="Anph"></g><g v="neut"></g><g v="sing"></g><g v="ablt"></g></l></v></tfr></token><token id="151795" text=","><tfr rev_id="986614" t=","><v><l id="0" t=","><g v="PNCT"></g></l></v></tfr></token><token id="151796" text="как"><tfr rev_id="986615" t="как"><v><l id="128190" t="как"><g v="CONJ"></g></l></v><v><l id="128191" t="как"><g v="PRCL"></g></l></v><v><l id="128192" t="как"><g v="ADVB"></g><g v="Ques"></g></l></v></tfr></token><token id="151797" text="уехать"><tfr rev_id="986616" t="уехать"><v><l id="355417" t="уехать"><g v="INFN"></g><g v="perf"></g><g v="intr"></g></l></v></tfr></token><token id="151798" text="из"><tfr rev_id="2603712" t="из"><v><l id="117677" t="из"><g v="PREP"></g></l></v></tfr></token><token id="151799" text="Туниса"><tfr rev_id="986618" t="Туниса"><v><l id="351555" t="тунис"><g v="NOUN"></g><g v="inan"></g><g v="masc"></g><g v="Geox"></g><g v="sing"></g><g v="gent"></g></l></v></tfr></token><token id="151800" text=","><tfr rev_id="986619" t=","><v><l id="0" t=","><g v="PNCT"></g></l></v></tfr></token><token id="151801" text="президент"><tfr rev_id="986620" t="президент"><v><l id="267449" t="президент"><g v="NOUN"></g><g v="anim"></g><g v="masc"></g><g v="sing"></g><g v="nomn"></g></l></v></tfr></token><token id="151802" text="распустил"><tfr rev_id="986621" t="распустил"><v><l id="300503" t="распустил"><g v="VERB"></g><g v="perf"></g><g v="tran"></g><g v="masc"></g><g v="sing"></g><g v="past"></g><g v="indc"></g></l></v></tfr></token><token id="151803" text="правительство"><tfr rev_id="986622" t="правительство"><v><l id="265638" t="правительство"><g v="NOUN"></g><g v="inan"></g><g v="neut"></g><g v="sing"></g><g v="nomn"></g></l></v><v><l id="265638" t="правительство"><g v="NOUN"></g><g v="inan"></g><g v="neut"></g><g v="sing"></g><g v="accs"></g></l></v></tfr></token><token id="151804" text="и"><tfr rev_id="986623" t="и"><v><l id="116949" t="и"><g v="CONJ"></g></l></v><v><l id="116950" t="и"><g v="INTJ"></g></l></v></tfr></token><token id="151805" text="объявил"><tfr rev_id="986624" t="объявил"><v><l id="201891" t="объявил"><g v="VERB"></g><g v="perf"></g><g v="tran"></g><g v="masc"></g><g v="sing"></g><g v="past"></g><g v="indc"></g></l></v></tfr></token><token id="151806" text="в"><tfr rev_id="986625" t="в"><v><l id="37409" t="в"><g v="PREP"></g></l></v></tfr></token><token id="151807" text="стране"><tfr rev_id="3446886" t="стране"><v><l id="337100" t="страна"><g v="NOUN"></g><g v="inan"></g><g v="femn"></g><g v="sing"></g><g v="loct"></g></l></v></tfr></token><token id="151808" text="чрезвычайное"><tfr rev_id="986627" t="чрезвычайное"><v><l id="376974" t="чрезвычайный"><g v="ADJF"></g><g v="neut"></g><g v="sing"></g><g v="nomn"></g></l></v><v><l id="376974" t="чрезвычайный"><g v="ADJF"></g><g v="neut"></g><g v="sing"></g><g v="accs"></g></l></v></tfr></token><token id="151809" text="положение"><tfr rev_id="3949292" t="положение"><v><l id="256255" t="положение"><g v="NOUN"></g><g v="inan"></g><g v="neut"></g><g v="sing"></g><g v="accs"></g></l></v></tfr></token><token id="151810" text="."><tfr rev_id="986629" t="."><v><l id="0" t="."><g v="PNCT"></g></l></v></tfr></token></tokens></sentence><sentence id="7901"><source>Собрания и общественные мероприятия запрещены.</source><tokens><token id="151811" text="Собрания"><tfr rev_id="3796236" t="Собрания"><v><l id="327807" t="собрание"><g v="NOUN"></g><g v="inan"></g><g v="neut"></g><g v="plur"></g><g v="nomn"></g></l></v></tfr></token><token id="151812" text="и"><tfr rev_id="3696870" t="и"><v><l id="116949" t="и"><g v="CONJ"></g></l></v></tfr></token><token id="151813" text="общественные"><tfr rev_id="3795112" t="общественные"><v><l id="201612" t="общественный"><g v="ADJF"></g><g v="plur"></g><g v="nomn"></g></l></v></tfr></token><token id="151814" text="мероприятия"><tfr rev_id="3758212" t="мероприятия"><v><l id="158644" t="мероприятие"><g v="NOUN"></g><g v="inan"></g><g v="neut"></g><g v="plur"></g><g v="nomn"></g></l></v></tfr></token><token id="151815" text="запрещены"><tfr rev_id="986634" t="запрещены"><v><l id="107932" t="запрещён"><g v="PRTS"></g><g v="perf"></g><g v="past"></g><g v="pssv"></g><g v="plur"></g></l></v></tfr></token><token id="151816" text="."><tfr rev_id="986635" t="."><v><l id="0" t="."><g v="PNCT"></g></l></v></tfr></token></tokens></sentence><sentence id="7902"><source>Полиции разрешено открывать огонь на поражение.</source><tokens><token id="151817" text="Полиции"><tfr rev_id="4289025" t="Полиции"><v><l id="255975" t="полиция"><g v="NOUN"></g><g v="inan"></g><g v="femn"></g><g v="sing"></g><g v="datv"></g></l></v></tfr></token><token id="151818" text="разрешено"><tfr rev_id="986637" t="разрешено"><v><l id="296671" t="разрешён"><g v="PRTS"></g><g v="perf"></g><g v="past"></g><g v="pssv"></g><g v="neut"></g><g v="sing"></g></l></v></tfr></token><token id="151819" text="открывать"><tfr rev_id="986638" t="открывать"><v><l id="214733" t="открывать"><g v="INFN"></g><g v="impf"></g><g v="tran"></g></l></v></tfr></token><token id="151820" text="огонь"><tfr rev_id="4100328" t="огонь"><v><l id="202760" t="огонь"><g v="NOUN"></g><g v="inan"></g><g v="masc"></g><g v="sing"></g><g v="accs"></g></l></v></tfr></token><token id="151821" text="на"><tfr rev_id="3395135" t="на"><v><l id="166264" t="на"><g v="PREP"></g></l></v></tfr></token><token id="151822" text="поражение"><tfr rev_id="4214110" t="поражение"><v><l id="259943" t="поражение"><g v="NOUN"></g><g v="inan"></g><g v="neut"></g><g v="sing"></g><g v="accs"></g></l></v></tfr></token><token id="151823" text="."><tfr rev_id="986642" t="."><v><l id="0" t="."><g v="PNCT"></g></l></v></tfr></token></tokens></sentence></paragraph><paragraph id="2501"><sentence id="7903"><source>В ходе демонстраций погибли, по меньшей мере, 23 человека.</source><tokens><token id="151824" text="В"><tfr rev_id="986643" t="В"><v><l id="37409" t="в"><g v="PREP"></g></l></v></tfr></token><token id="151825" text="ходе"><tfr rev_id="986644" t="ходе"><v><l id="371078" t="ход"><g v="NOUN"></g><g v="inan"></g><g v="masc"></g><g v="sing"></g><g v="loc1"></g></l></v></tfr></token><token id="151826" text="демонстраций"><tfr rev_id="986645" t="демонстраций"><v><l id="81024" t="демонстрация"><g v="NOUN"></g><g v="inan"></g><g v="femn"></g><g v="plur"></g><g v="gent"></g></l></v></tfr></token><token id="151827" text="погибли"><tfr rev_id="986646" t="погибли"><v><l id="243191" t="погиб"><g v="VERB"></g><g v="perf"></g><g v="intr"></g><g v="plur"></g><g v="past"></g><g v="indc"></g></l></v></tfr></token><token id="151828" text=","><tfr rev_id="986647" t=","><v><l id="0" t=","><g v="PNCT"></g></l></v></tfr></token><token id="151829" text="по"><tfr rev_id="986648" t="по"><v><l id="241240" t="по"><g v="PREP"></g></l></v></tfr></token><token id="151830" text="меньшей"><tfr rev_id="4570803" t="меньшей"><v><l id="158428" t="меньший"><g v="ADJF"></g><g v="Supr"></g><g v="Qual"></g><g v="femn"></g><g v="sing"></g><g v="gent"></g></l></v><v><l id="158428" t="меньший"><g v="ADJF"></g><g v="Supr"></g><g v="Qual"></g><g v="femn"></g><g v="sing"></g><g v="datv"></g></l></v><v><l id="158428" t="меньший"><g v="ADJF"></g><g v="Supr"></g><g v="Qual"></g><g v="femn"></g><g v="sing"></g><g v="ablt"></g></l></v><v><l id="158428" t="меньший"><g v="ADJF"></g><g v="Supr"></g><g v="Qual"></g><g v="femn"></g><g v="sing"></g><g v="loct"></g></l></v><v><l id="158429" t="меньшее"><g v="COMP"></g><g v="V-ej"></g></l></v></tfr></token><token id="151831" text="мере"><tfr rev_id="3556246" t="мере"><v><l id="158460" t="мера"><g v="NOUN"></g><g v="inan"></g><g v="femn"></g><g v="sing"></g><g v="datv"></g></l></v><v><l id="158742" t="меря"><g v="NOUN"></g><g v="inan"></g><g v="femn"></g><g v="sing"></g><g v="datv"></g></l></v></tfr></token><token id="151832" text=","><tfr rev_id="986651" t=","><v><l id="0" t=","><g v="PNCT"></g></l></v></tfr></token><token id="151833" text="23"><tfr rev_id="2456105" t="23"><v><l id="0" t="23"><g v="NUMB"></g></l></v></tfr></token><token id="151834" text="человека"><tfr rev_id="4215448" t="человека"><v><l id="375073" t="человек"><g v="NOUN"></g><g v="anim"></g><g v="masc"></g><g v="sing"></g><g v="gent"></g></l></v></tfr></token><token id="151835" text="."><tfr rev_id="986654" t="."><v><l id="0" t="."><g v="PNCT"></g></l></v></tfr></token></tokens></sentence><sentence id="7904"><source>Беспорядки вспыхнули после самоубийства недавнего выпускника университета, который был вынужден заниматься торговлей.</source><tokens><token id="151836" text="Беспорядки"><tfr rev_id="3757268" t="Беспорядки"><v><l id="28482" t="беспорядок"><g v="NOUN"></g><g v="inan"></g><g v="masc"></g><g v="plur"></g><g v="nomn"></g></l></v></tfr></token><token id="151837" text="вспыхнули"><tfr rev_id="986656" t="вспыхнули"><v><l id="54373" t="вспыхнул"><g v="VERB"></g><g v="perf"></g><g v="intr"></g><g v="plur"></g><g v="past"></g><g v="indc"></g></l></v></tfr></token><token id="151838" text="после"><tfr rev_id="4406812" t="после"><v><l id="261542" t="после"><g v="PREP"></g></l></v></tfr></token><token id="151839" text="самоубийства"><tfr rev_id="3449731" t="самоубийства"><v><l id="312965" t="самоубийство"><g v="NOUN"></g><g v="inan"></g><g v="neut"></g><g v="sing"></g><g v="gent"></g></l></v></tfr></token><token id="151840" text="недавнего"><tfr rev_id="4419585" t="недавнего"><v><l id="180618" t="недавний"><g v="ADJF"></g><g v="Qual"></g><g v="masc"></g><g v="sing"></g><g v="gent"></g></l></v></tfr></token><token id="151841" text="выпускника"><tfr rev_id="2826761" t="выпускника"><v><l id="61010" t="выпускник"><g v="NOUN"></g><g v="anim"></g><g v="masc"></g><g v="sing"></g><g v="gent"></g></l></v></tfr></token><token id="151842" text="университета"><tfr rev_id="986661" t="университета"><v><l id="358281" t="университет"><g v="NOUN"></g><g v="inan"></g><g v="masc"></g><g v="sing"></g><g v="gent"></g></l></v></tfr></token><token id="151843" text=","><tfr rev_id="986662" t=","><v><l id="0" t=","><g v="PNCT"></g></l></v></tfr></token><token id="151844" text="который"><tfr rev_id="3636924" t="который"><v><l id="141203" t="который"><g v="ADJF"></g><g v="Apro"></g><g v="Subx"></g><g v="Anph"></g><g v="masc"></g><g v="sing"></g><g v="nomn"></g></l></v><v><l id="141203" t="который"><g v="ADJF"></g><g v="Apro"></g><g v="Subx"></g><g v="Anph"></g><g v="inan"></g><g v="masc"></g><g v="sing"></g><g v="accs"></g></l></v></tfr></token><token id="151845" text="был"><tfr rev_id="986664" t="был"><v><l id="37265" t="есть"><g v="VERB"></g><g v="impf"></g><g v="intr"></g><g v="masc"></g><g v="sing"></g><g v="past"></g><g v="indc"></g></l></v></tfr></token><token id="151846" text="вынужден"><tfr rev_id="986665" t="вынужден"><v><l id="59954" t="вынужден"><g v="PRTS"></g><g v="perf"></g><g v="past"></g><g v="pssv"></g><g v="masc"></g><g v="sing"></g></l></v><v><l id="59971" t="вынужден"><g v="ADJS"></g><g v="Qual"></g><g v="masc"></g><g v="sing"></g></l></v></tfr></token><token id="151847" text="заниматься"><tfr rev_id="986666" t="заниматься"><v><l id="106420" t="заниматься"><g v="INFN"></g><g v="impf"></g><g v="intr"></g></l></v></tfr></token><token id="151848" text="торговлей"><tfr rev_id="986667" t="торговлей"><v><l id="348035" t="торговля"><g v="NOUN"></g><g v="inan"></g><g v="femn"></g><g v="sing"></g><g v="ablt"></g></l></v></tfr></token><token id="151849" text="."><tfr rev_id="986668" t="."><v><l id="0" t="."><g v="PNCT"></g></l></v></tfr></token></tokens></sentence><sentence id="7905"><source>Он поджег себя после того, как полиция конфисковала его товары, заявив, что у него отсутствовало разрешение на торговлю.</source><tokens><token id="151850" text="Он"><tfr rev_id="3574518" t="Он"><v><l id="206541" t="он"><g v="NPRO"></g><g v="masc"></g><g v="3per"></g><g v="Anph"></g><g v="sing"></g><g v="nomn"></g></l></v></tfr></token><token id="151851" text="поджег"><tfr rev_id="986670" t="поджег"><v><l id="245636" t="поджёг"><g v="VERB"></g><g v="perf"></g><g v="tran"></g><g v="masc"></g><g v="sing"></g><g v="past"></g><g v="indc"></g></l></v></tfr></token><token id="151852" text="себя"><tfr rev_id="3634629" t="себя"><v><l id="317456" t="себя"><g v="NPRO"></g><g v="Anph"></g><g v="sing"></g><g v="accs"></g></l></v></tfr></token><token id="151853" text="после"><tfr rev_id="4403814" t="после"><v><l id="261542" t="после"><g v="PREP"></g></l></v></tfr></token><token id="151854" text="того"><tfr rev_id="4373863" t="того"><v><l id="348430" t="тот"><g v="ADJF"></g><g v="Subx"></g><g v="Apro"></g><g v="Anph"></g><g v="neut"></g><g v="sing"></g><g v="gent"></g></l></v></tfr></token><token id="151855" text=","><tfr rev_id="986674" t=","><v><l id="0" t=","><g v="PNCT"></g></l></v></tfr></token><token id="151856" text="как"><tfr rev_id="986675" t="как"><v><l id="128190" t="как"><g v="CONJ"></g></l></v><v><l id="128191" t="как"><g v="PRCL"></g></l></v><v><l id="128192" t="как"><g v="ADVB"></g><g v="Ques"></g></l></v></tfr></token><token id="151857" text="полиция"><tfr rev_id="986676" t="полиция"><v><l id="255975" t="полиция"><g v="NOUN"></g><g v="inan"></g><g v="femn"></g><g v="sing"></g><g v="nomn"></g></l></v></tfr></token><token id="151858" text="конфисковала"><tfr rev_id="986677" t="конфисковала"><v><l id="138816" t="конфисковал"><g v="VERB"></g><g v="perf"></g><g v="tran"></g><g v="femn"></g><g v="sing"></g><g v="past"></g><g v="indc"></g></l></v><v><l id="138817" t="конфискую"><g v="VERB"></g><g v="impf"></g><g v="tran"></g><g v="femn"></g><g v="sing"></g><g v="past"></g><g v="indc"></g></l></v></tfr></token><token id="151859" text="его"><tfr rev_id="4478573" t="его"><v><l id="94208" t="его"><g v="ADJF"></g><g v="Fixd"></g><g v="Apro"></g><g v="Anph"></g><g v="plur"></g><g v="nomn"></g></l></v><v><l id="94208" t="его"><g v="ADJF"></g><g v="Fixd"></g><g v="Apro"></g><g v="Anph"></g><g v="plur"></g><g v="gent"></g></l></v><v><l id="94208" t="его"><g v="ADJF"></g><g v="Fixd"></g><g v="Apro"></g><g v="Anph"></g><g v="plur"></g><g v="datv"></g></l></v><v><l id="94208" t="его"><g v="ADJF"></g><g v="Fixd"></g><g v="Apro"></g><g v="Anph"></g><g v="plur"></g><g v="accs"></g></l></v><v><l id="94208" t="его"><g v="ADJF"></g><g v="Fixd"></g><g v="Apro"></g><g v="Anph"></g><g v="plur"></g><g v="ablt"></g></l></v><v><l id="94208" t="его"><g v="ADJF"></g><g v="Fixd"></g><g v="Apro"></g><g v="Anph"></g><g v="plur"></g><g v="loct"></g></l></v></tfr></token><token id="151860" text="товары"><tfr rev_id="2757062" t="товары"><v><l id="346863" t="товар"><g v="NOUN"></g><g v="inan"></g><g v="masc"></g><g v="plur"></g><g v="accs"></g></l></v></tfr></token><token id="151861" text=","><tfr rev_id="986680" t=","><v><l id="0" t=","><g v="PNCT"></g></l></v></tfr></token><token id="151862" text="заявив"><tfr rev_id="986681" t="заявив"><v><l id="114305" t="заявив"><g v="GRND"></g><g v="perf"></g><g v="tran"></g><g v="past"></g></l></v></tfr></token><token id="151863" text=","><tfr rev_id="986682" t=","><v><l id="0" t=","><g v="PNCT"></g></l></v></tfr></token><token id="151864" text="что"><tfr rev_id="3192395" t="что"><v><l id="377004" t="что"><g v="CONJ"></g></l></v><v><l id="377005" t="что"><g v="NPRO"></g><g v="neut"></g><g v="sing"></g><g v="nomn"></g></l></v><v><l id="377005" t="что"><g v="NPRO"></g><g v="neut"></g><g v="sing"></g><g v="accs"></g></l></v><v><l id="377006" t="что"><g v="ADVB"></g><g v="Ques"></g></l></v><v><l id="388695" t="что"><g v="PRCL"></g></l></v></tfr></token><token id="151865" text="у"><tfr rev_id="3332781" t="у"><v><l id="352818" t="у"><g v="PREP"></g></l></v></tfr></token><token id="151866" text="него"><tfr rev_id="4528008" t="него"><v><l id="206541" t="он"><g v="NPRO"></g><g v="masc"></g><g v="3per"></g><g v="Anph"></g><g v="sing"></g><g v="gent"></g><g v="Af-p"></g></l></v><v><l id="206649" t="оно"><g v="NPRO"></g><g v="neut"></g><g v="3per"></g><g v="Anph"></g><g v="sing"></g><g v="gent"></g><g v="Af-p"></g></l></v></tfr></token><token id="151867" text="отсутствовало"><tfr rev_id="986686" t="отсутствовало"><v><l id="218693" t="отсутствую"><g v="VERB"></g><g v="impf"></g><g v="intr"></g><g v="neut"></g><g v="sing"></g><g v="past"></g><g v="indc"></g></l></v></tfr></token><token id="151868" text="разрешение"><tfr rev_id="4348429" t="разрешение"><v><l id="296652" t="разрешение"><g v="NOUN"></g><g v="inan"></g><g v="neut"></g><g v="sing"></g><g v="nomn"></g></l></v></tfr></token><token id="151869" text="на"><tfr rev_id="3340373" t="на"><v><l id="166264" t="на"><g v="PREP"></g></l></v></tfr></token><token id="151870" text="торговлю"><tfr rev_id="986689" t="торговлю"><v><l id="348035" t="торговля"><g v="NOUN"></g><g v="inan"></g><g v="femn"></g><g v="sing"></g><g v="accs"></g></l></v></tfr></token><token id="151871" text="."><tfr rev_id="986690" t="."><v><l id="0" t="."><g v="PNCT"></g></l></v></tfr></token></tokens></sentence><sentence id="7906"><source>Многие недовольные требовали отстранить бен Али от власти.</source><tokens><token id="151872" text="Многие"><tfr rev_id="3945792" t="Многие"><v><l id="161427" t="многий"><g v="ADJF"></g><g v="Apro"></g><g v="plur"></g><g v="nomn"></g></l></v><v><l id="161427" t="многий"><g v="ADJF"></g><g v="Apro"></g><g v="inan"></g><g v="plur"></g><g v="accs"></g></l></v></tfr></token><token id="151873" text="недовольные"><tfr rev_id="3814136" t="недовольные"><v><l id="180936" t="недовольный"><g v="ADJF"></g><g v="Qual"></g><g v="plur"></g><g v="nomn"></g></l></v></tfr></token><token id="151874" text="требовали"><tfr rev_id="986693" t="требовали"><v><l id="349467" t="требую"><g v="VERB"></g><g v="impf"></g><g v="tran"></g><g v="plur"></g><g v="past"></g><g v="indc"></g></l></v></tfr></token><token id="151875" text="отстранить"><tfr rev_id="986694" t="отстранить"><v><l id="218463" t="отстранить"><g v="INFN"></g><g v="perf"></g><g v="tran"></g></l></v></tfr></token><token id="151876" text="бен"><tfr rev_id="4469699" t="бен"><v><l id="390339" t="бен"><g v="PRCL"></g></l></v></tfr></token><token id="151877" text="Али"><tfr rev_id="4484581" t="Али"><v><l id="8885" t="али"><g v="NOUN"></g><g v="anim"></g><g v="masc"></g><g v="Fixd"></g><g v="Name"></g><g v="sing"></g><g v="nomn"></g></l></v><v><l id="8885" t="али"><g v="NOUN"></g><g v="anim"></g><g v="masc"></g><g v="Fixd"></g><g v="Name"></g><g v="sing"></g><g v="gent"></g></l></v><v><l id="8885" t="али"><g v="NOUN"></g><g v="anim"></g><g v="masc"></g><g v="Fixd"></g><g v="Name"></g><g v="sing"></g><g v="datv"></g></l></v><v><l id="8885" t="али"><g v="NOUN"></g><g v="anim"></g><g v="masc"></g><g v="Fixd"></g><g v="Name"></g><g v="sing"></g><g v="accs"></g></l></v><v><l id="8885" t="али"><g v="NOUN"></g><g v="anim"></g><g v="masc"></g><g v="Fixd"></g><g v="Name"></g><g v="sing"></g><g v="ablt"></g></l></v><v><l id="8885" t="али"><g v="NOUN"></g><g v="anim"></g><g v="masc"></g><g v="Fixd"></g><g v="Name"></g><g v="sing"></g><g v="loct"></g></l></v><v><l id="8885" t="али"><g v="NOUN"></g><g v="anim"></g><g v="masc"></g><g v="Fixd"></g><g v="Name"></g><g v="plur"></g><g v="nomn"></g></l></v><v><l id="8885" t="али"><g v="NOUN"></g><g v="anim"></g><g v="masc"></g><g v="Fixd"></g><g v="Name"></g><g v="plur"></g><g v="gent"></g></l></v><v><l id="8885" t="али"><g v="NOUN"></g><g v="anim"></g><g v="masc"></g><g v="Fixd"></g><g v="Name"></g><g v="plur"></g><g v="datv"></g></l></v><v><l id="8885" t="али"><g v="NOUN"></g><g v="anim"></g><g v="masc"></g><g v="Fixd"></g><g v="Name"></g><g v="plur"></g><g v="accs"></g></l></v><v><l id="8885" t="али"><g v="NOUN"></g><g v="anim"></g><g v="masc"></g><g v="Fixd"></g><g v="Name"></g><g v="plur"></g><g v="ablt"></g></l></v><v><l id="8885" t="али"><g v="NOUN"></g><g v="anim"></g><g v="masc"></g><g v="Fixd"></g><g v="Name"></g><g v="plur"></g><g v="loct"></g></l></v></tfr></token><token id="151878" text="от"><tfr rev_id="986697" t="от"><v><l id="211644" t="от"><g v="PREP"></g></l></v></tfr></token><token id="151879" text="власти"><tfr rev_id="4289026" t="власти"><v><l id="46816" t="власть"><g v="NOUN"></g><g v="inan"></g><g v="femn"></g><g v="sing"></g><g v="gent"></g></l></v></tfr></token><token id="151880" text="."><tfr rev_id="986699" t="."><v><l id="0" t="."><g v="PNCT"></g></l></v></tfr></token></tokens></sentence><sentence id="7907"><source>В столице полиция применяла слезоточивый газ и дубинки.</source><tokens><token id="151881" text="В"><tfr rev_id="986700" t="В"><v><l id="37409" t="в"><g v="PREP"></g></l></v></tfr></token><token id="151882" text="столице"><tfr rev_id="3447096" t="столице"><v><l id="336588" t="столица"><g v="NOUN"></g><g v="inan"></g><g v="femn"></g><g v="sing"></g><g v="loct"></g></l></v></tfr></token><token id="151883" text="полиция"><tfr rev_id="986702" t="полиция"><v><l id="255975" t="полиция"><g v="NOUN"></g><g v="inan"></g><g v="femn"></g><g v="sing"></g><g v="nomn"></g></l></v></tfr></token><token id="151884" text="применяла"><tfr rev_id="986703" t="применяла"><v><l id="271963" t="применяю"><g v="VERB"></g><g v="impf"></g><g v="tran"></g><g v="femn"></g><g v="sing"></g><g v="past"></g><g v="indc"></g></l></v></tfr></token><token id="151885" text="слезоточивый"><tfr rev_id="986704" t="слезоточивый"><v><l id="324807" t="слезоточивый"><g v="ADJF"></g><g v="masc"></g><g v="sing"></g><g v="nomn"></g></l></v><v><l id="324807" t="слезоточивый"><g v="ADJF"></g><g v="inan"></g><g v="masc"></g><g v="sing"></g><g v="accs"></g></l></v></tfr></token><token id="151886" text="газ"><tfr rev_id="986705" t="газ"><v><l id="65788" t="газ"><g v="NOUN"></g><g v="inan"></g><g v="masc"></g><g v="sing"></g><g v="nomn"></g></l></v><v><l id="65788" t="газ"><g v="NOUN"></g><g v="inan"></g><g v="masc"></g><g v="sing"></g><g v="accs"></g></l></v></tfr></token><token id="151887" text="и"><tfr rev_id="4082220" t="и"><v><l id="116949" t="и"><g v="CONJ"></g></l></v></tfr></token><token id="151888" text="дубинки"><tfr rev_id="3726975" t="дубинки"><v><l id="92608" t="дубинка"><g v="NOUN"></g><g v="inan"></g><g v="femn"></g><g v="plur"></g><g v="accs"></g></l></v></tfr></token><token id="151889" text="."><tfr rev_id="986708" t="."><v><l id="0" t="."><g v="PNCT"></g></l></v></tfr></token></tokens></sentence><sentence id="7908"><source>Очевидцы утверждают, что слышали выстрелы в районе Министерства внутренних дел.</source><tokens><token id="151890" text="Очевидцы"><tfr rev_id="986709" t="Очевидцы"><v><l id="221647" t="очевидец"><g v="NOUN"></g><g v="anim"></g><g v="masc"></g><g v="plur"></g><g v="nomn"></g></l></v></tfr></token><token id="151891" text="утверждают"><tfr rev_id="986710" t="утверждают"><v><l id="361706" t="утверждаю"><g v="VERB"></g><g v="impf"></g><g v="tran"></g><g v="plur"></g><g v="3per"></g><g v="pres"></g><g v="indc"></g></l></v><v><l id="361713" t="утверждаю"><g v="VERB"></g><g v="impf"></g><g v="intr"></g><g v="plur"></g><g v="3per"></g><g v="pres"></g><g v="indc"></g></l></v></tfr></token><token id="151892" text=","><tfr rev_id="986711" t=","><v><l id="0" t=","><g v="PNCT"></g></l></v></tfr></token><token id="151893" text="что"><tfr rev_id="3192396" t="что"><v><l id="377004" t="что"><g v="CONJ"></g></l></v><v><l id="377005" t="что"><g v="NPRO"></g><g v="neut"></g><g v="sing"></g><g v="nomn"></g></l></v><v><l id="377005" t="что"><g v="NPRO"></g><g v="neut"></g><g v="sing"></g><g v="accs"></g></l></v><v><l id="377006" t="что"><g v="ADVB"></g><g v="Ques"></g></l></v><v><l id="388695" t="что"><g v="PRCL"></g></l></v></tfr></token><token id="151894" text="слышали"><tfr rev_id="986713" t="слышали"><v><l id="325563" t="слышу"><g v="VERB"></g><g v="impf"></g><g v="tran"></g><g v="plur"></g><g v="past"></g><g v="indc"></g></l></v></tfr></token><token id="151895" text="выстрелы"><tfr rev_id="3727234" t="выстрелы"><v><l id="62743" t="выстрел"><g v="NOUN"></g><g v="inan"></g><g v="masc"></g><g v="plur"></g><g v="accs"></g></l></v></tfr></token><token id="151896" text="в"><tfr rev_id="986715" t="в"><v><l id="37409" t="в"><g v="PREP"></g></l></v></tfr></token><token id="151897" text="районе"><tfr rev_id="986716" t="районе"><v><l id="297595" t="район"><g v="NOUN"></g><g v="inan"></g><g v="masc"></g><g v="sing"></g><g v="loct"></g></l></v></tfr></token><token id="151898" text="Министерства"><tfr rev_id="3490236" t="Министерства"><v><l id="160612" t="министерство"><g v="NOUN"></g><g v="inan"></g><g v="neut"></g><g v="sing"></g><g v="gent"></g></l></v></tfr></token><token id="151899" text="внутренних"><tfr rev_id="3666587" t="внутренних"><v><l id="47664" t="внутренний"><g v="ADJF"></g><g v="plur"></g><g v="gent"></g></l></v></tfr></token><token id="151900" text="дел"><tfr rev_id="1712514" t="дел"><v><l id="80628" t="дело"><g v="NOUN"></g><g v="inan"></g><g v="neut"></g><g v="plur"></g><g v="gent"></g></l></v></tfr></token><token id="151901" text="."><tfr rev_id="986720" t="."><v><l id="0" t="."><g v="PNCT"></g></l></v></tfr></token></tokens></sentence><sentence id="7909"><source>По официальным сведениям, в результате пожара в тюрьме города Монастир к югу от столицы погибло 42 человека.</source><tokens><token id="151902" text="По"><tfr rev_id="986721" t="По"><v><l id="241240" t="по"><g v="PREP"></g></l></v></tfr></token><token id="151903" text="официальным"><tfr rev_id="2627268" t="официальным"><v><l id="220939" t="официальный"><g v="ADJF"></g><g v="plur"></g><g v="datv"></g></l></v></tfr></token><token id="151904" text="сведениям"><tfr rev_id="986723" t="сведениям"><v><l id="314794" t="сведение"><g v="NOUN"></g><g v="inan"></g><g v="neut"></g><g v="plur"></g><g v="datv"></g></l></v><v><l id="314795" t="сведение"><g v="NOUN"></g><g v="inan"></g><g v="neut"></g><g v="plur"></g><g v="datv"></g></l></v></tfr></token><token id="151905" text=","><tfr rev_id="986724" t=","><v><l id="0" t=","><g v="PNCT"></g></l></v></tfr></token><token id="151906" text="в"><tfr rev_id="986725" t="в"><v><l id="37409" t="в"><g v="PREP"></g></l></v></tfr></token><token id="151907" text="результате"><tfr rev_id="986726" t="результате"><v><l id="305391" t="результат"><g v="NOUN"></g><g v="inan"></g><g v="masc"></g><g v="sing"></g><g v="loct"></g></l></v></tfr></token><token id="151908" text="пожара"><tfr rev_id="986727" t="пожара"><v><l id="253036" t="пожар"><g v="NOUN"></g><g v="inan"></g><g v="masc"></g><g v="sing"></g><g v="gent"></g></l></v></tfr></token><token id="151909" text="в"><tfr rev_id="986728" t="в"><v><l id="37409" t="в"><g v="PREP"></g></l></v></tfr></token><token id="151910" text="тюрьме"><tfr rev_id="1718682" t="тюрьме"><v><l id="352528" t="тюрьма"><g v="NOUN"></g><g v="inan"></g><g v="femn"></g><g v="sing"></g><g v="loct"></g></l></v></tfr></token><token id="151911" text="города"><tfr rev_id="3438869" t="города"><v><l id="73547" t="город"><g v="NOUN"></g><g v="inan"></g><g v="masc"></g><g v="sing"></g><g v="gent"></g></l></v></tfr></token><token id="151912" text="Монастир"><tfr rev_id="986731" t="Монастир"><v><l id="0" t="монастир"><g v="UNKN"></g></l></v></tfr></token><token id="151913" text="к"><tfr rev_id="986732" t="к"><v><l id="127460" t="к"><g v="PREP"></g></l></v></tfr></token><token id="151914" text="югу"><tfr rev_id="986733" t="югу"><v><l id="386779" t="юг"><g v="NOUN"></g><g v="inan"></g><g v="masc"></g><g v="sing"></g><g v="datv"></g></l></v></tfr></token><token id="151915" text="от"><tfr rev_id="986734" t="от"><v><l id="211644" t="от"><g v="PREP"></g></l></v></tfr></token><token id="151916" text="столицы"><tfr rev_id="3494903" t="столицы"><v><l id="336588" t="столица"><g v="NOUN"></g><g v="inan"></g><g v="femn"></g><g v="sing"></g><g v="gent"></g></l></v></tfr></token><token id="151917" text="погибло"><tfr rev_id="986736" t="погибло"><v><l id="243191" t="погиб"><g v="VERB"></g><g v="perf"></g><g v="intr"></g><g v="neut"></g><g v="sing"></g><g v="past"></g><g v="indc"></g></l></v></tfr></token><token id="151918" text="42"><tfr rev_id="2456106" t="42"><v><l id="0" t="42"><g v="NUMB"></g></l></v></tfr></token><token id="151919" text="человека"><tfr rev_id="4461891" t="человека"><v><l id="375073" t="человек"><g v="NOUN"></g><g v="anim"></g><g v="masc"></g><g v="sing"></g><g v="gent"></g></l></v></tfr></token><token id="151920" text="."><tfr rev_id="986739" t="."><v><l id="0" t="."><g v="PNCT"></g></l></v></tfr></token></tokens></sentence></paragraph><paragraph id="2502"><sentence id="7910"><source>Сперва премьер-министр Мохаммед аль-Гануши заявил, что временно исполнять обязанности президента будет он.</source><tokens><token id="151921" text="Сперва"><tfr rev_id="986740" t="Сперва"><v><l id="331754" t="сперва"><g v="ADVB"></g></l></v></tfr></token><token id="151922" text="премьер-министр"><tfr rev_id="986741" t="премьер-министр"><v><l id="267776" t="премьер-министр"><g v="NOUN"></g><g v="anim"></g><g v="masc"></g><g v="sing"></g><g v="nomn"></g></l></v></tfr></token><token id="151923" text="Мохаммед"><tfr rev_id="986742" t="Мохаммед"><v><l id="164340" t="мохаммед"><g v="NOUN"></g><g v="anim"></g><g v="masc"></g><g v="Name"></g><g v="sing"></g><g v="nomn"></g></l></v></tfr></token><token id="151924" text="аль-Гануши"><tfr rev_id="986743" t="аль-Гануши"><v><l id="0" t="аль-гануши"><g v="UNKN"></g></l></v></tfr></token><token id="151925" text="заявил"><tfr rev_id="986744" t="заявил"><v><l id="114300" t="заявил"><g v="VERB"></g><g v="perf"></g><g v="tran"></g><g v="masc"></g><g v="sing"></g><g v="past"></g><g v="indc"></g></l></v></tfr></token><token id="151926" text=","><tfr rev_id="986745" t=","><v><l id="0" t=","><g v="PNCT"></g></l></v></tfr></token><token id="151927" text="что"><tfr rev_id="3192397" t="что"><v><l id="377004" t="что"><g v="CONJ"></g></l></v><v><l id="377005" t="что"><g v="NPRO"></g><g v="neut"></g><g v="sing"></g><g v="nomn"></g></l></v><v><l id="377005" t="что"><g v="NPRO"></g><g v="neut"></g><g v="sing"></g><g v="accs"></g></l></v><v><l id="377006" t="что"><g v="ADVB"></g><g v="Ques"></g></l></v><v><l id="388695" t="что"><g v="PRCL"></g></l></v></tfr></token><token id="151928" text="временно"><tfr rev_id="4239255" t="временно"><v><l id="53138" t="временно"><g v="ADVB"></g></l></v></tfr></token><token id="151929" text="исполнять"><tfr rev_id="986748" t="исполнять"><v><l id="125380" t="исполнять"><g v="INFN"></g><g v="impf"></g><g v="tran"></g></l></v></tfr></token><token id="151930" text="обязанности"><tfr rev_id="3802172" t="обязанности"><v><l id="202081" t="обязанность"><g v="NOUN"></g><g v="inan"></g><g v="femn"></g><g v="plur"></g><g v="accs"></g></l></v></tfr></token><token id="151931" text="президента"><tfr rev_id="2922168" t="президента"><v><l id="267449" t="президент"><g v="NOUN"></g><g v="anim"></g><g v="masc"></g><g v="sing"></g><g v="gent"></g></l></v></tfr></token><token id="151932" text="будет"><tfr rev_id="986751" t="будет"><v><l id="37265" t="есть"><g v="VERB"></g><g v="impf"></g><g v="intr"></g><g v="sing"></g><g v="3per"></g><g v="futr"></g><g v="indc"></g></l></v></tfr></token><token id="151933" text="он"><tfr rev_id="3574519" t="он"><v><l id="206541" t="он"><g v="NPRO"></g><g v="masc"></g><g v="3per"></g><g v="Anph"></g><g v="sing"></g><g v="nomn"></g></l></v></tfr></token><token id="151934" text="."><tfr rev_id="986753" t="."><v><l id="0" t="."><g v="PNCT"></g></l></v></tfr></token></tokens></sentence><sentence id="7911"><source>Однако позднее Конституционный совет Туниса — высший орган судебной власти — сообщил, что Бен Али окончательно утратил властные полномочия и обязанности главы государства будет выполнять спикер парламента Фуад Мебезза.</source><tokens><token id="151935" text="Однако"><tfr rev_id="3557614" t="Однако"><v><l id="203387" t="однако"><g v="CONJ"></g><g v="Prnt"></g></l></v></tfr></token><token id="151936" text="позднее"><tfr rev_id="986755" t="позднее"><v><l id="253488" t="поздний"><g v="ADJF"></g><g v="Qual"></g><g v="neut"></g><g v="sing"></g><g v="nomn"></g></l></v><v><l id="253488" t="поздний"><g v="ADJF"></g><g v="Qual"></g><g v="neut"></g><g v="sing"></g><g v="accs"></g></l></v><v><l id="253491" t="позднее"><g v="COMP"></g><g v="Qual"></g><g v="Infr"></g></l></v></tfr></token><token id="151937" text="Конституционный"><tfr rev_id="3281716" t="Конституционный"><v><l id="138240" t="конституционный"><g v="ADJF"></g><g v="masc"></g><g v="sing"></g><g v="nomn"></g></l></v></tfr></token><token id="151938" text="совет"><tfr rev_id="4103285" t="совет"><v><l id="327955" t="совет"><g v="NOUN"></g><g v="inan"></g><g v="masc"></g><g v="sing"></g><g v="nomn"></g></l></v></tfr></token><token id="151939" text="Туниса"><tfr rev_id="986758" t="Туниса"><v><l id="351555" t="тунис"><g v="NOUN"></g><g v="inan"></g><g v="masc"></g><g v="Geox"></g><g v="sing"></g><g v="gent"></g></l></v></tfr></token><token id="151940" text="—"><tfr rev_id="2426976" t="—"><v><l id="0" t="—"><g v="PNCT"></g></l></v></tfr></token><token id="151941" text="высший"><tfr rev_id="986760" t="высший"><v><l id="62141" t="высший"><g v="ADJF"></g><g v="Supr"></g><g v="Qual"></g><g v="masc"></g><g v="sing"></g><g v="nomn"></g></l></v><v><l id="62141" t="высший"><g v="ADJF"></g><g v="Supr"></g><g v="Qual"></g><g v="inan"></g><g v="masc"></g><g v="sing"></g><g v="accs"></g></l></v></tfr></token><token id="151942" text="орган"><tfr rev_id="4101568" t="орган"><v><l id="208736" t="орган"><g v="NOUN"></g><g v="inan"></g><g v="masc"></g><g v="sing"></g><g v="nomn"></g></l></v></tfr></token><token id="151943" text="судебной"><tfr rev_id="986762" t="судебной"><v><l id="338966" t="судебный"><g v="ADJF"></g><g v="Qual"></g><g v="femn"></g><g v="sing"></g><g v="gent"></g></l></v><v><l id="338966" t="судебный"><g v="ADJF"></g><g v="Qual"></g><g v="femn"></g><g v="sing"></g><g v="datv"></g></l></v><v><l id="338966" t="судебный"><g v="ADJF"></g><g v="Qual"></g><g v="femn"></g><g v="sing"></g><g v="ablt"></g></l></v><v><l id="338966" t="судебный"><g v="ADJF"></g><g v="Qual"></g><g v="femn"></g><g v="sing"></g><g v="loct"></g></l></v></tfr></token><token id="151944" text="власти"><tfr rev_id="4289027" t="власти"><v><l id="46816" t="власть"><g v="NOUN"></g><g v="inan"></g><g v="femn"></g><g v="sing"></g><g v="gent"></g></l></v></tfr></token><token id="151945" text="—"><tfr rev_id="2426977" t="—"><v><l id="0" t="—"><g v="PNCT"></g></l></v></tfr></token><token id="151946" text="сообщил"><tfr rev_id="986765" t="сообщил"><v><l id="329556" t="сообщил"><g v="VERB"></g><g v="perf"></g><g v="tran"></g><g v="masc"></g><g v="sing"></g><g v="past"></g><g v="indc"></g></l></v></tfr></token><token id="151947" text=","><tfr rev_id="986766" t=","><v><l id="0" t=","><g v="PNCT"></g></l></v></tfr></token><token id="151948" text="что"><tfr rev_id="3192398" t="что"><v><l id="377004" t="что"><g v="CONJ"></g></l></v><v><l id="377005" t="что"><g v="NPRO"></g><g v="neut"></g><g v="sing"></g><g v="nomn"></g></l></v><v><l id="377005" t="что"><g v="NPRO"></g><g v="neut"></g><g v="sing"></g><g v="accs"></g></l></v><v><l id="377006" t="что"><g v="ADVB"></g><g v="Ques"></g></l></v><v><l id="388695" t="что"><g v="PRCL"></g></l></v></tfr></token><token id="151949" text="Бен"><tfr rev_id="4469695" t="Бен"><v><l id="390339" t="бен"><g v="PRCL"></g></l></v></tfr></token><token id="151950" text="Али"><tfr rev_id="4469670" t="Али"><v><l id="8885" t="али"><g v="NOUN"></g><g v="anim"></g><g v="masc"></g><g v="Fixd"></g><g v="Name"></g><g v="sing"></g><g v="nomn"></g></l></v><v><l id="8885" t="али"><g v="NOUN"></g><g v="anim"></g><g v="masc"></g><g v="Fixd"></g><g v="Name"></g><g v="sing"></g><g v="gent"></g></l></v><v><l id="8885" t="али"><g v="NOUN"></g><g v="anim"></g><g v="masc"></g><g v="Fixd"></g><g v="Name"></g><g v="sing"></g><g v="datv"></g></l></v><v><l id="8885" t="али"><g v="NOUN"></g><g v="anim"></g><g v="masc"></g><g v="Fixd"></g><g v="Name"></g><g v="sing"></g><g v="accs"></g></l></v><v><l id="8885" t="али"><g v="NOUN"></g><g v="anim"></g><g v="masc"></g><g v="Fixd"></g><g v="Name"></g><g v="sing"></g><g v="ablt"></g></l></v><v><l id="8885" t="али"><g v="NOUN"></g><g v="anim"></g><g v="masc"></g><g v="Fixd"></g><g v="Name"></g><g v="sing"></g><g v="loct"></g></l></v><v><l id="8885" t="али"><g v="NOUN"></g><g v="anim"></g><g v="masc"></g><g v="Fixd"></g><g v="Name"></g><g v="plur"></g><g v="nomn"></g></l></v><v><l id="8885" t="али"><g v="NOUN"></g><g v="anim"></g><g v="masc"></g><g v="Fixd"></g><g v="Name"></g><g v="plur"></g><g v="gent"></g></l></v><v><l id="8885" t="али"><g v="NOUN"></g><g v="anim"></g><g v="masc"></g><g v="Fixd"></g><g v="Name"></g><g v="plur"></g><g v="datv"></g></l></v><v><l id="8885" t="али"><g v="NOUN"></g><g v="anim"></g><g v="masc"></g><g v="Fixd"></g><g v="Name"></g><g v="plur"></g><g v="accs"></g></l></v><v><l id="8885" t="али"><g v="NOUN"></g><g v="anim"></g><g v="masc"></g><g v="Fixd"></g><g v="Name"></g><g v="plur"></g><g v="ablt"></g></l></v><v><l id="8885" t="али"><g v="NOUN"></g><g v="anim"></g><g v="masc"></g><g v="Fixd"></g><g v="Name"></g><g v="plur"></g><g v="loct"></g></l></v><v><l id="10958" t="аля"><g v="NOUN"></g><g v="anim"></g><g v="femn"></g><g v="Name"></g><g v="sing"></g><g v="gent"></g></l></v><v><l id="10958" t="аля"><g v="NOUN"></g><g v="anim"></g><g v="femn"></g><g v="Name"></g><g v="plur"></g><g v="nomn"></g></l></v></tfr></token><token id="151951" text="окончательно"><tfr rev_id="986770" t="окончательно"><v><l id="205177" t="окончательно"><g v="ADVB"></g></l></v><v><l id="205183" t="окончателен"><g v="ADJS"></g><g v="neut"></g><g v="sing"></g></l></v></tfr></token><token id="151952" text="утратил"><tfr rev_id="986771" t="утратил"><v><l id="362408" t="утратил"><g v="VERB"></g><g v="perf"></g><g v="tran"></g><g v="masc"></g><g v="sing"></g><g v="past"></g><g v="indc"></g></l></v></tfr></token><token id="151953" text="властные"><tfr rev_id="4086135" t="властные"><v><l id="46808" t="властный"><g v="ADJF"></g><g v="Qual"></g><g v="inan"></g><g v="plur"></g><g v="accs"></g></l></v></tfr></token><token id="151954" text="полномочия"><tfr rev_id="3805740" t="полномочия"><v><l id="256121" t="полномочие"><g v="NOUN"></g><g v="inan"></g><g v="neut"></g><g v="plur"></g><g v="accs"></g></l></v></tfr></token><token id="151955" text="и"><tfr rev_id="986774" t="и"><v><l id="116949" t="и"><g v="CONJ"></g></l></v><v><l id="116950" t="и"><g v="INTJ"></g></l></v></tfr></token><token id="151956" text="обязанности"><tfr rev_id="3795907" t="обязанности"><v><l id="202081" t="обязанность"><g v="NOUN"></g><g v="inan"></g><g v="femn"></g><g v="plur"></g><g v="accs"></g></l></v></tfr></token><token id="151957" text="главы"><tfr rev_id="4526167" t="главы"><v><l id="70790" t="глава"><g v="NOUN"></g><g v="anim"></g><g v="ms-f"></g><g v="sing"></g><g v="gent"></g></l></v></tfr></token><token id="151958" text="государства"><tfr rev_id="3434599" t="государства"><v><l id="74164" t="государство"><g v="NOUN"></g><g v="inan"></g><g v="neut"></g><g v="sing"></g><g v="gent"></g></l></v></tfr></token><token id="151959" text="будет"><tfr rev_id="986778" t="будет"><v><l id="37265" t="есть"><g v="VERB"></g><g v="impf"></g><g v="intr"></g><g v="sing"></g><g v="3per"></g><g v="futr"></g><g v="indc"></g></l></v></tfr></token><token id="151960" text="выполнять"><tfr rev_id="986779" t="выполнять"><v><l id="60637" t="выполнять"><g v="INFN"></g><g v="impf"></g><g v="tran"></g></l></v></tfr></token><token id="151961" text="спикер"><tfr rev_id="986780" t="спикер"><v><l id="332107" t="спикер"><g v="NOUN"></g><g v="anim"></g><g v="masc"></g><g v="sing"></g><g v="nomn"></g></l></v></tfr></token><token id="151962" text="парламента"><tfr rev_id="986781" t="парламента"><v><l id="224156" t="парламент"><g v="NOUN"></g><g v="inan"></g><g v="masc"></g><g v="sing"></g><g v="gent"></g></l></v></tfr></token><token id="151963" text="Фуад"><tfr rev_id="986782" t="Фуад"><v><l id="368501" t="фуад"><g v="NOUN"></g><g v="anim"></g><g v="masc"></g><g v="Name"></g><g v="sing"></g><g v="nomn"></g></l></v></tfr></token><token id="151964" text="Мебезза"><tfr rev_id="986783" t="Мебезза"><v><l id="0" t="мебезза"><g v="UNKN"></g></l></v></tfr></token><token id="151965" text="."><tfr rev_id="986784" t="."><v><l id="0" t="."><g v="PNCT"></g></l></v></tfr></token></tokens></sentence></paragraph><paragraph id="2503"><sentence id="7912"><source>Конституционный совет Туниса сообщил что у нового лидера государства есть 60 дней, чтобы организовать новые президентские выборы.</source><tokens><token id="151966" text="Конституционный"><tfr rev_id="986785" t="Конституционный"><v><l id="138240" t="конституционный"><g v="ADJF"></g><g v="masc"></g><g v="sing"></g><g v="nomn"></g></l></v><v><l id="138240" t="конституционный"><g v="ADJF"></g><g v="inan"></g><g v="masc"></g><g v="sing"></g><g v="accs"></g></l></v></tfr></token><token id="151967" text="совет"><tfr rev_id="986786" t="совет"><v><l id="327955" t="совет"><g v="NOUN"></g><g v="inan"></g><g v="masc"></g><g v="sing"></g><g v="nomn"></g></l></v><v><l id="327955" t="совет"><g v="NOUN"></g><g v="inan"></g><g v="masc"></g><g v="sing"></g><g v="accs"></g></l></v></tfr></token><token id="151968" text="Туниса"><tfr rev_id="986787" t="Туниса"><v><l id="351555" t="тунис"><g v="NOUN"></g><g v="inan"></g><g v="masc"></g><g v="Geox"></g><g v="sing"></g><g v="gent"></g></l></v></tfr></token><token id="151969" text="сообщил"><tfr rev_id="986788" t="сообщил"><v><l id="329556" t="сообщил"><g v="VERB"></g><g v="perf"></g><g v="tran"></g><g v="masc"></g><g v="sing"></g><g v="past"></g><g v="indc"></g></l></v></tfr></token><token id="151970" text="что"><tfr rev_id="3192399" t="что"><v><l id="377004" t="что"><g v="CONJ"></g></l></v><v><l id="377005" t="что"><g v="NPRO"></g><g v="neut"></g><g v="sing"></g><g v="nomn"></g></l></v><v><l id="377005" t="что"><g v="NPRO"></g><g v="neut"></g><g v="sing"></g><g v="accs"></g></l></v><v><l id="377006" t="что"><g v="ADVB"></g><g v="Ques"></g></l></v><v><l id="388695" t="что"><g v="PRCL"></g></l></v></tfr></token><token id="151971" text="у"><tfr rev_id="3326405" t="у"><v><l id="352818" t="у"><g v="PREP"></g></l></v></tfr></token><token id="151972" text="нового"><tfr rev_id="4371523" t="нового"><v><l id="191918" t="новый"><g v="ADJF"></g><g v="Qual"></g><g v="masc"></g><g v="sing"></g><g v="gent"></g></l></v><v><l id="191918" t="новый"><g v="ADJF"></g><g v="Qual"></g><g v="anim"></g><g v="masc"></g><g v="sing"></g><g v="accs"></g></l></v></tfr></token><token id="151973" text="лидера"><tfr rev_id="3721619" t="лидера"><v><l id="149007" t="лидер"><g v="NOUN"></g><g v="anim"></g><g v="masc"></g><g v="sing"></g><g v="gent"></g></l></v></tfr></token><token id="151974" text="государства"><tfr rev_id="3457332" t="государства"><v><l id="74164" t="государство"><g v="NOUN"></g><g v="inan"></g><g v="neut"></g><g v="sing"></g><g v="gent"></g></l></v></tfr></token><token id="151975" text="есть"><tfr rev_id="4395095" t="есть"><v><l id="37265" t="есть"><g v="VERB"></g><g v="impf"></g><g v="intr"></g><g v="sing"></g><g v="3per"></g><g v="pres"></g><g v="indc"></g></l></v><v><l id="37265" t="есть"><g v="VERB"></g><g v="impf"></g><g v="intr"></g><g v="plur"></g><g v="3per"></g><g v="pres"></g><g v="indc"></g></l></v></tfr></token><token id="151976" text="60"><tfr rev_id="2456107" t="60"><v><l id="0" t="60"><g v="NUMB"></g></l></v></tfr></token><token id="151977" text="дней"><tfr rev_id="986796" t="дней"><v><l id="81427" t="день"><g v="NOUN"></g><g v="inan"></g><g v="masc"></g><g v="plur"></g><g v="gent"></g></l></v></tfr></token><token id="151978" text=","><tfr rev_id="986797" t=","><v><l id="0" t=","><g v="PNCT"></g></l></v></tfr></token><token id="151979" text="чтобы"><tfr rev_id="986798" t="чтобы"><v><l id="377013" t="чтобы"><g v="CONJ"></g></l></v><v><l id="377014" t="чтобы"><g v="PRCL"></g></l></v></tfr></token><token id="151980" text="организовать"><tfr rev_id="986799" t="организовать"><v><l id="208759" t="организовать"><g v="INFN"></g><g v="perf"></g><g v="tran"></g></l></v><v><l id="208760" t="организовать"><g v="INFN"></g><g v="impf"></g><g v="tran"></g></l></v></tfr></token><token id="151981" text="новые"><tfr rev_id="4154516" t="новые"><v><l id="191918" t="новый"><g v="ADJF"></g><g v="Qual"></g><g v="plur"></g><g v="nomn"></g></l></v><v><l id="191918" t="новый"><g v="ADJF"></g><g v="Qual"></g><g v="inan"></g><g v="plur"></g><g v="accs"></g></l></v></tfr></token><token id="151982" text="президентские"><tfr rev_id="3815768" t="президентские"><v><l id="267451" t="президентский"><g v="ADJF"></g><g v="inan"></g><g v="plur"></g><g v="accs"></g></l></v></tfr></token><token id="151983" text="выборы"><tfr rev_id="3749740" t="выборы"><v><l id="55719" t="выбор"><g v="NOUN"></g><g v="inan"></g><g v="masc"></g><g v="plur"></g><g v="accs"></g></l></v><v><l id="55749" t="выборы"><g v="NOUN"></g><g v="inan"></g><g v="GNdr"></g><g v="Pltm"></g><g v="plur"></g><g v="accs"></g></l></v></tfr></token><token id="151984" text="."><tfr rev_id="986803" t="."><v><l id="0" t="."><g v="PNCT"></g></l></v></tfr></token></tokens></sentence><sentence id="7913"><source>Мебазза сообщил, что уже попросил премьер-министра страны сформировать правительство.</source><tokens><token id="151985" text="Мебазза"><tfr rev_id="986804" t="Мебазза"><v><l id="0" t="мебазза"><g v="UNKN"></g></l></v></tfr></token><token id="151986" text="сообщил"><tfr rev_id="986805" t="сообщил"><v><l id="329556" t="сообщил"><g v="VERB"></g><g v="perf"></g><g v="tran"></g><g v="masc"></g><g v="sing"></g><g v="past"></g><g v="indc"></g></l></v></tfr></token><token id="151987" text=","><tfr rev_id="986806" t=","><v><l id="0" t=","><g v="PNCT"></g></l></v></tfr></token><token id="151988" text="что"><tfr rev_id="4321402" t="что"><v><l id="377004" t="что"><g v="CONJ"></g></l></v></tfr></token><token id="151989" text="уже"><tfr rev_id="2691808" t="уже"><v><l id="355422" t="уж"><g v="NOUN"></g><g v="anim"></g><g v="masc"></g><g v="sing"></g><g v="loct"></g></l></v><v><l id="355498" t="уже"><g v="ADVB"></g></l></v><v><l id="355674" t="уже"><g v="COMP"></g><g v="Qual"></g></l></v><v><l id="388673" t="уже"><g v="PRCL"></g></l></v></tfr></token><token id="151990" text="попросил"><tfr rev_id="986809" t="попросил"><v><l id="259617" t="попросил"><g v="VERB"></g><g v="perf"></g><g v="tran"></g><g v="masc"></g><g v="sing"></g><g v="past"></g><g v="indc"></g></l></v></tfr></token><token id="151991" text="премьер-министра"><tfr rev_id="3886632" t="премьер-министра"><v><l id="267776" t="премьер-министр"><g v="NOUN"></g><g v="anim"></g><g v="masc"></g><g v="sing"></g><g v="accs"></g></l></v></tfr></token><token id="151992" text="страны"><tfr rev_id="3476824" t="страны"><v><l id="337100" t="страна"><g v="NOUN"></g><g v="inan"></g><g v="femn"></g><g v="sing"></g><g v="gent"></g></l></v></tfr></token><token id="151993" text="сформировать"><tfr rev_id="986812" t="сформировать"><v><l id="340610" t="сформировать"><g v="INFN"></g><g v="perf"></g><g v="tran"></g></l></v></tfr></token><token id="151994" text="правительство"><tfr rev_id="2782675" t="правительство"><v><l id="265638" t="правительство"><g v="NOUN"></g><g v="inan"></g><g v="neut"></g><g v="sing"></g><g v="accs"></g></l></v></tfr></token><token id="151995" text="."><tfr rev_id="986814" t="."><v><l id="0" t="."><g v="PNCT"></g></l></v></tfr></token></tokens></sentence></paragraph></paragraphs></text>