<?xml version="1.0" encoding="utf-8"?><text id="1146" parent="226" name="21833 Тунис остался без президента"><tags><tag>url:http://www.chaskor.ru/news/tunis_ostalsya_bez_prezidenta_21833</tag><tag>Год:2011</tag><tag>Дата:16/01</tag><tag>Тема:ЧасКор:Общество</tag><tag>Тема:ЧасКор:Общество/ЧП</tag></tags><paragraphs><paragraph id="10873"><sentence id="34023"><source>Тунис остался без президента</source><tokens><token id="609008" text="Тунис"><tfr rev_id="1441429" t="Тунис"><v><l id="351555" t="тунис"><g v="NOUN"></g><g v="inan"></g><g v="masc"></g><g v="Geox"></g><g v="sing"></g><g v="nomn"></g></l></v><v><l id="351555" t="тунис"><g v="NOUN"></g><g v="inan"></g><g v="masc"></g><g v="Geox"></g><g v="sing"></g><g v="accs"></g></l></v></tfr></token><token id="609009" text="остался"><tfr rev_id="1441430" t="остался"><v><l id="210896" t="остался"><g v="VERB"></g><g v="perf"></g><g v="intr"></g><g v="masc"></g><g v="sing"></g><g v="past"></g><g v="indc"></g></l></v></tfr></token><token id="609010" text="без"><tfr rev_id="1441431" t="без"><v><l id="25481" t="без"><g v="PREP"></g></l></v></tfr></token><token id="609011" text="президента"><tfr rev_id="3546720" t="президента"><v><l id="267449" t="президент"><g v="NOUN"></g><g v="anim"></g><g v="masc"></g><g v="sing"></g><g v="gent"></g></l></v></tfr></token></tokens></sentence><sentence id="34024"><source>Беспорядки в стране продолжаются.</source><tokens><token id="609012" text="Беспорядки"><tfr rev_id="3744076" t="Беспорядки"><v><l id="28482" t="беспорядок"><g v="NOUN"></g><g v="inan"></g><g v="masc"></g><g v="plur"></g><g v="nomn"></g></l></v></tfr></token><token id="609013" text="в"><tfr rev_id="1441434" t="в"><v><l id="37409" t="в"><g v="PREP"></g></l></v></tfr></token><token id="609014" text="стране"><tfr rev_id="3557044" t="стране"><v><l id="337100" t="страна"><g v="NOUN"></g><g v="inan"></g><g v="femn"></g><g v="sing"></g><g v="loct"></g></l></v></tfr></token><token id="609015" text="продолжаются"><tfr rev_id="1441436" t="продолжаются"><v><l id="279222" t="продолжаюсь"><g v="VERB"></g><g v="impf"></g><g v="intr"></g><g v="plur"></g><g v="3per"></g><g v="pres"></g><g v="indc"></g></l></v></tfr></token><token id="609016" text="."><tfr rev_id="1441437" t="."><v><l id="0" t="."><g v="PNCT"></g></l></v></tfr></token></tokens></sentence></paragraph><paragraph id="10874"><sentence id="34025"><source>Президент Туниса Зин эль-Абидин Бен Али, сбежавший вечером 14 января из страны, отстранён от власти, а управление государством передано спикеру парламента Фуэду Мебазе в соответствии с основным законом Туниса, пишет Lenta.ru со ссылкой на Reuters и агентство France-Presse.</source><tokens><token id="609017" text="Президент"><tfr rev_id="1441438" t="Президент"><v><l id="267449" t="президент"><g v="NOUN"></g><g v="anim"></g><g v="masc"></g><g v="sing"></g><g v="nomn"></g></l></v></tfr></token><token id="609018" text="Туниса"><tfr rev_id="1441439" t="Туниса"><v><l id="351555" t="тунис"><g v="NOUN"></g><g v="inan"></g><g v="masc"></g><g v="Geox"></g><g v="sing"></g><g v="gent"></g></l></v></tfr></token><token id="609019" text="Зин"><tfr rev_id="3502283" t="Зин"><v><l id="0" t="Зин"><g v="UNKN"></g></l></v></tfr></token><token id="609020" text="эль-Абидин"><tfr rev_id="1441441" t="эль-Абидин"><v><l id="0" t="эль-абидин"><g v="UNKN"></g></l></v></tfr></token><token id="609021" text="Бен"><tfr rev_id="4469817" t="Бен"><v><l id="390339" t="бен"><g v="PRCL"></g></l></v></tfr></token><token id="609022" text="Али"><tfr rev_id="4488134" t="Али"><v><l id="8885" t="али"><g v="NOUN"></g><g v="anim"></g><g v="masc"></g><g v="Fixd"></g><g v="Name"></g><g v="sing"></g><g v="nomn"></g></l></v><v><l id="8885" t="али"><g v="NOUN"></g><g v="anim"></g><g v="masc"></g><g v="Fixd"></g><g v="Name"></g><g v="sing"></g><g v="gent"></g></l></v><v><l id="8885" t="али"><g v="NOUN"></g><g v="anim"></g><g v="masc"></g><g v="Fixd"></g><g v="Name"></g><g v="sing"></g><g v="datv"></g></l></v><v><l id="8885" t="али"><g v="NOUN"></g><g v="anim"></g><g v="masc"></g><g v="Fixd"></g><g v="Name"></g><g v="sing"></g><g v="accs"></g></l></v><v><l id="8885" t="али"><g v="NOUN"></g><g v="anim"></g><g v="masc"></g><g v="Fixd"></g><g v="Name"></g><g v="sing"></g><g v="ablt"></g></l></v><v><l id="8885" t="али"><g v="NOUN"></g><g v="anim"></g><g v="masc"></g><g v="Fixd"></g><g v="Name"></g><g v="sing"></g><g v="loct"></g></l></v></tfr></token><token id="609023" text=","><tfr rev_id="1441444" t=","><v><l id="0" t=","><g v="PNCT"></g></l></v></tfr></token><token id="609024" text="сбежавший"><tfr rev_id="1441445" t="сбежавший"><v><l id="314163" t="сбежавший"><g v="PRTF"></g><g v="perf"></g><g v="intr"></g><g v="past"></g><g v="actv"></g><g v="masc"></g><g v="sing"></g><g v="nomn"></g></l></v><v><l id="314163" t="сбежавший"><g v="PRTF"></g><g v="perf"></g><g v="intr"></g><g v="past"></g><g v="actv"></g><g v="inan"></g><g v="masc"></g><g v="sing"></g><g v="accs"></g></l></v></tfr></token><token id="609025" text="вечером"><tfr rev_id="4265103" t="вечером"><v><l id="42391" t="вечером"><g v="ADVB"></g></l></v></tfr></token><token id="609026" text="14"><tfr rev_id="2461757" t="14"><v><l id="0" t="14"><g v="NUMB"></g></l></v></tfr></token><token id="609027" text="января"><tfr rev_id="1441448" t="января"><v><l id="387905" t="январь"><g v="NOUN"></g><g v="inan"></g><g v="masc"></g><g v="sing"></g><g v="gent"></g></l></v></tfr></token><token id="609028" text="из"><tfr rev_id="2560609" t="из"><v><l id="117677" t="из"><g v="PREP"></g></l></v></tfr></token><token id="609029" text="страны"><tfr rev_id="3433419" t="страны"><v><l id="337100" t="страна"><g v="NOUN"></g><g v="inan"></g><g v="femn"></g><g v="sing"></g><g v="gent"></g></l></v></tfr></token><token id="609030" text=","><tfr rev_id="1441451" t=","><v><l id="0" t=","><g v="PNCT"></g></l></v></tfr></token><token id="609031" text="отстранён"><tfr rev_id="1441452" t="отстранён"><v><l id="218466" t="отстранён"><g v="PRTS"></g><g v="perf"></g><g v="past"></g><g v="pssv"></g><g v="masc"></g><g v="sing"></g></l></v></tfr></token><token id="609032" text="от"><tfr rev_id="1441453" t="от"><v><l id="211644" t="от"><g v="PREP"></g></l></v></tfr></token><token id="609033" text="власти"><tfr rev_id="4277748" t="власти"><v><l id="46816" t="власть"><g v="NOUN"></g><g v="inan"></g><g v="femn"></g><g v="sing"></g><g v="gent"></g></l></v></tfr></token><token id="609034" text=","><tfr rev_id="1441455" t=","><v><l id="0" t=","><g v="PNCT"></g></l></v></tfr></token><token id="609035" text="а"><tfr rev_id="1441456" t="а"><v><l id="51" t="а"><g v="CONJ"></g></l></v><v><l id="52" t="а"><g v="INTJ"></g></l></v><v><l id="53" t="а"><g v="PRCL"></g></l></v></tfr></token><token id="609036" text="управление"><tfr rev_id="1441457" t="управление"><v><l id="359211" t="управление"><g v="NOUN"></g><g v="inan"></g><g v="neut"></g><g v="sing"></g><g v="nomn"></g></l></v><v><l id="359211" t="управление"><g v="NOUN"></g><g v="inan"></g><g v="neut"></g><g v="sing"></g><g v="accs"></g></l></v></tfr></token><token id="609037" text="государством"><tfr rev_id="1441458" t="государством"><v><l id="74164" t="государство"><g v="NOUN"></g><g v="inan"></g><g v="neut"></g><g v="sing"></g><g v="ablt"></g></l></v></tfr></token><token id="609038" text="передано"><tfr rev_id="1441459" t="передано"><v><l id="228163" t="передан"><g v="PRTS"></g><g v="perf"></g><g v="past"></g><g v="pssv"></g><g v="neut"></g><g v="sing"></g></l></v></tfr></token><token id="609039" text="спикеру"><tfr rev_id="1441460" t="спикеру"><v><l id="332107" t="спикер"><g v="NOUN"></g><g v="anim"></g><g v="masc"></g><g v="sing"></g><g v="datv"></g></l></v></tfr></token><token id="609040" text="парламента"><tfr rev_id="1441461" t="парламента"><v><l id="224156" t="парламент"><g v="NOUN"></g><g v="inan"></g><g v="masc"></g><g v="sing"></g><g v="gent"></g></l></v></tfr></token><token id="609041" text="Фуэду"><tfr rev_id="1441462" t="Фуэду"><v><l id="0" t="фуэду"><g v="UNKN"></g></l></v></tfr></token><token id="609042" text="Мебазе"><tfr rev_id="1441463" t="Мебазе"><v><l id="0" t="мебазе"><g v="UNKN"></g></l></v></tfr></token><token id="609043" text="в"><tfr rev_id="1441464" t="в"><v><l id="37409" t="в"><g v="PREP"></g></l></v></tfr></token><token id="609044" text="соответствии"><tfr rev_id="1441465" t="соответствии"><v><l id="329623" t="соответствие"><g v="NOUN"></g><g v="inan"></g><g v="neut"></g><g v="sing"></g><g v="loct"></g></l></v></tfr></token><token id="609045" text="с"><tfr rev_id="1441466" t="с"><v><l id="311151" t="с"><g v="PREP"></g></l></v></tfr></token><token id="609046" text="основным"><tfr rev_id="4512233" t="основным"><v><l id="210595" t="основной"><g v="ADJF"></g><g v="masc"></g><g v="sing"></g><g v="ablt"></g></l></v><v><l id="210598" t="основный"><g v="ADJF"></g><g v="Qual"></g><g v="masc"></g><g v="sing"></g><g v="ablt"></g></l></v></tfr></token><token id="609047" text="законом"><tfr rev_id="1441468" t="законом"><v><l id="103696" t="закон"><g v="NOUN"></g><g v="inan"></g><g v="masc"></g><g v="sing"></g><g v="ablt"></g></l></v></tfr></token><token id="609048" text="Туниса"><tfr rev_id="1441469" t="Туниса"><v><l id="351555" t="тунис"><g v="NOUN"></g><g v="inan"></g><g v="masc"></g><g v="Geox"></g><g v="sing"></g><g v="gent"></g></l></v></tfr></token><token id="609049" text=","><tfr rev_id="1441470" t=","><v><l id="0" t=","><g v="PNCT"></g></l></v></tfr></token><token id="609050" text="пишет"><tfr rev_id="1441471" t="пишет"><v><l id="239101" t="пишу"><g v="VERB"></g><g v="impf"></g><g v="tran"></g><g v="sing"></g><g v="3per"></g><g v="pres"></g><g v="indc"></g></l></v></tfr></token><token id="609051" text="Lenta.ru"><tfr rev_id="2474761" t="Lenta.ru"><v><l id="0" t="Lenta.ru"><g v="LATN"></g></l></v></tfr></token><token id="609052" text="со"><tfr rev_id="2919202" t="со"><v><l id="311151" t="с"><g v="PREP"></g><g v="Vpre"></g></l></v></tfr></token><token id="609053" text="ссылкой"><tfr rev_id="4155309" t="ссылкой"><v><l id="334180" t="ссылка"><g v="NOUN"></g><g v="inan"></g><g v="femn"></g><g v="sing"></g><g v="ablt"></g></l></v></tfr></token><token id="609054" text="на"><tfr rev_id="3340499" t="на"><v><l id="166264" t="на"><g v="PREP"></g></l></v></tfr></token><token id="609055" text="Reuters"><tfr rev_id="2474762" t="Reuters"><v><l id="0" t="Reuters"><g v="LATN"></g></l></v></tfr></token><token id="609056" text="и"><tfr rev_id="1441477" t="и"><v><l id="116949" t="и"><g v="CONJ"></g></l></v><v><l id="116950" t="и"><g v="INTJ"></g></l></v></tfr></token><token id="609057" text="агентство"><tfr rev_id="1441478" t="агентство"><v><l id="3934" t="агентство"><g v="NOUN"></g><g v="inan"></g><g v="neut"></g><g v="sing"></g><g v="nomn"></g></l></v><v><l id="3934" t="агентство"><g v="NOUN"></g><g v="inan"></g><g v="neut"></g><g v="sing"></g><g v="accs"></g></l></v></tfr></token><token id="609058" text="France-Presse"><tfr rev_id="2474763" t="France-Presse"><v><l id="0" t="France-Presse"><g v="LATN"></g></l></v></tfr></token><token id="609059" text="."><tfr rev_id="1441480" t="."><v><l id="0" t="."><g v="PNCT"></g></l></v></tfr></token></tokens></sentence><sentence id="34026"><source>Бен Али сбежал из страны после народных волнений, длившихся примерно месяц и унёсших жизни около 70 человек.</source><tokens><token id="609060" text="Бен"><tfr rev_id="4469906" t="Бен"><v><l id="390339" t="бен"><g v="PRCL"></g></l></v></tfr></token><token id="609061" text="Али"><tfr rev_id="4488138" t="Али"><v><l id="8885" t="али"><g v="NOUN"></g><g v="anim"></g><g v="masc"></g><g v="Fixd"></g><g v="Name"></g><g v="sing"></g><g v="nomn"></g></l></v><v><l id="8885" t="али"><g v="NOUN"></g><g v="anim"></g><g v="masc"></g><g v="Fixd"></g><g v="Name"></g><g v="sing"></g><g v="gent"></g></l></v><v><l id="8885" t="али"><g v="NOUN"></g><g v="anim"></g><g v="masc"></g><g v="Fixd"></g><g v="Name"></g><g v="sing"></g><g v="datv"></g></l></v><v><l id="8885" t="али"><g v="NOUN"></g><g v="anim"></g><g v="masc"></g><g v="Fixd"></g><g v="Name"></g><g v="sing"></g><g v="accs"></g></l></v><v><l id="8885" t="али"><g v="NOUN"></g><g v="anim"></g><g v="masc"></g><g v="Fixd"></g><g v="Name"></g><g v="sing"></g><g v="ablt"></g></l></v><v><l id="8885" t="али"><g v="NOUN"></g><g v="anim"></g><g v="masc"></g><g v="Fixd"></g><g v="Name"></g><g v="sing"></g><g v="loct"></g></l></v></tfr></token><token id="609062" text="сбежал"><tfr rev_id="1441483" t="сбежал"><v><l id="314161" t="сбежал"><g v="VERB"></g><g v="perf"></g><g v="intr"></g><g v="masc"></g><g v="sing"></g><g v="past"></g><g v="indc"></g></l></v></tfr></token><token id="609063" text="из"><tfr rev_id="2603389" t="из"><v><l id="117677" t="из"><g v="PREP"></g></l></v></tfr></token><token id="609064" text="страны"><tfr rev_id="3491742" t="страны"><v><l id="337100" t="страна"><g v="NOUN"></g><g v="inan"></g><g v="femn"></g><g v="sing"></g><g v="gent"></g></l></v></tfr></token><token id="609065" text="после"><tfr rev_id="4407361" t="после"><v><l id="261542" t="после"><g v="PREP"></g></l></v></tfr></token><token id="609066" text="народных"><tfr rev_id="1441487" t="народных"><v><l id="174724" t="народный"><g v="ADJF"></g><g v="Qual"></g><g v="plur"></g><g v="gent"></g></l></v><v><l id="174724" t="народный"><g v="ADJF"></g><g v="Qual"></g><g v="anim"></g><g v="plur"></g><g v="accs"></g></l></v><v><l id="174724" t="народный"><g v="ADJF"></g><g v="Qual"></g><g v="plur"></g><g v="loct"></g></l></v></tfr></token><token id="609067" text="волнений"><tfr rev_id="3750401" t="волнений"><v><l id="50018" t="волнение"><g v="NOUN"></g><g v="inan"></g><g v="neut"></g><g v="plur"></g><g v="gent"></g></l></v></tfr></token><token id="609068" text=","><tfr rev_id="1441489" t=","><v><l id="0" t=","><g v="PNCT"></g></l></v></tfr></token><token id="609069" text="длившихся"><tfr rev_id="1441490" t="длившихся"><v><l id="85030" t="длившийся"><g v="PRTF"></g><g v="impf"></g><g v="intr"></g><g v="past"></g><g v="actv"></g><g v="plur"></g><g v="gent"></g></l></v><v><l id="85030" t="длившийся"><g v="PRTF"></g><g v="impf"></g><g v="intr"></g><g v="past"></g><g v="actv"></g><g v="anim"></g><g v="plur"></g><g v="accs"></g></l></v><v><l id="85030" t="длившийся"><g v="PRTF"></g><g v="impf"></g><g v="intr"></g><g v="past"></g><g v="actv"></g><g v="plur"></g><g v="loct"></g></l></v></tfr></token><token id="609070" text="примерно"><tfr rev_id="2691012" t="примерно"><v><l id="272014" t="примерно"><g v="ADVB"></g></l></v><v><l id="272017" t="примерен"><g v="ADJS"></g><g v="Qual"></g><g v="neut"></g><g v="sing"></g></l></v><v><l id="388671" t="примерно"><g v="PRCL"></g></l></v></tfr></token><token id="609071" text="месяц"><tfr rev_id="3458091" t="месяц"><v><l id="158841" t="месяц"><g v="NOUN"></g><g v="inan"></g><g v="masc"></g><g v="sing"></g><g v="accs"></g></l></v></tfr></token><token id="609072" text="и"><tfr rev_id="1441493" t="и"><v><l id="116949" t="и"><g v="CONJ"></g></l></v><v><l id="116950" t="и"><g v="INTJ"></g></l></v></tfr></token><token id="609073" text="унёсших"><tfr rev_id="1441494" t="унёсших"><v><l id="358247" t="унёсший"><g v="PRTF"></g><g v="perf"></g><g v="tran"></g><g v="past"></g><g v="actv"></g><g v="plur"></g><g v="gent"></g></l></v><v><l id="358247" t="унёсший"><g v="PRTF"></g><g v="perf"></g><g v="tran"></g><g v="past"></g><g v="actv"></g><g v="anim"></g><g v="plur"></g><g v="accs"></g></l></v><v><l id="358247" t="унёсший"><g v="PRTF"></g><g v="perf"></g><g v="tran"></g><g v="past"></g><g v="actv"></g><g v="plur"></g><g v="loct"></g></l></v></tfr></token><token id="609074" text="жизни"><tfr rev_id="3796073" t="жизни"><v><l id="97314" t="жизнь"><g v="NOUN"></g><g v="inan"></g><g v="femn"></g><g v="plur"></g><g v="accs"></g></l></v></tfr></token><token id="609075" text="около"><tfr rev_id="4422476" t="около"><v><l id="205005" t="около"><g v="PREP"></g></l></v></tfr></token><token id="609076" text="70"><tfr rev_id="2461758" t="70"><v><l id="0" t="70"><g v="NUMB"></g></l></v></tfr></token><token id="609077" text="человек"><tfr rev_id="3439500" t="человек"><v><l id="375073" t="человек"><g v="NOUN"></g><g v="anim"></g><g v="masc"></g><g v="plur"></g><g v="gent"></g></l></v></tfr></token><token id="609078" text="."><tfr rev_id="1441499" t="."><v><l id="0" t="."><g v="PNCT"></g></l></v></tfr></token></tokens></sentence><sentence id="34027"><source>Он находится в Саудовской Аравии.</source><tokens><token id="609079" text="Он"><tfr rev_id="3575572" t="Он"><v><l id="206541" t="он"><g v="NPRO"></g><g v="masc"></g><g v="3per"></g><g v="Anph"></g><g v="sing"></g><g v="nomn"></g></l></v></tfr></token><token id="609080" text="находится"><tfr rev_id="1441501" t="находится"><v><l id="177898" t="нахожусь"><g v="VERB"></g><g v="impf"></g><g v="intr"></g><g v="sing"></g><g v="3per"></g><g v="pres"></g><g v="indc"></g></l></v><v><l id="177903" t="находился"><g v="VERB"></g><g v="perf"></g><g v="intr"></g><g v="sing"></g><g v="3per"></g><g v="futr"></g><g v="indc"></g></l></v></tfr></token><token id="609081" text="в"><tfr rev_id="1441502" t="в"><v><l id="37409" t="в"><g v="PREP"></g></l></v></tfr></token><token id="609082" text="Саудовской"><tfr rev_id="2369679" t="Саудовской"><v><l id="313887" t="саудовский"><g v="ADJF"></g><g v="femn"></g><g v="sing"></g><g v="loct"></g></l></v></tfr></token><token id="609083" text="Аравии"><tfr rev_id="3454952" t="Аравии"><v><l id="15636" t="аравия"><g v="NOUN"></g><g v="inan"></g><g v="femn"></g><g v="Sgtm"></g><g v="Geox"></g><g v="sing"></g><g v="loct"></g></l></v></tfr></token><token id="609084" text="."><tfr rev_id="1441505" t="."><v><l id="0" t="."><g v="PNCT"></g></l></v></tfr></token></tokens></sentence><sentence id="34028"><source>Первоначально он хотел лететь во Францию, однако эта страна его не приняла.</source><tokens><token id="609085" text="Первоначально"><tfr rev_id="1441506" t="Первоначально"><v><l id="226263" t="первоначально"><g v="ADVB"></g></l></v><v><l id="226266" t="первоначален"><g v="ADJS"></g><g v="neut"></g><g v="sing"></g></l></v></tfr></token><token id="609086" text="он"><tfr rev_id="3575573" t="он"><v><l id="206541" t="он"><g v="NPRO"></g><g v="masc"></g><g v="3per"></g><g v="Anph"></g><g v="sing"></g><g v="nomn"></g></l></v></tfr></token><token id="609087" text="хотел"><tfr rev_id="1441508" t="хотел"><v><l id="371713" t="хочу"><g v="VERB"></g><g v="impf"></g><g v="tran"></g><g v="masc"></g><g v="sing"></g><g v="past"></g><g v="indc"></g></l></v></tfr></token><token id="609088" text="лететь"><tfr rev_id="1441509" t="лететь"><v><l id="148675" t="лететь"><g v="INFN"></g><g v="impf"></g><g v="intr"></g></l></v></tfr></token><token id="609089" text="во"><tfr rev_id="2920242" t="во"><v><l id="37409" t="в"><g v="PREP"></g><g v="Vpre"></g></l></v></tfr></token><token id="609090" text="Францию"><tfr rev_id="3759079" t="Францию"><v><l id="368071" t="франция"><g v="NOUN"></g><g v="inan"></g><g v="femn"></g><g v="Sgtm"></g><g v="Geox"></g><g v="sing"></g><g v="accs"></g></l></v></tfr></token><token id="609091" text=","><tfr rev_id="1441512" t=","><v><l id="0" t=","><g v="PNCT"></g></l></v></tfr></token><token id="609092" text="однако"><tfr rev_id="2624539" t="однако"><v><l id="203386" t="однако"><g v="INTJ"></g></l></v><v><l id="203387" t="однако"><g v="CONJ"></g><g v="Prnt"></g></l></v></tfr></token><token id="609093" text="эта"><tfr rev_id="4437201" t="эта"><v><l id="386581" t="этот"><g v="ADJF"></g><g v="Subx"></g><g v="Apro"></g><g v="Anph"></g><g v="femn"></g><g v="sing"></g><g v="nomn"></g></l></v></tfr></token><token id="609094" text="страна"><tfr rev_id="1441515" t="страна"><v><l id="337100" t="страна"><g v="NOUN"></g><g v="inan"></g><g v="femn"></g><g v="sing"></g><g v="nomn"></g></l></v></tfr></token><token id="609095" text="его"><tfr rev_id="4529935" t="его"><v><l id="206541" t="он"><g v="NPRO"></g><g v="masc"></g><g v="3per"></g><g v="Anph"></g><g v="sing"></g><g v="gent"></g></l></v><v><l id="206541" t="он"><g v="NPRO"></g><g v="masc"></g><g v="3per"></g><g v="Anph"></g><g v="sing"></g><g v="accs"></g></l></v><v><l id="206649" t="оно"><g v="NPRO"></g><g v="neut"></g><g v="3per"></g><g v="Anph"></g><g v="sing"></g><g v="gent"></g></l></v><v><l id="206649" t="оно"><g v="NPRO"></g><g v="neut"></g><g v="3per"></g><g v="Anph"></g><g v="sing"></g><g v="accs"></g></l></v></tfr></token><token id="609096" text="не"><tfr rev_id="1441517" t="не"><v><l id="178876" t="не"><g v="PRCL"></g></l></v></tfr></token><token id="609097" text="приняла"><tfr rev_id="1441518" t="приняла"><v><l id="272700" t="принял"><g v="VERB"></g><g v="perf"></g><g v="tran"></g><g v="femn"></g><g v="sing"></g><g v="past"></g><g v="indc"></g></l></v></tfr></token><token id="609098" text="."><tfr rev_id="1441519" t="."><v><l id="0" t="."><g v="PNCT"></g></l></v></tfr></token></tokens></sentence></paragraph><paragraph id="10875"><sentence id="34029"><source>Беспорядки в Тунисе тем временем продолжаются.</source><tokens><token id="609099" text="Беспорядки"><tfr rev_id="3750002" t="Беспорядки"><v><l id="28482" t="беспорядок"><g v="NOUN"></g><g v="inan"></g><g v="masc"></g><g v="plur"></g><g v="nomn"></g></l></v></tfr></token><token id="609100" text="в"><tfr rev_id="1441521" t="в"><v><l id="37409" t="в"><g v="PREP"></g></l></v></tfr></token><token id="609101" text="Тунисе"><tfr rev_id="1441522" t="Тунисе"><v><l id="351555" t="тунис"><g v="NOUN"></g><g v="inan"></g><g v="masc"></g><g v="Geox"></g><g v="sing"></g><g v="loct"></g></l></v></tfr></token><token id="609102" text="тем"><tfr rev_id="4511913" t="тем"><v><l id="348430" t="тот"><g v="ADJF"></g><g v="Subx"></g><g v="Apro"></g><g v="Anph"></g><g v="neut"></g><g v="sing"></g><g v="ablt"></g></l></v></tfr></token><token id="609103" text="временем"><tfr rev_id="1441524" t="временем"><v><l id="53149" t="время"><g v="NOUN"></g><g v="inan"></g><g v="neut"></g><g v="sing"></g><g v="ablt"></g></l></v></tfr></token><token id="609104" text="продолжаются"><tfr rev_id="1441525" t="продолжаются"><v><l id="279222" t="продолжаюсь"><g v="VERB"></g><g v="impf"></g><g v="intr"></g><g v="plur"></g><g v="3per"></g><g v="pres"></g><g v="indc"></g></l></v></tfr></token><token id="609105" text="."><tfr rev_id="1441526" t="."><v><l id="0" t="."><g v="PNCT"></g></l></v></tfr></token></tokens></sentence><sentence id="34030"><source>В результате пожара в одной из тюрем погибли десятки человек — не менее 57 человек, по информации телеканала Al-Jazeera.</source><tokens><token id="609106" text="В"><tfr rev_id="1441527" t="В"><v><l id="37409" t="в"><g v="PREP"></g></l></v></tfr></token><token id="609107" text="результате"><tfr rev_id="1441528" t="результате"><v><l id="305391" t="результат"><g v="NOUN"></g><g v="inan"></g><g v="masc"></g><g v="sing"></g><g v="loct"></g></l></v></tfr></token><token id="609108" text="пожара"><tfr rev_id="1441529" t="пожара"><v><l id="253036" t="пожар"><g v="NOUN"></g><g v="inan"></g><g v="masc"></g><g v="sing"></g><g v="gent"></g></l></v></tfr></token><token id="609109" text="в"><tfr rev_id="1441530" t="в"><v><l id="37409" t="в"><g v="PREP"></g></l></v></tfr></token><token id="609110" text="одной"><tfr rev_id="4302344" t="одной"><v><l id="203319" t="один"><g v="ADJF"></g><g v="Apro"></g><g v="Anum"></g><g v="femn"></g><g v="sing"></g><g v="loct"></g></l></v></tfr></token><token id="609111" text="из"><tfr rev_id="1717878" t="из"><v><l id="117677" t="из"><g v="PREP"></g></l></v></tfr></token><token id="609112" text="тюрем"><tfr rev_id="1441533" t="тюрем"><v><l id="352528" t="тюрьма"><g v="NOUN"></g><g v="inan"></g><g v="femn"></g><g v="plur"></g><g v="gent"></g></l></v></tfr></token><token id="609113" text="погибли"><tfr rev_id="1441534" t="погибли"><v><l id="243191" t="погиб"><g v="VERB"></g><g v="perf"></g><g v="intr"></g><g v="plur"></g><g v="past"></g><g v="indc"></g></l></v></tfr></token><token id="609114" text="десятки"><tfr rev_id="4323909" t="десятки"><v><l id="82098" t="десятка"><g v="NOUN"></g><g v="inan"></g><g v="femn"></g><g v="plur"></g><g v="accs"></g></l></v><v><l id="82098" t="десятка"><g v="NOUN"></g><g v="inan"></g><g v="femn"></g><g v="plur"></g><g v="nomn"></g></l></v><v><l id="82098" t="десятка"><g v="NOUN"></g><g v="inan"></g><g v="femn"></g><g v="sing"></g><g v="gent"></g></l></v><v><l id="82106" t="десяток"><g v="NOUN"></g><g v="inan"></g><g v="masc"></g><g v="plur"></g><g v="accs"></g></l></v><v><l id="82106" t="десяток"><g v="NOUN"></g><g v="inan"></g><g v="masc"></g><g v="plur"></g><g v="nomn"></g></l></v></tfr></token><token id="609115" text="человек"><tfr rev_id="3447966" t="человек"><v><l id="375073" t="человек"><g v="NOUN"></g><g v="anim"></g><g v="masc"></g><g v="plur"></g><g v="gent"></g></l></v></tfr></token><token id="609116" text="—"><tfr rev_id="2443819" t="—"><v><l id="0" t="—"><g v="PNCT"></g></l></v></tfr></token><token id="609117" text="не"><tfr rev_id="1441538" t="не"><v><l id="178876" t="не"><g v="PRCL"></g></l></v></tfr></token><token id="609118" text="менее"><tfr rev_id="1441539" t="менее"><v><l id="158343" t="менее"><g v="ADVB"></g></l></v></tfr></token><token id="609119" text="57"><tfr rev_id="2461759" t="57"><v><l id="0" t="57"><g v="NUMB"></g></l></v></tfr></token><token id="609120" text="человек"><tfr rev_id="3497217" t="человек"><v><l id="375073" t="человек"><g v="NOUN"></g><g v="anim"></g><g v="masc"></g><g v="plur"></g><g v="gent"></g></l></v></tfr></token><token id="609121" text=","><tfr rev_id="1441542" t=","><v><l id="0" t=","><g v="PNCT"></g></l></v></tfr></token><token id="609122" text="по"><tfr rev_id="1441543" t="по"><v><l id="241240" t="по"><g v="PREP"></g></l></v></tfr></token><token id="609123" text="информации"><tfr rev_id="4178375" t="информации"><v><l id="123576" t="информация"><g v="NOUN"></g><g v="inan"></g><g v="femn"></g><g v="sing"></g><g v="datv"></g></l></v></tfr></token><token id="609124" text="телеканала"><tfr rev_id="1441545" t="телеканала"><v><l id="344167" t="телеканал"><g v="NOUN"></g><g v="inan"></g><g v="masc"></g><g v="sing"></g><g v="gent"></g></l></v></tfr></token><token id="609125" text="Al-Jazeera"><tfr rev_id="2474764" t="Al-Jazeera"><v><l id="0" t="Al-Jazeera"><g v="LATN"></g></l></v></tfr></token><token id="609126" text="."><tfr rev_id="1441547" t="."><v><l id="0" t="."><g v="PNCT"></g></l></v></tfr></token></tokens></sentence><sentence id="34031"><source>Кроме того, сообщается, что многим заключённым удалось сбежать в ходе пожара.</source><tokens><token id="609127" text="Кроме"><tfr rev_id="1441548" t="Кроме"><v><l id="143259" t="кроме"><g v="PREP"></g></l></v></tfr></token><token id="609128" text="того"><tfr rev_id="4536609" t="того"><v><l id="348430" t="тот"><g v="ADJF"></g><g v="Subx"></g><g v="Apro"></g><g v="Anph"></g><g v="masc"></g><g v="sing"></g><g v="gent"></g></l></v><v><l id="348430" t="тот"><g v="ADJF"></g><g v="Subx"></g><g v="Apro"></g><g v="Anph"></g><g v="neut"></g><g v="sing"></g><g v="gent"></g></l></v></tfr></token><token id="609129" text=","><tfr rev_id="1441550" t=","><v><l id="0" t=","><g v="PNCT"></g></l></v></tfr></token><token id="609130" text="сообщается"><tfr rev_id="1441551" t="сообщается"><v><l id="329545" t="сообщаюсь"><g v="VERB"></g><g v="impf"></g><g v="intr"></g><g v="sing"></g><g v="3per"></g><g v="pres"></g><g v="indc"></g></l></v></tfr></token><token id="609131" text=","><tfr rev_id="1441552" t=","><v><l id="0" t=","><g v="PNCT"></g></l></v></tfr></token><token id="609132" text="что"><tfr rev_id="3196856" t="что"><v><l id="377004" t="что"><g v="CONJ"></g></l></v><v><l id="377005" t="что"><g v="NPRO"></g><g v="neut"></g><g v="sing"></g><g v="nomn"></g></l></v><v><l id="377005" t="что"><g v="NPRO"></g><g v="neut"></g><g v="sing"></g><g v="accs"></g></l></v><v><l id="377006" t="что"><g v="ADVB"></g><g v="Ques"></g></l></v><v><l id="388695" t="что"><g v="PRCL"></g></l></v></tfr></token><token id="609133" text="многим"><tfr rev_id="4489909" t="многим"><v><l id="161427" t="многий"><g v="ADJF"></g><g v="Apro"></g><g v="plur"></g><g v="datv"></g></l></v></tfr></token><token id="609134" text="заключённым"><tfr rev_id="4360336" t="заключённым"><v><l id="103488" t="заключённый"><g v="PRTF"></g><g v="Subx"></g><g v="perf"></g><g v="tran"></g><g v="past"></g><g v="pssv"></g><g v="Adjx"></g><g v="plur"></g><g v="datv"></g></l></v></tfr></token><token id="609135" text="удалось"><tfr rev_id="1441556" t="удалось"><v><l id="354717" t="удался"><g v="VERB"></g><g v="perf"></g><g v="intr"></g><g v="neut"></g><g v="sing"></g><g v="past"></g><g v="indc"></g></l></v></tfr></token><token id="609136" text="сбежать"><tfr rev_id="1441557" t="сбежать"><v><l id="314162" t="сбежать"><g v="INFN"></g><g v="perf"></g><g v="intr"></g></l></v></tfr></token><token id="609137" text="в"><tfr rev_id="1441558" t="в"><v><l id="37409" t="в"><g v="PREP"></g></l></v></tfr></token><token id="609138" text="ходе"><tfr rev_id="1441559" t="ходе"><v><l id="371078" t="ход"><g v="NOUN"></g><g v="inan"></g><g v="masc"></g><g v="sing"></g><g v="loc1"></g></l></v></tfr></token><token id="609139" text="пожара"><tfr rev_id="1441560" t="пожара"><v><l id="253036" t="пожар"><g v="NOUN"></g><g v="inan"></g><g v="masc"></g><g v="sing"></g><g v="gent"></g></l></v></tfr></token><token id="609140" text="."><tfr rev_id="1441561" t="."><v><l id="0" t="."><g v="PNCT"></g></l></v></tfr></token></tokens></sentence><sentence id="34032"><source>Что именно стало его причиной, впрочем, не сообщается.</source><tokens><token id="609141" text="Что"><tfr rev_id="3196857" t="Что"><v><l id="377004" t="что"><g v="CONJ"></g></l></v><v><l id="377005" t="что"><g v="NPRO"></g><g v="neut"></g><g v="sing"></g><g v="nomn"></g></l></v><v><l id="377005" t="что"><g v="NPRO"></g><g v="neut"></g><g v="sing"></g><g v="accs"></g></l></v><v><l id="377006" t="что"><g v="ADVB"></g><g v="Ques"></g></l></v><v><l id="388695" t="что"><g v="PRCL"></g></l></v></tfr></token><token id="609142" text="именно"><tfr rev_id="1441563" t="именно"><v><l id="121584" t="именно"><g v="PRCL"></g></l></v></tfr></token><token id="609143" text="стало"><tfr rev_id="1441564" t="стало"><v><l id="335164" t="стал"><g v="VERB"></g><g v="perf"></g><g v="intr"></g><g v="neut"></g><g v="sing"></g><g v="past"></g><g v="indc"></g></l></v></tfr></token><token id="609144" text="его"><tfr rev_id="4096162" t="его"><v><l id="94208" t="его"><g v="ADJF"></g><g v="Fixd"></g><g v="Apro"></g><g v="Anph"></g><g v="masc"></g><g v="sing"></g><g v="nomn"></g></l></v><v><l id="94208" t="его"><g v="ADJF"></g><g v="Fixd"></g><g v="Apro"></g><g v="Anph"></g><g v="masc"></g><g v="sing"></g><g v="gent"></g></l></v><v><l id="94208" t="его"><g v="ADJF"></g><g v="Fixd"></g><g v="Apro"></g><g v="Anph"></g><g v="masc"></g><g v="sing"></g><g v="datv"></g></l></v><v><l id="94208" t="его"><g v="ADJF"></g><g v="Fixd"></g><g v="Apro"></g><g v="Anph"></g><g v="masc"></g><g v="sing"></g><g v="accs"></g></l></v><v><l id="94208" t="его"><g v="ADJF"></g><g v="Fixd"></g><g v="Apro"></g><g v="Anph"></g><g v="masc"></g><g v="sing"></g><g v="ablt"></g></l></v><v><l id="94208" t="его"><g v="ADJF"></g><g v="Fixd"></g><g v="Apro"></g><g v="Anph"></g><g v="masc"></g><g v="sing"></g><g v="loct"></g></l></v><v><l id="94208" t="его"><g v="ADJF"></g><g v="Fixd"></g><g v="Apro"></g><g v="Anph"></g><g v="femn"></g><g v="sing"></g><g v="nomn"></g></l></v><v><l id="94208" t="его"><g v="ADJF"></g><g v="Fixd"></g><g v="Apro"></g><g v="Anph"></g><g v="femn"></g><g v="sing"></g><g v="gent"></g></l></v><v><l id="94208" t="его"><g v="ADJF"></g><g v="Fixd"></g><g v="Apro"></g><g v="Anph"></g><g v="femn"></g><g v="sing"></g><g v="datv"></g></l></v><v><l id="94208" t="его"><g v="ADJF"></g><g v="Fixd"></g><g v="Apro"></g><g v="Anph"></g><g v="femn"></g><g v="sing"></g><g v="accs"></g></l></v><v><l id="94208" t="его"><g v="ADJF"></g><g v="Fixd"></g><g v="Apro"></g><g v="Anph"></g><g v="femn"></g><g v="sing"></g><g v="ablt"></g></l></v><v><l id="94208" t="его"><g v="ADJF"></g><g v="Fixd"></g><g v="Apro"></g><g v="Anph"></g><g v="femn"></g><g v="sing"></g><g v="loct"></g></l></v><v><l id="94208" t="его"><g v="ADJF"></g><g v="Fixd"></g><g v="Apro"></g><g v="Anph"></g><g v="neut"></g><g v="sing"></g><g v="nomn"></g></l></v><v><l id="94208" t="его"><g v="ADJF"></g><g v="Fixd"></g><g v="Apro"></g><g v="Anph"></g><g v="neut"></g><g v="sing"></g><g v="gent"></g></l></v><v><l id="94208" t="его"><g v="ADJF"></g><g v="Fixd"></g><g v="Apro"></g><g v="Anph"></g><g v="neut"></g><g v="sing"></g><g v="datv"></g></l></v><v><l id="94208" t="его"><g v="ADJF"></g><g v="Fixd"></g><g v="Apro"></g><g v="Anph"></g><g v="neut"></g><g v="sing"></g><g v="accs"></g></l></v><v><l id="94208" t="его"><g v="ADJF"></g><g v="Fixd"></g><g v="Apro"></g><g v="Anph"></g><g v="neut"></g><g v="sing"></g><g v="ablt"></g></l></v><v><l id="94208" t="его"><g v="ADJF"></g><g v="Fixd"></g><g v="Apro"></g><g v="Anph"></g><g v="neut"></g><g v="sing"></g><g v="loct"></g></l></v><v><l id="94208" t="его"><g v="ADJF"></g><g v="Fixd"></g><g v="Apro"></g><g v="Anph"></g><g v="plur"></g><g v="nomn"></g></l></v><v><l id="94208" t="его"><g v="ADJF"></g><g v="Fixd"></g><g v="Apro"></g><g v="Anph"></g><g v="plur"></g><g v="gent"></g></l></v><v><l id="94208" t="его"><g v="ADJF"></g><g v="Fixd"></g><g v="Apro"></g><g v="Anph"></g><g v="plur"></g><g v="datv"></g></l></v><v><l id="94208" t="его"><g v="ADJF"></g><g v="Fixd"></g><g v="Apro"></g><g v="Anph"></g><g v="plur"></g><g v="accs"></g></l></v><v><l id="94208" t="его"><g v="ADJF"></g><g v="Fixd"></g><g v="Apro"></g><g v="Anph"></g><g v="plur"></g><g v="ablt"></g></l></v><v><l id="94208" t="его"><g v="ADJF"></g><g v="Fixd"></g><g v="Apro"></g><g v="Anph"></g><g v="plur"></g><g v="loct"></g></l></v></tfr></token><token id="609145" text="причиной"><tfr rev_id="1441566" t="причиной"><v><l id="276522" t="причина"><g v="NOUN"></g><g v="inan"></g><g v="femn"></g><g v="sing"></g><g v="ablt"></g></l></v></tfr></token><token id="609146" text=","><tfr rev_id="1441567" t=","><v><l id="0" t=","><g v="PNCT"></g></l></v></tfr></token><token id="609147" text="впрочем"><tfr rev_id="3423255" t="впрочем"><v><l id="52738" t="впрочем"><g v="CONJ"></g><g v="Prnt"></g></l></v></tfr></token><token id="609148" text=","><tfr rev_id="1441569" t=","><v><l id="0" t=","><g v="PNCT"></g></l></v></tfr></token><token id="609149" text="не"><tfr rev_id="1441570" t="не"><v><l id="178876" t="не"><g v="PRCL"></g></l></v></tfr></token><token id="609150" text="сообщается"><tfr rev_id="1441571" t="сообщается"><v><l id="329545" t="сообщаюсь"><g v="VERB"></g><g v="impf"></g><g v="intr"></g><g v="sing"></g><g v="3per"></g><g v="pres"></g><g v="indc"></g></l></v></tfr></token><token id="609151" text="."><tfr rev_id="1441572" t="."><v><l id="0" t="."><g v="PNCT"></g></l></v></tfr></token></tokens></sentence></paragraph><paragraph id="10876"><sentence id="34033"><source>О стране, в которой ещё недавно можно было хорошо и дёшево отдохнуть, читайте в статье Частного корреспондента «Отдых вдвоем за 1000 евро»</source><tokens><token id="609152" text="О"><tfr rev_id="3226774" t="О"><v><l id="192977" t="о"><g v="PREP"></g></l></v></tfr></token><token id="609153" text="стране"><tfr rev_id="3447069" t="стране"><v><l id="337100" t="страна"><g v="NOUN"></g><g v="inan"></g><g v="femn"></g><g v="sing"></g><g v="loct"></g></l></v></tfr></token><token id="609154" text=","><tfr rev_id="1441575" t=","><v><l id="0" t=","><g v="PNCT"></g></l></v></tfr></token><token id="609155" text="в"><tfr rev_id="1441576" t="в"><v><l id="37409" t="в"><g v="PREP"></g></l></v></tfr></token><token id="609156" text="которой"><tfr rev_id="4166009" t="которой"><v><l id="141203" t="который"><g v="ADJF"></g><g v="Apro"></g><g v="Subx"></g><g v="Anph"></g><g v="femn"></g><g v="sing"></g><g v="loct"></g></l></v></tfr></token><token id="609157" text="ещё"><tfr rev_id="1441578" t="ещё"><v><l id="95551" t="ещё"><g v="PRCL"></g></l></v><v><l id="95552" t="ещё"><g v="ADVB"></g></l></v></tfr></token><token id="609158" text="недавно"><tfr rev_id="1441579" t="недавно"><v><l id="180623" t="недавно"><g v="ADVB"></g></l></v></tfr></token><token id="609159" text="можно"><tfr rev_id="1441580" t="можно"><v><l id="162467" t="можно"><g v="PRED"></g><g v="pres"></g></l></v></tfr></token><token id="609160" text="было"><tfr rev_id="3748897" t="было"><v><l id="37265" t="есть"><g v="VERB"></g><g v="impf"></g><g v="intr"></g><g v="neut"></g><g v="sing"></g><g v="past"></g><g v="indc"></g></l></v></tfr></token><token id="609161" text="хорошо"><tfr rev_id="1441582" t="хорошо"><v><l id="371669" t="хорош"><g v="ADJS"></g><g v="Qual"></g><g v="neut"></g><g v="sing"></g></l></v><v><l id="371678" t="хорошо"><g v="ADVB"></g><g v="Prdx"></g></l></v><v><l id="371679" t="хорошо"><g v="PRCL"></g></l></v><v><l id="371680" t="хорошо"><g v="PRED"></g><g v="pres"></g></l></v></tfr></token><token id="609162" text="и"><tfr rev_id="1441583" t="и"><v><l id="116949" t="и"><g v="CONJ"></g></l></v><v><l id="116950" t="и"><g v="INTJ"></g></l></v></tfr></token><token id="609163" text="дёшево"><tfr rev_id="4501505" t="дёшево"><v><l id="77568" t="дёшево"><g v="ADVB"></g></l></v><v><l id="82442" t="дёшев"><g v="ADJS"></g><g v="Qual"></g><g v="neut"></g><g v="sing"></g></l></v></tfr></token><token id="609164" text="отдохнуть"><tfr rev_id="1441585" t="отдохнуть"><v><l id="213470" t="отдохнуть"><g v="INFN"></g><g v="perf"></g><g v="intr"></g></l></v></tfr></token><token id="609165" text=","><tfr rev_id="1441586" t=","><v><l id="0" t=","><g v="PNCT"></g></l></v></tfr></token><token id="609166" text="читайте"><tfr rev_id="1441587" t="читайте"><v><l id="376719" t="читаю"><g v="VERB"></g><g v="impf"></g><g v="tran"></g><g v="plur"></g><g v="impr"></g><g v="excl"></g></l></v></tfr></token><token id="609167" text="в"><tfr rev_id="1441588" t="в"><v><l id="37409" t="в"><g v="PREP"></g></l></v></tfr></token><token id="609168" text="статье"><tfr rev_id="3541160" t="статье"><v><l id="335173" t="статья"><g v="NOUN"></g><g v="inan"></g><g v="femn"></g><g v="sing"></g><g v="loct"></g></l></v></tfr></token><token id="609169" text="Частного"><tfr rev_id="4371520" t="Частного"><v><l id="374795" t="частный"><g v="ADJF"></g><g v="Qual"></g><g v="masc"></g><g v="sing"></g><g v="gent"></g></l></v><v><l id="374795" t="частный"><g v="ADJF"></g><g v="Qual"></g><g v="anim"></g><g v="masc"></g><g v="sing"></g><g v="accs"></g></l></v></tfr></token><token id="609170" text="корреспондента"><tfr rev_id="4389600" t="корреспондента"><v><l id="140239" t="корреспондент"><g v="NOUN"></g><g v="anim"></g><g v="masc"></g><g v="sing"></g><g v="gent"></g></l></v></tfr></token><token id="609171" text="«"><tfr rev_id="2443820" t="«"><v><l id="0" t="«"><g v="PNCT"></g></l></v></tfr></token><token id="609172" text="Отдых"><tfr rev_id="1441593" t="Отдых"><v><l id="213537" t="отдых"><g v="NOUN"></g><g v="inan"></g><g v="masc"></g><g v="sing"></g><g v="nomn"></g></l></v><v><l id="213537" t="отдых"><g v="NOUN"></g><g v="inan"></g><g v="masc"></g><g v="sing"></g><g v="accs"></g></l></v></tfr></token><token id="609173" text="вдвоем"><tfr rev_id="1441594" t="вдвоем"><v><l id="40045" t="вдвоём"><g v="ADVB"></g></l></v></tfr></token><token id="609174" text="за"><tfr rev_id="1441595" t="за"><v><l id="98043" t="за"><g v="PREP"></g></l></v></tfr></token><token id="609175" text="1000"><tfr rev_id="2461760" t="1000"><v><l id="0" t="1000"><g v="NUMB"></g></l></v></tfr></token><token id="609176" text="евро"><tfr rev_id="4162618" t="евро"><v><l id="94004" t="евро"><g v="NOUN"></g><g v="inan"></g><g v="neut"></g><g v="Fixd"></g><g v="plur"></g><g v="gent"></g></l></v></tfr></token><token id="609177" text="»"><tfr rev_id="2443821" t="»"><v><l id="0" t="»"><g v="PNCT"></g></l></v></tfr></token></tokens></sentence></paragraph></paragraphs></text>