<?xml version="1.0" encoding="utf-8"?><text id="1149" parent="226" name="09848 АвтоВАЗ заработал"><tags><tag>url:http://www.chaskor.ru/news/avtovaz_zarabotal_9848</tag><tag>Год:2009</tag><tag>Дата:01/09</tag><tag>Тема:ЧасКор:Экономика</tag><tag>Тема:ЧасКор:Экономика/Индустрия</tag></tags><paragraphs><paragraph id="10884"><sentence id="34063"><source>АвтоВАЗ заработал</source><tokens><token id="609788" text="АвтоВАЗ"><tfr rev_id="3949384" t="АвтоВАЗ"><v><l id="3031" t="автоваз"><g v="NOUN"></g><g v="inan"></g><g v="masc"></g><g v="Orgn"></g><g v="sing"></g><g v="nomn"></g></l></v></tfr></token><token id="609789" text="заработал"><tfr rev_id="1442210" t="заработал"><v><l id="108485" t="заработал"><g v="VERB"></g><g v="perf"></g><g v="tran"></g><g v="masc"></g><g v="sing"></g><g v="past"></g><g v="indc"></g></l></v><v><l id="108491" t="заработал"><g v="VERB"></g><g v="perf"></g><g v="intr"></g><g v="masc"></g><g v="sing"></g><g v="past"></g><g v="indc"></g></l></v></tfr></token></tokens></sentence><sentence id="34064"><source>Конвейеры «АвтоВАЗа» снова запущены.</source><tokens><token id="609790" text="Конвейеры"><tfr rev_id="3749725" t="Конвейеры"><v><l id="137502" t="конвейер"><g v="NOUN"></g><g v="inan"></g><g v="masc"></g><g v="plur"></g><g v="nomn"></g></l></v></tfr></token><token id="609791" text="«"><tfr rev_id="2443856" t="«"><v><l id="0" t="«"><g v="PNCT"></g></l></v></tfr></token><token id="609792" text="АвтоВАЗа"><tfr rev_id="1442213" t="АвтоВАЗа"><v><l id="3031" t="автоваз"><g v="NOUN"></g><g v="inan"></g><g v="masc"></g><g v="Orgn"></g><g v="sing"></g><g v="gent"></g></l></v></tfr></token><token id="609793" text="»"><tfr rev_id="2443857" t="»"><v><l id="0" t="»"><g v="PNCT"></g></l></v></tfr></token><token id="609794" text="снова"><tfr rev_id="1442215" t="снова"><v><l id="327458" t="снова"><g v="ADVB"></g></l></v></tfr></token><token id="609795" text="запущены"><tfr rev_id="1442216" t="запущены"><v><l id="108330" t="запущен"><g v="PRTS"></g><g v="perf"></g><g v="past"></g><g v="pssv"></g><g v="plur"></g></l></v></tfr></token><token id="609796" text="."><tfr rev_id="1442217" t="."><v><l id="0" t="."><g v="PNCT"></g></l></v></tfr></token></tokens></sentence></paragraph><paragraph id="10885"><sentence id="34065"><source>Завод «АвтоВАЗ» сегодня, 1 сентября, возобновил свою работу.</source><tokens><token id="609797" text="Завод"><tfr rev_id="3689208" t="Завод"><v><l id="99792" t="завод"><g v="NOUN"></g><g v="inan"></g><g v="masc"></g><g v="sing"></g><g v="nomn"></g></l></v></tfr></token><token id="609798" text="«"><tfr rev_id="2443858" t="«"><v><l id="0" t="«"><g v="PNCT"></g></l></v></tfr></token><token id="609799" text="АвтоВАЗ"><tfr rev_id="4098731" t="АвтоВАЗ"><v><l id="3031" t="автоваз"><g v="NOUN"></g><g v="inan"></g><g v="masc"></g><g v="Orgn"></g><g v="sing"></g><g v="nomn"></g></l></v></tfr></token><token id="609800" text="»"><tfr rev_id="2443859" t="»"><v><l id="0" t="»"><g v="PNCT"></g></l></v></tfr></token><token id="609801" text="сегодня"><tfr rev_id="1442222" t="сегодня"><v><l id="317730" t="сегодня"><g v="ADVB"></g></l></v></tfr></token><token id="609802" text=","><tfr rev_id="1442223" t=","><v><l id="0" t=","><g v="PNCT"></g></l></v></tfr></token><token id="609803" text="1"><tfr rev_id="2461775" t="1"><v><l id="0" t="1"><g v="NUMB"></g></l></v></tfr></token><token id="609804" text="сентября"><tfr rev_id="1442225" t="сентября"><v><l id="318866" t="сентябрь"><g v="NOUN"></g><g v="inan"></g><g v="masc"></g><g v="sing"></g><g v="gent"></g></l></v></tfr></token><token id="609805" text=","><tfr rev_id="1442226" t=","><v><l id="0" t=","><g v="PNCT"></g></l></v></tfr></token><token id="609806" text="возобновил"><tfr rev_id="1442227" t="возобновил"><v><l id="49559" t="возобновил"><g v="VERB"></g><g v="perf"></g><g v="tran"></g><g v="masc"></g><g v="sing"></g><g v="past"></g><g v="indc"></g></l></v></tfr></token><token id="609807" text="свою"><tfr rev_id="3632246" t="свою"><v><l id="316379" t="свой"><g v="ADJF"></g><g v="Apro"></g><g v="Anph"></g><g v="femn"></g><g v="sing"></g><g v="accs"></g></l></v></tfr></token><token id="609808" text="работу"><tfr rev_id="1442229" t="работу"><v><l id="290501" t="работа"><g v="NOUN"></g><g v="inan"></g><g v="femn"></g><g v="sing"></g><g v="accs"></g></l></v></tfr></token><token id="609809" text="."><tfr rev_id="1442230" t="."><v><l id="0" t="."><g v="PNCT"></g></l></v></tfr></token></tokens></sentence><sentence id="34066"><source>Началась также сборка автомобилей Chevrolet Niva на СП «GM-АвтоВАЗ».</source><tokens><token id="609810" text="Началась"><tfr rev_id="1442231" t="Началась"><v><l id="178230" t="начался"><g v="VERB"></g><g v="perf"></g><g v="intr"></g><g v="femn"></g><g v="sing"></g><g v="past"></g><g v="indc"></g></l></v></tfr></token><token id="609811" text="также"><tfr rev_id="4267728" t="также"><v><l id="342482" t="также"><g v="PRCL"></g></l></v></tfr></token><token id="609812" text="сборка"><tfr rev_id="1442233" t="сборка"><v><l id="314366" t="сборка"><g v="NOUN"></g><g v="inan"></g><g v="femn"></g><g v="sing"></g><g v="nomn"></g></l></v></tfr></token><token id="609813" text="автомобилей"><tfr rev_id="1442234" t="автомобилей"><v><l id="3266" t="автомобиль"><g v="NOUN"></g><g v="inan"></g><g v="masc"></g><g v="plur"></g><g v="gent"></g></l></v></tfr></token><token id="609814" text="Chevrolet"><tfr rev_id="2474782" t="Chevrolet"><v><l id="0" t="Chevrolet"><g v="LATN"></g></l></v></tfr></token><token id="609815" text="Niva"><tfr rev_id="2474783" t="Niva"><v><l id="0" t="Niva"><g v="LATN"></g></l></v></tfr></token><token id="609816" text="на"><tfr rev_id="3337144" t="на"><v><l id="166264" t="на"><g v="PREP"></g></l></v></tfr></token><token id="609817" text="СП"><tfr rev_id="4573671" t="СП"><v><l id="331384" t="сп"><g v="NOUN"></g><g v="inan"></g><g v="neut"></g><g v="Fixd"></g><g v="Abbr"></g><g v="Orgn"></g><g v="sing"></g><g v="loct"></g></l></v></tfr></token><token id="609818" text="«"><tfr rev_id="2443860" t="«"><v><l id="0" t="«"><g v="PNCT"></g></l></v></tfr></token><token id="609819" text="GM-АвтоВАЗ"><tfr rev_id="1442240" t="GM-АвтоВАЗ"><v><l id="0" t="GM-АвтоВАЗ"><g v="UNKN"></g></l></v></tfr></token><token id="609820" text="»"><tfr rev_id="2443861" t="»"><v><l id="0" t="»"><g v="PNCT"></g></l></v></tfr></token><token id="609821" text="."><tfr rev_id="1442242" t="."><v><l id="0" t="."><g v="PNCT"></g></l></v></tfr></token></tokens></sentence><sentence id="34067"><source>Завод не работал с 3 августа.</source><tokens><token id="609822" text="Завод"><tfr rev_id="3497439" t="Завод"><v><l id="99792" t="завод"><g v="NOUN"></g><g v="inan"></g><g v="masc"></g><g v="sing"></g><g v="nomn"></g></l></v></tfr></token><token id="609823" text="не"><tfr rev_id="1442244" t="не"><v><l id="178876" t="не"><g v="PRCL"></g></l></v></tfr></token><token id="609824" text="работал"><tfr rev_id="1442245" t="работал"><v><l id="290502" t="работаю"><g v="VERB"></g><g v="impf"></g><g v="intr"></g><g v="masc"></g><g v="sing"></g><g v="past"></g><g v="indc"></g></l></v></tfr></token><token id="609825" text="с"><tfr rev_id="1442246" t="с"><v><l id="311151" t="с"><g v="PREP"></g></l></v></tfr></token><token id="609826" text="3"><tfr rev_id="2461776" t="3"><v><l id="0" t="3"><g v="NUMB"></g></l></v></tfr></token><token id="609827" text="августа"><tfr rev_id="3470669" t="августа"><v><l id="2368" t="август"><g v="NOUN"></g><g v="inan"></g><g v="masc"></g><g v="sing"></g><g v="gent"></g></l></v></tfr></token><token id="609828" text="."><tfr rev_id="1442249" t="."><v><l id="0" t="."><g v="PNCT"></g></l></v></tfr></token></tokens></sentence></paragraph><paragraph id="10886"><sentence id="34068"><source>Впрочем, отмечает «Интерфакс», конвейер самого"АвтоВАЗа"все равно запущен не на полную мощность - продажи отечественных авто продолжают падать.</source><tokens><token id="609829" text="Впрочем"><tfr rev_id="3423256" t="Впрочем"><v><l id="52738" t="впрочем"><g v="CONJ"></g><g v="Prnt"></g></l></v></tfr></token><token id="609830" text=","><tfr rev_id="1442251" t=","><v><l id="0" t=","><g v="PNCT"></g></l></v></tfr></token><token id="609831" text="отмечает"><tfr rev_id="1442252" t="отмечает"><v><l id="215600" t="отмечаю"><g v="VERB"></g><g v="impf"></g><g v="tran"></g><g v="sing"></g><g v="3per"></g><g v="pres"></g><g v="indc"></g></l></v></tfr></token><token id="609832" text="«"><tfr rev_id="2443862" t="«"><v><l id="0" t="«"><g v="PNCT"></g></l></v></tfr></token><token id="609833" text="Интерфакс"><tfr rev_id="4506122" t="Интерфакс"><v><l id="123339" t="интерфакс"><g v="NOUN"></g><g v="inan"></g><g v="masc"></g><g v="Orgn"></g><g v="sing"></g><g v="nomn"></g></l></v></tfr></token><token id="609834" text="»"><tfr rev_id="2443863" t="»"><v><l id="0" t="»"><g v="PNCT"></g></l></v></tfr></token><token id="609835" text=","><tfr rev_id="1442256" t=","><v><l id="0" t=","><g v="PNCT"></g></l></v></tfr></token><token id="609836" text="конвейер"><tfr rev_id="4105629" t="конвейер"><v><l id="137502" t="конвейер"><g v="NOUN"></g><g v="inan"></g><g v="masc"></g><g v="sing"></g><g v="nomn"></g></l></v></tfr></token><token id="609837" text="самого"><tfr rev_id="4415155" t="самого"><v><l id="312034" t="сам"><g v="ADJF"></g><g v="Apro"></g><g v="masc"></g><g v="sing"></g><g v="gent"></g></l></v><v><l id="313174" t="самый"><g v="ADJF"></g><g v="Apro"></g><g v="masc"></g><g v="sing"></g><g v="gent"></g></l></v></tfr></token><token id="609838" text="&quot;"><tfr rev_id="1442259" t="&quot;"><v><l id="0" t="&quot;"><g v="PNCT"></g></l></v></tfr></token><token id="609839" text="АвтоВАЗа"><tfr rev_id="1442260" t="АвтоВАЗа"><v><l id="3031" t="автоваз"><g v="NOUN"></g><g v="inan"></g><g v="masc"></g><g v="Orgn"></g><g v="sing"></g><g v="gent"></g></l></v></tfr></token><token id="609840" text="&quot;"><tfr rev_id="1442261" t="&quot;"><v><l id="0" t="&quot;"><g v="PNCT"></g></l></v></tfr></token><token id="609841" text="все"><tfr rev_id="4510319" t="все"><v><l id="42156" t="весь"><g v="ADJF"></g><g v="Subx"></g><g v="Apro"></g><g v="neut"></g><g v="sing"></g><g v="accs"></g></l></v><v><l id="42156" t="весь"><g v="ADJF"></g><g v="Subx"></g><g v="Apro"></g><g v="neut"></g><g v="sing"></g><g v="nomn"></g></l></v></tfr></token><token id="609842" text="равно"><tfr rev_id="4501665" t="равно"><v><l id="290596" t="равно"><g v="ADVB"></g><g v="Prdx"></g></l></v><v><l id="290597" t="равно"><g v="CONJ"></g></l></v><v><l id="290755" t="равен"><g v="ADJS"></g><g v="Qual"></g><g v="neut"></g><g v="sing"></g></l></v></tfr></token><token id="609843" text="запущен"><tfr rev_id="1442264" t="запущен"><v><l id="108330" t="запущен"><g v="PRTS"></g><g v="perf"></g><g v="past"></g><g v="pssv"></g><g v="masc"></g><g v="sing"></g></l></v><v><l id="108384" t="запущен"><g v="ADJS"></g><g v="Qual"></g><g v="masc"></g><g v="sing"></g></l></v></tfr></token><token id="609844" text="не"><tfr rev_id="1442265" t="не"><v><l id="178876" t="не"><g v="PRCL"></g></l></v></tfr></token><token id="609845" text="на"><tfr rev_id="3342977" t="на"><v><l id="166264" t="на"><g v="PREP"></g></l></v></tfr></token><token id="609846" text="полную"><tfr rev_id="1442267" t="полную"><v><l id="256169" t="полный"><g v="ADJF"></g><g v="Qual"></g><g v="femn"></g><g v="sing"></g><g v="accs"></g></l></v></tfr></token><token id="609847" text="мощность"><tfr rev_id="3486400" t="мощность"><v><l id="164527" t="мощность"><g v="NOUN"></g><g v="inan"></g><g v="femn"></g><g v="sing"></g><g v="accs"></g></l></v></tfr></token><token id="609848" text="-"><tfr rev_id="1442269" t="-"><v><l id="0" t="-"><g v="PNCT"></g></l></v></tfr></token><token id="609849" text="продажи"><tfr rev_id="3802681" t="продажи"><v><l id="278949" t="продажа"><g v="NOUN"></g><g v="inan"></g><g v="femn"></g><g v="plur"></g><g v="nomn"></g></l></v></tfr></token><token id="609850" text="отечественных"><tfr rev_id="4099698" t="отечественных"><v><l id="213630" t="отечественный"><g v="ADJF"></g><g v="plur"></g><g v="gent"></g></l></v></tfr></token><token id="609851" text="авто"><tfr rev_id="4178798" t="авто"><v><l id="2992" t="авто"><g v="NOUN"></g><g v="inan"></g><g v="neut"></g><g v="Fixd"></g><g v="plur"></g><g v="gent"></g></l></v></tfr></token><token id="609852" text="продолжают"><tfr rev_id="1442273" t="продолжают"><v><l id="279215" t="продолжаю"><g v="VERB"></g><g v="impf"></g><g v="tran"></g><g v="plur"></g><g v="3per"></g><g v="pres"></g><g v="indc"></g></l></v></tfr></token><token id="609853" text="падать"><tfr rev_id="1442274" t="падать"><v><l id="222504" t="падать"><g v="INFN"></g><g v="impf"></g><g v="intr"></g></l></v></tfr></token><token id="609854" text="."><tfr rev_id="1442275" t="."><v><l id="0" t="."><g v="PNCT"></g></l></v></tfr></token></tokens></sentence></paragraph><paragraph id="10887"><sentence id="34069"><source>«Работа завода возобновлена, но в режиме сокращенной рабочей недели завод будет работать в одну смену по 8 часов»,</source><tokens><token id="609855" text="«"><tfr rev_id="2443864" t="«"><v><l id="0" t="«"><g v="PNCT"></g></l></v></tfr></token><token id="609856" text="Работа"><tfr rev_id="1442277" t="Работа"><v><l id="290501" t="работа"><g v="NOUN"></g><g v="inan"></g><g v="femn"></g><g v="sing"></g><g v="nomn"></g></l></v></tfr></token><token id="609857" text="завода"><tfr rev_id="1442278" t="завода"><v><l id="99792" t="завод"><g v="NOUN"></g><g v="inan"></g><g v="masc"></g><g v="sing"></g><g v="gent"></g></l></v></tfr></token><token id="609858" text="возобновлена"><tfr rev_id="1442279" t="возобновлена"><v><l id="49563" t="возобновлён"><g v="PRTS"></g><g v="perf"></g><g v="past"></g><g v="pssv"></g><g v="femn"></g><g v="sing"></g></l></v></tfr></token><token id="609859" text=","><tfr rev_id="1442280" t=","><v><l id="0" t=","><g v="PNCT"></g></l></v></tfr></token><token id="609860" text="но"><tfr rev_id="3557718" t="но"><v><l id="191429" t="но"><g v="CONJ"></g></l></v></tfr></token><token id="609861" text="в"><tfr rev_id="1442282" t="в"><v><l id="37409" t="в"><g v="PREP"></g></l></v></tfr></token><token id="609862" text="режиме"><tfr rev_id="1442283" t="режиме"><v><l id="305124" t="режим"><g v="NOUN"></g><g v="inan"></g><g v="masc"></g><g v="sing"></g><g v="loct"></g></l></v></tfr></token><token id="609863" text="сокращенной"><tfr rev_id="3685351" t="сокращенной"><v><l id="328821" t="сокращённый"><g v="PRTF"></g><g v="perf"></g><g v="tran"></g><g v="past"></g><g v="pssv"></g><g v="Adjx"></g><g v="femn"></g><g v="sing"></g><g v="gent"></g></l></v></tfr></token><token id="609864" text="рабочей"><tfr rev_id="4494436" t="рабочей"><v><l id="290534" t="рабочий"><g v="ADJF"></g><g v="femn"></g><g v="sing"></g><g v="gent"></g></l></v></tfr></token><token id="609865" text="недели"><tfr rev_id="3506623" t="недели"><v><l id="180718" t="неделя"><g v="NOUN"></g><g v="inan"></g><g v="femn"></g><g v="sing"></g><g v="gent"></g></l></v></tfr></token><token id="609866" text="завод"><tfr rev_id="1442287" t="завод"><v><l id="99792" t="завод"><g v="NOUN"></g><g v="inan"></g><g v="masc"></g><g v="sing"></g><g v="nomn"></g></l></v><v><l id="99792" t="завод"><g v="NOUN"></g><g v="inan"></g><g v="masc"></g><g v="sing"></g><g v="accs"></g></l></v></tfr></token><token id="609867" text="будет"><tfr rev_id="1442288" t="будет"><v><l id="37265" t="есть"><g v="VERB"></g><g v="impf"></g><g v="intr"></g><g v="sing"></g><g v="3per"></g><g v="futr"></g><g v="indc"></g></l></v></tfr></token><token id="609868" text="работать"><tfr rev_id="1442289" t="работать"><v><l id="290503" t="работать"><g v="INFN"></g><g v="impf"></g><g v="intr"></g></l></v></tfr></token><token id="609869" text="в"><tfr rev_id="1442290" t="в"><v><l id="37409" t="в"><g v="PREP"></g></l></v></tfr></token><token id="609870" text="одну"><tfr rev_id="4302834" t="одну"><v><l id="203319" t="один"><g v="ADJF"></g><g v="Apro"></g><g v="Anum"></g><g v="femn"></g><g v="sing"></g><g v="accs"></g></l></v></tfr></token><token id="609871" text="смену"><tfr rev_id="1442292" t="смену"><v><l id="326053" t="смена"><g v="NOUN"></g><g v="inan"></g><g v="femn"></g><g v="sing"></g><g v="accs"></g></l></v></tfr></token><token id="609872" text="по"><tfr rev_id="1442293" t="по"><v><l id="241240" t="по"><g v="PREP"></g></l></v></tfr></token><token id="609873" text="8"><tfr rev_id="2461777" t="8"><v><l id="0" t="8"><g v="NUMB"></g></l></v></tfr></token><token id="609874" text="часов"><tfr rev_id="1442295" t="часов"><v><l id="374736" t="час"><g v="NOUN"></g><g v="inan"></g><g v="masc"></g><g v="plur"></g><g v="gent"></g></l></v><v><l id="374822" t="часы"><g v="NOUN"></g><g v="inan"></g><g v="GNdr"></g><g v="Pltm"></g><g v="plur"></g><g v="gent"></g></l></v></tfr></token><token id="609875" text="»"><tfr rev_id="2443865" t="»"><v><l id="0" t="»"><g v="PNCT"></g></l></v></tfr></token><token id="609876" text=","><tfr rev_id="1442297" t=","><v><l id="0" t=","><g v="PNCT"></g></l></v></tfr></token></tokens></sentence><sentence id="34070"><source>- говорят на предприятии.</source><tokens><token id="609877" text="-"><tfr rev_id="1442298" t="-"><v><l id="0" t="-"><g v="PNCT"></g></l></v></tfr></token><token id="609878" text="говорят"><tfr rev_id="4232988" t="говорят"><v><l id="72053" t="говорю"><g v="VERB"></g><g v="impf"></g><g v="tran"></g><g v="plur"></g><g v="3per"></g><g v="pres"></g><g v="indc"></g></l></v></tfr></token><token id="609879" text="на"><tfr rev_id="3475230" t="на"><v><l id="166264" t="на"><g v="PREP"></g></l></v></tfr></token><token id="609880" text="предприятии"><tfr rev_id="1442301" t="предприятии"><v><l id="266920" t="предприятие"><g v="NOUN"></g><g v="inan"></g><g v="neut"></g><g v="sing"></g><g v="loct"></g></l></v></tfr></token><token id="609881" text="."><tfr rev_id="1442302" t="."><v><l id="0" t="."><g v="PNCT"></g></l></v></tfr></token></tokens></sentence><sentence id="34071"><source>Одна смена работников конвейера будет работать 14 дней (50% от рабочего времени), потом ее сменит другая смена.</source><tokens><token id="609882" text="Одна"><tfr rev_id="4301867" t="Одна"><v><l id="203319" t="один"><g v="ADJF"></g><g v="Apro"></g><g v="Anum"></g><g v="femn"></g><g v="sing"></g><g v="nomn"></g></l></v></tfr></token><token id="609883" text="смена"><tfr rev_id="1442304" t="смена"><v><l id="326053" t="смена"><g v="NOUN"></g><g v="inan"></g><g v="femn"></g><g v="sing"></g><g v="nomn"></g></l></v></tfr></token><token id="609884" text="работников"><tfr rev_id="2367310" t="работников"><v><l id="290512" t="работник"><g v="NOUN"></g><g v="anim"></g><g v="masc"></g><g v="plur"></g><g v="gent"></g></l></v></tfr></token><token id="609885" text="конвейера"><tfr rev_id="1442306" t="конвейера"><v><l id="137502" t="конвейер"><g v="NOUN"></g><g v="inan"></g><g v="masc"></g><g v="sing"></g><g v="gent"></g></l></v></tfr></token><token id="609886" text="будет"><tfr rev_id="1442307" t="будет"><v><l id="37265" t="есть"><g v="VERB"></g><g v="impf"></g><g v="intr"></g><g v="sing"></g><g v="3per"></g><g v="futr"></g><g v="indc"></g></l></v></tfr></token><token id="609887" text="работать"><tfr rev_id="1442308" t="работать"><v><l id="290503" t="работать"><g v="INFN"></g><g v="impf"></g><g v="intr"></g></l></v></tfr></token><token id="609888" text="14"><tfr rev_id="2461778" t="14"><v><l id="0" t="14"><g v="NUMB"></g></l></v></tfr></token><token id="609889" text="дней"><tfr rev_id="1442310" t="дней"><v><l id="81427" t="день"><g v="NOUN"></g><g v="inan"></g><g v="masc"></g><g v="plur"></g><g v="gent"></g></l></v></tfr></token><token id="609890" text="("><tfr rev_id="1442311" t="("><v><l id="0" t="("><g v="PNCT"></g></l></v></tfr></token><token id="609891" text="50"><tfr rev_id="2461779" t="50"><v><l id="0" t="50"><g v="NUMB"></g></l></v></tfr></token><token id="609892" text="%"><tfr rev_id="2443866" t="%"><v><l id="0" t="%"><g v="PNCT"></g></l></v></tfr></token><token id="609893" text="от"><tfr rev_id="1442314" t="от"><v><l id="211644" t="от"><g v="PREP"></g></l></v></tfr></token><token id="609894" text="рабочего"><tfr rev_id="4494343" t="рабочего"><v><l id="290534" t="рабочий"><g v="ADJF"></g><g v="neut"></g><g v="sing"></g><g v="gent"></g></l></v></tfr></token><token id="609895" text="времени"><tfr rev_id="3548512" t="времени"><v><l id="53149" t="время"><g v="NOUN"></g><g v="inan"></g><g v="neut"></g><g v="sing"></g><g v="gent"></g></l></v></tfr></token><token id="609896" text=")"><tfr rev_id="1442317" t=")"><v><l id="0" t=")"><g v="PNCT"></g></l></v></tfr></token><token id="609897" text=","><tfr rev_id="1442318" t=","><v><l id="0" t=","><g v="PNCT"></g></l></v></tfr></token><token id="609898" text="потом"><tfr rev_id="4264537" t="потом"><v><l id="263319" t="потом"><g v="ADVB"></g></l></v></tfr></token><token id="609899" text="ее"><tfr rev_id="4572202" t="ее"><v><l id="206544" t="она"><g v="NPRO"></g><g v="femn"></g><g v="3per"></g><g v="Anph"></g><g v="sing"></g><g v="gent"></g></l></v><v><l id="206544" t="она"><g v="NPRO"></g><g v="femn"></g><g v="3per"></g><g v="Anph"></g><g v="sing"></g><g v="accs"></g></l></v></tfr></token><token id="609900" text="сменит"><tfr rev_id="1442321" t="сменит"><v><l id="326054" t="сменил"><g v="VERB"></g><g v="perf"></g><g v="tran"></g><g v="sing"></g><g v="3per"></g><g v="futr"></g><g v="indc"></g></l></v></tfr></token><token id="609901" text="другая"><tfr rev_id="3560932" t="другая"><v><l id="92342" t="другой"><g v="ADJF"></g><g v="Apro"></g><g v="Subx"></g><g v="femn"></g><g v="sing"></g><g v="nomn"></g></l></v></tfr></token><token id="609902" text="смена"><tfr rev_id="1442323" t="смена"><v><l id="326053" t="смена"><g v="NOUN"></g><g v="inan"></g><g v="femn"></g><g v="sing"></g><g v="nomn"></g></l></v></tfr></token><token id="609903" text="."><tfr rev_id="1442324" t="."><v><l id="0" t="."><g v="PNCT"></g></l></v></tfr></token></tokens></sentence><sentence id="34072"><source>Сейчас на предприятии задействовано 110 тыс. человек.</source><tokens><token id="609904" text="Сейчас"><tfr rev_id="1442325" t="Сейчас"><v><l id="317975" t="сейчас"><g v="ADVB"></g></l></v></tfr></token><token id="609905" text="на"><tfr rev_id="3337742" t="на"><v><l id="166264" t="на"><g v="PREP"></g></l></v></tfr></token><token id="609906" text="предприятии"><tfr rev_id="1442327" t="предприятии"><v><l id="266920" t="предприятие"><g v="NOUN"></g><g v="inan"></g><g v="neut"></g><g v="sing"></g><g v="loct"></g></l></v></tfr></token><token id="609907" text="задействовано"><tfr rev_id="1442328" t="задействовано"><v><l id="101521" t="задействован"><g v="PRTS"></g><g v="perf"></g><g v="past"></g><g v="pssv"></g><g v="neut"></g><g v="sing"></g></l></v></tfr></token><token id="609908" text="110"><tfr rev_id="2461780" t="110"><v><l id="0" t="110"><g v="NUMB"></g></l></v></tfr></token><token id="609909" text="тыс"><tfr rev_id="4287432" t="тыс"><v><l id="389041" t="тыс"><g v="NOUN"></g><g v="inan"></g><g v="femn"></g><g v="Fixd"></g><g v="Abbr"></g><g v="plur"></g><g v="gent"></g></l></v></tfr></token><token id="609910" text="."><tfr rev_id="1442331" t="."><v><l id="0" t="."><g v="PNCT"></g></l></v></tfr></token><token id="609911" text="человек"><tfr rev_id="3483243" t="человек"><v><l id="375073" t="человек"><g v="NOUN"></g><g v="anim"></g><g v="masc"></g><g v="plur"></g><g v="gent"></g></l></v></tfr></token><token id="609912" text="."><tfr rev_id="1442333" t="."><v><l id="0" t="."><g v="PNCT"></g></l></v></tfr></token></tokens></sentence></paragraph><paragraph id="10888"><sentence id="34073"><source>О проблемах отечественного автопрома читайте в материале «Лучше бы Дерипаске отдали».</source><tokens><token id="609913" text="О"><tfr rev_id="1442334" t="О"><v><l id="192977" t="о"><g v="PREP"></g></l></v><v><l id="192978" t="о"><g v="INTJ"></g></l></v></tfr></token><token id="609914" text="проблемах"><tfr rev_id="1442335" t="проблемах"><v><l id="277255" t="проблема"><g v="NOUN"></g><g v="inan"></g><g v="femn"></g><g v="plur"></g><g v="loct"></g></l></v></tfr></token><token id="609915" text="отечественного"><tfr rev_id="3408417" t="отечественного"><v><l id="213630" t="отечественный"><g v="ADJF"></g><g v="masc"></g><g v="sing"></g><g v="gent"></g></l></v><v><l id="213630" t="отечественный"><g v="ADJF"></g><g v="anim"></g><g v="masc"></g><g v="sing"></g><g v="accs"></g></l></v></tfr></token><token id="609916" text="автопрома"><tfr rev_id="4566679" t="автопрома"><v><l id="393837" t="автопром"><g v="NOUN"></g><g v="inan"></g><g v="masc"></g><g v="sing"></g><g v="gent"></g></l></v></tfr></token><token id="609917" text="читайте"><tfr rev_id="1442338" t="читайте"><v><l id="376719" t="читаю"><g v="VERB"></g><g v="impf"></g><g v="tran"></g><g v="plur"></g><g v="impr"></g><g v="excl"></g></l></v></tfr></token><token id="609918" text="в"><tfr rev_id="1442339" t="в"><v><l id="37409" t="в"><g v="PREP"></g></l></v></tfr></token><token id="609919" text="материале"><tfr rev_id="1442340" t="материале"><v><l id="156200" t="материал"><g v="NOUN"></g><g v="inan"></g><g v="masc"></g><g v="sing"></g><g v="loct"></g></l></v></tfr></token><token id="609920" text="«"><tfr rev_id="2443867" t="«"><v><l id="0" t="«"><g v="PNCT"></g></l></v></tfr></token><token id="609921" text="Лучше"><tfr rev_id="1442342" t="Лучше"><v><l id="151661" t="лучше"><g v="PRCL"></g></l></v><v><l id="371670" t="лучше"><g v="COMP"></g><g v="Qual"></g></l></v></tfr></token><token id="609922" text="бы"><tfr rev_id="1442343" t="бы"><v><l id="36985" t="бы"><g v="PRCL"></g></l></v></tfr></token><token id="609923" text="Дерипаске"><tfr rev_id="1442344" t="Дерипаске"><v><l id="0" t="дерипаске"><g v="UNKN"></g></l></v></tfr></token><token id="609924" text="отдали"><tfr rev_id="1442345" t="отдали"><v><l id="213287" t="отдалил"><g v="VERB"></g><g v="perf"></g><g v="tran"></g><g v="sing"></g><g v="impr"></g><g v="excl"></g></l></v><v><l id="213333" t="отдал"><g v="VERB"></g><g v="perf"></g><g v="tran"></g><g v="plur"></g><g v="past"></g><g v="indc"></g></l></v></tfr></token><token id="609925" text="»"><tfr rev_id="2443868" t="»"><v><l id="0" t="»"><g v="PNCT"></g></l></v></tfr></token><token id="609926" text="."><tfr rev_id="1442347" t="."><v><l id="0" t="."><g v="PNCT"></g></l></v></tfr></token></tokens></sentence></paragraph></paragraphs></text>