<?xml version="1.0" encoding="utf-8"?><text id="115" parent="56" name="Государственный китайский банк впервые покупает банк в США"><tags><tag>Дата:23/01</tag><tag>Год:2011</tag><tag>Автор:http://ru.wikinews.org/wiki/Участник:Akishin D.</tag><tag>url:http://ru.wikinews.org/w/index.php?title=Государственный_китайский_банк_впервые_покупает_банк_в_США&amp;oldid=51417</tag><tag>Тема:ВикиКатегория:Экономика</tag><tag>Гео:ВикиКатегория:Китай</tag><tag>Гео:ВикиКатегория:США</tag></tags><paragraphs><paragraph id="2535"><sentence id="8089"><source>Промышленный и коммерческий банк Китая (Industrial and Commercial Bank of China), по некоторым показателям — крупнейший банк мира, подписал соглашение о покупке контрольной доли в американском отделении Bank of East Asia, управляющим 13-ю филиалами в Калифорнии и Нью-Йорке.</source><tokens><token id="155118" text="Промышленный"><tfr rev_id="989933" t="Промышленный"><v><l id="282338" t="промышленный"><g v="ADJF"></g><g v="masc"></g><g v="sing"></g><g v="nomn"></g></l></v><v><l id="282338" t="промышленный"><g v="ADJF"></g><g v="inan"></g><g v="masc"></g><g v="sing"></g><g v="accs"></g></l></v></tfr></token><token id="155119" text="и"><tfr rev_id="989934" t="и"><v><l id="116949" t="и"><g v="CONJ"></g></l></v><v><l id="116950" t="и"><g v="INTJ"></g></l></v></tfr></token><token id="155120" text="коммерческий"><tfr rev_id="989935" t="коммерческий"><v><l id="137021" t="коммерческий"><g v="ADJF"></g><g v="masc"></g><g v="sing"></g><g v="nomn"></g></l></v><v><l id="137021" t="коммерческий"><g v="ADJF"></g><g v="inan"></g><g v="masc"></g><g v="sing"></g><g v="accs"></g></l></v></tfr></token><token id="155121" text="банк"><tfr rev_id="4103955" t="банк"><v><l id="23569" t="банк"><g v="NOUN"></g><g v="inan"></g><g v="masc"></g><g v="sing"></g><g v="nomn"></g></l></v></tfr></token><token id="155122" text="Китая"><tfr rev_id="989937" t="Китая"><v><l id="133640" t="китай"><g v="NOUN"></g><g v="inan"></g><g v="masc"></g><g v="Sgtm"></g><g v="Geox"></g><g v="sing"></g><g v="gent"></g></l></v></tfr></token><token id="155123" text="("><tfr rev_id="989938" t="("><v><l id="0" t="("><g v="PNCT"></g></l></v></tfr></token><token id="155124" text="Industrial"><tfr rev_id="2469113" t="Industrial"><v><l id="0" t="Industrial"><g v="LATN"></g></l></v></tfr></token><token id="155125" text="and"><tfr rev_id="2469114" t="and"><v><l id="0" t="and"><g v="LATN"></g></l></v></tfr></token><token id="155126" text="Commercial"><tfr rev_id="2469115" t="Commercial"><v><l id="0" t="Commercial"><g v="LATN"></g></l></v></tfr></token><token id="155127" text="Bank"><tfr rev_id="2469116" t="Bank"><v><l id="0" t="Bank"><g v="LATN"></g></l></v></tfr></token><token id="155128" text="of"><tfr rev_id="2469117" t="of"><v><l id="0" t="of"><g v="LATN"></g></l></v></tfr></token><token id="155129" text="China"><tfr rev_id="2469118" t="China"><v><l id="0" t="China"><g v="LATN"></g></l></v></tfr></token><token id="155130" text=")"><tfr rev_id="989945" t=")"><v><l id="0" t=")"><g v="PNCT"></g></l></v></tfr></token><token id="155131" text=","><tfr rev_id="989946" t=","><v><l id="0" t=","><g v="PNCT"></g></l></v></tfr></token><token id="155132" text="по"><tfr rev_id="989947" t="по"><v><l id="241240" t="по"><g v="PREP"></g></l></v></tfr></token><token id="155133" text="некоторым"><tfr rev_id="4296560" t="некоторым"><v><l id="183542" t="некоторый"><g v="ADJF"></g><g v="Apro"></g><g v="plur"></g><g v="datv"></g></l></v></tfr></token><token id="155134" text="показателям"><tfr rev_id="989949" t="показателям"><v><l id="253977" t="показатель"><g v="NOUN"></g><g v="inan"></g><g v="masc"></g><g v="plur"></g><g v="datv"></g></l></v></tfr></token><token id="155135" text="—"><tfr rev_id="2427028" t="—"><v><l id="0" t="—"><g v="PNCT"></g></l></v></tfr></token><token id="155136" text="крупнейший"><tfr rev_id="989951" t="крупнейший"><v><l id="143764" t="крупнейший"><g v="ADJF"></g><g v="Supr"></g><g v="Qual"></g><g v="masc"></g><g v="sing"></g><g v="nomn"></g></l></v><v><l id="143764" t="крупнейший"><g v="ADJF"></g><g v="Supr"></g><g v="Qual"></g><g v="inan"></g><g v="masc"></g><g v="sing"></g><g v="accs"></g></l></v></tfr></token><token id="155137" text="банк"><tfr rev_id="3702415" t="банк"><v><l id="23569" t="банк"><g v="NOUN"></g><g v="inan"></g><g v="masc"></g><g v="sing"></g><g v="nomn"></g></l></v></tfr></token><token id="155138" text="мира"><tfr rev_id="3718629" t="мира"><v><l id="160807" t="мир"><g v="NOUN"></g><g v="inan"></g><g v="masc"></g><g v="sing"></g><g v="gen1"></g></l></v></tfr></token><token id="155139" text=","><tfr rev_id="989954" t=","><v><l id="0" t=","><g v="PNCT"></g></l></v></tfr></token><token id="155140" text="подписал"><tfr rev_id="989955" t="подписал"><v><l id="248883" t="подписал"><g v="VERB"></g><g v="perf"></g><g v="tran"></g><g v="masc"></g><g v="sing"></g><g v="past"></g><g v="indc"></g></l></v></tfr></token><token id="155141" text="соглашение"><tfr rev_id="989956" t="соглашение"><v><l id="328305" t="соглашение"><g v="NOUN"></g><g v="inan"></g><g v="neut"></g><g v="sing"></g><g v="nomn"></g></l></v><v><l id="328305" t="соглашение"><g v="NOUN"></g><g v="inan"></g><g v="neut"></g><g v="sing"></g><g v="accs"></g></l></v></tfr></token><token id="155142" text="о"><tfr rev_id="3327648" t="о"><v><l id="192977" t="о"><g v="PREP"></g></l></v></tfr></token><token id="155143" text="покупке"><tfr rev_id="2931219" t="покупке"><v><l id="255019" t="покупка"><g v="NOUN"></g><g v="inan"></g><g v="femn"></g><g v="sing"></g><g v="loct"></g></l></v></tfr></token><token id="155144" text="контрольной"><tfr rev_id="2925011" t="контрольной"><v><l id="138628" t="контрольный"><g v="ADJF"></g><g v="femn"></g><g v="sing"></g><g v="gent"></g></l></v></tfr></token><token id="155145" text="доли"><tfr rev_id="3440297" t="доли"><v><l id="88151" t="доля"><g v="NOUN"></g><g v="inan"></g><g v="femn"></g><g v="sing"></g><g v="gent"></g></l></v></tfr></token><token id="155146" text="в"><tfr rev_id="989961" t="в"><v><l id="37409" t="в"><g v="PREP"></g></l></v></tfr></token><token id="155147" text="американском"><tfr rev_id="3454155" t="американском"><v><l id="11429" t="американский"><g v="ADJF"></g><g v="neut"></g><g v="sing"></g><g v="loct"></g></l></v></tfr></token><token id="155148" text="отделении"><tfr rev_id="989963" t="отделении"><v><l id="213368" t="отделение"><g v="NOUN"></g><g v="inan"></g><g v="neut"></g><g v="sing"></g><g v="loct"></g></l></v></tfr></token><token id="155149" text="Bank"><tfr rev_id="2469119" t="Bank"><v><l id="0" t="Bank"><g v="LATN"></g></l></v></tfr></token><token id="155150" text="of"><tfr rev_id="2469120" t="of"><v><l id="0" t="of"><g v="LATN"></g></l></v></tfr></token><token id="155151" text="East"><tfr rev_id="2469121" t="East"><v><l id="0" t="East"><g v="LATN"></g></l></v></tfr></token><token id="155152" text="Asia"><tfr rev_id="2469122" t="Asia"><v><l id="0" t="Asia"><g v="LATN"></g></l></v></tfr></token><token id="155153" text=","><tfr rev_id="989968" t=","><v><l id="0" t=","><g v="PNCT"></g></l></v></tfr></token><token id="155154" text="управляющим"><tfr rev_id="4577296" t="управляющим"><v><l id="359220" t="управляющий"><g v="PRTF"></g><g v="Subx"></g><g v="impf"></g><g v="intr"></g><g v="pres"></g><g v="actv"></g><g v="masc"></g><g v="sing"></g><g v="ablt"></g></l></v><v><l id="359220" t="управляющий"><g v="PRTF"></g><g v="Subx"></g><g v="impf"></g><g v="intr"></g><g v="pres"></g><g v="actv"></g><g v="neut"></g><g v="sing"></g><g v="ablt"></g></l></v></tfr></token><token id="155155" text="13-ю"><tfr rev_id="4329658" t="13-ю"><v><l id="390449" t="13-й"><g v="ADJF"></g><g v="Abbr"></g><g v="Anum"></g><g v="femn"></g><g v="sing"></g><g v="accs"></g></l></v></tfr></token><token id="155156" text="филиалами"><tfr rev_id="989971" t="филиалами"><v><l id="365872" t="филиал"><g v="NOUN"></g><g v="inan"></g><g v="masc"></g><g v="plur"></g><g v="ablt"></g></l></v></tfr></token><token id="155157" text="в"><tfr rev_id="989972" t="в"><v><l id="37409" t="в"><g v="PREP"></g></l></v></tfr></token><token id="155158" text="Калифорнии"><tfr rev_id="4362747" t="Калифорнии"><v><l id="128581" t="калифорния"><g v="NOUN"></g><g v="inan"></g><g v="femn"></g><g v="Sgtm"></g><g v="Geox"></g><g v="sing"></g><g v="loct"></g></l></v></tfr></token><token id="155159" text="и"><tfr rev_id="989974" t="и"><v><l id="116949" t="и"><g v="CONJ"></g></l></v><v><l id="116950" t="и"><g v="INTJ"></g></l></v></tfr></token><token id="155160" text="Нью-Йорке"><tfr rev_id="989975" t="Нью-Йорке"><v><l id="192831" t="нью-йорк"><g v="NOUN"></g><g v="inan"></g><g v="masc"></g><g v="Geox"></g><g v="sing"></g><g v="loct"></g></l></v></tfr></token><token id="155161" text="."><tfr rev_id="989976" t="."><v><l id="0" t="."><g v="PNCT"></g></l></v></tfr></token></tokens></sentence><sentence id="8090"><source>За 80 процентов акций этой финансовой структуры, подконтрольный китайскому правительству банк заплатит около 100 млн долларов.</source><tokens><token id="155162" text="За"><tfr rev_id="989977" t="За"><v><l id="98043" t="за"><g v="PREP"></g></l></v></tfr></token><token id="155163" text="80"><tfr rev_id="2456141" t="80"><v><l id="0" t="80"><g v="NUMB"></g></l></v></tfr></token><token id="155164" text="процентов"><tfr rev_id="989979" t="процентов"><v><l id="287340" t="процент"><g v="NOUN"></g><g v="inan"></g><g v="masc"></g><g v="plur"></g><g v="gent"></g></l></v></tfr></token><token id="155165" text="акций"><tfr rev_id="989980" t="акций"><v><l id="7961" t="акция"><g v="NOUN"></g><g v="inan"></g><g v="femn"></g><g v="plur"></g><g v="gent"></g></l></v></tfr></token><token id="155166" text="этой"><tfr rev_id="4437723" t="этой"><v><l id="386581" t="этот"><g v="ADJF"></g><g v="Subx"></g><g v="Apro"></g><g v="Anph"></g><g v="femn"></g><g v="sing"></g><g v="gent"></g></l></v></tfr></token><token id="155167" text="финансовой"><tfr rev_id="2753109" t="финансовой"><v><l id="366103" t="финансовый"><g v="ADJF"></g><g v="femn"></g><g v="sing"></g><g v="gent"></g></l></v></tfr></token><token id="155168" text="структуры"><tfr rev_id="3264574" t="структуры"><v><l id="337970" t="структура"><g v="NOUN"></g><g v="inan"></g><g v="femn"></g><g v="sing"></g><g v="gent"></g></l></v></tfr></token><token id="155169" text=","><tfr rev_id="989984" t=","><v><l id="0" t=","><g v="PNCT"></g></l></v></tfr></token><token id="155170" text="подконтрольный"><tfr rev_id="989985" t="подконтрольный"><v><l id="246563" t="подконтрольный"><g v="ADJF"></g><g v="masc"></g><g v="sing"></g><g v="nomn"></g></l></v><v><l id="246563" t="подконтрольный"><g v="ADJF"></g><g v="inan"></g><g v="masc"></g><g v="sing"></g><g v="accs"></g></l></v></tfr></token><token id="155171" text="китайскому"><tfr rev_id="3468515" t="китайскому"><v><l id="133647" t="китайский"><g v="ADJF"></g><g v="neut"></g><g v="sing"></g><g v="datv"></g></l></v></tfr></token><token id="155172" text="правительству"><tfr rev_id="989987" t="правительству"><v><l id="265638" t="правительство"><g v="NOUN"></g><g v="inan"></g><g v="neut"></g><g v="sing"></g><g v="datv"></g></l></v></tfr></token><token id="155173" text="банк"><tfr rev_id="4348498" t="банк"><v><l id="23569" t="банк"><g v="NOUN"></g><g v="inan"></g><g v="masc"></g><g v="sing"></g><g v="nomn"></g></l></v></tfr></token><token id="155174" text="заплатит"><tfr rev_id="989989" t="заплатит"><v><l id="107379" t="заплатил"><g v="VERB"></g><g v="perf"></g><g v="tran"></g><g v="sing"></g><g v="3per"></g><g v="futr"></g><g v="indc"></g></l></v></tfr></token><token id="155175" text="около"><tfr rev_id="4485497" t="около"><v><l id="205005" t="около"><g v="PREP"></g></l></v></tfr></token><token id="155176" text="100"><tfr rev_id="2456142" t="100"><v><l id="0" t="100"><g v="NUMB"></g></l></v></tfr></token><token id="155177" text="млн"><tfr rev_id="4161419" t="млн"><v><l id="389040" t="млн"><g v="NOUN"></g><g v="inan"></g><g v="masc"></g><g v="Fixd"></g><g v="Abbr"></g><g v="plur"></g><g v="gent"></g></l></v></tfr></token><token id="155178" text="долларов"><tfr rev_id="3704384" t="долларов"><v><l id="88047" t="доллар"><g v="NOUN"></g><g v="inan"></g><g v="masc"></g><g v="plur"></g><g v="gent"></g></l></v></tfr></token><token id="155179" text="."><tfr rev_id="989994" t="."><v><l id="0" t="."><g v="PNCT"></g></l></v></tfr></token></tokens></sentence></paragraph><paragraph id="2536"><sentence id="8091"><source>Соглашение было подписано в минувшую пятницу в Чикаго, в последний день визита председателя КНР Ху Цзиньтао в США.</source><tokens><token id="155180" text="Соглашение"><tfr rev_id="989995" t="Соглашение"><v><l id="328305" t="соглашение"><g v="NOUN"></g><g v="inan"></g><g v="neut"></g><g v="sing"></g><g v="nomn"></g></l></v><v><l id="328305" t="соглашение"><g v="NOUN"></g><g v="inan"></g><g v="neut"></g><g v="sing"></g><g v="accs"></g></l></v></tfr></token><token id="155181" text="было"><tfr rev_id="2781044" t="было"><v><l id="37265" t="есть"><g v="VERB"></g><g v="impf"></g><g v="intr"></g><g v="neut"></g><g v="sing"></g><g v="past"></g><g v="indc"></g></l></v></tfr></token><token id="155182" text="подписано"><tfr rev_id="989997" t="подписано"><v><l id="248887" t="подписан"><g v="PRTS"></g><g v="perf"></g><g v="past"></g><g v="pssv"></g><g v="neut"></g><g v="sing"></g></l></v></tfr></token><token id="155183" text="в"><tfr rev_id="989998" t="в"><v><l id="37409" t="в"><g v="PREP"></g></l></v></tfr></token><token id="155184" text="минувшую"><tfr rev_id="989999" t="минувшую"><v><l id="160723" t="минувший"><g v="ADJF"></g><g v="femn"></g><g v="sing"></g><g v="accs"></g></l></v><v><l id="160759" t="минувший"><g v="PRTF"></g><g v="perf"></g><g v="tran"></g><g v="past"></g><g v="actv"></g><g v="femn"></g><g v="sing"></g><g v="accs"></g></l></v></tfr></token><token id="155185" text="пятницу"><tfr rev_id="990000" t="пятницу"><v><l id="290408" t="пятница"><g v="NOUN"></g><g v="inan"></g><g v="femn"></g><g v="sing"></g><g v="accs"></g></l></v></tfr></token><token id="155186" text="в"><tfr rev_id="990001" t="в"><v><l id="37409" t="в"><g v="PREP"></g></l></v></tfr></token><token id="155187" text="Чикаго"><tfr rev_id="3498869" t="Чикаго"><v><l id="376373" t="чикаго"><g v="NOUN"></g><g v="inan"></g><g v="masc"></g><g v="Sgtm"></g><g v="Fixd"></g><g v="Geox"></g><g v="sing"></g><g v="loct"></g></l></v></tfr></token><token id="155188" text=","><tfr rev_id="990003" t=","><v><l id="0" t=","><g v="PNCT"></g></l></v></tfr></token><token id="155189" text="в"><tfr rev_id="990004" t="в"><v><l id="37409" t="в"><g v="PREP"></g></l></v></tfr></token><token id="155190" text="последний"><tfr rev_id="990005" t="последний"><v><l id="261565" t="последний"><g v="ADJF"></g><g v="masc"></g><g v="sing"></g><g v="nomn"></g></l></v><v><l id="261565" t="последний"><g v="ADJF"></g><g v="inan"></g><g v="masc"></g><g v="sing"></g><g v="accs"></g></l></v></tfr></token><token id="155191" text="день"><tfr rev_id="1712530" t="день"><v><l id="81427" t="день"><g v="NOUN"></g><g v="inan"></g><g v="masc"></g><g v="sing"></g><g v="nomn"></g></l></v><v><l id="81427" t="день"><g v="NOUN"></g><g v="inan"></g><g v="masc"></g><g v="sing"></g><g v="accs"></g></l></v></tfr></token><token id="155192" text="визита"><tfr rev_id="990007" t="визита"><v><l id="44737" t="визит"><g v="NOUN"></g><g v="inan"></g><g v="masc"></g><g v="sing"></g><g v="gent"></g></l></v></tfr></token><token id="155193" text="председателя"><tfr rev_id="2826964" t="председателя"><v><l id="267015" t="председатель"><g v="NOUN"></g><g v="anim"></g><g v="masc"></g><g v="sing"></g><g v="gent"></g></l></v></tfr></token><token id="155194" text="КНР"><tfr rev_id="4448248" t="КНР"><v><l id="134887" t="кнр"><g v="NOUN"></g><g v="inan"></g><g v="femn"></g><g v="Sgtm"></g><g v="Fixd"></g><g v="Abbr"></g><g v="Geox"></g><g v="sing"></g><g v="gent"></g></l></v></tfr></token><token id="155195" text="Ху"><tfr rev_id="990010" t="Ху"><v><l id="0" t="ху"><g v="UNKN"></g></l></v></tfr></token><token id="155196" text="Цзиньтао"><tfr rev_id="990011" t="Цзиньтао"><v><l id="0" t="цзиньтао"><g v="UNKN"></g></l></v></tfr></token><token id="155197" text="в"><tfr rev_id="990012" t="в"><v><l id="37409" t="в"><g v="PREP"></g></l></v></tfr></token><token id="155198" text="США"><tfr rev_id="3811042" t="США"><v><l id="341371" t="сша"><g v="NOUN"></g><g v="inan"></g><g v="GNdr"></g><g v="Pltm"></g><g v="Fixd"></g><g v="Abbr"></g><g v="Geox"></g><g v="plur"></g><g v="accs"></g></l></v></tfr></token><token id="155199" text="."><tfr rev_id="990014" t="."><v><l id="0" t="."><g v="PNCT"></g></l></v></tfr></token></tokens></sentence><sentence id="8092"><source>Сделка ожидает утверждения американскими регулирующими органами, что может задержать ее завершение до конца этого года.</source><tokens><token id="155200" text="Сделка"><tfr rev_id="990015" t="Сделка"><v><l id="317256" t="сделка"><g v="NOUN"></g><g v="inan"></g><g v="femn"></g><g v="sing"></g><g v="nomn"></g></l></v></tfr></token><token id="155201" text="ожидает"><tfr rev_id="990016" t="ожидает"><v><l id="203945" t="ожидаю"><g v="VERB"></g><g v="impf"></g><g v="tran"></g><g v="sing"></g><g v="3per"></g><g v="pres"></g><g v="indc"></g></l></v></tfr></token><token id="155202" text="утверждения"><tfr rev_id="3469468" t="утверждения"><v><l id="361723" t="утверждение"><g v="NOUN"></g><g v="inan"></g><g v="neut"></g><g v="sing"></g><g v="gent"></g></l></v></tfr></token><token id="155203" text="американскими"><tfr rev_id="990018" t="американскими"><v><l id="11429" t="американский"><g v="ADJF"></g><g v="plur"></g><g v="ablt"></g></l></v></tfr></token><token id="155204" text="регулирующими"><tfr rev_id="990019" t="регулирующими"><v><l id="304922" t="регулирующий"><g v="PRTF"></g><g v="impf"></g><g v="tran"></g><g v="pres"></g><g v="actv"></g><g v="plur"></g><g v="ablt"></g></l></v></tfr></token><token id="155205" text="органами"><tfr rev_id="990020" t="органами"><v><l id="208736" t="орган"><g v="NOUN"></g><g v="inan"></g><g v="masc"></g><g v="plur"></g><g v="ablt"></g></l></v></tfr></token><token id="155206" text=","><tfr rev_id="990021" t=","><v><l id="0" t=","><g v="PNCT"></g></l></v></tfr></token><token id="155207" text="что"><tfr rev_id="3192433" t="что"><v><l id="377004" t="что"><g v="CONJ"></g></l></v><v><l id="377005" t="что"><g v="NPRO"></g><g v="neut"></g><g v="sing"></g><g v="nomn"></g></l></v><v><l id="377005" t="что"><g v="NPRO"></g><g v="neut"></g><g v="sing"></g><g v="accs"></g></l></v><v><l id="377006" t="что"><g v="ADVB"></g><g v="Ques"></g></l></v><v><l id="388695" t="что"><g v="PRCL"></g></l></v></tfr></token><token id="155208" text="может"><tfr rev_id="4229787" t="может"><v><l id="164485" t="могу"><g v="VERB"></g><g v="impf"></g><g v="intr"></g><g v="sing"></g><g v="3per"></g><g v="pres"></g><g v="indc"></g></l></v></tfr></token><token id="155209" text="задержать"><tfr rev_id="990024" t="задержать"><v><l id="101570" t="задержать"><g v="INFN"></g><g v="perf"></g><g v="tran"></g></l></v></tfr></token><token id="155210" text="ее"><tfr rev_id="4457525" t="ее"><v><l id="94433" t="её"><g v="ADJF"></g><g v="Fixd"></g><g v="Apro"></g><g v="Anph"></g><g v="neut"></g><g v="sing"></g><g v="nomn"></g></l></v><v><l id="94433" t="её"><g v="ADJF"></g><g v="Fixd"></g><g v="Apro"></g><g v="Anph"></g><g v="neut"></g><g v="sing"></g><g v="gent"></g></l></v><v><l id="94433" t="её"><g v="ADJF"></g><g v="Fixd"></g><g v="Apro"></g><g v="Anph"></g><g v="neut"></g><g v="sing"></g><g v="datv"></g></l></v><v><l id="94433" t="её"><g v="ADJF"></g><g v="Fixd"></g><g v="Apro"></g><g v="Anph"></g><g v="neut"></g><g v="sing"></g><g v="accs"></g></l></v><v><l id="94433" t="её"><g v="ADJF"></g><g v="Fixd"></g><g v="Apro"></g><g v="Anph"></g><g v="neut"></g><g v="sing"></g><g v="ablt"></g></l></v><v><l id="94433" t="её"><g v="ADJF"></g><g v="Fixd"></g><g v="Apro"></g><g v="Anph"></g><g v="neut"></g><g v="sing"></g><g v="loct"></g></l></v></tfr></token><token id="155211" text="завершение"><tfr rev_id="4093218" t="завершение"><v><l id="99436" t="завершение"><g v="NOUN"></g><g v="inan"></g><g v="neut"></g><g v="sing"></g><g v="accs"></g></l></v></tfr></token><token id="155212" text="до"><tfr rev_id="990027" t="до"><v><l id="85153" t="до"><g v="PREP"></g></l></v></tfr></token><token id="155213" text="конца"><tfr rev_id="990028" t="конца"><v><l id="137815" t="конец"><g v="NOUN"></g><g v="inan"></g><g v="masc"></g><g v="sing"></g><g v="gent"></g></l></v></tfr></token><token id="155214" text="этого"><tfr rev_id="4433004" t="этого"><v><l id="386581" t="этот"><g v="ADJF"></g><g v="Subx"></g><g v="Apro"></g><g v="Anph"></g><g v="masc"></g><g v="sing"></g><g v="gent"></g></l></v><v><l id="386581" t="этот"><g v="ADJF"></g><g v="Subx"></g><g v="Apro"></g><g v="Anph"></g><g v="anim"></g><g v="masc"></g><g v="sing"></g><g v="accs"></g></l></v></tfr></token><token id="155215" text="года"><tfr rev_id="3414633" t="года"><v><l id="72149" t="год"><g v="NOUN"></g><g v="inan"></g><g v="masc"></g><g v="sing"></g><g v="gen1"></g></l></v></tfr></token><token id="155216" text="."><tfr rev_id="990031" t="."><v><l id="0" t="."><g v="PNCT"></g></l></v></tfr></token></tokens></sentence></paragraph><paragraph id="2537"><sentence id="8093"><source>Доля правительства Китая в Industrial and Commercial Bank of China составляет 70 процентов.</source><tokens><token id="155217" text="Доля"><tfr rev_id="990032" t="Доля"><v><l id="88151" t="доля"><g v="NOUN"></g><g v="inan"></g><g v="femn"></g><g v="sing"></g><g v="nomn"></g></l></v></tfr></token><token id="155218" text="правительства"><tfr rev_id="3450173" t="правительства"><v><l id="265638" t="правительство"><g v="NOUN"></g><g v="inan"></g><g v="neut"></g><g v="sing"></g><g v="gent"></g></l></v></tfr></token><token id="155219" text="Китая"><tfr rev_id="990034" t="Китая"><v><l id="133640" t="китай"><g v="NOUN"></g><g v="inan"></g><g v="masc"></g><g v="Sgtm"></g><g v="Geox"></g><g v="sing"></g><g v="gent"></g></l></v></tfr></token><token id="155220" text="в"><tfr rev_id="990035" t="в"><v><l id="37409" t="в"><g v="PREP"></g></l></v></tfr></token><token id="155221" text="Industrial"><tfr rev_id="2469123" t="Industrial"><v><l id="0" t="Industrial"><g v="LATN"></g></l></v></tfr></token><token id="155222" text="and"><tfr rev_id="2469124" t="and"><v><l id="0" t="and"><g v="LATN"></g></l></v></tfr></token><token id="155223" text="Commercial"><tfr rev_id="2469125" t="Commercial"><v><l id="0" t="Commercial"><g v="LATN"></g></l></v></tfr></token><token id="155224" text="Bank"><tfr rev_id="2469126" t="Bank"><v><l id="0" t="Bank"><g v="LATN"></g></l></v></tfr></token><token id="155225" text="of"><tfr rev_id="2469127" t="of"><v><l id="0" t="of"><g v="LATN"></g></l></v></tfr></token><token id="155226" text="China"><tfr rev_id="2469128" t="China"><v><l id="0" t="China"><g v="LATN"></g></l></v></tfr></token><token id="155227" text="составляет"><tfr rev_id="990042" t="составляет"><v><l id="330494" t="составляю"><g v="VERB"></g><g v="impf"></g><g v="tran"></g><g v="sing"></g><g v="3per"></g><g v="pres"></g><g v="indc"></g></l></v></tfr></token><token id="155228" text="70"><tfr rev_id="2456143" t="70"><v><l id="0" t="70"><g v="NUMB"></g></l></v></tfr></token><token id="155229" text="процентов"><tfr rev_id="990044" t="процентов"><v><l id="287340" t="процент"><g v="NOUN"></g><g v="inan"></g><g v="masc"></g><g v="plur"></g><g v="gent"></g></l></v></tfr></token><token id="155230" text="."><tfr rev_id="990045" t="."><v><l id="0" t="."><g v="PNCT"></g></l></v></tfr></token></tokens></sentence><sentence id="8094"><source>Если сделка будет утверждена, то государственный китайский банк впервые в истории получит контроль над американским финансовым учреждением.</source><tokens><token id="155231" text="Если"><tfr rev_id="990046" t="Если"><v><l id="95365" t="если"><g v="CONJ"></g></l></v></tfr></token><token id="155232" text="сделка"><tfr rev_id="990047" t="сделка"><v><l id="317256" t="сделка"><g v="NOUN"></g><g v="inan"></g><g v="femn"></g><g v="sing"></g><g v="nomn"></g></l></v></tfr></token><token id="155233" text="будет"><tfr rev_id="990048" t="будет"><v><l id="37265" t="есть"><g v="VERB"></g><g v="impf"></g><g v="intr"></g><g v="sing"></g><g v="3per"></g><g v="futr"></g><g v="indc"></g></l></v></tfr></token><token id="155234" text="утверждена"><tfr rev_id="990049" t="утверждена"><v><l id="361700" t="утверждён"><g v="PRTS"></g><g v="perf"></g><g v="past"></g><g v="pssv"></g><g v="femn"></g><g v="sing"></g></l></v></tfr></token><token id="155235" text=","><tfr rev_id="990050" t=","><v><l id="0" t=","><g v="PNCT"></g></l></v></tfr></token><token id="155236" text="то"><tfr rev_id="3776441" t="то"><v><l id="346835" t="то"><g v="CONJ"></g></l></v><v><l id="346836" t="то"><g v="PRCL"></g></l></v><v><l id="348430" t="тот"><g v="ADJF"></g><g v="Subx"></g><g v="Apro"></g><g v="Anph"></g><g v="neut"></g><g v="sing"></g><g v="nomn"></g></l></v><v><l id="348430" t="тот"><g v="ADJF"></g><g v="Subx"></g><g v="Apro"></g><g v="Anph"></g><g v="neut"></g><g v="sing"></g><g v="accs"></g></l></v></tfr></token><token id="155237" text="государственный"><tfr rev_id="990052" t="государственный"><v><l id="74161" t="государственный"><g v="ADJF"></g><g v="masc"></g><g v="sing"></g><g v="nomn"></g></l></v><v><l id="74161" t="государственный"><g v="ADJF"></g><g v="inan"></g><g v="masc"></g><g v="sing"></g><g v="accs"></g></l></v></tfr></token><token id="155238" text="китайский"><tfr rev_id="990053" t="китайский"><v><l id="133647" t="китайский"><g v="ADJF"></g><g v="masc"></g><g v="sing"></g><g v="nomn"></g></l></v><v><l id="133647" t="китайский"><g v="ADJF"></g><g v="inan"></g><g v="masc"></g><g v="sing"></g><g v="accs"></g></l></v></tfr></token><token id="155239" text="банк"><tfr rev_id="990054" t="банк"><v><l id="23569" t="банк"><g v="NOUN"></g><g v="inan"></g><g v="masc"></g><g v="sing"></g><g v="nomn"></g></l></v><v><l id="23569" t="банк"><g v="NOUN"></g><g v="inan"></g><g v="masc"></g><g v="sing"></g><g v="accs"></g></l></v></tfr></token><token id="155240" text="впервые"><tfr rev_id="990055" t="впервые"><v><l id="52345" t="впервые"><g v="ADVB"></g></l></v></tfr></token><token id="155241" text="в"><tfr rev_id="990056" t="в"><v><l id="37409" t="в"><g v="PREP"></g></l></v></tfr></token><token id="155242" text="истории"><tfr rev_id="4289039" t="истории"><v><l id="126437" t="история"><g v="NOUN"></g><g v="inan"></g><g v="femn"></g><g v="sing"></g><g v="loct"></g></l></v></tfr></token><token id="155243" text="получит"><tfr rev_id="990058" t="получит"><v><l id="256959" t="получил"><g v="VERB"></g><g v="perf"></g><g v="tran"></g><g v="sing"></g><g v="3per"></g><g v="futr"></g><g v="indc"></g></l></v></tfr></token><token id="155244" text="контроль"><tfr rev_id="990059" t="контроль"><v><l id="138615" t="контроль"><g v="NOUN"></g><g v="inan"></g><g v="masc"></g><g v="sing"></g><g v="nomn"></g></l></v><v><l id="138615" t="контроль"><g v="NOUN"></g><g v="inan"></g><g v="masc"></g><g v="sing"></g><g v="accs"></g></l></v></tfr></token><token id="155245" text="над"><tfr rev_id="990060" t="над"><v><l id="168356" t="над"><g v="PREP"></g></l></v></tfr></token><token id="155246" text="американским"><tfr rev_id="4403327" t="американским"><v><l id="11429" t="американский"><g v="ADJF"></g><g v="neut"></g><g v="sing"></g><g v="ablt"></g></l></v></tfr></token><token id="155247" text="финансовым"><tfr rev_id="2753111" t="финансовым"><v><l id="366103" t="финансовый"><g v="ADJF"></g><g v="neut"></g><g v="sing"></g><g v="ablt"></g></l></v></tfr></token><token id="155248" text="учреждением"><tfr rev_id="990063" t="учреждением"><v><l id="363361" t="учреждение"><g v="NOUN"></g><g v="inan"></g><g v="neut"></g><g v="sing"></g><g v="ablt"></g></l></v></tfr></token><token id="155249" text="."><tfr rev_id="990064" t="."><v><l id="0" t="."><g v="PNCT"></g></l></v></tfr></token></tokens></sentence><sentence id="8095"><source>Американцы смогут делать вклады в его филиалах, а инвесторы смогут открывать счета и играть на курсе юаня.</source><tokens><token id="155250" text="Американцы"><tfr rev_id="990065" t="Американцы"><v><l id="11394" t="американец"><g v="NOUN"></g><g v="anim"></g><g v="masc"></g><g v="plur"></g><g v="nomn"></g></l></v></tfr></token><token id="155251" text="смогут"><tfr rev_id="990066" t="смогут"><v><l id="326830" t="смог"><g v="VERB"></g><g v="perf"></g><g v="intr"></g><g v="plur"></g><g v="3per"></g><g v="futr"></g><g v="indc"></g></l></v></tfr></token><token id="155252" text="делать"><tfr rev_id="990067" t="делать"><v><l id="80527" t="делать"><g v="INFN"></g><g v="impf"></g><g v="tran"></g></l></v></tfr></token><token id="155253" text="вклады"><tfr rev_id="3757314" t="вклады"><v><l id="46109" t="вклад"><g v="NOUN"></g><g v="inan"></g><g v="masc"></g><g v="plur"></g><g v="accs"></g></l></v></tfr></token><token id="155254" text="в"><tfr rev_id="990069" t="в"><v><l id="37409" t="в"><g v="PREP"></g></l></v></tfr></token><token id="155255" text="его"><tfr rev_id="4473106" t="его"><v><l id="94208" t="его"><g v="ADJF"></g><g v="Fixd"></g><g v="Apro"></g><g v="Anph"></g><g v="plur"></g><g v="nomn"></g></l></v><v><l id="94208" t="его"><g v="ADJF"></g><g v="Fixd"></g><g v="Apro"></g><g v="Anph"></g><g v="plur"></g><g v="gent"></g></l></v><v><l id="94208" t="его"><g v="ADJF"></g><g v="Fixd"></g><g v="Apro"></g><g v="Anph"></g><g v="plur"></g><g v="datv"></g></l></v><v><l id="94208" t="его"><g v="ADJF"></g><g v="Fixd"></g><g v="Apro"></g><g v="Anph"></g><g v="plur"></g><g v="accs"></g></l></v><v><l id="94208" t="его"><g v="ADJF"></g><g v="Fixd"></g><g v="Apro"></g><g v="Anph"></g><g v="plur"></g><g v="ablt"></g></l></v><v><l id="94208" t="его"><g v="ADJF"></g><g v="Fixd"></g><g v="Apro"></g><g v="Anph"></g><g v="plur"></g><g v="loct"></g></l></v></tfr></token><token id="155256" text="филиалах"><tfr rev_id="990071" t="филиалах"><v><l id="365872" t="филиал"><g v="NOUN"></g><g v="inan"></g><g v="masc"></g><g v="plur"></g><g v="loct"></g></l></v></tfr></token><token id="155257" text=","><tfr rev_id="990072" t=","><v><l id="0" t=","><g v="PNCT"></g></l></v></tfr></token><token id="155258" text="а"><tfr rev_id="2606430" t="а"><v><l id="51" t="а"><g v="CONJ"></g></l></v></tfr></token><token id="155259" text="инвесторы"><tfr rev_id="990074" t="инвесторы"><v><l id="122092" t="инвестор"><g v="NOUN"></g><g v="anim"></g><g v="masc"></g><g v="plur"></g><g v="nomn"></g></l></v></tfr></token><token id="155260" text="смогут"><tfr rev_id="990075" t="смогут"><v><l id="326830" t="смог"><g v="VERB"></g><g v="perf"></g><g v="intr"></g><g v="plur"></g><g v="3per"></g><g v="futr"></g><g v="indc"></g></l></v></tfr></token><token id="155261" text="открывать"><tfr rev_id="990076" t="открывать"><v><l id="214733" t="открывать"><g v="INFN"></g><g v="impf"></g><g v="tran"></g></l></v></tfr></token><token id="155262" text="счета"><tfr rev_id="3796938" t="счета"><v><l id="341128" t="счёт"><g v="NOUN"></g><g v="inan"></g><g v="masc"></g><g v="plur"></g><g v="accs"></g></l></v></tfr></token><token id="155263" text="и"><tfr rev_id="990078" t="и"><v><l id="116949" t="и"><g v="CONJ"></g></l></v><v><l id="116950" t="и"><g v="INTJ"></g></l></v></tfr></token><token id="155264" text="играть"><tfr rev_id="990079" t="играть"><v><l id="117312" t="играть"><g v="INFN"></g><g v="impf"></g><g v="tran"></g></l></v></tfr></token><token id="155265" text="на"><tfr rev_id="3335253" t="на"><v><l id="166264" t="на"><g v="PREP"></g></l></v></tfr></token><token id="155266" text="курсе"><tfr rev_id="990081" t="курсе"><v><l id="145471" t="курс"><g v="NOUN"></g><g v="inan"></g><g v="masc"></g><g v="sing"></g><g v="loct"></g></l></v></tfr></token><token id="155267" text="юаня"><tfr rev_id="990082" t="юаня"><v><l id="386747" t="юань"><g v="NOUN"></g><g v="inan"></g><g v="masc"></g><g v="sing"></g><g v="gent"></g></l></v></tfr></token><token id="155268" text="."><tfr rev_id="990083" t="."><v><l id="0" t="."><g v="PNCT"></g></l></v></tfr></token></tokens></sentence></paragraph><paragraph id="2538"><sentence id="8096"><source>За последние годы размеры иностранных инвестиций Китая резко увеличились, однако расширение китайских финансовых учреждений проходило гораздо медленнее.</source><tokens><token id="155269" text="За"><tfr rev_id="990084" t="За"><v><l id="98043" t="за"><g v="PREP"></g></l></v></tfr></token><token id="155270" text="последние"><tfr rev_id="3794364" t="последние"><v><l id="261565" t="последний"><g v="ADJF"></g><g v="inan"></g><g v="plur"></g><g v="accs"></g></l></v></tfr></token><token id="155271" text="годы"><tfr rev_id="3749556" t="годы"><v><l id="72149" t="год"><g v="NOUN"></g><g v="inan"></g><g v="masc"></g><g v="plur"></g><g v="accs"></g></l></v></tfr></token><token id="155272" text="размеры"><tfr rev_id="3409763" t="размеры"><v><l id="295006" t="размер"><g v="NOUN"></g><g v="inan"></g><g v="masc"></g><g v="plur"></g><g v="nomn"></g></l></v></tfr></token><token id="155273" text="иностранных"><tfr rev_id="3884772" t="иностранных"><v><l id="122754" t="иностранный"><g v="ADJF"></g><g v="plur"></g><g v="gent"></g></l></v></tfr></token><token id="155274" text="инвестиций"><tfr rev_id="990089" t="инвестиций"><v><l id="122089" t="инвестиция"><g v="NOUN"></g><g v="inan"></g><g v="femn"></g><g v="plur"></g><g v="gent"></g></l></v></tfr></token><token id="155275" text="Китая"><tfr rev_id="990090" t="Китая"><v><l id="133640" t="китай"><g v="NOUN"></g><g v="inan"></g><g v="masc"></g><g v="Sgtm"></g><g v="Geox"></g><g v="sing"></g><g v="gent"></g></l></v></tfr></token><token id="155276" text="резко"><tfr rev_id="990091" t="резко"><v><l id="305327" t="резок"><g v="ADJS"></g><g v="Qual"></g><g v="neut"></g><g v="sing"></g></l></v><v><l id="305329" t="резко"><g v="ADVB"></g></l></v></tfr></token><token id="155277" text="увеличились"><tfr rev_id="990092" t="увеличились"><v><l id="353402" t="увеличился"><g v="VERB"></g><g v="perf"></g><g v="intr"></g><g v="plur"></g><g v="past"></g><g v="indc"></g></l></v></tfr></token><token id="155278" text=","><tfr rev_id="990093" t=","><v><l id="0" t=","><g v="PNCT"></g></l></v></tfr></token><token id="155279" text="однако"><tfr rev_id="3533491" t="однако"><v><l id="203387" t="однако"><g v="CONJ"></g><g v="Prnt"></g></l></v></tfr></token><token id="155280" text="расширение"><tfr rev_id="3300577" t="расширение"><v><l id="303635" t="расширение"><g v="NOUN"></g><g v="inan"></g><g v="neut"></g><g v="sing"></g><g v="nomn"></g></l></v></tfr></token><token id="155281" text="китайских"><tfr rev_id="3824135" t="китайских"><v><l id="133647" t="китайский"><g v="ADJF"></g><g v="plur"></g><g v="gent"></g></l></v></tfr></token><token id="155282" text="финансовых"><tfr rev_id="4408099" t="финансовых"><v><l id="366103" t="финансовый"><g v="ADJF"></g><g v="plur"></g><g v="gent"></g></l></v></tfr></token><token id="155283" text="учреждений"><tfr rev_id="990098" t="учреждений"><v><l id="363361" t="учреждение"><g v="NOUN"></g><g v="inan"></g><g v="neut"></g><g v="plur"></g><g v="gent"></g></l></v></tfr></token><token id="155284" text="проходило"><tfr rev_id="990099" t="проходило"><v><l id="287183" t="прохожу"><g v="VERB"></g><g v="impf"></g><g v="tran"></g><g v="neut"></g><g v="sing"></g><g v="past"></g><g v="indc"></g></l></v><v><l id="287190" t="проходил"><g v="VERB"></g><g v="perf"></g><g v="intr"></g><g v="neut"></g><g v="sing"></g><g v="past"></g><g v="indc"></g></l></v></tfr></token><token id="155285" text="гораздо"><tfr rev_id="990100" t="гораздо"><v><l id="73047" t="горазд"><g v="ADJS"></g><g v="neut"></g><g v="sing"></g></l></v><v><l id="73048" t="гораздо"><g v="ADVB"></g></l></v></tfr></token><token id="155286" text="медленнее"><tfr rev_id="990101" t="медленнее"><v><l id="157109" t="медленнее"><g v="COMP"></g><g v="Qual"></g></l></v></tfr></token><token id="155287" text="."><tfr rev_id="990102" t="."><v><l id="0" t="."><g v="PNCT"></g></l></v></tfr></token></tokens></sentence><sentence id="8097"><source>При подписании нового соглашения министр торговли Китая Чэнь Дэмин заявил, что одним из приоритетов является перевод огромных резервов иностранной валюты в зарубежные активы.</source><tokens><token id="155288" text="При"><tfr rev_id="2605086" t="При"><v><l id="268625" t="при"><g v="PREP"></g></l></v></tfr></token><token id="155289" text="подписании"><tfr rev_id="990104" t="подписании"><v><l id="248882" t="подписание"><g v="NOUN"></g><g v="inan"></g><g v="neut"></g><g v="sing"></g><g v="loct"></g></l></v></tfr></token><token id="155290" text="нового"><tfr rev_id="4537912" t="нового"><v><l id="191918" t="новый"><g v="ADJF"></g><g v="Qual"></g><g v="masc"></g><g v="sing"></g><g v="gent"></g></l></v><v><l id="191918" t="новый"><g v="ADJF"></g><g v="Qual"></g><g v="neut"></g><g v="sing"></g><g v="gent"></g></l></v></tfr></token><token id="155291" text="соглашения"><tfr rev_id="3452164" t="соглашения"><v><l id="328305" t="соглашение"><g v="NOUN"></g><g v="inan"></g><g v="neut"></g><g v="sing"></g><g v="gent"></g></l></v></tfr></token><token id="155292" text="министр"><tfr rev_id="990107" t="министр"><v><l id="160614" t="министр"><g v="NOUN"></g><g v="anim"></g><g v="masc"></g><g v="sing"></g><g v="nomn"></g></l></v></tfr></token><token id="155293" text="торговли"><tfr rev_id="3439165" t="торговли"><v><l id="348035" t="торговля"><g v="NOUN"></g><g v="inan"></g><g v="femn"></g><g v="sing"></g><g v="gent"></g></l></v></tfr></token><token id="155294" text="Китая"><tfr rev_id="990109" t="Китая"><v><l id="133640" t="китай"><g v="NOUN"></g><g v="inan"></g><g v="masc"></g><g v="Sgtm"></g><g v="Geox"></g><g v="sing"></g><g v="gent"></g></l></v></tfr></token><token id="155295" text="Чэнь"><tfr rev_id="990110" t="Чэнь"><v><l id="0" t="чэнь"><g v="UNKN"></g></l></v></tfr></token><token id="155296" text="Дэмин"><tfr rev_id="990111" t="Дэмин"><v><l id="0" t="дэмин"><g v="UNKN"></g></l></v></tfr></token><token id="155297" text="заявил"><tfr rev_id="990112" t="заявил"><v><l id="114300" t="заявил"><g v="VERB"></g><g v="perf"></g><g v="tran"></g><g v="masc"></g><g v="sing"></g><g v="past"></g><g v="indc"></g></l></v></tfr></token><token id="155298" text=","><tfr rev_id="990113" t=","><v><l id="0" t=","><g v="PNCT"></g></l></v></tfr></token><token id="155299" text="что"><tfr rev_id="3192434" t="что"><v><l id="377004" t="что"><g v="CONJ"></g></l></v><v><l id="377005" t="что"><g v="NPRO"></g><g v="neut"></g><g v="sing"></g><g v="nomn"></g></l></v><v><l id="377005" t="что"><g v="NPRO"></g><g v="neut"></g><g v="sing"></g><g v="accs"></g></l></v><v><l id="377006" t="что"><g v="ADVB"></g><g v="Ques"></g></l></v><v><l id="388695" t="что"><g v="PRCL"></g></l></v></tfr></token><token id="155300" text="одним"><tfr rev_id="4301134" t="одним"><v><l id="203319" t="один"><g v="ADJF"></g><g v="Apro"></g><g v="Anum"></g><g v="masc"></g><g v="sing"></g><g v="ablt"></g></l></v></tfr></token><token id="155301" text="из"><tfr rev_id="1717760" t="из"><v><l id="117677" t="из"><g v="PREP"></g></l></v></tfr></token><token id="155302" text="приоритетов"><tfr rev_id="990117" t="приоритетов"><v><l id="272826" t="приоритет"><g v="NOUN"></g><g v="inan"></g><g v="masc"></g><g v="plur"></g><g v="gent"></g></l></v></tfr></token><token id="155303" text="является"><tfr rev_id="990118" t="является"><v><l id="387385" t="являюсь"><g v="VERB"></g><g v="impf"></g><g v="intr"></g><g v="sing"></g><g v="3per"></g><g v="pres"></g><g v="indc"></g></l></v></tfr></token><token id="155304" text="перевод"><tfr rev_id="3549862" t="перевод"><v><l id="227265" t="перевод"><g v="NOUN"></g><g v="inan"></g><g v="masc"></g><g v="sing"></g><g v="nomn"></g></l></v></tfr></token><token id="155305" text="огромных"><tfr rev_id="3666690" t="огромных"><v><l id="203009" t="огромный"><g v="ADJF"></g><g v="Qual"></g><g v="plur"></g><g v="gent"></g></l></v></tfr></token><token id="155306" text="резервов"><tfr rev_id="990121" t="резервов"><v><l id="305224" t="резерв"><g v="NOUN"></g><g v="inan"></g><g v="masc"></g><g v="plur"></g><g v="gent"></g></l></v></tfr></token><token id="155307" text="иностранной"><tfr rev_id="4095153" t="иностранной"><v><l id="122754" t="иностранный"><g v="ADJF"></g><g v="femn"></g><g v="sing"></g><g v="gent"></g></l></v></tfr></token><token id="155308" text="валюты"><tfr rev_id="3461633" t="валюты"><v><l id="38449" t="валюта"><g v="NOUN"></g><g v="inan"></g><g v="femn"></g><g v="sing"></g><g v="gent"></g></l></v></tfr></token><token id="155309" text="в"><tfr rev_id="990124" t="в"><v><l id="37409" t="в"><g v="PREP"></g></l></v></tfr></token><token id="155310" text="зарубежные"><tfr rev_id="3860145" t="зарубежные"><v><l id="108971" t="зарубежный"><g v="ADJF"></g><g v="Qual"></g><g v="inan"></g><g v="plur"></g><g v="accs"></g></l></v></tfr></token><token id="155311" text="активы"><tfr rev_id="3757181" t="активы"><v><l id="7604" t="актив"><g v="NOUN"></g><g v="inan"></g><g v="masc"></g><g v="plur"></g><g v="accs"></g></l></v></tfr></token><token id="155312" text="."><tfr rev_id="990127" t="."><v><l id="0" t="."><g v="PNCT"></g></l></v></tfr></token></tokens></sentence></paragraph></paragraphs></text>