<?xml version="1.0" encoding="utf-8"?><text id="1151" parent="226" name="17626 Расстаться по-хорошему не получилось"><tags><tag>url:http://www.chaskor.ru/news/rasstatsya_po-horoshemu_ne_poluchilos_17626</tag><tag>Год:2010</tag><tag>Дата:31/05</tag><tag>Тема:ЧасКор:Общество</tag><tag>Тема:ЧасКор:Общество/Спорт</tag></tags><paragraphs><paragraph id="10892"><sentence id="34086"><source>Расстаться по-хорошему не получилось</source><tokens><token id="610117" text="Расстаться"><tfr rev_id="1442538" t="Расстаться"><v><l id="301444" t="расстаться"><g v="INFN"></g><g v="perf"></g><g v="intr"></g></l></v></tfr></token><token id="610118" text="по-хорошему"><tfr rev_id="1442539" t="по-хорошему"><v><l id="241344" t="по-хорошему"><g v="ADVB"></g></l></v></tfr></token><token id="610119" text="не"><tfr rev_id="1442540" t="не"><v><l id="178876" t="не"><g v="PRCL"></g></l></v></tfr></token><token id="610120" text="получилось"><tfr rev_id="1442541" t="получилось"><v><l id="256965" t="получился"><g v="VERB"></g><g v="perf"></g><g v="intr"></g><g v="neut"></g><g v="sing"></g><g v="past"></g><g v="indc"></g></l></v></tfr></token></tokens></sentence><sentence id="34087"><source>Агент Гуса Хиддинка считает позорным поведение РФС в отношении голландского тренера.</source><tokens><token id="610121" text="Агент"><tfr rev_id="4331819" t="Агент"><v><l id="3928" t="агент"><g v="NOUN"></g><g v="anim"></g><g v="masc"></g><g v="sing"></g><g v="nomn"></g></l></v></tfr></token><token id="610122" text="Гуса"><tfr rev_id="1442543" t="Гуса"><v><l id="0" t="гуса"><g v="UNKN"></g></l></v></tfr></token><token id="610123" text="Хиддинка"><tfr rev_id="4470703" t="Хиддинка"><v><l id="390490" t="хиддинк"><g v="NOUN"></g><g v="anim"></g><g v="masc"></g><g v="Sgtm"></g><g v="Surn"></g><g v="sing"></g><g v="gent"></g></l></v></tfr></token><token id="610124" text="считает"><tfr rev_id="1442545" t="считает"><v><l id="341320" t="считаю"><g v="VERB"></g><g v="impf"></g><g v="tran"></g><g v="sing"></g><g v="3per"></g><g v="pres"></g><g v="indc"></g></l></v><v><l id="341329" t="считал"><g v="VERB"></g><g v="perf"></g><g v="tran"></g><g v="sing"></g><g v="3per"></g><g v="futr"></g><g v="indc"></g></l></v></tfr></token><token id="610125" text="позорным"><tfr rev_id="4298478" t="позорным"><v><l id="253734" t="позорный"><g v="ADJF"></g><g v="Qual"></g><g v="neut"></g><g v="sing"></g><g v="ablt"></g></l></v></tfr></token><token id="610126" text="поведение"><tfr rev_id="3689217" t="поведение"><v><l id="242109" t="поведение"><g v="NOUN"></g><g v="inan"></g><g v="neut"></g><g v="sing"></g><g v="accs"></g></l></v></tfr></token><token id="610127" text="РФС"><tfr rev_id="3797336" t="РФС"><v><l id="389970" t="рфс"><g v="NOUN"></g><g v="inan"></g><g v="masc"></g><g v="Sgtm"></g><g v="Fixd"></g><g v="Abbr"></g><g v="Orgn"></g><g v="sing"></g><g v="nomn"></g></l></v><v><l id="389970" t="рфс"><g v="NOUN"></g><g v="inan"></g><g v="masc"></g><g v="Sgtm"></g><g v="Fixd"></g><g v="Abbr"></g><g v="Orgn"></g><g v="sing"></g><g v="gent"></g></l></v><v><l id="389970" t="рфс"><g v="NOUN"></g><g v="inan"></g><g v="masc"></g><g v="Sgtm"></g><g v="Fixd"></g><g v="Abbr"></g><g v="Orgn"></g><g v="sing"></g><g v="datv"></g></l></v><v><l id="389970" t="рфс"><g v="NOUN"></g><g v="inan"></g><g v="masc"></g><g v="Sgtm"></g><g v="Fixd"></g><g v="Abbr"></g><g v="Orgn"></g><g v="sing"></g><g v="accs"></g></l></v><v><l id="389970" t="рфс"><g v="NOUN"></g><g v="inan"></g><g v="masc"></g><g v="Sgtm"></g><g v="Fixd"></g><g v="Abbr"></g><g v="Orgn"></g><g v="sing"></g><g v="ablt"></g></l></v><v><l id="389970" t="рфс"><g v="NOUN"></g><g v="inan"></g><g v="masc"></g><g v="Sgtm"></g><g v="Fixd"></g><g v="Abbr"></g><g v="Orgn"></g><g v="sing"></g><g v="loct"></g></l></v></tfr></token><token id="610128" text="в"><tfr rev_id="1442549" t="в"><v><l id="37409" t="в"><g v="PREP"></g></l></v></tfr></token><token id="610129" text="отношении"><tfr rev_id="1442550" t="отношении"><v><l id="215944" t="отношение"><g v="NOUN"></g><g v="inan"></g><g v="neut"></g><g v="sing"></g><g v="loct"></g></l></v></tfr></token><token id="610130" text="голландского"><tfr rev_id="4426149" t="голландского"><v><l id="72287" t="голландский"><g v="ADJF"></g><g v="masc"></g><g v="sing"></g><g v="gent"></g></l></v></tfr></token><token id="610131" text="тренера"><tfr rev_id="4363859" t="тренера"><v><l id="349635" t="тренер"><g v="NOUN"></g><g v="anim"></g><g v="masc"></g><g v="sing"></g><g v="gent"></g></l></v></tfr></token><token id="610132" text="."><tfr rev_id="1442553" t="."><v><l id="0" t="."><g v="PNCT"></g></l></v></tfr></token></tokens></sentence></paragraph><paragraph id="10893"><sentence id="34088"><source>Большой осадок после расставания Российского футбольного союза с Гусом Хиддинком остался у обеих сторон.</source><tokens><token id="610133" text="Большой"><tfr rev_id="4360845" t="Большой"><v><l id="32445" t="большой"><g v="ADJF"></g><g v="Qual"></g><g v="masc"></g><g v="sing"></g><g v="nomn"></g></l></v></tfr></token><token id="610134" text="осадок"><tfr rev_id="2628503" t="осадок"><v><l id="209425" t="осадок"><g v="NOUN"></g><g v="inan"></g><g v="masc"></g><g v="sing"></g><g v="nomn"></g></l></v><v><l id="209425" t="осадок"><g v="NOUN"></g><g v="inan"></g><g v="masc"></g><g v="sing"></g><g v="accs"></g></l></v></tfr></token><token id="610135" text="после"><tfr rev_id="4407431" t="после"><v><l id="261542" t="после"><g v="PREP"></g></l></v></tfr></token><token id="610136" text="расставания"><tfr rev_id="3509480" t="расставания"><v><l id="301384" t="расставание"><g v="NOUN"></g><g v="inan"></g><g v="neut"></g><g v="sing"></g><g v="gent"></g></l></v></tfr></token><token id="610137" text="Российского"><tfr rev_id="4164163" t="Российского"><v><l id="309319" t="российский"><g v="ADJF"></g><g v="masc"></g><g v="sing"></g><g v="gent"></g></l></v><v><l id="309319" t="российский"><g v="ADJF"></g><g v="anim"></g><g v="masc"></g><g v="sing"></g><g v="accs"></g></l></v></tfr></token><token id="610138" text="футбольного"><tfr rev_id="4578307" t="футбольного"><v><l id="368776" t="футбольный"><g v="ADJF"></g><g v="masc"></g><g v="sing"></g><g v="gent"></g></l></v></tfr></token><token id="610139" text="союза"><tfr rev_id="1442560" t="союза"><v><l id="331314" t="союз"><g v="NOUN"></g><g v="inan"></g><g v="masc"></g><g v="sing"></g><g v="gent"></g></l></v></tfr></token><token id="610140" text="с"><tfr rev_id="1442561" t="с"><v><l id="311151" t="с"><g v="PREP"></g></l></v></tfr></token><token id="610141" text="Гусом"><tfr rev_id="1442562" t="Гусом"><v><l id="0" t="гусом"><g v="UNKN"></g></l></v></tfr></token><token id="610142" text="Хиддинком"><tfr rev_id="4338107" t="Хиддинком"><v><l id="390490" t="хиддинк"><g v="NOUN"></g><g v="anim"></g><g v="masc"></g><g v="Sgtm"></g><g v="Surn"></g><g v="sing"></g><g v="ablt"></g></l></v></tfr></token><token id="610143" text="остался"><tfr rev_id="1442564" t="остался"><v><l id="210896" t="остался"><g v="VERB"></g><g v="perf"></g><g v="intr"></g><g v="masc"></g><g v="sing"></g><g v="past"></g><g v="indc"></g></l></v></tfr></token><token id="610144" text="у"><tfr rev_id="3230491" t="у"><v><l id="352818" t="у"><g v="PREP"></g></l></v></tfr></token><token id="610145" text="обеих"><tfr rev_id="3474324" t="обеих"><v><l id="193002" t="оба"><g v="NUMR"></g><g v="femn"></g><g v="gent"></g></l></v></tfr></token><token id="610146" text="сторон"><tfr rev_id="1442567" t="сторон"><v><l id="336894" t="сторона"><g v="NOUN"></g><g v="inan"></g><g v="femn"></g><g v="plur"></g><g v="gent"></g></l></v></tfr></token><token id="610147" text="."><tfr rev_id="1442568" t="."><v><l id="0" t="."><g v="PNCT"></g></l></v></tfr></token></tokens></sentence><sentence id="34089"><source>Россия чувствует, что недополучила от голландца путёвки на ЧМ-2010, тренер обижен на своих бывших работодателей за то, что те до сих пор не выплатили ему зарплату за 2010 год.</source><tokens><token id="610148" text="Россия"><tfr rev_id="1442569" t="Россия"><v><l id="309322" t="россия"><g v="NOUN"></g><g v="inan"></g><g v="femn"></g><g v="Sgtm"></g><g v="Geox"></g><g v="sing"></g><g v="nomn"></g></l></v></tfr></token><token id="610149" text="чувствует"><tfr rev_id="1442570" t="чувствует"><v><l id="377085" t="чувствую"><g v="VERB"></g><g v="impf"></g><g v="tran"></g><g v="sing"></g><g v="3per"></g><g v="pres"></g><g v="indc"></g></l></v></tfr></token><token id="610150" text=","><tfr rev_id="1442571" t=","><v><l id="0" t=","><g v="PNCT"></g></l></v></tfr></token><token id="610151" text="что"><tfr rev_id="3196868" t="что"><v><l id="377004" t="что"><g v="CONJ"></g></l></v><v><l id="377005" t="что"><g v="NPRO"></g><g v="neut"></g><g v="sing"></g><g v="nomn"></g></l></v><v><l id="377005" t="что"><g v="NPRO"></g><g v="neut"></g><g v="sing"></g><g v="accs"></g></l></v><v><l id="377006" t="что"><g v="ADVB"></g><g v="Ques"></g></l></v><v><l id="388695" t="что"><g v="PRCL"></g></l></v></tfr></token><token id="610152" text="недополучила"><tfr rev_id="1442573" t="недополучила"><v><l id="181484" t="недополучил"><g v="VERB"></g><g v="perf"></g><g v="tran"></g><g v="femn"></g><g v="sing"></g><g v="past"></g><g v="indc"></g></l></v></tfr></token><token id="610153" text="от"><tfr rev_id="1442574" t="от"><v><l id="211644" t="от"><g v="PREP"></g></l></v></tfr></token><token id="610154" text="голландца"><tfr rev_id="4216768" t="голландца"><v><l id="72283" t="голландец"><g v="NOUN"></g><g v="anim"></g><g v="masc"></g><g v="sing"></g><g v="gent"></g></l></v></tfr></token><token id="610155" text="путёвки"><tfr rev_id="3497322" t="путёвки"><v><l id="289493" t="путёвка"><g v="NOUN"></g><g v="inan"></g><g v="femn"></g><g v="sing"></g><g v="gent"></g></l></v></tfr></token><token id="610156" text="на"><tfr rev_id="3337523" t="на"><v><l id="166264" t="на"><g v="PREP"></g></l></v></tfr></token><token id="610157" text="ЧМ-2010"><tfr rev_id="4539064" t="ЧМ-2010"><v><l id="0" t="ЧМ-2010"><g v="UNKN"></g></l></v></tfr></token><token id="610160" text=","><tfr rev_id="1442581" t=","><v><l id="0" t=","><g v="PNCT"></g></l></v></tfr></token><token id="610161" text="тренер"><tfr rev_id="1442582" t="тренер"><v><l id="349635" t="тренер"><g v="NOUN"></g><g v="anim"></g><g v="masc"></g><g v="sing"></g><g v="nomn"></g></l></v></tfr></token><token id="610162" text="обижен"><tfr rev_id="1442583" t="обижен"><v><l id="195406" t="обижен"><g v="PRTS"></g><g v="perf"></g><g v="past"></g><g v="pssv"></g><g v="masc"></g><g v="sing"></g></l></v><v><l id="195440" t="обижен"><g v="ADJS"></g><g v="Qual"></g><g v="masc"></g><g v="sing"></g></l></v></tfr></token><token id="610163" text="на"><tfr rev_id="3341149" t="на"><v><l id="166264" t="на"><g v="PREP"></g></l></v></tfr></token><token id="610164" text="своих"><tfr rev_id="3707465" t="своих"><v><l id="316379" t="свой"><g v="ADJF"></g><g v="Apro"></g><g v="Anph"></g><g v="anim"></g><g v="plur"></g><g v="accs"></g></l></v></tfr></token><token id="610165" text="бывших"><tfr rev_id="1442586" t="бывших"><v><l id="37002" t="бывший"><g v="ADJF"></g><g v="plur"></g><g v="gent"></g></l></v><v><l id="37002" t="бывший"><g v="ADJF"></g><g v="anim"></g><g v="plur"></g><g v="accs"></g></l></v><v><l id="37002" t="бывший"><g v="ADJF"></g><g v="plur"></g><g v="loct"></g></l></v><v><l id="37267" t="бывший"><g v="PRTF"></g><g v="impf"></g><g v="intr"></g><g v="past"></g><g v="actv"></g><g v="plur"></g><g v="gent"></g></l></v><v><l id="37267" t="бывший"><g v="PRTF"></g><g v="impf"></g><g v="intr"></g><g v="past"></g><g v="actv"></g><g v="anim"></g><g v="plur"></g><g v="accs"></g></l></v><v><l id="37267" t="бывший"><g v="PRTF"></g><g v="impf"></g><g v="intr"></g><g v="past"></g><g v="actv"></g><g v="plur"></g><g v="loct"></g></l></v></tfr></token><token id="610166" text="работодателей"><tfr rev_id="4085129" t="работодателей"><v><l id="290518" t="работодатель"><g v="NOUN"></g><g v="anim"></g><g v="masc"></g><g v="plur"></g><g v="accs"></g></l></v></tfr></token><token id="610167" text="за"><tfr rev_id="1442588" t="за"><v><l id="98043" t="за"><g v="PREP"></g></l></v></tfr></token><token id="610168" text="то"><tfr rev_id="3777532" t="то"><v><l id="346835" t="то"><g v="CONJ"></g></l></v><v><l id="346836" t="то"><g v="PRCL"></g></l></v><v><l id="348430" t="тот"><g v="ADJF"></g><g v="Subx"></g><g v="Apro"></g><g v="Anph"></g><g v="neut"></g><g v="sing"></g><g v="nomn"></g></l></v><v><l id="348430" t="тот"><g v="ADJF"></g><g v="Subx"></g><g v="Apro"></g><g v="Anph"></g><g v="neut"></g><g v="sing"></g><g v="accs"></g></l></v></tfr></token><token id="610169" text=","><tfr rev_id="1442590" t=","><v><l id="0" t=","><g v="PNCT"></g></l></v></tfr></token><token id="610170" text="что"><tfr rev_id="3196869" t="что"><v><l id="377004" t="что"><g v="CONJ"></g></l></v><v><l id="377005" t="что"><g v="NPRO"></g><g v="neut"></g><g v="sing"></g><g v="nomn"></g></l></v><v><l id="377005" t="что"><g v="NPRO"></g><g v="neut"></g><g v="sing"></g><g v="accs"></g></l></v><v><l id="377006" t="что"><g v="ADVB"></g><g v="Ques"></g></l></v><v><l id="388695" t="что"><g v="PRCL"></g></l></v></tfr></token><token id="610171" text="те"><tfr rev_id="4085551" t="те"><v><l id="348430" t="тот"><g v="ADJF"></g><g v="Subx"></g><g v="Apro"></g><g v="Anph"></g><g v="plur"></g><g v="nomn"></g></l></v></tfr></token><token id="610172" text="до"><tfr rev_id="1442593" t="до"><v><l id="85153" t="до"><g v="PREP"></g></l></v></tfr></token><token id="610173" text="сих"><tfr rev_id="3668543" t="сих"><v><l id="317879" t="сей"><g v="ADJF"></g><g v="Apro"></g><g v="Subx"></g><g v="plur"></g><g v="gent"></g></l></v></tfr></token><token id="610174" text="пор"><tfr rev_id="1442595" t="пор"><v><l id="259871" t="пора"><g v="NOUN"></g><g v="inan"></g><g v="femn"></g><g v="plur"></g><g v="gent"></g></l></v></tfr></token><token id="610175" text="не"><tfr rev_id="1442596" t="не"><v><l id="178876" t="не"><g v="PRCL"></g></l></v></tfr></token><token id="610176" text="выплатили"><tfr rev_id="1442597" t="выплатили"><v><l id="60463" t="выплатил"><g v="VERB"></g><g v="perf"></g><g v="tran"></g><g v="plur"></g><g v="past"></g><g v="indc"></g></l></v></tfr></token><token id="610177" text="ему"><tfr rev_id="4528898" t="ему"><v><l id="206541" t="он"><g v="NPRO"></g><g v="masc"></g><g v="3per"></g><g v="Anph"></g><g v="sing"></g><g v="datv"></g></l></v><v><l id="206649" t="оно"><g v="NPRO"></g><g v="neut"></g><g v="3per"></g><g v="Anph"></g><g v="sing"></g><g v="datv"></g></l></v></tfr></token><token id="610178" text="зарплату"><tfr rev_id="1442599" t="зарплату"><v><l id="108951" t="зарплата"><g v="NOUN"></g><g v="inan"></g><g v="femn"></g><g v="sing"></g><g v="accs"></g></l></v></tfr></token><token id="610179" text="за"><tfr rev_id="1442600" t="за"><v><l id="98043" t="за"><g v="PREP"></g></l></v></tfr></token><token id="610180" text="2010"><tfr rev_id="2461785" t="2010"><v><l id="0" t="2010"><g v="NUMB"></g></l></v></tfr></token><token id="610181" text="год"><tfr rev_id="1442602" t="год"><v><l id="72149" t="год"><g v="NOUN"></g><g v="inan"></g><g v="masc"></g><g v="sing"></g><g v="nomn"></g></l></v><v><l id="72149" t="год"><g v="NOUN"></g><g v="inan"></g><g v="masc"></g><g v="sing"></g><g v="accs"></g></l></v></tfr></token><token id="610182" text="."><tfr rev_id="1442603" t="."><v><l id="0" t="."><g v="PNCT"></g></l></v></tfr></token></tokens></sentence><sentence id="34090"><source>Действительно, некрасиво получилось.</source><tokens><token id="610183" text="Действительно"><tfr rev_id="4508975" t="Действительно"><v><l id="80092" t="действительно"><g v="ADVB"></g></l></v><v><l id="80093" t="действительно"><g v="CONJ"></g><g v="Prnt"></g></l></v><v><l id="80099" t="действителен"><g v="ADJS"></g><g v="Qual"></g><g v="neut"></g><g v="sing"></g></l></v></tfr></token><token id="610184" text=","><tfr rev_id="1442605" t=","><v><l id="0" t=","><g v="PNCT"></g></l></v></tfr></token><token id="610185" text="некрасиво"><tfr rev_id="1442606" t="некрасиво"><v><l id="183553" t="некрасиво"><g v="ADVB"></g></l></v><v><l id="183557" t="некрасив"><g v="ADJS"></g><g v="Qual"></g><g v="neut"></g><g v="sing"></g></l></v></tfr></token><token id="610186" text="получилось"><tfr rev_id="1442607" t="получилось"><v><l id="256965" t="получился"><g v="VERB"></g><g v="perf"></g><g v="intr"></g><g v="neut"></g><g v="sing"></g><g v="past"></g><g v="indc"></g></l></v></tfr></token><token id="610187" text="."><tfr rev_id="1442608" t="."><v><l id="0" t="."><g v="PNCT"></g></l></v></tfr></token></tokens></sentence><sentence id="34091"><source>Претензии голландского футбольного специалиста озвучил его агент Кис ван Ньювенхейзен, который назвал позором поведение РФС.</source><tokens><token id="610188" text="Претензии"><tfr rev_id="3726612" t="Претензии"><v><l id="268418" t="претензия"><g v="NOUN"></g><g v="inan"></g><g v="femn"></g><g v="plur"></g><g v="accs"></g></l></v></tfr></token><token id="610189" text="голландского"><tfr rev_id="4162014" t="голландского"><v><l id="72287" t="голландский"><g v="ADJF"></g><g v="masc"></g><g v="sing"></g><g v="gent"></g></l></v><v><l id="72287" t="голландский"><g v="ADJF"></g><g v="anim"></g><g v="masc"></g><g v="sing"></g><g v="accs"></g></l></v></tfr></token><token id="610190" text="футбольного"><tfr rev_id="4578308" t="футбольного"><v><l id="368776" t="футбольный"><g v="ADJF"></g><g v="masc"></g><g v="sing"></g><g v="gent"></g></l></v><v><l id="368776" t="футбольный"><g v="ADJF"></g><g v="anim"></g><g v="masc"></g><g v="sing"></g><g v="accs"></g></l></v></tfr></token><token id="610191" text="специалиста"><tfr rev_id="4389748" t="специалиста"><v><l id="331871" t="специалист"><g v="NOUN"></g><g v="anim"></g><g v="masc"></g><g v="sing"></g><g v="gent"></g></l></v></tfr></token><token id="610192" text="озвучил"><tfr rev_id="1442613" t="озвучил"><v><l id="204107" t="озвучил"><g v="VERB"></g><g v="perf"></g><g v="tran"></g><g v="masc"></g><g v="sing"></g><g v="past"></g><g v="indc"></g></l></v></tfr></token><token id="610193" text="его"><tfr rev_id="4515290" t="его"><v><l id="94208" t="его"><g v="ADJF"></g><g v="Fixd"></g><g v="Apro"></g><g v="Anph"></g><g v="masc"></g><g v="sing"></g><g v="nomn"></g></l></v><v><l id="94208" t="его"><g v="ADJF"></g><g v="Fixd"></g><g v="Apro"></g><g v="Anph"></g><g v="masc"></g><g v="sing"></g><g v="gent"></g></l></v><v><l id="94208" t="его"><g v="ADJF"></g><g v="Fixd"></g><g v="Apro"></g><g v="Anph"></g><g v="masc"></g><g v="sing"></g><g v="datv"></g></l></v><v><l id="94208" t="его"><g v="ADJF"></g><g v="Fixd"></g><g v="Apro"></g><g v="Anph"></g><g v="masc"></g><g v="sing"></g><g v="accs"></g></l></v><v><l id="94208" t="его"><g v="ADJF"></g><g v="Fixd"></g><g v="Apro"></g><g v="Anph"></g><g v="masc"></g><g v="sing"></g><g v="ablt"></g></l></v><v><l id="94208" t="его"><g v="ADJF"></g><g v="Fixd"></g><g v="Apro"></g><g v="Anph"></g><g v="masc"></g><g v="sing"></g><g v="loct"></g></l></v></tfr></token><token id="610194" text="агент"><tfr rev_id="4221838" t="агент"><v><l id="3928" t="агент"><g v="NOUN"></g><g v="anim"></g><g v="masc"></g><g v="sing"></g><g v="nomn"></g></l></v></tfr></token><token id="610195" text="Кис"><tfr rev_id="1714693" t="Кис"><v><l id="0" t="Кис"><g v="UNKN"></g></l></v></tfr></token><token id="610196" text="ван"><tfr rev_id="4577203" t="ван"><v><l id="38497" t="ван"><g v="PRCL"></g></l></v></tfr></token><token id="610197" text="Ньювенхейзен"><tfr rev_id="1442618" t="Ньювенхейзен"><v><l id="0" t="ньювенхейзен"><g v="UNKN"></g></l></v></tfr></token><token id="610198" text=","><tfr rev_id="1442619" t=","><v><l id="0" t=","><g v="PNCT"></g></l></v></tfr></token><token id="610199" text="который"><tfr rev_id="3637407" t="который"><v><l id="141203" t="который"><g v="ADJF"></g><g v="Apro"></g><g v="Subx"></g><g v="Anph"></g><g v="masc"></g><g v="sing"></g><g v="nomn"></g></l></v><v><l id="141203" t="который"><g v="ADJF"></g><g v="Apro"></g><g v="Subx"></g><g v="Anph"></g><g v="inan"></g><g v="masc"></g><g v="sing"></g><g v="accs"></g></l></v></tfr></token><token id="610200" text="назвал"><tfr rev_id="1442621" t="назвал"><v><l id="170342" t="назвал"><g v="VERB"></g><g v="perf"></g><g v="tran"></g><g v="masc"></g><g v="sing"></g><g v="past"></g><g v="indc"></g></l></v></tfr></token><token id="610201" text="позором"><tfr rev_id="1442622" t="позором"><v><l id="253716" t="позор"><g v="NOUN"></g><g v="inan"></g><g v="masc"></g><g v="sing"></g><g v="ablt"></g></l></v></tfr></token><token id="610202" text="поведение"><tfr rev_id="4355373" t="поведение"><v><l id="242109" t="поведение"><g v="NOUN"></g><g v="inan"></g><g v="neut"></g><g v="sing"></g><g v="accs"></g></l></v></tfr></token><token id="610203" text="РФС"><tfr rev_id="3797337" t="РФС"><v><l id="389970" t="рфс"><g v="NOUN"></g><g v="inan"></g><g v="masc"></g><g v="Sgtm"></g><g v="Fixd"></g><g v="Abbr"></g><g v="Orgn"></g><g v="sing"></g><g v="nomn"></g></l></v><v><l id="389970" t="рфс"><g v="NOUN"></g><g v="inan"></g><g v="masc"></g><g v="Sgtm"></g><g v="Fixd"></g><g v="Abbr"></g><g v="Orgn"></g><g v="sing"></g><g v="gent"></g></l></v><v><l id="389970" t="рфс"><g v="NOUN"></g><g v="inan"></g><g v="masc"></g><g v="Sgtm"></g><g v="Fixd"></g><g v="Abbr"></g><g v="Orgn"></g><g v="sing"></g><g v="datv"></g></l></v><v><l id="389970" t="рфс"><g v="NOUN"></g><g v="inan"></g><g v="masc"></g><g v="Sgtm"></g><g v="Fixd"></g><g v="Abbr"></g><g v="Orgn"></g><g v="sing"></g><g v="accs"></g></l></v><v><l id="389970" t="рфс"><g v="NOUN"></g><g v="inan"></g><g v="masc"></g><g v="Sgtm"></g><g v="Fixd"></g><g v="Abbr"></g><g v="Orgn"></g><g v="sing"></g><g v="ablt"></g></l></v><v><l id="389970" t="рфс"><g v="NOUN"></g><g v="inan"></g><g v="masc"></g><g v="Sgtm"></g><g v="Fixd"></g><g v="Abbr"></g><g v="Orgn"></g><g v="sing"></g><g v="loct"></g></l></v></tfr></token><token id="610204" text="."><tfr rev_id="1442625" t="."><v><l id="0" t="."><g v="PNCT"></g></l></v></tfr></token></tokens></sentence><sentence id="34092"><source>«Не стану отрицать, Хиддинк уже вовсю включился в работу со сборной Турции.</source><tokens><token id="610205" text="«"><tfr rev_id="2443874" t="«"><v><l id="0" t="«"><g v="PNCT"></g></l></v></tfr></token><token id="610206" text="Не"><tfr rev_id="1442627" t="Не"><v><l id="178876" t="не"><g v="PRCL"></g></l></v></tfr></token><token id="610207" text="стану"><tfr rev_id="1715907" t="стану"><v><l id="335164" t="стал"><g v="VERB"></g><g v="perf"></g><g v="intr"></g><g v="sing"></g><g v="1per"></g><g v="futr"></g><g v="indc"></g></l></v></tfr></token><token id="610208" text="отрицать"><tfr rev_id="1442629" t="отрицать"><v><l id="217584" t="отрицать"><g v="INFN"></g><g v="impf"></g><g v="tran"></g></l></v></tfr></token><token id="610209" text=","><tfr rev_id="1442630" t=","><v><l id="0" t=","><g v="PNCT"></g></l></v></tfr></token><token id="610210" text="Хиддинк"><tfr rev_id="4338099" t="Хиддинк"><v><l id="390490" t="хиддинк"><g v="NOUN"></g><g v="anim"></g><g v="masc"></g><g v="Sgtm"></g><g v="Surn"></g><g v="sing"></g><g v="nomn"></g></l></v></tfr></token><token id="610211" text="уже"><tfr rev_id="2692730" t="уже"><v><l id="355422" t="уж"><g v="NOUN"></g><g v="anim"></g><g v="masc"></g><g v="sing"></g><g v="loct"></g></l></v><v><l id="355498" t="уже"><g v="ADVB"></g></l></v><v><l id="355674" t="уже"><g v="COMP"></g><g v="Qual"></g></l></v><v><l id="388673" t="уже"><g v="PRCL"></g></l></v></tfr></token><token id="610212" text="вовсю"><tfr rev_id="1442633" t="вовсю"><v><l id="47983" t="вовсю"><g v="ADVB"></g></l></v></tfr></token><token id="610213" text="включился"><tfr rev_id="1442634" t="включился"><v><l id="46216" t="включился"><g v="VERB"></g><g v="perf"></g><g v="intr"></g><g v="masc"></g><g v="sing"></g><g v="past"></g><g v="indc"></g></l></v></tfr></token><token id="610214" text="в"><tfr rev_id="1442635" t="в"><v><l id="37409" t="в"><g v="PREP"></g></l></v></tfr></token><token id="610215" text="работу"><tfr rev_id="1442636" t="работу"><v><l id="290501" t="работа"><g v="NOUN"></g><g v="inan"></g><g v="femn"></g><g v="sing"></g><g v="accs"></g></l></v></tfr></token><token id="610216" text="со"><tfr rev_id="2919203" t="со"><v><l id="311151" t="с"><g v="PREP"></g><g v="Vpre"></g></l></v></tfr></token><token id="610217" text="сборной"><tfr rev_id="4352962" t="сборной"><v><l id="314367" t="сборная"><g v="NOUN"></g><g v="inan"></g><g v="femn"></g><g v="sing"></g><g v="ablt"></g></l></v></tfr></token><token id="610218" text="Турции"><tfr rev_id="2782029" t="Турции"><v><l id="351881" t="турция"><g v="NOUN"></g><g v="inan"></g><g v="femn"></g><g v="Sgtm"></g><g v="Geox"></g><g v="sing"></g><g v="gent"></g></l></v></tfr></token><token id="610219" text="."><tfr rev_id="1442640" t="."><v><l id="0" t="."><g v="PNCT"></g></l></v></tfr></token></tokens></sentence><sentence id="34093"><source>Но это не что иное, как реакция Гуса на поведение со стороны РФС, которым Хиддинк сыт по горло!</source><tokens><token id="610220" text="Но"><tfr rev_id="1442641" t="Но"><v><l id="191429" t="но"><g v="CONJ"></g></l></v><v><l id="191430" t="но"><g v="INTJ"></g></l></v></tfr></token><token id="610221" text="это"><tfr rev_id="4441561" t="это"><v><l id="386574" t="это"><g v="PRCL"></g></l></v><v><l id="386575" t="это"><g v="NPRO"></g><g v="neut"></g><g v="sing"></g><g v="nomn"></g></l></v><v><l id="386575" t="это"><g v="NPRO"></g><g v="neut"></g><g v="sing"></g><g v="accs"></g></l></v><v><l id="386581" t="этот"><g v="ADJF"></g><g v="Subx"></g><g v="Apro"></g><g v="Anph"></g><g v="neut"></g><g v="sing"></g><g v="nomn"></g></l></v><v><l id="386581" t="этот"><g v="ADJF"></g><g v="Subx"></g><g v="Apro"></g><g v="Anph"></g><g v="neut"></g><g v="sing"></g><g v="accs"></g></l></v></tfr></token><token id="610222" text="не"><tfr rev_id="1442643" t="не"><v><l id="178876" t="не"><g v="PRCL"></g></l></v></tfr></token><token id="610223" text="что"><tfr rev_id="3196870" t="что"><v><l id="377004" t="что"><g v="CONJ"></g></l></v><v><l id="377005" t="что"><g v="NPRO"></g><g v="neut"></g><g v="sing"></g><g v="nomn"></g></l></v><v><l id="377005" t="что"><g v="NPRO"></g><g v="neut"></g><g v="sing"></g><g v="accs"></g></l></v><v><l id="377006" t="что"><g v="ADVB"></g><g v="Ques"></g></l></v><v><l id="388695" t="что"><g v="PRCL"></g></l></v></tfr></token><token id="610224" text="иное"><tfr rev_id="4573006" t="иное"><v><l id="122715" t="иной"><g v="ADJF"></g><g v="Subx"></g><g v="Apro"></g><g v="neut"></g><g v="sing"></g><g v="nomn"></g></l></v></tfr></token><token id="610225" text=","><tfr rev_id="1442646" t=","><v><l id="0" t=","><g v="PNCT"></g></l></v></tfr></token><token id="610226" text="как"><tfr rev_id="1442647" t="как"><v><l id="128190" t="как"><g v="CONJ"></g></l></v><v><l id="128191" t="как"><g v="PRCL"></g></l></v><v><l id="128192" t="как"><g v="ADVB"></g><g v="Ques"></g></l></v></tfr></token><token id="610227" text="реакция"><tfr rev_id="1442648" t="реакция"><v><l id="304401" t="реакция"><g v="NOUN"></g><g v="inan"></g><g v="femn"></g><g v="sing"></g><g v="nomn"></g></l></v></tfr></token><token id="610228" text="Гуса"><tfr rev_id="1442649" t="Гуса"><v><l id="0" t="гуса"><g v="UNKN"></g></l></v></tfr></token><token id="610229" text="на"><tfr rev_id="3333607" t="на"><v><l id="166264" t="на"><g v="PREP"></g></l></v></tfr></token><token id="610230" text="поведение"><tfr rev_id="2782370" t="поведение"><v><l id="242109" t="поведение"><g v="NOUN"></g><g v="inan"></g><g v="neut"></g><g v="sing"></g><g v="accs"></g></l></v></tfr></token><token id="610231" text="со"><tfr rev_id="2919204" t="со"><v><l id="311151" t="с"><g v="PREP"></g><g v="Vpre"></g></l></v></tfr></token><token id="610232" text="стороны"><tfr rev_id="3449757" t="стороны"><v><l id="336894" t="сторона"><g v="NOUN"></g><g v="inan"></g><g v="femn"></g><g v="sing"></g><g v="gent"></g></l></v></tfr></token><token id="610233" text="РФС"><tfr rev_id="3797338" t="РФС"><v><l id="389970" t="рфс"><g v="NOUN"></g><g v="inan"></g><g v="masc"></g><g v="Sgtm"></g><g v="Fixd"></g><g v="Abbr"></g><g v="Orgn"></g><g v="sing"></g><g v="nomn"></g></l></v><v><l id="389970" t="рфс"><g v="NOUN"></g><g v="inan"></g><g v="masc"></g><g v="Sgtm"></g><g v="Fixd"></g><g v="Abbr"></g><g v="Orgn"></g><g v="sing"></g><g v="gent"></g></l></v><v><l id="389970" t="рфс"><g v="NOUN"></g><g v="inan"></g><g v="masc"></g><g v="Sgtm"></g><g v="Fixd"></g><g v="Abbr"></g><g v="Orgn"></g><g v="sing"></g><g v="datv"></g></l></v><v><l id="389970" t="рфс"><g v="NOUN"></g><g v="inan"></g><g v="masc"></g><g v="Sgtm"></g><g v="Fixd"></g><g v="Abbr"></g><g v="Orgn"></g><g v="sing"></g><g v="accs"></g></l></v><v><l id="389970" t="рфс"><g v="NOUN"></g><g v="inan"></g><g v="masc"></g><g v="Sgtm"></g><g v="Fixd"></g><g v="Abbr"></g><g v="Orgn"></g><g v="sing"></g><g v="ablt"></g></l></v><v><l id="389970" t="рфс"><g v="NOUN"></g><g v="inan"></g><g v="masc"></g><g v="Sgtm"></g><g v="Fixd"></g><g v="Abbr"></g><g v="Orgn"></g><g v="sing"></g><g v="loct"></g></l></v></tfr></token><token id="610234" text=","><tfr rev_id="1442655" t=","><v><l id="0" t=","><g v="PNCT"></g></l></v></tfr></token><token id="610235" text="которым"><tfr rev_id="3668298" t="которым"><v><l id="141203" t="который"><g v="ADJF"></g><g v="Apro"></g><g v="Subx"></g><g v="Anph"></g><g v="masc"></g><g v="sing"></g><g v="ablt"></g></l></v><v><l id="141203" t="который"><g v="ADJF"></g><g v="Apro"></g><g v="Subx"></g><g v="Anph"></g><g v="neut"></g><g v="sing"></g><g v="ablt"></g></l></v></tfr></token><token id="610236" text="Хиддинк"><tfr rev_id="4338100" t="Хиддинк"><v><l id="390490" t="хиддинк"><g v="NOUN"></g><g v="anim"></g><g v="masc"></g><g v="Sgtm"></g><g v="Surn"></g><g v="sing"></g><g v="nomn"></g></l></v></tfr></token><token id="610237" text="сыт"><tfr rev_id="1442658" t="сыт"><v><l id="341837" t="сыт"><g v="ADJS"></g><g v="masc"></g><g v="sing"></g></l></v></tfr></token><token id="610238" text="по"><tfr rev_id="1442659" t="по"><v><l id="241240" t="по"><g v="PREP"></g></l></v></tfr></token><token id="610239" text="горло"><tfr rev_id="4364010" t="горло"><v><l id="73402" t="горло"><g v="NOUN"></g><g v="inan"></g><g v="neut"></g><g v="sing"></g><g v="accs"></g></l></v></tfr></token><token id="610240" text="!"><tfr rev_id="1442661" t="!"><v><l id="0" t="!"><g v="PNCT"></g></l></v></tfr></token></tokens></sentence><sentence id="34094"><source>Как вы знаете, федерация не платит ему зарплату с января.</source><tokens><token id="610241" text="Как"><tfr rev_id="1442662" t="Как"><v><l id="128190" t="как"><g v="CONJ"></g></l></v><v><l id="128191" t="как"><g v="PRCL"></g></l></v><v><l id="128192" t="как"><g v="ADVB"></g><g v="Ques"></g></l></v></tfr></token><token id="610242" text="вы"><tfr rev_id="1442663" t="вы"><v><l id="55560" t="вы"><g v="NPRO"></g><g v="2per"></g><g v="plur"></g><g v="nomn"></g></l></v></tfr></token><token id="610243" text="знаете"><tfr rev_id="4229733" t="знаете"><v><l id="115989" t="знаю"><g v="VERB"></g><g v="impf"></g><g v="tran"></g><g v="plur"></g><g v="2per"></g><g v="pres"></g><g v="indc"></g></l></v></tfr></token><token id="610244" text=","><tfr rev_id="1442665" t=","><v><l id="0" t=","><g v="PNCT"></g></l></v></tfr></token><token id="610245" text="федерация"><tfr rev_id="1442666" t="федерация"><v><l id="364940" t="федерация"><g v="NOUN"></g><g v="inan"></g><g v="femn"></g><g v="sing"></g><g v="nomn"></g></l></v></tfr></token><token id="610246" text="не"><tfr rev_id="1442667" t="не"><v><l id="178876" t="не"><g v="PRCL"></g></l></v></tfr></token><token id="610247" text="платит"><tfr rev_id="1442668" t="платит"><v><l id="240011" t="плачу"><g v="VERB"></g><g v="impf"></g><g v="tran"></g><g v="sing"></g><g v="3per"></g><g v="pres"></g><g v="indc"></g></l></v></tfr></token><token id="610248" text="ему"><tfr rev_id="4528899" t="ему"><v><l id="206541" t="он"><g v="NPRO"></g><g v="masc"></g><g v="3per"></g><g v="Anph"></g><g v="sing"></g><g v="datv"></g></l></v><v><l id="206649" t="оно"><g v="NPRO"></g><g v="neut"></g><g v="3per"></g><g v="Anph"></g><g v="sing"></g><g v="datv"></g></l></v></tfr></token><token id="610249" text="зарплату"><tfr rev_id="1442670" t="зарплату"><v><l id="108951" t="зарплата"><g v="NOUN"></g><g v="inan"></g><g v="femn"></g><g v="sing"></g><g v="accs"></g></l></v></tfr></token><token id="610250" text="с"><tfr rev_id="1442671" t="с"><v><l id="311151" t="с"><g v="PREP"></g></l></v></tfr></token><token id="610251" text="января"><tfr rev_id="1442672" t="января"><v><l id="387905" t="январь"><g v="NOUN"></g><g v="inan"></g><g v="masc"></g><g v="sing"></g><g v="gent"></g></l></v></tfr></token><token id="610252" text="."><tfr rev_id="1442673" t="."><v><l id="0" t="."><g v="PNCT"></g></l></v></tfr></token></tokens></sentence><sentence id="34095"><source>Меж тем Гус продолжал добросовестно выполнять свои обязанности в России: съездил на февральскую жеребьёвку Евро в Варшаве, в марте провёл товарищеский матч с Венгрией.</source><tokens><token id="610253" text="Меж"><tfr rev_id="2604036" t="Меж"><v><l id="157241" t="меж"><g v="PREP"></g></l></v></tfr></token><token id="610254" text="тем"><tfr rev_id="4502930" t="тем"><v><l id="348430" t="тот"><g v="ADJF"></g><g v="Subx"></g><g v="Apro"></g><g v="Anph"></g><g v="masc"></g><g v="sing"></g><g v="ablt"></g></l></v><v><l id="348430" t="тот"><g v="ADJF"></g><g v="Subx"></g><g v="Apro"></g><g v="Anph"></g><g v="neut"></g><g v="sing"></g><g v="ablt"></g></l></v></tfr></token><token id="610255" text="Гус"><tfr rev_id="1442676" t="Гус"><v><l id="0" t="гус"><g v="UNKN"></g></l></v></tfr></token><token id="610256" text="продолжал"><tfr rev_id="1442677" t="продолжал"><v><l id="279215" t="продолжаю"><g v="VERB"></g><g v="impf"></g><g v="tran"></g><g v="masc"></g><g v="sing"></g><g v="past"></g><g v="indc"></g></l></v></tfr></token><token id="610257" text="добросовестно"><tfr rev_id="1442678" t="добросовестно"><v><l id="85508" t="добросовестно"><g v="ADVB"></g></l></v><v><l id="85511" t="добросовестен"><g v="ADJS"></g><g v="Qual"></g><g v="neut"></g><g v="sing"></g></l></v></tfr></token><token id="610258" text="выполнять"><tfr rev_id="1442679" t="выполнять"><v><l id="60637" t="выполнять"><g v="INFN"></g><g v="impf"></g><g v="tran"></g></l></v></tfr></token><token id="610259" text="свои"><tfr rev_id="3751941" t="свои"><v><l id="316379" t="свой"><g v="ADJF"></g><g v="Apro"></g><g v="Anph"></g><g v="inan"></g><g v="plur"></g><g v="accs"></g></l></v></tfr></token><token id="610260" text="обязанности"><tfr rev_id="3801812" t="обязанности"><v><l id="202081" t="обязанность"><g v="NOUN"></g><g v="inan"></g><g v="femn"></g><g v="plur"></g><g v="accs"></g></l></v></tfr></token><token id="610261" text="в"><tfr rev_id="1442682" t="в"><v><l id="37409" t="в"><g v="PREP"></g></l></v></tfr></token><token id="610262" text="России"><tfr rev_id="2922559" t="России"><v><l id="309322" t="россия"><g v="NOUN"></g><g v="inan"></g><g v="femn"></g><g v="Sgtm"></g><g v="Geox"></g><g v="sing"></g><g v="loct"></g></l></v></tfr></token><token id="610263" text=":"><tfr rev_id="1442684" t=":"><v><l id="0" t=":"><g v="PNCT"></g></l></v></tfr></token><token id="610264" text="съездил"><tfr rev_id="1442685" t="съездил"><v><l id="341495" t="съездил"><g v="VERB"></g><g v="perf"></g><g v="intr"></g><g v="masc"></g><g v="sing"></g><g v="past"></g><g v="indc"></g></l></v></tfr></token><token id="610265" text="на"><tfr rev_id="2911957" t="на"><v><l id="166264" t="на"><g v="PREP"></g></l></v><v><l id="388676" t="на"><g v="INTJ"></g></l></v></tfr></token><token id="610266" text="февральскую"><tfr rev_id="1442687" t="февральскую"><v><l id="364921" t="февральский"><g v="ADJF"></g><g v="femn"></g><g v="sing"></g><g v="accs"></g></l></v></tfr></token><token id="610267" text="жеребьёвку"><tfr rev_id="1442688" t="жеребьёвку"><v><l id="96805" t="жеребьёвка"><g v="NOUN"></g><g v="inan"></g><g v="femn"></g><g v="sing"></g><g v="accs"></g></l></v></tfr></token><token id="610268" text="Евро"><tfr rev_id="4169838" t="Евро"><v><l id="94004" t="евро"><g v="NOUN"></g><g v="inan"></g><g v="neut"></g><g v="Fixd"></g><g v="sing"></g><g v="gent"></g></l></v></tfr></token><token id="610269" text="в"><tfr rev_id="1442690" t="в"><v><l id="37409" t="в"><g v="PREP"></g></l></v></tfr></token><token id="610270" text="Варшаве"><tfr rev_id="1718564" t="Варшаве"><v><l id="38916" t="варшава"><g v="NOUN"></g><g v="inan"></g><g v="femn"></g><g v="Sgtm"></g><g v="Geox"></g><g v="sing"></g><g v="loct"></g></l></v></tfr></token><token id="610271" text=","><tfr rev_id="1442692" t=","><v><l id="0" t=","><g v="PNCT"></g></l></v></tfr></token><token id="610272" text="в"><tfr rev_id="1442693" t="в"><v><l id="37409" t="в"><g v="PREP"></g></l></v></tfr></token><token id="610273" text="марте"><tfr rev_id="4222252" t="марте"><v><l id="155465" t="март"><g v="NOUN"></g><g v="inan"></g><g v="masc"></g><g v="sing"></g><g v="loct"></g></l></v></tfr></token><token id="610274" text="провёл"><tfr rev_id="1442695" t="провёл"><v><l id="277830" t="провёл"><g v="VERB"></g><g v="perf"></g><g v="tran"></g><g v="masc"></g><g v="sing"></g><g v="past"></g><g v="indc"></g></l></v></tfr></token><token id="610275" text="товарищеский"><tfr rev_id="1442696" t="товарищеский"><v><l id="346865" t="товарищеский"><g v="ADJF"></g><g v="masc"></g><g v="sing"></g><g v="nomn"></g></l></v><v><l id="346865" t="товарищеский"><g v="ADJF"></g><g v="inan"></g><g v="masc"></g><g v="sing"></g><g v="accs"></g></l></v></tfr></token><token id="610276" text="матч"><tfr rev_id="4107215" t="матч"><v><l id="156440" t="матч"><g v="NOUN"></g><g v="inan"></g><g v="masc"></g><g v="sing"></g><g v="accs"></g></l></v></tfr></token><token id="610277" text="с"><tfr rev_id="1442698" t="с"><v><l id="311151" t="с"><g v="PREP"></g></l></v></tfr></token><token id="610278" text="Венгрией"><tfr rev_id="1442699" t="Венгрией"><v><l id="40896" t="венгрия"><g v="NOUN"></g><g v="inan"></g><g v="femn"></g><g v="Sgtm"></g><g v="Geox"></g><g v="sing"></g><g v="ablt"></g></l></v></tfr></token><token id="610279" text="."><tfr rev_id="1442700" t="."><v><l id="0" t="."><g v="PNCT"></g></l></v></tfr></token></tokens></sentence><sentence id="34096"><source>Но если РФС не выполняет контрактных обязательств на протяжении полугода, почему Хиддинк должен их соблюдать?</source><tokens><token id="610280" text="Но"><tfr rev_id="1442701" t="Но"><v><l id="191429" t="но"><g v="CONJ"></g></l></v><v><l id="191430" t="но"><g v="INTJ"></g></l></v></tfr></token><token id="610281" text="если"><tfr rev_id="1442702" t="если"><v><l id="95365" t="если"><g v="CONJ"></g></l></v></tfr></token><token id="610282" text="РФС"><tfr rev_id="3797339" t="РФС"><v><l id="389970" t="рфс"><g v="NOUN"></g><g v="inan"></g><g v="masc"></g><g v="Sgtm"></g><g v="Fixd"></g><g v="Abbr"></g><g v="Orgn"></g><g v="sing"></g><g v="nomn"></g></l></v><v><l id="389970" t="рфс"><g v="NOUN"></g><g v="inan"></g><g v="masc"></g><g v="Sgtm"></g><g v="Fixd"></g><g v="Abbr"></g><g v="Orgn"></g><g v="sing"></g><g v="gent"></g></l></v><v><l id="389970" t="рфс"><g v="NOUN"></g><g v="inan"></g><g v="masc"></g><g v="Sgtm"></g><g v="Fixd"></g><g v="Abbr"></g><g v="Orgn"></g><g v="sing"></g><g v="datv"></g></l></v><v><l id="389970" t="рфс"><g v="NOUN"></g><g v="inan"></g><g v="masc"></g><g v="Sgtm"></g><g v="Fixd"></g><g v="Abbr"></g><g v="Orgn"></g><g v="sing"></g><g v="accs"></g></l></v><v><l id="389970" t="рфс"><g v="NOUN"></g><g v="inan"></g><g v="masc"></g><g v="Sgtm"></g><g v="Fixd"></g><g v="Abbr"></g><g v="Orgn"></g><g v="sing"></g><g v="ablt"></g></l></v><v><l id="389970" t="рфс"><g v="NOUN"></g><g v="inan"></g><g v="masc"></g><g v="Sgtm"></g><g v="Fixd"></g><g v="Abbr"></g><g v="Orgn"></g><g v="sing"></g><g v="loct"></g></l></v></tfr></token><token id="610283" text="не"><tfr rev_id="1442704" t="не"><v><l id="178876" t="не"><g v="PRCL"></g></l></v></tfr></token><token id="610284" text="выполняет"><tfr rev_id="1442705" t="выполняет"><v><l id="60636" t="выполняю"><g v="VERB"></g><g v="impf"></g><g v="tran"></g><g v="sing"></g><g v="3per"></g><g v="pres"></g><g v="indc"></g></l></v></tfr></token><token id="610285" text="контрактных"><tfr rev_id="4163164" t="контрактных"><v><l id="138418" t="контрактный"><g v="ADJF"></g><g v="plur"></g><g v="gent"></g></l></v></tfr></token><token id="610286" text="обязательств"><tfr rev_id="1442707" t="обязательств"><v><l id="202094" t="обязательство"><g v="NOUN"></g><g v="inan"></g><g v="neut"></g><g v="plur"></g><g v="gent"></g></l></v></tfr></token><token id="610287" text="на"><tfr rev_id="3340358" t="на"><v><l id="166264" t="на"><g v="PREP"></g></l></v></tfr></token><token id="610288" text="протяжении"><tfr rev_id="1442709" t="протяжении"><v><l id="286786" t="протяжение"><g v="NOUN"></g><g v="inan"></g><g v="neut"></g><g v="sing"></g><g v="loct"></g></l></v></tfr></token><token id="610289" text="полугода"><tfr rev_id="1442710" t="полугода"><v><l id="255230" t="полгода"><g v="NOUN"></g><g v="inan"></g><g v="neut"></g><g v="Sgtm"></g><g v="sing"></g><g v="gent"></g></l></v></tfr></token><token id="610290" text=","><tfr rev_id="1442711" t=","><v><l id="0" t=","><g v="PNCT"></g></l></v></tfr></token><token id="610291" text="почему"><tfr rev_id="1442712" t="почему"><v><l id="264705" t="почему"><g v="ADVB"></g><g v="Ques"></g></l></v></tfr></token><token id="610292" text="Хиддинк"><tfr rev_id="4338101" t="Хиддинк"><v><l id="390490" t="хиддинк"><g v="NOUN"></g><g v="anim"></g><g v="masc"></g><g v="Sgtm"></g><g v="Surn"></g><g v="sing"></g><g v="nomn"></g></l></v></tfr></token><token id="610293" text="должен"><tfr rev_id="2558773" t="должен"><v><l id="87975" t="должен"><g v="ADJS"></g><g v="masc"></g><g v="sing"></g></l></v></tfr></token><token id="610294" text="их"><tfr rev_id="3601365" t="их"><v><l id="206619" t="они"><g v="NPRO"></g><g v="3per"></g><g v="Anph"></g><g v="plur"></g><g v="gent"></g></l></v><v><l id="206619" t="они"><g v="NPRO"></g><g v="3per"></g><g v="Anph"></g><g v="plur"></g><g v="accs"></g></l></v></tfr></token><token id="610295" text="соблюдать"><tfr rev_id="1442716" t="соблюдать"><v><l id="327728" t="соблюдать"><g v="INFN"></g><g v="impf"></g><g v="tran"></g></l></v></tfr></token><token id="610296" text="?"><tfr rev_id="1442717" t="?"><v><l id="0" t="?"><g v="PNCT"></g></l></v></tfr></token></tokens></sentence><sentence id="34097"><source>Я вам признаюсь: за 30 лет, что я в футболе, я ни разу не сталкивался с подобным.</source><tokens><token id="610297" text="Я"><tfr rev_id="1442718" t="Я"><v><l id="387317" t="я"><g v="NPRO"></g><g v="1per"></g><g v="sing"></g><g v="nomn"></g></l></v></tfr></token><token id="610298" text="вам"><tfr rev_id="1442719" t="вам"><v><l id="55560" t="вы"><g v="NPRO"></g><g v="2per"></g><g v="plur"></g><g v="datv"></g></l></v></tfr></token><token id="610299" text="признаюсь"><tfr rev_id="1442720" t="признаюсь"><v><l id="270632" t="признаюсь"><g v="VERB"></g><g v="impf"></g><g v="intr"></g><g v="sing"></g><g v="1per"></g><g v="pres"></g><g v="indc"></g></l></v><v><l id="270653" t="признался"><g v="VERB"></g><g v="perf"></g><g v="intr"></g><g v="sing"></g><g v="1per"></g><g v="futr"></g><g v="indc"></g></l></v></tfr></token><token id="610300" text=":"><tfr rev_id="1442721" t=":"><v><l id="0" t=":"><g v="PNCT"></g></l></v></tfr></token><token id="610301" text="за"><tfr rev_id="1442722" t="за"><v><l id="98043" t="за"><g v="PREP"></g></l></v></tfr></token><token id="610302" text="30"><tfr rev_id="2461786" t="30"><v><l id="0" t="30"><g v="NUMB"></g></l></v></tfr></token><token id="610303" text="лет"><tfr rev_id="4098489" t="лет"><v><l id="72149" t="год"><g v="NOUN"></g><g v="inan"></g><g v="masc"></g><g v="plur"></g><g v="gent"></g></l></v></tfr></token><token id="610304" text=","><tfr rev_id="1442725" t=","><v><l id="0" t=","><g v="PNCT"></g></l></v></tfr></token><token id="610305" text="что"><tfr rev_id="3196871" t="что"><v><l id="377004" t="что"><g v="CONJ"></g></l></v><v><l id="377005" t="что"><g v="NPRO"></g><g v="neut"></g><g v="sing"></g><g v="nomn"></g></l></v><v><l id="377005" t="что"><g v="NPRO"></g><g v="neut"></g><g v="sing"></g><g v="accs"></g></l></v><v><l id="377006" t="что"><g v="ADVB"></g><g v="Ques"></g></l></v><v><l id="388695" t="что"><g v="PRCL"></g></l></v></tfr></token><token id="610306" text="я"><tfr rev_id="1442727" t="я"><v><l id="387317" t="я"><g v="NPRO"></g><g v="1per"></g><g v="sing"></g><g v="nomn"></g></l></v></tfr></token><token id="610307" text="в"><tfr rev_id="1442728" t="в"><v><l id="37409" t="в"><g v="PREP"></g></l></v></tfr></token><token id="610308" text="футболе"><tfr rev_id="1442729" t="футболе"><v><l id="368772" t="футбол"><g v="NOUN"></g><g v="inan"></g><g v="masc"></g><g v="sing"></g><g v="loct"></g></l></v></tfr></token><token id="610309" text=","><tfr rev_id="1442730" t=","><v><l id="0" t=","><g v="PNCT"></g></l></v></tfr></token><token id="610310" text="я"><tfr rev_id="1442731" t="я"><v><l id="387317" t="я"><g v="NPRO"></g><g v="1per"></g><g v="sing"></g><g v="nomn"></g></l></v></tfr></token><token id="610311" text="ни"><tfr rev_id="1442732" t="ни"><v><l id="190307" t="ни"><g v="CONJ"></g></l></v><v><l id="190308" t="ни"><g v="PRCL"></g></l></v></tfr></token><token id="610312" text="разу"><tfr rev_id="4393635" t="разу"><v><l id="291500" t="раз"><g v="NOUN"></g><g v="inan"></g><g v="masc"></g><g v="sing"></g><g v="gen2"></g></l></v></tfr></token><token id="610313" text="не"><tfr rev_id="1442734" t="не"><v><l id="178876" t="не"><g v="PRCL"></g></l></v></tfr></token><token id="610314" text="сталкивался"><tfr rev_id="1442735" t="сталкивался"><v><l id="334544" t="сталкиваюсь"><g v="VERB"></g><g v="impf"></g><g v="intr"></g><g v="masc"></g><g v="sing"></g><g v="past"></g><g v="indc"></g></l></v></tfr></token><token id="610315" text="с"><tfr rev_id="1442736" t="с"><v><l id="311151" t="с"><g v="PREP"></g></l></v></tfr></token><token id="610316" text="подобным"><tfr rev_id="3791357" t="подобным"><v><l id="248293" t="подобный"><g v="ADJF"></g><g v="Subx"></g><g v="Qual"></g><g v="neut"></g><g v="sing"></g><g v="ablt"></g></l></v></tfr></token><token id="610317" text="."><tfr rev_id="1442738" t="."><v><l id="0" t="."><g v="PNCT"></g></l></v></tfr></token></tokens></sentence><sentence id="34098"><source>Это позор!»</source><tokens><token id="610318" text="Это"><tfr rev_id="4441562" t="Это"><v><l id="386574" t="это"><g v="PRCL"></g></l></v><v><l id="386575" t="это"><g v="NPRO"></g><g v="neut"></g><g v="sing"></g><g v="nomn"></g></l></v><v><l id="386575" t="это"><g v="NPRO"></g><g v="neut"></g><g v="sing"></g><g v="accs"></g></l></v><v><l id="386581" t="этот"><g v="ADJF"></g><g v="Subx"></g><g v="Apro"></g><g v="Anph"></g><g v="neut"></g><g v="sing"></g><g v="nomn"></g></l></v><v><l id="386581" t="этот"><g v="ADJF"></g><g v="Subx"></g><g v="Apro"></g><g v="Anph"></g><g v="neut"></g><g v="sing"></g><g v="accs"></g></l></v></tfr></token><token id="610319" text="позор"><tfr rev_id="4363972" t="позор"><v><l id="253716" t="позор"><g v="NOUN"></g><g v="inan"></g><g v="masc"></g><g v="sing"></g><g v="nomn"></g></l></v></tfr></token><token id="610320" text="!"><tfr rev_id="1442741" t="!"><v><l id="0" t="!"><g v="PNCT"></g></l></v></tfr></token><token id="610321" text="»"><tfr rev_id="2443875" t="»"><v><l id="0" t="»"><g v="PNCT"></g></l></v></tfr></token></tokens></sentence><sentence id="34099"><source>— цитирует NEWSru.com агента.</source><tokens><token id="610322" text="—"><tfr rev_id="2443876" t="—"><v><l id="0" t="—"><g v="PNCT"></g></l></v></tfr></token><token id="610323" text="цитирует"><tfr rev_id="1442744" t="цитирует"><v><l id="374102" t="цитирую"><g v="VERB"></g><g v="impf"></g><g v="tran"></g><g v="sing"></g><g v="3per"></g><g v="pres"></g><g v="indc"></g></l></v></tfr></token><token id="610324" text="NEWSru.com"><tfr rev_id="2474784" t="NEWSru.com"><v><l id="0" t="NEWSru.com"><g v="LATN"></g></l></v></tfr></token><token id="610325" text="агента"><tfr rev_id="4386038" t="агента"><v><l id="3928" t="агент"><g v="NOUN"></g><g v="anim"></g><g v="masc"></g><g v="sing"></g><g v="accs"></g></l></v></tfr></token><token id="610326" text="."><tfr rev_id="1442747" t="."><v><l id="0" t="."><g v="PNCT"></g></l></v></tfr></token></tokens></sentence></paragraph><paragraph id="10894"><sentence id="34100"><source>Напомним, официально контракт Хиддинка с РФС заканчивается 15 июля.</source><tokens><token id="610327" text="Напомним"><tfr rev_id="1442748" t="Напомним"><v><l id="173892" t="напомнил"><g v="VERB"></g><g v="perf"></g><g v="tran"></g><g v="plur"></g><g v="1per"></g><g v="futr"></g><g v="indc"></g></l></v><v><l id="173892" t="напомнил"><g v="VERB"></g><g v="perf"></g><g v="tran"></g><g v="sing"></g><g v="impr"></g><g v="incl"></g></l></v></tfr></token><token id="610328" text=","><tfr rev_id="1442749" t=","><v><l id="0" t=","><g v="PNCT"></g></l></v></tfr></token><token id="610329" text="официально"><tfr rev_id="3526431" t="официально"><v><l id="220937" t="официально"><g v="ADVB"></g></l></v></tfr></token><token id="610330" text="контракт"><tfr rev_id="4211198" t="контракт"><v><l id="138412" t="контракт"><g v="NOUN"></g><g v="inan"></g><g v="masc"></g><g v="sing"></g><g v="nomn"></g></l></v></tfr></token><token id="610331" text="Хиддинка"><tfr rev_id="4470708" t="Хиддинка"><v><l id="390490" t="хиддинк"><g v="NOUN"></g><g v="anim"></g><g v="masc"></g><g v="Sgtm"></g><g v="Surn"></g><g v="sing"></g><g v="gent"></g></l></v></tfr></token><token id="610332" text="с"><tfr rev_id="1442753" t="с"><v><l id="311151" t="с"><g v="PREP"></g></l></v></tfr></token><token id="610333" text="РФС"><tfr rev_id="3797340" t="РФС"><v><l id="389970" t="рфс"><g v="NOUN"></g><g v="inan"></g><g v="masc"></g><g v="Sgtm"></g><g v="Fixd"></g><g v="Abbr"></g><g v="Orgn"></g><g v="sing"></g><g v="nomn"></g></l></v><v><l id="389970" t="рфс"><g v="NOUN"></g><g v="inan"></g><g v="masc"></g><g v="Sgtm"></g><g v="Fixd"></g><g v="Abbr"></g><g v="Orgn"></g><g v="sing"></g><g v="gent"></g></l></v><v><l id="389970" t="рфс"><g v="NOUN"></g><g v="inan"></g><g v="masc"></g><g v="Sgtm"></g><g v="Fixd"></g><g v="Abbr"></g><g v="Orgn"></g><g v="sing"></g><g v="datv"></g></l></v><v><l id="389970" t="рфс"><g v="NOUN"></g><g v="inan"></g><g v="masc"></g><g v="Sgtm"></g><g v="Fixd"></g><g v="Abbr"></g><g v="Orgn"></g><g v="sing"></g><g v="accs"></g></l></v><v><l id="389970" t="рфс"><g v="NOUN"></g><g v="inan"></g><g v="masc"></g><g v="Sgtm"></g><g v="Fixd"></g><g v="Abbr"></g><g v="Orgn"></g><g v="sing"></g><g v="ablt"></g></l></v><v><l id="389970" t="рфс"><g v="NOUN"></g><g v="inan"></g><g v="masc"></g><g v="Sgtm"></g><g v="Fixd"></g><g v="Abbr"></g><g v="Orgn"></g><g v="sing"></g><g v="loct"></g></l></v></tfr></token><token id="610334" text="заканчивается"><tfr rev_id="1442755" t="заканчивается"><v><l id="103000" t="заканчиваюсь"><g v="VERB"></g><g v="impf"></g><g v="intr"></g><g v="sing"></g><g v="3per"></g><g v="pres"></g><g v="indc"></g></l></v></tfr></token><token id="610335" text="15"><tfr rev_id="2461787" t="15"><v><l id="0" t="15"><g v="NUMB"></g></l></v></tfr></token><token id="610336" text="июля"><tfr rev_id="1442757" t="июля"><v><l id="127299" t="июль"><g v="NOUN"></g><g v="inan"></g><g v="masc"></g><g v="sing"></g><g v="gent"></g></l></v></tfr></token><token id="610337" text="."><tfr rev_id="1442758" t="."><v><l id="0" t="."><g v="PNCT"></g></l></v></tfr></token></tokens></sentence><sentence id="34101"><source>Новым наставником сборной России по футболу уже назначен его соотечественник Дик Адвокат, а сам Хиддинк уже работает в Турции, хотя по соглашению должен перейти в новую команду только в августе.</source><tokens><token id="610338" text="Новым"><tfr rev_id="4310755" t="Новым"><v><l id="191918" t="новый"><g v="ADJF"></g><g v="Qual"></g><g v="masc"></g><g v="sing"></g><g v="ablt"></g></l></v></tfr></token><token id="610339" text="наставником"><tfr rev_id="1442760" t="наставником"><v><l id="175958" t="наставник"><g v="NOUN"></g><g v="anim"></g><g v="masc"></g><g v="sing"></g><g v="ablt"></g></l></v></tfr></token><token id="610340" text="сборной"><tfr rev_id="4354184" t="сборной"><v><l id="314367" t="сборная"><g v="NOUN"></g><g v="inan"></g><g v="femn"></g><g v="sing"></g><g v="gent"></g></l></v></tfr></token><token id="610341" text="России"><tfr rev_id="2922535" t="России"><v><l id="309322" t="россия"><g v="NOUN"></g><g v="inan"></g><g v="femn"></g><g v="Sgtm"></g><g v="Geox"></g><g v="sing"></g><g v="gent"></g></l></v></tfr></token><token id="610342" text="по"><tfr rev_id="1442763" t="по"><v><l id="241240" t="по"><g v="PREP"></g></l></v></tfr></token><token id="610343" text="футболу"><tfr rev_id="1442764" t="футболу"><v><l id="368772" t="футбол"><g v="NOUN"></g><g v="inan"></g><g v="masc"></g><g v="sing"></g><g v="datv"></g></l></v></tfr></token><token id="610344" text="уже"><tfr rev_id="2692731" t="уже"><v><l id="355422" t="уж"><g v="NOUN"></g><g v="anim"></g><g v="masc"></g><g v="sing"></g><g v="loct"></g></l></v><v><l id="355498" t="уже"><g v="ADVB"></g></l></v><v><l id="355674" t="уже"><g v="COMP"></g><g v="Qual"></g></l></v><v><l id="388673" t="уже"><g v="PRCL"></g></l></v></tfr></token><token id="610345" text="назначен"><tfr rev_id="1442766" t="назначен"><v><l id="170427" t="назначен"><g v="PRTS"></g><g v="perf"></g><g v="past"></g><g v="pssv"></g><g v="masc"></g><g v="sing"></g></l></v></tfr></token><token id="610346" text="его"><tfr rev_id="4456902" t="его"><v><l id="94208" t="его"><g v="ADJF"></g><g v="Fixd"></g><g v="Apro"></g><g v="Anph"></g><g v="masc"></g><g v="sing"></g><g v="nomn"></g></l></v><v><l id="94208" t="его"><g v="ADJF"></g><g v="Fixd"></g><g v="Apro"></g><g v="Anph"></g><g v="masc"></g><g v="sing"></g><g v="gent"></g></l></v><v><l id="94208" t="его"><g v="ADJF"></g><g v="Fixd"></g><g v="Apro"></g><g v="Anph"></g><g v="masc"></g><g v="sing"></g><g v="datv"></g></l></v><v><l id="94208" t="его"><g v="ADJF"></g><g v="Fixd"></g><g v="Apro"></g><g v="Anph"></g><g v="masc"></g><g v="sing"></g><g v="accs"></g></l></v><v><l id="94208" t="его"><g v="ADJF"></g><g v="Fixd"></g><g v="Apro"></g><g v="Anph"></g><g v="masc"></g><g v="sing"></g><g v="ablt"></g></l></v><v><l id="94208" t="его"><g v="ADJF"></g><g v="Fixd"></g><g v="Apro"></g><g v="Anph"></g><g v="masc"></g><g v="sing"></g><g v="loct"></g></l></v></tfr></token><token id="610347" text="соотечественник"><tfr rev_id="1442768" t="соотечественник"><v><l id="329636" t="соотечественник"><g v="NOUN"></g><g v="anim"></g><g v="masc"></g><g v="sing"></g><g v="nomn"></g></l></v></tfr></token><token id="610348" text="Дик"><tfr rev_id="2703002" t="Дик"><v><l id="83758" t="дик"><g v="NOUN"></g><g v="anim"></g><g v="masc"></g><g v="Name"></g><g v="sing"></g><g v="nomn"></g></l></v></tfr></token><token id="610349" text="Адвокат"><tfr rev_id="1442770" t="Адвокат"><v><l id="4650" t="адвокат"><g v="NOUN"></g><g v="anim"></g><g v="masc"></g><g v="sing"></g><g v="nomn"></g></l></v></tfr></token><token id="610350" text=","><tfr rev_id="1442771" t=","><v><l id="0" t=","><g v="PNCT"></g></l></v></tfr></token><token id="610351" text="а"><tfr rev_id="3410749" t="а"><v><l id="51" t="а"><g v="CONJ"></g></l></v></tfr></token><token id="610352" text="сам"><tfr rev_id="1442773" t="сам"><v><l id="312034" t="сам"><g v="ADJF"></g><g v="Apro"></g><g v="masc"></g><g v="sing"></g><g v="nomn"></g></l></v><v><l id="312034" t="сам"><g v="ADJF"></g><g v="Apro"></g><g v="inan"></g><g v="masc"></g><g v="sing"></g><g v="accs"></g></l></v></tfr></token><token id="610353" text="Хиддинк"><tfr rev_id="4338102" t="Хиддинк"><v><l id="390490" t="хиддинк"><g v="NOUN"></g><g v="anim"></g><g v="masc"></g><g v="Sgtm"></g><g v="Surn"></g><g v="sing"></g><g v="nomn"></g></l></v></tfr></token><token id="610354" text="уже"><tfr rev_id="2692732" t="уже"><v><l id="355422" t="уж"><g v="NOUN"></g><g v="anim"></g><g v="masc"></g><g v="sing"></g><g v="loct"></g></l></v><v><l id="355498" t="уже"><g v="ADVB"></g></l></v><v><l id="355674" t="уже"><g v="COMP"></g><g v="Qual"></g></l></v><v><l id="388673" t="уже"><g v="PRCL"></g></l></v></tfr></token><token id="610355" text="работает"><tfr rev_id="1442776" t="работает"><v><l id="290502" t="работаю"><g v="VERB"></g><g v="impf"></g><g v="intr"></g><g v="sing"></g><g v="3per"></g><g v="pres"></g><g v="indc"></g></l></v></tfr></token><token id="610356" text="в"><tfr rev_id="1442777" t="в"><v><l id="37409" t="в"><g v="PREP"></g></l></v></tfr></token><token id="610357" text="Турции"><tfr rev_id="3325464" t="Турции"><v><l id="351881" t="турция"><g v="NOUN"></g><g v="inan"></g><g v="femn"></g><g v="Sgtm"></g><g v="Geox"></g><g v="sing"></g><g v="loct"></g></l></v></tfr></token><token id="610358" text=","><tfr rev_id="1442779" t=","><v><l id="0" t=","><g v="PNCT"></g></l></v></tfr></token><token id="610359" text="хотя"><tfr rev_id="3888041" t="хотя"><v><l id="371732" t="хотя"><g v="CONJ"></g></l></v></tfr></token><token id="610360" text="по"><tfr rev_id="1442781" t="по"><v><l id="241240" t="по"><g v="PREP"></g></l></v></tfr></token><token id="610361" text="соглашению"><tfr rev_id="1442782" t="соглашению"><v><l id="328305" t="соглашение"><g v="NOUN"></g><g v="inan"></g><g v="neut"></g><g v="sing"></g><g v="datv"></g></l></v></tfr></token><token id="610362" text="должен"><tfr rev_id="2558774" t="должен"><v><l id="87975" t="должен"><g v="ADJS"></g><g v="masc"></g><g v="sing"></g></l></v></tfr></token><token id="610363" text="перейти"><tfr rev_id="1442784" t="перейти"><v><l id="229217" t="перейти"><g v="INFN"></g><g v="perf"></g><g v="tran"></g></l></v></tfr></token><token id="610364" text="в"><tfr rev_id="1442785" t="в"><v><l id="37409" t="в"><g v="PREP"></g></l></v></tfr></token><token id="610365" text="новую"><tfr rev_id="1442786" t="новую"><v><l id="191918" t="новый"><g v="ADJF"></g><g v="Qual"></g><g v="femn"></g><g v="sing"></g><g v="accs"></g></l></v></tfr></token><token id="610366" text="команду"><tfr rev_id="1442787" t="команду"><v><l id="136706" t="команда"><g v="NOUN"></g><g v="inan"></g><g v="femn"></g><g v="sing"></g><g v="accs"></g></l></v></tfr></token><token id="610367" text="только"><tfr rev_id="3784074" t="только"><v><l id="347395" t="только"><g v="CONJ"></g></l></v><v><l id="347396" t="только"><g v="PRCL"></g></l></v><v><l id="390053" t="только"><g v="ADVB"></g></l></v></tfr></token><token id="610368" text="в"><tfr rev_id="1442789" t="в"><v><l id="37409" t="в"><g v="PREP"></g></l></v></tfr></token><token id="610369" text="августе"><tfr rev_id="3823387" t="августе"><v><l id="2368" t="август"><g v="NOUN"></g><g v="inan"></g><g v="masc"></g><g v="sing"></g><g v="loct"></g></l></v></tfr></token><token id="610370" text="."><tfr rev_id="1442791" t="."><v><l id="0" t="."><g v="PNCT"></g></l></v></tfr></token></tokens></sentence><sentence id="34102"><source>По словам Ньювенхейзена, его клиент подаст в суд на РФС, если до 15 июля РФС не заплатит ему весь причитающийся гонорар.</source><tokens><token id="610371" text="По"><tfr rev_id="1442792" t="По"><v><l id="241240" t="по"><g v="PREP"></g></l></v></tfr></token><token id="610372" text="словам"><tfr rev_id="1442793" t="словам"><v><l id="325168" t="слово"><g v="NOUN"></g><g v="inan"></g><g v="neut"></g><g v="plur"></g><g v="datv"></g></l></v></tfr></token><token id="610373" text="Ньювенхейзена"><tfr rev_id="1442794" t="Ньювенхейзена"><v><l id="0" t="ньювенхейзена"><g v="UNKN"></g></l></v></tfr></token><token id="610374" text=","><tfr rev_id="1442795" t=","><v><l id="0" t=","><g v="PNCT"></g></l></v></tfr></token><token id="610375" text="его"><tfr rev_id="4514304" t="его"><v><l id="94208" t="его"><g v="ADJF"></g><g v="Fixd"></g><g v="Apro"></g><g v="Anph"></g><g v="masc"></g><g v="sing"></g><g v="nomn"></g></l></v><v><l id="94208" t="его"><g v="ADJF"></g><g v="Fixd"></g><g v="Apro"></g><g v="Anph"></g><g v="masc"></g><g v="sing"></g><g v="gent"></g></l></v><v><l id="94208" t="его"><g v="ADJF"></g><g v="Fixd"></g><g v="Apro"></g><g v="Anph"></g><g v="masc"></g><g v="sing"></g><g v="datv"></g></l></v><v><l id="94208" t="его"><g v="ADJF"></g><g v="Fixd"></g><g v="Apro"></g><g v="Anph"></g><g v="masc"></g><g v="sing"></g><g v="accs"></g></l></v><v><l id="94208" t="его"><g v="ADJF"></g><g v="Fixd"></g><g v="Apro"></g><g v="Anph"></g><g v="masc"></g><g v="sing"></g><g v="ablt"></g></l></v><v><l id="94208" t="его"><g v="ADJF"></g><g v="Fixd"></g><g v="Apro"></g><g v="Anph"></g><g v="masc"></g><g v="sing"></g><g v="loct"></g></l></v></tfr></token><token id="610376" text="клиент"><tfr rev_id="4456741" t="клиент"><v><l id="134285" t="клиент"><g v="NOUN"></g><g v="anim"></g><g v="masc"></g><g v="sing"></g><g v="nomn"></g></l></v></tfr></token><token id="610377" text="подаст"><tfr rev_id="1442798" t="подаст"><v><l id="243891" t="подал"><g v="VERB"></g><g v="perf"></g><g v="tran"></g><g v="sing"></g><g v="3per"></g><g v="futr"></g><g v="indc"></g></l></v></tfr></token><token id="610378" text="в"><tfr rev_id="1442799" t="в"><v><l id="37409" t="в"><g v="PREP"></g></l></v></tfr></token><token id="610379" text="суд"><tfr rev_id="4211110" t="суд"><v><l id="338918" t="суд"><g v="NOUN"></g><g v="inan"></g><g v="masc"></g><g v="sing"></g><g v="accs"></g></l></v></tfr></token><token id="610380" text="на"><tfr rev_id="3338215" t="на"><v><l id="166264" t="на"><g v="PREP"></g></l></v></tfr></token><token id="610381" text="РФС"><tfr rev_id="3797341" t="РФС"><v><l id="389970" t="рфс"><g v="NOUN"></g><g v="inan"></g><g v="masc"></g><g v="Sgtm"></g><g v="Fixd"></g><g v="Abbr"></g><g v="Orgn"></g><g v="sing"></g><g v="nomn"></g></l></v><v><l id="389970" t="рфс"><g v="NOUN"></g><g v="inan"></g><g v="masc"></g><g v="Sgtm"></g><g v="Fixd"></g><g v="Abbr"></g><g v="Orgn"></g><g v="sing"></g><g v="gent"></g></l></v><v><l id="389970" t="рфс"><g v="NOUN"></g><g v="inan"></g><g v="masc"></g><g v="Sgtm"></g><g v="Fixd"></g><g v="Abbr"></g><g v="Orgn"></g><g v="sing"></g><g v="datv"></g></l></v><v><l id="389970" t="рфс"><g v="NOUN"></g><g v="inan"></g><g v="masc"></g><g v="Sgtm"></g><g v="Fixd"></g><g v="Abbr"></g><g v="Orgn"></g><g v="sing"></g><g v="accs"></g></l></v><v><l id="389970" t="рфс"><g v="NOUN"></g><g v="inan"></g><g v="masc"></g><g v="Sgtm"></g><g v="Fixd"></g><g v="Abbr"></g><g v="Orgn"></g><g v="sing"></g><g v="ablt"></g></l></v><v><l id="389970" t="рфс"><g v="NOUN"></g><g v="inan"></g><g v="masc"></g><g v="Sgtm"></g><g v="Fixd"></g><g v="Abbr"></g><g v="Orgn"></g><g v="sing"></g><g v="loct"></g></l></v></tfr></token><token id="610382" text=","><tfr rev_id="1442803" t=","><v><l id="0" t=","><g v="PNCT"></g></l></v></tfr></token><token id="610383" text="если"><tfr rev_id="1442804" t="если"><v><l id="95365" t="если"><g v="CONJ"></g></l></v></tfr></token><token id="610384" text="до"><tfr rev_id="1442805" t="до"><v><l id="85153" t="до"><g v="PREP"></g></l></v></tfr></token><token id="610385" text="15"><tfr rev_id="2461788" t="15"><v><l id="0" t="15"><g v="NUMB"></g></l></v></tfr></token><token id="610386" text="июля"><tfr rev_id="1442807" t="июля"><v><l id="127299" t="июль"><g v="NOUN"></g><g v="inan"></g><g v="masc"></g><g v="sing"></g><g v="gent"></g></l></v></tfr></token><token id="610387" text="РФС"><tfr rev_id="3797342" t="РФС"><v><l id="389970" t="рфс"><g v="NOUN"></g><g v="inan"></g><g v="masc"></g><g v="Sgtm"></g><g v="Fixd"></g><g v="Abbr"></g><g v="Orgn"></g><g v="sing"></g><g v="nomn"></g></l></v><v><l id="389970" t="рфс"><g v="NOUN"></g><g v="inan"></g><g v="masc"></g><g v="Sgtm"></g><g v="Fixd"></g><g v="Abbr"></g><g v="Orgn"></g><g v="sing"></g><g v="gent"></g></l></v><v><l id="389970" t="рфс"><g v="NOUN"></g><g v="inan"></g><g v="masc"></g><g v="Sgtm"></g><g v="Fixd"></g><g v="Abbr"></g><g v="Orgn"></g><g v="sing"></g><g v="datv"></g></l></v><v><l id="389970" t="рфс"><g v="NOUN"></g><g v="inan"></g><g v="masc"></g><g v="Sgtm"></g><g v="Fixd"></g><g v="Abbr"></g><g v="Orgn"></g><g v="sing"></g><g v="accs"></g></l></v><v><l id="389970" t="рфс"><g v="NOUN"></g><g v="inan"></g><g v="masc"></g><g v="Sgtm"></g><g v="Fixd"></g><g v="Abbr"></g><g v="Orgn"></g><g v="sing"></g><g v="ablt"></g></l></v><v><l id="389970" t="рфс"><g v="NOUN"></g><g v="inan"></g><g v="masc"></g><g v="Sgtm"></g><g v="Fixd"></g><g v="Abbr"></g><g v="Orgn"></g><g v="sing"></g><g v="loct"></g></l></v></tfr></token><token id="610388" text="не"><tfr rev_id="1442809" t="не"><v><l id="178876" t="не"><g v="PRCL"></g></l></v></tfr></token><token id="610389" text="заплатит"><tfr rev_id="1442810" t="заплатит"><v><l id="107379" t="заплатил"><g v="VERB"></g><g v="perf"></g><g v="tran"></g><g v="sing"></g><g v="3per"></g><g v="futr"></g><g v="indc"></g></l></v></tfr></token><token id="610390" text="ему"><tfr rev_id="4528900" t="ему"><v><l id="206541" t="он"><g v="NPRO"></g><g v="masc"></g><g v="3per"></g><g v="Anph"></g><g v="sing"></g><g v="datv"></g></l></v><v><l id="206649" t="оно"><g v="NPRO"></g><g v="neut"></g><g v="3per"></g><g v="Anph"></g><g v="sing"></g><g v="datv"></g></l></v></tfr></token><token id="610391" text="весь"><tfr rev_id="4455525" t="весь"><v><l id="42156" t="весь"><g v="ADJF"></g><g v="Subx"></g><g v="Apro"></g><g v="inan"></g><g v="masc"></g><g v="sing"></g><g v="accs"></g></l></v></tfr></token><token id="610392" text="причитающийся"><tfr rev_id="4353811" t="причитающийся"><v><l id="276578" t="причитающийся"><g v="PRTF"></g><g v="impf"></g><g v="intr"></g><g v="pres"></g><g v="actv"></g><g v="inan"></g><g v="masc"></g><g v="sing"></g><g v="accs"></g></l></v></tfr></token><token id="610393" text="гонорар"><tfr rev_id="3530724" t="гонорар"><v><l id="72945" t="гонорар"><g v="NOUN"></g><g v="inan"></g><g v="masc"></g><g v="sing"></g><g v="accs"></g></l></v></tfr></token><token id="610394" text="."><tfr rev_id="1442815" t="."><v><l id="0" t="."><g v="PNCT"></g></l></v></tfr></token></tokens></sentence></paragraph></paragraphs></text>