<?xml version="1.0" encoding="utf-8"?><text id="1158" parent="56" name="Крым проголосовал против НАТО"><tags><tag>Автор:http://ru.wikinews.org/wiki/Участник:ВасильевВВ</tag><tag>Дата:17/12</tag><tag>Год:2006</tag><tag>Гео:ВикиКатегория:Крым</tag><tag>Тема:ВикиКатегория:Материалы РИА Новости</tag><tag>Тема:ВикиКатегория:НАТО</tag><tag>Гео:ВикиКатегория:Украина</tag><tag>url:http://ru.wikinews.org/w/index.php?title=Крым_проголосовал_против_НАТО&amp;oldid=59743</tag></tags><paragraphs><paragraph id="10919"><sentence id="34155"><source>Сегодня были подведены итоги референдума, прошедшего в субботу.</source><tokens><token id="611559" text="Сегодня"><tfr rev_id="1443980" t="Сегодня"><v><l id="317730" t="сегодня"><g v="ADVB"></g></l></v></tfr></token><token id="611560" text="были"><tfr rev_id="1714703" t="были"><v><l id="37265" t="есть"><g v="VERB"></g><g v="impf"></g><g v="intr"></g><g v="plur"></g><g v="past"></g><g v="indc"></g></l></v></tfr></token><token id="611561" text="подведены"><tfr rev_id="1443982" t="подведены"><v><l id="244448" t="подведён"><g v="PRTS"></g><g v="perf"></g><g v="past"></g><g v="pssv"></g><g v="plur"></g></l></v></tfr></token><token id="611562" text="итоги"><tfr rev_id="3727312" t="итоги"><v><l id="127141" t="итог"><g v="NOUN"></g><g v="inan"></g><g v="masc"></g><g v="plur"></g><g v="nomn"></g></l></v></tfr></token><token id="611563" text="референдума"><tfr rev_id="1443984" t="референдума"><v><l id="307032" t="референдум"><g v="NOUN"></g><g v="inan"></g><g v="masc"></g><g v="sing"></g><g v="gent"></g></l></v></tfr></token><token id="611564" text=","><tfr rev_id="1443985" t=","><v><l id="0" t=","><g v="PNCT"></g></l></v></tfr></token><token id="611565" text="прошедшего"><tfr rev_id="4535780" t="прошедшего"><v><l id="280312" t="прошедший"><g v="PRTF"></g><g v="perf"></g><g v="tran"></g><g v="past"></g><g v="actv"></g><g v="masc"></g><g v="sing"></g><g v="gent"></g></l></v><v><l id="280312" t="прошедший"><g v="PRTF"></g><g v="perf"></g><g v="tran"></g><g v="past"></g><g v="actv"></g><g v="anim"></g><g v="masc"></g><g v="sing"></g><g v="accs"></g></l></v><v><l id="280312" t="прошедший"><g v="PRTF"></g><g v="perf"></g><g v="tran"></g><g v="past"></g><g v="actv"></g><g v="neut"></g><g v="sing"></g><g v="gent"></g></l></v></tfr></token><token id="611566" text="в"><tfr rev_id="1443987" t="в"><v><l id="37409" t="в"><g v="PREP"></g></l></v></tfr></token><token id="611567" text="субботу"><tfr rev_id="1443988" t="субботу"><v><l id="338556" t="суббота"><g v="NOUN"></g><g v="inan"></g><g v="femn"></g><g v="sing"></g><g v="accs"></g></l></v></tfr></token><token id="611568" text="."><tfr rev_id="1443989" t="."><v><l id="0" t="."><g v="PNCT"></g></l></v></tfr></token></tokens></sentence><sentence id="34156"><source>Единственным вопросом референдума было «Согласны ли вы с политическим курсом президента Виктора Ющенко на вступление Украины в НАТО».</source><tokens><token id="611569" text="Единственным"><tfr rev_id="4377690" t="Единственным"><v><l id="94404" t="единственный"><g v="ADJF"></g><g v="masc"></g><g v="sing"></g><g v="ablt"></g></l></v></tfr></token><token id="611570" text="вопросом"><tfr rev_id="1443991" t="вопросом"><v><l id="50830" t="вопрос"><g v="NOUN"></g><g v="inan"></g><g v="masc"></g><g v="sing"></g><g v="ablt"></g></l></v></tfr></token><token id="611571" text="референдума"><tfr rev_id="1443992" t="референдума"><v><l id="307032" t="референдум"><g v="NOUN"></g><g v="inan"></g><g v="masc"></g><g v="sing"></g><g v="gent"></g></l></v></tfr></token><token id="611572" text="было"><tfr rev_id="3124455" t="было"><v><l id="37265" t="есть"><g v="VERB"></g><g v="impf"></g><g v="intr"></g><g v="neut"></g><g v="sing"></g><g v="past"></g><g v="indc"></g></l></v></tfr></token><token id="611573" text="«"><tfr rev_id="2443951" t="«"><v><l id="0" t="«"><g v="PNCT"></g></l></v></tfr></token><token id="611574" text="Согласны"><tfr rev_id="1443995" t="Согласны"><v><l id="328258" t="согласен"><g v="ADJS"></g><g v="Qual"></g><g v="plur"></g></l></v></tfr></token><token id="611575" text="ли"><tfr rev_id="4468430" t="ли"><v><l id="148847" t="ли"><g v="CONJ"></g></l></v><v><l id="148848" t="ли"><g v="PRCL"></g></l></v></tfr></token><token id="611576" text="вы"><tfr rev_id="1443997" t="вы"><v><l id="55560" t="вы"><g v="NPRO"></g><g v="2per"></g><g v="plur"></g><g v="nomn"></g></l></v></tfr></token><token id="611577" text="с"><tfr rev_id="1443998" t="с"><v><l id="311151" t="с"><g v="PREP"></g></l></v></tfr></token><token id="611578" text="политическим"><tfr rev_id="4378391" t="политическим"><v><l id="255870" t="политический"><g v="ADJF"></g><g v="masc"></g><g v="sing"></g><g v="ablt"></g></l></v></tfr></token><token id="611579" text="курсом"><tfr rev_id="1444000" t="курсом"><v><l id="145471" t="курс"><g v="NOUN"></g><g v="inan"></g><g v="masc"></g><g v="sing"></g><g v="ablt"></g></l></v></tfr></token><token id="611580" text="президента"><tfr rev_id="3886686" t="президента"><v><l id="267449" t="президент"><g v="NOUN"></g><g v="anim"></g><g v="masc"></g><g v="sing"></g><g v="gent"></g></l></v></tfr></token><token id="611581" text="Виктора"><tfr rev_id="4397503" t="Виктора"><v><l id="44808" t="виктор"><g v="NOUN"></g><g v="anim"></g><g v="masc"></g><g v="Name"></g><g v="sing"></g><g v="gent"></g></l></v></tfr></token><token id="611582" text="Ющенко"><tfr rev_id="4327190" t="Ющенко"><v><l id="387315" t="ющенко"><g v="NOUN"></g><g v="anim"></g><g v="ms-f"></g><g v="Fixd"></g><g v="Surn"></g><g v="sing"></g><g v="gent"></g></l></v></tfr></token><token id="611583" text="на"><tfr rev_id="3340694" t="на"><v><l id="166264" t="на"><g v="PREP"></g></l></v></tfr></token><token id="611584" text="вступление"><tfr rev_id="3458139" t="вступление"><v><l id="54607" t="вступление"><g v="NOUN"></g><g v="inan"></g><g v="neut"></g><g v="sing"></g><g v="accs"></g></l></v></tfr></token><token id="611585" text="Украины"><tfr rev_id="1444006" t="Украины"><v><l id="356365" t="украина"><g v="NOUN"></g><g v="inan"></g><g v="femn"></g><g v="Sgtm"></g><g v="Geox"></g><g v="sing"></g><g v="gent"></g></l></v></tfr></token><token id="611586" text="в"><tfr rev_id="1444007" t="в"><v><l id="37409" t="в"><g v="PREP"></g></l></v></tfr></token><token id="611587" text="НАТО"><tfr rev_id="3656852" t="НАТО"><v><l id="176969" t="нато"><g v="NOUN"></g><g v="inan"></g><g v="femn"></g><g v="Sgtm"></g><g v="Fixd"></g><g v="Abbr"></g><g v="Orgn"></g><g v="sing"></g><g v="accs"></g></l></v></tfr></token><token id="611588" text="»"><tfr rev_id="2443952" t="»"><v><l id="0" t="»"><g v="PNCT"></g></l></v></tfr></token><token id="611589" text="."><tfr rev_id="1444010" t="."><v><l id="0" t="."><g v="PNCT"></g></l></v></tfr></token></tokens></sentence><sentence id="34157"><source>По результатам голосования, большинство граждан настроены против политики Виктора Ющенко.</source><tokens><token id="611590" text="По"><tfr rev_id="1444011" t="По"><v><l id="241240" t="по"><g v="PREP"></g></l></v></tfr></token><token id="611591" text="результатам"><tfr rev_id="1444012" t="результатам"><v><l id="305391" t="результат"><g v="NOUN"></g><g v="inan"></g><g v="masc"></g><g v="plur"></g><g v="datv"></g></l></v></tfr></token><token id="611592" text="голосования"><tfr rev_id="2693402" t="голосования"><v><l id="72508" t="голосование"><g v="NOUN"></g><g v="inan"></g><g v="neut"></g><g v="sing"></g><g v="gent"></g></l></v></tfr></token><token id="611593" text=","><tfr rev_id="1444014" t=","><v><l id="0" t=","><g v="PNCT"></g></l></v></tfr></token><token id="611594" text="большинство"><tfr rev_id="1444015" t="большинство"><v><l id="32441" t="большинство"><g v="NOUN"></g><g v="inan"></g><g v="neut"></g><g v="Sgtm"></g><g v="sing"></g><g v="nomn"></g></l></v><v><l id="32441" t="большинство"><g v="NOUN"></g><g v="inan"></g><g v="neut"></g><g v="Sgtm"></g><g v="sing"></g><g v="accs"></g></l></v></tfr></token><token id="611595" text="граждан"><tfr rev_id="2866479" t="граждан"><v><l id="74521" t="гражданин"><g v="NOUN"></g><g v="anim"></g><g v="masc"></g><g v="plur"></g><g v="gent"></g></l></v></tfr></token><token id="611596" text="настроены"><tfr rev_id="1444017" t="настроены"><v><l id="176272" t="настроен"><g v="PRTS"></g><g v="perf"></g><g v="past"></g><g v="pssv"></g><g v="plur"></g></l></v></tfr></token><token id="611597" text="против"><tfr rev_id="4464765" t="против"><v><l id="285790" t="против"><g v="PREP"></g></l></v></tfr></token><token id="611598" text="политики"><tfr rev_id="3443507" t="политики"><v><l id="255853" t="политика"><g v="NOUN"></g><g v="inan"></g><g v="femn"></g><g v="sing"></g><g v="gent"></g></l></v></tfr></token><token id="611599" text="Виктора"><tfr rev_id="4216610" t="Виктора"><v><l id="44808" t="виктор"><g v="NOUN"></g><g v="anim"></g><g v="masc"></g><g v="Name"></g><g v="sing"></g><g v="gent"></g></l></v></tfr></token><token id="611600" text="Ющенко"><tfr rev_id="4327191" t="Ющенко"><v><l id="387315" t="ющенко"><g v="NOUN"></g><g v="anim"></g><g v="ms-f"></g><g v="Fixd"></g><g v="Surn"></g><g v="sing"></g><g v="gent"></g></l></v></tfr></token><token id="611601" text="."><tfr rev_id="1444022" t="."><v><l id="0" t="."><g v="PNCT"></g></l></v></tfr></token></tokens></sentence><sentence id="34158"><source>Явка составила приблизительно 59 % жителей Крыма, которые имеют право голосовать.</source><tokens><token id="611602" text="Явка"><tfr rev_id="1444023" t="Явка"><v><l id="387369" t="явка"><g v="NOUN"></g><g v="inan"></g><g v="femn"></g><g v="sing"></g><g v="nomn"></g></l></v></tfr></token><token id="611603" text="составила"><tfr rev_id="1444024" t="составила"><v><l id="330483" t="составил"><g v="VERB"></g><g v="perf"></g><g v="tran"></g><g v="femn"></g><g v="sing"></g><g v="past"></g><g v="indc"></g></l></v></tfr></token><token id="611604" text="приблизительно"><tfr rev_id="2690849" t="приблизительно"><v><l id="268840" t="приблизительно"><g v="ADVB"></g></l></v><v><l id="268843" t="приблизителен"><g v="ADJS"></g><g v="Qual"></g><g v="neut"></g><g v="sing"></g></l></v><v><l id="388670" t="приблизительно"><g v="PRCL"></g></l></v></tfr></token><token id="611605" text="59"><tfr rev_id="2461807" t="59"><v><l id="0" t="59"><g v="NUMB"></g></l></v></tfr></token><token id="611606" text="%"><tfr rev_id="2443953" t="%"><v><l id="0" t="%"><g v="PNCT"></g></l></v></tfr></token><token id="611607" text="жителей"><tfr rev_id="3310069" t="жителей"><v><l id="97562" t="житель"><g v="NOUN"></g><g v="anim"></g><g v="masc"></g><g v="plur"></g><g v="gent"></g></l></v></tfr></token><token id="611608" text="Крыма"><tfr rev_id="1444029" t="Крыма"><v><l id="143950" t="крым"><g v="NOUN"></g><g v="inan"></g><g v="masc"></g><g v="Sgtm"></g><g v="Geox"></g><g v="sing"></g><g v="gent"></g></l></v></tfr></token><token id="611609" text=","><tfr rev_id="1444030" t=","><v><l id="0" t=","><g v="PNCT"></g></l></v></tfr></token><token id="611610" text="которые"><tfr rev_id="3817167" t="которые"><v><l id="141203" t="который"><g v="ADJF"></g><g v="Apro"></g><g v="Subx"></g><g v="Anph"></g><g v="plur"></g><g v="nomn"></g></l></v></tfr></token><token id="611611" text="имеют"><tfr rev_id="1444032" t="имеют"><v><l id="121610" t="имею"><g v="VERB"></g><g v="impf"></g><g v="tran"></g><g v="plur"></g><g v="3per"></g><g v="pres"></g><g v="indc"></g></l></v></tfr></token><token id="611612" text="право"><tfr rev_id="4417217" t="право"><v><l id="265680" t="право"><g v="NOUN"></g><g v="inan"></g><g v="neut"></g><g v="sing"></g><g v="accs"></g></l></v></tfr></token><token id="611613" text="голосовать"><tfr rev_id="1444034" t="голосовать"><v><l id="72510" t="голосовать"><g v="INFN"></g><g v="impf"></g><g v="tran"></g></l></v></tfr></token><token id="611614" text="."><tfr rev_id="1444035" t="."><v><l id="0" t="."><g v="PNCT"></g></l></v></tfr></token></tokens></sentence><sentence id="34159"><source>За политику вступления Украины в НАТО проголосовало только 1 % населения автономной республики.</source><tokens><token id="611615" text="За"><tfr rev_id="1444036" t="За"><v><l id="98043" t="за"><g v="PREP"></g></l></v></tfr></token><token id="611616" text="политику"><tfr rev_id="3492663" t="политику"><v><l id="255853" t="политика"><g v="NOUN"></g><g v="inan"></g><g v="femn"></g><g v="sing"></g><g v="accs"></g></l></v></tfr></token><token id="611617" text="вступления"><tfr rev_id="3470155" t="вступления"><v><l id="54607" t="вступление"><g v="NOUN"></g><g v="inan"></g><g v="neut"></g><g v="sing"></g><g v="gent"></g></l></v></tfr></token><token id="611618" text="Украины"><tfr rev_id="1444039" t="Украины"><v><l id="356365" t="украина"><g v="NOUN"></g><g v="inan"></g><g v="femn"></g><g v="Sgtm"></g><g v="Geox"></g><g v="sing"></g><g v="gent"></g></l></v></tfr></token><token id="611619" text="в"><tfr rev_id="1444040" t="в"><v><l id="37409" t="в"><g v="PREP"></g></l></v></tfr></token><token id="611620" text="НАТО"><tfr rev_id="4174177" t="НАТО"><v><l id="176969" t="нато"><g v="NOUN"></g><g v="inan"></g><g v="femn"></g><g v="Sgtm"></g><g v="Fixd"></g><g v="Abbr"></g><g v="Orgn"></g><g v="sing"></g><g v="accs"></g></l></v></tfr></token><token id="611621" text="проголосовало"><tfr rev_id="1444042" t="проголосовало"><v><l id="278620" t="проголосовал"><g v="VERB"></g><g v="perf"></g><g v="tran"></g><g v="neut"></g><g v="sing"></g><g v="past"></g><g v="indc"></g></l></v></tfr></token><token id="611622" text="только"><tfr rev_id="3784076" t="только"><v><l id="347395" t="только"><g v="CONJ"></g></l></v><v><l id="347396" t="только"><g v="PRCL"></g></l></v><v><l id="390053" t="только"><g v="ADVB"></g></l></v></tfr></token><token id="611623" text="1"><tfr rev_id="2461808" t="1"><v><l id="0" t="1"><g v="NUMB"></g></l></v></tfr></token><token id="611624" text="%"><tfr rev_id="2443954" t="%"><v><l id="0" t="%"><g v="PNCT"></g></l></v></tfr></token><token id="611625" text="населения"><tfr rev_id="3409967" t="населения"><v><l id="175227" t="население"><g v="NOUN"></g><g v="inan"></g><g v="neut"></g><g v="sing"></g><g v="gent"></g></l></v></tfr></token><token id="611626" text="автономной"><tfr rev_id="3431456" t="автономной"><v><l id="3304" t="автономный"><g v="ADJF"></g><g v="Qual"></g><g v="femn"></g><g v="sing"></g><g v="gent"></g></l></v></tfr></token><token id="611627" text="республики"><tfr rev_id="2722052" t="республики"><v><l id="306780" t="республика"><g v="NOUN"></g><g v="inan"></g><g v="femn"></g><g v="sing"></g><g v="gent"></g></l></v></tfr></token><token id="611628" text="."><tfr rev_id="1444049" t="."><v><l id="0" t="."><g v="PNCT"></g></l></v></tfr></token></tokens></sentence><sentence id="34160"><source>Но юридической силы этот референдум не имеет, так что его организаторы — Всекрымское народное собрание называют его политической акцией.</source><tokens><token id="611629" text="Но"><tfr rev_id="1444050" t="Но"><v><l id="191429" t="но"><g v="CONJ"></g></l></v><v><l id="191430" t="но"><g v="INTJ"></g></l></v></tfr></token><token id="611630" text="юридической"><tfr rev_id="4424111" t="юридической"><v><l id="387106" t="юридический"><g v="ADJF"></g><g v="femn"></g><g v="sing"></g><g v="gent"></g></l></v></tfr></token><token id="611631" text="силы"><tfr rev_id="3433991" t="силы"><v><l id="320333" t="сила"><g v="NOUN"></g><g v="inan"></g><g v="femn"></g><g v="sing"></g><g v="gent"></g></l></v></tfr></token><token id="611632" text="этот"><tfr rev_id="4432092" t="этот"><v><l id="386581" t="этот"><g v="ADJF"></g><g v="Subx"></g><g v="Apro"></g><g v="Anph"></g><g v="masc"></g><g v="sing"></g><g v="nomn"></g></l></v><v><l id="386581" t="этот"><g v="ADJF"></g><g v="Subx"></g><g v="Apro"></g><g v="Anph"></g><g v="inan"></g><g v="masc"></g><g v="sing"></g><g v="accs"></g></l></v></tfr></token><token id="611633" text="референдум"><tfr rev_id="1444054" t="референдум"><v><l id="307032" t="референдум"><g v="NOUN"></g><g v="inan"></g><g v="masc"></g><g v="sing"></g><g v="nomn"></g></l></v><v><l id="307032" t="референдум"><g v="NOUN"></g><g v="inan"></g><g v="masc"></g><g v="sing"></g><g v="accs"></g></l></v></tfr></token><token id="611634" text="не"><tfr rev_id="1444055" t="не"><v><l id="178876" t="не"><g v="PRCL"></g></l></v></tfr></token><token id="611635" text="имеет"><tfr rev_id="1444056" t="имеет"><v><l id="121610" t="имею"><g v="VERB"></g><g v="impf"></g><g v="tran"></g><g v="sing"></g><g v="3per"></g><g v="pres"></g><g v="indc"></g></l></v></tfr></token><token id="611636" text=","><tfr rev_id="1444057" t=","><v><l id="0" t=","><g v="PNCT"></g></l></v></tfr></token><token id="611637" text="так"><tfr rev_id="1444058" t="так"><v><l id="342451" t="так"><g v="CONJ"></g></l></v><v><l id="342452" t="так"><g v="PRCL"></g></l></v><v><l id="342453" t="так"><g v="ADVB"></g><g v="Dmns"></g></l></v></tfr></token><token id="611638" text="что"><tfr rev_id="3196884" t="что"><v><l id="377004" t="что"><g v="CONJ"></g></l></v><v><l id="377005" t="что"><g v="NPRO"></g><g v="neut"></g><g v="sing"></g><g v="nomn"></g></l></v><v><l id="377005" t="что"><g v="NPRO"></g><g v="neut"></g><g v="sing"></g><g v="accs"></g></l></v><v><l id="377006" t="что"><g v="ADVB"></g><g v="Ques"></g></l></v><v><l id="388695" t="что"><g v="PRCL"></g></l></v></tfr></token><token id="611639" text="его"><tfr rev_id="4490892" t="его"><v><l id="94208" t="его"><g v="ADJF"></g><g v="Fixd"></g><g v="Apro"></g><g v="Anph"></g><g v="plur"></g><g v="nomn"></g></l></v><v><l id="94208" t="его"><g v="ADJF"></g><g v="Fixd"></g><g v="Apro"></g><g v="Anph"></g><g v="plur"></g><g v="gent"></g></l></v><v><l id="94208" t="его"><g v="ADJF"></g><g v="Fixd"></g><g v="Apro"></g><g v="Anph"></g><g v="plur"></g><g v="datv"></g></l></v><v><l id="94208" t="его"><g v="ADJF"></g><g v="Fixd"></g><g v="Apro"></g><g v="Anph"></g><g v="plur"></g><g v="accs"></g></l></v><v><l id="94208" t="его"><g v="ADJF"></g><g v="Fixd"></g><g v="Apro"></g><g v="Anph"></g><g v="plur"></g><g v="ablt"></g></l></v><v><l id="94208" t="его"><g v="ADJF"></g><g v="Fixd"></g><g v="Apro"></g><g v="Anph"></g><g v="plur"></g><g v="loct"></g></l></v></tfr></token><token id="611640" text="организаторы"><tfr rev_id="1444061" t="организаторы"><v><l id="208741" t="организатор"><g v="NOUN"></g><g v="anim"></g><g v="masc"></g><g v="plur"></g><g v="nomn"></g></l></v></tfr></token><token id="611641" text="—"><tfr rev_id="2443955" t="—"><v><l id="0" t="—"><g v="PNCT"></g></l></v></tfr></token><token id="611642" text="Всекрымское"><tfr rev_id="1444063" t="Всекрымское"><v><l id="0" t="всекрымское"><g v="UNKN"></g></l></v></tfr></token><token id="611643" text="народное"><tfr rev_id="4097685" t="народное"><v><l id="174724" t="народный"><g v="ADJF"></g><g v="Qual"></g><g v="neut"></g><g v="sing"></g><g v="nomn"></g></l></v></tfr></token><token id="611644" text="собрание"><tfr rev_id="1444065" t="собрание"><v><l id="327807" t="собрание"><g v="NOUN"></g><g v="inan"></g><g v="neut"></g><g v="sing"></g><g v="nomn"></g></l></v><v><l id="327807" t="собрание"><g v="NOUN"></g><g v="inan"></g><g v="neut"></g><g v="sing"></g><g v="accs"></g></l></v></tfr></token><token id="611645" text="называют"><tfr rev_id="1444066" t="называют"><v><l id="170473" t="называю"><g v="VERB"></g><g v="impf"></g><g v="tran"></g><g v="plur"></g><g v="3per"></g><g v="pres"></g><g v="indc"></g></l></v></tfr></token><token id="611646" text="его"><tfr rev_id="4531504" t="его"><v><l id="206541" t="он"><g v="NPRO"></g><g v="masc"></g><g v="3per"></g><g v="Anph"></g><g v="sing"></g><g v="gent"></g></l></v><v><l id="206541" t="он"><g v="NPRO"></g><g v="masc"></g><g v="3per"></g><g v="Anph"></g><g v="sing"></g><g v="accs"></g></l></v><v><l id="206649" t="оно"><g v="NPRO"></g><g v="neut"></g><g v="3per"></g><g v="Anph"></g><g v="sing"></g><g v="gent"></g></l></v><v><l id="206649" t="оно"><g v="NPRO"></g><g v="neut"></g><g v="3per"></g><g v="Anph"></g><g v="sing"></g><g v="accs"></g></l></v></tfr></token><token id="611647" text="политической"><tfr rev_id="4417500" t="политической"><v><l id="255870" t="политический"><g v="ADJF"></g><g v="femn"></g><g v="sing"></g><g v="ablt"></g></l></v></tfr></token><token id="611648" text="акцией"><tfr rev_id="1444069" t="акцией"><v><l id="7961" t="акция"><g v="NOUN"></g><g v="inan"></g><g v="femn"></g><g v="sing"></g><g v="ablt"></g></l></v></tfr></token><token id="611649" text="."><tfr rev_id="1444070" t="."><v><l id="0" t="."><g v="PNCT"></g></l></v></tfr></token></tokens></sentence></paragraph></paragraphs></text>