<?xml version="1.0" encoding="utf-8"?><text id="1164" parent="226" name="23436 Японию снова трясёт"><tags><tag>url:http://www.chaskor.ru/news/yaponiyu_snova_tryaset_23436</tag><tag>Год:2011</tag><tag>Дата:20/05</tag><tag>Тема:ЧасКор:Общество</tag><tag>Тема:ЧасКор:Общество/ЧП</tag></tags><paragraphs><paragraph id="10998"><sentence id="34501"><source>Японию снова трясёт</source><tokens><token id="616331" text="Японию"><tfr rev_id="1448578" t="Японию"><v><l id="387993" t="япония"><g v="NOUN"></g><g v="inan"></g><g v="femn"></g><g v="Sgtm"></g><g v="Geox"></g><g v="sing"></g><g v="accs"></g></l></v></tfr></token><token id="616332" text="снова"><tfr rev_id="1448579" t="снова"><v><l id="327458" t="снова"><g v="ADVB"></g></l></v></tfr></token><token id="616333" text="трясёт"><tfr rev_id="1448580" t="трясёт"><v><l id="351135" t="трясу"><g v="VERB"></g><g v="impf"></g><g v="tran"></g><g v="sing"></g><g v="3per"></g><g v="pres"></g><g v="indc"></g></l></v></tfr></token></tokens></sentence><sentence id="34502"><source>Новое землетрясение произошло недалеко от города Мито.</source><tokens><token id="616334" text="Новое"><tfr rev_id="4151385" t="Новое"><v><l id="191918" t="новый"><g v="ADJF"></g><g v="Qual"></g><g v="neut"></g><g v="sing"></g><g v="nomn"></g></l></v><v><l id="191918" t="новый"><g v="ADJF"></g><g v="Qual"></g><g v="neut"></g><g v="sing"></g><g v="accs"></g></l></v></tfr></token><token id="616335" text="землетрясение"><tfr rev_id="1448582" t="землетрясение"><v><l id="115070" t="землетрясение"><g v="NOUN"></g><g v="inan"></g><g v="neut"></g><g v="sing"></g><g v="nomn"></g></l></v><v><l id="115070" t="землетрясение"><g v="NOUN"></g><g v="inan"></g><g v="neut"></g><g v="sing"></g><g v="accs"></g></l></v></tfr></token><token id="616336" text="произошло"><tfr rev_id="1448583" t="произошло"><v><l id="280162" t="произошёл"><g v="VERB"></g><g v="perf"></g><g v="intr"></g><g v="neut"></g><g v="sing"></g><g v="past"></g><g v="indc"></g></l></v></tfr></token><token id="616337" text="недалеко"><tfr rev_id="1448584" t="недалеко"><v><l id="180627" t="недалёк"><g v="ADJS"></g><g v="neut"></g><g v="sing"></g></l></v><v><l id="180627" t="недалёк"><g v="ADJS"></g><g v="neut"></g><g v="sing"></g></l></v><v><l id="180629" t="недалеко"><g v="ADVB"></g></l></v></tfr></token><token id="616338" text="от"><tfr rev_id="1448585" t="от"><v><l id="211644" t="от"><g v="PREP"></g></l></v></tfr></token><token id="616339" text="города"><tfr rev_id="3453514" t="города"><v><l id="73547" t="город"><g v="NOUN"></g><g v="inan"></g><g v="masc"></g><g v="sing"></g><g v="gent"></g></l></v></tfr></token><token id="616340" text="Мито"><tfr rev_id="1448587" t="Мито"><v><l id="0" t="мито"><g v="UNKN"></g></l></v></tfr></token><token id="616341" text="."><tfr rev_id="1448588" t="."><v><l id="0" t="."><g v="PNCT"></g></l></v></tfr></token></tokens></sentence></paragraph><paragraph id="10999"><sentence id="34503"><source>В Японии произошло мощное землетрясение магнитудой 6, эпицентр которого находился на расстоянии 82 км к юго-востоку от города Мито, сообщает РБК со ссылкой на Национальную геологическую службу США.</source><tokens><token id="616342" text="В"><tfr rev_id="1448589" t="В"><v><l id="37409" t="в"><g v="PREP"></g></l></v></tfr></token><token id="616343" text="Японии"><tfr rev_id="2602211" t="Японии"><v><l id="387993" t="япония"><g v="NOUN"></g><g v="inan"></g><g v="femn"></g><g v="Sgtm"></g><g v="Geox"></g><g v="sing"></g><g v="loct"></g></l></v></tfr></token><token id="616344" text="произошло"><tfr rev_id="1448591" t="произошло"><v><l id="280162" t="произошёл"><g v="VERB"></g><g v="perf"></g><g v="intr"></g><g v="neut"></g><g v="sing"></g><g v="past"></g><g v="indc"></g></l></v></tfr></token><token id="616345" text="мощное"><tfr rev_id="3880283" t="мощное"><v><l id="164528" t="мощный"><g v="ADJF"></g><g v="Qual"></g><g v="neut"></g><g v="sing"></g><g v="nomn"></g></l></v></tfr></token><token id="616346" text="землетрясение"><tfr rev_id="1448593" t="землетрясение"><v><l id="115070" t="землетрясение"><g v="NOUN"></g><g v="inan"></g><g v="neut"></g><g v="sing"></g><g v="nomn"></g></l></v><v><l id="115070" t="землетрясение"><g v="NOUN"></g><g v="inan"></g><g v="neut"></g><g v="sing"></g><g v="accs"></g></l></v></tfr></token><token id="616347" text="магнитудой"><tfr rev_id="1448594" t="магнитудой"><v><l id="152803" t="магнитуда"><g v="NOUN"></g><g v="inan"></g><g v="femn"></g><g v="sing"></g><g v="ablt"></g></l></v></tfr></token><token id="616348" text="6"><tfr rev_id="2461840" t="6"><v><l id="0" t="6"><g v="NUMB"></g></l></v></tfr></token><token id="616349" text=","><tfr rev_id="1448596" t=","><v><l id="0" t=","><g v="PNCT"></g></l></v></tfr></token><token id="616350" text="эпицентр"><tfr rev_id="1448597" t="эпицентр"><v><l id="385872" t="эпицентр"><g v="NOUN"></g><g v="inan"></g><g v="masc"></g><g v="sing"></g><g v="nomn"></g></l></v><v><l id="385872" t="эпицентр"><g v="NOUN"></g><g v="inan"></g><g v="masc"></g><g v="sing"></g><g v="accs"></g></l></v></tfr></token><token id="616351" text="которого"><tfr rev_id="4206014" t="которого"><v><l id="141203" t="который"><g v="ADJF"></g><g v="Apro"></g><g v="Subx"></g><g v="Anph"></g><g v="neut"></g><g v="sing"></g><g v="gent"></g></l></v></tfr></token><token id="616352" text="находился"><tfr rev_id="1448599" t="находился"><v><l id="177898" t="нахожусь"><g v="VERB"></g><g v="impf"></g><g v="intr"></g><g v="masc"></g><g v="sing"></g><g v="past"></g><g v="indc"></g></l></v><v><l id="177903" t="находился"><g v="VERB"></g><g v="perf"></g><g v="intr"></g><g v="masc"></g><g v="sing"></g><g v="past"></g><g v="indc"></g></l></v></tfr></token><token id="616353" text="на"><tfr rev_id="3345514" t="на"><v><l id="166264" t="на"><g v="PREP"></g></l></v></tfr></token><token id="616354" text="расстоянии"><tfr rev_id="1448601" t="расстоянии"><v><l id="301496" t="расстояние"><g v="NOUN"></g><g v="inan"></g><g v="neut"></g><g v="sing"></g><g v="loct"></g></l></v></tfr></token><token id="616355" text="82"><tfr rev_id="2461841" t="82"><v><l id="0" t="82"><g v="NUMB"></g></l></v></tfr></token><token id="616356" text="км"><tfr rev_id="4230534" t="км"><v><l id="389049" t="км"><g v="NOUN"></g><g v="inan"></g><g v="masc"></g><g v="Fixd"></g><g v="Abbr"></g><g v="plur"></g><g v="nomn"></g></l></v><v><l id="389049" t="км"><g v="NOUN"></g><g v="inan"></g><g v="masc"></g><g v="Fixd"></g><g v="Abbr"></g><g v="plur"></g><g v="gent"></g></l></v><v><l id="389049" t="км"><g v="NOUN"></g><g v="inan"></g><g v="masc"></g><g v="Fixd"></g><g v="Abbr"></g><g v="plur"></g><g v="datv"></g></l></v><v><l id="389049" t="км"><g v="NOUN"></g><g v="inan"></g><g v="masc"></g><g v="Fixd"></g><g v="Abbr"></g><g v="plur"></g><g v="accs"></g></l></v><v><l id="389049" t="км"><g v="NOUN"></g><g v="inan"></g><g v="masc"></g><g v="Fixd"></g><g v="Abbr"></g><g v="plur"></g><g v="ablt"></g></l></v><v><l id="389049" t="км"><g v="NOUN"></g><g v="inan"></g><g v="masc"></g><g v="Fixd"></g><g v="Abbr"></g><g v="plur"></g><g v="loct"></g></l></v></tfr></token><token id="616357" text="к"><tfr rev_id="1448604" t="к"><v><l id="127460" t="к"><g v="PREP"></g></l></v></tfr></token><token id="616358" text="юго-востоку"><tfr rev_id="1448605" t="юго-востоку"><v><l id="386792" t="юго-восток"><g v="NOUN"></g><g v="inan"></g><g v="masc"></g><g v="sing"></g><g v="datv"></g></l></v></tfr></token><token id="616359" text="от"><tfr rev_id="1448606" t="от"><v><l id="211644" t="от"><g v="PREP"></g></l></v></tfr></token><token id="616360" text="города"><tfr rev_id="3284461" t="города"><v><l id="73547" t="город"><g v="NOUN"></g><g v="inan"></g><g v="masc"></g><g v="sing"></g><g v="gent"></g></l></v></tfr></token><token id="616361" text="Мито"><tfr rev_id="1448608" t="Мито"><v><l id="0" t="мито"><g v="UNKN"></g></l></v></tfr></token><token id="616362" text=","><tfr rev_id="1448609" t=","><v><l id="0" t=","><g v="PNCT"></g></l></v></tfr></token><token id="616363" text="сообщает"><tfr rev_id="1448610" t="сообщает"><v><l id="329538" t="сообщаю"><g v="VERB"></g><g v="impf"></g><g v="tran"></g><g v="sing"></g><g v="3per"></g><g v="pres"></g><g v="indc"></g></l></v></tfr></token><token id="616364" text="РБК"><tfr rev_id="4573551" t="РБК"><v><l id="389058" t="рбк"><g v="NOUN"></g><g v="inan"></g><g v="femn"></g><g v="Sgtm"></g><g v="Fixd"></g><g v="Abbr"></g><g v="Orgn"></g><g v="sing"></g><g v="nomn"></g></l></v></tfr></token><token id="616365" text="со"><tfr rev_id="2919209" t="со"><v><l id="311151" t="с"><g v="PREP"></g><g v="Vpre"></g></l></v></tfr></token><token id="616366" text="ссылкой"><tfr rev_id="4155310" t="ссылкой"><v><l id="334180" t="ссылка"><g v="NOUN"></g><g v="inan"></g><g v="femn"></g><g v="sing"></g><g v="ablt"></g></l></v></tfr></token><token id="616367" text="на"><tfr rev_id="3344403" t="на"><v><l id="166264" t="на"><g v="PREP"></g></l></v></tfr></token><token id="616368" text="Национальную"><tfr rev_id="1448615" t="Национальную"><v><l id="178150" t="национальный"><g v="ADJF"></g><g v="femn"></g><g v="sing"></g><g v="accs"></g></l></v></tfr></token><token id="616369" text="геологическую"><tfr rev_id="1448616" t="геологическую"><v><l id="68734" t="геологический"><g v="ADJF"></g><g v="femn"></g><g v="sing"></g><g v="accs"></g></l></v></tfr></token><token id="616370" text="службу"><tfr rev_id="1448617" t="службу"><v><l id="325377" t="служба"><g v="NOUN"></g><g v="inan"></g><g v="femn"></g><g v="sing"></g><g v="accs"></g></l></v></tfr></token><token id="616371" text="США"><tfr rev_id="3811380" t="США"><v><l id="341371" t="сша"><g v="NOUN"></g><g v="inan"></g><g v="GNdr"></g><g v="Pltm"></g><g v="Fixd"></g><g v="Abbr"></g><g v="Geox"></g><g v="plur"></g><g v="gent"></g></l></v></tfr></token><token id="616372" text="."><tfr rev_id="1448619" t="."><v><l id="0" t="."><g v="PNCT"></g></l></v></tfr></token></tokens></sentence><sentence id="34504"><source>Мито располагается на острове Хонсю, который сильно пострадал во время мощного землетрясения, произошедшего в марте 2011 года.</source><tokens><token id="616373" text="Мито"><tfr rev_id="1448620" t="Мито"><v><l id="0" t="мито"><g v="UNKN"></g></l></v></tfr></token><token id="616374" text="располагается"><tfr rev_id="1448621" t="располагается"><v><l id="300070" t="располагаюсь"><g v="VERB"></g><g v="impf"></g><g v="intr"></g><g v="sing"></g><g v="3per"></g><g v="pres"></g><g v="indc"></g></l></v></tfr></token><token id="616375" text="на"><tfr rev_id="3475179" t="на"><v><l id="166264" t="на"><g v="PREP"></g></l></v></tfr></token><token id="616376" text="острове"><tfr rev_id="1448623" t="острове"><v><l id="211180" t="остров"><g v="NOUN"></g><g v="inan"></g><g v="masc"></g><g v="sing"></g><g v="loct"></g></l></v></tfr></token><token id="616377" text="Хонсю"><tfr rev_id="3657496" t="Хонсю"><v><l id="371542" t="хонсю"><g v="NOUN"></g><g v="inan"></g><g v="masc"></g><g v="Sgtm"></g><g v="Fixd"></g><g v="Geox"></g><g v="sing"></g><g v="nomn"></g></l></v></tfr></token><token id="616378" text=","><tfr rev_id="1448625" t=","><v><l id="0" t=","><g v="PNCT"></g></l></v></tfr></token><token id="616379" text="который"><tfr rev_id="3637415" t="который"><v><l id="141203" t="который"><g v="ADJF"></g><g v="Apro"></g><g v="Subx"></g><g v="Anph"></g><g v="masc"></g><g v="sing"></g><g v="nomn"></g></l></v><v><l id="141203" t="который"><g v="ADJF"></g><g v="Apro"></g><g v="Subx"></g><g v="Anph"></g><g v="inan"></g><g v="masc"></g><g v="sing"></g><g v="accs"></g></l></v></tfr></token><token id="616380" text="сильно"><tfr rev_id="3724093" t="сильно"><v><l id="320515" t="сильно"><g v="ADVB"></g></l></v><v><l id="320612" t="силён"><g v="ADJS"></g><g v="Qual"></g><g v="neut"></g><g v="sing"></g></l></v></tfr></token><token id="616381" text="пострадал"><tfr rev_id="1448628" t="пострадал"><v><l id="262435" t="пострадал"><g v="VERB"></g><g v="perf"></g><g v="intr"></g><g v="masc"></g><g v="sing"></g><g v="past"></g><g v="indc"></g></l></v></tfr></token><token id="616382" text="во"><tfr rev_id="2920250" t="во"><v><l id="37409" t="в"><g v="PREP"></g><g v="Vpre"></g></l></v></tfr></token><token id="616383" text="время"><tfr rev_id="1448630" t="время"><v><l id="53149" t="время"><g v="NOUN"></g><g v="inan"></g><g v="neut"></g><g v="sing"></g><g v="nomn"></g></l></v><v><l id="53149" t="время"><g v="NOUN"></g><g v="inan"></g><g v="neut"></g><g v="sing"></g><g v="accs"></g></l></v></tfr></token><token id="616384" text="мощного"><tfr rev_id="3481691" t="мощного"><v><l id="164528" t="мощный"><g v="ADJF"></g><g v="Qual"></g><g v="neut"></g><g v="sing"></g><g v="gent"></g></l></v></tfr></token><token id="616385" text="землетрясения"><tfr rev_id="3471366" t="землетрясения"><v><l id="115070" t="землетрясение"><g v="NOUN"></g><g v="inan"></g><g v="neut"></g><g v="sing"></g><g v="gent"></g></l></v></tfr></token><token id="616386" text=","><tfr rev_id="1448633" t=","><v><l id="0" t=","><g v="PNCT"></g></l></v></tfr></token><token id="616387" text="произошедшего"><tfr rev_id="3443173" t="произошедшего"><v><l id="280164" t="произошедший"><g v="PRTF"></g><g v="perf"></g><g v="intr"></g><g v="past"></g><g v="actv"></g><g v="neut"></g><g v="sing"></g><g v="gent"></g><g v="Infr"></g></l></v></tfr></token><token id="616388" text="в"><tfr rev_id="1448635" t="в"><v><l id="37409" t="в"><g v="PREP"></g></l></v></tfr></token><token id="616389" text="марте"><tfr rev_id="4377637" t="марте"><v><l id="155465" t="март"><g v="NOUN"></g><g v="inan"></g><g v="masc"></g><g v="sing"></g><g v="loct"></g></l></v></tfr></token><token id="616390" text="2011"><tfr rev_id="2461842" t="2011"><v><l id="0" t="2011"><g v="NUMB"></g></l></v></tfr></token><token id="616391" text="года"><tfr rev_id="3524616" t="года"><v><l id="72149" t="год"><g v="NOUN"></g><g v="inan"></g><g v="masc"></g><g v="sing"></g><g v="gen1"></g></l></v></tfr></token><token id="616392" text="."><tfr rev_id="1448639" t="."><v><l id="0" t="."><g v="PNCT"></g></l></v></tfr></token></tokens></sentence><sentence id="34505"><source>Очаг сегодняшнего землетрясения располагался на глубине 26,2 км.</source><tokens><token id="616393" text="Очаг"><tfr rev_id="1448640" t="Очаг"><v><l id="221602" t="очаг"><g v="NOUN"></g><g v="inan"></g><g v="masc"></g><g v="sing"></g><g v="nomn"></g></l></v><v><l id="221602" t="очаг"><g v="NOUN"></g><g v="inan"></g><g v="masc"></g><g v="sing"></g><g v="accs"></g></l></v></tfr></token><token id="616394" text="сегодняшнего"><tfr rev_id="3430989" t="сегодняшнего"><v><l id="317731" t="сегодняшний"><g v="ADJF"></g><g v="neut"></g><g v="sing"></g><g v="gent"></g></l></v></tfr></token><token id="616395" text="землетрясения"><tfr rev_id="3505634" t="землетрясения"><v><l id="115070" t="землетрясение"><g v="NOUN"></g><g v="inan"></g><g v="neut"></g><g v="sing"></g><g v="gent"></g></l></v></tfr></token><token id="616396" text="располагался"><tfr rev_id="1448643" t="располагался"><v><l id="300070" t="располагаюсь"><g v="VERB"></g><g v="impf"></g><g v="intr"></g><g v="masc"></g><g v="sing"></g><g v="past"></g><g v="indc"></g></l></v></tfr></token><token id="616397" text="на"><tfr rev_id="3394120" t="на"><v><l id="166264" t="на"><g v="PREP"></g></l></v></tfr></token><token id="616398" text="глубине"><tfr rev_id="3541112" t="глубине"><v><l id="71435" t="глубина"><g v="NOUN"></g><g v="inan"></g><g v="femn"></g><g v="sing"></g><g v="loct"></g></l></v></tfr></token><token id="616399" text="26,2"><tfr rev_id="2461843" t="26,2"><v><l id="0" t="26,2"><g v="NUMB"></g></l></v></tfr></token><token id="616400" text="км"><tfr rev_id="4230435" t="км"><v><l id="389049" t="км"><g v="NOUN"></g><g v="inan"></g><g v="masc"></g><g v="Fixd"></g><g v="Abbr"></g><g v="plur"></g><g v="nomn"></g></l></v><v><l id="389049" t="км"><g v="NOUN"></g><g v="inan"></g><g v="masc"></g><g v="Fixd"></g><g v="Abbr"></g><g v="plur"></g><g v="gent"></g></l></v><v><l id="389049" t="км"><g v="NOUN"></g><g v="inan"></g><g v="masc"></g><g v="Fixd"></g><g v="Abbr"></g><g v="plur"></g><g v="datv"></g></l></v><v><l id="389049" t="км"><g v="NOUN"></g><g v="inan"></g><g v="masc"></g><g v="Fixd"></g><g v="Abbr"></g><g v="plur"></g><g v="accs"></g></l></v><v><l id="389049" t="км"><g v="NOUN"></g><g v="inan"></g><g v="masc"></g><g v="Fixd"></g><g v="Abbr"></g><g v="plur"></g><g v="ablt"></g></l></v><v><l id="389049" t="км"><g v="NOUN"></g><g v="inan"></g><g v="masc"></g><g v="Fixd"></g><g v="Abbr"></g><g v="plur"></g><g v="loct"></g></l></v></tfr></token><token id="616401" text="."><tfr rev_id="1448648" t="."><v><l id="0" t="."><g v="PNCT"></g></l></v></tfr></token></tokens></sentence><sentence id="34506"><source>Угроза цунами пока не объявлена, как нет и информации о пострадавших и разрушениях.</source><tokens><token id="616402" text="Угроза"><tfr rev_id="1448649" t="Угроза"><v><l id="354549" t="угроза"><g v="NOUN"></g><g v="inan"></g><g v="femn"></g><g v="sing"></g><g v="nomn"></g></l></v></tfr></token><token id="616403" text="цунами"><tfr rev_id="3807336" t="цунами"><v><l id="374286" t="цунами"><g v="NOUN"></g><g v="inan"></g><g v="neut"></g><g v="Fixd"></g><g v="sing"></g><g v="gent"></g></l></v></tfr></token><token id="616404" text="пока"><tfr rev_id="4210946" t="пока"><v><l id="253968" t="пока"><g v="ADVB"></g></l></v></tfr></token><token id="616405" text="не"><tfr rev_id="1448652" t="не"><v><l id="178876" t="не"><g v="PRCL"></g></l></v></tfr></token><token id="616406" text="объявлена"><tfr rev_id="1448653" t="объявлена"><v><l id="201895" t="объявлен"><g v="PRTS"></g><g v="perf"></g><g v="past"></g><g v="pssv"></g><g v="femn"></g><g v="sing"></g></l></v></tfr></token><token id="616407" text=","><tfr rev_id="1448654" t=","><v><l id="0" t=","><g v="PNCT"></g></l></v></tfr></token><token id="616408" text="как"><tfr rev_id="1448655" t="как"><v><l id="128190" t="как"><g v="CONJ"></g></l></v><v><l id="128191" t="как"><g v="PRCL"></g></l></v><v><l id="128192" t="как"><g v="ADVB"></g><g v="Ques"></g></l></v></tfr></token><token id="616409" text="нет"><tfr rev_id="3759018" t="нет"><v><l id="389552" t="нет"><g v="PRED"></g><g v="pres"></g></l></v></tfr></token><token id="616410" text="и"><tfr rev_id="1448657" t="и"><v><l id="116949" t="и"><g v="CONJ"></g></l></v><v><l id="116950" t="и"><g v="INTJ"></g></l></v></tfr></token><token id="616411" text="информации"><tfr rev_id="4265670" t="информации"><v><l id="123576" t="информация"><g v="NOUN"></g><g v="inan"></g><g v="femn"></g><g v="sing"></g><g v="gent"></g></l></v></tfr></token><token id="616412" text="о"><tfr rev_id="3327960" t="о"><v><l id="192977" t="о"><g v="PREP"></g></l></v></tfr></token><token id="616413" text="пострадавших"><tfr rev_id="4455602" t="пострадавших"><v><l id="262437" t="пострадавший"><g v="PRTF"></g><g v="Subx"></g><g v="perf"></g><g v="intr"></g><g v="past"></g><g v="actv"></g><g v="plur"></g><g v="loct"></g></l></v></tfr></token><token id="616414" text="и"><tfr rev_id="1448661" t="и"><v><l id="116949" t="и"><g v="CONJ"></g></l></v><v><l id="116950" t="и"><g v="INTJ"></g></l></v></tfr></token><token id="616415" text="разрушениях"><tfr rev_id="1448662" t="разрушениях"><v><l id="296808" t="разрушение"><g v="NOUN"></g><g v="inan"></g><g v="neut"></g><g v="plur"></g><g v="loct"></g></l></v></tfr></token><token id="616416" text="."><tfr rev_id="1448663" t="."><v><l id="0" t="."><g v="PNCT"></g></l></v></tfr></token></tokens></sentence></paragraph><paragraph id="11000"><sentence id="34507"><source>Сегодня стало известно также о том, что президент компании — оператора аварийной АЭС «Фукусима-1» Tokyo Electric Power Co.</source><tokens><token id="616417" text="Сегодня"><tfr rev_id="1448664" t="Сегодня"><v><l id="317730" t="сегодня"><g v="ADVB"></g></l></v></tfr></token><token id="616418" text="стало"><tfr rev_id="1448665" t="стало"><v><l id="335164" t="стал"><g v="VERB"></g><g v="perf"></g><g v="intr"></g><g v="neut"></g><g v="sing"></g><g v="past"></g><g v="indc"></g></l></v></tfr></token><token id="616419" text="известно"><tfr rev_id="1448666" t="известно"><v><l id="118141" t="известно"><g v="CONJ"></g><g v="Prnt"></g></l></v><v><l id="118142" t="известно"><g v="PRED"></g><g v="pres"></g></l></v><v><l id="118146" t="известен"><g v="ADJS"></g><g v="Qual"></g><g v="neut"></g><g v="sing"></g></l></v></tfr></token><token id="616420" text="также"><tfr rev_id="4267743" t="также"><v><l id="342482" t="также"><g v="PRCL"></g></l></v></tfr></token><token id="616421" text="о"><tfr rev_id="3417160" t="о"><v><l id="192977" t="о"><g v="PREP"></g></l></v></tfr></token><token id="616422" text="том"><tfr rev_id="4352508" t="том"><v><l id="348430" t="тот"><g v="ADJF"></g><g v="Subx"></g><g v="Apro"></g><g v="Anph"></g><g v="neut"></g><g v="sing"></g><g v="loct"></g></l></v></tfr></token><token id="616423" text=","><tfr rev_id="1448670" t=","><v><l id="0" t=","><g v="PNCT"></g></l></v></tfr></token><token id="616424" text="что"><tfr rev_id="3196942" t="что"><v><l id="377004" t="что"><g v="CONJ"></g></l></v><v><l id="377005" t="что"><g v="NPRO"></g><g v="neut"></g><g v="sing"></g><g v="nomn"></g></l></v><v><l id="377005" t="что"><g v="NPRO"></g><g v="neut"></g><g v="sing"></g><g v="accs"></g></l></v><v><l id="377006" t="что"><g v="ADVB"></g><g v="Ques"></g></l></v><v><l id="388695" t="что"><g v="PRCL"></g></l></v></tfr></token><token id="616425" text="президент"><tfr rev_id="1448672" t="президент"><v><l id="267449" t="президент"><g v="NOUN"></g><g v="anim"></g><g v="masc"></g><g v="sing"></g><g v="nomn"></g></l></v></tfr></token><token id="616426" text="компании"><tfr rev_id="4168364" t="компании"><v><l id="137146" t="компания"><g v="NOUN"></g><g v="inan"></g><g v="femn"></g><g v="sing"></g><g v="gent"></g></l></v></tfr></token><token id="616427" text="—"><tfr rev_id="2444123" t="—"><v><l id="0" t="—"><g v="PNCT"></g></l></v></tfr></token><token id="616428" text="оператора"><tfr rev_id="4329553" t="оператора"><v><l id="206946" t="оператор"><g v="NOUN"></g><g v="anim"></g><g v="masc"></g><g v="sing"></g><g v="gent"></g></l></v></tfr></token><token id="616429" text="аварийной"><tfr rev_id="3556960" t="аварийной"><v><l id="2305" t="аварийный"><g v="ADJF"></g><g v="Qual"></g><g v="femn"></g><g v="sing"></g><g v="gent"></g></l></v></tfr></token><token id="616430" text="АЭС"><tfr rev_id="4180796" t="АЭС"><v><l id="21433" t="аэс"><g v="NOUN"></g><g v="inan"></g><g v="femn"></g><g v="Fixd"></g><g v="Orgn"></g><g v="Abbr"></g><g v="sing"></g><g v="gent"></g></l></v></tfr></token><token id="616431" text="«"><tfr rev_id="2444124" t="«"><v><l id="0" t="«"><g v="PNCT"></g></l></v></tfr></token><token id="616432" text="Фукусима-1"><tfr rev_id="1448679" t="Фукусима-1"><v><l id="0" t="Фукусима-1"><g v="UNKN"></g></l></v></tfr></token><token id="616433" text="»"><tfr rev_id="2444125" t="»"><v><l id="0" t="»"><g v="PNCT"></g></l></v></tfr></token><token id="616434" text="Tokyo"><tfr rev_id="2474806" t="Tokyo"><v><l id="0" t="Tokyo"><g v="LATN"></g></l></v></tfr></token><token id="616435" text="Electric"><tfr rev_id="2474807" t="Electric"><v><l id="0" t="Electric"><g v="LATN"></g></l></v></tfr></token><token id="616436" text="Power"><tfr rev_id="2474808" t="Power"><v><l id="0" t="Power"><g v="LATN"></g></l></v></tfr></token><token id="616437" text="Co"><tfr rev_id="2474809" t="Co"><v><l id="0" t="Co"><g v="LATN"></g></l></v></tfr></token><token id="616438" text="."><tfr rev_id="1448685" t="."><v><l id="0" t="."><g v="PNCT"></g></l></v></tfr></token></tokens></sentence><sentence id="34508"><source>(TEPCO) Масатаки Симидзу решил покинуть свой пост, взяв на себя ответственность за произошедшую ранее аварию.</source><tokens><token id="616439" text="("><tfr rev_id="1448686" t="("><v><l id="0" t="("><g v="PNCT"></g></l></v></tfr></token><token id="616440" text="TEPCO"><tfr rev_id="2474810" t="TEPCO"><v><l id="0" t="TEPCO"><g v="LATN"></g></l></v></tfr></token><token id="616441" text=")"><tfr rev_id="1448688" t=")"><v><l id="0" t=")"><g v="PNCT"></g></l></v></tfr></token><token id="616442" text="Масатаки"><tfr rev_id="1448689" t="Масатаки"><v><l id="0" t="масатаки"><g v="UNKN"></g></l></v></tfr></token><token id="616443" text="Симидзу"><tfr rev_id="1448690" t="Симидзу"><v><l id="0" t="симидзу"><g v="UNKN"></g></l></v></tfr></token><token id="616444" text="решил"><tfr rev_id="1448691" t="решил"><v><l id="307396" t="решил"><g v="VERB"></g><g v="perf"></g><g v="tran"></g><g v="masc"></g><g v="sing"></g><g v="past"></g><g v="indc"></g></l></v></tfr></token><token id="616445" text="покинуть"><tfr rev_id="1448692" t="покинуть"><v><l id="254302" t="покинуть"><g v="INFN"></g><g v="perf"></g><g v="tran"></g></l></v></tfr></token><token id="616446" text="свой"><tfr rev_id="3629872" t="свой"><v><l id="316379" t="свой"><g v="ADJF"></g><g v="Apro"></g><g v="Anph"></g><g v="masc"></g><g v="sing"></g><g v="nomn"></g></l></v><v><l id="316379" t="свой"><g v="ADJF"></g><g v="Apro"></g><g v="Anph"></g><g v="inan"></g><g v="masc"></g><g v="sing"></g><g v="accs"></g></l></v></tfr></token><token id="616447" text="пост"><tfr rev_id="1448694" t="пост"><v><l id="262073" t="пост"><g v="NOUN"></g><g v="inan"></g><g v="masc"></g><g v="sing"></g><g v="nomn"></g></l></v><v><l id="262073" t="пост"><g v="NOUN"></g><g v="inan"></g><g v="masc"></g><g v="sing"></g><g v="accs"></g></l></v></tfr></token><token id="616448" text=","><tfr rev_id="1448695" t=","><v><l id="0" t=","><g v="PNCT"></g></l></v></tfr></token><token id="616449" text="взяв"><tfr rev_id="1448696" t="взяв"><v><l id="44309" t="взяв"><g v="GRND"></g><g v="perf"></g><g v="tran"></g><g v="past"></g></l></v></tfr></token><token id="616450" text="на"><tfr rev_id="2912038" t="на"><v><l id="166264" t="на"><g v="PREP"></g></l></v><v><l id="388676" t="на"><g v="INTJ"></g></l></v></tfr></token><token id="616451" text="себя"><tfr rev_id="3634954" t="себя"><v><l id="317456" t="себя"><g v="NPRO"></g><g v="Anph"></g><g v="sing"></g><g v="accs"></g></l></v></tfr></token><token id="616452" text="ответственность"><tfr rev_id="1448699" t="ответственность"><v><l id="212442" t="ответственность"><g v="NOUN"></g><g v="inan"></g><g v="femn"></g><g v="sing"></g><g v="nomn"></g></l></v><v><l id="212442" t="ответственность"><g v="NOUN"></g><g v="inan"></g><g v="femn"></g><g v="sing"></g><g v="accs"></g></l></v></tfr></token><token id="616453" text="за"><tfr rev_id="1448700" t="за"><v><l id="98043" t="за"><g v="PREP"></g></l></v></tfr></token><token id="616454" text="произошедшую"><tfr rev_id="1448701" t="произошедшую"><v><l id="280164" t="произошедший"><g v="PRTF"></g><g v="perf"></g><g v="intr"></g><g v="past"></g><g v="actv"></g><g v="femn"></g><g v="sing"></g><g v="accs"></g><g v="Infr"></g></l></v></tfr></token><token id="616455" text="ранее"><tfr rev_id="1448702" t="ранее"><v><l id="297884" t="ранее"><g v="ADVB"></g></l></v></tfr></token><token id="616456" text="аварию"><tfr rev_id="1448703" t="аварию"><v><l id="2320" t="авария"><g v="NOUN"></g><g v="inan"></g><g v="femn"></g><g v="sing"></g><g v="accs"></g></l></v></tfr></token><token id="616457" text="."><tfr rev_id="1448704" t="."><v><l id="0" t="."><g v="PNCT"></g></l></v></tfr></token></tokens></sentence><sentence id="34509"><source>Официальное заявление будет сделано сегодня, наравне с подведением финансовых итогов квартала: убытки компании составляют порядка 12 млрд долларов.</source><tokens><token id="616458" text="Официальное"><tfr rev_id="1448705" t="Официальное"><v><l id="220939" t="официальный"><g v="ADJF"></g><g v="neut"></g><g v="sing"></g><g v="nomn"></g></l></v><v><l id="220939" t="официальный"><g v="ADJF"></g><g v="neut"></g><g v="sing"></g><g v="accs"></g></l></v></tfr></token><token id="616459" text="заявление"><tfr rev_id="1448706" t="заявление"><v><l id="114311" t="заявление"><g v="NOUN"></g><g v="inan"></g><g v="neut"></g><g v="sing"></g><g v="nomn"></g></l></v><v><l id="114311" t="заявление"><g v="NOUN"></g><g v="inan"></g><g v="neut"></g><g v="sing"></g><g v="accs"></g></l></v></tfr></token><token id="616460" text="будет"><tfr rev_id="1448707" t="будет"><v><l id="37265" t="есть"><g v="VERB"></g><g v="impf"></g><g v="intr"></g><g v="sing"></g><g v="3per"></g><g v="futr"></g><g v="indc"></g></l></v></tfr></token><token id="616461" text="сделано"><tfr rev_id="1448708" t="сделано"><v><l id="317250" t="сделан"><g v="PRTS"></g><g v="perf"></g><g v="past"></g><g v="pssv"></g><g v="neut"></g><g v="sing"></g></l></v></tfr></token><token id="616462" text="сегодня"><tfr rev_id="1448709" t="сегодня"><v><l id="317730" t="сегодня"><g v="ADVB"></g></l></v></tfr></token><token id="616463" text=","><tfr rev_id="1448710" t=","><v><l id="0" t=","><g v="PNCT"></g></l></v></tfr></token><token id="616464" text="наравне"><tfr rev_id="1448711" t="наравне"><v><l id="174449" t="наравне"><g v="ADVB"></g></l></v></tfr></token><token id="616465" text="с"><tfr rev_id="1448712" t="с"><v><l id="311151" t="с"><g v="PREP"></g></l></v></tfr></token><token id="616466" text="подведением"><tfr rev_id="1448713" t="подведением"><v><l id="244313" t="подведение"><g v="NOUN"></g><g v="inan"></g><g v="neut"></g><g v="sing"></g><g v="ablt"></g></l></v></tfr></token><token id="616467" text="финансовых"><tfr rev_id="3542583" t="финансовых"><v><l id="366103" t="финансовый"><g v="ADJF"></g><g v="plur"></g><g v="gent"></g></l></v></tfr></token><token id="616468" text="итогов"><tfr rev_id="2948348" t="итогов"><v><l id="127141" t="итог"><g v="NOUN"></g><g v="inan"></g><g v="masc"></g><g v="plur"></g><g v="gent"></g></l></v></tfr></token><token id="616469" text="квартала"><tfr rev_id="1448716" t="квартала"><v><l id="132007" t="квартал"><g v="NOUN"></g><g v="inan"></g><g v="masc"></g><g v="sing"></g><g v="gent"></g></l></v></tfr></token><token id="616470" text=":"><tfr rev_id="1448717" t=":"><v><l id="0" t=":"><g v="PNCT"></g></l></v></tfr></token><token id="616471" text="убытки"><tfr rev_id="3749651" t="убытки"><v><l id="353164" t="убыток"><g v="NOUN"></g><g v="inan"></g><g v="masc"></g><g v="plur"></g><g v="nomn"></g></l></v></tfr></token><token id="616472" text="компании"><tfr rev_id="4280962" t="компании"><v><l id="137146" t="компания"><g v="NOUN"></g><g v="inan"></g><g v="femn"></g><g v="sing"></g><g v="gent"></g></l></v></tfr></token><token id="616473" text="составляют"><tfr rev_id="1448720" t="составляют"><v><l id="330494" t="составляю"><g v="VERB"></g><g v="impf"></g><g v="tran"></g><g v="plur"></g><g v="3per"></g><g v="pres"></g><g v="indc"></g></l></v></tfr></token><token id="616474" text="порядка"><tfr rev_id="1448721" t="порядка"><v><l id="260978" t="порядок"><g v="NOUN"></g><g v="inan"></g><g v="masc"></g><g v="sing"></g><g v="gen1"></g></l></v></tfr></token><token id="616475" text="12"><tfr rev_id="2461844" t="12"><v><l id="0" t="12"><g v="NUMB"></g></l></v></tfr></token><token id="616476" text="млрд"><tfr rev_id="3860759" t="млрд"><v><l id="389048" t="млрд"><g v="NOUN"></g><g v="inan"></g><g v="masc"></g><g v="Fixd"></g><g v="Abbr"></g><g v="plur"></g><g v="gent"></g></l></v></tfr></token><token id="616477" text="долларов"><tfr rev_id="2700655" t="долларов"><v><l id="88047" t="доллар"><g v="NOUN"></g><g v="inan"></g><g v="masc"></g><g v="plur"></g><g v="gent"></g></l></v></tfr></token><token id="616478" text="."><tfr rev_id="1448725" t="."><v><l id="0" t="."><g v="PNCT"></g></l></v></tfr></token></tokens></sentence></paragraph><paragraph id="11001"><sentence id="34510"><source>Напомним, 11 марта 2011 года произошло землетрясение магнитудой 9, вызвавшее цунами, в результате чего была разрушена инфраструктура северо-восточных районов Японии и выведена из строя система охлаждения реакторов на АЭС «Фукусима-1».</source><tokens><token id="616479" text="Напомним"><tfr rev_id="1448726" t="Напомним"><v><l id="173892" t="напомнил"><g v="VERB"></g><g v="perf"></g><g v="tran"></g><g v="plur"></g><g v="1per"></g><g v="futr"></g><g v="indc"></g></l></v><v><l id="173892" t="напомнил"><g v="VERB"></g><g v="perf"></g><g v="tran"></g><g v="sing"></g><g v="impr"></g><g v="incl"></g></l></v></tfr></token><token id="616480" text=","><tfr rev_id="1448727" t=","><v><l id="0" t=","><g v="PNCT"></g></l></v></tfr></token><token id="616481" text="11"><tfr rev_id="2461845" t="11"><v><l id="0" t="11"><g v="NUMB"></g></l></v></tfr></token><token id="616482" text="марта"><tfr rev_id="3492638" t="марта"><v><l id="155465" t="март"><g v="NOUN"></g><g v="inan"></g><g v="masc"></g><g v="sing"></g><g v="gent"></g></l></v></tfr></token><token id="616483" text="2011"><tfr rev_id="2461846" t="2011"><v><l id="0" t="2011"><g v="NUMB"></g></l></v></tfr></token><token id="616484" text="года"><tfr rev_id="3433501" t="года"><v><l id="72149" t="год"><g v="NOUN"></g><g v="inan"></g><g v="masc"></g><g v="sing"></g><g v="gen1"></g></l></v></tfr></token><token id="616485" text="произошло"><tfr rev_id="1448732" t="произошло"><v><l id="280162" t="произошёл"><g v="VERB"></g><g v="perf"></g><g v="intr"></g><g v="neut"></g><g v="sing"></g><g v="past"></g><g v="indc"></g></l></v></tfr></token><token id="616486" text="землетрясение"><tfr rev_id="4099407" t="землетрясение"><v><l id="115070" t="землетрясение"><g v="NOUN"></g><g v="inan"></g><g v="neut"></g><g v="sing"></g><g v="nomn"></g></l></v></tfr></token><token id="616487" text="магнитудой"><tfr rev_id="1448734" t="магнитудой"><v><l id="152803" t="магнитуда"><g v="NOUN"></g><g v="inan"></g><g v="femn"></g><g v="sing"></g><g v="ablt"></g></l></v></tfr></token><token id="616488" text="9"><tfr rev_id="2461847" t="9"><v><l id="0" t="9"><g v="NUMB"></g></l></v></tfr></token><token id="616489" text=","><tfr rev_id="1448736" t=","><v><l id="0" t=","><g v="PNCT"></g></l></v></tfr></token><token id="616490" text="вызвавшее"><tfr rev_id="1448737" t="вызвавшее"><v><l id="57527" t="вызвавший"><g v="PRTF"></g><g v="perf"></g><g v="tran"></g><g v="past"></g><g v="actv"></g><g v="neut"></g><g v="sing"></g><g v="nomn"></g></l></v><v><l id="57527" t="вызвавший"><g v="PRTF"></g><g v="perf"></g><g v="tran"></g><g v="past"></g><g v="actv"></g><g v="neut"></g><g v="sing"></g><g v="accs"></g></l></v></tfr></token><token id="616491" text="цунами"><tfr rev_id="4173715" t="цунами"><v><l id="374286" t="цунами"><g v="NOUN"></g><g v="inan"></g><g v="neut"></g><g v="Fixd"></g><g v="sing"></g><g v="accs"></g></l></v></tfr></token><token id="616492" text=","><tfr rev_id="1448739" t=","><v><l id="0" t=","><g v="PNCT"></g></l></v></tfr></token><token id="616493" text="в"><tfr rev_id="1448740" t="в"><v><l id="37409" t="в"><g v="PREP"></g></l></v></tfr></token><token id="616494" text="результате"><tfr rev_id="1448741" t="результате"><v><l id="305391" t="результат"><g v="NOUN"></g><g v="inan"></g><g v="masc"></g><g v="sing"></g><g v="loct"></g></l></v></tfr></token><token id="616495" text="чего"><tfr rev_id="1448742" t="чего"><v><l id="374963" t="чего"><g v="ADVB"></g><g v="Ques"></g></l></v><v><l id="377005" t="что"><g v="NPRO"></g><g v="neut"></g><g v="sing"></g><g v="gent"></g></l></v></tfr></token><token id="616496" text="была"><tfr rev_id="1448743" t="была"><v><l id="37265" t="есть"><g v="VERB"></g><g v="impf"></g><g v="intr"></g><g v="femn"></g><g v="sing"></g><g v="past"></g><g v="indc"></g></l></v></tfr></token><token id="616497" text="разрушена"><tfr rev_id="1448744" t="разрушена"><v><l id="296822" t="разрушен"><g v="PRTS"></g><g v="perf"></g><g v="past"></g><g v="pssv"></g><g v="femn"></g><g v="sing"></g></l></v></tfr></token><token id="616498" text="инфраструктура"><tfr rev_id="1448745" t="инфраструктура"><v><l id="123617" t="инфраструктура"><g v="NOUN"></g><g v="inan"></g><g v="femn"></g><g v="sing"></g><g v="nomn"></g></l></v></tfr></token><token id="616499" text="северо-восточных"><tfr rev_id="4357447" t="северо-восточных"><v><l id="317524" t="северо-восточный"><g v="ADJF"></g><g v="plur"></g><g v="gent"></g></l></v></tfr></token><token id="616500" text="районов"><tfr rev_id="1448747" t="районов"><v><l id="297595" t="район"><g v="NOUN"></g><g v="inan"></g><g v="masc"></g><g v="plur"></g><g v="gent"></g></l></v></tfr></token><token id="616501" text="Японии"><tfr rev_id="3455733" t="Японии"><v><l id="387993" t="япония"><g v="NOUN"></g><g v="inan"></g><g v="femn"></g><g v="Sgtm"></g><g v="Geox"></g><g v="sing"></g><g v="gent"></g></l></v></tfr></token><token id="616502" text="и"><tfr rev_id="1448749" t="и"><v><l id="116949" t="и"><g v="CONJ"></g></l></v><v><l id="116950" t="и"><g v="INTJ"></g></l></v></tfr></token><token id="616503" text="выведена"><tfr rev_id="1448750" t="выведена"><v><l id="56222" t="выведен"><g v="PRTS"></g><g v="perf"></g><g v="past"></g><g v="pssv"></g><g v="femn"></g><g v="sing"></g></l></v></tfr></token><token id="616504" text="из"><tfr rev_id="2602416" t="из"><v><l id="117677" t="из"><g v="PREP"></g></l></v></tfr></token><token id="616505" text="строя"><tfr rev_id="2634543" t="строя"><v><l id="337692" t="строй"><g v="NOUN"></g><g v="inan"></g><g v="masc"></g><g v="sing"></g><g v="gent"></g></l></v></tfr></token><token id="616506" text="система"><tfr rev_id="1448753" t="система"><v><l id="321350" t="система"><g v="NOUN"></g><g v="inan"></g><g v="femn"></g><g v="sing"></g><g v="nomn"></g></l></v></tfr></token><token id="616507" text="охлаждения"><tfr rev_id="3264369" t="охлаждения"><v><l id="221173" t="охлаждение"><g v="NOUN"></g><g v="inan"></g><g v="neut"></g><g v="sing"></g><g v="gent"></g></l></v></tfr></token><token id="616508" text="реакторов"><tfr rev_id="1448755" t="реакторов"><v><l id="304386" t="реактор"><g v="NOUN"></g><g v="inan"></g><g v="masc"></g><g v="plur"></g><g v="gent"></g></l></v></tfr></token><token id="616509" text="на"><tfr rev_id="3475111" t="на"><v><l id="166264" t="на"><g v="PREP"></g></l></v></tfr></token><token id="616510" text="АЭС"><tfr rev_id="4152453" t="АЭС"><v><l id="21433" t="аэс"><g v="NOUN"></g><g v="inan"></g><g v="femn"></g><g v="Fixd"></g><g v="Orgn"></g><g v="Abbr"></g><g v="sing"></g><g v="loct"></g></l></v></tfr></token><token id="616511" text="«"><tfr rev_id="2444126" t="«"><v><l id="0" t="«"><g v="PNCT"></g></l></v></tfr></token><token id="616512" text="Фукусима-1"><tfr rev_id="1448759" t="Фукусима-1"><v><l id="0" t="Фукусима-1"><g v="UNKN"></g></l></v></tfr></token><token id="616513" text="»"><tfr rev_id="2444127" t="»"><v><l id="0" t="»"><g v="PNCT"></g></l></v></tfr></token><token id="616514" text="."><tfr rev_id="1448761" t="."><v><l id="0" t="."><g v="PNCT"></g></l></v></tfr></token></tokens></sentence><sentence id="34511"><source>Это, в свою очередь, привело к пожарам, серии взрывов и утечке радиации на предприятии.</source><tokens><token id="616515" text="Это"><tfr rev_id="4497675" t="Это"><v><l id="386575" t="это"><g v="NPRO"></g><g v="neut"></g><g v="sing"></g><g v="nomn"></g></l></v><v><l id="386575" t="это"><g v="NPRO"></g><g v="neut"></g><g v="sing"></g><g v="accs"></g></l></v></tfr></token><token id="616516" text=","><tfr rev_id="1448763" t=","><v><l id="0" t=","><g v="PNCT"></g></l></v></tfr></token><token id="616517" text="в"><tfr rev_id="1448764" t="в"><v><l id="37409" t="в"><g v="PREP"></g></l></v></tfr></token><token id="616518" text="свою"><tfr rev_id="3632248" t="свою"><v><l id="316379" t="свой"><g v="ADJF"></g><g v="Apro"></g><g v="Anph"></g><g v="femn"></g><g v="sing"></g><g v="accs"></g></l></v></tfr></token><token id="616519" text="очередь"><tfr rev_id="4102401" t="очередь"><v><l id="221692" t="очередь"><g v="NOUN"></g><g v="inan"></g><g v="femn"></g><g v="sing"></g><g v="accs"></g></l></v></tfr></token><token id="616520" text=","><tfr rev_id="1448767" t=","><v><l id="0" t=","><g v="PNCT"></g></l></v></tfr></token><token id="616521" text="привело"><tfr rev_id="1448768" t="привело"><v><l id="269205" t="привёл"><g v="VERB"></g><g v="perf"></g><g v="tran"></g><g v="neut"></g><g v="sing"></g><g v="past"></g><g v="indc"></g></l></v></tfr></token><token id="616522" text="к"><tfr rev_id="1448769" t="к"><v><l id="127460" t="к"><g v="PREP"></g></l></v></tfr></token><token id="616523" text="пожарам"><tfr rev_id="1448770" t="пожарам"><v><l id="253036" t="пожар"><g v="NOUN"></g><g v="inan"></g><g v="masc"></g><g v="plur"></g><g v="datv"></g></l></v></tfr></token><token id="616524" text=","><tfr rev_id="1448771" t=","><v><l id="0" t=","><g v="PNCT"></g></l></v></tfr></token><token id="616525" text="серии"><tfr rev_id="4177110" t="серии"><v><l id="319321" t="серия"><g v="NOUN"></g><g v="inan"></g><g v="femn"></g><g v="sing"></g><g v="datv"></g></l></v></tfr></token><token id="616526" text="взрывов"><tfr rev_id="1448773" t="взрывов"><v><l id="44102" t="взрыв"><g v="NOUN"></g><g v="inan"></g><g v="masc"></g><g v="plur"></g><g v="gent"></g></l></v></tfr></token><token id="616527" text="и"><tfr rev_id="1448774" t="и"><v><l id="116949" t="и"><g v="CONJ"></g></l></v><v><l id="116950" t="и"><g v="INTJ"></g></l></v></tfr></token><token id="616528" text="утечке"><tfr rev_id="2605796" t="утечке"><v><l id="361843" t="утечка"><g v="NOUN"></g><g v="inan"></g><g v="femn"></g><g v="sing"></g><g v="datv"></g></l></v></tfr></token><token id="616529" text="радиации"><tfr rev_id="4240244" t="радиации"><v><l id="290893" t="радиация"><g v="NOUN"></g><g v="inan"></g><g v="femn"></g><g v="sing"></g><g v="gent"></g></l></v></tfr></token><token id="616530" text="на"><tfr rev_id="3345664" t="на"><v><l id="166264" t="на"><g v="PREP"></g></l></v></tfr></token><token id="616531" text="предприятии"><tfr rev_id="1448778" t="предприятии"><v><l id="266920" t="предприятие"><g v="NOUN"></g><g v="inan"></g><g v="neut"></g><g v="sing"></g><g v="loct"></g></l></v></tfr></token><token id="616532" text="."><tfr rev_id="1448779" t="."><v><l id="0" t="."><g v="PNCT"></g></l></v></tfr></token></tokens></sentence><sentence id="34512"><source>Жертвами стихии, по официальным данным, стали 15 057 человек, судьба 9121 человека остается неизвестной.</source><tokens><token id="616533" text="Жертвами"><tfr rev_id="4215738" t="Жертвами"><v><l id="96849" t="жертва"><g v="NOUN"></g><g v="anim"></g><g v="femn"></g><g v="plur"></g><g v="ablt"></g></l></v></tfr></token><token id="616534" text="стихии"><tfr rev_id="4271855" t="стихии"><v><l id="336325" t="стихия"><g v="NOUN"></g><g v="inan"></g><g v="femn"></g><g v="sing"></g><g v="gent"></g></l></v></tfr></token><token id="616535" text=","><tfr rev_id="1448782" t=","><v><l id="0" t=","><g v="PNCT"></g></l></v></tfr></token><token id="616536" text="по"><tfr rev_id="1448783" t="по"><v><l id="241240" t="по"><g v="PREP"></g></l></v></tfr></token><token id="616537" text="официальным"><tfr rev_id="3466048" t="официальным"><v><l id="220939" t="официальный"><g v="ADJF"></g><g v="plur"></g><g v="datv"></g></l></v></tfr></token><token id="616538" text="данным"><tfr rev_id="4535701" t="данным"><v><l id="78302" t="данные"><g v="NOUN"></g><g v="inan"></g><g v="GNdr"></g><g v="Pltm"></g><g v="plur"></g><g v="datv"></g></l></v></tfr></token><token id="616539" text=","><tfr rev_id="1448786" t=","><v><l id="0" t=","><g v="PNCT"></g></l></v></tfr></token><token id="616540" text="стали"><tfr rev_id="1715406" t="стали"><v><l id="335164" t="стал"><g v="VERB"></g><g v="perf"></g><g v="intr"></g><g v="plur"></g><g v="past"></g><g v="indc"></g></l></v></tfr></token><token id="616541" text="15"><tfr rev_id="2461848" t="15"><v><l id="0" t="15"><g v="NUMB"></g></l></v></tfr></token><token id="616542" text="057"><tfr rev_id="2461849" t="057"><v><l id="0" t="057"><g v="NUMB"></g></l></v></tfr></token><token id="616543" text="человек"><tfr rev_id="3487359" t="человек"><v><l id="375073" t="человек"><g v="NOUN"></g><g v="anim"></g><g v="masc"></g><g v="plur"></g><g v="gent"></g></l></v></tfr></token><token id="616544" text=","><tfr rev_id="1448791" t=","><v><l id="0" t=","><g v="PNCT"></g></l></v></tfr></token><token id="616545" text="судьба"><tfr rev_id="1448792" t="судьба"><v><l id="339107" t="судьба"><g v="NOUN"></g><g v="inan"></g><g v="femn"></g><g v="sing"></g><g v="nomn"></g></l></v></tfr></token><token id="616546" text="9121"><tfr rev_id="2461850" t="9121"><v><l id="0" t="9121"><g v="NUMB"></g></l></v></tfr></token><token id="616547" text="человека"><tfr rev_id="3689842" t="человека"><v><l id="375073" t="человек"><g v="NOUN"></g><g v="anim"></g><g v="masc"></g><g v="sing"></g><g v="gent"></g></l></v></tfr></token><token id="616548" text="остается"><tfr rev_id="1448795" t="остается"><v><l id="210812" t="остаюсь"><g v="VERB"></g><g v="impf"></g><g v="intr"></g><g v="sing"></g><g v="3per"></g><g v="pres"></g><g v="indc"></g></l></v></tfr></token><token id="616549" text="неизвестной"><tfr rev_id="4425593" t="неизвестной"><v><l id="182657" t="неизвестный"><g v="ADJF"></g><g v="Qual"></g><g v="femn"></g><g v="sing"></g><g v="ablt"></g></l></v></tfr></token><token id="616550" text="."><tfr rev_id="1448797" t="."><v><l id="0" t="."><g v="PNCT"></g></l></v></tfr></token></tokens></sentence><sentence id="34513"><source>С территорий, прилегающих к АЭС, эвакуированы тысячи местных жителей.</source><tokens><token id="616551" text="С"><tfr rev_id="1448798" t="С"><v><l id="311151" t="с"><g v="PREP"></g></l></v></tfr></token><token id="616552" text="территорий"><tfr rev_id="1448799" t="территорий"><v><l id="345621" t="территория"><g v="NOUN"></g><g v="inan"></g><g v="femn"></g><g v="plur"></g><g v="gent"></g></l></v></tfr></token><token id="616553" text=","><tfr rev_id="1448800" t=","><v><l id="0" t=","><g v="PNCT"></g></l></v></tfr></token><token id="616554" text="прилегающих"><tfr rev_id="1448801" t="прилегающих"><v><l id="271520" t="прилегающий"><g v="PRTF"></g><g v="impf"></g><g v="intr"></g><g v="pres"></g><g v="actv"></g><g v="plur"></g><g v="gent"></g></l></v><v><l id="271520" t="прилегающий"><g v="PRTF"></g><g v="impf"></g><g v="intr"></g><g v="pres"></g><g v="actv"></g><g v="anim"></g><g v="plur"></g><g v="accs"></g></l></v><v><l id="271520" t="прилегающий"><g v="PRTF"></g><g v="impf"></g><g v="intr"></g><g v="pres"></g><g v="actv"></g><g v="plur"></g><g v="loct"></g></l></v></tfr></token><token id="616555" text="к"><tfr rev_id="1448802" t="к"><v><l id="127460" t="к"><g v="PREP"></g></l></v></tfr></token><token id="616556" text="АЭС"><tfr rev_id="4173732" t="АЭС"><v><l id="21433" t="аэс"><g v="NOUN"></g><g v="inan"></g><g v="femn"></g><g v="Fixd"></g><g v="Orgn"></g><g v="Abbr"></g><g v="sing"></g><g v="datv"></g></l></v></tfr></token><token id="616557" text=","><tfr rev_id="1448804" t=","><v><l id="0" t=","><g v="PNCT"></g></l></v></tfr></token><token id="616558" text="эвакуированы"><tfr rev_id="1448805" t="эвакуированы"><v><l id="382728" t="эвакуирован"><g v="PRTS"></g><g v="perf"></g><g v="past"></g><g v="pssv"></g><g v="plur"></g></l></v><v><l id="382729" t="эвакуирован"><g v="PRTS"></g><g v="impf"></g><g v="past"></g><g v="pssv"></g><g v="plur"></g></l></v></tfr></token><token id="616559" text="тысячи"><tfr rev_id="3807666" t="тысячи"><v><l id="352230" t="тысяча"><g v="NOUN"></g><g v="inan"></g><g v="femn"></g><g v="plur"></g><g v="nomn"></g></l></v></tfr></token><token id="616560" text="местных"><tfr rev_id="3703550" t="местных"><v><l id="158819" t="местный"><g v="ADJF"></g><g v="Qual"></g><g v="plur"></g><g v="gent"></g></l></v></tfr></token><token id="616561" text="жителей"><tfr rev_id="4096597" t="жителей"><v><l id="97562" t="житель"><g v="NOUN"></g><g v="anim"></g><g v="masc"></g><g v="plur"></g><g v="gent"></g></l></v></tfr></token><token id="616562" text="."><tfr rev_id="1448809" t="."><v><l id="0" t="."><g v="PNCT"></g></l></v></tfr></token></tokens></sentence></paragraph></paragraphs></text>