<?xml version="1.0" encoding="utf-8"?><text id="117" parent="56" name="Президенты США и Франции беседуют в Белом доме"><tags><tag>Гео:ВикиКатегория:США</tag><tag>Гео:ВикиКатегория:Франция</tag><tag>Дата:10/01</tag><tag>Год:2011</tag><tag>Автор:http://ru.wikinews.org/wiki/Участник:Akishin D.</tag><tag>url:http://ru.wikinews.org/w/index.php?title=Президенты_США_и_Франции_беседуют_в_Белом_доме&amp;oldid=50826</tag><tag>Тема:ВикиКатегория:Политика США</tag><tag>Тема:ВикиКатегория:Политика Франции</tag></tags><paragraphs><paragraph id="2539"><sentence id="8098"><source>Барак Обама принимает в Белом доме своего французского коллегу Николя Саркози.</source><tokens><token id="155313" text="Барак"><tfr rev_id="990128" t="Барак"><v><l id="23705" t="барак"><g v="NOUN"></g><g v="inan"></g><g v="masc"></g><g v="sing"></g><g v="nomn"></g></l></v><v><l id="23705" t="барак"><g v="NOUN"></g><g v="inan"></g><g v="masc"></g><g v="sing"></g><g v="accs"></g></l></v><v><l id="23706" t="барак"><g v="NOUN"></g><g v="anim"></g><g v="masc"></g><g v="Name"></g><g v="sing"></g><g v="nomn"></g></l></v></tfr></token><token id="155314" text="Обама"><tfr rev_id="4576024" t="Обама"><v><l id="388472" t="обама"><g v="NOUN"></g><g v="anim"></g><g v="ms-f"></g><g v="Sgtm"></g><g v="Surn"></g><g v="sing"></g><g v="nomn"></g></l></v></tfr></token><token id="155315" text="принимает"><tfr rev_id="990130" t="принимает"><v><l id="272582" t="принимаю"><g v="VERB"></g><g v="impf"></g><g v="tran"></g><g v="sing"></g><g v="3per"></g><g v="pres"></g><g v="indc"></g></l></v></tfr></token><token id="155316" text="в"><tfr rev_id="990131" t="в"><v><l id="37409" t="в"><g v="PREP"></g></l></v></tfr></token><token id="155317" text="Белом"><tfr rev_id="4349211" t="Белом"><v><l id="27334" t="белый"><g v="ADJF"></g><g v="Qual"></g><g v="masc"></g><g v="sing"></g><g v="loct"></g></l></v></tfr></token><token id="155318" text="доме"><tfr rev_id="990133" t="доме"><v><l id="88152" t="дом"><g v="NOUN"></g><g v="inan"></g><g v="masc"></g><g v="sing"></g><g v="loc1"></g></l></v></tfr></token><token id="155319" text="своего"><tfr rev_id="4165089" t="своего"><v><l id="316379" t="свой"><g v="ADJF"></g><g v="Apro"></g><g v="Anph"></g><g v="masc"></g><g v="sing"></g><g v="gent"></g></l></v><v><l id="316379" t="свой"><g v="ADJF"></g><g v="Apro"></g><g v="Anph"></g><g v="anim"></g><g v="masc"></g><g v="sing"></g><g v="accs"></g></l></v></tfr></token><token id="155320" text="французского"><tfr rev_id="4415132" t="французского"><v><l id="368078" t="французский"><g v="ADJF"></g><g v="anim"></g><g v="masc"></g><g v="sing"></g><g v="accs"></g></l></v></tfr></token><token id="155321" text="коллегу"><tfr rev_id="4527120" t="коллегу"><v><l id="136008" t="коллега"><g v="NOUN"></g><g v="anim"></g><g v="ms-f"></g><g v="sing"></g><g v="accs"></g></l></v></tfr></token><token id="155322" text="Николя"><tfr rev_id="4138266" t="Николя"><v><l id="190987" t="николя"><g v="NOUN"></g><g v="anim"></g><g v="masc"></g><g v="Sgtm"></g><g v="Fixd"></g><g v="Name"></g><g v="sing"></g><g v="accs"></g></l></v></tfr></token><token id="155323" text="Саркози"><tfr rev_id="4327267" t="Саркози"><v><l id="388917" t="саркози"><g v="NOUN"></g><g v="anim"></g><g v="ms-f"></g><g v="Fixd"></g><g v="Surn"></g><g v="sing"></g><g v="nomn"></g></l></v><v><l id="388917" t="саркози"><g v="NOUN"></g><g v="anim"></g><g v="ms-f"></g><g v="Fixd"></g><g v="Surn"></g><g v="sing"></g><g v="gent"></g></l></v><v><l id="388917" t="саркози"><g v="NOUN"></g><g v="anim"></g><g v="ms-f"></g><g v="Fixd"></g><g v="Surn"></g><g v="sing"></g><g v="datv"></g></l></v><v><l id="388917" t="саркози"><g v="NOUN"></g><g v="anim"></g><g v="ms-f"></g><g v="Fixd"></g><g v="Surn"></g><g v="sing"></g><g v="accs"></g></l></v><v><l id="388917" t="саркози"><g v="NOUN"></g><g v="anim"></g><g v="ms-f"></g><g v="Fixd"></g><g v="Surn"></g><g v="sing"></g><g v="ablt"></g></l></v><v><l id="388917" t="саркози"><g v="NOUN"></g><g v="anim"></g><g v="ms-f"></g><g v="Fixd"></g><g v="Surn"></g><g v="sing"></g><g v="loct"></g></l></v></tfr></token><token id="155324" text="."><tfr rev_id="990139" t="."><v><l id="0" t="."><g v="PNCT"></g></l></v></tfr></token></tokens></sentence><sentence id="8099"><source>Как было объявлено, президент Франции прибыл в Вашингтон, чтобы обсудить с главой администрации США ряд насущных проблем, главное место среди которых занимает состояние мировой экономики и безопасность.</source><tokens><token id="155325" text="Как"><tfr rev_id="990140" t="Как"><v><l id="128190" t="как"><g v="CONJ"></g></l></v><v><l id="128191" t="как"><g v="PRCL"></g></l></v><v><l id="128192" t="как"><g v="ADVB"></g><g v="Ques"></g></l></v></tfr></token><token id="155326" text="было"><tfr rev_id="3335525" t="было"><v><l id="37265" t="есть"><g v="VERB"></g><g v="impf"></g><g v="intr"></g><g v="neut"></g><g v="sing"></g><g v="past"></g><g v="indc"></g></l></v></tfr></token><token id="155327" text="объявлено"><tfr rev_id="990142" t="объявлено"><v><l id="201895" t="объявлен"><g v="PRTS"></g><g v="perf"></g><g v="past"></g><g v="pssv"></g><g v="neut"></g><g v="sing"></g></l></v></tfr></token><token id="155328" text=","><tfr rev_id="990143" t=","><v><l id="0" t=","><g v="PNCT"></g></l></v></tfr></token><token id="155329" text="президент"><tfr rev_id="990144" t="президент"><v><l id="267449" t="президент"><g v="NOUN"></g><g v="anim"></g><g v="masc"></g><g v="sing"></g><g v="nomn"></g></l></v></tfr></token><token id="155330" text="Франции"><tfr rev_id="2627721" t="Франции"><v><l id="368071" t="франция"><g v="NOUN"></g><g v="inan"></g><g v="femn"></g><g v="Sgtm"></g><g v="Geox"></g><g v="sing"></g><g v="gent"></g></l></v></tfr></token><token id="155331" text="прибыл"><tfr rev_id="990146" t="прибыл"><v><l id="268969" t="прибыл"><g v="VERB"></g><g v="perf"></g><g v="intr"></g><g v="masc"></g><g v="sing"></g><g v="past"></g><g v="indc"></g></l></v></tfr></token><token id="155332" text="в"><tfr rev_id="990147" t="в"><v><l id="37409" t="в"><g v="PREP"></g></l></v></tfr></token><token id="155333" text="Вашингтон"><tfr rev_id="3679181" t="Вашингтон"><v><l id="39406" t="вашингтон"><g v="NOUN"></g><g v="inan"></g><g v="masc"></g><g v="Geox"></g><g v="sing"></g><g v="accs"></g></l></v></tfr></token><token id="155334" text=","><tfr rev_id="990149" t=","><v><l id="0" t=","><g v="PNCT"></g></l></v></tfr></token><token id="155335" text="чтобы"><tfr rev_id="990150" t="чтобы"><v><l id="377013" t="чтобы"><g v="CONJ"></g></l></v><v><l id="377014" t="чтобы"><g v="PRCL"></g></l></v></tfr></token><token id="155336" text="обсудить"><tfr rev_id="990151" t="обсудить"><v><l id="200163" t="обсудить"><g v="INFN"></g><g v="perf"></g><g v="tran"></g></l></v></tfr></token><token id="155337" text="с"><tfr rev_id="990152" t="с"><v><l id="311151" t="с"><g v="PREP"></g></l></v></tfr></token><token id="155338" text="главой"><tfr rev_id="4525976" t="главой"><v><l id="70790" t="глава"><g v="NOUN"></g><g v="anim"></g><g v="ms-f"></g><g v="sing"></g><g v="ablt"></g></l></v></tfr></token><token id="155339" text="администрации"><tfr rev_id="4263381" t="администрации"><v><l id="5057" t="администрация"><g v="NOUN"></g><g v="inan"></g><g v="femn"></g><g v="sing"></g><g v="gent"></g></l></v></tfr></token><token id="155340" text="США"><tfr rev_id="4572867" t="США"><v><l id="341371" t="сша"><g v="NOUN"></g><g v="inan"></g><g v="GNdr"></g><g v="Pltm"></g><g v="Fixd"></g><g v="Abbr"></g><g v="Geox"></g><g v="plur"></g><g v="gent"></g></l></v></tfr></token><token id="155341" text="ряд"><tfr rev_id="990156" t="ряд"><v><l id="311045" t="ряд"><g v="NOUN"></g><g v="inan"></g><g v="masc"></g><g v="sing"></g><g v="nomn"></g></l></v><v><l id="311045" t="ряд"><g v="NOUN"></g><g v="inan"></g><g v="masc"></g><g v="sing"></g><g v="accs"></g></l></v></tfr></token><token id="155342" text="насущных"><tfr rev_id="3466749" t="насущных"><v><l id="176571" t="насущный"><g v="ADJF"></g><g v="Qual"></g><g v="plur"></g><g v="gent"></g></l></v></tfr></token><token id="155343" text="проблем"><tfr rev_id="990158" t="проблем"><v><l id="277255" t="проблема"><g v="NOUN"></g><g v="inan"></g><g v="femn"></g><g v="plur"></g><g v="gent"></g></l></v></tfr></token><token id="155344" text=","><tfr rev_id="990159" t=","><v><l id="0" t=","><g v="PNCT"></g></l></v></tfr></token><token id="155345" text="главное"><tfr rev_id="990160" t="главное"><v><l id="70838" t="главное"><g v="CONJ"></g><g v="Prnt"></g></l></v><v><l id="70839" t="главное"><g v="NOUN"></g><g v="inan"></g><g v="neut"></g><g v="sing"></g><g v="nomn"></g></l></v><v><l id="70839" t="главное"><g v="NOUN"></g><g v="inan"></g><g v="neut"></g><g v="sing"></g><g v="accs"></g></l></v><v><l id="70842" t="главный"><g v="ADJF"></g><g v="Qual"></g><g v="neut"></g><g v="sing"></g><g v="nomn"></g></l></v><v><l id="70842" t="главный"><g v="ADJF"></g><g v="Qual"></g><g v="neut"></g><g v="sing"></g><g v="accs"></g></l></v></tfr></token><token id="155346" text="место"><tfr rev_id="4102923" t="место"><v><l id="158822" t="место"><g v="NOUN"></g><g v="inan"></g><g v="neut"></g><g v="sing"></g><g v="accs"></g></l></v></tfr></token><token id="155347" text="среди"><tfr rev_id="990162" t="среди"><v><l id="333473" t="среди"><g v="PREP"></g></l></v></tfr></token><token id="155348" text="которых"><tfr rev_id="4357497" t="которых"><v><l id="141203" t="который"><g v="ADJF"></g><g v="Apro"></g><g v="Subx"></g><g v="Anph"></g><g v="plur"></g><g v="gent"></g></l></v></tfr></token><token id="155349" text="занимает"><tfr rev_id="990164" t="занимает"><v><l id="106412" t="занимаю"><g v="VERB"></g><g v="impf"></g><g v="tran"></g><g v="sing"></g><g v="3per"></g><g v="pres"></g><g v="indc"></g></l></v></tfr></token><token id="155350" text="состояние"><tfr rev_id="990165" t="состояние"><v><l id="330557" t="состояние"><g v="NOUN"></g><g v="inan"></g><g v="neut"></g><g v="sing"></g><g v="nomn"></g></l></v><v><l id="330557" t="состояние"><g v="NOUN"></g><g v="inan"></g><g v="neut"></g><g v="sing"></g><g v="accs"></g></l></v></tfr></token><token id="155351" text="мировой"><tfr rev_id="4464036" t="мировой"><v><l id="160894" t="мировой"><g v="ADJF"></g><g v="femn"></g><g v="sing"></g><g v="gent"></g></l></v></tfr></token><token id="155352" text="экономики"><tfr rev_id="3500572" t="экономики"><v><l id="383340" t="экономика"><g v="NOUN"></g><g v="inan"></g><g v="femn"></g><g v="sing"></g><g v="gent"></g></l></v></tfr></token><token id="155353" text="и"><tfr rev_id="3825448" t="и"><v><l id="116949" t="и"><g v="CONJ"></g></l></v></tfr></token><token id="155354" text="безопасность"><tfr rev_id="990169" t="безопасность"><v><l id="26215" t="безопасность"><g v="NOUN"></g><g v="inan"></g><g v="femn"></g><g v="sing"></g><g v="nomn"></g></l></v><v><l id="26215" t="безопасность"><g v="NOUN"></g><g v="inan"></g><g v="femn"></g><g v="sing"></g><g v="accs"></g></l></v></tfr></token><token id="155355" text="."><tfr rev_id="990170" t="."><v><l id="0" t="."><g v="PNCT"></g></l></v></tfr></token></tokens></sentence></paragraph><paragraph id="2540"><sentence id="8100"><source>В частности, лидеры намерены обменяться мнениями о перспективах военных действий НАТО в Афганистане, волнениях в Пакистане и угрозах экстремистов в Северной Африке.</source><tokens><token id="155356" text="В"><tfr rev_id="990171" t="В"><v><l id="37409" t="в"><g v="PREP"></g></l></v></tfr></token><token id="155357" text="частности"><tfr rev_id="3556637" t="частности"><v><l id="374794" t="частность"><g v="NOUN"></g><g v="inan"></g><g v="femn"></g><g v="sing"></g><g v="loct"></g></l></v></tfr></token><token id="155358" text=","><tfr rev_id="990173" t=","><v><l id="0" t=","><g v="PNCT"></g></l></v></tfr></token><token id="155359" text="лидеры"><tfr rev_id="990174" t="лидеры"><v><l id="149007" t="лидер"><g v="NOUN"></g><g v="anim"></g><g v="masc"></g><g v="plur"></g><g v="nomn"></g></l></v></tfr></token><token id="155360" text="намерены"><tfr rev_id="990175" t="намерены"><v><l id="172445" t="намерен"><g v="ADJS"></g><g v="plur"></g></l></v><v><l id="172473" t="намерен"><g v="PRTS"></g><g v="perf"></g><g v="past"></g><g v="pssv"></g><g v="plur"></g></l></v></tfr></token><token id="155361" text="обменяться"><tfr rev_id="990176" t="обменяться"><v><l id="197188" t="обменяться"><g v="INFN"></g><g v="perf"></g><g v="intr"></g></l></v></tfr></token><token id="155362" text="мнениями"><tfr rev_id="990177" t="мнениями"><v><l id="161395" t="мнение"><g v="NOUN"></g><g v="inan"></g><g v="neut"></g><g v="plur"></g><g v="ablt"></g></l></v></tfr></token><token id="155363" text="о"><tfr rev_id="3326715" t="о"><v><l id="192977" t="о"><g v="PREP"></g></l></v></tfr></token><token id="155364" text="перспективах"><tfr rev_id="990179" t="перспективах"><v><l id="237487" t="перспектива"><g v="NOUN"></g><g v="inan"></g><g v="femn"></g><g v="plur"></g><g v="loct"></g></l></v></tfr></token><token id="155365" text="военных"><tfr rev_id="4494216" t="военных"><v><l id="48619" t="военный"><g v="ADJF"></g><g v="plur"></g><g v="gent"></g></l></v></tfr></token><token id="155366" text="действий"><tfr rev_id="990181" t="действий"><v><l id="80091" t="действие"><g v="NOUN"></g><g v="inan"></g><g v="neut"></g><g v="plur"></g><g v="gent"></g></l></v></tfr></token><token id="155367" text="НАТО"><tfr rev_id="3808218" t="НАТО"><v><l id="176969" t="нато"><g v="NOUN"></g><g v="inan"></g><g v="femn"></g><g v="Sgtm"></g><g v="Fixd"></g><g v="Abbr"></g><g v="Orgn"></g><g v="sing"></g><g v="gent"></g></l></v></tfr></token><token id="155368" text="в"><tfr rev_id="990183" t="в"><v><l id="37409" t="в"><g v="PREP"></g></l></v></tfr></token><token id="155369" text="Афганистане"><tfr rev_id="990184" t="Афганистане"><v><l id="20112" t="афганистан"><g v="NOUN"></g><g v="inan"></g><g v="masc"></g><g v="Geox"></g><g v="sing"></g><g v="loct"></g></l></v></tfr></token><token id="155370" text=","><tfr rev_id="990185" t=","><v><l id="0" t=","><g v="PNCT"></g></l></v></tfr></token><token id="155371" text="волнениях"><tfr rev_id="990186" t="волнениях"><v><l id="50018" t="волнение"><g v="NOUN"></g><g v="inan"></g><g v="neut"></g><g v="plur"></g><g v="loct"></g></l></v></tfr></token><token id="155372" text="в"><tfr rev_id="990187" t="в"><v><l id="37409" t="в"><g v="PREP"></g></l></v></tfr></token><token id="155373" text="Пакистане"><tfr rev_id="990188" t="Пакистане"><v><l id="222671" t="пакистан"><g v="NOUN"></g><g v="inan"></g><g v="masc"></g><g v="Geox"></g><g v="sing"></g><g v="loct"></g></l></v></tfr></token><token id="155374" text="и"><tfr rev_id="990189" t="и"><v><l id="116949" t="и"><g v="CONJ"></g></l></v><v><l id="116950" t="и"><g v="INTJ"></g></l></v></tfr></token><token id="155375" text="угрозах"><tfr rev_id="990190" t="угрозах"><v><l id="354549" t="угроза"><g v="NOUN"></g><g v="inan"></g><g v="femn"></g><g v="plur"></g><g v="loct"></g></l></v></tfr></token><token id="155376" text="экстремистов"><tfr rev_id="2928483" t="экстремистов"><v><l id="383866" t="экстремист"><g v="NOUN"></g><g v="anim"></g><g v="masc"></g><g v="plur"></g><g v="gent"></g></l></v></tfr></token><token id="155377" text="в"><tfr rev_id="990192" t="в"><v><l id="37409" t="в"><g v="PREP"></g></l></v></tfr></token><token id="155378" text="Северной"><tfr rev_id="4167456" t="Северной"><v><l id="317517" t="северный"><g v="ADJF"></g><g v="Qual"></g><g v="femn"></g><g v="sing"></g><g v="loct"></g></l></v></tfr></token><token id="155379" text="Африке"><tfr rev_id="2931061" t="Африке"><v><l id="20306" t="африка"><g v="NOUN"></g><g v="inan"></g><g v="femn"></g><g v="Sgtm"></g><g v="Geox"></g><g v="sing"></g><g v="loct"></g></l></v></tfr></token><token id="155380" text="."><tfr rev_id="990195" t="."><v><l id="0" t="."><g v="PNCT"></g></l></v></tfr></token></tokens></sentence><sentence id="8101"><source>В воскресенье Николя Саркози выпустил заявление с осуждением убийства двух французских заложников в Нигере.</source><tokens><token id="155381" text="В"><tfr rev_id="990196" t="В"><v><l id="37409" t="в"><g v="PREP"></g></l></v></tfr></token><token id="155382" text="воскресенье"><tfr rev_id="4486200" t="воскресенье"><v><l id="51393" t="воскресение"><g v="NOUN"></g><g v="inan"></g><g v="neut"></g><g v="sing"></g><g v="accs"></g><g v="V-be"></g></l></v><v><l id="51406" t="воскресенье"><g v="NOUN"></g><g v="inan"></g><g v="neut"></g><g v="sing"></g><g v="accs"></g></l></v></tfr></token><token id="155383" text="Николя"><tfr rev_id="3657338" t="Николя"><v><l id="190987" t="николя"><g v="NOUN"></g><g v="anim"></g><g v="masc"></g><g v="Sgtm"></g><g v="Fixd"></g><g v="Name"></g><g v="sing"></g><g v="nomn"></g></l></v></tfr></token><token id="155384" text="Саркози"><tfr rev_id="4327268" t="Саркози"><v><l id="388917" t="саркози"><g v="NOUN"></g><g v="anim"></g><g v="ms-f"></g><g v="Fixd"></g><g v="Surn"></g><g v="sing"></g><g v="nomn"></g></l></v><v><l id="388917" t="саркози"><g v="NOUN"></g><g v="anim"></g><g v="ms-f"></g><g v="Fixd"></g><g v="Surn"></g><g v="sing"></g><g v="gent"></g></l></v><v><l id="388917" t="саркози"><g v="NOUN"></g><g v="anim"></g><g v="ms-f"></g><g v="Fixd"></g><g v="Surn"></g><g v="sing"></g><g v="datv"></g></l></v><v><l id="388917" t="саркози"><g v="NOUN"></g><g v="anim"></g><g v="ms-f"></g><g v="Fixd"></g><g v="Surn"></g><g v="sing"></g><g v="accs"></g></l></v><v><l id="388917" t="саркози"><g v="NOUN"></g><g v="anim"></g><g v="ms-f"></g><g v="Fixd"></g><g v="Surn"></g><g v="sing"></g><g v="ablt"></g></l></v><v><l id="388917" t="саркози"><g v="NOUN"></g><g v="anim"></g><g v="ms-f"></g><g v="Fixd"></g><g v="Surn"></g><g v="sing"></g><g v="loct"></g></l></v></tfr></token><token id="155385" text="выпустил"><tfr rev_id="990200" t="выпустил"><v><l id="61014" t="выпустил"><g v="VERB"></g><g v="perf"></g><g v="tran"></g><g v="masc"></g><g v="sing"></g><g v="past"></g><g v="indc"></g></l></v></tfr></token><token id="155386" text="заявление"><tfr rev_id="4209622" t="заявление"><v><l id="114311" t="заявление"><g v="NOUN"></g><g v="inan"></g><g v="neut"></g><g v="sing"></g><g v="accs"></g></l></v></tfr></token><token id="155387" text="с"><tfr rev_id="990202" t="с"><v><l id="311151" t="с"><g v="PREP"></g></l></v></tfr></token><token id="155388" text="осуждением"><tfr rev_id="990203" t="осуждением"><v><l id="211490" t="осуждение"><g v="NOUN"></g><g v="inan"></g><g v="neut"></g><g v="sing"></g><g v="ablt"></g></l></v></tfr></token><token id="155389" text="убийства"><tfr rev_id="3471403" t="убийства"><v><l id="352998" t="убийство"><g v="NOUN"></g><g v="inan"></g><g v="neut"></g><g v="sing"></g><g v="gent"></g></l></v></tfr></token><token id="155390" text="двух"><tfr rev_id="4449514" t="двух"><v><l id="78668" t="два"><g v="NUMR"></g><g v="anim"></g><g v="accs"></g></l></v><v><l id="78668" t="два"><g v="NUMR"></g><g v="gent"></g></l></v><v><l id="78668" t="два"><g v="NUMR"></g><g v="loct"></g></l></v></tfr></token><token id="155391" text="французских"><tfr rev_id="2827143" t="французских"><v><l id="368078" t="французский"><g v="ADJF"></g><g v="plur"></g><g v="gent"></g></l></v></tfr></token><token id="155392" text="заложников"><tfr rev_id="4202355" t="заложников"><v><l id="104854" t="заложник"><g v="NOUN"></g><g v="anim"></g><g v="masc"></g><g v="plur"></g><g v="gent"></g></l></v></tfr></token><token id="155393" text="в"><tfr rev_id="990208" t="в"><v><l id="37409" t="в"><g v="PREP"></g></l></v></tfr></token><token id="155394" text="Нигере"><tfr rev_id="990209" t="Нигере"><v><l id="190361" t="нигер"><g v="NOUN"></g><g v="inan"></g><g v="masc"></g><g v="Geox"></g><g v="sing"></g><g v="loct"></g></l></v></tfr></token><token id="155395" text="."><tfr rev_id="990210" t="."><v><l id="0" t="."><g v="PNCT"></g></l></v></tfr></token></tokens></sentence></paragraph><paragraph id="2541"><sentence id="8102"><source>В недавнем выступлении по французскому телевидению Саркози выразил мнение о необходимости изменить ситуацию в глобальной экономике, при которой доллар остается главным инструментом расчетов и мировой резервной валютой.</source><tokens><token id="155396" text="В"><tfr rev_id="990211" t="В"><v><l id="37409" t="в"><g v="PREP"></g></l></v></tfr></token><token id="155397" text="недавнем"><tfr rev_id="3470330" t="недавнем"><v><l id="180618" t="недавний"><g v="ADJF"></g><g v="Qual"></g><g v="neut"></g><g v="sing"></g><g v="loct"></g></l></v></tfr></token><token id="155398" text="выступлении"><tfr rev_id="990213" t="выступлении"><v><l id="62889" t="выступление"><g v="NOUN"></g><g v="inan"></g><g v="neut"></g><g v="sing"></g><g v="loct"></g></l></v></tfr></token><token id="155399" text="по"><tfr rev_id="990214" t="по"><v><l id="241240" t="по"><g v="PREP"></g></l></v></tfr></token><token id="155400" text="французскому"><tfr rev_id="3477478" t="французскому"><v><l id="368078" t="французский"><g v="ADJF"></g><g v="neut"></g><g v="sing"></g><g v="datv"></g></l></v></tfr></token><token id="155401" text="телевидению"><tfr rev_id="990216" t="телевидению"><v><l id="344095" t="телевидение"><g v="NOUN"></g><g v="inan"></g><g v="neut"></g><g v="sing"></g><g v="datv"></g></l></v></tfr></token><token id="155402" text="Саркози"><tfr rev_id="4327269" t="Саркози"><v><l id="388917" t="саркози"><g v="NOUN"></g><g v="anim"></g><g v="ms-f"></g><g v="Fixd"></g><g v="Surn"></g><g v="sing"></g><g v="nomn"></g></l></v><v><l id="388917" t="саркози"><g v="NOUN"></g><g v="anim"></g><g v="ms-f"></g><g v="Fixd"></g><g v="Surn"></g><g v="sing"></g><g v="gent"></g></l></v><v><l id="388917" t="саркози"><g v="NOUN"></g><g v="anim"></g><g v="ms-f"></g><g v="Fixd"></g><g v="Surn"></g><g v="sing"></g><g v="datv"></g></l></v><v><l id="388917" t="саркози"><g v="NOUN"></g><g v="anim"></g><g v="ms-f"></g><g v="Fixd"></g><g v="Surn"></g><g v="sing"></g><g v="accs"></g></l></v><v><l id="388917" t="саркози"><g v="NOUN"></g><g v="anim"></g><g v="ms-f"></g><g v="Fixd"></g><g v="Surn"></g><g v="sing"></g><g v="ablt"></g></l></v><v><l id="388917" t="саркози"><g v="NOUN"></g><g v="anim"></g><g v="ms-f"></g><g v="Fixd"></g><g v="Surn"></g><g v="sing"></g><g v="loct"></g></l></v></tfr></token><token id="155403" text="выразил"><tfr rev_id="990218" t="выразил"><v><l id="61211" t="выразил"><g v="VERB"></g><g v="perf"></g><g v="tran"></g><g v="masc"></g><g v="sing"></g><g v="past"></g><g v="indc"></g></l></v></tfr></token><token id="155404" text="мнение"><tfr rev_id="990219" t="мнение"><v><l id="161395" t="мнение"><g v="NOUN"></g><g v="inan"></g><g v="neut"></g><g v="sing"></g><g v="nomn"></g></l></v><v><l id="161395" t="мнение"><g v="NOUN"></g><g v="inan"></g><g v="neut"></g><g v="sing"></g><g v="accs"></g></l></v></tfr></token><token id="155405" text="о"><tfr rev_id="3417439" t="о"><v><l id="192977" t="о"><g v="PREP"></g></l></v></tfr></token><token id="155406" text="необходимости"><tfr rev_id="4289040" t="необходимости"><v><l id="184807" t="необходимость"><g v="NOUN"></g><g v="inan"></g><g v="femn"></g><g v="sing"></g><g v="loct"></g></l></v></tfr></token><token id="155407" text="изменить"><tfr rev_id="990222" t="изменить"><v><l id="119489" t="изменить"><g v="INFN"></g><g v="perf"></g><g v="tran"></g></l></v><v><l id="119495" t="изменить"><g v="INFN"></g><g v="perf"></g><g v="intr"></g></l></v></tfr></token><token id="155408" text="ситуацию"><tfr rev_id="990223" t="ситуацию"><v><l id="321441" t="ситуация"><g v="NOUN"></g><g v="inan"></g><g v="femn"></g><g v="sing"></g><g v="accs"></g></l></v></tfr></token><token id="155409" text="в"><tfr rev_id="990224" t="в"><v><l id="37409" t="в"><g v="PREP"></g></l></v></tfr></token><token id="155410" text="глобальной"><tfr rev_id="3713933" t="глобальной"><v><l id="71322" t="глобальный"><g v="ADJF"></g><g v="Qual"></g><g v="femn"></g><g v="sing"></g><g v="loct"></g></l></v></tfr></token><token id="155411" text="экономике"><tfr rev_id="3556180" t="экономике"><v><l id="383340" t="экономика"><g v="NOUN"></g><g v="inan"></g><g v="femn"></g><g v="sing"></g><g v="loct"></g></l></v></tfr></token><token id="155412" text=","><tfr rev_id="990227" t=","><v><l id="0" t=","><g v="PNCT"></g></l></v></tfr></token><token id="155413" text="при"><tfr rev_id="2634174" t="при"><v><l id="268625" t="при"><g v="PREP"></g></l></v></tfr></token><token id="155414" text="которой"><tfr rev_id="3640284" t="которой"><v><l id="141203" t="который"><g v="ADJF"></g><g v="Apro"></g><g v="Subx"></g><g v="Anph"></g><g v="femn"></g><g v="sing"></g><g v="loct"></g></l></v></tfr></token><token id="155415" text="доллар"><tfr rev_id="4212195" t="доллар"><v><l id="88047" t="доллар"><g v="NOUN"></g><g v="inan"></g><g v="masc"></g><g v="sing"></g><g v="nomn"></g></l></v></tfr></token><token id="155416" text="остается"><tfr rev_id="990231" t="остается"><v><l id="210812" t="остаюсь"><g v="VERB"></g><g v="impf"></g><g v="intr"></g><g v="sing"></g><g v="3per"></g><g v="pres"></g><g v="indc"></g></l></v></tfr></token><token id="155417" text="главным"><tfr rev_id="4162802" t="главным"><v><l id="70842" t="главный"><g v="ADJF"></g><g v="Qual"></g><g v="masc"></g><g v="sing"></g><g v="ablt"></g></l></v></tfr></token><token id="155418" text="инструментом"><tfr rev_id="990233" t="инструментом"><v><l id="122944" t="инструмент"><g v="NOUN"></g><g v="inan"></g><g v="masc"></g><g v="sing"></g><g v="ablt"></g></l></v></tfr></token><token id="155419" text="расчетов"><tfr rev_id="990234" t="расчетов"><v><l id="303277" t="расчёт"><g v="NOUN"></g><g v="inan"></g><g v="masc"></g><g v="plur"></g><g v="gent"></g></l></v></tfr></token><token id="155420" text="и"><tfr rev_id="990235" t="и"><v><l id="116949" t="и"><g v="CONJ"></g></l></v><v><l id="116950" t="и"><g v="INTJ"></g></l></v></tfr></token><token id="155421" text="мировой"><tfr rev_id="4428508" t="мировой"><v><l id="160894" t="мировой"><g v="ADJF"></g><g v="femn"></g><g v="sing"></g><g v="ablt"></g></l></v></tfr></token><token id="155422" text="резервной"><tfr rev_id="4296827" t="резервной"><v><l id="305250" t="резервный"><g v="ADJF"></g><g v="Qual"></g><g v="femn"></g><g v="sing"></g><g v="ablt"></g></l></v></tfr></token><token id="155423" text="валютой"><tfr rev_id="990238" t="валютой"><v><l id="38449" t="валюта"><g v="NOUN"></g><g v="inan"></g><g v="femn"></g><g v="sing"></g><g v="ablt"></g></l></v></tfr></token><token id="155424" text="."><tfr rev_id="990239" t="."><v><l id="0" t="."><g v="PNCT"></g></l></v></tfr></token></tokens></sentence><sentence id="8103"><source>Вашингтонская встреча проходит в канун передачи Франции полномочий главы «Большой двадцатки».</source><tokens><token id="155425" text="Вашингтонская"><tfr rev_id="990240" t="Вашингтонская"><v><l id="39409" t="вашингтонский"><g v="ADJF"></g><g v="femn"></g><g v="sing"></g><g v="nomn"></g></l></v></tfr></token><token id="155426" text="встреча"><tfr rev_id="990241" t="встреча"><v><l id="54530" t="встреча"><g v="NOUN"></g><g v="inan"></g><g v="femn"></g><g v="sing"></g><g v="nomn"></g></l></v></tfr></token><token id="155427" text="проходит"><tfr rev_id="3480990" t="проходит"><v><l id="287183" t="прохожу"><g v="VERB"></g><g v="impf"></g><g v="tran"></g><g v="sing"></g><g v="3per"></g><g v="pres"></g><g v="indc"></g></l></v></tfr></token><token id="155428" text="в"><tfr rev_id="990243" t="в"><v><l id="37409" t="в"><g v="PREP"></g></l></v></tfr></token><token id="155429" text="канун"><tfr rev_id="3480991" t="канун"><v><l id="129550" t="канун"><g v="NOUN"></g><g v="inan"></g><g v="masc"></g><g v="sing"></g><g v="accs"></g></l></v></tfr></token><token id="155430" text="передачи"><tfr rev_id="3437822" t="передачи"><v><l id="228169" t="передача"><g v="NOUN"></g><g v="inan"></g><g v="femn"></g><g v="sing"></g><g v="gent"></g></l></v></tfr></token><token id="155431" text="Франции"><tfr rev_id="3455618" t="Франции"><v><l id="368071" t="франция"><g v="NOUN"></g><g v="inan"></g><g v="femn"></g><g v="Sgtm"></g><g v="Geox"></g><g v="sing"></g><g v="datv"></g></l></v></tfr></token><token id="155432" text="полномочий"><tfr rev_id="990247" t="полномочий"><v><l id="256121" t="полномочие"><g v="NOUN"></g><g v="inan"></g><g v="neut"></g><g v="plur"></g><g v="gent"></g></l></v></tfr></token><token id="155433" text="главы"><tfr rev_id="4526168" t="главы"><v><l id="70790" t="глава"><g v="NOUN"></g><g v="anim"></g><g v="ms-f"></g><g v="sing"></g><g v="gent"></g></l></v></tfr></token><token id="155434" text="«"><tfr rev_id="2427029" t="«"><v><l id="0" t="«"><g v="PNCT"></g></l></v></tfr></token><token id="155435" text="Большой"><tfr rev_id="3480993" t="Большой"><v><l id="32445" t="большой"><g v="ADJF"></g><g v="Qual"></g><g v="femn"></g><g v="sing"></g><g v="gent"></g></l></v></tfr></token><token id="155436" text="двадцатки"><tfr rev_id="3479770" t="двадцатки"><v><l id="78789" t="двадцатка"><g v="NOUN"></g><g v="inan"></g><g v="femn"></g><g v="sing"></g><g v="gent"></g></l></v></tfr></token><token id="155437" text="»"><tfr rev_id="2427030" t="»"><v><l id="0" t="»"><g v="PNCT"></g></l></v></tfr></token><token id="155438" text="."><tfr rev_id="990253" t="."><v><l id="0" t="."><g v="PNCT"></g></l></v></tfr></token></tokens></sentence><sentence id="8104"><source>Президент Саркози выразил в этой связи надежду на то, что ему удастся за время председательства в G-20 провести целый ряд реформ.</source><tokens><token id="155439" text="Президент"><tfr rev_id="990254" t="Президент"><v><l id="267449" t="президент"><g v="NOUN"></g><g v="anim"></g><g v="masc"></g><g v="sing"></g><g v="nomn"></g></l></v></tfr></token><token id="155440" text="Саркози"><tfr rev_id="4327270" t="Саркози"><v><l id="388917" t="саркози"><g v="NOUN"></g><g v="anim"></g><g v="ms-f"></g><g v="Fixd"></g><g v="Surn"></g><g v="sing"></g><g v="nomn"></g></l></v><v><l id="388917" t="саркози"><g v="NOUN"></g><g v="anim"></g><g v="ms-f"></g><g v="Fixd"></g><g v="Surn"></g><g v="sing"></g><g v="gent"></g></l></v><v><l id="388917" t="саркози"><g v="NOUN"></g><g v="anim"></g><g v="ms-f"></g><g v="Fixd"></g><g v="Surn"></g><g v="sing"></g><g v="datv"></g></l></v><v><l id="388917" t="саркози"><g v="NOUN"></g><g v="anim"></g><g v="ms-f"></g><g v="Fixd"></g><g v="Surn"></g><g v="sing"></g><g v="accs"></g></l></v><v><l id="388917" t="саркози"><g v="NOUN"></g><g v="anim"></g><g v="ms-f"></g><g v="Fixd"></g><g v="Surn"></g><g v="sing"></g><g v="ablt"></g></l></v><v><l id="388917" t="саркози"><g v="NOUN"></g><g v="anim"></g><g v="ms-f"></g><g v="Fixd"></g><g v="Surn"></g><g v="sing"></g><g v="loct"></g></l></v></tfr></token><token id="155441" text="выразил"><tfr rev_id="990256" t="выразил"><v><l id="61211" t="выразил"><g v="VERB"></g><g v="perf"></g><g v="tran"></g><g v="masc"></g><g v="sing"></g><g v="past"></g><g v="indc"></g></l></v></tfr></token><token id="155442" text="в"><tfr rev_id="990257" t="в"><v><l id="37409" t="в"><g v="PREP"></g></l></v></tfr></token><token id="155443" text="этой"><tfr rev_id="4437724" t="этой"><v><l id="386581" t="этот"><g v="ADJF"></g><g v="Subx"></g><g v="Apro"></g><g v="Anph"></g><g v="femn"></g><g v="sing"></g><g v="loct"></g></l></v></tfr></token><token id="155444" text="связи"><tfr rev_id="4390963" t="связи"><v><l id="316572" t="связь"><g v="NOUN"></g><g v="inan"></g><g v="femn"></g><g v="sing"></g><g v="loc1"></g></l></v><v><l id="316572" t="связь"><g v="NOUN"></g><g v="inan"></g><g v="femn"></g><g v="sing"></g><g v="loc2"></g></l></v></tfr></token><token id="155445" text="надежду"><tfr rev_id="3467417" t="надежду"><v><l id="168739" t="надежда"><g v="NOUN"></g><g v="inan"></g><g v="femn"></g><g v="sing"></g><g v="accs"></g></l></v></tfr></token><token id="155446" text="на"><tfr rev_id="3335361" t="на"><v><l id="166264" t="на"><g v="PREP"></g></l></v></tfr></token><token id="155447" text="то"><tfr rev_id="3776442" t="то"><v><l id="346835" t="то"><g v="CONJ"></g></l></v><v><l id="346836" t="то"><g v="PRCL"></g></l></v><v><l id="348430" t="тот"><g v="ADJF"></g><g v="Subx"></g><g v="Apro"></g><g v="Anph"></g><g v="neut"></g><g v="sing"></g><g v="nomn"></g></l></v><v><l id="348430" t="тот"><g v="ADJF"></g><g v="Subx"></g><g v="Apro"></g><g v="Anph"></g><g v="neut"></g><g v="sing"></g><g v="accs"></g></l></v></tfr></token><token id="155448" text=","><tfr rev_id="990263" t=","><v><l id="0" t=","><g v="PNCT"></g></l></v></tfr></token><token id="155449" text="что"><tfr rev_id="3192435" t="что"><v><l id="377004" t="что"><g v="CONJ"></g></l></v><v><l id="377005" t="что"><g v="NPRO"></g><g v="neut"></g><g v="sing"></g><g v="nomn"></g></l></v><v><l id="377005" t="что"><g v="NPRO"></g><g v="neut"></g><g v="sing"></g><g v="accs"></g></l></v><v><l id="377006" t="что"><g v="ADVB"></g><g v="Ques"></g></l></v><v><l id="388695" t="что"><g v="PRCL"></g></l></v></tfr></token><token id="155450" text="ему"><tfr rev_id="4528705" t="ему"><v><l id="206541" t="он"><g v="NPRO"></g><g v="masc"></g><g v="3per"></g><g v="Anph"></g><g v="sing"></g><g v="datv"></g></l></v><v><l id="206649" t="оно"><g v="NPRO"></g><g v="neut"></g><g v="3per"></g><g v="Anph"></g><g v="sing"></g><g v="datv"></g></l></v></tfr></token><token id="155451" text="удастся"><tfr rev_id="990266" t="удастся"><v><l id="354717" t="удался"><g v="VERB"></g><g v="perf"></g><g v="intr"></g><g v="sing"></g><g v="3per"></g><g v="futr"></g><g v="indc"></g></l></v></tfr></token><token id="155452" text="за"><tfr rev_id="990267" t="за"><v><l id="98043" t="за"><g v="PREP"></g></l></v></tfr></token><token id="155453" text="время"><tfr rev_id="4213317" t="время"><v><l id="53149" t="время"><g v="NOUN"></g><g v="inan"></g><g v="neut"></g><g v="sing"></g><g v="accs"></g></l></v></tfr></token><token id="155454" text="председательства"><tfr rev_id="3496329" t="председательства"><v><l id="267018" t="председательство"><g v="NOUN"></g><g v="inan"></g><g v="neut"></g><g v="sing"></g><g v="gent"></g></l></v></tfr></token><token id="155455" text="в"><tfr rev_id="990270" t="в"><v><l id="37409" t="в"><g v="PREP"></g></l></v></tfr></token><token id="155456" text="G-20"><tfr rev_id="990271" t="G-20"><v><l id="0" t="G-20"><g v="UNKN"></g></l></v></tfr></token><token id="155457" text="провести"><tfr rev_id="990272" t="провести"><v><l id="277831" t="провести"><g v="INFN"></g><g v="perf"></g><g v="tran"></g></l></v></tfr></token><token id="155458" text="целый"><tfr rev_id="990273" t="целый"><v><l id="373212" t="целый"><g v="ADJF"></g><g v="Qual"></g><g v="masc"></g><g v="sing"></g><g v="nomn"></g></l></v><v><l id="373212" t="целый"><g v="ADJF"></g><g v="Qual"></g><g v="inan"></g><g v="masc"></g><g v="sing"></g><g v="accs"></g></l></v></tfr></token><token id="155459" text="ряд"><tfr rev_id="4364085" t="ряд"><v><l id="311045" t="ряд"><g v="NOUN"></g><g v="inan"></g><g v="masc"></g><g v="sing"></g><g v="accs"></g></l></v></tfr></token><token id="155460" text="реформ"><tfr rev_id="990275" t="реформ"><v><l id="307130" t="реформа"><g v="NOUN"></g><g v="inan"></g><g v="femn"></g><g v="plur"></g><g v="gent"></g></l></v></tfr></token><token id="155461" text="."><tfr rev_id="990276" t="."><v><l id="0" t="."><g v="PNCT"></g></l></v></tfr></token></tokens></sentence></paragraph></paragraphs></text>