<?xml version="1.0" encoding="utf-8"?><text id="1184" parent="226" name="19178 Сбербанк выполняет обещания"><tags><tag>url:http://www.chaskor.ru/news/sberbank_vypolnyaet_obeshchaniya_19178</tag><tag>Год:2010</tag><tag>Дата:18/08</tag><tag>Тема:ЧасКор:Экономика</tag><tag>Тема:ЧасКор:Экономика/Финансы</tag></tags><paragraphs><paragraph id="11084"><sentence id="34746"><source>Сбербанк выполняет обещания</source><tokens><token id="620685" text="Сбербанк"><tfr rev_id="4214091" t="Сбербанк"><v><l id="314169" t="сбербанк"><g v="NOUN"></g><g v="inan"></g><g v="masc"></g><g v="sing"></g><g v="nomn"></g></l></v></tfr></token><token id="620686" text="выполняет"><tfr rev_id="1452932" t="выполняет"><v><l id="60636" t="выполняю"><g v="VERB"></g><g v="impf"></g><g v="tran"></g><g v="sing"></g><g v="3per"></g><g v="pres"></g><g v="indc"></g></l></v></tfr></token><token id="620687" text="обещания"><tfr rev_id="3794603" t="обещания"><v><l id="195054" t="обещание"><g v="NOUN"></g><g v="inan"></g><g v="neut"></g><g v="plur"></g><g v="accs"></g></l></v></tfr></token></tokens></sentence><sentence id="34747"><source>Кредитная организация снижает ставки по рублёвым вкладам.</source><tokens><token id="620688" text="Кредитная"><tfr rev_id="1452934" t="Кредитная"><v><l id="142169" t="кредитный"><g v="ADJF"></g><g v="Qual"></g><g v="femn"></g><g v="sing"></g><g v="nomn"></g></l></v></tfr></token><token id="620689" text="организация"><tfr rev_id="1452935" t="организация"><v><l id="208750" t="организация"><g v="NOUN"></g><g v="inan"></g><g v="femn"></g><g v="sing"></g><g v="nomn"></g></l></v></tfr></token><token id="620690" text="снижает"><tfr rev_id="1452936" t="снижает"><v><l id="327343" t="снижаю"><g v="VERB"></g><g v="impf"></g><g v="tran"></g><g v="sing"></g><g v="3per"></g><g v="pres"></g><g v="indc"></g></l></v></tfr></token><token id="620691" text="ставки"><tfr rev_id="4280812" t="ставки"><v><l id="334334" t="ставка"><g v="NOUN"></g><g v="inan"></g><g v="femn"></g><g v="plur"></g><g v="accs"></g></l></v></tfr></token><token id="620692" text="по"><tfr rev_id="1452938" t="по"><v><l id="241240" t="по"><g v="PREP"></g></l></v></tfr></token><token id="620693" text="рублёвым"><tfr rev_id="3472884" t="рублёвым"><v><l id="309732" t="рублёвый"><g v="ADJF"></g><g v="plur"></g><g v="datv"></g></l></v></tfr></token><token id="620694" text="вкладам"><tfr rev_id="1452940" t="вкладам"><v><l id="46109" t="вклад"><g v="NOUN"></g><g v="inan"></g><g v="masc"></g><g v="plur"></g><g v="datv"></g></l></v></tfr></token><token id="620695" text="."><tfr rev_id="1452941" t="."><v><l id="0" t="."><g v="PNCT"></g></l></v></tfr></token></tokens></sentence></paragraph><paragraph id="11085"><sentence id="34748"><source>Со второй половины августа Сбербанк принял решение понизить процентные ставки по рублёвым депозитам для физических лиц.</source><tokens><token id="620696" text="Со"><tfr rev_id="2919212" t="Со"><v><l id="311151" t="с"><g v="PREP"></g><g v="Vpre"></g></l></v></tfr></token><token id="620697" text="второй"><tfr rev_id="4404195" t="второй"><v><l id="55043" t="второй"><g v="ADJF"></g><g v="Anum"></g><g v="femn"></g><g v="sing"></g><g v="gent"></g></l></v></tfr></token><token id="620698" text="половины"><tfr rev_id="4165536" t="половины"><v><l id="256181" t="половина"><g v="NOUN"></g><g v="inan"></g><g v="femn"></g><g v="sing"></g><g v="gent"></g></l></v></tfr></token><token id="620699" text="августа"><tfr rev_id="3494348" t="августа"><v><l id="2368" t="август"><g v="NOUN"></g><g v="inan"></g><g v="masc"></g><g v="sing"></g><g v="gent"></g></l></v></tfr></token><token id="620700" text="Сбербанк"><tfr rev_id="4102899" t="Сбербанк"><v><l id="314169" t="сбербанк"><g v="NOUN"></g><g v="inan"></g><g v="masc"></g><g v="sing"></g><g v="nomn"></g></l></v></tfr></token><token id="620701" text="принял"><tfr rev_id="1452947" t="принял"><v><l id="272700" t="принял"><g v="VERB"></g><g v="perf"></g><g v="tran"></g><g v="masc"></g><g v="sing"></g><g v="past"></g><g v="indc"></g></l></v></tfr></token><token id="620702" text="решение"><tfr rev_id="1452948" t="решение"><v><l id="307350" t="решение"><g v="NOUN"></g><g v="inan"></g><g v="neut"></g><g v="sing"></g><g v="nomn"></g></l></v><v><l id="307350" t="решение"><g v="NOUN"></g><g v="inan"></g><g v="neut"></g><g v="sing"></g><g v="accs"></g></l></v></tfr></token><token id="620703" text="понизить"><tfr rev_id="1452949" t="понизить"><v><l id="258431" t="понизить"><g v="INFN"></g><g v="perf"></g><g v="tran"></g></l></v></tfr></token><token id="620704" text="процентные"><tfr rev_id="4542124" t="процентные"><v><l id="287357" t="процентный"><g v="ADJF"></g><g v="inan"></g><g v="plur"></g><g v="accs"></g></l></v></tfr></token><token id="620705" text="ставки"><tfr rev_id="3812681" t="ставки"><v><l id="334334" t="ставка"><g v="NOUN"></g><g v="inan"></g><g v="femn"></g><g v="plur"></g><g v="accs"></g></l></v></tfr></token><token id="620706" text="по"><tfr rev_id="1452952" t="по"><v><l id="241240" t="по"><g v="PREP"></g></l></v></tfr></token><token id="620707" text="рублёвым"><tfr rev_id="3349655" t="рублёвым"><v><l id="309732" t="рублёвый"><g v="ADJF"></g><g v="plur"></g><g v="datv"></g></l></v></tfr></token><token id="620708" text="депозитам"><tfr rev_id="1452954" t="депозитам"><v><l id="81469" t="депозит"><g v="NOUN"></g><g v="inan"></g><g v="masc"></g><g v="plur"></g><g v="datv"></g></l></v></tfr></token><token id="620709" text="для"><tfr rev_id="3442294" t="для"><v><l id="85032" t="для"><g v="PREP"></g></l></v></tfr></token><token id="620710" text="физических"><tfr rev_id="4357537" t="физических"><v><l id="365737" t="физический"><g v="ADJF"></g><g v="plur"></g><g v="gent"></g></l></v></tfr></token><token id="620711" text="лиц"><tfr rev_id="4377496" t="лиц"><v><l id="150189" t="лицо"><g v="NOUN"></g><g v="anim"></g><g v="neut"></g><g v="plur"></g><g v="gent"></g></l></v></tfr></token><token id="620712" text="."><tfr rev_id="1452958" t="."><v><l id="0" t="."><g v="PNCT"></g></l></v></tfr></token></tokens></sentence><sentence id="34749"><source>Как сообщает  «Лента.ру», упомянутые банковские показатели были сокращены на 0,6—1,75% в зависимости от типа и срока вклада.</source><tokens><token id="620713" text="Как"><tfr rev_id="1452959" t="Как"><v><l id="128190" t="как"><g v="CONJ"></g></l></v><v><l id="128191" t="как"><g v="PRCL"></g></l></v><v><l id="128192" t="как"><g v="ADVB"></g><g v="Ques"></g></l></v></tfr></token><token id="620714" text="сообщает"><tfr rev_id="1452960" t="сообщает"><v><l id="329538" t="сообщаю"><g v="VERB"></g><g v="impf"></g><g v="tran"></g><g v="sing"></g><g v="3per"></g><g v="pres"></g><g v="indc"></g></l></v></tfr></token><token id="620715" text="«"><tfr rev_id="2444311" t="«"><v><l id="0" t="«"><g v="PNCT"></g></l></v></tfr></token><token id="620716" text="Лента.ру"><tfr rev_id="4568254" t="Лента.ру"><v><l id="393363" t="лента.ру"><g v="NOUN"></g><g v="inan"></g><g v="femn"></g><g v="Sgtm"></g><g v="Orgn"></g><g v="sing"></g><g v="nomn"></g></l></v></tfr></token><token id="620717" text="»"><tfr rev_id="2444312" t="»"><v><l id="0" t="»"><g v="PNCT"></g></l></v></tfr></token><token id="620718" text=","><tfr rev_id="1452964" t=","><v><l id="0" t=","><g v="PNCT"></g></l></v></tfr></token><token id="620719" text="упомянутые"><tfr rev_id="1452965" t="упомянутые"><v><l id="359105" t="упомянутый"><g v="PRTF"></g><g v="perf"></g><g v="tran"></g><g v="past"></g><g v="pssv"></g><g v="plur"></g><g v="nomn"></g></l></v><v><l id="359105" t="упомянутый"><g v="PRTF"></g><g v="perf"></g><g v="tran"></g><g v="past"></g><g v="pssv"></g><g v="inan"></g><g v="plur"></g><g v="accs"></g></l></v></tfr></token><token id="620720" text="банковские"><tfr rev_id="3816138" t="банковские"><v><l id="23592" t="банковский"><g v="ADJF"></g><g v="plur"></g><g v="nomn"></g></l></v></tfr></token><token id="620721" text="показатели"><tfr rev_id="3757233" t="показатели"><v><l id="253977" t="показатель"><g v="NOUN"></g><g v="inan"></g><g v="masc"></g><g v="plur"></g><g v="nomn"></g></l></v></tfr></token><token id="620722" text="были"><tfr rev_id="1714634" t="были"><v><l id="37265" t="есть"><g v="VERB"></g><g v="impf"></g><g v="intr"></g><g v="plur"></g><g v="past"></g><g v="indc"></g></l></v></tfr></token><token id="620723" text="сокращены"><tfr rev_id="1452969" t="сокращены"><v><l id="328822" t="сокращён"><g v="PRTS"></g><g v="perf"></g><g v="past"></g><g v="pssv"></g><g v="plur"></g></l></v></tfr></token><token id="620724" text="на"><tfr rev_id="3338695" t="на"><v><l id="166264" t="на"><g v="PREP"></g></l></v></tfr></token><token id="620725" text="0,6"><tfr rev_id="2461951" t="0,6"><v><l id="0" t="0,6"><g v="NUMB"></g></l></v></tfr></token><token id="620726" text="—"><tfr rev_id="2444313" t="—"><v><l id="0" t="—"><g v="PNCT"></g></l></v></tfr></token><token id="620727" text="1,75"><tfr rev_id="2461952" t="1,75"><v><l id="0" t="1,75"><g v="NUMB"></g></l></v></tfr></token><token id="620728" text="%"><tfr rev_id="2444314" t="%"><v><l id="0" t="%"><g v="PNCT"></g></l></v></tfr></token><token id="620729" text="в"><tfr rev_id="1452975" t="в"><v><l id="37409" t="в"><g v="PREP"></g></l></v></tfr></token><token id="620730" text="зависимости"><tfr rev_id="4286329" t="зависимости"><v><l id="99672" t="зависимость"><g v="NOUN"></g><g v="inan"></g><g v="femn"></g><g v="sing"></g><g v="loct"></g></l></v></tfr></token><token id="620731" text="от"><tfr rev_id="1452977" t="от"><v><l id="211644" t="от"><g v="PREP"></g></l></v></tfr></token><token id="620732" text="типа"><tfr rev_id="4282365" t="типа"><v><l id="346277" t="тип"><g v="NOUN"></g><g v="inan"></g><g v="masc"></g><g v="sing"></g><g v="gent"></g></l></v></tfr></token><token id="620733" text="и"><tfr rev_id="1452979" t="и"><v><l id="116949" t="и"><g v="CONJ"></g></l></v><v><l id="116950" t="и"><g v="INTJ"></g></l></v></tfr></token><token id="620734" text="срока"><tfr rev_id="1452980" t="срока"><v><l id="333848" t="срок"><g v="NOUN"></g><g v="inan"></g><g v="masc"></g><g v="sing"></g><g v="gen1"></g></l></v></tfr></token><token id="620735" text="вклада"><tfr rev_id="1452981" t="вклада"><v><l id="46109" t="вклад"><g v="NOUN"></g><g v="inan"></g><g v="masc"></g><g v="sing"></g><g v="gent"></g></l></v></tfr></token><token id="620736" text="."><tfr rev_id="1452982" t="."><v><l id="0" t="."><g v="PNCT"></g></l></v></tfr></token></tokens></sentence><sentence id="34750"><source>Руководство кредитной организации объясняет свою инициативу «значительным снижением уровня инфляции в экономике в сочетании с низким спросом на кредитные ресурсы и рекордным ростом объёма вкладов населения в банковской системе России».</source><tokens><token id="620737" text="Руководство"><tfr rev_id="1452983" t="Руководство"><v><l id="310004" t="руководство"><g v="NOUN"></g><g v="inan"></g><g v="neut"></g><g v="sing"></g><g v="nomn"></g></l></v><v><l id="310004" t="руководство"><g v="NOUN"></g><g v="inan"></g><g v="neut"></g><g v="sing"></g><g v="accs"></g></l></v></tfr></token><token id="620738" text="кредитной"><tfr rev_id="3431454" t="кредитной"><v><l id="142169" t="кредитный"><g v="ADJF"></g><g v="Qual"></g><g v="femn"></g><g v="sing"></g><g v="gent"></g></l></v></tfr></token><token id="620739" text="организации"><tfr rev_id="4343759" t="организации"><v><l id="208750" t="организация"><g v="NOUN"></g><g v="inan"></g><g v="femn"></g><g v="sing"></g><g v="gent"></g></l></v></tfr></token><token id="620740" text="объясняет"><tfr rev_id="1452986" t="объясняет"><v><l id="201933" t="объясняю"><g v="VERB"></g><g v="impf"></g><g v="tran"></g><g v="sing"></g><g v="3per"></g><g v="pres"></g><g v="indc"></g></l></v></tfr></token><token id="620741" text="свою"><tfr rev_id="3632253" t="свою"><v><l id="316379" t="свой"><g v="ADJF"></g><g v="Apro"></g><g v="Anph"></g><g v="femn"></g><g v="sing"></g><g v="accs"></g></l></v></tfr></token><token id="620742" text="инициативу"><tfr rev_id="1452988" t="инициативу"><v><l id="122496" t="инициатива"><g v="NOUN"></g><g v="inan"></g><g v="femn"></g><g v="sing"></g><g v="accs"></g></l></v></tfr></token><token id="620743" text="«"><tfr rev_id="2444315" t="«"><v><l id="0" t="«"><g v="PNCT"></g></l></v></tfr></token><token id="620744" text="значительным"><tfr rev_id="4207672" t="значительным"><v><l id="116026" t="значительный"><g v="ADJF"></g><g v="Qual"></g><g v="neut"></g><g v="sing"></g><g v="ablt"></g></l></v></tfr></token><token id="620745" text="снижением"><tfr rev_id="1452991" t="снижением"><v><l id="327355" t="снижение"><g v="NOUN"></g><g v="inan"></g><g v="neut"></g><g v="sing"></g><g v="ablt"></g></l></v></tfr></token><token id="620746" text="уровня"><tfr rev_id="1452992" t="уровня"><v><l id="359953" t="уровень"><g v="NOUN"></g><g v="inan"></g><g v="masc"></g><g v="sing"></g><g v="gent"></g></l></v></tfr></token><token id="620747" text="инфляции"><tfr rev_id="4177385" t="инфляции"><v><l id="123553" t="инфляция"><g v="NOUN"></g><g v="inan"></g><g v="femn"></g><g v="sing"></g><g v="gent"></g></l></v></tfr></token><token id="620748" text="в"><tfr rev_id="1452994" t="в"><v><l id="37409" t="в"><g v="PREP"></g></l></v></tfr></token><token id="620749" text="экономике"><tfr rev_id="3447717" t="экономике"><v><l id="383340" t="экономика"><g v="NOUN"></g><g v="inan"></g><g v="femn"></g><g v="sing"></g><g v="loct"></g></l></v></tfr></token><token id="620750" text="в"><tfr rev_id="1452996" t="в"><v><l id="37409" t="в"><g v="PREP"></g></l></v></tfr></token><token id="620751" text="сочетании"><tfr rev_id="1452997" t="сочетании"><v><l id="331099" t="сочетание"><g v="NOUN"></g><g v="inan"></g><g v="neut"></g><g v="sing"></g><g v="loct"></g></l></v></tfr></token><token id="620752" text="с"><tfr rev_id="1452998" t="с"><v><l id="311151" t="с"><g v="PREP"></g></l></v></tfr></token><token id="620753" text="низким"><tfr rev_id="4370459" t="низким"><v><l id="190662" t="низкий"><g v="ADJF"></g><g v="Qual"></g><g v="masc"></g><g v="sing"></g><g v="ablt"></g></l></v></tfr></token><token id="620754" text="спросом"><tfr rev_id="1453000" t="спросом"><v><l id="333053" t="спрос"><g v="NOUN"></g><g v="inan"></g><g v="masc"></g><g v="sing"></g><g v="ablt"></g></l></v></tfr></token><token id="620755" text="на"><tfr rev_id="3394799" t="на"><v><l id="166264" t="на"><g v="PREP"></g></l></v></tfr></token><token id="620756" text="кредитные"><tfr rev_id="3793561" t="кредитные"><v><l id="142169" t="кредитный"><g v="ADJF"></g><g v="Qual"></g><g v="inan"></g><g v="plur"></g><g v="accs"></g></l></v></tfr></token><token id="620757" text="ресурсы"><tfr rev_id="3727455" t="ресурсы"><v><l id="306872" t="ресурс"><g v="NOUN"></g><g v="inan"></g><g v="masc"></g><g v="plur"></g><g v="accs"></g></l></v></tfr></token><token id="620758" text="и"><tfr rev_id="4199993" t="и"><v><l id="116949" t="и"><g v="CONJ"></g></l></v></tfr></token><token id="620759" text="рекордным"><tfr rev_id="4172136" t="рекордным"><v><l id="305804" t="рекордный"><g v="ADJF"></g><g v="Qual"></g><g v="masc"></g><g v="sing"></g><g v="ablt"></g></l></v></tfr></token><token id="620760" text="ростом"><tfr rev_id="1453006" t="ростом"><v><l id="309343" t="рост"><g v="NOUN"></g><g v="inan"></g><g v="masc"></g><g v="sing"></g><g v="ablt"></g></l></v></tfr></token><token id="620761" text="объёма"><tfr rev_id="1453007" t="объёма"><v><l id="201701" t="объём"><g v="NOUN"></g><g v="inan"></g><g v="masc"></g><g v="sing"></g><g v="gent"></g></l></v></tfr></token><token id="620762" text="вкладов"><tfr rev_id="1453008" t="вкладов"><v><l id="46109" t="вклад"><g v="NOUN"></g><g v="inan"></g><g v="masc"></g><g v="plur"></g><g v="gent"></g></l></v></tfr></token><token id="620763" text="населения"><tfr rev_id="3462998" t="населения"><v><l id="175227" t="население"><g v="NOUN"></g><g v="inan"></g><g v="neut"></g><g v="sing"></g><g v="gent"></g></l></v></tfr></token><token id="620764" text="в"><tfr rev_id="1453010" t="в"><v><l id="37409" t="в"><g v="PREP"></g></l></v></tfr></token><token id="620765" text="банковской"><tfr rev_id="4423823" t="банковской"><v><l id="23592" t="банковский"><g v="ADJF"></g><g v="femn"></g><g v="sing"></g><g v="loct"></g></l></v></tfr></token><token id="620766" text="системе"><tfr rev_id="3551881" t="системе"><v><l id="321350" t="система"><g v="NOUN"></g><g v="inan"></g><g v="femn"></g><g v="sing"></g><g v="loct"></g></l></v></tfr></token><token id="620767" text="России"><tfr rev_id="2627724" t="России"><v><l id="309322" t="россия"><g v="NOUN"></g><g v="inan"></g><g v="femn"></g><g v="Sgtm"></g><g v="Geox"></g><g v="sing"></g><g v="gent"></g></l></v></tfr></token><token id="620768" text="»"><tfr rev_id="2444316" t="»"><v><l id="0" t="»"><g v="PNCT"></g></l></v></tfr></token><token id="620769" text="."><tfr rev_id="1453015" t="."><v><l id="0" t="."><g v="PNCT"></g></l></v></tfr></token></tokens></sentence><sentence id="34751"><source>Другими словами, крупнейший банк страны, доля которого на рынке вкладов достигла почти половины, может себе позволить в нынешних экономических условиях понизить коэффициент по рублёвым вкладам.</source><tokens><token id="620770" text="Другими"><tfr rev_id="3562722" t="Другими"><v><l id="92342" t="другой"><g v="ADJF"></g><g v="Apro"></g><g v="Subx"></g><g v="plur"></g><g v="ablt"></g></l></v></tfr></token><token id="620771" text="словами"><tfr rev_id="1453017" t="словами"><v><l id="325168" t="слово"><g v="NOUN"></g><g v="inan"></g><g v="neut"></g><g v="plur"></g><g v="ablt"></g></l></v></tfr></token><token id="620772" text=","><tfr rev_id="1453018" t=","><v><l id="0" t=","><g v="PNCT"></g></l></v></tfr></token><token id="620773" text="крупнейший"><tfr rev_id="1453019" t="крупнейший"><v><l id="143764" t="крупнейший"><g v="ADJF"></g><g v="Supr"></g><g v="Qual"></g><g v="masc"></g><g v="sing"></g><g v="nomn"></g></l></v><v><l id="143764" t="крупнейший"><g v="ADJF"></g><g v="Supr"></g><g v="Qual"></g><g v="inan"></g><g v="masc"></g><g v="sing"></g><g v="accs"></g></l></v></tfr></token><token id="620774" text="банк"><tfr rev_id="1453020" t="банк"><v><l id="23569" t="банк"><g v="NOUN"></g><g v="inan"></g><g v="masc"></g><g v="sing"></g><g v="nomn"></g></l></v><v><l id="23569" t="банк"><g v="NOUN"></g><g v="inan"></g><g v="masc"></g><g v="sing"></g><g v="accs"></g></l></v></tfr></token><token id="620775" text="страны"><tfr rev_id="2761380" t="страны"><v><l id="337100" t="страна"><g v="NOUN"></g><g v="inan"></g><g v="femn"></g><g v="sing"></g><g v="gent"></g></l></v></tfr></token><token id="620776" text=","><tfr rev_id="1453022" t=","><v><l id="0" t=","><g v="PNCT"></g></l></v></tfr></token><token id="620777" text="доля"><tfr rev_id="1453023" t="доля"><v><l id="88151" t="доля"><g v="NOUN"></g><g v="inan"></g><g v="femn"></g><g v="sing"></g><g v="nomn"></g></l></v></tfr></token><token id="620778" text="которого"><tfr rev_id="3638360" t="которого"><v><l id="141203" t="который"><g v="ADJF"></g><g v="Apro"></g><g v="Subx"></g><g v="Anph"></g><g v="masc"></g><g v="sing"></g><g v="gent"></g></l></v><v><l id="141203" t="который"><g v="ADJF"></g><g v="Apro"></g><g v="Subx"></g><g v="Anph"></g><g v="anim"></g><g v="masc"></g><g v="sing"></g><g v="accs"></g></l></v></tfr></token><token id="620779" text="на"><tfr rev_id="3343036" t="на"><v><l id="166264" t="на"><g v="PREP"></g></l></v></tfr></token><token id="620780" text="рынке"><tfr rev_id="1453026" t="рынке"><v><l id="310781" t="рынок"><g v="NOUN"></g><g v="inan"></g><g v="masc"></g><g v="sing"></g><g v="loct"></g></l></v></tfr></token><token id="620781" text="вкладов"><tfr rev_id="1453027" t="вкладов"><v><l id="46109" t="вклад"><g v="NOUN"></g><g v="inan"></g><g v="masc"></g><g v="plur"></g><g v="gent"></g></l></v></tfr></token><token id="620782" text="достигла"><tfr rev_id="1453028" t="достигла"><v><l id="90519" t="достиг"><g v="VERB"></g><g v="perf"></g><g v="tran"></g><g v="femn"></g><g v="sing"></g><g v="past"></g><g v="indc"></g></l></v></tfr></token><token id="620783" text="почти"><tfr rev_id="2691484" t="почти"><v><l id="264793" t="почёл"><g v="VERB"></g><g v="perf"></g><g v="tran"></g><g v="sing"></g><g v="impr"></g><g v="excl"></g></l></v><v><l id="265002" t="почти"><g v="ADVB"></g></l></v><v><l id="265008" t="почтил"><g v="VERB"></g><g v="perf"></g><g v="tran"></g><g v="sing"></g><g v="impr"></g><g v="excl"></g></l></v><v><l id="388672" t="почти"><g v="PRCL"></g></l></v></tfr></token><token id="620784" text="половины"><tfr rev_id="4341939" t="половины"><v><l id="256181" t="половина"><g v="NOUN"></g><g v="inan"></g><g v="femn"></g><g v="sing"></g><g v="gent"></g></l></v></tfr></token><token id="620785" text=","><tfr rev_id="1453031" t=","><v><l id="0" t=","><g v="PNCT"></g></l></v></tfr></token><token id="620786" text="может"><tfr rev_id="4213555" t="может"><v><l id="164485" t="могу"><g v="VERB"></g><g v="impf"></g><g v="intr"></g><g v="sing"></g><g v="3per"></g><g v="pres"></g><g v="indc"></g></l></v></tfr></token><token id="620787" text="себе"><tfr rev_id="4399286" t="себе"><v><l id="317456" t="себя"><g v="NPRO"></g><g v="Anph"></g><g v="sing"></g><g v="datv"></g></l></v></tfr></token><token id="620788" text="позволить"><tfr rev_id="1453034" t="позволить"><v><l id="253426" t="позволить"><g v="INFN"></g><g v="perf"></g><g v="tran"></g></l></v></tfr></token><token id="620789" text="в"><tfr rev_id="1453035" t="в"><v><l id="37409" t="в"><g v="PREP"></g></l></v></tfr></token><token id="620790" text="нынешних"><tfr rev_id="3671114" t="нынешних"><v><l id="192793" t="нынешний"><g v="ADJF"></g><g v="plur"></g><g v="loct"></g></l></v></tfr></token><token id="620791" text="экономических"><tfr rev_id="3824215" t="экономических"><v><l id="383364" t="экономический"><g v="ADJF"></g><g v="plur"></g><g v="loct"></g></l></v></tfr></token><token id="620792" text="условиях"><tfr rev_id="1453038" t="условиях"><v><l id="360556" t="условие"><g v="NOUN"></g><g v="inan"></g><g v="neut"></g><g v="plur"></g><g v="loct"></g></l></v></tfr></token><token id="620793" text="понизить"><tfr rev_id="1453039" t="понизить"><v><l id="258431" t="понизить"><g v="INFN"></g><g v="perf"></g><g v="tran"></g></l></v></tfr></token><token id="620794" text="коэффициент"><tfr rev_id="1453040" t="коэффициент"><v><l id="141443" t="коэффициент"><g v="NOUN"></g><g v="inan"></g><g v="masc"></g><g v="sing"></g><g v="nomn"></g></l></v><v><l id="141443" t="коэффициент"><g v="NOUN"></g><g v="inan"></g><g v="masc"></g><g v="sing"></g><g v="accs"></g></l></v></tfr></token><token id="620795" text="по"><tfr rev_id="1453041" t="по"><v><l id="241240" t="по"><g v="PREP"></g></l></v></tfr></token><token id="620796" text="рублёвым"><tfr rev_id="3668469" t="рублёвым"><v><l id="309732" t="рублёвый"><g v="ADJF"></g><g v="plur"></g><g v="datv"></g></l></v></tfr></token><token id="620797" text="вкладам"><tfr rev_id="1453043" t="вкладам"><v><l id="46109" t="вклад"><g v="NOUN"></g><g v="inan"></g><g v="masc"></g><g v="plur"></g><g v="datv"></g></l></v></tfr></token><token id="620798" text="."><tfr rev_id="1453044" t="."><v><l id="0" t="."><g v="PNCT"></g></l></v></tfr></token></tokens></sentence></paragraph><paragraph id="11086"><sentence id="34752"><source>Сообщается также, что за первые семь месяцев 2010 года объём вкладов россиян в Сбербанке увеличился на 450 млрд рублей против 255-миллиардного прироста за аналогичный период в минувшем году.</source><tokens><token id="620799" text="Сообщается"><tfr rev_id="1453045" t="Сообщается"><v><l id="329545" t="сообщаюсь"><g v="VERB"></g><g v="impf"></g><g v="intr"></g><g v="sing"></g><g v="3per"></g><g v="pres"></g><g v="indc"></g></l></v></tfr></token><token id="620800" text="также"><tfr rev_id="4267755" t="также"><v><l id="342482" t="также"><g v="PRCL"></g></l></v></tfr></token><token id="620801" text=","><tfr rev_id="1453047" t=","><v><l id="0" t=","><g v="PNCT"></g></l></v></tfr></token><token id="620802" text="что"><tfr rev_id="3196982" t="что"><v><l id="377004" t="что"><g v="CONJ"></g></l></v><v><l id="377005" t="что"><g v="NPRO"></g><g v="neut"></g><g v="sing"></g><g v="nomn"></g></l></v><v><l id="377005" t="что"><g v="NPRO"></g><g v="neut"></g><g v="sing"></g><g v="accs"></g></l></v><v><l id="377006" t="что"><g v="ADVB"></g><g v="Ques"></g></l></v><v><l id="388695" t="что"><g v="PRCL"></g></l></v></tfr></token><token id="620803" text="за"><tfr rev_id="1453049" t="за"><v><l id="98043" t="за"><g v="PREP"></g></l></v></tfr></token><token id="620804" text="первые"><tfr rev_id="4151424" t="первые"><v><l id="226359" t="первый"><g v="ADJF"></g><g v="Anum"></g><g v="plur"></g><g v="nomn"></g></l></v><v><l id="226359" t="первый"><g v="ADJF"></g><g v="Anum"></g><g v="inan"></g><g v="plur"></g><g v="accs"></g></l></v></tfr></token><token id="620805" text="семь"><tfr rev_id="1453051" t="семь"><v><l id="318656" t="семь"><g v="NUMR"></g><g v="nomn"></g></l></v><v><l id="318656" t="семь"><g v="NUMR"></g><g v="accs"></g></l></v></tfr></token><token id="620806" text="месяцев"><tfr rev_id="1453052" t="месяцев"><v><l id="158841" t="месяц"><g v="NOUN"></g><g v="inan"></g><g v="masc"></g><g v="plur"></g><g v="gent"></g></l></v></tfr></token><token id="620807" text="2010"><tfr rev_id="2461953" t="2010"><v><l id="0" t="2010"><g v="NUMB"></g></l></v></tfr></token><token id="620808" text="года"><tfr rev_id="3490221" t="года"><v><l id="72149" t="год"><g v="NOUN"></g><g v="inan"></g><g v="masc"></g><g v="sing"></g><g v="gen1"></g></l></v></tfr></token><token id="620809" text="объём"><tfr rev_id="4381058" t="объём"><v><l id="201701" t="объём"><g v="NOUN"></g><g v="inan"></g><g v="masc"></g><g v="sing"></g><g v="nomn"></g></l></v></tfr></token><token id="620810" text="вкладов"><tfr rev_id="1453056" t="вкладов"><v><l id="46109" t="вклад"><g v="NOUN"></g><g v="inan"></g><g v="masc"></g><g v="plur"></g><g v="gent"></g></l></v></tfr></token><token id="620811" text="россиян"><tfr rev_id="4383094" t="россиян"><v><l id="309323" t="россиянин"><g v="NOUN"></g><g v="anim"></g><g v="masc"></g><g v="plur"></g><g v="gent"></g></l></v></tfr></token><token id="620812" text="в"><tfr rev_id="1453058" t="в"><v><l id="37409" t="в"><g v="PREP"></g></l></v></tfr></token><token id="620813" text="Сбербанке"><tfr rev_id="1453059" t="Сбербанке"><v><l id="314169" t="сбербанк"><g v="NOUN"></g><g v="inan"></g><g v="masc"></g><g v="sing"></g><g v="loct"></g></l></v></tfr></token><token id="620814" text="увеличился"><tfr rev_id="1453060" t="увеличился"><v><l id="353402" t="увеличился"><g v="VERB"></g><g v="perf"></g><g v="intr"></g><g v="masc"></g><g v="sing"></g><g v="past"></g><g v="indc"></g></l></v></tfr></token><token id="620815" text="на"><tfr rev_id="3339088" t="на"><v><l id="166264" t="на"><g v="PREP"></g></l></v></tfr></token><token id="620816" text="450"><tfr rev_id="2461954" t="450"><v><l id="0" t="450"><g v="NUMB"></g></l></v></tfr></token><token id="620817" text="млрд"><tfr rev_id="4178961" t="млрд"><v><l id="389048" t="млрд"><g v="NOUN"></g><g v="inan"></g><g v="masc"></g><g v="Fixd"></g><g v="Abbr"></g><g v="plur"></g><g v="gent"></g></l></v></tfr></token><token id="620818" text="рублей"><tfr rev_id="1453064" t="рублей"><v><l id="309744" t="рубль"><g v="NOUN"></g><g v="inan"></g><g v="masc"></g><g v="plur"></g><g v="gent"></g></l></v></tfr></token><token id="620819" text="против"><tfr rev_id="4485349" t="против"><v><l id="285790" t="против"><g v="PREP"></g></l></v></tfr></token><token id="620820" text="255-миллиардного"><tfr rev_id="1453066" t="255-миллиардного"><v><l id="0" t="255-миллиардного"><g v="UNKN"></g></l></v></tfr></token><token id="620821" text="прироста"><tfr rev_id="1453067" t="прироста"><v><l id="273948" t="прирост"><g v="NOUN"></g><g v="inan"></g><g v="masc"></g><g v="sing"></g><g v="gent"></g></l></v></tfr></token><token id="620822" text="за"><tfr rev_id="1453068" t="за"><v><l id="98043" t="за"><g v="PREP"></g></l></v></tfr></token><token id="620823" text="аналогичный"><tfr rev_id="1453069" t="аналогичный"><v><l id="12239" t="аналогичный"><g v="ADJF"></g><g v="masc"></g><g v="sing"></g><g v="nomn"></g></l></v><v><l id="12239" t="аналогичный"><g v="ADJF"></g><g v="inan"></g><g v="masc"></g><g v="sing"></g><g v="accs"></g></l></v></tfr></token><token id="620824" text="период"><tfr rev_id="1453070" t="период"><v><l id="237159" t="период"><g v="NOUN"></g><g v="inan"></g><g v="masc"></g><g v="sing"></g><g v="nomn"></g></l></v><v><l id="237159" t="период"><g v="NOUN"></g><g v="inan"></g><g v="masc"></g><g v="sing"></g><g v="accs"></g></l></v></tfr></token><token id="620825" text="в"><tfr rev_id="1453071" t="в"><v><l id="37409" t="в"><g v="PREP"></g></l></v></tfr></token><token id="620826" text="минувшем"><tfr rev_id="4376174" t="минувшем"><v><l id="160723" t="минувший"><g v="ADJF"></g><g v="masc"></g><g v="sing"></g><g v="loct"></g></l></v></tfr></token><token id="620827" text="году"><tfr rev_id="3045783" t="году"><v><l id="72149" t="год"><g v="NOUN"></g><g v="inan"></g><g v="masc"></g><g v="sing"></g><g v="loc2"></g></l></v></tfr></token><token id="620828" text="."><tfr rev_id="1453074" t="."><v><l id="0" t="."><g v="PNCT"></g></l></v></tfr></token></tokens></sentence><sentence id="34753"><source>Кстати, эта кредитная организация с начала 2010 года уже неоднократно снижала ставки по рублёвым депозитам.</source><tokens><token id="620829" text="Кстати"><tfr rev_id="1453075" t="Кстати"><v><l id="144209" t="кстати"><g v="ADVB"></g></l></v><v><l id="144210" t="кстати"><g v="CONJ"></g><g v="Prnt"></g></l></v></tfr></token><token id="620830" text=","><tfr rev_id="1453076" t=","><v><l id="0" t=","><g v="PNCT"></g></l></v></tfr></token><token id="620831" text="эта"><tfr rev_id="4437203" t="эта"><v><l id="386581" t="этот"><g v="ADJF"></g><g v="Subx"></g><g v="Apro"></g><g v="Anph"></g><g v="femn"></g><g v="sing"></g><g v="nomn"></g></l></v></tfr></token><token id="620832" text="кредитная"><tfr rev_id="1453078" t="кредитная"><v><l id="142169" t="кредитный"><g v="ADJF"></g><g v="Qual"></g><g v="femn"></g><g v="sing"></g><g v="nomn"></g></l></v></tfr></token><token id="620833" text="организация"><tfr rev_id="1453079" t="организация"><v><l id="208750" t="организация"><g v="NOUN"></g><g v="inan"></g><g v="femn"></g><g v="sing"></g><g v="nomn"></g></l></v></tfr></token><token id="620834" text="с"><tfr rev_id="1453080" t="с"><v><l id="311151" t="с"><g v="PREP"></g></l></v></tfr></token><token id="620835" text="начала"><tfr rev_id="3547915" t="начала"><v><l id="178196" t="начало"><g v="NOUN"></g><g v="inan"></g><g v="neut"></g><g v="sing"></g><g v="gent"></g></l></v></tfr></token><token id="620836" text="2010"><tfr rev_id="2461955" t="2010"><v><l id="0" t="2010"><g v="NUMB"></g></l></v></tfr></token><token id="620837" text="года"><tfr rev_id="3415487" t="года"><v><l id="72149" t="год"><g v="NOUN"></g><g v="inan"></g><g v="masc"></g><g v="sing"></g><g v="gen1"></g></l></v></tfr></token><token id="620838" text="уже"><tfr rev_id="2692751" t="уже"><v><l id="355422" t="уж"><g v="NOUN"></g><g v="anim"></g><g v="masc"></g><g v="sing"></g><g v="loct"></g></l></v><v><l id="355498" t="уже"><g v="ADVB"></g></l></v><v><l id="355674" t="уже"><g v="COMP"></g><g v="Qual"></g></l></v><v><l id="388673" t="уже"><g v="PRCL"></g></l></v></tfr></token><token id="620839" text="неоднократно"><tfr rev_id="3526821" t="неоднократно"><v><l id="184937" t="неоднократно"><g v="ADVB"></g></l></v></tfr></token><token id="620840" text="снижала"><tfr rev_id="1453086" t="снижала"><v><l id="327343" t="снижаю"><g v="VERB"></g><g v="impf"></g><g v="tran"></g><g v="femn"></g><g v="sing"></g><g v="past"></g><g v="indc"></g></l></v></tfr></token><token id="620841" text="ставки"><tfr rev_id="3812682" t="ставки"><v><l id="334334" t="ставка"><g v="NOUN"></g><g v="inan"></g><g v="femn"></g><g v="plur"></g><g v="accs"></g></l></v></tfr></token><token id="620842" text="по"><tfr rev_id="1453088" t="по"><v><l id="241240" t="по"><g v="PREP"></g></l></v></tfr></token><token id="620843" text="рублёвым"><tfr rev_id="3668739" t="рублёвым"><v><l id="309732" t="рублёвый"><g v="ADJF"></g><g v="plur"></g><g v="datv"></g></l></v></tfr></token><token id="620844" text="депозитам"><tfr rev_id="1453090" t="депозитам"><v><l id="81469" t="депозит"><g v="NOUN"></g><g v="inan"></g><g v="masc"></g><g v="plur"></g><g v="datv"></g></l></v></tfr></token><token id="620845" text="."><tfr rev_id="1453091" t="."><v><l id="0" t="."><g v="PNCT"></g></l></v></tfr></token></tokens></sentence><sentence id="34754"><source>Не исключено, что нынешнее понижение станет не последним в текущем году.</source><tokens><token id="620846" text="Не"><tfr rev_id="1453092" t="Не"><v><l id="178876" t="не"><g v="PRCL"></g></l></v></tfr></token><token id="620847" text="исключено"><tfr rev_id="1453093" t="исключено"><v><l id="124368" t="исключён"><g v="PRTS"></g><g v="perf"></g><g v="past"></g><g v="pssv"></g><g v="neut"></g><g v="sing"></g></l></v></tfr></token><token id="620848" text=","><tfr rev_id="1453094" t=","><v><l id="0" t=","><g v="PNCT"></g></l></v></tfr></token><token id="620849" text="что"><tfr rev_id="3196983" t="что"><v><l id="377004" t="что"><g v="CONJ"></g></l></v><v><l id="377005" t="что"><g v="NPRO"></g><g v="neut"></g><g v="sing"></g><g v="nomn"></g></l></v><v><l id="377005" t="что"><g v="NPRO"></g><g v="neut"></g><g v="sing"></g><g v="accs"></g></l></v><v><l id="377006" t="что"><g v="ADVB"></g><g v="Ques"></g></l></v><v><l id="388695" t="что"><g v="PRCL"></g></l></v></tfr></token><token id="620850" text="нынешнее"><tfr rev_id="3810694" t="нынешнее"><v><l id="192793" t="нынешний"><g v="ADJF"></g><g v="neut"></g><g v="sing"></g><g v="nomn"></g></l></v><v><l id="192793" t="нынешний"><g v="ADJF"></g><g v="neut"></g><g v="sing"></g><g v="accs"></g></l></v></tfr></token><token id="620851" text="понижение"><tfr rev_id="1453097" t="понижение"><v><l id="258417" t="понижение"><g v="NOUN"></g><g v="inan"></g><g v="neut"></g><g v="sing"></g><g v="nomn"></g></l></v><v><l id="258417" t="понижение"><g v="NOUN"></g><g v="inan"></g><g v="neut"></g><g v="sing"></g><g v="accs"></g></l></v></tfr></token><token id="620852" text="станет"><tfr rev_id="1453098" t="станет"><v><l id="335164" t="стал"><g v="VERB"></g><g v="perf"></g><g v="intr"></g><g v="sing"></g><g v="3per"></g><g v="futr"></g><g v="indc"></g></l></v></tfr></token><token id="620853" text="не"><tfr rev_id="1453099" t="не"><v><l id="178876" t="не"><g v="PRCL"></g></l></v></tfr></token><token id="620854" text="последним"><tfr rev_id="4376702" t="последним"><v><l id="261565" t="последний"><g v="ADJF"></g><g v="neut"></g><g v="sing"></g><g v="ablt"></g></l></v></tfr></token><token id="620855" text="в"><tfr rev_id="1453101" t="в"><v><l id="37409" t="в"><g v="PREP"></g></l></v></tfr></token><token id="620856" text="текущем"><tfr rev_id="1453102" t="текущем"><v><l id="344075" t="текущий"><g v="ADJF"></g><g v="masc"></g><g v="sing"></g><g v="loct"></g></l></v><v><l id="344075" t="текущий"><g v="ADJF"></g><g v="neut"></g><g v="sing"></g><g v="loct"></g></l></v><v><l id="346014" t="текущий"><g v="PRTF"></g><g v="impf"></g><g v="intr"></g><g v="pres"></g><g v="actv"></g><g v="masc"></g><g v="sing"></g><g v="loct"></g></l></v><v><l id="346014" t="текущий"><g v="PRTF"></g><g v="impf"></g><g v="intr"></g><g v="pres"></g><g v="actv"></g><g v="neut"></g><g v="sing"></g><g v="loct"></g></l></v></tfr></token><token id="620857" text="году"><tfr rev_id="3045683" t="году"><v><l id="72149" t="год"><g v="NOUN"></g><g v="inan"></g><g v="masc"></g><g v="sing"></g><g v="loc2"></g></l></v></tfr></token><token id="620858" text="."><tfr rev_id="1453104" t="."><v><l id="0" t="."><g v="PNCT"></g></l></v></tfr></token></tokens></sentence></paragraph><paragraph id="11087"><sentence id="34755"><source>О том, почему банковские вклады приносят всё меньший доход, но всё больше привлекают россиян, читайте в статье Частного корреспондента «Под меньший процент»</source><tokens><token id="620859" text="О"><tfr rev_id="3327453" t="О"><v><l id="192977" t="о"><g v="PREP"></g></l></v></tfr></token><token id="620860" text="том"><tfr rev_id="4369342" t="том"><v><l id="348430" t="тот"><g v="ADJF"></g><g v="Subx"></g><g v="Apro"></g><g v="Anph"></g><g v="neut"></g><g v="sing"></g><g v="loct"></g></l></v></tfr></token><token id="620861" text=","><tfr rev_id="1453107" t=","><v><l id="0" t=","><g v="PNCT"></g></l></v></tfr></token><token id="620862" text="почему"><tfr rev_id="1453108" t="почему"><v><l id="264705" t="почему"><g v="ADVB"></g><g v="Ques"></g></l></v></tfr></token><token id="620863" text="банковские"><tfr rev_id="3765632" t="банковские"><v><l id="23592" t="банковский"><g v="ADJF"></g><g v="plur"></g><g v="nomn"></g></l></v></tfr></token><token id="620864" text="вклады"><tfr rev_id="3727874" t="вклады"><v><l id="46109" t="вклад"><g v="NOUN"></g><g v="inan"></g><g v="masc"></g><g v="plur"></g><g v="nomn"></g></l></v></tfr></token><token id="620865" text="приносят"><tfr rev_id="1453111" t="приносят"><v><l id="272630" t="приношу"><g v="VERB"></g><g v="impf"></g><g v="tran"></g><g v="plur"></g><g v="3per"></g><g v="pres"></g><g v="indc"></g></l></v></tfr></token><token id="620866" text="всё"><tfr rev_id="4516532" t="всё"><v><l id="390209" t="всё"><g v="PRCL"></g></l></v></tfr></token><token id="620867" text="меньший"><tfr rev_id="4570773" t="меньший"><v><l id="158428" t="меньший"><g v="ADJF"></g><g v="Supr"></g><g v="Qual"></g><g v="masc"></g><g v="sing"></g><g v="nomn"></g></l></v><v><l id="158428" t="меньший"><g v="ADJF"></g><g v="Supr"></g><g v="Qual"></g><g v="inan"></g><g v="masc"></g><g v="sing"></g><g v="accs"></g></l></v></tfr></token><token id="620868" text="доход"><tfr rev_id="1453114" t="доход"><v><l id="91228" t="доход"><g v="NOUN"></g><g v="inan"></g><g v="masc"></g><g v="sing"></g><g v="nomn"></g></l></v><v><l id="91228" t="доход"><g v="NOUN"></g><g v="inan"></g><g v="masc"></g><g v="sing"></g><g v="accs"></g></l></v></tfr></token><token id="620869" text=","><tfr rev_id="1453115" t=","><v><l id="0" t=","><g v="PNCT"></g></l></v></tfr></token><token id="620870" text="но"><tfr rev_id="1453116" t="но"><v><l id="191429" t="но"><g v="CONJ"></g></l></v><v><l id="191430" t="но"><g v="INTJ"></g></l></v></tfr></token><token id="620871" text="всё"><tfr rev_id="4517280" t="всё"><v><l id="390209" t="всё"><g v="PRCL"></g></l></v></tfr></token><token id="620872" text="больше"><tfr rev_id="2558477" t="больше"><v><l id="32325" t="больше"><g v="ADVB"></g></l></v><v><l id="32447" t="больше"><g v="COMP"></g><g v="Qual"></g></l></v></tfr></token><token id="620873" text="привлекают"><tfr rev_id="1453119" t="привлекают"><v><l id="269365" t="привлекаю"><g v="VERB"></g><g v="impf"></g><g v="tran"></g><g v="plur"></g><g v="3per"></g><g v="pres"></g><g v="indc"></g></l></v></tfr></token><token id="620874" text="россиян"><tfr rev_id="4382686" t="россиян"><v><l id="309323" t="россиянин"><g v="NOUN"></g><g v="anim"></g><g v="masc"></g><g v="plur"></g><g v="accs"></g></l></v></tfr></token><token id="620875" text=","><tfr rev_id="1453121" t=","><v><l id="0" t=","><g v="PNCT"></g></l></v></tfr></token><token id="620876" text="читайте"><tfr rev_id="1453122" t="читайте"><v><l id="376719" t="читаю"><g v="VERB"></g><g v="impf"></g><g v="tran"></g><g v="plur"></g><g v="impr"></g><g v="excl"></g></l></v></tfr></token><token id="620877" text="в"><tfr rev_id="1453123" t="в"><v><l id="37409" t="в"><g v="PREP"></g></l></v></tfr></token><token id="620878" text="статье"><tfr rev_id="3551864" t="статье"><v><l id="335173" t="статья"><g v="NOUN"></g><g v="inan"></g><g v="femn"></g><g v="sing"></g><g v="loct"></g></l></v></tfr></token><token id="620879" text="Частного"><tfr rev_id="4306753" t="Частного"><v><l id="374795" t="частный"><g v="ADJF"></g><g v="Qual"></g><g v="masc"></g><g v="sing"></g><g v="gent"></g></l></v><v><l id="374795" t="частный"><g v="ADJF"></g><g v="Qual"></g><g v="anim"></g><g v="masc"></g><g v="sing"></g><g v="accs"></g></l></v></tfr></token><token id="620880" text="корреспондента"><tfr rev_id="4363958" t="корреспондента"><v><l id="140239" t="корреспондент"><g v="NOUN"></g><g v="anim"></g><g v="masc"></g><g v="sing"></g><g v="gent"></g></l></v></tfr></token><token id="620881" text="«"><tfr rev_id="2444317" t="«"><v><l id="0" t="«"><g v="PNCT"></g></l></v></tfr></token><token id="620882" text="Под"><tfr rev_id="2561303" t="Под"><v><l id="243755" t="под"><g v="PREP"></g></l></v></tfr></token><token id="620883" text="меньший"><tfr rev_id="4570774" t="меньший"><v><l id="158428" t="меньший"><g v="ADJF"></g><g v="Supr"></g><g v="Qual"></g><g v="masc"></g><g v="sing"></g><g v="nomn"></g></l></v><v><l id="158428" t="меньший"><g v="ADJF"></g><g v="Supr"></g><g v="Qual"></g><g v="inan"></g><g v="masc"></g><g v="sing"></g><g v="accs"></g></l></v></tfr></token><token id="620884" text="процент"><tfr rev_id="1453130" t="процент"><v><l id="287340" t="процент"><g v="NOUN"></g><g v="inan"></g><g v="masc"></g><g v="sing"></g><g v="nomn"></g></l></v><v><l id="287340" t="процент"><g v="NOUN"></g><g v="inan"></g><g v="masc"></g><g v="sing"></g><g v="accs"></g></l></v></tfr></token><token id="620885" text="»"><tfr rev_id="2444318" t="»"><v><l id="0" t="»"><g v="PNCT"></g></l></v></tfr></token></tokens></sentence></paragraph></paragraphs></text>