<?xml version="1.0" encoding="utf-8"?><text id="1195" parent="226" name="23596 Власти Ливии: присутствие Каддафи в стране - гарантия её безопасности"><tags><tag>url:http://www.chaskor.ru/news/vlasti_livii_prisutstvie_kaddafi_v_strane_-_garantiya_ee_bezopasnosti_23596</tag><tag>Год:2011</tag><tag>Дата:01/06</tag><tag>Тема:ЧасКор:В мире</tag><tag>Тема:ЧасКор:В мире/Африка</tag></tags><paragraphs><paragraph id="11149"><sentence id="35005"><source>Власти Ливии: присутствие Каддафи в стране — гарантия её безопасности.</source><tokens><token id="625353" text="Власти"><tfr rev_id="3726885" t="Власти"><v><l id="46816" t="власть"><g v="NOUN"></g><g v="inan"></g><g v="femn"></g><g v="plur"></g><g v="nomn"></g></l></v></tfr></token><token id="625354" text="Ливии"><tfr rev_id="2782061" t="Ливии"><v><l id="148960" t="ливия"><g v="NOUN"></g><g v="inan"></g><g v="femn"></g><g v="Sgtm"></g><g v="Geox"></g><g v="sing"></g><g v="gent"></g></l></v></tfr></token><token id="625355" text=":"><tfr rev_id="1457601" t=":"><v><l id="0" t=":"><g v="PNCT"></g></l></v></tfr></token><token id="625356" text="присутствие"><tfr rev_id="4214130" t="присутствие"><v><l id="275035" t="присутствие"><g v="NOUN"></g><g v="inan"></g><g v="neut"></g><g v="sing"></g><g v="nomn"></g></l></v></tfr></token><token id="625357" text="Каддафи"><tfr rev_id="4396224" t="Каддафи"><v><l id="388626" t="каддафи"><g v="NOUN"></g><g v="anim"></g><g v="ms-f"></g><g v="Fixd"></g><g v="Surn"></g><g v="sing"></g><g v="gent"></g></l></v></tfr></token><token id="625358" text="в"><tfr rev_id="1457604" t="в"><v><l id="37409" t="в"><g v="PREP"></g></l></v></tfr></token><token id="625359" text="стране"><tfr rev_id="2931087" t="стране"><v><l id="337100" t="страна"><g v="NOUN"></g><g v="inan"></g><g v="femn"></g><g v="sing"></g><g v="loct"></g></l></v></tfr></token><token id="625360" text="—"><tfr rev_id="2444522" t="—"><v><l id="0" t="—"><g v="PNCT"></g></l></v></tfr></token><token id="625361" text="гарантия"><tfr rev_id="1457607" t="гарантия"><v><l id="67230" t="гарантия"><g v="NOUN"></g><g v="inan"></g><g v="femn"></g><g v="sing"></g><g v="nomn"></g></l></v></tfr></token><token id="625362" text="её"><tfr rev_id="4456430" t="её"><v><l id="94433" t="её"><g v="ADJF"></g><g v="Fixd"></g><g v="Apro"></g><g v="Anph"></g><g v="femn"></g><g v="sing"></g><g v="nomn"></g></l></v><v><l id="94433" t="её"><g v="ADJF"></g><g v="Fixd"></g><g v="Apro"></g><g v="Anph"></g><g v="femn"></g><g v="sing"></g><g v="gent"></g></l></v><v><l id="94433" t="её"><g v="ADJF"></g><g v="Fixd"></g><g v="Apro"></g><g v="Anph"></g><g v="femn"></g><g v="sing"></g><g v="datv"></g></l></v><v><l id="94433" t="её"><g v="ADJF"></g><g v="Fixd"></g><g v="Apro"></g><g v="Anph"></g><g v="femn"></g><g v="sing"></g><g v="accs"></g></l></v><v><l id="94433" t="её"><g v="ADJF"></g><g v="Fixd"></g><g v="Apro"></g><g v="Anph"></g><g v="femn"></g><g v="sing"></g><g v="ablt"></g></l></v><v><l id="94433" t="её"><g v="ADJF"></g><g v="Fixd"></g><g v="Apro"></g><g v="Anph"></g><g v="femn"></g><g v="sing"></g><g v="loct"></g></l></v></tfr></token><token id="625363" text="безопасности"><tfr rev_id="4343775" t="безопасности"><v><l id="26215" t="безопасность"><g v="NOUN"></g><g v="inan"></g><g v="femn"></g><g v="sing"></g><g v="gent"></g></l></v></tfr></token><token id="625364" text="."><tfr rev_id="1457610" t="."><v><l id="0" t="."><g v="PNCT"></g></l></v></tfr></token></tokens></sentence><sentence id="35006"><source>Запад продолжает настаивать на отставке ливийского лидера.</source><tokens><token id="625365" text="Запад"><tfr rev_id="1457611" t="Запад"><v><l id="106649" t="запад"><g v="NOUN"></g><g v="inan"></g><g v="masc"></g><g v="sing"></g><g v="nomn"></g></l></v><v><l id="106649" t="запад"><g v="NOUN"></g><g v="inan"></g><g v="masc"></g><g v="sing"></g><g v="accs"></g></l></v><v><l id="106650" t="запад"><g v="NOUN"></g><g v="inan"></g><g v="masc"></g><g v="Geox"></g><g v="sing"></g><g v="nomn"></g></l></v><v><l id="106650" t="запад"><g v="NOUN"></g><g v="inan"></g><g v="masc"></g><g v="Geox"></g><g v="sing"></g><g v="accs"></g></l></v></tfr></token><token id="625366" text="продолжает"><tfr rev_id="1457612" t="продолжает"><v><l id="279215" t="продолжаю"><g v="VERB"></g><g v="impf"></g><g v="tran"></g><g v="sing"></g><g v="3per"></g><g v="pres"></g><g v="indc"></g></l></v></tfr></token><token id="625367" text="настаивать"><tfr rev_id="1457613" t="настаивать"><v><l id="175967" t="настаивать"><g v="INFN"></g><g v="impf"></g><g v="tran"></g></l></v><v><l id="175974" t="настаивать"><g v="INFN"></g><g v="impf"></g><g v="intr"></g></l></v></tfr></token><token id="625368" text="на"><tfr rev_id="3343933" t="на"><v><l id="166264" t="на"><g v="PREP"></g></l></v></tfr></token><token id="625369" text="отставке"><tfr rev_id="3550830" t="отставке"><v><l id="218332" t="отставка"><g v="NOUN"></g><g v="inan"></g><g v="femn"></g><g v="sing"></g><g v="loct"></g></l></v></tfr></token><token id="625370" text="ливийского"><tfr rev_id="4165077" t="ливийского"><v><l id="148956" t="ливийский"><g v="ADJF"></g><g v="masc"></g><g v="sing"></g><g v="gent"></g></l></v><v><l id="148956" t="ливийский"><g v="ADJF"></g><g v="anim"></g><g v="masc"></g><g v="sing"></g><g v="accs"></g></l></v></tfr></token><token id="625371" text="лидера"><tfr rev_id="4462017" t="лидера"><v><l id="149007" t="лидер"><g v="NOUN"></g><g v="anim"></g><g v="masc"></g><g v="sing"></g><g v="gent"></g></l></v></tfr></token><token id="625372" text="."><tfr rev_id="1457618" t="."><v><l id="0" t="."><g v="PNCT"></g></l></v></tfr></token></tokens></sentence></paragraph><paragraph id="11150"><sentence id="35007"><source>Министр информации Ливии Мусса Ибрагим заявил, что наихудшим вариантом развития событий в стране он считает уход Муамара Каддафи, сообщает РБК.</source><tokens><token id="625373" text="Министр"><tfr rev_id="1457619" t="Министр"><v><l id="160614" t="министр"><g v="NOUN"></g><g v="anim"></g><g v="masc"></g><g v="sing"></g><g v="nomn"></g></l></v></tfr></token><token id="625374" text="информации"><tfr rev_id="4290716" t="информации"><v><l id="123576" t="информация"><g v="NOUN"></g><g v="inan"></g><g v="femn"></g><g v="sing"></g><g v="gent"></g></l></v></tfr></token><token id="625375" text="Ливии"><tfr rev_id="3455521" t="Ливии"><v><l id="148960" t="ливия"><g v="NOUN"></g><g v="inan"></g><g v="femn"></g><g v="Sgtm"></g><g v="Geox"></g><g v="sing"></g><g v="gent"></g></l></v></tfr></token><token id="625376" text="Мусса"><tfr rev_id="3492753" t="Мусса"><v><l id="165409" t="мусса"><g v="NOUN"></g><g v="anim"></g><g v="masc"></g><g v="Name"></g><g v="sing"></g><g v="nomn"></g></l></v></tfr></token><token id="625377" text="Ибрагим"><tfr rev_id="1457623" t="Ибрагим"><v><l id="116981" t="ибрагим"><g v="NOUN"></g><g v="anim"></g><g v="masc"></g><g v="Name"></g><g v="sing"></g><g v="nomn"></g></l></v></tfr></token><token id="625378" text="заявил"><tfr rev_id="1457624" t="заявил"><v><l id="114300" t="заявил"><g v="VERB"></g><g v="perf"></g><g v="tran"></g><g v="masc"></g><g v="sing"></g><g v="past"></g><g v="indc"></g></l></v></tfr></token><token id="625379" text=","><tfr rev_id="1457625" t=","><v><l id="0" t=","><g v="PNCT"></g></l></v></tfr></token><token id="625380" text="что"><tfr rev_id="3197050" t="что"><v><l id="377004" t="что"><g v="CONJ"></g></l></v><v><l id="377005" t="что"><g v="NPRO"></g><g v="neut"></g><g v="sing"></g><g v="nomn"></g></l></v><v><l id="377005" t="что"><g v="NPRO"></g><g v="neut"></g><g v="sing"></g><g v="accs"></g></l></v><v><l id="377006" t="что"><g v="ADVB"></g><g v="Ques"></g></l></v><v><l id="388695" t="что"><g v="PRCL"></g></l></v></tfr></token><token id="625381" text="наихудшим"><tfr rev_id="4297684" t="наихудшим"><v><l id="240915" t="наихудший"><g v="ADJF"></g><g v="Supr"></g><g v="Qual"></g><g v="masc"></g><g v="sing"></g><g v="ablt"></g></l></v></tfr></token><token id="625382" text="вариантом"><tfr rev_id="1457628" t="вариантом"><v><l id="38767" t="вариант"><g v="NOUN"></g><g v="inan"></g><g v="masc"></g><g v="sing"></g><g v="ablt"></g></l></v></tfr></token><token id="625383" text="развития"><tfr rev_id="3500685" t="развития"><v><l id="292545" t="развитие"><g v="NOUN"></g><g v="inan"></g><g v="neut"></g><g v="sing"></g><g v="gent"></g></l></v></tfr></token><token id="625384" text="событий"><tfr rev_id="1457630" t="событий"><v><l id="327850" t="событие"><g v="NOUN"></g><g v="inan"></g><g v="neut"></g><g v="plur"></g><g v="gent"></g></l></v></tfr></token><token id="625385" text="в"><tfr rev_id="1457631" t="в"><v><l id="37409" t="в"><g v="PREP"></g></l></v></tfr></token><token id="625386" text="стране"><tfr rev_id="3545917" t="стране"><v><l id="337100" t="страна"><g v="NOUN"></g><g v="inan"></g><g v="femn"></g><g v="sing"></g><g v="loct"></g></l></v></tfr></token><token id="625387" text="он"><tfr rev_id="3575636" t="он"><v><l id="206541" t="он"><g v="NPRO"></g><g v="masc"></g><g v="3per"></g><g v="Anph"></g><g v="sing"></g><g v="nomn"></g></l></v></tfr></token><token id="625388" text="считает"><tfr rev_id="1457634" t="считает"><v><l id="341320" t="считаю"><g v="VERB"></g><g v="impf"></g><g v="tran"></g><g v="sing"></g><g v="3per"></g><g v="pres"></g><g v="indc"></g></l></v><v><l id="341329" t="считал"><g v="VERB"></g><g v="perf"></g><g v="tran"></g><g v="sing"></g><g v="3per"></g><g v="futr"></g><g v="indc"></g></l></v></tfr></token><token id="625389" text="уход"><tfr rev_id="1457635" t="уход"><v><l id="362935" t="уход"><g v="NOUN"></g><g v="inan"></g><g v="masc"></g><g v="sing"></g><g v="nomn"></g></l></v><v><l id="362935" t="уход"><g v="NOUN"></g><g v="inan"></g><g v="masc"></g><g v="sing"></g><g v="accs"></g></l></v></tfr></token><token id="625390" text="Муамара"><tfr rev_id="2826751" t="Муамара"><v><l id="164630" t="муамар"><g v="NOUN"></g><g v="anim"></g><g v="masc"></g><g v="Name"></g><g v="sing"></g><g v="gent"></g></l></v></tfr></token><token id="625391" text="Каддафи"><tfr rev_id="4327235" t="Каддафи"><v><l id="388626" t="каддафи"><g v="NOUN"></g><g v="anim"></g><g v="ms-f"></g><g v="Fixd"></g><g v="Surn"></g><g v="sing"></g><g v="nomn"></g></l></v><v><l id="388626" t="каддафи"><g v="NOUN"></g><g v="anim"></g><g v="ms-f"></g><g v="Fixd"></g><g v="Surn"></g><g v="sing"></g><g v="gent"></g></l></v><v><l id="388626" t="каддафи"><g v="NOUN"></g><g v="anim"></g><g v="ms-f"></g><g v="Fixd"></g><g v="Surn"></g><g v="sing"></g><g v="datv"></g></l></v><v><l id="388626" t="каддафи"><g v="NOUN"></g><g v="anim"></g><g v="ms-f"></g><g v="Fixd"></g><g v="Surn"></g><g v="sing"></g><g v="accs"></g></l></v><v><l id="388626" t="каддафи"><g v="NOUN"></g><g v="anim"></g><g v="ms-f"></g><g v="Fixd"></g><g v="Surn"></g><g v="sing"></g><g v="ablt"></g></l></v><v><l id="388626" t="каддафи"><g v="NOUN"></g><g v="anim"></g><g v="ms-f"></g><g v="Fixd"></g><g v="Surn"></g><g v="sing"></g><g v="loct"></g></l></v></tfr></token><token id="625392" text=","><tfr rev_id="1457638" t=","><v><l id="0" t=","><g v="PNCT"></g></l></v></tfr></token><token id="625393" text="сообщает"><tfr rev_id="1457639" t="сообщает"><v><l id="329538" t="сообщаю"><g v="VERB"></g><g v="impf"></g><g v="tran"></g><g v="sing"></g><g v="3per"></g><g v="pres"></g><g v="indc"></g></l></v></tfr></token><token id="625394" text="РБК"><tfr rev_id="4396056" t="РБК"><v><l id="389058" t="рбк"><g v="NOUN"></g><g v="inan"></g><g v="femn"></g><g v="Sgtm"></g><g v="Fixd"></g><g v="Abbr"></g><g v="Orgn"></g><g v="sing"></g><g v="nomn"></g></l></v></tfr></token><token id="625395" text="."><tfr rev_id="1457641" t="."><v><l id="0" t="."><g v="PNCT"></g></l></v></tfr></token></tokens></sentence><sentence id="35008"><source>«Если исчезнет Каддафи — исчезнет гарантия безопасности», — заявил Ибрагим.</source><tokens><token id="625396" text="«"><tfr rev_id="2444523" t="«"><v><l id="0" t="«"><g v="PNCT"></g></l></v></tfr></token><token id="625397" text="Если"><tfr rev_id="1457643" t="Если"><v><l id="95365" t="если"><g v="CONJ"></g></l></v></tfr></token><token id="625398" text="исчезнет"><tfr rev_id="1457644" t="исчезнет"><v><l id="126888" t="исчез"><g v="VERB"></g><g v="perf"></g><g v="intr"></g><g v="sing"></g><g v="3per"></g><g v="futr"></g><g v="indc"></g></l></v></tfr></token><token id="625399" text="Каддафи"><tfr rev_id="4327236" t="Каддафи"><v><l id="388626" t="каддафи"><g v="NOUN"></g><g v="anim"></g><g v="ms-f"></g><g v="Fixd"></g><g v="Surn"></g><g v="sing"></g><g v="nomn"></g></l></v></tfr></token><token id="625400" text="—"><tfr rev_id="2444524" t="—"><v><l id="0" t="—"><g v="PNCT"></g></l></v></tfr></token><token id="625401" text="исчезнет"><tfr rev_id="1457647" t="исчезнет"><v><l id="126888" t="исчез"><g v="VERB"></g><g v="perf"></g><g v="intr"></g><g v="sing"></g><g v="3per"></g><g v="futr"></g><g v="indc"></g></l></v></tfr></token><token id="625402" text="гарантия"><tfr rev_id="1457648" t="гарантия"><v><l id="67230" t="гарантия"><g v="NOUN"></g><g v="inan"></g><g v="femn"></g><g v="sing"></g><g v="nomn"></g></l></v></tfr></token><token id="625403" text="безопасности"><tfr rev_id="3555496" t="безопасности"><v><l id="26215" t="безопасность"><g v="NOUN"></g><g v="inan"></g><g v="femn"></g><g v="sing"></g><g v="gent"></g></l></v></tfr></token><token id="625404" text="»"><tfr rev_id="2444525" t="»"><v><l id="0" t="»"><g v="PNCT"></g></l></v></tfr></token><token id="625405" text=","><tfr rev_id="1457651" t=","><v><l id="0" t=","><g v="PNCT"></g></l></v></tfr></token><token id="625406" text="—"><tfr rev_id="2444526" t="—"><v><l id="0" t="—"><g v="PNCT"></g></l></v></tfr></token><token id="625407" text="заявил"><tfr rev_id="1457653" t="заявил"><v><l id="114300" t="заявил"><g v="VERB"></g><g v="perf"></g><g v="tran"></g><g v="masc"></g><g v="sing"></g><g v="past"></g><g v="indc"></g></l></v></tfr></token><token id="625408" text="Ибрагим"><tfr rev_id="1457654" t="Ибрагим"><v><l id="116981" t="ибрагим"><g v="NOUN"></g><g v="anim"></g><g v="masc"></g><g v="Name"></g><g v="sing"></g><g v="nomn"></g></l></v></tfr></token><token id="625409" text="."><tfr rev_id="1457655" t="."><v><l id="0" t="."><g v="PNCT"></g></l></v></tfr></token></tokens></sentence></paragraph><paragraph id="11151"><sentence id="35009"><source>Поскольку Запад продолжает настаивать на отставке Муамара Каддафи, а формально он не занимает никаких руководящих постов в Ливии, то его уход, по всей вероятности, может означать только бегство из страны.</source><tokens><token id="625410" text="Поскольку"><tfr rev_id="1457656" t="Поскольку"><v><l id="261429" t="поскольку"><g v="CONJ"></g></l></v></tfr></token><token id="625411" text="Запад"><tfr rev_id="4505698" t="Запад"><v><l id="106649" t="запад"><g v="NOUN"></g><g v="inan"></g><g v="masc"></g><g v="sing"></g><g v="nomn"></g></l></v></tfr></token><token id="625412" text="продолжает"><tfr rev_id="1457658" t="продолжает"><v><l id="279215" t="продолжаю"><g v="VERB"></g><g v="impf"></g><g v="tran"></g><g v="sing"></g><g v="3per"></g><g v="pres"></g><g v="indc"></g></l></v></tfr></token><token id="625413" text="настаивать"><tfr rev_id="1457659" t="настаивать"><v><l id="175967" t="настаивать"><g v="INFN"></g><g v="impf"></g><g v="tran"></g></l></v><v><l id="175974" t="настаивать"><g v="INFN"></g><g v="impf"></g><g v="intr"></g></l></v></tfr></token><token id="625414" text="на"><tfr rev_id="3338590" t="на"><v><l id="166264" t="на"><g v="PREP"></g></l></v></tfr></token><token id="625415" text="отставке"><tfr rev_id="3446930" t="отставке"><v><l id="218332" t="отставка"><g v="NOUN"></g><g v="inan"></g><g v="femn"></g><g v="sing"></g><g v="loct"></g></l></v></tfr></token><token id="625416" text="Муамара"><tfr rev_id="2827067" t="Муамара"><v><l id="164630" t="муамар"><g v="NOUN"></g><g v="anim"></g><g v="masc"></g><g v="Name"></g><g v="sing"></g><g v="gent"></g></l></v></tfr></token><token id="625417" text="Каддафи"><tfr rev_id="4327237" t="Каддафи"><v><l id="388626" t="каддафи"><g v="NOUN"></g><g v="anim"></g><g v="ms-f"></g><g v="Fixd"></g><g v="Surn"></g><g v="sing"></g><g v="nomn"></g></l></v><v><l id="388626" t="каддафи"><g v="NOUN"></g><g v="anim"></g><g v="ms-f"></g><g v="Fixd"></g><g v="Surn"></g><g v="sing"></g><g v="gent"></g></l></v><v><l id="388626" t="каддафи"><g v="NOUN"></g><g v="anim"></g><g v="ms-f"></g><g v="Fixd"></g><g v="Surn"></g><g v="sing"></g><g v="datv"></g></l></v><v><l id="388626" t="каддафи"><g v="NOUN"></g><g v="anim"></g><g v="ms-f"></g><g v="Fixd"></g><g v="Surn"></g><g v="sing"></g><g v="accs"></g></l></v><v><l id="388626" t="каддафи"><g v="NOUN"></g><g v="anim"></g><g v="ms-f"></g><g v="Fixd"></g><g v="Surn"></g><g v="sing"></g><g v="ablt"></g></l></v><v><l id="388626" t="каддафи"><g v="NOUN"></g><g v="anim"></g><g v="ms-f"></g><g v="Fixd"></g><g v="Surn"></g><g v="sing"></g><g v="loct"></g></l></v></tfr></token><token id="625418" text=","><tfr rev_id="1457664" t=","><v><l id="0" t=","><g v="PNCT"></g></l></v></tfr></token><token id="625419" text="а"><tfr rev_id="1457665" t="а"><v><l id="51" t="а"><g v="CONJ"></g></l></v><v><l id="52" t="а"><g v="INTJ"></g></l></v><v><l id="53" t="а"><g v="PRCL"></g></l></v></tfr></token><token id="625420" text="формально"><tfr rev_id="1457666" t="формально"><v><l id="367124" t="формально"><g v="ADVB"></g></l></v><v><l id="367130" t="формален"><g v="ADJS"></g><g v="Qual"></g><g v="neut"></g><g v="sing"></g></l></v></tfr></token><token id="625421" text="он"><tfr rev_id="3575637" t="он"><v><l id="206541" t="он"><g v="NPRO"></g><g v="masc"></g><g v="3per"></g><g v="Anph"></g><g v="sing"></g><g v="nomn"></g></l></v></tfr></token><token id="625422" text="не"><tfr rev_id="1457668" t="не"><v><l id="178876" t="не"><g v="PRCL"></g></l></v></tfr></token><token id="625423" text="занимает"><tfr rev_id="1457669" t="занимает"><v><l id="106412" t="занимаю"><g v="VERB"></g><g v="impf"></g><g v="tran"></g><g v="sing"></g><g v="3per"></g><g v="pres"></g><g v="indc"></g></l></v></tfr></token><token id="625424" text="никаких"><tfr rev_id="2848547" t="никаких"><v><l id="190841" t="никакой"><g v="ADJF"></g><g v="Apro"></g><g v="plur"></g><g v="gent"></g></l></v></tfr></token><token id="625425" text="руководящих"><tfr rev_id="1457671" t="руководящих"><v><l id="309991" t="руководящий"><g v="PRTF"></g><g v="impf"></g><g v="intr"></g><g v="pres"></g><g v="actv"></g><g v="plur"></g><g v="gent"></g></l></v><v><l id="309991" t="руководящий"><g v="PRTF"></g><g v="impf"></g><g v="intr"></g><g v="pres"></g><g v="actv"></g><g v="anim"></g><g v="plur"></g><g v="accs"></g></l></v><v><l id="309991" t="руководящий"><g v="PRTF"></g><g v="impf"></g><g v="intr"></g><g v="pres"></g><g v="actv"></g><g v="plur"></g><g v="loct"></g></l></v><v><l id="309996" t="руководящий"><g v="PRTF"></g><g v="impf"></g><g v="tran"></g><g v="pres"></g><g v="actv"></g><g v="plur"></g><g v="gent"></g></l></v><v><l id="309996" t="руководящий"><g v="PRTF"></g><g v="impf"></g><g v="tran"></g><g v="pres"></g><g v="actv"></g><g v="anim"></g><g v="plur"></g><g v="accs"></g></l></v><v><l id="309996" t="руководящий"><g v="PRTF"></g><g v="impf"></g><g v="tran"></g><g v="pres"></g><g v="actv"></g><g v="plur"></g><g v="loct"></g></l></v><v><l id="310019" t="руководящий"><g v="ADJF"></g><g v="plur"></g><g v="gent"></g></l></v><v><l id="310019" t="руководящий"><g v="ADJF"></g><g v="anim"></g><g v="plur"></g><g v="accs"></g></l></v><v><l id="310019" t="руководящий"><g v="ADJF"></g><g v="plur"></g><g v="loct"></g></l></v></tfr></token><token id="625426" text="постов"><tfr rev_id="1457672" t="постов"><v><l id="262073" t="пост"><g v="NOUN"></g><g v="inan"></g><g v="masc"></g><g v="plur"></g><g v="gent"></g></l></v></tfr></token><token id="625427" text="в"><tfr rev_id="1457673" t="в"><v><l id="37409" t="в"><g v="PREP"></g></l></v></tfr></token><token id="625428" text="Ливии"><tfr rev_id="3454819" t="Ливии"><v><l id="148960" t="ливия"><g v="NOUN"></g><g v="inan"></g><g v="femn"></g><g v="Sgtm"></g><g v="Geox"></g><g v="sing"></g><g v="loct"></g></l></v></tfr></token><token id="625429" text=","><tfr rev_id="1457675" t=","><v><l id="0" t=","><g v="PNCT"></g></l></v></tfr></token><token id="625430" text="то"><tfr rev_id="3777558" t="то"><v><l id="346835" t="то"><g v="CONJ"></g></l></v><v><l id="346836" t="то"><g v="PRCL"></g></l></v><v><l id="348430" t="тот"><g v="ADJF"></g><g v="Subx"></g><g v="Apro"></g><g v="Anph"></g><g v="neut"></g><g v="sing"></g><g v="nomn"></g></l></v><v><l id="348430" t="тот"><g v="ADJF"></g><g v="Subx"></g><g v="Apro"></g><g v="Anph"></g><g v="neut"></g><g v="sing"></g><g v="accs"></g></l></v></tfr></token><token id="625431" text="его"><tfr rev_id="4512995" t="его"><v><l id="94208" t="его"><g v="ADJF"></g><g v="Fixd"></g><g v="Apro"></g><g v="Anph"></g><g v="masc"></g><g v="sing"></g><g v="nomn"></g></l></v><v><l id="94208" t="его"><g v="ADJF"></g><g v="Fixd"></g><g v="Apro"></g><g v="Anph"></g><g v="masc"></g><g v="sing"></g><g v="gent"></g></l></v><v><l id="94208" t="его"><g v="ADJF"></g><g v="Fixd"></g><g v="Apro"></g><g v="Anph"></g><g v="masc"></g><g v="sing"></g><g v="datv"></g></l></v><v><l id="94208" t="его"><g v="ADJF"></g><g v="Fixd"></g><g v="Apro"></g><g v="Anph"></g><g v="masc"></g><g v="sing"></g><g v="accs"></g></l></v><v><l id="94208" t="его"><g v="ADJF"></g><g v="Fixd"></g><g v="Apro"></g><g v="Anph"></g><g v="masc"></g><g v="sing"></g><g v="ablt"></g></l></v><v><l id="94208" t="его"><g v="ADJF"></g><g v="Fixd"></g><g v="Apro"></g><g v="Anph"></g><g v="masc"></g><g v="sing"></g><g v="loct"></g></l></v></tfr></token><token id="625432" text="уход"><tfr rev_id="3861178" t="уход"><v><l id="362935" t="уход"><g v="NOUN"></g><g v="inan"></g><g v="masc"></g><g v="sing"></g><g v="nomn"></g></l></v></tfr></token><token id="625433" text=","><tfr rev_id="1457679" t=","><v><l id="0" t=","><g v="PNCT"></g></l></v></tfr></token><token id="625434" text="по"><tfr rev_id="1457680" t="по"><v><l id="241240" t="по"><g v="PREP"></g></l></v></tfr></token><token id="625435" text="всей"><tfr rev_id="4176324" t="всей"><v><l id="42156" t="весь"><g v="ADJF"></g><g v="Subx"></g><g v="Apro"></g><g v="femn"></g><g v="sing"></g><g v="gent"></g></l></v><v><l id="42156" t="весь"><g v="ADJF"></g><g v="Subx"></g><g v="Apro"></g><g v="femn"></g><g v="sing"></g><g v="datv"></g></l></v><v><l id="42156" t="весь"><g v="ADJF"></g><g v="Subx"></g><g v="Apro"></g><g v="femn"></g><g v="sing"></g><g v="ablt"></g></l></v><v><l id="42156" t="весь"><g v="ADJF"></g><g v="Subx"></g><g v="Apro"></g><g v="femn"></g><g v="sing"></g><g v="loct"></g></l></v></tfr></token><token id="625436" text="вероятности"><tfr rev_id="4270110" t="вероятности"><v><l id="41549" t="вероятность"><g v="NOUN"></g><g v="inan"></g><g v="femn"></g><g v="sing"></g><g v="datv"></g></l></v></tfr></token><token id="625437" text=","><tfr rev_id="1457683" t=","><v><l id="0" t=","><g v="PNCT"></g></l></v></tfr></token><token id="625438" text="может"><tfr rev_id="3797202" t="может"><v><l id="164485" t="могу"><g v="VERB"></g><g v="impf"></g><g v="intr"></g><g v="sing"></g><g v="3per"></g><g v="pres"></g><g v="indc"></g></l></v></tfr></token><token id="625439" text="означать"><tfr rev_id="1457685" t="означать"><v><l id="204300" t="означать"><g v="INFN"></g><g v="impf"></g><g v="tran"></g></l></v></tfr></token><token id="625440" text="только"><tfr rev_id="3784098" t="только"><v><l id="347395" t="только"><g v="CONJ"></g></l></v><v><l id="347396" t="только"><g v="PRCL"></g></l></v><v><l id="390053" t="только"><g v="ADVB"></g></l></v></tfr></token><token id="625441" text="бегство"><tfr rev_id="1457687" t="бегство"><v><l id="25294" t="бегство"><g v="NOUN"></g><g v="inan"></g><g v="neut"></g><g v="sing"></g><g v="nomn"></g></l></v><v><l id="25294" t="бегство"><g v="NOUN"></g><g v="inan"></g><g v="neut"></g><g v="sing"></g><g v="accs"></g></l></v></tfr></token><token id="625442" text="из"><tfr rev_id="2604323" t="из"><v><l id="117677" t="из"><g v="PREP"></g></l></v></tfr></token><token id="625443" text="страны"><tfr rev_id="3435135" t="страны"><v><l id="337100" t="страна"><g v="NOUN"></g><g v="inan"></g><g v="femn"></g><g v="sing"></g><g v="gent"></g></l></v></tfr></token><token id="625444" text="."><tfr rev_id="1457690" t="."><v><l id="0" t="."><g v="PNCT"></g></l></v></tfr></token></tokens></sentence><sentence id="35010"><source>Это исчезновение и имел в виду Мусса Ибрагим в своём заявлении.</source><tokens><token id="625445" text="Это"><tfr rev_id="4441605" t="Это"><v><l id="386581" t="этот"><g v="ADJF"></g><g v="Subx"></g><g v="Apro"></g><g v="Anph"></g><g v="neut"></g><g v="sing"></g><g v="nomn"></g></l></v><v><l id="386581" t="этот"><g v="ADJF"></g><g v="Subx"></g><g v="Apro"></g><g v="Anph"></g><g v="neut"></g><g v="sing"></g><g v="accs"></g></l></v></tfr></token><token id="625446" text="исчезновение"><tfr rev_id="3282445" t="исчезновение"><v><l id="126887" t="исчезновение"><g v="NOUN"></g><g v="inan"></g><g v="neut"></g><g v="sing"></g><g v="accs"></g></l></v></tfr></token><token id="625447" text="и"><tfr rev_id="1457693" t="и"><v><l id="116949" t="и"><g v="CONJ"></g></l></v><v><l id="116950" t="и"><g v="INTJ"></g></l></v></tfr></token><token id="625448" text="имел"><tfr rev_id="1457694" t="имел"><v><l id="121610" t="имею"><g v="VERB"></g><g v="impf"></g><g v="tran"></g><g v="masc"></g><g v="sing"></g><g v="past"></g><g v="indc"></g></l></v></tfr></token><token id="625449" text="в"><tfr rev_id="1457695" t="в"><v><l id="37409" t="в"><g v="PREP"></g></l></v></tfr></token><token id="625450" text="виду"><tfr rev_id="3538710" t="виду"><v><l id="44437" t="вид"><g v="NOUN"></g><g v="inan"></g><g v="masc"></g><g v="sing"></g><g v="loc2"></g></l></v></tfr></token><token id="625451" text="Мусса"><tfr rev_id="3494223" t="Мусса"><v><l id="165409" t="мусса"><g v="NOUN"></g><g v="anim"></g><g v="masc"></g><g v="Name"></g><g v="sing"></g><g v="nomn"></g></l></v></tfr></token><token id="625452" text="Ибрагим"><tfr rev_id="1457698" t="Ибрагим"><v><l id="116981" t="ибрагим"><g v="NOUN"></g><g v="anim"></g><g v="masc"></g><g v="Name"></g><g v="sing"></g><g v="nomn"></g></l></v></tfr></token><token id="625453" text="в"><tfr rev_id="1457699" t="в"><v><l id="37409" t="в"><g v="PREP"></g></l></v></tfr></token><token id="625454" text="своём"><tfr rev_id="3631137" t="своём"><v><l id="316379" t="свой"><g v="ADJF"></g><g v="Apro"></g><g v="Anph"></g><g v="neut"></g><g v="sing"></g><g v="loct"></g></l></v></tfr></token><token id="625455" text="заявлении"><tfr rev_id="1457701" t="заявлении"><v><l id="114311" t="заявление"><g v="NOUN"></g><g v="inan"></g><g v="neut"></g><g v="sing"></g><g v="loct"></g></l></v></tfr></token><token id="625456" text="."><tfr rev_id="1457702" t="."><v><l id="0" t="."><g v="PNCT"></g></l></v></tfr></token></tokens></sentence><sentence id="35011"><source>Он также сообщил, что на момент 26 мая удары, нанесённые авиацией НАТО по Ливии, стали причиной гибели 718 мирных жителей.</source><tokens><token id="625457" text="Он"><tfr rev_id="3575638" t="Он"><v><l id="206541" t="он"><g v="NPRO"></g><g v="masc"></g><g v="3per"></g><g v="Anph"></g><g v="sing"></g><g v="nomn"></g></l></v></tfr></token><token id="625458" text="также"><tfr rev_id="4267764" t="также"><v><l id="342482" t="также"><g v="PRCL"></g></l></v></tfr></token><token id="625459" text="сообщил"><tfr rev_id="1457705" t="сообщил"><v><l id="329556" t="сообщил"><g v="VERB"></g><g v="perf"></g><g v="tran"></g><g v="masc"></g><g v="sing"></g><g v="past"></g><g v="indc"></g></l></v></tfr></token><token id="625460" text=","><tfr rev_id="1457706" t=","><v><l id="0" t=","><g v="PNCT"></g></l></v></tfr></token><token id="625461" text="что"><tfr rev_id="3197051" t="что"><v><l id="377004" t="что"><g v="CONJ"></g></l></v><v><l id="377005" t="что"><g v="NPRO"></g><g v="neut"></g><g v="sing"></g><g v="nomn"></g></l></v><v><l id="377005" t="что"><g v="NPRO"></g><g v="neut"></g><g v="sing"></g><g v="accs"></g></l></v><v><l id="377006" t="что"><g v="ADVB"></g><g v="Ques"></g></l></v><v><l id="388695" t="что"><g v="PRCL"></g></l></v></tfr></token><token id="625462" text="на"><tfr rev_id="2912190" t="на"><v><l id="166264" t="на"><g v="PREP"></g></l></v><v><l id="388676" t="на"><g v="INTJ"></g></l></v></tfr></token><token id="625463" text="момент"><tfr rev_id="4355354" t="момент"><v><l id="163050" t="момент"><g v="NOUN"></g><g v="inan"></g><g v="masc"></g><g v="sing"></g><g v="accs"></g></l></v></tfr></token><token id="625464" text="26"><tfr rev_id="2461983" t="26"><v><l id="0" t="26"><g v="NUMB"></g></l></v></tfr></token><token id="625465" text="мая"><tfr rev_id="4077246" t="мая"><v><l id="153142" t="май"><g v="NOUN"></g><g v="inan"></g><g v="masc"></g><g v="Sgtm"></g><g v="sing"></g><g v="gent"></g></l></v></tfr></token><token id="625466" text="удары"><tfr rev_id="3752119" t="удары"><v><l id="354672" t="удар"><g v="NOUN"></g><g v="inan"></g><g v="masc"></g><g v="plur"></g><g v="nomn"></g></l></v></tfr></token><token id="625467" text=","><tfr rev_id="1457713" t=","><v><l id="0" t=","><g v="PNCT"></g></l></v></tfr></token><token id="625468" text="нанесённые"><tfr rev_id="1457714" t="нанесённые"><v><l id="172905" t="нанесённый"><g v="PRTF"></g><g v="perf"></g><g v="tran"></g><g v="past"></g><g v="pssv"></g><g v="plur"></g><g v="nomn"></g></l></v><v><l id="172905" t="нанесённый"><g v="PRTF"></g><g v="perf"></g><g v="tran"></g><g v="past"></g><g v="pssv"></g><g v="inan"></g><g v="plur"></g><g v="accs"></g></l></v></tfr></token><token id="625469" text="авиацией"><tfr rev_id="1457715" t="авиацией"><v><l id="2730" t="авиация"><g v="NOUN"></g><g v="inan"></g><g v="femn"></g><g v="sing"></g><g v="ablt"></g></l></v></tfr></token><token id="625470" text="НАТО"><tfr rev_id="4169872" t="НАТО"><v><l id="176969" t="нато"><g v="NOUN"></g><g v="inan"></g><g v="femn"></g><g v="Sgtm"></g><g v="Fixd"></g><g v="Abbr"></g><g v="Orgn"></g><g v="sing"></g><g v="gent"></g></l></v></tfr></token><token id="625471" text="по"><tfr rev_id="1457717" t="по"><v><l id="241240" t="по"><g v="PREP"></g></l></v></tfr></token><token id="625472" text="Ливии"><tfr rev_id="2934811" t="Ливии"><v><l id="148960" t="ливия"><g v="NOUN"></g><g v="inan"></g><g v="femn"></g><g v="Sgtm"></g><g v="Geox"></g><g v="sing"></g><g v="datv"></g></l></v></tfr></token><token id="625473" text=","><tfr rev_id="1457719" t=","><v><l id="0" t=","><g v="PNCT"></g></l></v></tfr></token><token id="625474" text="стали"><tfr rev_id="1715872" t="стали"><v><l id="335164" t="стал"><g v="VERB"></g><g v="perf"></g><g v="intr"></g><g v="plur"></g><g v="past"></g><g v="indc"></g></l></v></tfr></token><token id="625475" text="причиной"><tfr rev_id="1457721" t="причиной"><v><l id="276522" t="причина"><g v="NOUN"></g><g v="inan"></g><g v="femn"></g><g v="sing"></g><g v="ablt"></g></l></v></tfr></token><token id="625476" text="гибели"><tfr rev_id="4277436" t="гибели"><v><l id="69488" t="гибель"><g v="NOUN"></g><g v="inan"></g><g v="femn"></g><g v="sing"></g><g v="gent"></g></l></v></tfr></token><token id="625477" text="718"><tfr rev_id="2461984" t="718"><v><l id="0" t="718"><g v="NUMB"></g></l></v></tfr></token><token id="625478" text="мирных"><tfr rev_id="3410973" t="мирных"><v><l id="160883" t="мирный"><g v="ADJF"></g><g v="Qual"></g><g v="plur"></g><g v="gent"></g></l></v></tfr></token><token id="625479" text="жителей"><tfr rev_id="2369408" t="жителей"><v><l id="97562" t="житель"><g v="NOUN"></g><g v="anim"></g><g v="masc"></g><g v="plur"></g><g v="gent"></g></l></v></tfr></token><token id="625480" text="."><tfr rev_id="1457726" t="."><v><l id="0" t="."><g v="PNCT"></g></l></v></tfr></token></tokens></sentence><sentence id="35012"><source>Ещё более 4 тыс. человек в результате авиаатак получили ранения.</source><tokens><token id="625481" text="Ещё"><tfr rev_id="1457727" t="Ещё"><v><l id="95551" t="ещё"><g v="PRCL"></g></l></v><v><l id="95552" t="ещё"><g v="ADVB"></g></l></v></tfr></token><token id="625482" text="более"><tfr rev_id="1457728" t="более"><v><l id="32065" t="более"><g v="ADVB"></g></l></v></tfr></token><token id="625483" text="4"><tfr rev_id="2461985" t="4"><v><l id="0" t="4"><g v="NUMB"></g></l></v></tfr></token><token id="625484" text="тыс"><tfr rev_id="4165427" t="тыс"><v><l id="389041" t="тыс"><g v="NOUN"></g><g v="inan"></g><g v="femn"></g><g v="Fixd"></g><g v="Abbr"></g><g v="plur"></g><g v="nomn"></g></l></v><v><l id="389041" t="тыс"><g v="NOUN"></g><g v="inan"></g><g v="femn"></g><g v="Fixd"></g><g v="Abbr"></g><g v="plur"></g><g v="gent"></g></l></v><v><l id="389041" t="тыс"><g v="NOUN"></g><g v="inan"></g><g v="femn"></g><g v="Fixd"></g><g v="Abbr"></g><g v="plur"></g><g v="datv"></g></l></v><v><l id="389041" t="тыс"><g v="NOUN"></g><g v="inan"></g><g v="femn"></g><g v="Fixd"></g><g v="Abbr"></g><g v="plur"></g><g v="accs"></g></l></v><v><l id="389041" t="тыс"><g v="NOUN"></g><g v="inan"></g><g v="femn"></g><g v="Fixd"></g><g v="Abbr"></g><g v="plur"></g><g v="ablt"></g></l></v><v><l id="389041" t="тыс"><g v="NOUN"></g><g v="inan"></g><g v="femn"></g><g v="Fixd"></g><g v="Abbr"></g><g v="plur"></g><g v="loct"></g></l></v></tfr></token><token id="625485" text="."><tfr rev_id="1457731" t="."><v><l id="0" t="."><g v="PNCT"></g></l></v></tfr></token><token id="625486" text="человек"><tfr rev_id="2693663" t="человек"><v><l id="375073" t="человек"><g v="NOUN"></g><g v="anim"></g><g v="masc"></g><g v="plur"></g><g v="gent"></g></l></v></tfr></token><token id="625487" text="в"><tfr rev_id="1457733" t="в"><v><l id="37409" t="в"><g v="PREP"></g></l></v></tfr></token><token id="625488" text="результате"><tfr rev_id="1457734" t="результате"><v><l id="305391" t="результат"><g v="NOUN"></g><g v="inan"></g><g v="masc"></g><g v="sing"></g><g v="loct"></g></l></v></tfr></token><token id="625489" text="авиаатак"><tfr rev_id="1457735" t="авиаатак"><v><l id="0" t="авиаатак"><g v="UNKN"></g></l></v></tfr></token><token id="625490" text="получили"><tfr rev_id="1457736" t="получили"><v><l id="256959" t="получил"><g v="VERB"></g><g v="perf"></g><g v="tran"></g><g v="plur"></g><g v="past"></g><g v="indc"></g></l></v></tfr></token><token id="625491" text="ранения"><tfr rev_id="3795315" t="ранения"><v><l id="297885" t="ранение"><g v="NOUN"></g><g v="inan"></g><g v="neut"></g><g v="plur"></g><g v="accs"></g></l></v></tfr></token><token id="625492" text="."><tfr rev_id="1457738" t="."><v><l id="0" t="."><g v="PNCT"></g></l></v></tfr></token></tokens></sentence></paragraph><paragraph id="11152"><sentence id="35013"><source>Накануне в Триполи произошло ещё шесть мощных взрывов.</source><tokens><token id="625493" text="Накануне"><tfr rev_id="4422117" t="Накануне"><v><l id="170741" t="накануне"><g v="ADVB"></g></l></v></tfr></token><token id="625494" text="в"><tfr rev_id="1457740" t="в"><v><l id="37409" t="в"><g v="PREP"></g></l></v></tfr></token><token id="625495" text="Триполи"><tfr rev_id="4285647" t="Триполи"><v><l id="350178" t="триполи"><g v="NOUN"></g><g v="inan"></g><g v="masc"></g><g v="Sgtm"></g><g v="Fixd"></g><g v="Geox"></g><g v="sing"></g><g v="loct"></g></l></v></tfr></token><token id="625496" text="произошло"><tfr rev_id="1457742" t="произошло"><v><l id="280162" t="произошёл"><g v="VERB"></g><g v="perf"></g><g v="intr"></g><g v="neut"></g><g v="sing"></g><g v="past"></g><g v="indc"></g></l></v></tfr></token><token id="625497" text="ещё"><tfr rev_id="1457743" t="ещё"><v><l id="95551" t="ещё"><g v="PRCL"></g></l></v><v><l id="95552" t="ещё"><g v="ADVB"></g></l></v></tfr></token><token id="625498" text="шесть"><tfr rev_id="1457744" t="шесть"><v><l id="379421" t="шесть"><g v="NUMR"></g><g v="nomn"></g></l></v><v><l id="379421" t="шесть"><g v="NUMR"></g><g v="accs"></g></l></v></tfr></token><token id="625499" text="мощных"><tfr rev_id="4163138" t="мощных"><v><l id="164528" t="мощный"><g v="ADJF"></g><g v="Qual"></g><g v="plur"></g><g v="gent"></g></l></v></tfr></token><token id="625500" text="взрывов"><tfr rev_id="1457746" t="взрывов"><v><l id="44102" t="взрыв"><g v="NOUN"></g><g v="inan"></g><g v="masc"></g><g v="plur"></g><g v="gent"></g></l></v></tfr></token><token id="625501" text="."><tfr rev_id="1457747" t="."><v><l id="0" t="."><g v="PNCT"></g></l></v></tfr></token></tokens></sentence></paragraph><paragraph id="11153"><sentence id="35014"><source>Напомним, 17 марта 2011 года Совбез ООН принял резолюцию, запрещающую авиации армии Каддафи осуществлять полёты над Ливией, в связи с тем, что войска полковника бомбили населённые пункты, в которых проживали мирные жители.</source><tokens><token id="625502" text="Напомним"><tfr rev_id="1457748" t="Напомним"><v><l id="173892" t="напомнил"><g v="VERB"></g><g v="perf"></g><g v="tran"></g><g v="plur"></g><g v="1per"></g><g v="futr"></g><g v="indc"></g></l></v><v><l id="173892" t="напомнил"><g v="VERB"></g><g v="perf"></g><g v="tran"></g><g v="sing"></g><g v="impr"></g><g v="incl"></g></l></v></tfr></token><token id="625503" text=","><tfr rev_id="1457749" t=","><v><l id="0" t=","><g v="PNCT"></g></l></v></tfr></token><token id="625504" text="17"><tfr rev_id="2461986" t="17"><v><l id="0" t="17"><g v="NUMB"></g></l></v></tfr></token><token id="625505" text="марта"><tfr rev_id="4163109" t="марта"><v><l id="155465" t="март"><g v="NOUN"></g><g v="inan"></g><g v="masc"></g><g v="sing"></g><g v="gent"></g></l></v></tfr></token><token id="625506" text="2011"><tfr rev_id="2461987" t="2011"><v><l id="0" t="2011"><g v="NUMB"></g></l></v></tfr></token><token id="625507" text="года"><tfr rev_id="3473669" t="года"><v><l id="72149" t="год"><g v="NOUN"></g><g v="inan"></g><g v="masc"></g><g v="sing"></g><g v="gen1"></g></l></v></tfr></token><token id="625508" text="Совбез"><tfr rev_id="3555944" t="Совбез"><v><l id="327879" t="совбез"><g v="NOUN"></g><g v="inan"></g><g v="masc"></g><g v="Sgtm"></g><g v="Orgn"></g><g v="sing"></g><g v="nomn"></g></l></v></tfr></token><token id="625509" text="ООН"><tfr rev_id="4138817" t="ООН"><v><l id="206695" t="оон"><g v="NOUN"></g><g v="inan"></g><g v="femn"></g><g v="Sgtm"></g><g v="Fixd"></g><g v="Abbr"></g><g v="Orgn"></g><g v="sing"></g><g v="gent"></g></l></v></tfr></token><token id="625510" text="принял"><tfr rev_id="1457756" t="принял"><v><l id="272700" t="принял"><g v="VERB"></g><g v="perf"></g><g v="tran"></g><g v="masc"></g><g v="sing"></g><g v="past"></g><g v="indc"></g></l></v></tfr></token><token id="625511" text="резолюцию"><tfr rev_id="1457757" t="резолюцию"><v><l id="305353" t="резолюция"><g v="NOUN"></g><g v="inan"></g><g v="femn"></g><g v="sing"></g><g v="accs"></g></l></v></tfr></token><token id="625512" text=","><tfr rev_id="1457758" t=","><v><l id="0" t=","><g v="PNCT"></g></l></v></tfr></token><token id="625513" text="запрещающую"><tfr rev_id="1457759" t="запрещающую"><v><l id="107945" t="запрещающий"><g v="PRTF"></g><g v="impf"></g><g v="tran"></g><g v="pres"></g><g v="actv"></g><g v="femn"></g><g v="sing"></g><g v="accs"></g></l></v></tfr></token><token id="625514" text="авиации"><tfr rev_id="4240255" t="авиации"><v><l id="2730" t="авиация"><g v="NOUN"></g><g v="inan"></g><g v="femn"></g><g v="sing"></g><g v="datv"></g></l></v></tfr></token><token id="625515" text="армии"><tfr rev_id="4263546" t="армии"><v><l id="16905" t="армия"><g v="NOUN"></g><g v="inan"></g><g v="femn"></g><g v="sing"></g><g v="gent"></g></l></v></tfr></token><token id="625516" text="Каддафи"><tfr rev_id="4327238" t="Каддафи"><v><l id="388626" t="каддафи"><g v="NOUN"></g><g v="anim"></g><g v="ms-f"></g><g v="Fixd"></g><g v="Surn"></g><g v="sing"></g><g v="nomn"></g></l></v><v><l id="388626" t="каддафи"><g v="NOUN"></g><g v="anim"></g><g v="ms-f"></g><g v="Fixd"></g><g v="Surn"></g><g v="sing"></g><g v="gent"></g></l></v><v><l id="388626" t="каддафи"><g v="NOUN"></g><g v="anim"></g><g v="ms-f"></g><g v="Fixd"></g><g v="Surn"></g><g v="sing"></g><g v="datv"></g></l></v><v><l id="388626" t="каддафи"><g v="NOUN"></g><g v="anim"></g><g v="ms-f"></g><g v="Fixd"></g><g v="Surn"></g><g v="sing"></g><g v="accs"></g></l></v><v><l id="388626" t="каддафи"><g v="NOUN"></g><g v="anim"></g><g v="ms-f"></g><g v="Fixd"></g><g v="Surn"></g><g v="sing"></g><g v="ablt"></g></l></v><v><l id="388626" t="каддафи"><g v="NOUN"></g><g v="anim"></g><g v="ms-f"></g><g v="Fixd"></g><g v="Surn"></g><g v="sing"></g><g v="loct"></g></l></v></tfr></token><token id="625517" text="осуществлять"><tfr rev_id="1457763" t="осуществлять"><v><l id="211540" t="осуществлять"><g v="INFN"></g><g v="impf"></g><g v="tran"></g></l></v></tfr></token><token id="625518" text="полёты"><tfr rev_id="3716330" t="полёты"><v><l id="255108" t="полёт"><g v="NOUN"></g><g v="inan"></g><g v="masc"></g><g v="plur"></g><g v="accs"></g></l></v></tfr></token><token id="625519" text="над"><tfr rev_id="1457765" t="над"><v><l id="168356" t="над"><g v="PREP"></g></l></v></tfr></token><token id="625520" text="Ливией"><tfr rev_id="1457766" t="Ливией"><v><l id="148960" t="ливия"><g v="NOUN"></g><g v="inan"></g><g v="femn"></g><g v="Sgtm"></g><g v="Geox"></g><g v="sing"></g><g v="ablt"></g></l></v></tfr></token><token id="625521" text=","><tfr rev_id="1457767" t=","><v><l id="0" t=","><g v="PNCT"></g></l></v></tfr></token><token id="625522" text="в"><tfr rev_id="1457768" t="в"><v><l id="37409" t="в"><g v="PREP"></g></l></v></tfr></token><token id="625523" text="связи"><tfr rev_id="4464434" t="связи"><v><l id="316572" t="связь"><g v="NOUN"></g><g v="inan"></g><g v="femn"></g><g v="sing"></g><g v="loc1"></g></l></v><v><l id="316572" t="связь"><g v="NOUN"></g><g v="inan"></g><g v="femn"></g><g v="sing"></g><g v="loc2"></g></l></v></tfr></token><token id="625524" text="с"><tfr rev_id="1457770" t="с"><v><l id="311151" t="с"><g v="PREP"></g></l></v></tfr></token><token id="625525" text="тем"><tfr rev_id="4534869" t="тем"><v><l id="348430" t="тот"><g v="ADJF"></g><g v="Subx"></g><g v="Apro"></g><g v="Anph"></g><g v="masc"></g><g v="sing"></g><g v="ablt"></g></l></v><v><l id="348430" t="тот"><g v="ADJF"></g><g v="Subx"></g><g v="Apro"></g><g v="Anph"></g><g v="neut"></g><g v="sing"></g><g v="ablt"></g></l></v></tfr></token><token id="625526" text=","><tfr rev_id="1457772" t=","><v><l id="0" t=","><g v="PNCT"></g></l></v></tfr></token><token id="625527" text="что"><tfr rev_id="3197052" t="что"><v><l id="377004" t="что"><g v="CONJ"></g></l></v><v><l id="377005" t="что"><g v="NPRO"></g><g v="neut"></g><g v="sing"></g><g v="nomn"></g></l></v><v><l id="377005" t="что"><g v="NPRO"></g><g v="neut"></g><g v="sing"></g><g v="accs"></g></l></v><v><l id="377006" t="что"><g v="ADVB"></g><g v="Ques"></g></l></v><v><l id="388695" t="что"><g v="PRCL"></g></l></v></tfr></token><token id="625528" text="войска"><tfr rev_id="3762542" t="войска"><v><l id="49729" t="войско"><g v="NOUN"></g><g v="inan"></g><g v="neut"></g><g v="plur"></g><g v="nomn"></g></l></v></tfr></token><token id="625529" text="полковника"><tfr rev_id="4390018" t="полковника"><v><l id="256010" t="полковник"><g v="NOUN"></g><g v="anim"></g><g v="masc"></g><g v="sing"></g><g v="gent"></g></l></v></tfr></token><token id="625530" text="бомбили"><tfr rev_id="1457776" t="бомбили"><v><l id="32502" t="бомблю"><g v="VERB"></g><g v="impf"></g><g v="tran"></g><g v="plur"></g><g v="past"></g><g v="indc"></g></l></v></tfr></token><token id="625531" text="населённые"><tfr rev_id="1457777" t="населённые"><v><l id="175224" t="населённый"><g v="ADJF"></g><g v="Qual"></g><g v="plur"></g><g v="nomn"></g></l></v><v><l id="175224" t="населённый"><g v="ADJF"></g><g v="Qual"></g><g v="inan"></g><g v="plur"></g><g v="accs"></g></l></v><v><l id="175232" t="населённый"><g v="PRTF"></g><g v="perf"></g><g v="tran"></g><g v="past"></g><g v="pssv"></g><g v="plur"></g><g v="nomn"></g></l></v><v><l id="175232" t="населённый"><g v="PRTF"></g><g v="perf"></g><g v="tran"></g><g v="past"></g><g v="pssv"></g><g v="inan"></g><g v="plur"></g><g v="accs"></g></l></v></tfr></token><token id="625532" text="пункты"><tfr rev_id="3727315" t="пункты"><v><l id="289177" t="пункт"><g v="NOUN"></g><g v="inan"></g><g v="masc"></g><g v="plur"></g><g v="accs"></g></l></v></tfr></token><token id="625533" text=","><tfr rev_id="1457779" t=","><v><l id="0" t=","><g v="PNCT"></g></l></v></tfr></token><token id="625534" text="в"><tfr rev_id="1457780" t="в"><v><l id="37409" t="в"><g v="PREP"></g></l></v></tfr></token><token id="625535" text="которых"><tfr rev_id="4394114" t="которых"><v><l id="141203" t="который"><g v="ADJF"></g><g v="Apro"></g><g v="Subx"></g><g v="Anph"></g><g v="plur"></g><g v="loct"></g></l></v></tfr></token><token id="625536" text="проживали"><tfr rev_id="1457782" t="проживали"><v><l id="279718" t="проживаю"><g v="VERB"></g><g v="impf"></g><g v="tran"></g><g v="plur"></g><g v="past"></g><g v="indc"></g></l></v><v><l id="279725" t="проживаю"><g v="VERB"></g><g v="impf"></g><g v="intr"></g><g v="plur"></g><g v="past"></g><g v="indc"></g></l></v></tfr></token><token id="625537" text="мирные"><tfr rev_id="4086642" t="мирные"><v><l id="160883" t="мирный"><g v="ADJF"></g><g v="Qual"></g><g v="plur"></g><g v="nomn"></g></l></v></tfr></token><token id="625538" text="жители"><tfr rev_id="1457784" t="жители"><v><l id="97562" t="житель"><g v="NOUN"></g><g v="anim"></g><g v="masc"></g><g v="plur"></g><g v="nomn"></g></l></v></tfr></token><token id="625539" text="."><tfr rev_id="1457785" t="."><v><l id="0" t="."><g v="PNCT"></g></l></v></tfr></token></tokens></sentence><sentence id="35015"><source>Вскоре по военным и промышленным объектам, которые находятся под контролем Каддафи, начала наносить удары международная коалиция, командование над которой спустя несколько дней взяло на себя НАТО.</source><tokens><token id="625540" text="Вскоре"><tfr rev_id="1457786" t="Вскоре"><v><l id="53849" t="вскоре"><g v="ADVB"></g></l></v></tfr></token><token id="625541" text="по"><tfr rev_id="1457787" t="по"><v><l id="241240" t="по"><g v="PREP"></g></l></v></tfr></token><token id="625542" text="военным"><tfr rev_id="4500144" t="военным"><v><l id="48619" t="военный"><g v="ADJF"></g><g v="plur"></g><g v="datv"></g></l></v></tfr></token><token id="625543" text="и"><tfr rev_id="3813611" t="и"><v><l id="116949" t="и"><g v="CONJ"></g></l></v></tfr></token><token id="625544" text="промышленным"><tfr rev_id="3459289" t="промышленным"><v><l id="282338" t="промышленный"><g v="ADJF"></g><g v="plur"></g><g v="datv"></g></l></v></tfr></token><token id="625545" text="объектам"><tfr rev_id="1457791" t="объектам"><v><l id="201809" t="объект"><g v="NOUN"></g><g v="inan"></g><g v="masc"></g><g v="plur"></g><g v="datv"></g></l></v></tfr></token><token id="625546" text=","><tfr rev_id="1457792" t=","><v><l id="0" t=","><g v="PNCT"></g></l></v></tfr></token><token id="625547" text="которые"><tfr rev_id="3748654" t="которые"><v><l id="141203" t="который"><g v="ADJF"></g><g v="Apro"></g><g v="Subx"></g><g v="Anph"></g><g v="plur"></g><g v="nomn"></g></l></v></tfr></token><token id="625548" text="находятся"><tfr rev_id="1457794" t="находятся"><v><l id="177898" t="нахожусь"><g v="VERB"></g><g v="impf"></g><g v="intr"></g><g v="plur"></g><g v="3per"></g><g v="pres"></g><g v="indc"></g></l></v><v><l id="177903" t="находился"><g v="VERB"></g><g v="perf"></g><g v="intr"></g><g v="plur"></g><g v="3per"></g><g v="futr"></g><g v="indc"></g></l></v></tfr></token><token id="625549" text="под"><tfr rev_id="1717996" t="под"><v><l id="243755" t="под"><g v="PREP"></g></l></v></tfr></token><token id="625550" text="контролем"><tfr rev_id="1457796" t="контролем"><v><l id="138615" t="контроль"><g v="NOUN"></g><g v="inan"></g><g v="masc"></g><g v="sing"></g><g v="ablt"></g></l></v></tfr></token><token id="625551" text="Каддафи"><tfr rev_id="4327239" t="Каддафи"><v><l id="388626" t="каддафи"><g v="NOUN"></g><g v="anim"></g><g v="ms-f"></g><g v="Fixd"></g><g v="Surn"></g><g v="sing"></g><g v="nomn"></g></l></v><v><l id="388626" t="каддафи"><g v="NOUN"></g><g v="anim"></g><g v="ms-f"></g><g v="Fixd"></g><g v="Surn"></g><g v="sing"></g><g v="gent"></g></l></v><v><l id="388626" t="каддафи"><g v="NOUN"></g><g v="anim"></g><g v="ms-f"></g><g v="Fixd"></g><g v="Surn"></g><g v="sing"></g><g v="datv"></g></l></v><v><l id="388626" t="каддафи"><g v="NOUN"></g><g v="anim"></g><g v="ms-f"></g><g v="Fixd"></g><g v="Surn"></g><g v="sing"></g><g v="accs"></g></l></v><v><l id="388626" t="каддафи"><g v="NOUN"></g><g v="anim"></g><g v="ms-f"></g><g v="Fixd"></g><g v="Surn"></g><g v="sing"></g><g v="ablt"></g></l></v><v><l id="388626" t="каддафи"><g v="NOUN"></g><g v="anim"></g><g v="ms-f"></g><g v="Fixd"></g><g v="Surn"></g><g v="sing"></g><g v="loct"></g></l></v></tfr></token><token id="625552" text=","><tfr rev_id="1457798" t=","><v><l id="0" t=","><g v="PNCT"></g></l></v></tfr></token><token id="625553" text="начала"><tfr rev_id="1715679" t="начала"><v><l id="178224" t="начал"><g v="VERB"></g><g v="perf"></g><g v="tran"></g><g v="femn"></g><g v="sing"></g><g v="past"></g><g v="indc"></g></l></v></tfr></token><token id="625554" text="наносить"><tfr rev_id="1457800" t="наносить"><v><l id="172958" t="наносить"><g v="INFN"></g><g v="impf"></g><g v="tran"></g></l></v><v><l id="172965" t="наносить"><g v="INFN"></g><g v="perf"></g><g v="tran"></g></l></v></tfr></token><token id="625555" text="удары"><tfr rev_id="3757445" t="удары"><v><l id="354672" t="удар"><g v="NOUN"></g><g v="inan"></g><g v="masc"></g><g v="plur"></g><g v="accs"></g></l></v></tfr></token><token id="625556" text="международная"><tfr rev_id="1457802" t="международная"><v><l id="157346" t="международный"><g v="ADJF"></g><g v="femn"></g><g v="sing"></g><g v="nomn"></g></l></v></tfr></token><token id="625557" text="коалиция"><tfr rev_id="1457803" t="коалиция"><v><l id="134963" t="коалиция"><g v="NOUN"></g><g v="inan"></g><g v="femn"></g><g v="sing"></g><g v="nomn"></g></l></v></tfr></token><token id="625558" text=","><tfr rev_id="1457804" t=","><v><l id="0" t=","><g v="PNCT"></g></l></v></tfr></token><token id="625559" text="командование"><tfr rev_id="1457805" t="командование"><v><l id="136745" t="командование"><g v="NOUN"></g><g v="inan"></g><g v="neut"></g><g v="sing"></g><g v="nomn"></g></l></v><v><l id="136745" t="командование"><g v="NOUN"></g><g v="inan"></g><g v="neut"></g><g v="sing"></g><g v="accs"></g></l></v></tfr></token><token id="625560" text="над"><tfr rev_id="1457806" t="над"><v><l id="168356" t="над"><g v="PREP"></g></l></v></tfr></token><token id="625561" text="которой"><tfr rev_id="4161691" t="которой"><v><l id="141203" t="который"><g v="ADJF"></g><g v="Apro"></g><g v="Subx"></g><g v="Anph"></g><g v="femn"></g><g v="sing"></g><g v="ablt"></g></l></v></tfr></token><token id="625562" text="спустя"><tfr rev_id="3458310" t="спустя"><v><l id="333221" t="спустя"><g v="PREP"></g></l></v></tfr></token><token id="625563" text="несколько"><tfr rev_id="4176432" t="несколько"><v><l id="188126" t="несколько"><g v="NUMR"></g><g v="nomn"></g></l></v><v><l id="188126" t="несколько"><g v="NUMR"></g><g v="inan"></g><g v="accs"></g></l></v></tfr></token><token id="625564" text="дней"><tfr rev_id="1457810" t="дней"><v><l id="81427" t="день"><g v="NOUN"></g><g v="inan"></g><g v="masc"></g><g v="plur"></g><g v="gent"></g></l></v></tfr></token><token id="625565" text="взяло"><tfr rev_id="1457811" t="взяло"><v><l id="44304" t="взял"><g v="VERB"></g><g v="perf"></g><g v="tran"></g><g v="neut"></g><g v="sing"></g><g v="past"></g><g v="indc"></g></l></v></tfr></token><token id="625566" text="на"><tfr rev_id="3330509" t="на"><v><l id="166264" t="на"><g v="PREP"></g></l></v></tfr></token><token id="625567" text="себя"><tfr rev_id="3634961" t="себя"><v><l id="317456" t="себя"><g v="NPRO"></g><g v="Anph"></g><g v="sing"></g><g v="accs"></g></l></v></tfr></token><token id="625568" text="НАТО"><tfr rev_id="4161516" t="НАТО"><v><l id="176969" t="нато"><g v="NOUN"></g><g v="inan"></g><g v="femn"></g><g v="Sgtm"></g><g v="Fixd"></g><g v="Abbr"></g><g v="Orgn"></g><g v="sing"></g><g v="nomn"></g></l></v></tfr></token><token id="625569" text="."><tfr rev_id="1457815" t="."><v><l id="0" t="."><g v="PNCT"></g></l></v></tfr></token></tokens></sentence></paragraph></paragraphs></text>