<?xml version="1.0" encoding="utf-8"?><text id="1199" parent="56" name="Россия реконструирует ТрансКАМ"><tags><tag>Автор:http://ru.wikinews.org/wiki/Участник:Velopilger</tag><tag>Дата:05/09</tag><tag>Год:2009</tag><tag>Гео:ВикиКатегория:Россия</tag><tag>Гео:ВикиКатегория:Южная Осетия</tag><tag>url:http://ru.wikinews.org/w/index.php?title=Россия_реконструирует_ТрансКАМ&amp;oldid=44376</tag><tag>Тема:ВикиКатегория:Автомобильные дороги</tag></tags><paragraphs><paragraph id="11174"><sentence id="35066"><source>Как 5 сентября заявил глава Спецстроя России, генерал армии Николай Аброськин,</source><tokens><token id="626596" text="Как"><tfr rev_id="1458719" t="Как"><v><l id="128190" t="как"><g v="CONJ"></g></l></v><v><l id="128191" t="как"><g v="PRCL"></g></l></v><v><l id="128192" t="как"><g v="ADVB"></g><g v="Ques"></g></l></v></tfr></token><token id="626597" text="5"><tfr rev_id="2462000" t="5"><v><l id="0" t="5"><g v="NUMB"></g></l></v></tfr></token><token id="626598" text="сентября"><tfr rev_id="1458721" t="сентября"><v><l id="318866" t="сентябрь"><g v="NOUN"></g><g v="inan"></g><g v="masc"></g><g v="sing"></g><g v="gent"></g></l></v></tfr></token><token id="626599" text="заявил"><tfr rev_id="1458722" t="заявил"><v><l id="114300" t="заявил"><g v="VERB"></g><g v="perf"></g><g v="tran"></g><g v="masc"></g><g v="sing"></g><g v="past"></g><g v="indc"></g></l></v></tfr></token><token id="626600" text="глава"><tfr rev_id="4572285" t="глава"><v><l id="70790" t="глава"><g v="NOUN"></g><g v="anim"></g><g v="ms-f"></g><g v="sing"></g><g v="nomn"></g></l></v></tfr></token><token id="626601" text="Спецстроя"><tfr rev_id="1458724" t="Спецстроя"><v><l id="331988" t="спецстрой"><g v="NOUN"></g><g v="inan"></g><g v="masc"></g><g v="Sgtm"></g><g v="Orgn"></g><g v="sing"></g><g v="gent"></g></l></v></tfr></token><token id="626602" text="России"><tfr rev_id="2922512" t="России"><v><l id="309322" t="россия"><g v="NOUN"></g><g v="inan"></g><g v="femn"></g><g v="Sgtm"></g><g v="Geox"></g><g v="sing"></g><g v="gent"></g></l></v></tfr></token><token id="626603" text=","><tfr rev_id="1458726" t=","><v><l id="0" t=","><g v="PNCT"></g></l></v></tfr></token><token id="626604" text="генерал"><tfr rev_id="1458727" t="генерал"><v><l id="68488" t="генерал"><g v="NOUN"></g><g v="anim"></g><g v="masc"></g><g v="sing"></g><g v="nomn"></g></l></v></tfr></token><token id="626605" text="армии"><tfr rev_id="4164442" t="армии"><v><l id="16905" t="армия"><g v="NOUN"></g><g v="inan"></g><g v="femn"></g><g v="sing"></g><g v="gent"></g></l></v></tfr></token><token id="626606" text="Николай"><tfr rev_id="1458729" t="Николай"><v><l id="190957" t="николай"><g v="NOUN"></g><g v="anim"></g><g v="masc"></g><g v="Name"></g><g v="sing"></g><g v="nomn"></g></l></v></tfr></token><token id="626607" text="Аброськин"><tfr rev_id="1458730" t="Аброськин"><v><l id="1785" t="аброськин"><g v="NOUN"></g><g v="anim"></g><g v="masc"></g><g v="Sgtm"></g><g v="Surn"></g><g v="sing"></g><g v="nomn"></g></l></v></tfr></token><token id="626608" text=","><tfr rev_id="1458731" t=","><v><l id="0" t=","><g v="PNCT"></g></l></v></tfr></token></tokens></sentence><sentence id="35067"><source>«В настоящее время мы завершаем строительство и реконструкцию около 100 объектов в Цхинвали и уже приступили к реконструкции Рокского тоннеля, а также ряда мостов и тоннелей на Транскавказской магистрали».</source><tokens><token id="626609" text="«"><tfr rev_id="2444544" t="«"><v><l id="0" t="«"><g v="PNCT"></g></l></v></tfr></token><token id="626610" text="В"><tfr rev_id="1458733" t="В"><v><l id="37409" t="в"><g v="PREP"></g></l></v></tfr></token><token id="626611" text="настоящее"><tfr rev_id="4254052" t="настоящее"><v><l id="176151" t="настоящий"><g v="ADJF"></g><g v="neut"></g><g v="sing"></g><g v="nomn"></g></l></v><v><l id="176151" t="настоящий"><g v="ADJF"></g><g v="neut"></g><g v="sing"></g><g v="accs"></g></l></v></tfr></token><token id="626612" text="время"><tfr rev_id="1458735" t="время"><v><l id="53149" t="время"><g v="NOUN"></g><g v="inan"></g><g v="neut"></g><g v="sing"></g><g v="nomn"></g></l></v><v><l id="53149" t="время"><g v="NOUN"></g><g v="inan"></g><g v="neut"></g><g v="sing"></g><g v="accs"></g></l></v></tfr></token><token id="626613" text="мы"><tfr rev_id="1458736" t="мы"><v><l id="165750" t="мы"><g v="NPRO"></g><g v="1per"></g><g v="plur"></g><g v="nomn"></g></l></v></tfr></token><token id="626614" text="завершаем"><tfr rev_id="2825300" t="завершаем"><v><l id="99424" t="завершаю"><g v="VERB"></g><g v="impf"></g><g v="tran"></g><g v="plur"></g><g v="1per"></g><g v="pres"></g><g v="indc"></g></l></v></tfr></token><token id="626615" text="строительство"><tfr rev_id="4348552" t="строительство"><v><l id="337671" t="строительство"><g v="NOUN"></g><g v="inan"></g><g v="neut"></g><g v="sing"></g><g v="accs"></g></l></v></tfr></token><token id="626616" text="и"><tfr rev_id="1458739" t="и"><v><l id="116949" t="и"><g v="CONJ"></g></l></v><v><l id="116950" t="и"><g v="INTJ"></g></l></v></tfr></token><token id="626617" text="реконструкцию"><tfr rev_id="1458740" t="реконструкцию"><v><l id="305795" t="реконструкция"><g v="NOUN"></g><g v="inan"></g><g v="femn"></g><g v="sing"></g><g v="accs"></g></l></v></tfr></token><token id="626618" text="около"><tfr rev_id="4456315" t="около"><v><l id="205005" t="около"><g v="PREP"></g></l></v></tfr></token><token id="626619" text="100"><tfr rev_id="2462001" t="100"><v><l id="0" t="100"><g v="NUMB"></g></l></v></tfr></token><token id="626620" text="объектов"><tfr rev_id="3704337" t="объектов"><v><l id="201809" t="объект"><g v="NOUN"></g><g v="inan"></g><g v="masc"></g><g v="plur"></g><g v="gent"></g></l></v></tfr></token><token id="626621" text="в"><tfr rev_id="1458744" t="в"><v><l id="37409" t="в"><g v="PREP"></g></l></v></tfr></token><token id="626622" text="Цхинвали"><tfr rev_id="4285683" t="Цхинвали"><v><l id="374292" t="цхинвали"><g v="NOUN"></g><g v="inan"></g><g v="masc"></g><g v="Sgtm"></g><g v="Fixd"></g><g v="Geox"></g><g v="sing"></g><g v="loct"></g></l></v></tfr></token><token id="626623" text="и"><tfr rev_id="1458746" t="и"><v><l id="116949" t="и"><g v="CONJ"></g></l></v><v><l id="116950" t="и"><g v="INTJ"></g></l></v></tfr></token><token id="626624" text="уже"><tfr rev_id="2692767" t="уже"><v><l id="355422" t="уж"><g v="NOUN"></g><g v="anim"></g><g v="masc"></g><g v="sing"></g><g v="loct"></g></l></v><v><l id="355498" t="уже"><g v="ADVB"></g></l></v><v><l id="355674" t="уже"><g v="COMP"></g><g v="Qual"></g></l></v><v><l id="388673" t="уже"><g v="PRCL"></g></l></v></tfr></token><token id="626625" text="приступили"><tfr rev_id="1458748" t="приступили"><v><l id="274930" t="приступил"><g v="VERB"></g><g v="perf"></g><g v="intr"></g><g v="plur"></g><g v="past"></g><g v="indc"></g></l></v></tfr></token><token id="626626" text="к"><tfr rev_id="1458749" t="к"><v><l id="127460" t="к"><g v="PREP"></g></l></v></tfr></token><token id="626627" text="реконструкции"><tfr rev_id="4343779" t="реконструкции"><v><l id="305795" t="реконструкция"><g v="NOUN"></g><g v="inan"></g><g v="femn"></g><g v="sing"></g><g v="datv"></g></l></v></tfr></token><token id="626628" text="Рокского"><tfr rev_id="3408297" t="Рокского"><v><l id="308745" t="рокский"><g v="ADJF"></g><g v="masc"></g><g v="sing"></g><g v="gent"></g></l></v><v><l id="308745" t="рокский"><g v="ADJF"></g><g v="anim"></g><g v="masc"></g><g v="sing"></g><g v="accs"></g></l></v></tfr></token><token id="626629" text="тоннеля"><tfr rev_id="1458752" t="тоннеля"><v><l id="347736" t="тоннель"><g v="NOUN"></g><g v="inan"></g><g v="masc"></g><g v="sing"></g><g v="gent"></g></l></v></tfr></token><token id="626630" text=","><tfr rev_id="1458753" t=","><v><l id="0" t=","><g v="PNCT"></g></l></v></tfr></token><token id="626631" text="а"><tfr rev_id="3410750" t="а"><v><l id="51" t="а"><g v="CONJ"></g></l></v></tfr></token><token id="626632" text="также"><tfr rev_id="4267766" t="также"><v><l id="342482" t="также"><g v="PRCL"></g></l></v></tfr></token><token id="626633" text="ряда"><tfr rev_id="1458756" t="ряда"><v><l id="311045" t="ряд"><g v="NOUN"></g><g v="inan"></g><g v="masc"></g><g v="sing"></g><g v="gent"></g></l></v></tfr></token><token id="626634" text="мостов"><tfr rev_id="1458757" t="мостов"><v><l id="164016" t="мост"><g v="NOUN"></g><g v="inan"></g><g v="masc"></g><g v="plur"></g><g v="gent"></g></l></v></tfr></token><token id="626635" text="и"><tfr rev_id="3480631" t="и"><v><l id="116949" t="и"><g v="CONJ"></g></l></v></tfr></token><token id="626636" text="тоннелей"><tfr rev_id="1458759" t="тоннелей"><v><l id="347736" t="тоннель"><g v="NOUN"></g><g v="inan"></g><g v="masc"></g><g v="plur"></g><g v="gent"></g></l></v></tfr></token><token id="626637" text="на"><tfr rev_id="3343517" t="на"><v><l id="166264" t="на"><g v="PREP"></g></l></v></tfr></token><token id="626638" text="Транскавказской"><tfr rev_id="1458761" t="Транскавказской"><v><l id="0" t="транскавказской"><g v="UNKN"></g></l></v></tfr></token><token id="626639" text="магистрали"><tfr rev_id="4288149" t="магистрали"><v><l id="152631" t="магистраль"><g v="NOUN"></g><g v="inan"></g><g v="femn"></g><g v="sing"></g><g v="loct"></g></l></v></tfr></token><token id="626640" text="»"><tfr rev_id="2444545" t="»"><v><l id="0" t="»"><g v="PNCT"></g></l></v></tfr></token><token id="626641" text="."><tfr rev_id="1458764" t="."><v><l id="0" t="."><g v="PNCT"></g></l></v></tfr></token></tokens></sentence></paragraph><paragraph id="11175"><sentence id="35068"><source>Прошло чуть более года после военного конфликта между Южной Осетией и Грузией и время показало, что Транскавказская автомагисталь по своим техническим параметрам уже не соответствует реалиям времени.</source><tokens><token id="626642" text="Прошло"><tfr rev_id="4328312" t="Прошло"><v><l id="280310" t="прошёл"><g v="VERB"></g><g v="perf"></g><g v="tran"></g><g v="neut"></g><g v="sing"></g><g v="past"></g><g v="indc"></g></l></v></tfr></token><token id="626643" text="чуть"><tfr rev_id="1458766" t="чуть"><v><l id="377430" t="чуть"><g v="ADVB"></g></l></v><v><l id="377431" t="чуть"><g v="CONJ"></g></l></v></tfr></token><token id="626644" text="более"><tfr rev_id="1458767" t="более"><v><l id="32065" t="более"><g v="ADVB"></g></l></v></tfr></token><token id="626645" text="года"><tfr rev_id="3433985" t="года"><v><l id="72149" t="год"><g v="NOUN"></g><g v="inan"></g><g v="masc"></g><g v="sing"></g><g v="gen1"></g></l></v></tfr></token><token id="626646" text="после"><tfr rev_id="4403603" t="после"><v><l id="261542" t="после"><g v="PREP"></g></l></v></tfr></token><token id="626647" text="военного"><tfr rev_id="4493905" t="военного"><v><l id="48619" t="военный"><g v="ADJF"></g><g v="masc"></g><g v="sing"></g><g v="gent"></g></l></v><v><l id="48619" t="военный"><g v="ADJF"></g><g v="anim"></g><g v="masc"></g><g v="sing"></g><g v="accs"></g></l></v></tfr></token><token id="626648" text="конфликта"><tfr rev_id="1458771" t="конфликта"><v><l id="138849" t="конфликт"><g v="NOUN"></g><g v="inan"></g><g v="masc"></g><g v="sing"></g><g v="gent"></g></l></v></tfr></token><token id="626649" text="между"><tfr rev_id="1458772" t="между"><v><l id="157306" t="между"><g v="PREP"></g></l></v></tfr></token><token id="626650" text="Южной"><tfr rev_id="4423650" t="Южной"><v><l id="386888" t="южный"><g v="ADJF"></g><g v="Qual"></g><g v="femn"></g><g v="sing"></g><g v="ablt"></g></l></v></tfr></token><token id="626651" text="Осетией"><tfr rev_id="1458774" t="Осетией"><v><l id="209882" t="осетия"><g v="NOUN"></g><g v="inan"></g><g v="femn"></g><g v="Sgtm"></g><g v="Geox"></g><g v="sing"></g><g v="ablt"></g></l></v></tfr></token><token id="626652" text="и"><tfr rev_id="1458775" t="и"><v><l id="116949" t="и"><g v="CONJ"></g></l></v><v><l id="116950" t="и"><g v="INTJ"></g></l></v></tfr></token><token id="626653" text="Грузией"><tfr rev_id="1458776" t="Грузией"><v><l id="75981" t="грузия"><g v="NOUN"></g><g v="inan"></g><g v="femn"></g><g v="Sgtm"></g><g v="Geox"></g><g v="sing"></g><g v="ablt"></g></l></v></tfr></token><token id="626654" text="и"><tfr rev_id="1458777" t="и"><v><l id="116949" t="и"><g v="CONJ"></g></l></v><v><l id="116950" t="и"><g v="INTJ"></g></l></v></tfr></token><token id="626655" text="время"><tfr rev_id="4107922" t="время"><v><l id="53149" t="время"><g v="NOUN"></g><g v="inan"></g><g v="neut"></g><g v="sing"></g><g v="nomn"></g></l></v></tfr></token><token id="626656" text="показало"><tfr rev_id="1458779" t="показало"><v><l id="253982" t="показал"><g v="VERB"></g><g v="perf"></g><g v="tran"></g><g v="neut"></g><g v="sing"></g><g v="past"></g><g v="indc"></g></l></v></tfr></token><token id="626657" text=","><tfr rev_id="1458780" t=","><v><l id="0" t=","><g v="PNCT"></g></l></v></tfr></token><token id="626658" text="что"><tfr rev_id="3197059" t="что"><v><l id="377004" t="что"><g v="CONJ"></g></l></v><v><l id="377005" t="что"><g v="NPRO"></g><g v="neut"></g><g v="sing"></g><g v="nomn"></g></l></v><v><l id="377005" t="что"><g v="NPRO"></g><g v="neut"></g><g v="sing"></g><g v="accs"></g></l></v><v><l id="377006" t="что"><g v="ADVB"></g><g v="Ques"></g></l></v><v><l id="388695" t="что"><g v="PRCL"></g></l></v></tfr></token><token id="626659" text="Транскавказская"><tfr rev_id="1458782" t="Транскавказская"><v><l id="0" t="транскавказская"><g v="UNKN"></g></l></v></tfr></token><token id="626660" text="автомагисталь"><tfr rev_id="1458783" t="автомагисталь"><v><l id="0" t="автомагисталь"><g v="UNKN"></g></l></v></tfr></token><token id="626661" text="по"><tfr rev_id="1458784" t="по"><v><l id="241240" t="по"><g v="PREP"></g></l></v></tfr></token><token id="626662" text="своим"><tfr rev_id="3630819" t="своим"><v><l id="316379" t="свой"><g v="ADJF"></g><g v="Apro"></g><g v="Anph"></g><g v="plur"></g><g v="datv"></g></l></v></tfr></token><token id="626663" text="техническим"><tfr rev_id="3668844" t="техническим"><v><l id="345946" t="технический"><g v="ADJF"></g><g v="plur"></g><g v="datv"></g></l></v></tfr></token><token id="626664" text="параметрам"><tfr rev_id="1458787" t="параметрам"><v><l id="223782" t="параметр"><g v="NOUN"></g><g v="inan"></g><g v="masc"></g><g v="plur"></g><g v="datv"></g></l></v></tfr></token><token id="626665" text="уже"><tfr rev_id="2692768" t="уже"><v><l id="355422" t="уж"><g v="NOUN"></g><g v="anim"></g><g v="masc"></g><g v="sing"></g><g v="loct"></g></l></v><v><l id="355498" t="уже"><g v="ADVB"></g></l></v><v><l id="355674" t="уже"><g v="COMP"></g><g v="Qual"></g></l></v><v><l id="388673" t="уже"><g v="PRCL"></g></l></v></tfr></token><token id="626666" text="не"><tfr rev_id="1458789" t="не"><v><l id="178876" t="не"><g v="PRCL"></g></l></v></tfr></token><token id="626667" text="соответствует"><tfr rev_id="1458790" t="соответствует"><v><l id="329624" t="соответствую"><g v="VERB"></g><g v="impf"></g><g v="intr"></g><g v="sing"></g><g v="3per"></g><g v="pres"></g><g v="indc"></g></l></v></tfr></token><token id="626668" text="реалиям"><tfr rev_id="1458791" t="реалиям"><v><l id="304454" t="реалия"><g v="NOUN"></g><g v="inan"></g><g v="femn"></g><g v="plur"></g><g v="datv"></g></l></v></tfr></token><token id="626669" text="времени"><tfr rev_id="3546663" t="времени"><v><l id="53149" t="время"><g v="NOUN"></g><g v="inan"></g><g v="neut"></g><g v="sing"></g><g v="gent"></g></l></v></tfr></token><token id="626670" text="."><tfr rev_id="1458793" t="."><v><l id="0" t="."><g v="PNCT"></g></l></v></tfr></token></tokens></sentence><sentence id="35069"><source>Построенная ещё Советским Союзом (стройка закончилась в 1985 году), дорога и её инженерная инфраструктура физически устарела и её уже давно нужно было реконструировать, как мосты и тоннели, так и само полотно.</source><tokens><token id="626671" text="Построенная"><tfr rev_id="1458794" t="Построенная"><v><l id="262524" t="построенный"><g v="PRTF"></g><g v="perf"></g><g v="tran"></g><g v="past"></g><g v="pssv"></g><g v="femn"></g><g v="sing"></g><g v="nomn"></g></l></v></tfr></token><token id="626672" text="ещё"><tfr rev_id="1458795" t="ещё"><v><l id="95551" t="ещё"><g v="PRCL"></g></l></v><v><l id="95552" t="ещё"><g v="ADVB"></g></l></v></tfr></token><token id="626673" text="Советским"><tfr rev_id="4352167" t="Советским"><v><l id="327999" t="советский"><g v="ADJF"></g><g v="masc"></g><g v="sing"></g><g v="ablt"></g></l></v></tfr></token><token id="626674" text="Союзом"><tfr rev_id="1458797" t="Союзом"><v><l id="331314" t="союз"><g v="NOUN"></g><g v="inan"></g><g v="masc"></g><g v="sing"></g><g v="ablt"></g></l></v></tfr></token><token id="626675" text="("><tfr rev_id="1458798" t="("><v><l id="0" t="("><g v="PNCT"></g></l></v></tfr></token><token id="626676" text="стройка"><tfr rev_id="1458799" t="стройка"><v><l id="337713" t="стройка"><g v="NOUN"></g><g v="inan"></g><g v="femn"></g><g v="sing"></g><g v="nomn"></g></l></v></tfr></token><token id="626677" text="закончилась"><tfr rev_id="1458800" t="закончилась"><v><l id="103837" t="закончился"><g v="VERB"></g><g v="perf"></g><g v="intr"></g><g v="femn"></g><g v="sing"></g><g v="past"></g><g v="indc"></g></l></v></tfr></token><token id="626678" text="в"><tfr rev_id="1458801" t="в"><v><l id="37409" t="в"><g v="PREP"></g></l></v></tfr></token><token id="626679" text="1985"><tfr rev_id="2462002" t="1985"><v><l id="0" t="1985"><g v="NUMB"></g></l></v></tfr></token><token id="626680" text="году"><tfr rev_id="2699204" t="году"><v><l id="72149" t="год"><g v="NOUN"></g><g v="inan"></g><g v="masc"></g><g v="sing"></g><g v="loc2"></g></l></v></tfr></token><token id="626681" text=")"><tfr rev_id="1458804" t=")"><v><l id="0" t=")"><g v="PNCT"></g></l></v></tfr></token><token id="626682" text=","><tfr rev_id="1458805" t=","><v><l id="0" t=","><g v="PNCT"></g></l></v></tfr></token><token id="626683" text="дорога"><tfr rev_id="3463417" t="дорога"><v><l id="89707" t="дорога"><g v="NOUN"></g><g v="inan"></g><g v="femn"></g><g v="sing"></g><g v="nomn"></g></l></v></tfr></token><token id="626684" text="и"><tfr rev_id="1458807" t="и"><v><l id="116949" t="и"><g v="CONJ"></g></l></v><v><l id="116950" t="и"><g v="INTJ"></g></l></v></tfr></token><token id="626685" text="её"><tfr rev_id="4513747" t="её"><v><l id="94433" t="её"><g v="ADJF"></g><g v="Fixd"></g><g v="Apro"></g><g v="Anph"></g><g v="femn"></g><g v="sing"></g><g v="nomn"></g></l></v><v><l id="94433" t="её"><g v="ADJF"></g><g v="Fixd"></g><g v="Apro"></g><g v="Anph"></g><g v="femn"></g><g v="sing"></g><g v="gent"></g></l></v><v><l id="94433" t="её"><g v="ADJF"></g><g v="Fixd"></g><g v="Apro"></g><g v="Anph"></g><g v="femn"></g><g v="sing"></g><g v="datv"></g></l></v><v><l id="94433" t="её"><g v="ADJF"></g><g v="Fixd"></g><g v="Apro"></g><g v="Anph"></g><g v="femn"></g><g v="sing"></g><g v="accs"></g></l></v><v><l id="94433" t="её"><g v="ADJF"></g><g v="Fixd"></g><g v="Apro"></g><g v="Anph"></g><g v="femn"></g><g v="sing"></g><g v="ablt"></g></l></v><v><l id="94433" t="её"><g v="ADJF"></g><g v="Fixd"></g><g v="Apro"></g><g v="Anph"></g><g v="femn"></g><g v="sing"></g><g v="loct"></g></l></v></tfr></token><token id="626686" text="инженерная"><tfr rev_id="1458809" t="инженерная"><v><l id="122449" t="инженерный"><g v="ADJF"></g><g v="Qual"></g><g v="femn"></g><g v="sing"></g><g v="nomn"></g></l></v></tfr></token><token id="626687" text="инфраструктура"><tfr rev_id="1458810" t="инфраструктура"><v><l id="123617" t="инфраструктура"><g v="NOUN"></g><g v="inan"></g><g v="femn"></g><g v="sing"></g><g v="nomn"></g></l></v></tfr></token><token id="626688" text="физически"><tfr rev_id="1458811" t="физически"><v><l id="365736" t="физически"><g v="ADVB"></g></l></v></tfr></token><token id="626689" text="устарела"><tfr rev_id="4411306" t="устарела"><v><l id="361011" t="устарел"><g v="VERB"></g><g v="perf"></g><g v="intr"></g><g v="femn"></g><g v="sing"></g><g v="past"></g><g v="indc"></g></l></v></tfr></token><token id="626690" text="и"><tfr rev_id="3813542" t="и"><v><l id="116949" t="и"><g v="CONJ"></g></l></v></tfr></token><token id="626691" text="её"><tfr rev_id="3588155" t="её"><v><l id="206544" t="она"><g v="NPRO"></g><g v="femn"></g><g v="3per"></g><g v="Anph"></g><g v="sing"></g><g v="gent"></g></l></v><v><l id="206544" t="она"><g v="NPRO"></g><g v="femn"></g><g v="3per"></g><g v="Anph"></g><g v="sing"></g><g v="accs"></g></l></v></tfr></token><token id="626692" text="уже"><tfr rev_id="2692769" t="уже"><v><l id="355422" t="уж"><g v="NOUN"></g><g v="anim"></g><g v="masc"></g><g v="sing"></g><g v="loct"></g></l></v><v><l id="355498" t="уже"><g v="ADVB"></g></l></v><v><l id="355674" t="уже"><g v="COMP"></g><g v="Qual"></g></l></v><v><l id="388673" t="уже"><g v="PRCL"></g></l></v></tfr></token><token id="626693" text="давно"><tfr rev_id="1458816" t="давно"><v><l id="77708" t="давно"><g v="ADVB"></g></l></v></tfr></token><token id="626694" text="нужно"><tfr rev_id="1458817" t="нужно"><v><l id="192579" t="нужно"><g v="PRED"></g><g v="pres"></g></l></v><v><l id="192584" t="нужен"><g v="ADJS"></g><g v="Qual"></g><g v="neut"></g><g v="sing"></g></l></v></tfr></token><token id="626695" text="было"><tfr rev_id="3335418" t="было"><v><l id="37265" t="есть"><g v="VERB"></g><g v="impf"></g><g v="intr"></g><g v="neut"></g><g v="sing"></g><g v="past"></g><g v="indc"></g></l></v></tfr></token><token id="626696" text="реконструировать"><tfr rev_id="1458819" t="реконструировать"><v><l id="305774" t="реконструировать"><g v="INFN"></g><g v="perf"></g><g v="tran"></g></l></v><v><l id="305775" t="реконструировать"><g v="INFN"></g><g v="impf"></g><g v="tran"></g></l></v></tfr></token><token id="626697" text=","><tfr rev_id="1458820" t=","><v><l id="0" t=","><g v="PNCT"></g></l></v></tfr></token><token id="626698" text="как"><tfr rev_id="1458821" t="как"><v><l id="128190" t="как"><g v="CONJ"></g></l></v><v><l id="128191" t="как"><g v="PRCL"></g></l></v><v><l id="128192" t="как"><g v="ADVB"></g><g v="Ques"></g></l></v></tfr></token><token id="626699" text="мосты"><tfr rev_id="3749386" t="мосты"><v><l id="164016" t="мост"><g v="NOUN"></g><g v="inan"></g><g v="masc"></g><g v="plur"></g><g v="accs"></g></l></v></tfr></token><token id="626700" text="и"><tfr rev_id="1458823" t="и"><v><l id="116949" t="и"><g v="CONJ"></g></l></v><v><l id="116950" t="и"><g v="INTJ"></g></l></v></tfr></token><token id="626701" text="тоннели"><tfr rev_id="2757415" t="тоннели"><v><l id="347736" t="тоннель"><g v="NOUN"></g><g v="inan"></g><g v="masc"></g><g v="plur"></g><g v="accs"></g></l></v></tfr></token><token id="626702" text=","><tfr rev_id="1458825" t=","><v><l id="0" t=","><g v="PNCT"></g></l></v></tfr></token><token id="626703" text="так"><tfr rev_id="1458826" t="так"><v><l id="342451" t="так"><g v="CONJ"></g></l></v><v><l id="342452" t="так"><g v="PRCL"></g></l></v><v><l id="342453" t="так"><g v="ADVB"></g><g v="Dmns"></g></l></v></tfr></token><token id="626704" text="и"><tfr rev_id="3551940" t="и"><v><l id="116949" t="и"><g v="CONJ"></g></l></v></tfr></token><token id="626705" text="само"><tfr rev_id="1458828" t="само"><v><l id="312034" t="сам"><g v="ADJF"></g><g v="Apro"></g><g v="neut"></g><g v="sing"></g><g v="nomn"></g></l></v><v><l id="312034" t="сам"><g v="ADJF"></g><g v="Apro"></g><g v="neut"></g><g v="sing"></g><g v="accs"></g></l></v></tfr></token><token id="626706" text="полотно"><tfr rev_id="3300526" t="полотно"><v><l id="256485" t="полотно"><g v="NOUN"></g><g v="inan"></g><g v="neut"></g><g v="sing"></g><g v="accs"></g></l></v></tfr></token><token id="626707" text="."><tfr rev_id="1458830" t="."><v><l id="0" t="."><g v="PNCT"></g></l></v></tfr></token></tokens></sentence></paragraph><paragraph id="11176"><sentence id="35070"><source>Прошедшая многоснежная зима накрыла магисталь несколькими десятками лавин и Южная Осетия была отрезана от всего мира.</source><tokens><token id="626708" text="Прошедшая"><tfr rev_id="1458831" t="Прошедшая"><v><l id="280312" t="прошедший"><g v="PRTF"></g><g v="perf"></g><g v="tran"></g><g v="past"></g><g v="actv"></g><g v="femn"></g><g v="sing"></g><g v="nomn"></g></l></v><v><l id="287612" t="прошедший"><g v="ADJF"></g><g v="femn"></g><g v="sing"></g><g v="nomn"></g></l></v></tfr></token><token id="626709" text="многоснежная"><tfr rev_id="1458832" t="многоснежная"><v><l id="161928" t="многоснежный"><g v="ADJF"></g><g v="femn"></g><g v="sing"></g><g v="nomn"></g></l></v></tfr></token><token id="626710" text="зима"><tfr rev_id="1458833" t="зима"><v><l id="115412" t="зима"><g v="NOUN"></g><g v="inan"></g><g v="femn"></g><g v="sing"></g><g v="nomn"></g></l></v></tfr></token><token id="626711" text="накрыла"><tfr rev_id="1458834" t="накрыла"><v><l id="171607" t="накрыл"><g v="VERB"></g><g v="perf"></g><g v="tran"></g><g v="femn"></g><g v="sing"></g><g v="past"></g><g v="indc"></g></l></v></tfr></token><token id="626712" text="магисталь"><tfr rev_id="1458835" t="магисталь"><v><l id="0" t="магисталь"><g v="UNKN"></g></l></v></tfr></token><token id="626713" text="несколькими"><tfr rev_id="1458836" t="несколькими"><v><l id="188126" t="несколько"><g v="NUMR"></g><g v="ablt"></g></l></v></tfr></token><token id="626714" text="десятками"><tfr rev_id="4324003" t="десятками"><v><l id="82098" t="десятка"><g v="NOUN"></g><g v="inan"></g><g v="femn"></g><g v="plur"></g><g v="ablt"></g></l></v><v><l id="82106" t="десяток"><g v="NOUN"></g><g v="inan"></g><g v="masc"></g><g v="plur"></g><g v="ablt"></g></l></v></tfr></token><token id="626715" text="лавин"><tfr rev_id="1458838" t="лавин"><v><l id="146169" t="лавина"><g v="NOUN"></g><g v="inan"></g><g v="femn"></g><g v="plur"></g><g v="gent"></g></l></v></tfr></token><token id="626716" text="и"><tfr rev_id="3533494" t="и"><v><l id="116949" t="и"><g v="CONJ"></g></l></v></tfr></token><token id="626717" text="Южная"><tfr rev_id="1458840" t="Южная"><v><l id="386888" t="южный"><g v="ADJF"></g><g v="Qual"></g><g v="femn"></g><g v="sing"></g><g v="nomn"></g></l></v></tfr></token><token id="626718" text="Осетия"><tfr rev_id="1458841" t="Осетия"><v><l id="209882" t="осетия"><g v="NOUN"></g><g v="inan"></g><g v="femn"></g><g v="Sgtm"></g><g v="Geox"></g><g v="sing"></g><g v="nomn"></g></l></v></tfr></token><token id="626719" text="была"><tfr rev_id="1458842" t="была"><v><l id="37265" t="есть"><g v="VERB"></g><g v="impf"></g><g v="intr"></g><g v="femn"></g><g v="sing"></g><g v="past"></g><g v="indc"></g></l></v></tfr></token><token id="626720" text="отрезана"><tfr rev_id="1458843" t="отрезана"><v><l id="217396" t="отрезан"><g v="PRTS"></g><g v="perf"></g><g v="past"></g><g v="pssv"></g><g v="femn"></g><g v="sing"></g></l></v></tfr></token><token id="626721" text="от"><tfr rev_id="1458844" t="от"><v><l id="211644" t="от"><g v="PREP"></g></l></v></tfr></token><token id="626722" text="всего"><tfr rev_id="4507948" t="всего"><v><l id="42156" t="весь"><g v="ADJF"></g><g v="Subx"></g><g v="Apro"></g><g v="masc"></g><g v="sing"></g><g v="gent"></g></l></v><v><l id="42156" t="весь"><g v="ADJF"></g><g v="Subx"></g><g v="Apro"></g><g v="anim"></g><g v="masc"></g><g v="sing"></g><g v="accs"></g></l></v></tfr></token><token id="626723" text="мира"><tfr rev_id="3723178" t="мира"><v><l id="160807" t="мир"><g v="NOUN"></g><g v="inan"></g><g v="masc"></g><g v="sing"></g><g v="gen1"></g></l></v></tfr></token><token id="626724" text="."><tfr rev_id="1458847" t="."><v><l id="0" t="."><g v="PNCT"></g></l></v></tfr></token></tokens></sentence><sentence id="35410"><source>Осознавая, что такое положение может вызвать желание начать новый конфликт Грузии с Южной Осетией, Россия приняла решение начать крупную реконстукцию ТрансКАМа.</source><tokens><token id="626725" text="Осознавая"><tfr rev_id="1458848" t="Осознавая"><v><l id="210696" t="осознавая"><g v="GRND"></g><g v="impf"></g><g v="tran"></g><g v="pres"></g></l></v></tfr></token><token id="626726" text=","><tfr rev_id="1458849" t=","><v><l id="0" t=","><g v="PNCT"></g></l></v></tfr></token><token id="626727" text="что"><tfr rev_id="3197060" t="что"><v><l id="377004" t="что"><g v="CONJ"></g></l></v><v><l id="377005" t="что"><g v="NPRO"></g><g v="neut"></g><g v="sing"></g><g v="nomn"></g></l></v><v><l id="377005" t="что"><g v="NPRO"></g><g v="neut"></g><g v="sing"></g><g v="accs"></g></l></v><v><l id="377006" t="что"><g v="ADVB"></g><g v="Ques"></g></l></v><v><l id="388695" t="что"><g v="PRCL"></g></l></v></tfr></token><token id="626728" text="такое"><tfr rev_id="3806762" t="такое"><v><l id="342491" t="такой"><g v="ADJF"></g><g v="Apro"></g><g v="neut"></g><g v="sing"></g><g v="nomn"></g></l></v></tfr></token><token id="626729" text="положение"><tfr rev_id="4099411" t="положение"><v><l id="256255" t="положение"><g v="NOUN"></g><g v="inan"></g><g v="neut"></g><g v="sing"></g><g v="nomn"></g></l></v></tfr></token><token id="626730" text="может"><tfr rev_id="4233615" t="может"><v><l id="164485" t="могу"><g v="VERB"></g><g v="impf"></g><g v="intr"></g><g v="sing"></g><g v="3per"></g><g v="pres"></g><g v="indc"></g></l></v></tfr></token><token id="626731" text="вызвать"><tfr rev_id="1458854" t="вызвать"><v><l id="57526" t="вызвать"><g v="INFN"></g><g v="perf"></g><g v="tran"></g></l></v></tfr></token><token id="626732" text="желание"><tfr rev_id="4093352" t="желание"><v><l id="96267" t="желание"><g v="NOUN"></g><g v="inan"></g><g v="neut"></g><g v="sing"></g><g v="accs"></g></l></v></tfr></token><token id="626733" text="начать"><tfr rev_id="1458856" t="начать"><v><l id="178225" t="начать"><g v="INFN"></g><g v="perf"></g><g v="tran"></g></l></v></tfr></token><token id="626734" text="новый"><tfr rev_id="4408740" t="новый"><v><l id="191918" t="новый"><g v="ADJF"></g><g v="Qual"></g><g v="inan"></g><g v="masc"></g><g v="sing"></g><g v="accs"></g></l></v></tfr></token><token id="626735" text="конфликт"><tfr rev_id="4379879" t="конфликт"><v><l id="138849" t="конфликт"><g v="NOUN"></g><g v="inan"></g><g v="masc"></g><g v="sing"></g><g v="accs"></g></l></v></tfr></token><token id="626736" text="Грузии"><tfr rev_id="2627830" t="Грузии"><v><l id="75981" t="грузия"><g v="NOUN"></g><g v="inan"></g><g v="femn"></g><g v="Sgtm"></g><g v="Geox"></g><g v="sing"></g><g v="gent"></g></l></v></tfr></token><token id="626737" text="с"><tfr rev_id="1458860" t="с"><v><l id="311151" t="с"><g v="PREP"></g></l></v></tfr></token><token id="626738" text="Южной"><tfr rev_id="4343406" t="Южной"><v><l id="386888" t="южный"><g v="ADJF"></g><g v="Qual"></g><g v="femn"></g><g v="sing"></g><g v="ablt"></g></l></v></tfr></token><token id="626739" text="Осетией"><tfr rev_id="1458862" t="Осетией"><v><l id="209882" t="осетия"><g v="NOUN"></g><g v="inan"></g><g v="femn"></g><g v="Sgtm"></g><g v="Geox"></g><g v="sing"></g><g v="ablt"></g></l></v></tfr></token><token id="626740" text=","><tfr rev_id="1458863" t=","><v><l id="0" t=","><g v="PNCT"></g></l></v></tfr></token><token id="626741" text="Россия"><tfr rev_id="1458864" t="Россия"><v><l id="309322" t="россия"><g v="NOUN"></g><g v="inan"></g><g v="femn"></g><g v="Sgtm"></g><g v="Geox"></g><g v="sing"></g><g v="nomn"></g></l></v></tfr></token><token id="626742" text="приняла"><tfr rev_id="1458865" t="приняла"><v><l id="272700" t="принял"><g v="VERB"></g><g v="perf"></g><g v="tran"></g><g v="femn"></g><g v="sing"></g><g v="past"></g><g v="indc"></g></l></v></tfr></token><token id="626743" text="решение"><tfr rev_id="4360090" t="решение"><v><l id="307350" t="решение"><g v="NOUN"></g><g v="inan"></g><g v="neut"></g><g v="sing"></g><g v="accs"></g></l></v></tfr></token><token id="626744" text="начать"><tfr rev_id="1458867" t="начать"><v><l id="178225" t="начать"><g v="INFN"></g><g v="perf"></g><g v="tran"></g></l></v></tfr></token><token id="626745" text="крупную"><tfr rev_id="1458868" t="крупную"><v><l id="143763" t="крупный"><g v="ADJF"></g><g v="Qual"></g><g v="femn"></g><g v="sing"></g><g v="accs"></g></l></v></tfr></token><token id="626746" text="реконстукцию"><tfr rev_id="1458869" t="реконстукцию"><v><l id="0" t="реконстукцию"><g v="UNKN"></g></l></v></tfr></token><token id="626747" text="ТрансКАМа"><tfr rev_id="1458870" t="ТрансКАМа"><v><l id="0" t="транскама"><g v="UNKN"></g></l></v></tfr></token><token id="626748" text="."><tfr rev_id="1458871" t="."><v><l id="0" t="."><g v="PNCT"></g></l></v></tfr></token></tokens></sentence><sentence id="35071"><source>Как заявил Николай Аброськин, работы планируется завершить к концу 2010 года.</source><tokens><token id="626749" text="Как"><tfr rev_id="1458872" t="Как"><v><l id="128190" t="как"><g v="CONJ"></g></l></v><v><l id="128191" t="как"><g v="PRCL"></g></l></v><v><l id="128192" t="как"><g v="ADVB"></g><g v="Ques"></g></l></v></tfr></token><token id="626750" text="заявил"><tfr rev_id="1458873" t="заявил"><v><l id="114300" t="заявил"><g v="VERB"></g><g v="perf"></g><g v="tran"></g><g v="masc"></g><g v="sing"></g><g v="past"></g><g v="indc"></g></l></v></tfr></token><token id="626751" text="Николай"><tfr rev_id="1458874" t="Николай"><v><l id="190957" t="николай"><g v="NOUN"></g><g v="anim"></g><g v="masc"></g><g v="Name"></g><g v="sing"></g><g v="nomn"></g></l></v></tfr></token><token id="626752" text="Аброськин"><tfr rev_id="1458875" t="Аброськин"><v><l id="1785" t="аброськин"><g v="NOUN"></g><g v="anim"></g><g v="masc"></g><g v="Sgtm"></g><g v="Surn"></g><g v="sing"></g><g v="nomn"></g></l></v></tfr></token><token id="626753" text=","><tfr rev_id="1458876" t=","><v><l id="0" t=","><g v="PNCT"></g></l></v></tfr></token><token id="626754" text="работы"><tfr rev_id="3795398" t="работы"><v><l id="290501" t="работа"><g v="NOUN"></g><g v="inan"></g><g v="femn"></g><g v="plur"></g><g v="accs"></g></l></v></tfr></token><token id="626755" text="планируется"><tfr rev_id="1458878" t="планируется"><v><l id="239722" t="планируюсь"><g v="VERB"></g><g v="impf"></g><g v="intr"></g><g v="sing"></g><g v="3per"></g><g v="pres"></g><g v="indc"></g></l></v></tfr></token><token id="626756" text="завершить"><tfr rev_id="1458879" t="завершить"><v><l id="99442" t="завершить"><g v="INFN"></g><g v="perf"></g><g v="tran"></g></l></v></tfr></token><token id="626757" text="к"><tfr rev_id="1458880" t="к"><v><l id="127460" t="к"><g v="PREP"></g></l></v></tfr></token><token id="626758" text="концу"><tfr rev_id="1458881" t="концу"><v><l id="137815" t="конец"><g v="NOUN"></g><g v="inan"></g><g v="masc"></g><g v="sing"></g><g v="datv"></g></l></v></tfr></token><token id="626759" text="2010"><tfr rev_id="2462003" t="2010"><v><l id="0" t="2010"><g v="NUMB"></g></l></v></tfr></token><token id="626760" text="года"><tfr rev_id="3492420" t="года"><v><l id="72149" t="год"><g v="NOUN"></g><g v="inan"></g><g v="masc"></g><g v="sing"></g><g v="gen1"></g></l></v></tfr></token><token id="626761" text="."><tfr rev_id="1458884" t="."><v><l id="0" t="."><g v="PNCT"></g></l></v></tfr></token></tokens></sentence></paragraph><paragraph id="11177"><sentence id="35072"><source>СПРАВКА:</source><tokens><token id="626762" text="СПРАВКА"><tfr rev_id="1458885" t="СПРАВКА"><v><l id="332903" t="справка"><g v="NOUN"></g><g v="inan"></g><g v="femn"></g><g v="sing"></g><g v="nomn"></g></l></v></tfr></token><token id="626763" text=":"><tfr rev_id="1458886" t=":"><v><l id="0" t=":"><g v="PNCT"></g></l></v></tfr></token></tokens></sentence><sentence id="35073"><source>ТрансКАМ — единственная дорога, связывающая Южную Осетию с Россией.</source><tokens><token id="626764" text="ТрансКАМ"><tfr rev_id="1458887" t="ТрансКАМ"><v><l id="0" t="транскам"><g v="UNKN"></g></l></v></tfr></token><token id="626765" text="—"><tfr rev_id="2444546" t="—"><v><l id="0" t="—"><g v="PNCT"></g></l></v></tfr></token><token id="626766" text="единственная"><tfr rev_id="1458889" t="единственная"><v><l id="94404" t="единственный"><g v="ADJF"></g><g v="femn"></g><g v="sing"></g><g v="nomn"></g></l></v></tfr></token><token id="626767" text="дорога"><tfr rev_id="3450852" t="дорога"><v><l id="89707" t="дорога"><g v="NOUN"></g><g v="inan"></g><g v="femn"></g><g v="sing"></g><g v="nomn"></g></l></v></tfr></token><token id="626768" text=","><tfr rev_id="1458891" t=","><v><l id="0" t=","><g v="PNCT"></g></l></v></tfr></token><token id="626769" text="связывающая"><tfr rev_id="1458892" t="связывающая"><v><l id="316562" t="связывающий"><g v="PRTF"></g><g v="impf"></g><g v="tran"></g><g v="pres"></g><g v="actv"></g><g v="femn"></g><g v="sing"></g><g v="nomn"></g></l></v></tfr></token><token id="626770" text="Южную"><tfr rev_id="1458893" t="Южную"><v><l id="386888" t="южный"><g v="ADJF"></g><g v="Qual"></g><g v="femn"></g><g v="sing"></g><g v="accs"></g></l></v></tfr></token><token id="626771" text="Осетию"><tfr rev_id="1458894" t="Осетию"><v><l id="209882" t="осетия"><g v="NOUN"></g><g v="inan"></g><g v="femn"></g><g v="Sgtm"></g><g v="Geox"></g><g v="sing"></g><g v="accs"></g></l></v></tfr></token><token id="626772" text="с"><tfr rev_id="1458895" t="с"><v><l id="311151" t="с"><g v="PREP"></g></l></v></tfr></token><token id="626773" text="Россией"><tfr rev_id="1458896" t="Россией"><v><l id="309322" t="россия"><g v="NOUN"></g><g v="inan"></g><g v="femn"></g><g v="Sgtm"></g><g v="Geox"></g><g v="sing"></g><g v="ablt"></g></l></v></tfr></token><token id="626774" text="."><tfr rev_id="1458897" t="."><v><l id="0" t="."><g v="PNCT"></g></l></v></tfr></token></tokens></sentence><sentence id="35074"><source>Длина её главного участка — стратегического Рокского тоннеля — составляет 3660 метров, проложенного в горных породах Главного кавказского хребта на высоте примерно 3 км.</source><tokens><token id="626775" text="Длина"><tfr rev_id="1458898" t="Длина"><v><l id="84906" t="длина"><g v="NOUN"></g><g v="inan"></g><g v="femn"></g><g v="sing"></g><g v="nomn"></g></l></v></tfr></token><token id="626776" text="её"><tfr rev_id="4572705" t="её"><v><l id="94433" t="её"><g v="ADJF"></g><g v="Fixd"></g><g v="Apro"></g><g v="Anph"></g><g v="masc"></g><g v="sing"></g><g v="nomn"></g></l></v><v><l id="94433" t="её"><g v="ADJF"></g><g v="Fixd"></g><g v="Apro"></g><g v="Anph"></g><g v="masc"></g><g v="sing"></g><g v="gent"></g></l></v><v><l id="94433" t="её"><g v="ADJF"></g><g v="Fixd"></g><g v="Apro"></g><g v="Anph"></g><g v="masc"></g><g v="sing"></g><g v="datv"></g></l></v><v><l id="94433" t="её"><g v="ADJF"></g><g v="Fixd"></g><g v="Apro"></g><g v="Anph"></g><g v="masc"></g><g v="sing"></g><g v="accs"></g></l></v><v><l id="94433" t="её"><g v="ADJF"></g><g v="Fixd"></g><g v="Apro"></g><g v="Anph"></g><g v="masc"></g><g v="sing"></g><g v="ablt"></g></l></v><v><l id="94433" t="её"><g v="ADJF"></g><g v="Fixd"></g><g v="Apro"></g><g v="Anph"></g><g v="masc"></g><g v="sing"></g><g v="loct"></g></l></v><v><l id="94433" t="её"><g v="ADJF"></g><g v="Fixd"></g><g v="Apro"></g><g v="Anph"></g><g v="femn"></g><g v="sing"></g><g v="nomn"></g></l></v><v><l id="94433" t="её"><g v="ADJF"></g><g v="Fixd"></g><g v="Apro"></g><g v="Anph"></g><g v="femn"></g><g v="sing"></g><g v="gent"></g></l></v><v><l id="94433" t="её"><g v="ADJF"></g><g v="Fixd"></g><g v="Apro"></g><g v="Anph"></g><g v="femn"></g><g v="sing"></g><g v="datv"></g></l></v><v><l id="94433" t="её"><g v="ADJF"></g><g v="Fixd"></g><g v="Apro"></g><g v="Anph"></g><g v="femn"></g><g v="sing"></g><g v="accs"></g></l></v><v><l id="94433" t="её"><g v="ADJF"></g><g v="Fixd"></g><g v="Apro"></g><g v="Anph"></g><g v="femn"></g><g v="sing"></g><g v="ablt"></g></l></v><v><l id="94433" t="её"><g v="ADJF"></g><g v="Fixd"></g><g v="Apro"></g><g v="Anph"></g><g v="femn"></g><g v="sing"></g><g v="loct"></g></l></v><v><l id="94433" t="её"><g v="ADJF"></g><g v="Fixd"></g><g v="Apro"></g><g v="Anph"></g><g v="neut"></g><g v="sing"></g><g v="nomn"></g></l></v><v><l id="94433" t="её"><g v="ADJF"></g><g v="Fixd"></g><g v="Apro"></g><g v="Anph"></g><g v="neut"></g><g v="sing"></g><g v="gent"></g></l></v><v><l id="94433" t="её"><g v="ADJF"></g><g v="Fixd"></g><g v="Apro"></g><g v="Anph"></g><g v="neut"></g><g v="sing"></g><g v="datv"></g></l></v><v><l id="94433" t="её"><g v="ADJF"></g><g v="Fixd"></g><g v="Apro"></g><g v="Anph"></g><g v="neut"></g><g v="sing"></g><g v="accs"></g></l></v><v><l id="94433" t="её"><g v="ADJF"></g><g v="Fixd"></g><g v="Apro"></g><g v="Anph"></g><g v="neut"></g><g v="sing"></g><g v="ablt"></g></l></v><v><l id="94433" t="её"><g v="ADJF"></g><g v="Fixd"></g><g v="Apro"></g><g v="Anph"></g><g v="neut"></g><g v="sing"></g><g v="loct"></g></l></v><v><l id="94433" t="её"><g v="ADJF"></g><g v="Fixd"></g><g v="Apro"></g><g v="Anph"></g><g v="plur"></g><g v="nomn"></g></l></v><v><l id="94433" t="её"><g v="ADJF"></g><g v="Fixd"></g><g v="Apro"></g><g v="Anph"></g><g v="plur"></g><g v="gent"></g></l></v><v><l id="94433" t="её"><g v="ADJF"></g><g v="Fixd"></g><g v="Apro"></g><g v="Anph"></g><g v="plur"></g><g v="datv"></g></l></v><v><l id="94433" t="её"><g v="ADJF"></g><g v="Fixd"></g><g v="Apro"></g><g v="Anph"></g><g v="plur"></g><g v="accs"></g></l></v><v><l id="94433" t="её"><g v="ADJF"></g><g v="Fixd"></g><g v="Apro"></g><g v="Anph"></g><g v="plur"></g><g v="ablt"></g></l></v><v><l id="94433" t="её"><g v="ADJF"></g><g v="Fixd"></g><g v="Apro"></g><g v="Anph"></g><g v="plur"></g><g v="loct"></g></l></v></tfr></token><token id="626777" text="главного"><tfr rev_id="4412853" t="главного"><v><l id="70842" t="главный"><g v="ADJF"></g><g v="Qual"></g><g v="masc"></g><g v="sing"></g><g v="gent"></g></l></v><v><l id="70842" t="главный"><g v="ADJF"></g><g v="Qual"></g><g v="anim"></g><g v="masc"></g><g v="sing"></g><g v="accs"></g></l></v></tfr></token><token id="626778" text="участка"><tfr rev_id="1458901" t="участка"><v><l id="363153" t="участок"><g v="NOUN"></g><g v="inan"></g><g v="masc"></g><g v="sing"></g><g v="gent"></g></l></v></tfr></token><token id="626779" text="—"><tfr rev_id="2444547" t="—"><v><l id="0" t="—"><g v="PNCT"></g></l></v></tfr></token><token id="626780" text="стратегического"><tfr rev_id="3408078" t="стратегического"><v><l id="337167" t="стратегический"><g v="ADJF"></g><g v="masc"></g><g v="sing"></g><g v="gent"></g></l></v><v><l id="337167" t="стратегический"><g v="ADJF"></g><g v="anim"></g><g v="masc"></g><g v="sing"></g><g v="accs"></g></l></v></tfr></token><token id="626781" text="Рокского"><tfr rev_id="3302320" t="Рокского"><v><l id="308745" t="рокский"><g v="ADJF"></g><g v="masc"></g><g v="sing"></g><g v="gent"></g></l></v><v><l id="308745" t="рокский"><g v="ADJF"></g><g v="anim"></g><g v="masc"></g><g v="sing"></g><g v="accs"></g></l></v></tfr></token><token id="626782" text="тоннеля"><tfr rev_id="1458905" t="тоннеля"><v><l id="347736" t="тоннель"><g v="NOUN"></g><g v="inan"></g><g v="masc"></g><g v="sing"></g><g v="gent"></g></l></v></tfr></token><token id="626783" text="—"><tfr rev_id="2444548" t="—"><v><l id="0" t="—"><g v="PNCT"></g></l></v></tfr></token><token id="626784" text="составляет"><tfr rev_id="1458907" t="составляет"><v><l id="330494" t="составляю"><g v="VERB"></g><g v="impf"></g><g v="tran"></g><g v="sing"></g><g v="3per"></g><g v="pres"></g><g v="indc"></g></l></v></tfr></token><token id="626785" text="3660"><tfr rev_id="2462004" t="3660"><v><l id="0" t="3660"><g v="NUMB"></g></l></v></tfr></token><token id="626786" text="метров"><tfr rev_id="4218357" t="метров"><v><l id="159296" t="метр"><g v="NOUN"></g><g v="inan"></g><g v="masc"></g><g v="plur"></g><g v="gent"></g></l></v></tfr></token><token id="626787" text=","><tfr rev_id="1458910" t=","><v><l id="0" t=","><g v="PNCT"></g></l></v></tfr></token><token id="626788" text="проложенного"><tfr rev_id="3443182" t="проложенного"><v><l id="281577" t="проложенный"><g v="PRTF"></g><g v="perf"></g><g v="tran"></g><g v="past"></g><g v="pssv"></g><g v="masc"></g><g v="sing"></g><g v="gent"></g></l></v><v><l id="281577" t="проложенный"><g v="PRTF"></g><g v="perf"></g><g v="tran"></g><g v="past"></g><g v="pssv"></g><g v="anim"></g><g v="masc"></g><g v="sing"></g><g v="accs"></g></l></v></tfr></token><token id="626789" text="в"><tfr rev_id="1458912" t="в"><v><l id="37409" t="в"><g v="PREP"></g></l></v></tfr></token><token id="626790" text="горных"><tfr rev_id="4493813" t="горных"><v><l id="73534" t="горный"><g v="ADJF"></g><g v="plur"></g><g v="loct"></g></l></v></tfr></token><token id="626791" text="породах"><tfr rev_id="1458914" t="породах"><v><l id="260318" t="порода"><g v="NOUN"></g><g v="inan"></g><g v="femn"></g><g v="plur"></g><g v="loct"></g></l></v></tfr></token><token id="626792" text="Главного"><tfr rev_id="4371499" t="Главного"><v><l id="70842" t="главный"><g v="ADJF"></g><g v="Qual"></g><g v="masc"></g><g v="sing"></g><g v="gent"></g></l></v><v><l id="70842" t="главный"><g v="ADJF"></g><g v="Qual"></g><g v="anim"></g><g v="masc"></g><g v="sing"></g><g v="accs"></g></l></v></tfr></token><token id="626793" text="кавказского"><tfr rev_id="4085881" t="кавказского"><v><l id="127692" t="кавказский"><g v="ADJF"></g><g v="masc"></g><g v="sing"></g><g v="gent"></g></l></v><v><l id="127692" t="кавказский"><g v="ADJF"></g><g v="anim"></g><g v="masc"></g><g v="sing"></g><g v="accs"></g></l></v></tfr></token><token id="626794" text="хребта"><tfr rev_id="1458917" t="хребта"><v><l id="371899" t="хребет"><g v="NOUN"></g><g v="inan"></g><g v="masc"></g><g v="sing"></g><g v="gent"></g></l></v></tfr></token><token id="626795" text="на"><tfr rev_id="3393948" t="на"><v><l id="166264" t="на"><g v="PREP"></g></l></v></tfr></token><token id="626796" text="высоте"><tfr rev_id="3309907" t="высоте"><v><l id="62492" t="высота"><g v="NOUN"></g><g v="inan"></g><g v="femn"></g><g v="sing"></g><g v="loct"></g></l></v></tfr></token><token id="626797" text="примерно"><tfr rev_id="2691014" t="примерно"><v><l id="272014" t="примерно"><g v="ADVB"></g></l></v><v><l id="272017" t="примерен"><g v="ADJS"></g><g v="Qual"></g><g v="neut"></g><g v="sing"></g></l></v><v><l id="388671" t="примерно"><g v="PRCL"></g></l></v></tfr></token><token id="626798" text="3"><tfr rev_id="2462005" t="3"><v><l id="0" t="3"><g v="NUMB"></g></l></v></tfr></token><token id="626799" text="км"><tfr rev_id="4230424" t="км"><v><l id="389049" t="км"><g v="NOUN"></g><g v="inan"></g><g v="masc"></g><g v="Fixd"></g><g v="Abbr"></g><g v="plur"></g><g v="nomn"></g></l></v><v><l id="389049" t="км"><g v="NOUN"></g><g v="inan"></g><g v="masc"></g><g v="Fixd"></g><g v="Abbr"></g><g v="plur"></g><g v="gent"></g></l></v><v><l id="389049" t="км"><g v="NOUN"></g><g v="inan"></g><g v="masc"></g><g v="Fixd"></g><g v="Abbr"></g><g v="plur"></g><g v="datv"></g></l></v><v><l id="389049" t="км"><g v="NOUN"></g><g v="inan"></g><g v="masc"></g><g v="Fixd"></g><g v="Abbr"></g><g v="plur"></g><g v="accs"></g></l></v><v><l id="389049" t="км"><g v="NOUN"></g><g v="inan"></g><g v="masc"></g><g v="Fixd"></g><g v="Abbr"></g><g v="plur"></g><g v="ablt"></g></l></v><v><l id="389049" t="км"><g v="NOUN"></g><g v="inan"></g><g v="masc"></g><g v="Fixd"></g><g v="Abbr"></g><g v="plur"></g><g v="loct"></g></l></v></tfr></token><token id="626800" text="."><tfr rev_id="1458923" t="."><v><l id="0" t="."><g v="PNCT"></g></l></v></tfr></token></tokens></sentence></paragraph></paragraphs></text>