<?xml version="1.0" encoding="utf-8"?><text id="1236" parent="226" name="23961 Чавес пообещал народу победить в битве за жизнь"><tags><tag>url:http://www.chaskor.ru/news/chaves_poobeshchal_narodu_pobedit_v_bitve_za_zhizn_23961</tag><tag>Год:2011</tag><tag>Дата:05/07</tag><tag>Тема:ЧасКор:В мире</tag><tag>Тема:ЧасКор:В мире/Латинская Америка</tag></tags><paragraphs><paragraph id="11405"><sentence id="35978"><source>Чавес пообещал народу победить в битве за жизнь</source><tokens><token id="643187" text="Чавес"><tfr rev_id="2559681" t="Чавес"><v><l id="388630" t="чавес"><g v="NOUN"></g><g v="anim"></g><g v="masc"></g><g v="Sgtm"></g><g v="Surn"></g><g v="sing"></g><g v="nomn"></g></l></v></tfr></token><token id="643188" text="пообещал"><tfr rev_id="1475298" t="пообещал"><v><l id="258747" t="пообещал"><g v="VERB"></g><g v="perf"></g><g v="tran"></g><g v="masc"></g><g v="sing"></g><g v="past"></g><g v="indc"></g></l></v></tfr></token><token id="643189" text="народу"><tfr rev_id="4576250" t="народу"><v><l id="174699" t="народ"><g v="NOUN"></g><g v="inan"></g><g v="masc"></g><g v="sing"></g><g v="datv"></g></l></v></tfr></token><token id="643190" text="победить"><tfr rev_id="1475300" t="победить"><v><l id="241491" t="победить"><g v="INFN"></g><g v="perf"></g><g v="tran"></g></l></v></tfr></token><token id="643191" text="в"><tfr rev_id="1475301" t="в"><v><l id="37409" t="в"><g v="PREP"></g></l></v></tfr></token><token id="643192" text="битве"><tfr rev_id="2623176" t="битве"><v><l id="30109" t="битва"><g v="NOUN"></g><g v="inan"></g><g v="femn"></g><g v="sing"></g><g v="loct"></g></l></v></tfr></token><token id="643193" text="за"><tfr rev_id="1475303" t="за"><v><l id="98043" t="за"><g v="PREP"></g></l></v></tfr></token><token id="643194" text="жизнь"><tfr rev_id="3473860" t="жизнь"><v><l id="97314" t="жизнь"><g v="NOUN"></g><g v="inan"></g><g v="femn"></g><g v="sing"></g><g v="accs"></g></l></v></tfr></token></tokens></sentence><sentence id="35979"><source>Венесуэльский лидер выступил перед гражданами в День независимости страны.</source><tokens><token id="643195" text="Венесуэльский"><tfr rev_id="1475305" t="Венесуэльский"><v><l id="40960" t="венесуэльский"><g v="ADJF"></g><g v="masc"></g><g v="sing"></g><g v="nomn"></g></l></v><v><l id="40960" t="венесуэльский"><g v="ADJF"></g><g v="inan"></g><g v="masc"></g><g v="sing"></g><g v="accs"></g></l></v></tfr></token><token id="643196" text="лидер"><tfr rev_id="1475306" t="лидер"><v><l id="149007" t="лидер"><g v="NOUN"></g><g v="anim"></g><g v="masc"></g><g v="sing"></g><g v="nomn"></g></l></v></tfr></token><token id="643197" text="выступил"><tfr rev_id="1475307" t="выступил"><v><l id="62885" t="выступил"><g v="VERB"></g><g v="perf"></g><g v="intr"></g><g v="masc"></g><g v="sing"></g><g v="past"></g><g v="indc"></g></l></v></tfr></token><token id="643198" text="перед"><tfr rev_id="2602697" t="перед"><v><l id="228071" t="перед"><g v="PREP"></g></l></v></tfr></token><token id="643199" text="гражданами"><tfr rev_id="1475309" t="гражданами"><v><l id="74521" t="гражданин"><g v="NOUN"></g><g v="anim"></g><g v="masc"></g><g v="plur"></g><g v="ablt"></g></l></v></tfr></token><token id="643200" text="в"><tfr rev_id="1475310" t="в"><v><l id="37409" t="в"><g v="PREP"></g></l></v></tfr></token><token id="643201" text="День"><tfr rev_id="1714297" t="День"><v><l id="81427" t="день"><g v="NOUN"></g><g v="inan"></g><g v="masc"></g><g v="sing"></g><g v="nomn"></g></l></v><v><l id="81427" t="день"><g v="NOUN"></g><g v="inan"></g><g v="masc"></g><g v="sing"></g><g v="accs"></g></l></v></tfr></token><token id="643202" text="независимости"><tfr rev_id="3493907" t="независимости"><v><l id="182130" t="независимость"><g v="NOUN"></g><g v="inan"></g><g v="femn"></g><g v="sing"></g><g v="gent"></g></l></v><v><l id="182130" t="независимость"><g v="NOUN"></g><g v="inan"></g><g v="femn"></g><g v="sing"></g><g v="datv"></g></l></v><v><l id="182130" t="независимость"><g v="NOUN"></g><g v="inan"></g><g v="femn"></g><g v="sing"></g><g v="loct"></g></l></v></tfr></token><token id="643203" text="страны"><tfr rev_id="1717288" t="страны"><v><l id="337100" t="страна"><g v="NOUN"></g><g v="inan"></g><g v="femn"></g><g v="sing"></g><g v="gent"></g></l></v></tfr></token><token id="643204" text="."><tfr rev_id="1475314" t="."><v><l id="0" t="."><g v="PNCT"></g></l></v></tfr></token></tokens></sentence></paragraph><paragraph id="11406"><sentence id="35980"><source>В день 200-летия независимости Венесуэлы Уго Чавес впервые после операции появился на балконе президентского дворца Мирафлорес в Каракасе, сообщает РБК.</source><tokens><token id="643205" text="В"><tfr rev_id="1475315" t="В"><v><l id="37409" t="в"><g v="PREP"></g></l></v></tfr></token><token id="643206" text="день"><tfr rev_id="4381184" t="день"><v><l id="81427" t="день"><g v="NOUN"></g><g v="inan"></g><g v="masc"></g><g v="sing"></g><g v="accs"></g></l></v></tfr></token><token id="643207" text="200-летия"><tfr rev_id="1475317" t="200-летия"><v><l id="0" t="200-летия"><g v="UNKN"></g></l></v></tfr></token><token id="643208" text="независимости"><tfr rev_id="4174638" t="независимости"><v><l id="182130" t="независимость"><g v="NOUN"></g><g v="inan"></g><g v="femn"></g><g v="sing"></g><g v="gent"></g></l></v></tfr></token><token id="643209" text="Венесуэлы"><tfr rev_id="1475319" t="Венесуэлы"><v><l id="40957" t="венесуэла"><g v="NOUN"></g><g v="inan"></g><g v="femn"></g><g v="Sgtm"></g><g v="Geox"></g><g v="sing"></g><g v="gent"></g></l></v></tfr></token><token id="643210" text="Уго"><tfr rev_id="3543851" t="Уго"><v><l id="354245" t="уго"><g v="NOUN"></g><g v="anim"></g><g v="masc"></g><g v="Sgtm"></g><g v="Fixd"></g><g v="Name"></g><g v="sing"></g><g v="nomn"></g></l></v></tfr></token><token id="643211" text="Чавес"><tfr rev_id="2559682" t="Чавес"><v><l id="388630" t="чавес"><g v="NOUN"></g><g v="anim"></g><g v="masc"></g><g v="Sgtm"></g><g v="Surn"></g><g v="sing"></g><g v="nomn"></g></l></v></tfr></token><token id="643212" text="впервые"><tfr rev_id="1475322" t="впервые"><v><l id="52345" t="впервые"><g v="ADVB"></g></l></v></tfr></token><token id="643213" text="после"><tfr rev_id="4406223" t="после"><v><l id="261542" t="после"><g v="PREP"></g></l></v></tfr></token><token id="643214" text="операции"><tfr rev_id="3492057" t="операции"><v><l id="206957" t="операция"><g v="NOUN"></g><g v="inan"></g><g v="femn"></g><g v="sing"></g><g v="gent"></g></l></v><v><l id="206957" t="операция"><g v="NOUN"></g><g v="inan"></g><g v="femn"></g><g v="sing"></g><g v="datv"></g></l></v><v><l id="206957" t="операция"><g v="NOUN"></g><g v="inan"></g><g v="femn"></g><g v="sing"></g><g v="loct"></g></l></v></tfr></token><token id="643215" text="появился"><tfr rev_id="1475325" t="появился"><v><l id="265507" t="появился"><g v="VERB"></g><g v="perf"></g><g v="intr"></g><g v="masc"></g><g v="sing"></g><g v="past"></g><g v="indc"></g></l></v></tfr></token><token id="643216" text="на"><tfr rev_id="3474973" t="на"><v><l id="166264" t="на"><g v="PREP"></g></l></v></tfr></token><token id="643217" text="балконе"><tfr rev_id="1475327" t="балконе"><v><l id="23138" t="балкон"><g v="NOUN"></g><g v="inan"></g><g v="masc"></g><g v="sing"></g><g v="loct"></g></l></v></tfr></token><token id="643218" text="президентского"><tfr rev_id="3285029" t="президентского"><v><l id="267451" t="президентский"><g v="ADJF"></g><g v="masc"></g><g v="sing"></g><g v="gent"></g></l></v><v><l id="267451" t="президентский"><g v="ADJF"></g><g v="anim"></g><g v="masc"></g><g v="sing"></g><g v="accs"></g></l></v></tfr></token><token id="643219" text="дворца"><tfr rev_id="1475329" t="дворца"><v><l id="78948" t="дворец"><g v="NOUN"></g><g v="inan"></g><g v="masc"></g><g v="sing"></g><g v="gent"></g></l></v></tfr></token><token id="643220" text="Мирафлорес"><tfr rev_id="1475330" t="Мирафлорес"><v><l id="0" t="мирафлорес"><g v="UNKN"></g></l></v></tfr></token><token id="643221" text="в"><tfr rev_id="1475331" t="в"><v><l id="37409" t="в"><g v="PREP"></g></l></v></tfr></token><token id="643222" text="Каракасе"><tfr rev_id="1475332" t="Каракасе"><v><l id="130015" t="каракас"><g v="NOUN"></g><g v="inan"></g><g v="masc"></g><g v="Geox"></g><g v="sing"></g><g v="loct"></g></l></v></tfr></token><token id="643223" text=","><tfr rev_id="1475333" t=","><v><l id="0" t=","><g v="PNCT"></g></l></v></tfr></token><token id="643224" text="сообщает"><tfr rev_id="1475334" t="сообщает"><v><l id="329538" t="сообщаю"><g v="VERB"></g><g v="impf"></g><g v="tran"></g><g v="sing"></g><g v="3per"></g><g v="pres"></g><g v="indc"></g></l></v></tfr></token><token id="643225" text="РБК"><tfr rev_id="4572074" t="РБК"><v><l id="389058" t="рбк"><g v="NOUN"></g><g v="inan"></g><g v="femn"></g><g v="Sgtm"></g><g v="Fixd"></g><g v="Abbr"></g><g v="Orgn"></g><g v="sing"></g><g v="nomn"></g></l></v></tfr></token><token id="643226" text="."><tfr rev_id="1475336" t="."><v><l id="0" t="."><g v="PNCT"></g></l></v></tfr></token></tokens></sentence><sentence id="35981"><source>Президент был одет в военную форму и, держа в руках государственный флаг, скандировал:</source><tokens><token id="643227" text="Президент"><tfr rev_id="1475337" t="Президент"><v><l id="267449" t="президент"><g v="NOUN"></g><g v="anim"></g><g v="masc"></g><g v="sing"></g><g v="nomn"></g></l></v></tfr></token><token id="643228" text="был"><tfr rev_id="1475338" t="был"><v><l id="37265" t="есть"><g v="VERB"></g><g v="impf"></g><g v="intr"></g><g v="masc"></g><g v="sing"></g><g v="past"></g><g v="indc"></g></l></v></tfr></token><token id="643229" text="одет"><tfr rev_id="1475339" t="одет"><v><l id="203297" t="одет"><g v="ADJS"></g><g v="Qual"></g><g v="masc"></g><g v="sing"></g></l></v><v><l id="203303" t="одет"><g v="PRTS"></g><g v="perf"></g><g v="past"></g><g v="pssv"></g><g v="masc"></g><g v="sing"></g></l></v></tfr></token><token id="643230" text="в"><tfr rev_id="1475340" t="в"><v><l id="37409" t="в"><g v="PREP"></g></l></v></tfr></token><token id="643231" text="военную"><tfr rev_id="4494093" t="военную"><v><l id="48619" t="военный"><g v="ADJF"></g><g v="femn"></g><g v="sing"></g><g v="accs"></g></l></v></tfr></token><token id="643232" text="форму"><tfr rev_id="1475342" t="форму"><v><l id="367077" t="форма"><g v="NOUN"></g><g v="inan"></g><g v="femn"></g><g v="sing"></g><g v="accs"></g></l></v></tfr></token><token id="643233" text="и"><tfr rev_id="4104231" t="и"><v><l id="116949" t="и"><g v="CONJ"></g></l></v></tfr></token><token id="643234" text=","><tfr rev_id="1475344" t=","><v><l id="0" t=","><g v="PNCT"></g></l></v></tfr></token><token id="643235" text="держа"><tfr rev_id="1475345" t="держа"><v><l id="81746" t="держа"><g v="GRND"></g><g v="impf"></g><g v="tran"></g><g v="pres"></g></l></v></tfr></token><token id="643236" text="в"><tfr rev_id="1475346" t="в"><v><l id="37409" t="в"><g v="PREP"></g></l></v></tfr></token><token id="643237" text="руках"><tfr rev_id="1475347" t="руках"><v><l id="309953" t="рука"><g v="NOUN"></g><g v="inan"></g><g v="femn"></g><g v="plur"></g><g v="loct"></g></l></v></tfr></token><token id="643238" text="государственный"><tfr rev_id="1475348" t="государственный"><v><l id="74161" t="государственный"><g v="ADJF"></g><g v="masc"></g><g v="sing"></g><g v="nomn"></g></l></v><v><l id="74161" t="государственный"><g v="ADJF"></g><g v="inan"></g><g v="masc"></g><g v="sing"></g><g v="accs"></g></l></v></tfr></token><token id="643239" text="флаг"><tfr rev_id="1475349" t="флаг"><v><l id="366376" t="флаг"><g v="NOUN"></g><g v="inan"></g><g v="masc"></g><g v="sing"></g><g v="nomn"></g></l></v><v><l id="366376" t="флаг"><g v="NOUN"></g><g v="inan"></g><g v="masc"></g><g v="sing"></g><g v="accs"></g></l></v></tfr></token><token id="643240" text=","><tfr rev_id="1475350" t=","><v><l id="0" t=","><g v="PNCT"></g></l></v></tfr></token><token id="643241" text="скандировал"><tfr rev_id="1475351" t="скандировал"><v><l id="321783" t="скандирую"><g v="VERB"></g><g v="impf"></g><g v="tran"></g><g v="masc"></g><g v="sing"></g><g v="past"></g><g v="indc"></g></l></v></tfr></token><token id="643242" text=":"><tfr rev_id="1475352" t=":"><v><l id="0" t=":"><g v="PNCT"></g></l></v></tfr></token></tokens></sentence><sentence id="35982"><source>«Да здравствует Венесуэла!</source><tokens><token id="643243" text="«"><tfr rev_id="2445335" t="«"><v><l id="0" t="«"><g v="PNCT"></g></l></v></tfr></token><token id="643244" text="Да"><tfr rev_id="1475354" t="Да"><v><l id="77569" t="да"><g v="CONJ"></g></l></v><v><l id="77570" t="да"><g v="PRCL"></g></l></v><v><l id="77571" t="да"><g v="INTJ"></g></l></v></tfr></token><token id="643245" text="здравствует"><tfr rev_id="1475355" t="здравствует"><v><l id="114769" t="здравствую"><g v="VERB"></g><g v="impf"></g><g v="intr"></g><g v="sing"></g><g v="3per"></g><g v="pres"></g><g v="indc"></g></l></v></tfr></token><token id="643246" text="Венесуэла"><tfr rev_id="1475356" t="Венесуэла"><v><l id="40957" t="венесуэла"><g v="NOUN"></g><g v="inan"></g><g v="femn"></g><g v="Sgtm"></g><g v="Geox"></g><g v="sing"></g><g v="nomn"></g></l></v></tfr></token><token id="643247" text="!"><tfr rev_id="1475357" t="!"><v><l id="0" t="!"><g v="PNCT"></g></l></v></tfr></token></tokens></sentence><sentence id="35983"><source>Да здравствует боливарианская революция!</source><tokens><token id="643248" text="Да"><tfr rev_id="4103747" t="Да"><v><l id="77570" t="да"><g v="PRCL"></g></l></v></tfr></token><token id="643249" text="здравствует"><tfr rev_id="1475359" t="здравствует"><v><l id="114769" t="здравствую"><g v="VERB"></g><g v="impf"></g><g v="intr"></g><g v="sing"></g><g v="3per"></g><g v="pres"></g><g v="indc"></g></l></v></tfr></token><token id="643250" text="боливарианская"><tfr rev_id="1475360" t="боливарианская"><v><l id="0" t="боливарианская"><g v="UNKN"></g></l></v></tfr></token><token id="643251" text="революция"><tfr rev_id="1475361" t="революция"><v><l id="304733" t="революция"><g v="NOUN"></g><g v="inan"></g><g v="femn"></g><g v="sing"></g><g v="nomn"></g></l></v></tfr></token><token id="643252" text="!"><tfr rev_id="1475362" t="!"><v><l id="0" t="!"><g v="PNCT"></g></l></v></tfr></token></tokens></sentence><sentence id="35984"><source>Да здравствует союз с Латинской Америкой!</source><tokens><token id="643253" text="Да"><tfr rev_id="1475363" t="Да"><v><l id="77569" t="да"><g v="CONJ"></g></l></v><v><l id="77570" t="да"><g v="PRCL"></g></l></v><v><l id="77571" t="да"><g v="INTJ"></g></l></v></tfr></token><token id="643254" text="здравствует"><tfr rev_id="1475364" t="здравствует"><v><l id="114769" t="здравствую"><g v="VERB"></g><g v="impf"></g><g v="intr"></g><g v="sing"></g><g v="3per"></g><g v="pres"></g><g v="indc"></g></l></v></tfr></token><token id="643255" text="союз"><tfr rev_id="4212732" t="союз"><v><l id="331314" t="союз"><g v="NOUN"></g><g v="inan"></g><g v="masc"></g><g v="sing"></g><g v="nomn"></g></l></v></tfr></token><token id="643256" text="с"><tfr rev_id="1475366" t="с"><v><l id="311151" t="с"><g v="PREP"></g></l></v></tfr></token><token id="643257" text="Латинской"><tfr rev_id="3558815" t="Латинской"><v><l id="147116" t="латинский"><g v="ADJF"></g><g v="femn"></g><g v="sing"></g><g v="ablt"></g></l></v></tfr></token><token id="643258" text="Америкой"><tfr rev_id="1475368" t="Америкой"><v><l id="11393" t="америка"><g v="NOUN"></g><g v="inan"></g><g v="femn"></g><g v="Sgtm"></g><g v="Geox"></g><g v="sing"></g><g v="ablt"></g></l></v></tfr></token><token id="643259" text="!"><tfr rev_id="1475369" t="!"><v><l id="0" t="!"><g v="PNCT"></g></l></v></tfr></token></tokens></sentence><sentence id="35985"><source>Да здравствует Фидель!</source><tokens><token id="643260" text="Да"><tfr rev_id="3411353" t="Да"><v><l id="77570" t="да"><g v="PRCL"></g></l></v></tfr></token><token id="643261" text="здравствует"><tfr rev_id="1475371" t="здравствует"><v><l id="114769" t="здравствую"><g v="VERB"></g><g v="impf"></g><g v="intr"></g><g v="sing"></g><g v="3per"></g><g v="pres"></g><g v="indc"></g></l></v></tfr></token><token id="643262" text="Фидель"><tfr rev_id="1475372" t="Фидель"><v><l id="365680" t="фидель"><g v="NOUN"></g><g v="anim"></g><g v="masc"></g><g v="Name"></g><g v="sing"></g><g v="nomn"></g></l></v></tfr></token><token id="643263" text="!"><tfr rev_id="1475373" t="!"><v><l id="0" t="!"><g v="PNCT"></g></l></v></tfr></token></tokens></sentence><sentence id="35986"><source>Да здравствует Чавес!»</source><tokens><token id="643264" text="Да"><tfr rev_id="3411291" t="Да"><v><l id="77570" t="да"><g v="PRCL"></g></l></v></tfr></token><token id="643265" text="здравствует"><tfr rev_id="1475375" t="здравствует"><v><l id="114769" t="здравствую"><g v="VERB"></g><g v="impf"></g><g v="intr"></g><g v="sing"></g><g v="3per"></g><g v="pres"></g><g v="indc"></g></l></v></tfr></token><token id="643266" text="Чавес"><tfr rev_id="2559683" t="Чавес"><v><l id="388630" t="чавес"><g v="NOUN"></g><g v="anim"></g><g v="masc"></g><g v="Sgtm"></g><g v="Surn"></g><g v="sing"></g><g v="nomn"></g></l></v></tfr></token><token id="643267" text="!"><tfr rev_id="1475377" t="!"><v><l id="0" t="!"><g v="PNCT"></g></l></v></tfr></token><token id="643268" text="»"><tfr rev_id="2445336" t="»"><v><l id="0" t="»"><g v="PNCT"></g></l></v></tfr></token></tokens></sentence><sentence id="35987"><source>Венесуэльский лидер вместе с собравшимися у дворца гражданами исполнил национальный гимн страны, однако в параде принять участие не смог.</source><tokens><token id="643269" text="Венесуэльский"><tfr rev_id="1475379" t="Венесуэльский"><v><l id="40960" t="венесуэльский"><g v="ADJF"></g><g v="masc"></g><g v="sing"></g><g v="nomn"></g></l></v><v><l id="40960" t="венесуэльский"><g v="ADJF"></g><g v="inan"></g><g v="masc"></g><g v="sing"></g><g v="accs"></g></l></v></tfr></token><token id="643270" text="лидер"><tfr rev_id="1475380" t="лидер"><v><l id="149007" t="лидер"><g v="NOUN"></g><g v="anim"></g><g v="masc"></g><g v="sing"></g><g v="nomn"></g></l></v></tfr></token><token id="643271" text="вместе"><tfr rev_id="1475381" t="вместе"><v><l id="47122" t="вместе"><g v="ADVB"></g></l></v></tfr></token><token id="643272" text="с"><tfr rev_id="1475382" t="с"><v><l id="311151" t="с"><g v="PREP"></g></l></v></tfr></token><token id="643273" text="собравшимися"><tfr rev_id="1475383" t="собравшимися"><v><l id="327825" t="собравшийся"><g v="PRTF"></g><g v="perf"></g><g v="intr"></g><g v="past"></g><g v="actv"></g><g v="plur"></g><g v="ablt"></g></l></v></tfr></token><token id="643274" text="у"><tfr rev_id="3301818" t="у"><v><l id="352818" t="у"><g v="PREP"></g></l></v></tfr></token><token id="643275" text="дворца"><tfr rev_id="1475385" t="дворца"><v><l id="78948" t="дворец"><g v="NOUN"></g><g v="inan"></g><g v="masc"></g><g v="sing"></g><g v="gent"></g></l></v></tfr></token><token id="643276" text="гражданами"><tfr rev_id="1475386" t="гражданами"><v><l id="74521" t="гражданин"><g v="NOUN"></g><g v="anim"></g><g v="masc"></g><g v="plur"></g><g v="ablt"></g></l></v></tfr></token><token id="643277" text="исполнил"><tfr rev_id="1475387" t="исполнил"><v><l id="125368" t="исполнил"><g v="VERB"></g><g v="perf"></g><g v="tran"></g><g v="masc"></g><g v="sing"></g><g v="past"></g><g v="indc"></g></l></v></tfr></token><token id="643278" text="национальный"><tfr rev_id="3667631" t="национальный"><v><l id="178150" t="национальный"><g v="ADJF"></g><g v="inan"></g><g v="masc"></g><g v="sing"></g><g v="accs"></g></l></v></tfr></token><token id="643279" text="гимн"><tfr rev_id="1475389" t="гимн"><v><l id="70199" t="гимн"><g v="NOUN"></g><g v="inan"></g><g v="masc"></g><g v="sing"></g><g v="nomn"></g></l></v><v><l id="70199" t="гимн"><g v="NOUN"></g><g v="inan"></g><g v="masc"></g><g v="sing"></g><g v="accs"></g></l></v></tfr></token><token id="643280" text="страны"><tfr rev_id="3497006" t="страны"><v><l id="337100" t="страна"><g v="NOUN"></g><g v="inan"></g><g v="femn"></g><g v="sing"></g><g v="gent"></g></l></v></tfr></token><token id="643281" text=","><tfr rev_id="1475391" t=","><v><l id="0" t=","><g v="PNCT"></g></l></v></tfr></token><token id="643282" text="однако"><tfr rev_id="4572827" t="однако"><v><l id="203387" t="однако"><g v="CONJ"></g><g v="Prnt"></g></l></v></tfr></token><token id="643283" text="в"><tfr rev_id="1475393" t="в"><v><l id="37409" t="в"><g v="PREP"></g></l></v></tfr></token><token id="643284" text="параде"><tfr rev_id="1475394" t="параде"><v><l id="223657" t="парад"><g v="NOUN"></g><g v="inan"></g><g v="masc"></g><g v="sing"></g><g v="loct"></g></l></v></tfr></token><token id="643285" text="принять"><tfr rev_id="1475395" t="принять"><v><l id="272701" t="принять"><g v="INFN"></g><g v="perf"></g><g v="tran"></g></l></v></tfr></token><token id="643286" text="участие"><tfr rev_id="1475396" t="участие"><v><l id="363132" t="участие"><g v="NOUN"></g><g v="inan"></g><g v="neut"></g><g v="sing"></g><g v="nomn"></g></l></v><v><l id="363132" t="участие"><g v="NOUN"></g><g v="inan"></g><g v="neut"></g><g v="sing"></g><g v="accs"></g></l></v></tfr></token><token id="643287" text="не"><tfr rev_id="1475397" t="не"><v><l id="178876" t="не"><g v="PRCL"></g></l></v></tfr></token><token id="643288" text="смог"><tfr rev_id="1475398" t="смог"><v><l id="326830" t="смог"><g v="VERB"></g><g v="perf"></g><g v="intr"></g><g v="masc"></g><g v="sing"></g><g v="past"></g><g v="indc"></g></l></v></tfr></token><token id="643289" text="."><tfr rev_id="1475399" t="."><v><l id="0" t="."><g v="PNCT"></g></l></v></tfr></token></tokens></sentence><sentence id="35988"><source>Президент принёс свои извинения за то, что из-за не вполне ещё хорошего самочувствия не будет присутствовать на параде, но заверил собравшихся, что обязательно посмотрит трансляцию по телевизору.</source><tokens><token id="643290" text="Президент"><tfr rev_id="1475400" t="Президент"><v><l id="267449" t="президент"><g v="NOUN"></g><g v="anim"></g><g v="masc"></g><g v="sing"></g><g v="nomn"></g></l></v></tfr></token><token id="643291" text="принёс"><tfr rev_id="1475401" t="принёс"><v><l id="272525" t="принёс"><g v="VERB"></g><g v="perf"></g><g v="tran"></g><g v="masc"></g><g v="sing"></g><g v="past"></g><g v="indc"></g></l></v></tfr></token><token id="643292" text="свои"><tfr rev_id="4086203" t="свои"><v><l id="316379" t="свой"><g v="ADJF"></g><g v="Apro"></g><g v="Anph"></g><g v="inan"></g><g v="plur"></g><g v="accs"></g></l></v></tfr></token><token id="643293" text="извинения"><tfr rev_id="3794616" t="извинения"><v><l id="118210" t="извинение"><g v="NOUN"></g><g v="inan"></g><g v="neut"></g><g v="plur"></g><g v="accs"></g></l></v></tfr></token><token id="643294" text="за"><tfr rev_id="1475404" t="за"><v><l id="98043" t="за"><g v="PREP"></g></l></v></tfr></token><token id="643295" text="то"><tfr rev_id="3777594" t="то"><v><l id="346835" t="то"><g v="CONJ"></g></l></v><v><l id="346836" t="то"><g v="PRCL"></g></l></v><v><l id="348430" t="тот"><g v="ADJF"></g><g v="Subx"></g><g v="Apro"></g><g v="Anph"></g><g v="neut"></g><g v="sing"></g><g v="nomn"></g></l></v><v><l id="348430" t="тот"><g v="ADJF"></g><g v="Subx"></g><g v="Apro"></g><g v="Anph"></g><g v="neut"></g><g v="sing"></g><g v="accs"></g></l></v></tfr></token><token id="643296" text=","><tfr rev_id="1475406" t=","><v><l id="0" t=","><g v="PNCT"></g></l></v></tfr></token><token id="643297" text="что"><tfr rev_id="3197203" t="что"><v><l id="377004" t="что"><g v="CONJ"></g></l></v><v><l id="377005" t="что"><g v="NPRO"></g><g v="neut"></g><g v="sing"></g><g v="nomn"></g></l></v><v><l id="377005" t="что"><g v="NPRO"></g><g v="neut"></g><g v="sing"></g><g v="accs"></g></l></v><v><l id="377006" t="что"><g v="ADVB"></g><g v="Ques"></g></l></v><v><l id="388695" t="что"><g v="PRCL"></g></l></v></tfr></token><token id="643298" text="из-за"><tfr rev_id="1475408" t="из-за"><v><l id="117678" t="из-за"><g v="PREP"></g></l></v></tfr></token><token id="643299" text="не"><tfr rev_id="1475409" t="не"><v><l id="178876" t="не"><g v="PRCL"></g></l></v></tfr></token><token id="643300" text="вполне"><tfr rev_id="1475410" t="вполне"><v><l id="52647" t="вполне"><g v="ADVB"></g></l></v></tfr></token><token id="643301" text="ещё"><tfr rev_id="1475411" t="ещё"><v><l id="95551" t="ещё"><g v="PRCL"></g></l></v><v><l id="95552" t="ещё"><g v="ADVB"></g></l></v></tfr></token><token id="643302" text="хорошего"><tfr rev_id="3454101" t="хорошего"><v><l id="371668" t="хороший"><g v="ADJF"></g><g v="Qual"></g><g v="neut"></g><g v="sing"></g><g v="gent"></g></l></v></tfr></token><token id="643303" text="самочувствия"><tfr rev_id="3439898" t="самочувствия"><v><l id="313130" t="самочувствие"><g v="NOUN"></g><g v="inan"></g><g v="neut"></g><g v="sing"></g><g v="gent"></g></l></v></tfr></token><token id="643304" text="не"><tfr rev_id="1475414" t="не"><v><l id="178876" t="не"><g v="PRCL"></g></l></v></tfr></token><token id="643305" text="будет"><tfr rev_id="1475415" t="будет"><v><l id="37265" t="есть"><g v="VERB"></g><g v="impf"></g><g v="intr"></g><g v="sing"></g><g v="3per"></g><g v="futr"></g><g v="indc"></g></l></v></tfr></token><token id="643306" text="присутствовать"><tfr rev_id="1475416" t="присутствовать"><v><l id="275037" t="присутствовать"><g v="INFN"></g><g v="impf"></g><g v="intr"></g></l></v></tfr></token><token id="643307" text="на"><tfr rev_id="3340883" t="на"><v><l id="166264" t="на"><g v="PREP"></g></l></v></tfr></token><token id="643308" text="параде"><tfr rev_id="1475418" t="параде"><v><l id="223657" t="парад"><g v="NOUN"></g><g v="inan"></g><g v="masc"></g><g v="sing"></g><g v="loct"></g></l></v></tfr></token><token id="643309" text=","><tfr rev_id="1475419" t=","><v><l id="0" t=","><g v="PNCT"></g></l></v></tfr></token><token id="643310" text="но"><tfr rev_id="1475420" t="но"><v><l id="191429" t="но"><g v="CONJ"></g></l></v><v><l id="191430" t="но"><g v="INTJ"></g></l></v></tfr></token><token id="643311" text="заверил"><tfr rev_id="1475421" t="заверил"><v><l id="99386" t="заверил"><g v="VERB"></g><g v="perf"></g><g v="tran"></g><g v="masc"></g><g v="sing"></g><g v="past"></g><g v="indc"></g></l></v></tfr></token><token id="643312" text="собравшихся"><tfr rev_id="3944230" t="собравшихся"><v><l id="327825" t="собравшийся"><g v="PRTF"></g><g v="perf"></g><g v="intr"></g><g v="past"></g><g v="actv"></g><g v="anim"></g><g v="plur"></g><g v="accs"></g></l></v></tfr></token><token id="643313" text=","><tfr rev_id="1475423" t=","><v><l id="0" t=","><g v="PNCT"></g></l></v></tfr></token><token id="643314" text="что"><tfr rev_id="3197204" t="что"><v><l id="377004" t="что"><g v="CONJ"></g></l></v><v><l id="377005" t="что"><g v="NPRO"></g><g v="neut"></g><g v="sing"></g><g v="nomn"></g></l></v><v><l id="377005" t="что"><g v="NPRO"></g><g v="neut"></g><g v="sing"></g><g v="accs"></g></l></v><v><l id="377006" t="что"><g v="ADVB"></g><g v="Ques"></g></l></v><v><l id="388695" t="что"><g v="PRCL"></g></l></v></tfr></token><token id="643315" text="обязательно"><tfr rev_id="1475425" t="обязательно"><v><l id="202085" t="обязательно"><g v="ADVB"></g><g v="Prdx"></g></l></v><v><l id="202089" t="обязателен"><g v="ADJS"></g><g v="neut"></g><g v="sing"></g></l></v></tfr></token><token id="643316" text="посмотрит"><tfr rev_id="1475426" t="посмотрит"><v><l id="261790" t="посмотрел"><g v="VERB"></g><g v="perf"></g><g v="tran"></g><g v="sing"></g><g v="3per"></g><g v="futr"></g><g v="indc"></g></l></v></tfr></token><token id="643317" text="трансляцию"><tfr rev_id="1475427" t="трансляцию"><v><l id="349070" t="трансляция"><g v="NOUN"></g><g v="inan"></g><g v="femn"></g><g v="sing"></g><g v="accs"></g></l></v></tfr></token><token id="643318" text="по"><tfr rev_id="1475428" t="по"><v><l id="241240" t="по"><g v="PREP"></g></l></v></tfr></token><token id="643319" text="телевизору"><tfr rev_id="1475429" t="телевизору"><v><l id="344101" t="телевизор"><g v="NOUN"></g><g v="inan"></g><g v="masc"></g><g v="sing"></g><g v="datv"></g></l></v></tfr></token><token id="643320" text="."><tfr rev_id="1475430" t="."><v><l id="0" t="."><g v="PNCT"></g></l></v></tfr></token></tokens></sentence></paragraph><paragraph id="11407"><sentence id="35989"><source>Напомним, 1 июля по всем каналам венесуэльского телевидения было передано обращение Уго Чавеса, в котором он рассказал о том, что недавно во время удаления абсцесса на бедре врачи обнаружили у него злокачественное образование.</source><tokens><token id="643321" text="Напомним"><tfr rev_id="1475431" t="Напомним"><v><l id="173892" t="напомнил"><g v="VERB"></g><g v="perf"></g><g v="tran"></g><g v="plur"></g><g v="1per"></g><g v="futr"></g><g v="indc"></g></l></v><v><l id="173892" t="напомнил"><g v="VERB"></g><g v="perf"></g><g v="tran"></g><g v="sing"></g><g v="impr"></g><g v="incl"></g></l></v></tfr></token><token id="643322" text=","><tfr rev_id="1475432" t=","><v><l id="0" t=","><g v="PNCT"></g></l></v></tfr></token><token id="643323" text="1"><tfr rev_id="2462155" t="1"><v><l id="0" t="1"><g v="NUMB"></g></l></v></tfr></token><token id="643324" text="июля"><tfr rev_id="1475434" t="июля"><v><l id="127299" t="июль"><g v="NOUN"></g><g v="inan"></g><g v="masc"></g><g v="sing"></g><g v="gent"></g></l></v></tfr></token><token id="643325" text="по"><tfr rev_id="1475435" t="по"><v><l id="241240" t="по"><g v="PREP"></g></l></v></tfr></token><token id="643326" text="всем"><tfr rev_id="4130506" t="всем"><v><l id="42156" t="весь"><g v="ADJF"></g><g v="Subx"></g><g v="Apro"></g><g v="plur"></g><g v="datv"></g></l></v></tfr></token><token id="643327" text="каналам"><tfr rev_id="1475437" t="каналам"><v><l id="129205" t="канал"><g v="NOUN"></g><g v="inan"></g><g v="masc"></g><g v="plur"></g><g v="datv"></g></l></v></tfr></token><token id="643328" text="венесуэльского"><tfr rev_id="4164996" t="венесуэльского"><v><l id="40960" t="венесуэльский"><g v="ADJF"></g><g v="neut"></g><g v="sing"></g><g v="gent"></g></l></v></tfr></token><token id="643329" text="телевидения"><tfr rev_id="3473694" t="телевидения"><v><l id="344095" t="телевидение"><g v="NOUN"></g><g v="inan"></g><g v="neut"></g><g v="sing"></g><g v="gent"></g></l></v></tfr></token><token id="643330" text="было"><tfr rev_id="2780904" t="было"><v><l id="37265" t="есть"><g v="VERB"></g><g v="impf"></g><g v="intr"></g><g v="neut"></g><g v="sing"></g><g v="past"></g><g v="indc"></g></l></v></tfr></token><token id="643331" text="передано"><tfr rev_id="1475441" t="передано"><v><l id="228163" t="передан"><g v="PRTS"></g><g v="perf"></g><g v="past"></g><g v="pssv"></g><g v="neut"></g><g v="sing"></g></l></v></tfr></token><token id="643332" text="обращение"><tfr rev_id="4100750" t="обращение"><v><l id="198955" t="обращение"><g v="NOUN"></g><g v="inan"></g><g v="neut"></g><g v="sing"></g><g v="nomn"></g></l></v></tfr></token><token id="643333" text="Уго"><tfr rev_id="4098547" t="Уго"><v><l id="354245" t="уго"><g v="NOUN"></g><g v="anim"></g><g v="masc"></g><g v="Sgtm"></g><g v="Fixd"></g><g v="Name"></g><g v="sing"></g><g v="gent"></g></l></v></tfr></token><token id="643334" text="Чавеса"><tfr rev_id="4362211" t="Чавеса"><v><l id="388630" t="чавес"><g v="NOUN"></g><g v="anim"></g><g v="masc"></g><g v="Sgtm"></g><g v="Surn"></g><g v="sing"></g><g v="gent"></g></l></v></tfr></token><token id="643335" text=","><tfr rev_id="1475445" t=","><v><l id="0" t=","><g v="PNCT"></g></l></v></tfr></token><token id="643336" text="в"><tfr rev_id="1475446" t="в"><v><l id="37409" t="в"><g v="PREP"></g></l></v></tfr></token><token id="643337" text="котором"><tfr rev_id="4376269" t="котором"><v><l id="141203" t="который"><g v="ADJF"></g><g v="Apro"></g><g v="Subx"></g><g v="Anph"></g><g v="neut"></g><g v="sing"></g><g v="loct"></g></l></v></tfr></token><token id="643338" text="он"><tfr rev_id="3575693" t="он"><v><l id="206541" t="он"><g v="NPRO"></g><g v="masc"></g><g v="3per"></g><g v="Anph"></g><g v="sing"></g><g v="nomn"></g></l></v></tfr></token><token id="643339" text="рассказал"><tfr rev_id="1475449" t="рассказал"><v><l id="300965" t="рассказал"><g v="VERB"></g><g v="perf"></g><g v="tran"></g><g v="masc"></g><g v="sing"></g><g v="past"></g><g v="indc"></g></l></v></tfr></token><token id="643340" text="о"><tfr rev_id="3417358" t="о"><v><l id="192977" t="о"><g v="PREP"></g></l></v></tfr></token><token id="643341" text="том"><tfr rev_id="4414141" t="том"><v><l id="348430" t="тот"><g v="ADJF"></g><g v="Subx"></g><g v="Apro"></g><g v="Anph"></g><g v="neut"></g><g v="sing"></g><g v="loct"></g></l></v></tfr></token><token id="643342" text=","><tfr rev_id="1475452" t=","><v><l id="0" t=","><g v="PNCT"></g></l></v></tfr></token><token id="643343" text="что"><tfr rev_id="3197205" t="что"><v><l id="377004" t="что"><g v="CONJ"></g></l></v><v><l id="377005" t="что"><g v="NPRO"></g><g v="neut"></g><g v="sing"></g><g v="nomn"></g></l></v><v><l id="377005" t="что"><g v="NPRO"></g><g v="neut"></g><g v="sing"></g><g v="accs"></g></l></v><v><l id="377006" t="что"><g v="ADVB"></g><g v="Ques"></g></l></v><v><l id="388695" t="что"><g v="PRCL"></g></l></v></tfr></token><token id="643344" text="недавно"><tfr rev_id="1475454" t="недавно"><v><l id="180623" t="недавно"><g v="ADVB"></g></l></v></tfr></token><token id="643345" text="во"><tfr rev_id="2920279" t="во"><v><l id="37409" t="в"><g v="PREP"></g><g v="Vpre"></g></l></v></tfr></token><token id="643346" text="время"><tfr rev_id="3488335" t="время"><v><l id="53149" t="время"><g v="NOUN"></g><g v="inan"></g><g v="neut"></g><g v="sing"></g><g v="accs"></g></l></v></tfr></token><token id="643347" text="удаления"><tfr rev_id="3443624" t="удаления"><v><l id="354634" t="удаление"><g v="NOUN"></g><g v="inan"></g><g v="neut"></g><g v="sing"></g><g v="gent"></g></l></v></tfr></token><token id="643348" text="абсцесса"><tfr rev_id="1475458" t="абсцесса"><v><l id="1934" t="абсцесс"><g v="NOUN"></g><g v="inan"></g><g v="masc"></g><g v="sing"></g><g v="gent"></g></l></v></tfr></token><token id="643349" text="на"><tfr rev_id="3334908" t="на"><v><l id="166264" t="на"><g v="PREP"></g></l></v></tfr></token><token id="643350" text="бедре"><tfr rev_id="1475460" t="бедре"><v><l id="25417" t="бедро"><g v="NOUN"></g><g v="inan"></g><g v="neut"></g><g v="sing"></g><g v="loct"></g></l></v></tfr></token><token id="643351" text="врачи"><tfr rev_id="1475461" t="врачи"><v><l id="53020" t="врач"><g v="NOUN"></g><g v="anim"></g><g v="masc"></g><g v="plur"></g><g v="nomn"></g></l></v></tfr></token><token id="643352" text="обнаружили"><tfr rev_id="1475462" t="обнаружили"><v><l id="197779" t="обнаружил"><g v="VERB"></g><g v="perf"></g><g v="tran"></g><g v="plur"></g><g v="past"></g><g v="indc"></g></l></v></tfr></token><token id="643353" text="у"><tfr rev_id="3281901" t="у"><v><l id="352818" t="у"><g v="PREP"></g></l></v></tfr></token><token id="643354" text="него"><tfr rev_id="4528199" t="него"><v><l id="206541" t="он"><g v="NPRO"></g><g v="masc"></g><g v="3per"></g><g v="Anph"></g><g v="sing"></g><g v="gent"></g><g v="Af-p"></g></l></v><v><l id="206649" t="оно"><g v="NPRO"></g><g v="neut"></g><g v="3per"></g><g v="Anph"></g><g v="sing"></g><g v="gent"></g><g v="Af-p"></g></l></v></tfr></token><token id="643355" text="злокачественное"><tfr rev_id="1475465" t="злокачественное"><v><l id="115705" t="злокачественный"><g v="ADJF"></g><g v="neut"></g><g v="sing"></g><g v="nomn"></g></l></v><v><l id="115705" t="злокачественный"><g v="ADJF"></g><g v="neut"></g><g v="sing"></g><g v="accs"></g></l></v></tfr></token><token id="643356" text="образование"><tfr rev_id="1475466" t="образование"><v><l id="198798" t="образование"><g v="NOUN"></g><g v="inan"></g><g v="neut"></g><g v="sing"></g><g v="nomn"></g></l></v><v><l id="198798" t="образование"><g v="NOUN"></g><g v="inan"></g><g v="neut"></g><g v="sing"></g><g v="accs"></g></l></v></tfr></token><token id="643357" text="."><tfr rev_id="1475467" t="."><v><l id="0" t="."><g v="PNCT"></g></l></v></tfr></token></tokens></sentence><sentence id="35990"><source>Потребовалась ещё одна операция.</source><tokens><token id="643358" text="Потребовалась"><tfr rev_id="1475468" t="Потребовалась"><v><l id="263557" t="потребовался"><g v="VERB"></g><g v="perf"></g><g v="intr"></g><g v="femn"></g><g v="sing"></g><g v="past"></g><g v="indc"></g></l></v></tfr></token><token id="643359" text="ещё"><tfr rev_id="1475469" t="ещё"><v><l id="95551" t="ещё"><g v="PRCL"></g></l></v><v><l id="95552" t="ещё"><g v="ADVB"></g></l></v></tfr></token><token id="643360" text="одна"><tfr rev_id="4301872" t="одна"><v><l id="203319" t="один"><g v="ADJF"></g><g v="Apro"></g><g v="Anum"></g><g v="femn"></g><g v="sing"></g><g v="nomn"></g></l></v></tfr></token><token id="643361" text="операция"><tfr rev_id="1475471" t="операция"><v><l id="206957" t="операция"><g v="NOUN"></g><g v="inan"></g><g v="femn"></g><g v="sing"></g><g v="nomn"></g></l></v></tfr></token><token id="643362" text="."><tfr rev_id="1475472" t="."><v><l id="0" t="."><g v="PNCT"></g></l></v></tfr></token></tokens></sentence><sentence id="35991"><source>Венесуэльский лидер проявил весьма оптимистический настрой.</source><tokens><token id="643363" text="Венесуэльский"><tfr rev_id="1475473" t="Венесуэльский"><v><l id="40960" t="венесуэльский"><g v="ADJF"></g><g v="masc"></g><g v="sing"></g><g v="nomn"></g></l></v><v><l id="40960" t="венесуэльский"><g v="ADJF"></g><g v="inan"></g><g v="masc"></g><g v="sing"></g><g v="accs"></g></l></v></tfr></token><token id="643364" text="лидер"><tfr rev_id="1475474" t="лидер"><v><l id="149007" t="лидер"><g v="NOUN"></g><g v="anim"></g><g v="masc"></g><g v="sing"></g><g v="nomn"></g></l></v></tfr></token><token id="643365" text="проявил"><tfr rev_id="1475475" t="проявил"><v><l id="287950" t="проявил"><g v="VERB"></g><g v="perf"></g><g v="tran"></g><g v="masc"></g><g v="sing"></g><g v="past"></g><g v="indc"></g></l></v></tfr></token><token id="643366" text="весьма"><tfr rev_id="1475476" t="весьма"><v><l id="42160" t="весьма"><g v="ADVB"></g></l></v></tfr></token><token id="643367" text="оптимистический"><tfr rev_id="1475477" t="оптимистический"><v><l id="208315" t="оптимистический"><g v="ADJF"></g><g v="masc"></g><g v="sing"></g><g v="nomn"></g></l></v><v><l id="208315" t="оптимистический"><g v="ADJF"></g><g v="inan"></g><g v="masc"></g><g v="sing"></g><g v="accs"></g></l></v></tfr></token><token id="643368" text="настрой"><tfr rev_id="3673189" t="настрой"><v><l id="176278" t="настрой"><g v="NOUN"></g><g v="inan"></g><g v="masc"></g><g v="sing"></g><g v="accs"></g></l></v></tfr></token><token id="643369" text="."><tfr rev_id="1475479" t="."><v><l id="0" t="."><g v="PNCT"></g></l></v></tfr></token></tokens></sentence><sentence id="35992"><source>Он рассказал, что опухоль полностью удалена и он на пути «к полному выздоровлению».</source><tokens><token id="643370" text="Он"><tfr rev_id="3575694" t="Он"><v><l id="206541" t="он"><g v="NPRO"></g><g v="masc"></g><g v="3per"></g><g v="Anph"></g><g v="sing"></g><g v="nomn"></g></l></v></tfr></token><token id="643371" text="рассказал"><tfr rev_id="1475481" t="рассказал"><v><l id="300965" t="рассказал"><g v="VERB"></g><g v="perf"></g><g v="tran"></g><g v="masc"></g><g v="sing"></g><g v="past"></g><g v="indc"></g></l></v></tfr></token><token id="643372" text=","><tfr rev_id="1475482" t=","><v><l id="0" t=","><g v="PNCT"></g></l></v></tfr></token><token id="643373" text="что"><tfr rev_id="3197206" t="что"><v><l id="377004" t="что"><g v="CONJ"></g></l></v><v><l id="377005" t="что"><g v="NPRO"></g><g v="neut"></g><g v="sing"></g><g v="nomn"></g></l></v><v><l id="377005" t="что"><g v="NPRO"></g><g v="neut"></g><g v="sing"></g><g v="accs"></g></l></v><v><l id="377006" t="что"><g v="ADVB"></g><g v="Ques"></g></l></v><v><l id="388695" t="что"><g v="PRCL"></g></l></v></tfr></token><token id="643374" text="опухоль"><tfr rev_id="4380009" t="опухоль"><v><l id="208499" t="опухоль"><g v="NOUN"></g><g v="inan"></g><g v="femn"></g><g v="sing"></g><g v="nomn"></g></l></v></tfr></token><token id="643375" text="полностью"><tfr rev_id="1475485" t="полностью"><v><l id="256145" t="полностью"><g v="ADVB"></g></l></v></tfr></token><token id="643376" text="удалена"><tfr rev_id="1475486" t="удалена"><v><l id="354641" t="удалён"><g v="PRTS"></g><g v="perf"></g><g v="past"></g><g v="pssv"></g><g v="femn"></g><g v="sing"></g></l></v></tfr></token><token id="643377" text="и"><tfr rev_id="1475487" t="и"><v><l id="116949" t="и"><g v="CONJ"></g></l></v><v><l id="116950" t="и"><g v="INTJ"></g></l></v></tfr></token><token id="643378" text="он"><tfr rev_id="3575695" t="он"><v><l id="206541" t="он"><g v="NPRO"></g><g v="masc"></g><g v="3per"></g><g v="Anph"></g><g v="sing"></g><g v="nomn"></g></l></v></tfr></token><token id="643379" text="на"><tfr rev_id="3330274" t="на"><v><l id="166264" t="на"><g v="PREP"></g></l></v></tfr></token><token id="643380" text="пути"><tfr rev_id="3550919" t="пути"><v><l id="289625" t="путь"><g v="NOUN"></g><g v="inan"></g><g v="masc"></g><g v="sing"></g><g v="loct"></g></l></v></tfr></token><token id="643381" text="«"><tfr rev_id="2445337" t="«"><v><l id="0" t="«"><g v="PNCT"></g></l></v></tfr></token><token id="643382" text="к"><tfr rev_id="1475492" t="к"><v><l id="127460" t="к"><g v="PREP"></g></l></v></tfr></token><token id="643383" text="полному"><tfr rev_id="2585475" t="полному"><v><l id="256169" t="полный"><g v="ADJF"></g><g v="Qual"></g><g v="neut"></g><g v="sing"></g><g v="datv"></g></l></v></tfr></token><token id="643384" text="выздоровлению"><tfr rev_id="1475494" t="выздоровлению"><v><l id="57579" t="выздоровление"><g v="NOUN"></g><g v="inan"></g><g v="neut"></g><g v="sing"></g><g v="datv"></g></l></v></tfr></token><token id="643385" text="»"><tfr rev_id="2445338" t="»"><v><l id="0" t="»"><g v="PNCT"></g></l></v></tfr></token><token id="643386" text="."><tfr rev_id="1475496" t="."><v><l id="0" t="."><g v="PNCT"></g></l></v></tfr></token></tokens></sentence><sentence id="35993"><source>Чавес отметил, что, несмотря на то что процесс выздоровления идёт «медленно и осторожно», он намерен полностью «преодолеть» болезнь.</source><tokens><token id="643387" text="Чавес"><tfr rev_id="2559684" t="Чавес"><v><l id="388630" t="чавес"><g v="NOUN"></g><g v="anim"></g><g v="masc"></g><g v="Sgtm"></g><g v="Surn"></g><g v="sing"></g><g v="nomn"></g></l></v></tfr></token><token id="643388" text="отметил"><tfr rev_id="1475498" t="отметил"><v><l id="215584" t="отметил"><g v="VERB"></g><g v="perf"></g><g v="tran"></g><g v="masc"></g><g v="sing"></g><g v="past"></g><g v="indc"></g></l></v></tfr></token><token id="643389" text=","><tfr rev_id="1475499" t=","><v><l id="0" t=","><g v="PNCT"></g></l></v></tfr></token><token id="643390" text="что"><tfr rev_id="3197207" t="что"><v><l id="377004" t="что"><g v="CONJ"></g></l></v><v><l id="377005" t="что"><g v="NPRO"></g><g v="neut"></g><g v="sing"></g><g v="nomn"></g></l></v><v><l id="377005" t="что"><g v="NPRO"></g><g v="neut"></g><g v="sing"></g><g v="accs"></g></l></v><v><l id="377006" t="что"><g v="ADVB"></g><g v="Ques"></g></l></v><v><l id="388695" t="что"><g v="PRCL"></g></l></v></tfr></token><token id="643391" text=","><tfr rev_id="1475501" t=","><v><l id="0" t=","><g v="PNCT"></g></l></v></tfr></token><token id="643392" text="несмотря"><tfr rev_id="1475502" t="несмотря"><v><l id="188286" t="несмотря"><g v="PREP"></g></l></v></tfr></token><token id="643393" text="на"><tfr rev_id="3333646" t="на"><v><l id="166264" t="на"><g v="PREP"></g></l></v></tfr></token><token id="643394" text="то"><tfr rev_id="3777595" t="то"><v><l id="346835" t="то"><g v="CONJ"></g></l></v><v><l id="346836" t="то"><g v="PRCL"></g></l></v><v><l id="348430" t="тот"><g v="ADJF"></g><g v="Subx"></g><g v="Apro"></g><g v="Anph"></g><g v="neut"></g><g v="sing"></g><g v="nomn"></g></l></v><v><l id="348430" t="тот"><g v="ADJF"></g><g v="Subx"></g><g v="Apro"></g><g v="Anph"></g><g v="neut"></g><g v="sing"></g><g v="accs"></g></l></v></tfr></token><token id="643395" text="что"><tfr rev_id="3197208" t="что"><v><l id="377004" t="что"><g v="CONJ"></g></l></v><v><l id="377005" t="что"><g v="NPRO"></g><g v="neut"></g><g v="sing"></g><g v="nomn"></g></l></v><v><l id="377005" t="что"><g v="NPRO"></g><g v="neut"></g><g v="sing"></g><g v="accs"></g></l></v><v><l id="377006" t="что"><g v="ADVB"></g><g v="Ques"></g></l></v><v><l id="388695" t="что"><g v="PRCL"></g></l></v></tfr></token><token id="643396" text="процесс"><tfr rev_id="4083540" t="процесс"><v><l id="287363" t="процесс"><g v="NOUN"></g><g v="inan"></g><g v="masc"></g><g v="sing"></g><g v="nomn"></g></l></v></tfr></token><token id="643397" text="выздоровления"><tfr rev_id="3456640" t="выздоровления"><v><l id="57579" t="выздоровление"><g v="NOUN"></g><g v="inan"></g><g v="neut"></g><g v="sing"></g><g v="gent"></g></l></v></tfr></token><token id="643398" text="идёт"><tfr rev_id="1475508" t="идёт"><v><l id="117566" t="иду"><g v="VERB"></g><g v="impf"></g><g v="intr"></g><g v="sing"></g><g v="3per"></g><g v="pres"></g><g v="indc"></g></l></v></tfr></token><token id="643399" text="«"><tfr rev_id="2445339" t="«"><v><l id="0" t="«"><g v="PNCT"></g></l></v></tfr></token><token id="643400" text="медленно"><tfr rev_id="1475510" t="медленно"><v><l id="157073" t="медленно"><g v="ADVB"></g></l></v><v><l id="157108" t="медлен"><g v="ADJS"></g><g v="Qual"></g><g v="neut"></g><g v="sing"></g></l></v></tfr></token><token id="643401" text="и"><tfr rev_id="4104304" t="и"><v><l id="116949" t="и"><g v="CONJ"></g></l></v></tfr></token><token id="643402" text="осторожно"><tfr rev_id="3526360" t="осторожно"><v><l id="211094" t="осторожно"><g v="ADVB"></g></l></v></tfr></token><token id="643403" text="»"><tfr rev_id="2445340" t="»"><v><l id="0" t="»"><g v="PNCT"></g></l></v></tfr></token><token id="643404" text=","><tfr rev_id="1475514" t=","><v><l id="0" t=","><g v="PNCT"></g></l></v></tfr></token><token id="643405" text="он"><tfr rev_id="3575696" t="он"><v><l id="206541" t="он"><g v="NPRO"></g><g v="masc"></g><g v="3per"></g><g v="Anph"></g><g v="sing"></g><g v="nomn"></g></l></v></tfr></token><token id="643406" text="намерен"><tfr rev_id="1475516" t="намерен"><v><l id="172445" t="намерен"><g v="ADJS"></g><g v="masc"></g><g v="sing"></g></l></v><v><l id="172450" t="намерен"><g v="ADJS"></g><g v="Qual"></g><g v="masc"></g><g v="sing"></g></l></v><v><l id="172473" t="намерен"><g v="PRTS"></g><g v="perf"></g><g v="past"></g><g v="pssv"></g><g v="masc"></g><g v="sing"></g></l></v></tfr></token><token id="643407" text="полностью"><tfr rev_id="1475517" t="полностью"><v><l id="256145" t="полностью"><g v="ADVB"></g></l></v></tfr></token><token id="643408" text="«"><tfr rev_id="2445341" t="«"><v><l id="0" t="«"><g v="PNCT"></g></l></v></tfr></token><token id="643409" text="преодолеть"><tfr rev_id="1475519" t="преодолеть"><v><l id="267890" t="преодолеть"><g v="INFN"></g><g v="perf"></g><g v="tran"></g></l></v></tfr></token><token id="643410" text="»"><tfr rev_id="2445342" t="»"><v><l id="0" t="»"><g v="PNCT"></g></l></v></tfr></token><token id="643411" text="болезнь"><tfr rev_id="3465354" t="болезнь"><v><l id="32085" t="болезнь"><g v="NOUN"></g><g v="inan"></g><g v="femn"></g><g v="sing"></g><g v="accs"></g></l></v></tfr></token><token id="643412" text="."><tfr rev_id="1475522" t="."><v><l id="0" t="."><g v="PNCT"></g></l></v></tfr></token></tokens></sentence><sentence id="35994"><source>Проблемы со здоровьем возникли у Чавеса во время визита на Кубу.</source><tokens><token id="643413" text="Проблемы"><tfr rev_id="3796096" t="Проблемы"><v><l id="277255" t="проблема"><g v="NOUN"></g><g v="inan"></g><g v="femn"></g><g v="plur"></g><g v="nomn"></g></l></v></tfr></token><token id="643414" text="со"><tfr rev_id="2919237" t="со"><v><l id="311151" t="с"><g v="PREP"></g><g v="Vpre"></g></l></v></tfr></token><token id="643415" text="здоровьем"><tfr rev_id="1475525" t="здоровьем"><v><l id="114746" t="здоровье"><g v="NOUN"></g><g v="inan"></g><g v="neut"></g><g v="sing"></g><g v="ablt"></g></l></v></tfr></token><token id="643416" text="возникли"><tfr rev_id="1475526" t="возникли"><v><l id="49521" t="возник"><g v="VERB"></g><g v="perf"></g><g v="intr"></g><g v="plur"></g><g v="past"></g><g v="indc"></g></l></v></tfr></token><token id="643417" text="у"><tfr rev_id="3417504" t="у"><v><l id="352818" t="у"><g v="PREP"></g></l></v></tfr></token><token id="643418" text="Чавеса"><tfr rev_id="4362245" t="Чавеса"><v><l id="388630" t="чавес"><g v="NOUN"></g><g v="anim"></g><g v="masc"></g><g v="Sgtm"></g><g v="Surn"></g><g v="sing"></g><g v="gent"></g></l></v></tfr></token><token id="643419" text="во"><tfr rev_id="2920280" t="во"><v><l id="37409" t="в"><g v="PREP"></g><g v="Vpre"></g></l></v></tfr></token><token id="643420" text="время"><tfr rev_id="1475530" t="время"><v><l id="53149" t="время"><g v="NOUN"></g><g v="inan"></g><g v="neut"></g><g v="sing"></g><g v="nomn"></g></l></v><v><l id="53149" t="время"><g v="NOUN"></g><g v="inan"></g><g v="neut"></g><g v="sing"></g><g v="accs"></g></l></v></tfr></token><token id="643421" text="визита"><tfr rev_id="1475531" t="визита"><v><l id="44737" t="визит"><g v="NOUN"></g><g v="inan"></g><g v="masc"></g><g v="sing"></g><g v="gent"></g></l></v></tfr></token><token id="643422" text="на"><tfr rev_id="3343234" t="на"><v><l id="166264" t="на"><g v="PREP"></g></l></v></tfr></token><token id="643423" text="Кубу"><tfr rev_id="4076870" t="Кубу"><v><l id="144227" t="куба"><g v="NOUN"></g><g v="inan"></g><g v="femn"></g><g v="Sgtm"></g><g v="Geox"></g><g v="sing"></g><g v="accs"></g></l></v></tfr></token><token id="643424" text="."><tfr rev_id="1475534" t="."><v><l id="0" t="."><g v="PNCT"></g></l></v></tfr></token></tokens></sentence><sentence id="35995"><source>Кубинский лидер Фидель Кастро заметил, что коллеге из Венесуэлы нездоровится, и настоял на срочном медицинском обследовании.</source><tokens><token id="643425" text="Кубинский"><tfr rev_id="1475535" t="Кубинский"><v><l id="144264" t="кубинский"><g v="ADJF"></g><g v="masc"></g><g v="sing"></g><g v="nomn"></g></l></v><v><l id="144264" t="кубинский"><g v="ADJF"></g><g v="inan"></g><g v="masc"></g><g v="sing"></g><g v="accs"></g></l></v></tfr></token><token id="643426" text="лидер"><tfr rev_id="1475536" t="лидер"><v><l id="149007" t="лидер"><g v="NOUN"></g><g v="anim"></g><g v="masc"></g><g v="sing"></g><g v="nomn"></g></l></v></tfr></token><token id="643427" text="Фидель"><tfr rev_id="1475537" t="Фидель"><v><l id="365680" t="фидель"><g v="NOUN"></g><g v="anim"></g><g v="masc"></g><g v="Name"></g><g v="sing"></g><g v="nomn"></g></l></v></tfr></token><token id="643428" text="Кастро"><tfr rev_id="4326587" t="Кастро"><v><l id="131105" t="кастро"><g v="NOUN"></g><g v="anim"></g><g v="ms-f"></g><g v="Fixd"></g><g v="Surn"></g><g v="sing"></g><g v="nomn"></g></l></v></tfr></token><token id="643429" text="заметил"><tfr rev_id="1475539" t="заметил"><v><l id="105525" t="заметил"><g v="VERB"></g><g v="perf"></g><g v="tran"></g><g v="masc"></g><g v="sing"></g><g v="past"></g><g v="indc"></g></l></v></tfr></token><token id="643430" text=","><tfr rev_id="1475540" t=","><v><l id="0" t=","><g v="PNCT"></g></l></v></tfr></token><token id="643431" text="что"><tfr rev_id="3197209" t="что"><v><l id="377004" t="что"><g v="CONJ"></g></l></v><v><l id="377005" t="что"><g v="NPRO"></g><g v="neut"></g><g v="sing"></g><g v="nomn"></g></l></v><v><l id="377005" t="что"><g v="NPRO"></g><g v="neut"></g><g v="sing"></g><g v="accs"></g></l></v><v><l id="377006" t="что"><g v="ADVB"></g><g v="Ques"></g></l></v><v><l id="388695" t="что"><g v="PRCL"></g></l></v></tfr></token><token id="643432" text="коллеге"><tfr rev_id="4527219" t="коллеге"><v><l id="136008" t="коллега"><g v="NOUN"></g><g v="anim"></g><g v="ms-f"></g><g v="sing"></g><g v="datv"></g></l></v></tfr></token><token id="643433" text="из"><tfr rev_id="2603834" t="из"><v><l id="117677" t="из"><g v="PREP"></g></l></v></tfr></token><token id="643434" text="Венесуэлы"><tfr rev_id="1475544" t="Венесуэлы"><v><l id="40957" t="венесуэла"><g v="NOUN"></g><g v="inan"></g><g v="femn"></g><g v="Sgtm"></g><g v="Geox"></g><g v="sing"></g><g v="gent"></g></l></v></tfr></token><token id="643435" text="нездоровится"><tfr rev_id="1475545" t="нездоровится"><v><l id="182495" t="нездоровилось"><g v="VERB"></g><g v="impf"></g><g v="intr"></g><g v="Impe"></g><g v="sing"></g><g v="pres"></g><g v="indc"></g></l></v></tfr></token><token id="643436" text=","><tfr rev_id="1475546" t=","><v><l id="0" t=","><g v="PNCT"></g></l></v></tfr></token><token id="643437" text="и"><tfr rev_id="1475547" t="и"><v><l id="116949" t="и"><g v="CONJ"></g></l></v><v><l id="116950" t="и"><g v="INTJ"></g></l></v></tfr></token><token id="643438" text="настоял"><tfr rev_id="1475548" t="настоял"><v><l id="176136" t="настоял"><g v="VERB"></g><g v="perf"></g><g v="tran"></g><g v="masc"></g><g v="sing"></g><g v="past"></g><g v="indc"></g></l></v><v><l id="176142" t="настоял"><g v="VERB"></g><g v="perf"></g><g v="intr"></g><g v="masc"></g><g v="sing"></g><g v="past"></g><g v="indc"></g></l></v></tfr></token><token id="643439" text="на"><tfr rev_id="3339140" t="на"><v><l id="166264" t="на"><g v="PREP"></g></l></v></tfr></token><token id="643440" text="срочном"><tfr rev_id="3285025" t="срочном"><v><l id="333865" t="срочный"><g v="ADJF"></g><g v="Qual"></g><g v="neut"></g><g v="sing"></g><g v="loct"></g></l></v></tfr></token><token id="643441" text="медицинском"><tfr rev_id="3470237" t="медицинском"><v><l id="157067" t="медицинский"><g v="ADJF"></g><g v="neut"></g><g v="sing"></g><g v="loct"></g></l></v></tfr></token><token id="643442" text="обследовании"><tfr rev_id="1475552" t="обследовании"><v><l id="199737" t="обследование"><g v="NOUN"></g><g v="inan"></g><g v="neut"></g><g v="sing"></g><g v="loct"></g></l></v></tfr></token><token id="643443" text="."><tfr rev_id="1475553" t="."><v><l id="0" t="."><g v="PNCT"></g></l></v></tfr></token></tokens></sentence><sentence id="35996"><source>В ходе обследований выяснилось, что Чавесу требуется срочная операция.</source><tokens><token id="643444" text="В"><tfr rev_id="1475554" t="В"><v><l id="37409" t="в"><g v="PREP"></g></l></v></tfr></token><token id="643445" text="ходе"><tfr rev_id="1475555" t="ходе"><v><l id="371078" t="ход"><g v="NOUN"></g><g v="inan"></g><g v="masc"></g><g v="sing"></g><g v="loc1"></g></l></v></tfr></token><token id="643446" text="обследований"><tfr rev_id="1475556" t="обследований"><v><l id="199737" t="обследование"><g v="NOUN"></g><g v="inan"></g><g v="neut"></g><g v="plur"></g><g v="gent"></g></l></v></tfr></token><token id="643447" text="выяснилось"><tfr rev_id="1475557" t="выяснилось"><v><l id="64907" t="выяснился"><g v="VERB"></g><g v="perf"></g><g v="intr"></g><g v="neut"></g><g v="sing"></g><g v="past"></g><g v="indc"></g></l></v></tfr></token><token id="643448" text=","><tfr rev_id="1475558" t=","><v><l id="0" t=","><g v="PNCT"></g></l></v></tfr></token><token id="643449" text="что"><tfr rev_id="1671471" t="что"><v><l id="377004" t="что"><g v="CONJ"></g></l></v></tfr></token><token id="643450" text="Чавесу"><tfr rev_id="2559703" t="Чавесу"><v><l id="388630" t="чавес"><g v="NOUN"></g><g v="anim"></g><g v="masc"></g><g v="Sgtm"></g><g v="Surn"></g><g v="sing"></g><g v="datv"></g></l></v></tfr></token><token id="643451" text="требуется"><tfr rev_id="1475561" t="требуется"><v><l id="349476" t="требуюсь"><g v="VERB"></g><g v="impf"></g><g v="intr"></g><g v="sing"></g><g v="3per"></g><g v="pres"></g><g v="indc"></g></l></v></tfr></token><token id="643452" text="срочная"><tfr rev_id="1475562" t="срочная"><v><l id="333865" t="срочный"><g v="ADJF"></g><g v="Qual"></g><g v="femn"></g><g v="sing"></g><g v="nomn"></g></l></v></tfr></token><token id="643453" text="операция"><tfr rev_id="1475563" t="операция"><v><l id="206957" t="операция"><g v="NOUN"></g><g v="inan"></g><g v="femn"></g><g v="sing"></g><g v="nomn"></g></l></v></tfr></token><token id="643454" text="."><tfr rev_id="1475564" t="."><v><l id="0" t="."><g v="PNCT"></g></l></v></tfr></token></tokens></sentence><sentence id="35997"><source>Необходимость обращения к согражданам была вызвана потоком слухов и домыслов, появившихся в СМИ в связи с лечением Чавеса на Кубе.</source><tokens><token id="643455" text="Необходимость"><tfr rev_id="4240518" t="Необходимость"><v><l id="184807" t="необходимость"><g v="NOUN"></g><g v="inan"></g><g v="femn"></g><g v="sing"></g><g v="nomn"></g></l></v></tfr></token><token id="643456" text="обращения"><tfr rev_id="3470856" t="обращения"><v><l id="198955" t="обращение"><g v="NOUN"></g><g v="inan"></g><g v="neut"></g><g v="sing"></g><g v="gent"></g></l></v></tfr></token><token id="643457" text="к"><tfr rev_id="1475567" t="к"><v><l id="127460" t="к"><g v="PREP"></g></l></v></tfr></token><token id="643458" text="согражданам"><tfr rev_id="1475568" t="согражданам"><v><l id="328333" t="согражданин"><g v="NOUN"></g><g v="anim"></g><g v="masc"></g><g v="plur"></g><g v="datv"></g></l></v></tfr></token><token id="643459" text="была"><tfr rev_id="1475569" t="была"><v><l id="37265" t="есть"><g v="VERB"></g><g v="impf"></g><g v="intr"></g><g v="femn"></g><g v="sing"></g><g v="past"></g><g v="indc"></g></l></v></tfr></token><token id="643460" text="вызвана"><tfr rev_id="1475570" t="вызвана"><v><l id="57529" t="вызван"><g v="PRTS"></g><g v="perf"></g><g v="past"></g><g v="pssv"></g><g v="femn"></g><g v="sing"></g></l></v></tfr></token><token id="643461" text="потоком"><tfr rev_id="1475571" t="потоком"><v><l id="263275" t="поток"><g v="NOUN"></g><g v="inan"></g><g v="masc"></g><g v="sing"></g><g v="ablt"></g></l></v></tfr></token><token id="643462" text="слухов"><tfr rev_id="1475572" t="слухов"><v><l id="325458" t="слух"><g v="NOUN"></g><g v="inan"></g><g v="masc"></g><g v="plur"></g><g v="gent"></g></l></v></tfr></token><token id="643463" text="и"><tfr rev_id="1475573" t="и"><v><l id="116949" t="и"><g v="CONJ"></g></l></v><v><l id="116950" t="и"><g v="INTJ"></g></l></v></tfr></token><token id="643464" text="домыслов"><tfr rev_id="1475574" t="домыслов"><v><l id="88570" t="домысел"><g v="NOUN"></g><g v="inan"></g><g v="masc"></g><g v="plur"></g><g v="gent"></g></l></v></tfr></token><token id="643465" text=","><tfr rev_id="1475575" t=","><v><l id="0" t=","><g v="PNCT"></g></l></v></tfr></token><token id="643466" text="появившихся"><tfr rev_id="1475576" t="появившихся"><v><l id="265509" t="появившийся"><g v="PRTF"></g><g v="perf"></g><g v="intr"></g><g v="past"></g><g v="actv"></g><g v="plur"></g><g v="gent"></g></l></v><v><l id="265509" t="появившийся"><g v="PRTF"></g><g v="perf"></g><g v="intr"></g><g v="past"></g><g v="actv"></g><g v="anim"></g><g v="plur"></g><g v="accs"></g></l></v><v><l id="265509" t="появившийся"><g v="PRTF"></g><g v="perf"></g><g v="intr"></g><g v="past"></g><g v="actv"></g><g v="plur"></g><g v="loct"></g></l></v></tfr></token><token id="643467" text="в"><tfr rev_id="1475577" t="в"><v><l id="37409" t="в"><g v="PREP"></g></l></v></tfr></token><token id="643468" text="СМИ"><tfr rev_id="4489547" t="СМИ"><v><l id="326341" t="сми"><g v="NOUN"></g><g v="inan"></g><g v="GNdr"></g><g v="Pltm"></g><g v="Fixd"></g><g v="Abbr"></g><g v="plur"></g><g v="loct"></g></l></v></tfr></token><token id="643469" text="в"><tfr rev_id="1475579" t="в"><v><l id="37409" t="в"><g v="PREP"></g></l></v></tfr></token><token id="643470" text="связи"><tfr rev_id="4392209" t="связи"><v><l id="316572" t="связь"><g v="NOUN"></g><g v="inan"></g><g v="femn"></g><g v="sing"></g><g v="loc1"></g></l></v><v><l id="316572" t="связь"><g v="NOUN"></g><g v="inan"></g><g v="femn"></g><g v="sing"></g><g v="loc2"></g></l></v></tfr></token><token id="643471" text="с"><tfr rev_id="1475581" t="с"><v><l id="311151" t="с"><g v="PREP"></g></l></v></tfr></token><token id="643472" text="лечением"><tfr rev_id="1475582" t="лечением"><v><l id="148735" t="лечение"><g v="NOUN"></g><g v="inan"></g><g v="neut"></g><g v="sing"></g><g v="ablt"></g></l></v></tfr></token><token id="643473" text="Чавеса"><tfr rev_id="4363171" t="Чавеса"><v><l id="388630" t="чавес"><g v="NOUN"></g><g v="anim"></g><g v="masc"></g><g v="Sgtm"></g><g v="Surn"></g><g v="sing"></g><g v="gent"></g></l></v></tfr></token><token id="643474" text="на"><tfr rev_id="3396160" t="на"><v><l id="166264" t="на"><g v="PREP"></g></l></v></tfr></token><token id="643475" text="Кубе"><tfr rev_id="3799279" t="Кубе"><v><l id="144227" t="куба"><g v="NOUN"></g><g v="inan"></g><g v="femn"></g><g v="Sgtm"></g><g v="Geox"></g><g v="sing"></g><g v="loct"></g></l></v></tfr></token><token id="643476" text="."><tfr rev_id="1475586" t="."><v><l id="0" t="."><g v="PNCT"></g></l></v></tfr></token></tokens></sentence></paragraph><paragraph id="11408"><sentence id="35998"><source>Стоит отметить, что из-за болезни Чавеса был отменён большой саммит Сообщества стран Латинской Америки и Карибского бассейна (CELAC), который должен был начаться в Каракасе на этой неделе.</source><tokens><token id="643477" text="Стоит"><tfr rev_id="1475587" t="Стоит"><v><l id="336464" t="стою"><g v="VERB"></g><g v="impf"></g><g v="tran"></g><g v="sing"></g><g v="3per"></g><g v="pres"></g><g v="indc"></g></l></v><v><l id="336469" t="стоило"><g v="VERB"></g><g v="impf"></g><g v="intr"></g><g v="Impe"></g><g v="sing"></g><g v="pres"></g><g v="indc"></g></l></v><v><l id="336980" t="стою"><g v="VERB"></g><g v="impf"></g><g v="intr"></g><g v="sing"></g><g v="3per"></g><g v="pres"></g><g v="indc"></g></l></v></tfr></token><token id="643478" text="отметить"><tfr rev_id="1475588" t="отметить"><v><l id="215585" t="отметить"><g v="INFN"></g><g v="perf"></g><g v="tran"></g></l></v></tfr></token><token id="643479" text=","><tfr rev_id="1475589" t=","><v><l id="0" t=","><g v="PNCT"></g></l></v></tfr></token><token id="643480" text="что"><tfr rev_id="3197210" t="что"><v><l id="377004" t="что"><g v="CONJ"></g></l></v><v><l id="377005" t="что"><g v="NPRO"></g><g v="neut"></g><g v="sing"></g><g v="nomn"></g></l></v><v><l id="377005" t="что"><g v="NPRO"></g><g v="neut"></g><g v="sing"></g><g v="accs"></g></l></v><v><l id="377006" t="что"><g v="ADVB"></g><g v="Ques"></g></l></v><v><l id="388695" t="что"><g v="PRCL"></g></l></v></tfr></token><token id="643481" text="из-за"><tfr rev_id="1475591" t="из-за"><v><l id="117678" t="из-за"><g v="PREP"></g></l></v></tfr></token><token id="643482" text="болезни"><tfr rev_id="4177460" t="болезни"><v><l id="32085" t="болезнь"><g v="NOUN"></g><g v="inan"></g><g v="femn"></g><g v="sing"></g><g v="gent"></g></l></v></tfr></token><token id="643483" text="Чавеса"><tfr rev_id="4362276" t="Чавеса"><v><l id="388630" t="чавес"><g v="NOUN"></g><g v="anim"></g><g v="masc"></g><g v="Sgtm"></g><g v="Surn"></g><g v="sing"></g><g v="gent"></g></l></v></tfr></token><token id="643484" text="был"><tfr rev_id="1475594" t="был"><v><l id="37265" t="есть"><g v="VERB"></g><g v="impf"></g><g v="intr"></g><g v="masc"></g><g v="sing"></g><g v="past"></g><g v="indc"></g></l></v></tfr></token><token id="643485" text="отменён"><tfr rev_id="1475595" t="отменён"><v><l id="215487" t="отменён"><g v="PRTS"></g><g v="perf"></g><g v="past"></g><g v="pssv"></g><g v="masc"></g><g v="sing"></g></l></v><v><l id="215496" t="отменен"><g v="ADJS"></g><g v="Qual"></g><g v="masc"></g><g v="sing"></g><g v="V-en"></g></l></v></tfr></token><token id="643486" text="большой"><tfr rev_id="2635598" t="большой"><v><l id="32445" t="большой"><g v="ADJF"></g><g v="Qual"></g><g v="masc"></g><g v="sing"></g><g v="nomn"></g></l></v><v><l id="32445" t="большой"><g v="ADJF"></g><g v="Qual"></g><g v="inan"></g><g v="masc"></g><g v="sing"></g><g v="accs"></g></l></v></tfr></token><token id="643487" text="саммит"><tfr rev_id="4093222" t="саммит"><v><l id="312155" t="саммит"><g v="NOUN"></g><g v="inan"></g><g v="masc"></g><g v="sing"></g><g v="nomn"></g></l></v></tfr></token><token id="643488" text="Сообщества"><tfr rev_id="2371087" t="Сообщества"><v><l id="329551" t="сообщество"><g v="NOUN"></g><g v="inan"></g><g v="neut"></g><g v="sing"></g><g v="gent"></g></l></v></tfr></token><token id="643489" text="стран"><tfr rev_id="1475599" t="стран"><v><l id="337100" t="страна"><g v="NOUN"></g><g v="inan"></g><g v="femn"></g><g v="plur"></g><g v="gent"></g></l></v></tfr></token><token id="643490" text="Латинской"><tfr rev_id="4425592" t="Латинской"><v><l id="147116" t="латинский"><g v="ADJF"></g><g v="femn"></g><g v="sing"></g><g v="gent"></g></l></v></tfr></token><token id="643491" text="Америки"><tfr rev_id="1475601" t="Америки"><v><l id="11393" t="америка"><g v="NOUN"></g><g v="inan"></g><g v="femn"></g><g v="Sgtm"></g><g v="Geox"></g><g v="sing"></g><g v="gent"></g></l></v></tfr></token><token id="643492" text="и"><tfr rev_id="1475602" t="и"><v><l id="116949" t="и"><g v="CONJ"></g></l></v><v><l id="116950" t="и"><g v="INTJ"></g></l></v></tfr></token><token id="643493" text="Карибского"><tfr rev_id="3449552" t="Карибского"><v><l id="130431" t="карибский"><g v="ADJF"></g><g v="masc"></g><g v="sing"></g><g v="gent"></g></l></v><v><l id="130431" t="карибский"><g v="ADJF"></g><g v="anim"></g><g v="masc"></g><g v="sing"></g><g v="accs"></g></l></v></tfr></token><token id="643494" text="бассейна"><tfr rev_id="1475604" t="бассейна"><v><l id="24397" t="бассейн"><g v="NOUN"></g><g v="inan"></g><g v="masc"></g><g v="sing"></g><g v="gent"></g></l></v></tfr></token><token id="643495" text="("><tfr rev_id="1475605" t="("><v><l id="0" t="("><g v="PNCT"></g></l></v></tfr></token><token id="643496" text="CELAC"><tfr rev_id="2475035" t="CELAC"><v><l id="0" t="CELAC"><g v="LATN"></g></l></v></tfr></token><token id="643497" text=")"><tfr rev_id="1475607" t=")"><v><l id="0" t=")"><g v="PNCT"></g></l></v></tfr></token><token id="643498" text=","><tfr rev_id="1475608" t=","><v><l id="0" t=","><g v="PNCT"></g></l></v></tfr></token><token id="643499" text="который"><tfr rev_id="3637443" t="который"><v><l id="141203" t="который"><g v="ADJF"></g><g v="Apro"></g><g v="Subx"></g><g v="Anph"></g><g v="masc"></g><g v="sing"></g><g v="nomn"></g></l></v><v><l id="141203" t="который"><g v="ADJF"></g><g v="Apro"></g><g v="Subx"></g><g v="Anph"></g><g v="inan"></g><g v="masc"></g><g v="sing"></g><g v="accs"></g></l></v></tfr></token><token id="643500" text="должен"><tfr rev_id="2558791" t="должен"><v><l id="87975" t="должен"><g v="ADJS"></g><g v="masc"></g><g v="sing"></g></l></v></tfr></token><token id="643501" text="был"><tfr rev_id="1475611" t="был"><v><l id="37265" t="есть"><g v="VERB"></g><g v="impf"></g><g v="intr"></g><g v="masc"></g><g v="sing"></g><g v="past"></g><g v="indc"></g></l></v></tfr></token><token id="643502" text="начаться"><tfr rev_id="1475612" t="начаться"><v><l id="178231" t="начаться"><g v="INFN"></g><g v="perf"></g><g v="intr"></g></l></v></tfr></token><token id="643503" text="в"><tfr rev_id="1475613" t="в"><v><l id="37409" t="в"><g v="PREP"></g></l></v></tfr></token><token id="643504" text="Каракасе"><tfr rev_id="1475614" t="Каракасе"><v><l id="130015" t="каракас"><g v="NOUN"></g><g v="inan"></g><g v="masc"></g><g v="Geox"></g><g v="sing"></g><g v="loct"></g></l></v></tfr></token><token id="643505" text="на"><tfr rev_id="3475347" t="на"><v><l id="166264" t="на"><g v="PREP"></g></l></v></tfr></token><token id="643506" text="этой"><tfr rev_id="4438022" t="этой"><v><l id="386581" t="этот"><g v="ADJF"></g><g v="Subx"></g><g v="Apro"></g><g v="Anph"></g><g v="femn"></g><g v="sing"></g><g v="loct"></g></l></v></tfr></token><token id="643507" text="неделе"><tfr rev_id="3546004" t="неделе"><v><l id="180718" t="неделя"><g v="NOUN"></g><g v="inan"></g><g v="femn"></g><g v="sing"></g><g v="loct"></g></l></v></tfr></token><token id="643508" text="."><tfr rev_id="1475618" t="."><v><l id="0" t="."><g v="PNCT"></g></l></v></tfr></token></tokens></sentence></paragraph></paragraphs></text>