<?xml version="1.0" encoding="utf-8"?><text id="1243" parent="56" name="Безрукий пианист победил в китайской «Минуте славы»"><tags><tag>Автор:http://ru.wikinews.org/wiki/Участник:TarzanASG</tag><tag>url:http://ru.wikinews.org/w/index.php?title=Безрукий_пианист_победил_в_китайской_«Минуте_славы»&amp;oldid=44189</tag><tag>Дата:11/10</tag><tag>Год:2010</tag><tag>Тема:ВикиКатегория:Забавное</tag><tag>Гео:ВикиКатегория:Китай</tag></tags><paragraphs><paragraph id="11441"><sentence id="36077"><source>Пианист, потерявший обе руки в результате произошедшего в детстве несчастного случая, стал победителем в китайской версии телевизионного конкурса «Минута славы» (в оригинале программа называется: «В Китае есть таланты»).</source><tokens><token id="644941" text="Пианист"><tfr rev_id="1477051" t="Пианист"><v><l id="238354" t="пианист"><g v="NOUN"></g><g v="anim"></g><g v="masc"></g><g v="sing"></g><g v="nomn"></g></l></v></tfr></token><token id="644942" text=","><tfr rev_id="1477052" t=","><v><l id="0" t=","><g v="PNCT"></g></l></v></tfr></token><token id="644943" text="потерявший"><tfr rev_id="1477053" t="потерявший"><v><l id="263151" t="потерявший"><g v="PRTF"></g><g v="perf"></g><g v="tran"></g><g v="past"></g><g v="actv"></g><g v="masc"></g><g v="sing"></g><g v="nomn"></g></l></v><v><l id="263151" t="потерявший"><g v="PRTF"></g><g v="perf"></g><g v="tran"></g><g v="past"></g><g v="actv"></g><g v="inan"></g><g v="masc"></g><g v="sing"></g><g v="accs"></g></l></v></tfr></token><token id="644944" text="обе"><tfr rev_id="1477054" t="обе"><v><l id="193002" t="оба"><g v="NUMR"></g><g v="femn"></g><g v="nomn"></g></l></v><v><l id="193002" t="оба"><g v="NUMR"></g><g v="inan"></g><g v="femn"></g><g v="accs"></g></l></v></tfr></token><token id="644945" text="руки"><tfr rev_id="3440541" t="руки"><v><l id="309953" t="рука"><g v="NOUN"></g><g v="inan"></g><g v="femn"></g><g v="sing"></g><g v="gent"></g></l></v></tfr></token><token id="644946" text="в"><tfr rev_id="1477056" t="в"><v><l id="37409" t="в"><g v="PREP"></g></l></v></tfr></token><token id="644947" text="результате"><tfr rev_id="1477057" t="результате"><v><l id="305391" t="результат"><g v="NOUN"></g><g v="inan"></g><g v="masc"></g><g v="sing"></g><g v="loct"></g></l></v></tfr></token><token id="644948" text="произошедшего"><tfr rev_id="3443199" t="произошедшего"><v><l id="280164" t="произошедший"><g v="PRTF"></g><g v="perf"></g><g v="intr"></g><g v="past"></g><g v="actv"></g><g v="masc"></g><g v="sing"></g><g v="gent"></g><g v="Infr"></g></l></v><v><l id="280164" t="произошедший"><g v="PRTF"></g><g v="perf"></g><g v="intr"></g><g v="past"></g><g v="actv"></g><g v="anim"></g><g v="masc"></g><g v="sing"></g><g v="accs"></g><g v="Infr"></g></l></v></tfr></token><token id="644949" text="в"><tfr rev_id="1477059" t="в"><v><l id="37409" t="в"><g v="PREP"></g></l></v></tfr></token><token id="644950" text="детстве"><tfr rev_id="1477060" t="детстве"><v><l id="82261" t="детство"><g v="NOUN"></g><g v="inan"></g><g v="neut"></g><g v="sing"></g><g v="loct"></g></l></v></tfr></token><token id="644951" text="несчастного"><tfr rev_id="3673592" t="несчастного"><v><l id="188841" t="несчастный"><g v="ADJF"></g><g v="Subx"></g><g v="Qual"></g><g v="masc"></g><g v="sing"></g><g v="gent"></g></l></v><v><l id="188841" t="несчастный"><g v="ADJF"></g><g v="Subx"></g><g v="Qual"></g><g v="anim"></g><g v="masc"></g><g v="sing"></g><g v="accs"></g></l></v></tfr></token><token id="644952" text="случая"><tfr rev_id="2634556" t="случая"><v><l id="325472" t="случай"><g v="NOUN"></g><g v="inan"></g><g v="masc"></g><g v="sing"></g><g v="gent"></g></l></v></tfr></token><token id="644953" text=","><tfr rev_id="1477063" t=","><v><l id="0" t=","><g v="PNCT"></g></l></v></tfr></token><token id="644954" text="стал"><tfr rev_id="1477064" t="стал"><v><l id="335164" t="стал"><g v="VERB"></g><g v="perf"></g><g v="intr"></g><g v="masc"></g><g v="sing"></g><g v="past"></g><g v="indc"></g></l></v></tfr></token><token id="644955" text="победителем"><tfr rev_id="1477065" t="победителем"><v><l id="241483" t="победитель"><g v="NOUN"></g><g v="anim"></g><g v="masc"></g><g v="sing"></g><g v="ablt"></g></l></v></tfr></token><token id="644956" text="в"><tfr rev_id="1477066" t="в"><v><l id="37409" t="в"><g v="PREP"></g></l></v></tfr></token><token id="644957" text="китайской"><tfr rev_id="4308105" t="китайской"><v><l id="133647" t="китайский"><g v="ADJF"></g><g v="femn"></g><g v="sing"></g><g v="loct"></g></l></v></tfr></token><token id="644958" text="версии"><tfr rev_id="4288124" t="версии"><v><l id="41566" t="версия"><g v="NOUN"></g><g v="inan"></g><g v="femn"></g><g v="sing"></g><g v="loct"></g></l></v></tfr></token><token id="644959" text="телевизионного"><tfr rev_id="3302364" t="телевизионного"><v><l id="344097" t="телевизионный"><g v="ADJF"></g><g v="masc"></g><g v="sing"></g><g v="gent"></g></l></v><v><l id="344097" t="телевизионный"><g v="ADJF"></g><g v="anim"></g><g v="masc"></g><g v="sing"></g><g v="accs"></g></l></v></tfr></token><token id="644960" text="конкурса"><tfr rev_id="1477070" t="конкурса"><v><l id="137916" t="конкурс"><g v="NOUN"></g><g v="inan"></g><g v="masc"></g><g v="sing"></g><g v="gent"></g></l></v></tfr></token><token id="644961" text="«"><tfr rev_id="2445392" t="«"><v><l id="0" t="«"><g v="PNCT"></g></l></v></tfr></token><token id="644962" text="Минута"><tfr rev_id="1477072" t="Минута"><v><l id="160750" t="минута"><g v="NOUN"></g><g v="inan"></g><g v="femn"></g><g v="sing"></g><g v="nomn"></g></l></v></tfr></token><token id="644963" text="славы"><tfr rev_id="4322909" t="славы"><v><l id="324388" t="слава"><g v="NOUN"></g><g v="inan"></g><g v="femn"></g><g v="sing"></g><g v="gent"></g></l></v></tfr></token><token id="644964" text="»"><tfr rev_id="2445393" t="»"><v><l id="0" t="»"><g v="PNCT"></g></l></v></tfr></token><token id="644965" text="("><tfr rev_id="1477075" t="("><v><l id="0" t="("><g v="PNCT"></g></l></v></tfr></token><token id="644966" text="в"><tfr rev_id="1477076" t="в"><v><l id="37409" t="в"><g v="PREP"></g></l></v></tfr></token><token id="644967" text="оригинале"><tfr rev_id="4323517" t="оригинале"><v><l id="209017" t="оригинал"><g v="NOUN"></g><g v="inan"></g><g v="masc"></g><g v="sing"></g><g v="loct"></g></l></v></tfr></token><token id="644968" text="программа"><tfr rev_id="1477078" t="программа"><v><l id="278686" t="программа"><g v="NOUN"></g><g v="inan"></g><g v="femn"></g><g v="sing"></g><g v="nomn"></g></l></v></tfr></token><token id="644969" text="называется"><tfr rev_id="1477079" t="называется"><v><l id="170480" t="называюсь"><g v="VERB"></g><g v="impf"></g><g v="intr"></g><g v="sing"></g><g v="3per"></g><g v="pres"></g><g v="indc"></g></l></v></tfr></token><token id="644970" text=":"><tfr rev_id="1477080" t=":"><v><l id="0" t=":"><g v="PNCT"></g></l></v></tfr></token><token id="644971" text="«"><tfr rev_id="2445394" t="«"><v><l id="0" t="«"><g v="PNCT"></g></l></v></tfr></token><token id="644972" text="В"><tfr rev_id="1477082" t="В"><v><l id="37409" t="в"><g v="PREP"></g></l></v></tfr></token><token id="644973" text="Китае"><tfr rev_id="1477083" t="Китае"><v><l id="133640" t="китай"><g v="NOUN"></g><g v="inan"></g><g v="masc"></g><g v="Sgtm"></g><g v="Geox"></g><g v="sing"></g><g v="loct"></g></l></v></tfr></token><token id="644974" text="есть"><tfr rev_id="4372322" t="есть"><v><l id="37265" t="есть"><g v="VERB"></g><g v="impf"></g><g v="intr"></g><g v="sing"></g><g v="3per"></g><g v="pres"></g><g v="indc"></g></l></v><v><l id="37265" t="есть"><g v="VERB"></g><g v="impf"></g><g v="intr"></g><g v="plur"></g><g v="3per"></g><g v="pres"></g><g v="indc"></g></l></v></tfr></token><token id="644975" text="таланты"><tfr rev_id="3701347" t="таланты"><v><l id="342604" t="талант"><g v="NOUN"></g><g v="inan"></g><g v="masc"></g><g v="plur"></g><g v="nomn"></g></l></v></tfr></token><token id="644976" text="»"><tfr rev_id="2445395" t="»"><v><l id="0" t="»"><g v="PNCT"></g></l></v></tfr></token><token id="644977" text=")"><tfr rev_id="1477087" t=")"><v><l id="0" t=")"><g v="PNCT"></g></l></v></tfr></token><token id="644978" text="."><tfr rev_id="1477088" t="."><v><l id="0" t="."><g v="PNCT"></g></l></v></tfr></token></tokens></sentence><sentence id="36078"><source>На клавиши музыкант нажимал пальцами ног.</source><tokens><token id="644979" text="На"><tfr rev_id="3337154" t="На"><v><l id="166264" t="на"><g v="PREP"></g></l></v></tfr></token><token id="644980" text="клавиши"><tfr rev_id="4280819" t="клавиши"><v><l id="133801" t="клавиша"><g v="NOUN"></g><g v="inan"></g><g v="femn"></g><g v="plur"></g><g v="accs"></g></l></v></tfr></token><token id="644981" text="музыкант"><tfr rev_id="1477091" t="музыкант"><v><l id="164809" t="музыкант"><g v="NOUN"></g><g v="anim"></g><g v="masc"></g><g v="sing"></g><g v="nomn"></g></l></v></tfr></token><token id="644982" text="нажимал"><tfr rev_id="1477092" t="нажимал"><v><l id="170152" t="нажимаю"><g v="VERB"></g><g v="impf"></g><g v="tran"></g><g v="masc"></g><g v="sing"></g><g v="past"></g><g v="indc"></g></l></v></tfr></token><token id="644983" text="пальцами"><tfr rev_id="1477093" t="пальцами"><v><l id="222909" t="палец"><g v="NOUN"></g><g v="inan"></g><g v="masc"></g><g v="plur"></g><g v="ablt"></g></l></v></tfr></token><token id="644984" text="ног"><tfr rev_id="1477094" t="ног"><v><l id="191924" t="нога"><g v="NOUN"></g><g v="inan"></g><g v="femn"></g><g v="plur"></g><g v="gent"></g></l></v></tfr></token><token id="644985" text="."><tfr rev_id="1477095" t="."><v><l id="0" t="."><g v="PNCT"></g></l></v></tfr></token></tokens></sentence></paragraph><paragraph id="11442"><sentence id="36079"><source>Молодой музыкант исполнил перед зрителями финальной части конкурса, проходившего на шанхайском стадионе, романтическую композицию Джеймса Бланта You're Beautiful.</source><tokens><token id="644986" text="Молодой"><tfr rev_id="3696652" t="Молодой"><v><l id="162846" t="молодой"><g v="ADJF"></g><g v="Qual"></g><g v="masc"></g><g v="sing"></g><g v="nomn"></g></l></v><v><l id="162846" t="молодой"><g v="ADJF"></g><g v="Qual"></g><g v="inan"></g><g v="masc"></g><g v="sing"></g><g v="accs"></g></l></v></tfr></token><token id="644987" text="музыкант"><tfr rev_id="1477097" t="музыкант"><v><l id="164809" t="музыкант"><g v="NOUN"></g><g v="anim"></g><g v="masc"></g><g v="sing"></g><g v="nomn"></g></l></v></tfr></token><token id="644988" text="исполнил"><tfr rev_id="1477098" t="исполнил"><v><l id="125368" t="исполнил"><g v="VERB"></g><g v="perf"></g><g v="tran"></g><g v="masc"></g><g v="sing"></g><g v="past"></g><g v="indc"></g></l></v></tfr></token><token id="644989" text="перед"><tfr rev_id="1718021" t="перед"><v><l id="228071" t="перед"><g v="PREP"></g></l></v></tfr></token><token id="644990" text="зрителями"><tfr rev_id="1477100" t="зрителями"><v><l id="116577" t="зритель"><g v="NOUN"></g><g v="anim"></g><g v="masc"></g><g v="plur"></g><g v="ablt"></g></l></v></tfr></token><token id="644991" text="финальной"><tfr rev_id="3692234" t="финальной"><v><l id="366071" t="финальный"><g v="ADJF"></g><g v="Qual"></g><g v="femn"></g><g v="sing"></g><g v="gent"></g></l></v></tfr></token><token id="644992" text="части"><tfr rev_id="3547075" t="части"><v><l id="374820" t="часть"><g v="NOUN"></g><g v="inan"></g><g v="femn"></g><g v="sing"></g><g v="gent"></g></l></v><v><l id="374820" t="часть"><g v="NOUN"></g><g v="inan"></g><g v="femn"></g><g v="sing"></g><g v="datv"></g></l></v><v><l id="374820" t="часть"><g v="NOUN"></g><g v="inan"></g><g v="femn"></g><g v="sing"></g><g v="loct"></g></l></v></tfr></token><token id="644993" text="конкурса"><tfr rev_id="1477103" t="конкурса"><v><l id="137916" t="конкурс"><g v="NOUN"></g><g v="inan"></g><g v="masc"></g><g v="sing"></g><g v="gent"></g></l></v></tfr></token><token id="644994" text=","><tfr rev_id="1477104" t=","><v><l id="0" t=","><g v="PNCT"></g></l></v></tfr></token><token id="644995" text="проходившего"><tfr rev_id="3443200" t="проходившего"><v><l id="287186" t="проходивший"><g v="PRTF"></g><g v="impf"></g><g v="tran"></g><g v="past"></g><g v="actv"></g><g v="masc"></g><g v="sing"></g><g v="gent"></g></l></v><v><l id="287186" t="проходивший"><g v="PRTF"></g><g v="impf"></g><g v="tran"></g><g v="past"></g><g v="actv"></g><g v="anim"></g><g v="masc"></g><g v="sing"></g><g v="accs"></g></l></v><v><l id="287192" t="проходивший"><g v="PRTF"></g><g v="perf"></g><g v="intr"></g><g v="past"></g><g v="actv"></g><g v="masc"></g><g v="sing"></g><g v="gent"></g></l></v><v><l id="287192" t="проходивший"><g v="PRTF"></g><g v="perf"></g><g v="intr"></g><g v="past"></g><g v="actv"></g><g v="anim"></g><g v="masc"></g><g v="sing"></g><g v="accs"></g></l></v></tfr></token><token id="644996" text="на"><tfr rev_id="3343281" t="на"><v><l id="166264" t="на"><g v="PREP"></g></l></v></tfr></token><token id="644997" text="шанхайском"><tfr rev_id="3454732" t="шанхайском"><v><l id="378071" t="шанхайский"><g v="ADJF"></g><g v="masc"></g><g v="sing"></g><g v="loct"></g></l></v></tfr></token><token id="644998" text="стадионе"><tfr rev_id="1477108" t="стадионе"><v><l id="334413" t="стадион"><g v="NOUN"></g><g v="inan"></g><g v="masc"></g><g v="sing"></g><g v="loct"></g></l></v></tfr></token><token id="644999" text=","><tfr rev_id="1477109" t=","><v><l id="0" t=","><g v="PNCT"></g></l></v></tfr></token><token id="645000" text="романтическую"><tfr rev_id="1477110" t="романтическую"><v><l id="308934" t="романтический"><g v="ADJF"></g><g v="femn"></g><g v="sing"></g><g v="accs"></g></l></v></tfr></token><token id="645001" text="композицию"><tfr rev_id="1477111" t="композицию"><v><l id="137305" t="композиция"><g v="NOUN"></g><g v="inan"></g><g v="femn"></g><g v="sing"></g><g v="accs"></g></l></v></tfr></token><token id="645002" text="Джеймса"><tfr rev_id="2931234" t="Джеймса"><v><l id="82865" t="джеймс"><g v="NOUN"></g><g v="anim"></g><g v="masc"></g><g v="Name"></g><g v="sing"></g><g v="gent"></g></l></v></tfr></token><token id="645003" text="Бланта"><tfr rev_id="1477113" t="Бланта"><v><l id="0" t="бланта"><g v="UNKN"></g></l></v></tfr></token><token id="645004" text="You're"><tfr rev_id="1477114" t="You're"><v><l id="0" t="You're"><g v="UNKN"></g></l></v></tfr></token><token id="645005" text="Beautiful"><tfr rev_id="2475040" t="Beautiful"><v><l id="0" t="Beautiful"><g v="LATN"></g></l></v></tfr></token><token id="645006" text="."><tfr rev_id="1477116" t="."><v><l id="0" t="."><g v="PNCT"></g></l></v></tfr></token></tokens></sentence><sentence id="36080"><source>Все трое судей поставили 23-летнему Лю Вэю высокую оценку за целеустремленность и призвали его продолжить творческую деятельность.</source><tokens><token id="645007" text="Все"><tfr rev_id="4538020" t="Все"><v><l id="42156" t="весь"><g v="ADJF"></g><g v="Subx"></g><g v="Apro"></g><g v="inan"></g><g v="plur"></g><g v="accs"></g></l></v><v><l id="42156" t="весь"><g v="ADJF"></g><g v="Subx"></g><g v="Apro"></g><g v="plur"></g><g v="nomn"></g></l></v></tfr></token><token id="645008" text="трое"><tfr rev_id="1477118" t="трое"><v><l id="350318" t="трое"><g v="NUMR"></g><g v="Coll"></g><g v="nomn"></g></l></v><v><l id="350318" t="трое"><g v="NUMR"></g><g v="Coll"></g><g v="inan"></g><g v="accs"></g></l></v></tfr></token><token id="645009" text="судей"><tfr rev_id="4527560" t="судей"><v><l id="339112" t="судья"><g v="NOUN"></g><g v="anim"></g><g v="ms-f"></g><g v="plur"></g><g v="gent"></g></l></v></tfr></token><token id="645010" text="поставили"><tfr rev_id="1477120" t="поставили"><v><l id="262088" t="поставил"><g v="VERB"></g><g v="perf"></g><g v="tran"></g><g v="plur"></g><g v="past"></g><g v="indc"></g></l></v></tfr></token><token id="645011" text="23-летнему"><tfr rev_id="1477121" t="23-летнему"><v><l id="0" t="23-летнему"><g v="UNKN"></g></l></v></tfr></token><token id="645012" text="Лю"><tfr rev_id="1477122" t="Лю"><v><l id="0" t="лю"><g v="UNKN"></g></l></v></tfr></token><token id="645013" text="Вэю"><tfr rev_id="1477123" t="Вэю"><v><l id="0" t="вэю"><g v="UNKN"></g></l></v></tfr></token><token id="645014" text="высокую"><tfr rev_id="1477124" t="высокую"><v><l id="62135" t="высокий"><g v="ADJF"></g><g v="Qual"></g><g v="femn"></g><g v="sing"></g><g v="accs"></g></l></v></tfr></token><token id="645015" text="оценку"><tfr rev_id="1477125" t="оценку"><v><l id="221498" t="оценка"><g v="NOUN"></g><g v="inan"></g><g v="femn"></g><g v="sing"></g><g v="accs"></g></l></v></tfr></token><token id="645016" text="за"><tfr rev_id="1477126" t="за"><v><l id="98043" t="за"><g v="PREP"></g></l></v></tfr></token><token id="645017" text="целеустремленность"><tfr rev_id="1477127" t="целеустремленность"><v><l id="373098" t="целеустремлённость"><g v="NOUN"></g><g v="inan"></g><g v="femn"></g><g v="sing"></g><g v="nomn"></g></l></v><v><l id="373098" t="целеустремлённость"><g v="NOUN"></g><g v="inan"></g><g v="femn"></g><g v="sing"></g><g v="accs"></g></l></v></tfr></token><token id="645018" text="и"><tfr rev_id="1477128" t="и"><v><l id="116949" t="и"><g v="CONJ"></g></l></v><v><l id="116950" t="и"><g v="INTJ"></g></l></v></tfr></token><token id="645019" text="призвали"><tfr rev_id="1477129" t="призвали"><v><l id="270564" t="призвал"><g v="VERB"></g><g v="perf"></g><g v="tran"></g><g v="plur"></g><g v="past"></g><g v="indc"></g></l></v></tfr></token><token id="645020" text="его"><tfr rev_id="4531684" t="его"><v><l id="206541" t="он"><g v="NPRO"></g><g v="masc"></g><g v="3per"></g><g v="Anph"></g><g v="sing"></g><g v="gent"></g></l></v><v><l id="206541" t="он"><g v="NPRO"></g><g v="masc"></g><g v="3per"></g><g v="Anph"></g><g v="sing"></g><g v="accs"></g></l></v><v><l id="206649" t="оно"><g v="NPRO"></g><g v="neut"></g><g v="3per"></g><g v="Anph"></g><g v="sing"></g><g v="gent"></g></l></v><v><l id="206649" t="оно"><g v="NPRO"></g><g v="neut"></g><g v="3per"></g><g v="Anph"></g><g v="sing"></g><g v="accs"></g></l></v></tfr></token><token id="645021" text="продолжить"><tfr rev_id="1477131" t="продолжить"><v><l id="279234" t="продолжить"><g v="INFN"></g><g v="perf"></g><g v="tran"></g></l></v></tfr></token><token id="645022" text="творческую"><tfr rev_id="1477132" t="творческую"><v><l id="343859" t="творческий"><g v="ADJF"></g><g v="femn"></g><g v="sing"></g><g v="accs"></g></l></v></tfr></token><token id="645023" text="деятельность"><tfr rev_id="4101563" t="деятельность"><v><l id="82512" t="деятельность"><g v="NOUN"></g><g v="inan"></g><g v="femn"></g><g v="sing"></g><g v="accs"></g></l></v></tfr></token><token id="645024" text="."><tfr rev_id="1477134" t="."><v><l id="0" t="."><g v="PNCT"></g></l></v></tfr></token></tokens></sentence></paragraph><paragraph id="11443"><sentence id="36081"><source>В качестве победителя конкурса Лю выступит на специальном концерте вместе с тайваньской певицей Джолин Цай.</source><tokens><token id="645025" text="В"><tfr rev_id="1477135" t="В"><v><l id="37409" t="в"><g v="PREP"></g></l></v></tfr></token><token id="645026" text="качестве"><tfr rev_id="1477136" t="качестве"><v><l id="131638" t="качество"><g v="NOUN"></g><g v="inan"></g><g v="neut"></g><g v="sing"></g><g v="loct"></g></l></v></tfr></token><token id="645027" text="победителя"><tfr rev_id="4215831" t="победителя"><v><l id="241483" t="победитель"><g v="NOUN"></g><g v="anim"></g><g v="masc"></g><g v="sing"></g><g v="gent"></g></l></v></tfr></token><token id="645028" text="конкурса"><tfr rev_id="1477138" t="конкурса"><v><l id="137916" t="конкурс"><g v="NOUN"></g><g v="inan"></g><g v="masc"></g><g v="sing"></g><g v="gent"></g></l></v></tfr></token><token id="645029" text="Лю"><tfr rev_id="1477139" t="Лю"><v><l id="0" t="лю"><g v="UNKN"></g></l></v></tfr></token><token id="645030" text="выступит"><tfr rev_id="1477140" t="выступит"><v><l id="62885" t="выступил"><g v="VERB"></g><g v="perf"></g><g v="intr"></g><g v="sing"></g><g v="3per"></g><g v="futr"></g><g v="indc"></g></l></v></tfr></token><token id="645031" text="на"><tfr rev_id="3395769" t="на"><v><l id="166264" t="на"><g v="PREP"></g></l></v></tfr></token><token id="645032" text="специальном"><tfr rev_id="4167641" t="специальном"><v><l id="331875" t="специальный"><g v="ADJF"></g><g v="masc"></g><g v="sing"></g><g v="loct"></g></l></v></tfr></token><token id="645033" text="концерте"><tfr rev_id="1477143" t="концерте"><v><l id="138954" t="концерт"><g v="NOUN"></g><g v="inan"></g><g v="masc"></g><g v="sing"></g><g v="loct"></g></l></v></tfr></token><token id="645034" text="вместе"><tfr rev_id="1477144" t="вместе"><v><l id="47122" t="вместе"><g v="ADVB"></g></l></v></tfr></token><token id="645035" text="с"><tfr rev_id="1477145" t="с"><v><l id="311151" t="с"><g v="PREP"></g></l></v></tfr></token><token id="645036" text="тайваньской"><tfr rev_id="4159564" t="тайваньской"><v><l id="342379" t="тайваньский"><g v="ADJF"></g><g v="femn"></g><g v="sing"></g><g v="ablt"></g></l></v></tfr></token><token id="645037" text="певицей"><tfr rev_id="1477147" t="певицей"><v><l id="225572" t="певица"><g v="NOUN"></g><g v="anim"></g><g v="femn"></g><g v="sing"></g><g v="ablt"></g></l></v></tfr></token><token id="645038" text="Джолин"><tfr rev_id="1477148" t="Джолин"><v><l id="0" t="джолин"><g v="UNKN"></g></l></v></tfr></token><token id="645039" text="Цай"><tfr rev_id="1477149" t="Цай"><v><l id="372682" t="цай"><g v="NOUN"></g><g v="anim"></g><g v="masc"></g><g v="Name"></g><g v="sing"></g><g v="nomn"></g></l></v></tfr></token><token id="645040" text="."><tfr rev_id="1477150" t="."><v><l id="0" t="."><g v="PNCT"></g></l></v></tfr></token></tokens></sentence><sentence id="36082"><source>Вероятно, ему будет также предложено подписать контракт на самостоятельные выступления.</source><tokens><token id="645041" text="Вероятно"><tfr rev_id="1477151" t="Вероятно"><v><l id="41544" t="вероятно"><g v="CONJ"></g><g v="Prnt"></g></l></v><v><l id="41545" t="вероятно"><g v="ADVB"></g><g v="Prdx"></g></l></v><v><l id="41553" t="вероятен"><g v="ADJS"></g><g v="Qual"></g><g v="neut"></g><g v="sing"></g></l></v></tfr></token><token id="645042" text=","><tfr rev_id="1477152" t=","><v><l id="0" t=","><g v="PNCT"></g></l></v></tfr></token><token id="645043" text="ему"><tfr rev_id="4528910" t="ему"><v><l id="206541" t="он"><g v="NPRO"></g><g v="masc"></g><g v="3per"></g><g v="Anph"></g><g v="sing"></g><g v="datv"></g></l></v><v><l id="206649" t="оно"><g v="NPRO"></g><g v="neut"></g><g v="3per"></g><g v="Anph"></g><g v="sing"></g><g v="datv"></g></l></v></tfr></token><token id="645044" text="будет"><tfr rev_id="1477154" t="будет"><v><l id="37265" t="есть"><g v="VERB"></g><g v="impf"></g><g v="intr"></g><g v="sing"></g><g v="3per"></g><g v="futr"></g><g v="indc"></g></l></v></tfr></token><token id="645045" text="также"><tfr rev_id="4267787" t="также"><v><l id="342482" t="также"><g v="PRCL"></g></l></v></tfr></token><token id="645046" text="предложено"><tfr rev_id="1477156" t="предложено"><v><l id="266544" t="предложен"><g v="PRTS"></g><g v="perf"></g><g v="past"></g><g v="pssv"></g><g v="neut"></g><g v="sing"></g></l></v></tfr></token><token id="645047" text="подписать"><tfr rev_id="1477157" t="подписать"><v><l id="248884" t="подписать"><g v="INFN"></g><g v="perf"></g><g v="tran"></g></l></v></tfr></token><token id="645048" text="контракт"><tfr rev_id="4348411" t="контракт"><v><l id="138412" t="контракт"><g v="NOUN"></g><g v="inan"></g><g v="masc"></g><g v="sing"></g><g v="accs"></g></l></v></tfr></token><token id="645049" text="на"><tfr rev_id="3395732" t="на"><v><l id="166264" t="на"><g v="PREP"></g></l></v></tfr></token><token id="645050" text="самостоятельные"><tfr rev_id="3746871" t="самостоятельные"><v><l id="312915" t="самостоятельный"><g v="ADJF"></g><g v="Qual"></g><g v="inan"></g><g v="plur"></g><g v="accs"></g></l></v></tfr></token><token id="645051" text="выступления"><tfr rev_id="3815363" t="выступления"><v><l id="62889" t="выступление"><g v="NOUN"></g><g v="inan"></g><g v="neut"></g><g v="plur"></g><g v="accs"></g></l></v></tfr></token><token id="645052" text="."><tfr rev_id="1477162" t="."><v><l id="0" t="."><g v="PNCT"></g></l></v></tfr></token></tokens></sentence></paragraph><paragraph id="11444"><sentence id="36083"><source>Руки Лю Вэю ампутировали в десятилетнем возрасте – после того, как во время игры в прятки его ударило током.</source><tokens><token id="645053" text="Руки"><tfr rev_id="3768777" t="Руки"><v><l id="309953" t="рука"><g v="NOUN"></g><g v="inan"></g><g v="femn"></g><g v="plur"></g><g v="accs"></g></l></v></tfr></token><token id="645054" text="Лю"><tfr rev_id="1477164" t="Лю"><v><l id="0" t="лю"><g v="UNKN"></g></l></v></tfr></token><token id="645055" text="Вэю"><tfr rev_id="1477165" t="Вэю"><v><l id="0" t="вэю"><g v="UNKN"></g></l></v></tfr></token><token id="645056" text="ампутировали"><tfr rev_id="1477166" t="ампутировали"><v><l id="11914" t="ампутировал"><g v="VERB"></g><g v="perf"></g><g v="tran"></g><g v="plur"></g><g v="past"></g><g v="indc"></g></l></v><v><l id="11915" t="ампутирую"><g v="VERB"></g><g v="impf"></g><g v="tran"></g><g v="plur"></g><g v="past"></g><g v="indc"></g></l></v></tfr></token><token id="645057" text="в"><tfr rev_id="1477167" t="в"><v><l id="37409" t="в"><g v="PREP"></g></l></v></tfr></token><token id="645058" text="десятилетнем"><tfr rev_id="4464326" t="десятилетнем"><v><l id="390547" t="десятилетний"><g v="ADJF"></g><g v="masc"></g><g v="sing"></g><g v="loct"></g></l></v></tfr></token><token id="645059" text="возрасте"><tfr rev_id="1477169" t="возрасте"><v><l id="49611" t="возраст"><g v="NOUN"></g><g v="inan"></g><g v="masc"></g><g v="sing"></g><g v="loct"></g></l></v></tfr></token><token id="645060" text="–"><tfr rev_id="2445396" t="–"><v><l id="0" t="–"><g v="PNCT"></g></l></v></tfr></token><token id="645061" text="после"><tfr rev_id="4403627" t="после"><v><l id="261542" t="после"><g v="PREP"></g></l></v></tfr></token><token id="645062" text="того"><tfr rev_id="4399885" t="того"><v><l id="348430" t="тот"><g v="ADJF"></g><g v="Subx"></g><g v="Apro"></g><g v="Anph"></g><g v="neut"></g><g v="sing"></g><g v="gent"></g></l></v></tfr></token><token id="645063" text=","><tfr rev_id="1477173" t=","><v><l id="0" t=","><g v="PNCT"></g></l></v></tfr></token><token id="645064" text="как"><tfr rev_id="1477174" t="как"><v><l id="128190" t="как"><g v="CONJ"></g></l></v><v><l id="128191" t="как"><g v="PRCL"></g></l></v><v><l id="128192" t="как"><g v="ADVB"></g><g v="Ques"></g></l></v></tfr></token><token id="645065" text="во"><tfr rev_id="2920283" t="во"><v><l id="37409" t="в"><g v="PREP"></g><g v="Vpre"></g></l></v></tfr></token><token id="645066" text="время"><tfr rev_id="1477176" t="время"><v><l id="53149" t="время"><g v="NOUN"></g><g v="inan"></g><g v="neut"></g><g v="sing"></g><g v="nomn"></g></l></v><v><l id="53149" t="время"><g v="NOUN"></g><g v="inan"></g><g v="neut"></g><g v="sing"></g><g v="accs"></g></l></v></tfr></token><token id="645067" text="игры"><tfr rev_id="3437491" t="игры"><v><l id="117293" t="игра"><g v="NOUN"></g><g v="inan"></g><g v="femn"></g><g v="sing"></g><g v="gent"></g></l></v></tfr></token><token id="645068" text="в"><tfr rev_id="1477178" t="в"><v><l id="37409" t="в"><g v="PREP"></g></l></v></tfr></token><token id="645069" text="прятки"><tfr rev_id="2757442" t="прятки"><v><l id="288366" t="прятки"><g v="NOUN"></g><g v="inan"></g><g v="GNdr"></g><g v="Pltm"></g><g v="plur"></g><g v="accs"></g></l></v></tfr></token><token id="645070" text="его"><tfr rev_id="4531348" t="его"><v><l id="206541" t="он"><g v="NPRO"></g><g v="masc"></g><g v="3per"></g><g v="Anph"></g><g v="sing"></g><g v="gent"></g></l></v><v><l id="206541" t="он"><g v="NPRO"></g><g v="masc"></g><g v="3per"></g><g v="Anph"></g><g v="sing"></g><g v="accs"></g></l></v><v><l id="206649" t="оно"><g v="NPRO"></g><g v="neut"></g><g v="3per"></g><g v="Anph"></g><g v="sing"></g><g v="gent"></g></l></v><v><l id="206649" t="оно"><g v="NPRO"></g><g v="neut"></g><g v="3per"></g><g v="Anph"></g><g v="sing"></g><g v="accs"></g></l></v></tfr></token><token id="645071" text="ударило"><tfr rev_id="1477181" t="ударило"><v><l id="354677" t="ударил"><g v="VERB"></g><g v="perf"></g><g v="tran"></g><g v="neut"></g><g v="sing"></g><g v="past"></g><g v="indc"></g></l></v></tfr></token><token id="645072" text="током"><tfr rev_id="1477182" t="током"><v><l id="346976" t="ток"><g v="NOUN"></g><g v="inan"></g><g v="masc"></g><g v="sing"></g><g v="ablt"></g></l></v></tfr></token><token id="645073" text="."><tfr rev_id="1477183" t="."><v><l id="0" t="."><g v="PNCT"></g></l></v></tfr></token></tokens></sentence></paragraph></paragraphs></text>