<?xml version="1.0" encoding="utf-8"?><text id="1248" parent="56" name="Москва — самый дорогой город в мире"><tags><tag>Автор:http://ru.wikinews.org/wiki/Участник:Ygrek</tag><tag>url:http://ru.wikinews.org/w/index.php?title=Москва_—_самый_дорогой_город_в_мире&amp;oldid=6009</tag><tag>Дата:26/06</tag><tag>Год:2006</tag><tag>Тема:ВикиКатегория:Экономика</tag><tag>Гео:ВикиКатегория:Россия</tag></tags><paragraphs><paragraph id="11529"><sentence id="36255"><source>Согласно исследованию, проведённому фирмой Mercer Human Resource Consulting, Москва является самым дорогим городом среди 144 городов, по которым проводились исследования.</source><tokens><token id="648303" text="Согласно"><tfr rev_id="4490479" t="Согласно"><v><l id="328255" t="согласно"><g v="PREP"></g></l></v></tfr></token><token id="648304" text="исследованию"><tfr rev_id="1480414" t="исследованию"><v><l id="125799" t="исследование"><g v="NOUN"></g><g v="inan"></g><g v="neut"></g><g v="sing"></g><g v="datv"></g></l></v></tfr></token><token id="648305" text=","><tfr rev_id="1480415" t=","><v><l id="0" t=","><g v="PNCT"></g></l></v></tfr></token><token id="648306" text="проведённому"><tfr rev_id="3443203" t="проведённому"><v><l id="277833" t="проведённый"><g v="PRTF"></g><g v="perf"></g><g v="tran"></g><g v="past"></g><g v="pssv"></g><g v="neut"></g><g v="sing"></g><g v="datv"></g></l></v></tfr></token><token id="648307" text="фирмой"><tfr rev_id="1480417" t="фирмой"><v><l id="366226" t="фирма"><g v="NOUN"></g><g v="inan"></g><g v="femn"></g><g v="sing"></g><g v="ablt"></g></l></v></tfr></token><token id="648308" text="Mercer"><tfr rev_id="2475044" t="Mercer"><v><l id="0" t="Mercer"><g v="LATN"></g></l></v></tfr></token><token id="648309" text="Human"><tfr rev_id="2475045" t="Human"><v><l id="0" t="Human"><g v="LATN"></g></l></v></tfr></token><token id="648310" text="Resource"><tfr rev_id="2475046" t="Resource"><v><l id="0" t="Resource"><g v="LATN"></g></l></v></tfr></token><token id="648311" text="Consulting"><tfr rev_id="2475047" t="Consulting"><v><l id="0" t="Consulting"><g v="LATN"></g></l></v></tfr></token><token id="648312" text=","><tfr rev_id="1480422" t=","><v><l id="0" t=","><g v="PNCT"></g></l></v></tfr></token><token id="648313" text="Москва"><tfr rev_id="1480423" t="Москва"><v><l id="163901" t="москва"><g v="NOUN"></g><g v="inan"></g><g v="femn"></g><g v="Sgtm"></g><g v="Geox"></g><g v="sing"></g><g v="nomn"></g></l></v></tfr></token><token id="648314" text="является"><tfr rev_id="1480424" t="является"><v><l id="387385" t="являюсь"><g v="VERB"></g><g v="impf"></g><g v="intr"></g><g v="sing"></g><g v="3per"></g><g v="pres"></g><g v="indc"></g></l></v></tfr></token><token id="648315" text="самым"><tfr rev_id="4292576" t="самым"><v><l id="313174" t="самый"><g v="ADJF"></g><g v="Apro"></g><g v="masc"></g><g v="sing"></g><g v="ablt"></g></l></v></tfr></token><token id="648316" text="дорогим"><tfr rev_id="4349763" t="дорогим"><v><l id="89724" t="дорогой"><g v="ADJF"></g><g v="Qual"></g><g v="masc"></g><g v="sing"></g><g v="ablt"></g></l></v></tfr></token><token id="648317" text="городом"><tfr rev_id="1480427" t="городом"><v><l id="73547" t="город"><g v="NOUN"></g><g v="inan"></g><g v="masc"></g><g v="sing"></g><g v="ablt"></g></l></v></tfr></token><token id="648318" text="среди"><tfr rev_id="1480428" t="среди"><v><l id="333473" t="среди"><g v="PREP"></g></l></v></tfr></token><token id="648319" text="144"><tfr rev_id="2462198" t="144"><v><l id="0" t="144"><g v="NUMB"></g></l></v></tfr></token><token id="648320" text="городов"><tfr rev_id="3097811" t="городов"><v><l id="73547" t="город"><g v="NOUN"></g><g v="inan"></g><g v="masc"></g><g v="plur"></g><g v="gent"></g></l></v></tfr></token><token id="648321" text=","><tfr rev_id="1480431" t=","><v><l id="0" t=","><g v="PNCT"></g></l></v></tfr></token><token id="648322" text="по"><tfr rev_id="1480432" t="по"><v><l id="241240" t="по"><g v="PREP"></g></l></v></tfr></token><token id="648323" text="которым"><tfr rev_id="3638965" t="которым"><v><l id="141203" t="который"><g v="ADJF"></g><g v="Apro"></g><g v="Subx"></g><g v="Anph"></g><g v="plur"></g><g v="datv"></g></l></v></tfr></token><token id="648324" text="проводились"><tfr rev_id="1480434" t="проводились"><v><l id="278015" t="провожусь"><g v="VERB"></g><g v="impf"></g><g v="intr"></g><g v="plur"></g><g v="past"></g><g v="indc"></g></l></v></tfr></token><token id="648325" text="исследования"><tfr rev_id="3793425" t="исследования"><v><l id="125799" t="исследование"><g v="NOUN"></g><g v="inan"></g><g v="neut"></g><g v="plur"></g><g v="nomn"></g></l></v></tfr></token><token id="648326" text="."><tfr rev_id="1480436" t="."><v><l id="0" t="."><g v="PNCT"></g></l></v></tfr></token></tokens></sentence><sentence id="36256"><source>За год Москва поднялась вверх на три места.</source><tokens><token id="648327" text="За"><tfr rev_id="1480437" t="За"><v><l id="98043" t="за"><g v="PREP"></g></l></v></tfr></token><token id="648328" text="год"><tfr rev_id="1480438" t="год"><v><l id="72149" t="год"><g v="NOUN"></g><g v="inan"></g><g v="masc"></g><g v="sing"></g><g v="nomn"></g></l></v><v><l id="72149" t="год"><g v="NOUN"></g><g v="inan"></g><g v="masc"></g><g v="sing"></g><g v="accs"></g></l></v></tfr></token><token id="648329" text="Москва"><tfr rev_id="1480439" t="Москва"><v><l id="163901" t="москва"><g v="NOUN"></g><g v="inan"></g><g v="femn"></g><g v="Sgtm"></g><g v="Geox"></g><g v="sing"></g><g v="nomn"></g></l></v></tfr></token><token id="648330" text="поднялась"><tfr rev_id="1480440" t="поднялась"><v><l id="248252" t="поднялся"><g v="VERB"></g><g v="perf"></g><g v="intr"></g><g v="femn"></g><g v="sing"></g><g v="past"></g><g v="indc"></g></l></v></tfr></token><token id="648331" text="вверх"><tfr rev_id="1480441" t="вверх"><v><l id="39688" t="вверх"><g v="ADVB"></g></l></v></tfr></token><token id="648332" text="на"><tfr rev_id="3342071" t="на"><v><l id="166264" t="на"><g v="PREP"></g></l></v></tfr></token><token id="648333" text="три"><tfr rev_id="2635519" t="три"><v><l id="349973" t="три"><g v="NUMR"></g><g v="nomn"></g></l></v><v><l id="349973" t="три"><g v="NUMR"></g><g v="inan"></g><g v="accs"></g></l></v></tfr></token><token id="648334" text="места"><tfr rev_id="3436927" t="места"><v><l id="158822" t="место"><g v="NOUN"></g><g v="inan"></g><g v="neut"></g><g v="sing"></g><g v="gent"></g></l></v></tfr></token><token id="648335" text="."><tfr rev_id="1480445" t="."><v><l id="0" t="."><g v="PNCT"></g></l></v></tfr></token></tokens></sentence><sentence id="36257"><source>Причина такого подъёма — резко подорожавшее жильё.</source><tokens><token id="648336" text="Причина"><tfr rev_id="1480446" t="Причина"><v><l id="276522" t="причина"><g v="NOUN"></g><g v="inan"></g><g v="femn"></g><g v="sing"></g><g v="nomn"></g></l></v></tfr></token><token id="648337" text="такого"><tfr rev_id="4025942" t="такого"><v><l id="342491" t="такой"><g v="ADJF"></g><g v="Apro"></g><g v="masc"></g><g v="sing"></g><g v="gent"></g></l></v></tfr></token><token id="648338" text="подъёма"><tfr rev_id="1480448" t="подъёма"><v><l id="252757" t="подъём"><g v="NOUN"></g><g v="inan"></g><g v="masc"></g><g v="sing"></g><g v="gent"></g></l></v></tfr></token><token id="648339" text="—"><tfr rev_id="2445519" t="—"><v><l id="0" t="—"><g v="PNCT"></g></l></v></tfr></token><token id="648340" text="резко"><tfr rev_id="1480450" t="резко"><v><l id="305327" t="резок"><g v="ADJS"></g><g v="Qual"></g><g v="neut"></g><g v="sing"></g></l></v><v><l id="305329" t="резко"><g v="ADVB"></g></l></v></tfr></token><token id="648341" text="подорожавшее"><tfr rev_id="1480451" t="подорожавшее"><v><l id="248572" t="подорожавший"><g v="PRTF"></g><g v="perf"></g><g v="intr"></g><g v="past"></g><g v="actv"></g><g v="neut"></g><g v="sing"></g><g v="nomn"></g></l></v><v><l id="248572" t="подорожавший"><g v="PRTF"></g><g v="perf"></g><g v="intr"></g><g v="past"></g><g v="actv"></g><g v="neut"></g><g v="sing"></g><g v="accs"></g></l></v></tfr></token><token id="648342" text="жильё"><tfr rev_id="4463029" t="жильё"><v><l id="97400" t="жильё"><g v="NOUN"></g><g v="inan"></g><g v="neut"></g><g v="Sgtm"></g><g v="sing"></g><g v="nomn"></g></l></v></tfr></token><token id="648343" text="."><tfr rev_id="1480453" t="."><v><l id="0" t="."><g v="PNCT"></g></l></v></tfr></token></tokens></sentence></paragraph><paragraph id="11530"><sentence id="36258"><source>На втором месте, в списке самых дорогих городов, находится Сеул, который опережает Токио, Гонконг и Лондон.</source><tokens><token id="648344" text="На"><tfr rev_id="3341882" t="На"><v><l id="166264" t="на"><g v="PREP"></g></l></v></tfr></token><token id="648345" text="втором"><tfr rev_id="4349085" t="втором"><v><l id="55043" t="второй"><g v="ADJF"></g><g v="Anum"></g><g v="neut"></g><g v="sing"></g><g v="loct"></g></l></v></tfr></token><token id="648346" text="месте"><tfr rev_id="1480456" t="месте"><v><l id="158822" t="место"><g v="NOUN"></g><g v="inan"></g><g v="neut"></g><g v="sing"></g><g v="loct"></g></l></v></tfr></token><token id="648347" text=","><tfr rev_id="1480457" t=","><v><l id="0" t=","><g v="PNCT"></g></l></v></tfr></token><token id="648348" text="в"><tfr rev_id="1480458" t="в"><v><l id="37409" t="в"><g v="PREP"></g></l></v></tfr></token><token id="648349" text="списке"><tfr rev_id="1480459" t="списке"><v><l id="332279" t="список"><g v="NOUN"></g><g v="inan"></g><g v="masc"></g><g v="sing"></g><g v="loct"></g></l></v></tfr></token><token id="648350" text="самых"><tfr rev_id="1480460" t="самых"><v><l id="313174" t="самый"><g v="ADJF"></g><g v="Apro"></g><g v="plur"></g><g v="gent"></g></l></v><v><l id="313174" t="самый"><g v="ADJF"></g><g v="Apro"></g><g v="anim"></g><g v="plur"></g><g v="accs"></g></l></v><v><l id="313174" t="самый"><g v="ADJF"></g><g v="Apro"></g><g v="plur"></g><g v="loct"></g></l></v></tfr></token><token id="648351" text="дорогих"><tfr rev_id="3285344" t="дорогих"><v><l id="89724" t="дорогой"><g v="ADJF"></g><g v="Qual"></g><g v="plur"></g><g v="gent"></g></l></v></tfr></token><token id="648352" text="городов"><tfr rev_id="3489990" t="городов"><v><l id="73547" t="город"><g v="NOUN"></g><g v="inan"></g><g v="masc"></g><g v="plur"></g><g v="gent"></g></l></v></tfr></token><token id="648353" text=","><tfr rev_id="1480463" t=","><v><l id="0" t=","><g v="PNCT"></g></l></v></tfr></token><token id="648354" text="находится"><tfr rev_id="1480464" t="находится"><v><l id="177898" t="нахожусь"><g v="VERB"></g><g v="impf"></g><g v="intr"></g><g v="sing"></g><g v="3per"></g><g v="pres"></g><g v="indc"></g></l></v><v><l id="177903" t="находился"><g v="VERB"></g><g v="perf"></g><g v="intr"></g><g v="sing"></g><g v="3per"></g><g v="futr"></g><g v="indc"></g></l></v></tfr></token><token id="648355" text="Сеул"><tfr rev_id="1480465" t="Сеул"><v><l id="319644" t="сеул"><g v="NOUN"></g><g v="inan"></g><g v="masc"></g><g v="Geox"></g><g v="sing"></g><g v="nomn"></g></l></v><v><l id="319644" t="сеул"><g v="NOUN"></g><g v="inan"></g><g v="masc"></g><g v="Geox"></g><g v="sing"></g><g v="accs"></g></l></v></tfr></token><token id="648356" text=","><tfr rev_id="1480466" t=","><v><l id="0" t=","><g v="PNCT"></g></l></v></tfr></token><token id="648357" text="который"><tfr rev_id="3637448" t="который"><v><l id="141203" t="который"><g v="ADJF"></g><g v="Apro"></g><g v="Subx"></g><g v="Anph"></g><g v="masc"></g><g v="sing"></g><g v="nomn"></g></l></v><v><l id="141203" t="который"><g v="ADJF"></g><g v="Apro"></g><g v="Subx"></g><g v="Anph"></g><g v="inan"></g><g v="masc"></g><g v="sing"></g><g v="accs"></g></l></v></tfr></token><token id="648358" text="опережает"><tfr rev_id="1480468" t="опережает"><v><l id="206964" t="опережаю"><g v="VERB"></g><g v="impf"></g><g v="tran"></g><g v="sing"></g><g v="3per"></g><g v="pres"></g><g v="indc"></g></l></v></tfr></token><token id="648359" text="Токио"><tfr rev_id="3491185" t="Токио"><v><l id="347003" t="токио"><g v="NOUN"></g><g v="inan"></g><g v="masc"></g><g v="Sgtm"></g><g v="Fixd"></g><g v="Geox"></g><g v="sing"></g><g v="accs"></g></l></v></tfr></token><token id="648360" text=","><tfr rev_id="1480470" t=","><v><l id="0" t=","><g v="PNCT"></g></l></v></tfr></token><token id="648361" text="Гонконг"><tfr rev_id="4209598" t="Гонконг"><v><l id="72931" t="гонконг"><g v="NOUN"></g><g v="inan"></g><g v="masc"></g><g v="Geox"></g><g v="sing"></g><g v="accs"></g></l></v></tfr></token><token id="648362" text="и"><tfr rev_id="1480472" t="и"><v><l id="116949" t="и"><g v="CONJ"></g></l></v><v><l id="116950" t="и"><g v="INTJ"></g></l></v></tfr></token><token id="648363" text="Лондон"><tfr rev_id="1480473" t="Лондон"><v><l id="150828" t="лондон"><g v="NOUN"></g><g v="inan"></g><g v="masc"></g><g v="Geox"></g><g v="sing"></g><g v="nomn"></g></l></v><v><l id="150828" t="лондон"><g v="NOUN"></g><g v="inan"></g><g v="masc"></g><g v="Geox"></g><g v="sing"></g><g v="accs"></g></l></v></tfr></token><token id="648364" text="."><tfr rev_id="1480474" t="."><v><l id="0" t="."><g v="PNCT"></g></l></v></tfr></token></tokens></sentence><sentence id="36259"><source>Санкт-Петербург занимает 12 место, между Нью-Йорком и Миланом.</source><tokens><token id="648365" text="Санкт-Петербург"><tfr rev_id="4095607" t="Санкт-Петербург"><v><l id="313346" t="санкт-петербург"><g v="NOUN"></g><g v="inan"></g><g v="masc"></g><g v="Geox"></g><g v="sing"></g><g v="nomn"></g></l></v></tfr></token><token id="648366" text="занимает"><tfr rev_id="1480476" t="занимает"><v><l id="106412" t="занимаю"><g v="VERB"></g><g v="impf"></g><g v="tran"></g><g v="sing"></g><g v="3per"></g><g v="pres"></g><g v="indc"></g></l></v></tfr></token><token id="648367" text="12"><tfr rev_id="2462199" t="12"><v><l id="0" t="12"><g v="NUMB"></g></l></v></tfr></token><token id="648368" text="место"><tfr rev_id="1480478" t="место"><v><l id="158822" t="место"><g v="NOUN"></g><g v="inan"></g><g v="neut"></g><g v="sing"></g><g v="nomn"></g></l></v><v><l id="158822" t="место"><g v="NOUN"></g><g v="inan"></g><g v="neut"></g><g v="sing"></g><g v="accs"></g></l></v></tfr></token><token id="648369" text=","><tfr rev_id="1480479" t=","><v><l id="0" t=","><g v="PNCT"></g></l></v></tfr></token><token id="648370" text="между"><tfr rev_id="1480480" t="между"><v><l id="157306" t="между"><g v="PREP"></g></l></v></tfr></token><token id="648371" text="Нью-Йорком"><tfr rev_id="1480481" t="Нью-Йорком"><v><l id="192831" t="нью-йорк"><g v="NOUN"></g><g v="inan"></g><g v="masc"></g><g v="Geox"></g><g v="sing"></g><g v="ablt"></g></l></v></tfr></token><token id="648372" text="и"><tfr rev_id="3410504" t="и"><v><l id="116949" t="и"><g v="CONJ"></g></l></v></tfr></token><token id="648373" text="Миланом"><tfr rev_id="1480483" t="Миланом"><v><l id="160121" t="милан"><g v="NOUN"></g><g v="inan"></g><g v="masc"></g><g v="Geox"></g><g v="sing"></g><g v="ablt"></g></l></v></tfr></token><token id="648374" text="."><tfr rev_id="1480484" t="."><v><l id="0" t="."><g v="PNCT"></g></l></v></tfr></token></tokens></sentence><sentence id="36260"><source>Из всех обследованных европейских метрополий наиболее дешёвый город — Лейпциг.</source><tokens><token id="648375" text="Из"><tfr rev_id="2603027" t="Из"><v><l id="117677" t="из"><g v="PREP"></g></l></v></tfr></token><token id="648376" text="всех"><tfr rev_id="4135847" t="всех"><v><l id="42156" t="весь"><g v="ADJF"></g><g v="Subx"></g><g v="Apro"></g><g v="plur"></g><g v="gent"></g></l></v></tfr></token><token id="648377" text="обследованных"><tfr rev_id="3944107" t="обследованных"><v><l id="199748" t="обследованный"><g v="PRTF"></g><g v="perf"></g><g v="tran"></g><g v="past"></g><g v="pssv"></g><g v="plur"></g><g v="gent"></g></l></v><v><l id="199749" t="обследованный"><g v="PRTF"></g><g v="impf"></g><g v="tran"></g><g v="past"></g><g v="pssv"></g><g v="plur"></g><g v="gent"></g></l></v></tfr></token><token id="648378" text="европейских"><tfr rev_id="4361224" t="европейских"><v><l id="94034" t="европейский"><g v="ADJF"></g><g v="plur"></g><g v="gent"></g></l></v></tfr></token><token id="648379" text="метрополий"><tfr rev_id="1480489" t="метрополий"><v><l id="159324" t="метрополия"><g v="NOUN"></g><g v="inan"></g><g v="femn"></g><g v="plur"></g><g v="gent"></g></l></v></tfr></token><token id="648380" text="наиболее"><tfr rev_id="1480490" t="наиболее"><v><l id="170502" t="наиболее"><g v="ADVB"></g></l></v></tfr></token><token id="648381" text="дешёвый"><tfr rev_id="1480491" t="дешёвый"><v><l id="82441" t="дешёвый"><g v="ADJF"></g><g v="Qual"></g><g v="masc"></g><g v="sing"></g><g v="nomn"></g></l></v><v><l id="82441" t="дешёвый"><g v="ADJF"></g><g v="Qual"></g><g v="inan"></g><g v="masc"></g><g v="sing"></g><g v="accs"></g></l></v></tfr></token><token id="648382" text="город"><tfr rev_id="1480492" t="город"><v><l id="73547" t="город"><g v="NOUN"></g><g v="inan"></g><g v="masc"></g><g v="sing"></g><g v="nomn"></g></l></v><v><l id="73547" t="город"><g v="NOUN"></g><g v="inan"></g><g v="masc"></g><g v="sing"></g><g v="accs"></g></l></v></tfr></token><token id="648383" text="—"><tfr rev_id="2445520" t="—"><v><l id="0" t="—"><g v="PNCT"></g></l></v></tfr></token><token id="648384" text="Лейпциг"><tfr rev_id="1480494" t="Лейпциг"><v><l id="147875" t="лейпциг"><g v="NOUN"></g><g v="inan"></g><g v="masc"></g><g v="Geox"></g><g v="sing"></g><g v="nomn"></g></l></v><v><l id="147875" t="лейпциг"><g v="NOUN"></g><g v="inan"></g><g v="masc"></g><g v="Geox"></g><g v="sing"></g><g v="accs"></g></l></v></tfr></token><token id="648385" text="."><tfr rev_id="1480495" t="."><v><l id="0" t="."><g v="PNCT"></g></l></v></tfr></token></tokens></sentence><sentence id="36261"><source>Исследования проводились по 200 параметрам, среди которых цены на продовольствие, жильё и транспорт.</source><tokens><token id="648386" text="Исследования"><tfr rev_id="3766735" t="Исследования"><v><l id="125799" t="исследование"><g v="NOUN"></g><g v="inan"></g><g v="neut"></g><g v="plur"></g><g v="nomn"></g></l></v></tfr></token><token id="648387" text="проводились"><tfr rev_id="1480497" t="проводились"><v><l id="278015" t="провожусь"><g v="VERB"></g><g v="impf"></g><g v="intr"></g><g v="plur"></g><g v="past"></g><g v="indc"></g></l></v></tfr></token><token id="648388" text="по"><tfr rev_id="1480498" t="по"><v><l id="241240" t="по"><g v="PREP"></g></l></v></tfr></token><token id="648389" text="200"><tfr rev_id="2462200" t="200"><v><l id="0" t="200"><g v="NUMB"></g></l></v></tfr></token><token id="648390" text="параметрам"><tfr rev_id="1480500" t="параметрам"><v><l id="223782" t="параметр"><g v="NOUN"></g><g v="inan"></g><g v="masc"></g><g v="plur"></g><g v="datv"></g></l></v></tfr></token><token id="648391" text=","><tfr rev_id="1480501" t=","><v><l id="0" t=","><g v="PNCT"></g></l></v></tfr></token><token id="648392" text="среди"><tfr rev_id="1480502" t="среди"><v><l id="333473" t="среди"><g v="PREP"></g></l></v></tfr></token><token id="648393" text="которых"><tfr rev_id="4355944" t="которых"><v><l id="141203" t="который"><g v="ADJF"></g><g v="Apro"></g><g v="Subx"></g><g v="Anph"></g><g v="plur"></g><g v="gent"></g></l></v></tfr></token><token id="648394" text="цены"><tfr rev_id="3726539" t="цены"><v><l id="373297" t="цена"><g v="NOUN"></g><g v="inan"></g><g v="femn"></g><g v="plur"></g><g v="nomn"></g></l></v></tfr></token><token id="648395" text="на"><tfr rev_id="3341411" t="на"><v><l id="166264" t="на"><g v="PREP"></g></l></v></tfr></token><token id="648396" text="продовольствие"><tfr rev_id="3269674" t="продовольствие"><v><l id="279187" t="продовольствие"><g v="NOUN"></g><g v="inan"></g><g v="neut"></g><g v="sing"></g><g v="accs"></g></l></v></tfr></token><token id="648397" text=","><tfr rev_id="1480507" t=","><v><l id="0" t=","><g v="PNCT"></g></l></v></tfr></token><token id="648398" text="жильё"><tfr rev_id="4413485" t="жильё"><v><l id="97400" t="жильё"><g v="NOUN"></g><g v="inan"></g><g v="neut"></g><g v="Sgtm"></g><g v="sing"></g><g v="accs"></g></l></v></tfr></token><token id="648399" text="и"><tfr rev_id="3542247" t="и"><v><l id="116949" t="и"><g v="CONJ"></g></l></v></tfr></token><token id="648400" text="транспорт"><tfr rev_id="4413446" t="транспорт"><v><l id="349139" t="транспорт"><g v="NOUN"></g><g v="inan"></g><g v="masc"></g><g v="sing"></g><g v="accs"></g></l></v></tfr></token><token id="648401" text="."><tfr rev_id="1480511" t="."><v><l id="0" t="."><g v="PNCT"></g></l></v></tfr></token></tokens></sentence></paragraph><paragraph id="11531"><sentence id="36262"><source>Надо, однако, учитывать, что такие исследования проводятся с людьми, которые находятся на уровне руководителей экономики, и не учитывают местные факторы, условия и привычки.</source><tokens><token id="648402" text="Надо"><tfr rev_id="4555485" t="Надо"><v><l id="169144" t="надо"><g v="PRED"></g><g v="pres"></g></l></v></tfr></token><token id="648403" text=","><tfr rev_id="1480513" t=","><v><l id="0" t=","><g v="PNCT"></g></l></v></tfr></token><token id="648404" text="однако"><tfr rev_id="2624573" t="однако"><v><l id="203386" t="однако"><g v="INTJ"></g></l></v><v><l id="203387" t="однако"><g v="CONJ"></g><g v="Prnt"></g></l></v></tfr></token><token id="648405" text=","><tfr rev_id="1480515" t=","><v><l id="0" t=","><g v="PNCT"></g></l></v></tfr></token><token id="648406" text="учитывать"><tfr rev_id="1480516" t="учитывать"><v><l id="363302" t="учитывать"><g v="INFN"></g><g v="impf"></g><g v="tran"></g></l></v></tfr></token><token id="648407" text=","><tfr rev_id="1480517" t=","><v><l id="0" t=","><g v="PNCT"></g></l></v></tfr></token><token id="648408" text="что"><tfr rev_id="3197260" t="что"><v><l id="377004" t="что"><g v="CONJ"></g></l></v><v><l id="377005" t="что"><g v="NPRO"></g><g v="neut"></g><g v="sing"></g><g v="nomn"></g></l></v><v><l id="377005" t="что"><g v="NPRO"></g><g v="neut"></g><g v="sing"></g><g v="accs"></g></l></v><v><l id="377006" t="что"><g v="ADVB"></g><g v="Ques"></g></l></v><v><l id="388695" t="что"><g v="PRCL"></g></l></v></tfr></token><token id="648409" text="такие"><tfr rev_id="4067343" t="такие"><v><l id="342491" t="такой"><g v="ADJF"></g><g v="Apro"></g><g v="plur"></g><g v="nomn"></g></l></v></tfr></token><token id="648410" text="исследования"><tfr rev_id="3757923" t="исследования"><v><l id="125799" t="исследование"><g v="NOUN"></g><g v="inan"></g><g v="neut"></g><g v="plur"></g><g v="nomn"></g></l></v></tfr></token><token id="648411" text="проводятся"><tfr rev_id="1480521" t="проводятся"><v><l id="278015" t="провожусь"><g v="VERB"></g><g v="impf"></g><g v="intr"></g><g v="plur"></g><g v="3per"></g><g v="pres"></g><g v="indc"></g></l></v></tfr></token><token id="648412" text="с"><tfr rev_id="1480522" t="с"><v><l id="311151" t="с"><g v="PREP"></g></l></v></tfr></token><token id="648413" text="людьми"><tfr rev_id="1480523" t="людьми"><v><l id="375073" t="человек"><g v="NOUN"></g><g v="anim"></g><g v="masc"></g><g v="plur"></g><g v="ablt"></g></l></v></tfr></token><token id="648414" text=","><tfr rev_id="1480524" t=","><v><l id="0" t=","><g v="PNCT"></g></l></v></tfr></token><token id="648415" text="которые"><tfr rev_id="3816137" t="которые"><v><l id="141203" t="который"><g v="ADJF"></g><g v="Apro"></g><g v="Subx"></g><g v="Anph"></g><g v="plur"></g><g v="nomn"></g></l></v></tfr></token><token id="648416" text="находятся"><tfr rev_id="3893255" t="находятся"><v><l id="177898" t="нахожусь"><g v="VERB"></g><g v="impf"></g><g v="intr"></g><g v="plur"></g><g v="3per"></g><g v="pres"></g><g v="indc"></g></l></v></tfr></token><token id="648417" text="на"><tfr rev_id="3336610" t="на"><v><l id="166264" t="на"><g v="PREP"></g></l></v></tfr></token><token id="648418" text="уровне"><tfr rev_id="1480528" t="уровне"><v><l id="359953" t="уровень"><g v="NOUN"></g><g v="inan"></g><g v="masc"></g><g v="sing"></g><g v="loct"></g></l></v></tfr></token><token id="648419" text="руководителей"><tfr rev_id="3538030" t="руководителей"><v><l id="309980" t="руководитель"><g v="NOUN"></g><g v="anim"></g><g v="masc"></g><g v="plur"></g><g v="gent"></g></l></v></tfr></token><token id="648420" text="экономики"><tfr rev_id="3457621" t="экономики"><v><l id="383340" t="экономика"><g v="NOUN"></g><g v="inan"></g><g v="femn"></g><g v="sing"></g><g v="gent"></g></l></v></tfr></token><token id="648421" text=","><tfr rev_id="1480531" t=","><v><l id="0" t=","><g v="PNCT"></g></l></v></tfr></token><token id="648422" text="и"><tfr rev_id="3529789" t="и"><v><l id="116949" t="и"><g v="CONJ"></g></l></v></tfr></token><token id="648423" text="не"><tfr rev_id="1480533" t="не"><v><l id="178876" t="не"><g v="PRCL"></g></l></v></tfr></token><token id="648424" text="учитывают"><tfr rev_id="1480534" t="учитывают"><v><l id="363301" t="учитываю"><g v="VERB"></g><g v="impf"></g><g v="tran"></g><g v="plur"></g><g v="3per"></g><g v="pres"></g><g v="indc"></g></l></v></tfr></token><token id="648425" text="местные"><tfr rev_id="3813411" t="местные"><v><l id="158819" t="местный"><g v="ADJF"></g><g v="Qual"></g><g v="inan"></g><g v="plur"></g><g v="accs"></g></l></v></tfr></token><token id="648426" text="факторы"><tfr rev_id="3750078" t="факторы"><v><l id="364182" t="фактор"><g v="NOUN"></g><g v="inan"></g><g v="masc"></g><g v="plur"></g><g v="accs"></g></l></v></tfr></token><token id="648427" text=","><tfr rev_id="1480537" t=","><v><l id="0" t=","><g v="PNCT"></g></l></v></tfr></token><token id="648428" text="условия"><tfr rev_id="3793028" t="условия"><v><l id="360556" t="условие"><g v="NOUN"></g><g v="inan"></g><g v="neut"></g><g v="plur"></g><g v="accs"></g></l></v></tfr></token><token id="648429" text="и"><tfr rev_id="3410451" t="и"><v><l id="116949" t="и"><g v="CONJ"></g></l></v></tfr></token><token id="648430" text="привычки"><tfr rev_id="3797862" t="привычки"><v><l id="269597" t="привычка"><g v="NOUN"></g><g v="inan"></g><g v="femn"></g><g v="plur"></g><g v="accs"></g></l></v></tfr></token><token id="648431" text="."><tfr rev_id="1480541" t="."><v><l id="0" t="."><g v="PNCT"></g></l></v></tfr></token></tokens></sentence><sentence id="36263"><source>Цель данного исследования — установить уровень доплат для менеджеров, которые работают за границей, а не для сравнения уровня жизни местного населения.</source><tokens><token id="648432" text="Цель"><tfr rev_id="1714589" t="Цель"><v><l id="373216" t="цель"><g v="NOUN"></g><g v="inan"></g><g v="femn"></g><g v="sing"></g><g v="nomn"></g></l></v><v><l id="373216" t="цель"><g v="NOUN"></g><g v="inan"></g><g v="femn"></g><g v="sing"></g><g v="accs"></g></l></v></tfr></token><token id="648433" text="данного"><tfr rev_id="3662660" t="данного"><v><l id="78303" t="данный"><g v="ADJF"></g><g v="Apro"></g><g v="masc"></g><g v="sing"></g><g v="gent"></g></l></v><v><l id="78303" t="данный"><g v="ADJF"></g><g v="Apro"></g><g v="anim"></g><g v="masc"></g><g v="sing"></g><g v="accs"></g></l></v><v><l id="78303" t="данный"><g v="ADJF"></g><g v="Apro"></g><g v="neut"></g><g v="sing"></g><g v="gent"></g></l></v><v><l id="78549" t="данный"><g v="PRTF"></g><g v="perf"></g><g v="tran"></g><g v="past"></g><g v="pssv"></g><g v="masc"></g><g v="sing"></g><g v="gent"></g></l></v><v><l id="78549" t="данный"><g v="PRTF"></g><g v="perf"></g><g v="tran"></g><g v="past"></g><g v="pssv"></g><g v="anim"></g><g v="masc"></g><g v="sing"></g><g v="accs"></g></l></v><v><l id="78549" t="данный"><g v="PRTF"></g><g v="perf"></g><g v="tran"></g><g v="past"></g><g v="pssv"></g><g v="neut"></g><g v="sing"></g><g v="gent"></g></l></v></tfr></token><token id="648434" text="исследования"><tfr rev_id="2963884" t="исследования"><v><l id="125799" t="исследование"><g v="NOUN"></g><g v="inan"></g><g v="neut"></g><g v="sing"></g><g v="gent"></g></l></v></tfr></token><token id="648435" text="—"><tfr rev_id="2445521" t="—"><v><l id="0" t="—"><g v="PNCT"></g></l></v></tfr></token><token id="648436" text="установить"><tfr rev_id="1480546" t="установить"><v><l id="360982" t="установить"><g v="INFN"></g><g v="perf"></g><g v="tran"></g></l></v></tfr></token><token id="648437" text="уровень"><tfr rev_id="3679203" t="уровень"><v><l id="359953" t="уровень"><g v="NOUN"></g><g v="inan"></g><g v="masc"></g><g v="sing"></g><g v="accs"></g></l></v></tfr></token><token id="648438" text="доплат"><tfr rev_id="1480548" t="доплат"><v><l id="89175" t="доплата"><g v="NOUN"></g><g v="inan"></g><g v="femn"></g><g v="plur"></g><g v="gent"></g></l></v></tfr></token><token id="648439" text="для"><tfr rev_id="3452952" t="для"><v><l id="85032" t="для"><g v="PREP"></g></l></v></tfr></token><token id="648440" text="менеджеров"><tfr rev_id="3434891" t="менеджеров"><v><l id="158340" t="менеджер"><g v="NOUN"></g><g v="anim"></g><g v="masc"></g><g v="plur"></g><g v="gent"></g></l></v></tfr></token><token id="648441" text=","><tfr rev_id="1480551" t=","><v><l id="0" t=","><g v="PNCT"></g></l></v></tfr></token><token id="648442" text="которые"><tfr rev_id="4084911" t="которые"><v><l id="141203" t="который"><g v="ADJF"></g><g v="Apro"></g><g v="Subx"></g><g v="Anph"></g><g v="plur"></g><g v="nomn"></g></l></v></tfr></token><token id="648443" text="работают"><tfr rev_id="1480553" t="работают"><v><l id="290502" t="работаю"><g v="VERB"></g><g v="impf"></g><g v="intr"></g><g v="plur"></g><g v="3per"></g><g v="pres"></g><g v="indc"></g></l></v></tfr></token><token id="648444" text="за"><tfr rev_id="1480554" t="за"><v><l id="98043" t="за"><g v="PREP"></g></l></v></tfr></token><token id="648445" text="границей"><tfr rev_id="1480555" t="границей"><v><l id="74687" t="граница"><g v="NOUN"></g><g v="inan"></g><g v="femn"></g><g v="sing"></g><g v="ablt"></g></l></v></tfr></token><token id="648446" text=","><tfr rev_id="1480556" t=","><v><l id="0" t=","><g v="PNCT"></g></l></v></tfr></token><token id="648447" text="а"><tfr rev_id="1480557" t="а"><v><l id="51" t="а"><g v="CONJ"></g></l></v><v><l id="52" t="а"><g v="INTJ"></g></l></v><v><l id="53" t="а"><g v="PRCL"></g></l></v></tfr></token><token id="648448" text="не"><tfr rev_id="1480558" t="не"><v><l id="178876" t="не"><g v="PRCL"></g></l></v></tfr></token><token id="648449" text="для"><tfr rev_id="3458762" t="для"><v><l id="85032" t="для"><g v="PREP"></g></l></v></tfr></token><token id="648450" text="сравнения"><tfr rev_id="3440496" t="сравнения"><v><l id="333307" t="сравнение"><g v="NOUN"></g><g v="inan"></g><g v="neut"></g><g v="sing"></g><g v="gent"></g></l></v></tfr></token><token id="648451" text="уровня"><tfr rev_id="1480561" t="уровня"><v><l id="359953" t="уровень"><g v="NOUN"></g><g v="inan"></g><g v="masc"></g><g v="sing"></g><g v="gent"></g></l></v></tfr></token><token id="648452" text="жизни"><tfr rev_id="3487119" t="жизни"><v><l id="97314" t="жизнь"><g v="NOUN"></g><g v="inan"></g><g v="femn"></g><g v="sing"></g><g v="gent"></g></l></v><v><l id="97314" t="жизнь"><g v="NOUN"></g><g v="inan"></g><g v="femn"></g><g v="sing"></g><g v="datv"></g></l></v><v><l id="97314" t="жизнь"><g v="NOUN"></g><g v="inan"></g><g v="femn"></g><g v="sing"></g><g v="loct"></g></l></v></tfr></token><token id="648453" text="местного"><tfr rev_id="3454198" t="местного"><v><l id="158819" t="местный"><g v="ADJF"></g><g v="Qual"></g><g v="neut"></g><g v="sing"></g><g v="gent"></g></l></v></tfr></token><token id="648454" text="населения"><tfr rev_id="3283150" t="населения"><v><l id="175227" t="население"><g v="NOUN"></g><g v="inan"></g><g v="neut"></g><g v="sing"></g><g v="gent"></g></l></v></tfr></token><token id="648455" text="."><tfr rev_id="1480565" t="."><v><l id="0" t="."><g v="PNCT"></g></l></v></tfr></token></tokens></sentence></paragraph></paragraphs></text>