<?xml version="1.0" encoding="utf-8"?><text id="1256" parent="56" name="В Бангладеше разрешили издавать фетвы"><tags><tag>Автор:http://ru.wikinews.org/wiki/Участник:Artem Korzhimanov</tag><tag>url:http://ru.wikinews.org/w/index.php?title=В_Бангладеше_разрешили_издавать_фетвы&amp;oldid=60918</tag><tag>Дата:15/05</tag><tag>Год:2011</tag><tag>Гео:ВикиКатегория:Бангладеш</tag><tag>Тема:ВикиКатегория:Ислам в Бангладеше</tag><tag>Тема:ВикиКатегория:Преступность и право</tag></tags><paragraphs><paragraph id="11568"><sentence id="36359"><source>Как сообщает Agence France-Presse, Верховный суд Бангладеша снял запрет на издание так называемых фетв — правовых предписаний, основанных на законах ислама.</source><tokens><token id="650261" text="Как"><tfr rev_id="1482371" t="Как"><v><l id="128190" t="как"><g v="CONJ"></g></l></v><v><l id="128191" t="как"><g v="PRCL"></g></l></v><v><l id="128192" t="как"><g v="ADVB"></g><g v="Ques"></g></l></v></tfr></token><token id="650262" text="сообщает"><tfr rev_id="1482372" t="сообщает"><v><l id="329538" t="сообщаю"><g v="VERB"></g><g v="impf"></g><g v="tran"></g><g v="sing"></g><g v="3per"></g><g v="pres"></g><g v="indc"></g></l></v></tfr></token><token id="650263" text="Agence"><tfr rev_id="2475058" t="Agence"><v><l id="0" t="Agence"><g v="LATN"></g></l></v></tfr></token><token id="650264" text="France-Presse"><tfr rev_id="2475059" t="France-Presse"><v><l id="0" t="France-Presse"><g v="LATN"></g></l></v></tfr></token><token id="650265" text=","><tfr rev_id="1482375" t=","><v><l id="0" t=","><g v="PNCT"></g></l></v></tfr></token><token id="650266" text="Верховный"><tfr rev_id="1482376" t="Верховный"><v><l id="41800" t="верховный"><g v="ADJF"></g><g v="Qual"></g><g v="masc"></g><g v="sing"></g><g v="nomn"></g></l></v><v><l id="41800" t="верховный"><g v="ADJF"></g><g v="Qual"></g><g v="inan"></g><g v="masc"></g><g v="sing"></g><g v="accs"></g></l></v></tfr></token><token id="650267" text="суд"><tfr rev_id="1482377" t="суд"><v><l id="338918" t="суд"><g v="NOUN"></g><g v="inan"></g><g v="masc"></g><g v="sing"></g><g v="nomn"></g></l></v><v><l id="338918" t="суд"><g v="NOUN"></g><g v="inan"></g><g v="masc"></g><g v="sing"></g><g v="accs"></g></l></v></tfr></token><token id="650268" text="Бангладеша"><tfr rev_id="1482378" t="Бангладеша"><v><l id="23491" t="бангладеш"><g v="NOUN"></g><g v="inan"></g><g v="masc"></g><g v="Sgtm"></g><g v="Geox"></g><g v="sing"></g><g v="gent"></g></l></v></tfr></token><token id="650269" text="снял"><tfr rev_id="1482379" t="снял"><v><l id="327593" t="снял"><g v="VERB"></g><g v="perf"></g><g v="tran"></g><g v="masc"></g><g v="sing"></g><g v="past"></g><g v="indc"></g></l></v></tfr></token><token id="650270" text="запрет"><tfr rev_id="1714472" t="запрет"><v><l id="107924" t="запрет"><g v="NOUN"></g><g v="inan"></g><g v="masc"></g><g v="sing"></g><g v="nomn"></g></l></v><v><l id="107924" t="запрет"><g v="NOUN"></g><g v="inan"></g><g v="masc"></g><g v="sing"></g><g v="accs"></g></l></v></tfr></token><token id="650271" text="на"><tfr rev_id="3337360" t="на"><v><l id="166264" t="на"><g v="PREP"></g></l></v></tfr></token><token id="650272" text="издание"><tfr rev_id="1482382" t="издание"><v><l id="118742" t="издание"><g v="NOUN"></g><g v="inan"></g><g v="neut"></g><g v="sing"></g><g v="nomn"></g></l></v><v><l id="118742" t="издание"><g v="NOUN"></g><g v="inan"></g><g v="neut"></g><g v="sing"></g><g v="accs"></g></l></v></tfr></token><token id="650273" text="так"><tfr rev_id="1482383" t="так"><v><l id="342451" t="так"><g v="CONJ"></g></l></v><v><l id="342452" t="так"><g v="PRCL"></g></l></v><v><l id="342453" t="так"><g v="ADVB"></g><g v="Dmns"></g></l></v></tfr></token><token id="650274" text="называемых"><tfr rev_id="3944175" t="называемых"><v><l id="170477" t="называемый"><g v="PRTF"></g><g v="impf"></g><g v="tran"></g><g v="pres"></g><g v="pssv"></g><g v="plur"></g><g v="gent"></g></l></v></tfr></token><token id="650275" text="фетв"><tfr rev_id="4532956" t="фетв"><v><l id="391953" t="фетва"><g v="NOUN"></g><g v="inan"></g><g v="femn"></g><g v="plur"></g><g v="gent"></g></l></v></tfr></token><token id="650276" text="—"><tfr rev_id="2445584" t="—"><v><l id="0" t="—"><g v="PNCT"></g></l></v></tfr></token><token id="650277" text="правовых"><tfr rev_id="4400674" t="правовых"><v><l id="265698" t="правовой"><g v="ADJF"></g><g v="plur"></g><g v="gent"></g></l></v></tfr></token><token id="650278" text="предписаний"><tfr rev_id="1482388" t="предписаний"><v><l id="266782" t="предписание"><g v="NOUN"></g><g v="inan"></g><g v="neut"></g><g v="plur"></g><g v="gent"></g></l></v></tfr></token><token id="650279" text=","><tfr rev_id="1482389" t=","><v><l id="0" t=","><g v="PNCT"></g></l></v></tfr></token><token id="650280" text="основанных"><tfr rev_id="3417928" t="основанных"><v><l id="210587" t="основанный"><g v="PRTF"></g><g v="perf"></g><g v="tran"></g><g v="past"></g><g v="pssv"></g><g v="plur"></g><g v="gent"></g></l></v></tfr></token><token id="650281" text="на"><tfr rev_id="3345569" t="на"><v><l id="166264" t="на"><g v="PREP"></g></l></v></tfr></token><token id="650282" text="законах"><tfr rev_id="1482392" t="законах"><v><l id="103696" t="закон"><g v="NOUN"></g><g v="inan"></g><g v="masc"></g><g v="plur"></g><g v="loct"></g></l></v></tfr></token><token id="650283" text="ислама"><tfr rev_id="4410955" t="ислама"><v><l id="124924" t="ислам"><g v="NOUN"></g><g v="inan"></g><g v="masc"></g><g v="sing"></g><g v="gent"></g></l></v></tfr></token><token id="650284" text="."><tfr rev_id="1482394" t="."><v><l id="0" t="."><g v="PNCT"></g></l></v></tfr></token></tokens></sentence></paragraph><paragraph id="11569"><sentence id="36360"><source>При этом, однако, на фетвы наложены некоторые ограничения.</source><tokens><token id="650285" text="При"><tfr rev_id="2699681" t="При"><v><l id="268625" t="при"><g v="PREP"></g></l></v></tfr></token><token id="650286" text="этом"><tfr rev_id="4472633" t="этом"><v><l id="386575" t="это"><g v="NPRO"></g><g v="neut"></g><g v="sing"></g><g v="loct"></g></l></v></tfr></token><token id="650287" text=","><tfr rev_id="1482397" t=","><v><l id="0" t=","><g v="PNCT"></g></l></v></tfr></token><token id="650288" text="однако"><tfr rev_id="2624577" t="однако"><v><l id="203386" t="однако"><g v="INTJ"></g></l></v><v><l id="203387" t="однако"><g v="CONJ"></g><g v="Prnt"></g></l></v></tfr></token><token id="650289" text=","><tfr rev_id="1482399" t=","><v><l id="0" t=","><g v="PNCT"></g></l></v></tfr></token><token id="650290" text="на"><tfr rev_id="3339216" t="на"><v><l id="166264" t="на"><g v="PREP"></g></l></v></tfr></token><token id="650291" text="фетвы"><tfr rev_id="4532961" t="фетвы"><v><l id="391953" t="фетва"><g v="NOUN"></g><g v="inan"></g><g v="femn"></g><g v="plur"></g><g v="accs"></g></l></v><v><l id="391953" t="фетва"><g v="NOUN"></g><g v="inan"></g><g v="femn"></g><g v="plur"></g><g v="nomn"></g></l></v><v><l id="391953" t="фетва"><g v="NOUN"></g><g v="inan"></g><g v="femn"></g><g v="sing"></g><g v="gent"></g></l></v></tfr></token><token id="650292" text="наложены"><tfr rev_id="1482402" t="наложены"><v><l id="172068" t="наложен"><g v="PRTS"></g><g v="perf"></g><g v="past"></g><g v="pssv"></g><g v="plur"></g></l></v></tfr></token><token id="650293" text="некоторые"><tfr rev_id="4239054" t="некоторые"><v><l id="183542" t="некоторый"><g v="ADJF"></g><g v="Apro"></g><g v="plur"></g><g v="nomn"></g></l></v></tfr></token><token id="650294" text="ограничения"><tfr rev_id="3795743" t="ограничения"><v><l id="202915" t="ограничение"><g v="NOUN"></g><g v="inan"></g><g v="neut"></g><g v="plur"></g><g v="nomn"></g></l></v></tfr></token><token id="650295" text="."><tfr rev_id="1482405" t="."><v><l id="0" t="."><g v="PNCT"></g></l></v></tfr></token></tokens></sentence><sentence id="36361"><source>В частности, их публикация разрешена только «исключительно образованными людьми».</source><tokens><token id="650296" text="В"><tfr rev_id="1482406" t="В"><v><l id="37409" t="в"><g v="PREP"></g></l></v></tfr></token><token id="650297" text="частности"><tfr rev_id="4025742" t="частности"><v><l id="374794" t="частность"><g v="NOUN"></g><g v="inan"></g><g v="femn"></g><g v="sing"></g><g v="loct"></g></l></v></tfr></token><token id="650298" text=","><tfr rev_id="1482408" t=","><v><l id="0" t=","><g v="PNCT"></g></l></v></tfr></token><token id="650299" text="их"><tfr rev_id="4473020" t="их"><v><l id="127205" t="их"><g v="ADJF"></g><g v="Fixd"></g><g v="Apro"></g><g v="Anph"></g><g v="masc"></g><g v="sing"></g><g v="nomn"></g></l></v><v><l id="127205" t="их"><g v="ADJF"></g><g v="Fixd"></g><g v="Apro"></g><g v="Anph"></g><g v="masc"></g><g v="sing"></g><g v="gent"></g></l></v><v><l id="127205" t="их"><g v="ADJF"></g><g v="Fixd"></g><g v="Apro"></g><g v="Anph"></g><g v="masc"></g><g v="sing"></g><g v="datv"></g></l></v><v><l id="127205" t="их"><g v="ADJF"></g><g v="Fixd"></g><g v="Apro"></g><g v="Anph"></g><g v="masc"></g><g v="sing"></g><g v="accs"></g></l></v><v><l id="127205" t="их"><g v="ADJF"></g><g v="Fixd"></g><g v="Apro"></g><g v="Anph"></g><g v="masc"></g><g v="sing"></g><g v="ablt"></g></l></v><v><l id="127205" t="их"><g v="ADJF"></g><g v="Fixd"></g><g v="Apro"></g><g v="Anph"></g><g v="masc"></g><g v="sing"></g><g v="loct"></g></l></v><v><l id="127205" t="их"><g v="ADJF"></g><g v="Fixd"></g><g v="Apro"></g><g v="Anph"></g><g v="femn"></g><g v="sing"></g><g v="nomn"></g></l></v><v><l id="127205" t="их"><g v="ADJF"></g><g v="Fixd"></g><g v="Apro"></g><g v="Anph"></g><g v="femn"></g><g v="sing"></g><g v="gent"></g></l></v><v><l id="127205" t="их"><g v="ADJF"></g><g v="Fixd"></g><g v="Apro"></g><g v="Anph"></g><g v="femn"></g><g v="sing"></g><g v="datv"></g></l></v><v><l id="127205" t="их"><g v="ADJF"></g><g v="Fixd"></g><g v="Apro"></g><g v="Anph"></g><g v="femn"></g><g v="sing"></g><g v="accs"></g></l></v><v><l id="127205" t="их"><g v="ADJF"></g><g v="Fixd"></g><g v="Apro"></g><g v="Anph"></g><g v="femn"></g><g v="sing"></g><g v="ablt"></g></l></v><v><l id="127205" t="их"><g v="ADJF"></g><g v="Fixd"></g><g v="Apro"></g><g v="Anph"></g><g v="femn"></g><g v="sing"></g><g v="loct"></g></l></v><v><l id="127205" t="их"><g v="ADJF"></g><g v="Fixd"></g><g v="Apro"></g><g v="Anph"></g><g v="neut"></g><g v="sing"></g><g v="nomn"></g></l></v><v><l id="127205" t="их"><g v="ADJF"></g><g v="Fixd"></g><g v="Apro"></g><g v="Anph"></g><g v="neut"></g><g v="sing"></g><g v="gent"></g></l></v><v><l id="127205" t="их"><g v="ADJF"></g><g v="Fixd"></g><g v="Apro"></g><g v="Anph"></g><g v="neut"></g><g v="sing"></g><g v="datv"></g></l></v><v><l id="127205" t="их"><g v="ADJF"></g><g v="Fixd"></g><g v="Apro"></g><g v="Anph"></g><g v="neut"></g><g v="sing"></g><g v="accs"></g></l></v><v><l id="127205" t="их"><g v="ADJF"></g><g v="Fixd"></g><g v="Apro"></g><g v="Anph"></g><g v="neut"></g><g v="sing"></g><g v="ablt"></g></l></v><v><l id="127205" t="их"><g v="ADJF"></g><g v="Fixd"></g><g v="Apro"></g><g v="Anph"></g><g v="neut"></g><g v="sing"></g><g v="loct"></g></l></v></tfr></token><token id="650300" text="публикация"><tfr rev_id="1482410" t="публикация"><v><l id="288828" t="публикация"><g v="NOUN"></g><g v="inan"></g><g v="femn"></g><g v="sing"></g><g v="nomn"></g></l></v></tfr></token><token id="650301" text="разрешена"><tfr rev_id="1482411" t="разрешена"><v><l id="296671" t="разрешён"><g v="PRTS"></g><g v="perf"></g><g v="past"></g><g v="pssv"></g><g v="femn"></g><g v="sing"></g></l></v></tfr></token><token id="650302" text="только"><tfr rev_id="3784119" t="только"><v><l id="347395" t="только"><g v="CONJ"></g></l></v><v><l id="347396" t="только"><g v="PRCL"></g></l></v><v><l id="390053" t="только"><g v="ADVB"></g></l></v></tfr></token><token id="650303" text="«"><tfr rev_id="2445585" t="«"><v><l id="0" t="«"><g v="PNCT"></g></l></v></tfr></token><token id="650304" text="исключительно"><tfr rev_id="1482414" t="исключительно"><v><l id="124358" t="исключительно"><g v="ADVB"></g></l></v><v><l id="124359" t="исключительно"><g v="PRCL"></g></l></v><v><l id="124362" t="исключителен"><g v="ADJS"></g><g v="neut"></g><g v="sing"></g></l></v></tfr></token><token id="650305" text="образованными"><tfr rev_id="1482415" t="образованными"><v><l id="198802" t="образованный"><g v="ADJF"></g><g v="Qual"></g><g v="plur"></g><g v="ablt"></g></l></v><v><l id="198818" t="образованный"><g v="PRTF"></g><g v="perf"></g><g v="tran"></g><g v="past"></g><g v="pssv"></g><g v="plur"></g><g v="ablt"></g></l></v><v><l id="198819" t="образованный"><g v="PRTF"></g><g v="impf"></g><g v="tran"></g><g v="past"></g><g v="pssv"></g><g v="plur"></g><g v="ablt"></g></l></v></tfr></token><token id="650306" text="людьми"><tfr rev_id="1482416" t="людьми"><v><l id="375073" t="человек"><g v="NOUN"></g><g v="anim"></g><g v="masc"></g><g v="plur"></g><g v="ablt"></g></l></v></tfr></token><token id="650307" text="»"><tfr rev_id="2445586" t="»"><v><l id="0" t="»"><g v="PNCT"></g></l></v></tfr></token><token id="650308" text="."><tfr rev_id="1482418" t="."><v><l id="0" t="."><g v="PNCT"></g></l></v></tfr></token></tokens></sentence><sentence id="36362"><source>Что под этим понимается будет разъяснено позже.</source><tokens><token id="650309" text="Что"><tfr rev_id="4204063" t="Что"><v><l id="377005" t="что"><g v="NPRO"></g><g v="neut"></g><g v="sing"></g><g v="nomn"></g></l></v><v><l id="377005" t="что"><g v="NPRO"></g><g v="neut"></g><g v="sing"></g><g v="accs"></g></l></v></tfr></token><token id="650310" text="под"><tfr rev_id="2603616" t="под"><v><l id="243755" t="под"><g v="PREP"></g></l></v></tfr></token><token id="650311" text="этим"><tfr rev_id="4474827" t="этим"><v><l id="386575" t="это"><g v="NPRO"></g><g v="neut"></g><g v="sing"></g><g v="ablt"></g></l></v></tfr></token><token id="650312" text="понимается"><tfr rev_id="1482422" t="понимается"><v><l id="258468" t="понимаюсь"><g v="VERB"></g><g v="impf"></g><g v="intr"></g><g v="sing"></g><g v="3per"></g><g v="pres"></g><g v="indc"></g></l></v></tfr></token><token id="650313" text="будет"><tfr rev_id="1482423" t="будет"><v><l id="37265" t="есть"><g v="VERB"></g><g v="impf"></g><g v="intr"></g><g v="sing"></g><g v="3per"></g><g v="futr"></g><g v="indc"></g></l></v></tfr></token><token id="650314" text="разъяснено"><tfr rev_id="1482424" t="разъяснено"><v><l id="297383" t="разъяснён"><g v="PRTS"></g><g v="perf"></g><g v="past"></g><g v="pssv"></g><g v="neut"></g><g v="sing"></g></l></v></tfr></token><token id="650315" text="позже"><tfr rev_id="1482425" t="позже"><v><l id="253491" t="позднее"><g v="COMP"></g><g v="Qual"></g></l></v></tfr></token><token id="650316" text="."><tfr rev_id="1482426" t="."><v><l id="0" t="."><g v="PNCT"></g></l></v></tfr></token></tokens></sentence></paragraph><paragraph id="11570"><sentence id="36363"><source>Исполнение фетв будет носить добровольный характер.</source><tokens><token id="650317" text="Исполнение"><tfr rev_id="4096861" t="Исполнение"><v><l id="125355" t="исполнение"><g v="NOUN"></g><g v="inan"></g><g v="neut"></g><g v="sing"></g><g v="nomn"></g></l></v></tfr></token><token id="650318" text="фетв"><tfr rev_id="4532957" t="фетв"><v><l id="391953" t="фетва"><g v="NOUN"></g><g v="inan"></g><g v="femn"></g><g v="plur"></g><g v="gent"></g></l></v></tfr></token><token id="650319" text="будет"><tfr rev_id="1482429" t="будет"><v><l id="37265" t="есть"><g v="VERB"></g><g v="impf"></g><g v="intr"></g><g v="sing"></g><g v="3per"></g><g v="futr"></g><g v="indc"></g></l></v></tfr></token><token id="650320" text="носить"><tfr rev_id="1482430" t="носить"><v><l id="192323" t="носить"><g v="INFN"></g><g v="impf"></g><g v="tran"></g></l></v></tfr></token><token id="650321" text="добровольный"><tfr rev_id="1482431" t="добровольный"><v><l id="85398" t="добровольный"><g v="ADJF"></g><g v="masc"></g><g v="sing"></g><g v="nomn"></g></l></v><v><l id="85398" t="добровольный"><g v="ADJF"></g><g v="inan"></g><g v="masc"></g><g v="sing"></g><g v="accs"></g></l></v></tfr></token><token id="650322" text="характер"><tfr rev_id="4108095" t="характер"><v><l id="369409" t="характер"><g v="NOUN"></g><g v="inan"></g><g v="masc"></g><g v="sing"></g><g v="accs"></g></l></v></tfr></token><token id="650323" text="."><tfr rev_id="1482433" t="."><v><l id="0" t="."><g v="PNCT"></g></l></v></tfr></token></tokens></sentence><sentence id="36364"><source>При этом, согласно решению, фетвы не могут содержать наказания, сопряжённые с физическим или моральным насилием.</source><tokens><token id="650324" text="При"><tfr rev_id="2605088" t="При"><v><l id="268625" t="при"><g v="PREP"></g></l></v></tfr></token><token id="650325" text="этом"><tfr rev_id="4473734" t="этом"><v><l id="386575" t="это"><g v="NPRO"></g><g v="neut"></g><g v="sing"></g><g v="loct"></g></l></v></tfr></token><token id="650326" text=","><tfr rev_id="1482436" t=","><v><l id="0" t=","><g v="PNCT"></g></l></v></tfr></token><token id="650327" text="согласно"><tfr rev_id="4463684" t="согласно"><v><l id="328255" t="согласно"><g v="PREP"></g></l></v></tfr></token><token id="650328" text="решению"><tfr rev_id="1482438" t="решению"><v><l id="307350" t="решение"><g v="NOUN"></g><g v="inan"></g><g v="neut"></g><g v="sing"></g><g v="datv"></g></l></v></tfr></token><token id="650329" text=","><tfr rev_id="1482439" t=","><v><l id="0" t=","><g v="PNCT"></g></l></v></tfr></token><token id="650330" text="фетвы"><tfr rev_id="4532962" t="фетвы"><v><l id="391953" t="фетва"><g v="NOUN"></g><g v="inan"></g><g v="femn"></g><g v="plur"></g><g v="accs"></g></l></v><v><l id="391953" t="фетва"><g v="NOUN"></g><g v="inan"></g><g v="femn"></g><g v="plur"></g><g v="nomn"></g></l></v><v><l id="391953" t="фетва"><g v="NOUN"></g><g v="inan"></g><g v="femn"></g><g v="sing"></g><g v="gent"></g></l></v></tfr></token><token id="650331" text="не"><tfr rev_id="1482441" t="не"><v><l id="178876" t="не"><g v="PRCL"></g></l></v></tfr></token><token id="650332" text="могут"><tfr rev_id="1482442" t="могут"><v><l id="164485" t="могу"><g v="VERB"></g><g v="impf"></g><g v="intr"></g><g v="plur"></g><g v="3per"></g><g v="pres"></g><g v="indc"></g></l></v></tfr></token><token id="650333" text="содержать"><tfr rev_id="1482443" t="содержать"><v><l id="328413" t="содержать"><g v="INFN"></g><g v="impf"></g><g v="tran"></g></l></v></tfr></token><token id="650334" text="наказания"><tfr rev_id="3743313" t="наказания"><v><l id="170649" t="наказание"><g v="NOUN"></g><g v="inan"></g><g v="neut"></g><g v="plur"></g><g v="accs"></g></l></v></tfr></token><token id="650335" text=","><tfr rev_id="1482445" t=","><v><l id="0" t=","><g v="PNCT"></g></l></v></tfr></token><token id="650336" text="сопряжённые"><tfr rev_id="4337838" t="сопряжённые"><v><l id="329922" t="сопряжённый"><g v="PRTF"></g><g v="perf"></g><g v="tran"></g><g v="past"></g><g v="pssv"></g><g v="Adjx"></g><g v="inan"></g><g v="plur"></g><g v="accs"></g></l></v></tfr></token><token id="650337" text="с"><tfr rev_id="1482447" t="с"><v><l id="311151" t="с"><g v="PREP"></g></l></v></tfr></token><token id="650338" text="физическим"><tfr rev_id="4400239" t="физическим"><v><l id="365737" t="физический"><g v="ADJF"></g><g v="neut"></g><g v="sing"></g><g v="ablt"></g></l></v></tfr></token><token id="650339" text="или"><tfr rev_id="3787271" t="или"><v><l id="121146" t="или"><g v="CONJ"></g></l></v></tfr></token><token id="650340" text="моральным"><tfr rev_id="4370441" t="моральным"><v><l id="163465" t="моральный"><g v="ADJF"></g><g v="Qual"></g><g v="neut"></g><g v="sing"></g><g v="ablt"></g></l></v></tfr></token><token id="650341" text="насилием"><tfr rev_id="1482451" t="насилием"><v><l id="175295" t="насилие"><g v="NOUN"></g><g v="inan"></g><g v="neut"></g><g v="sing"></g><g v="ablt"></g></l></v></tfr></token><token id="650342" text="."><tfr rev_id="1482452" t="."><v><l id="0" t="."><g v="PNCT"></g></l></v></tfr></token></tokens></sentence><sentence id="36365"><source>Этот пункт связан с тем, что запрет на фетв был наложен в 2001 году именно из-за случаев избиения женщин палками в соответствии с предписаниями старых фетв.</source><tokens><token id="650343" text="Этот"><tfr rev_id="4432126" t="Этот"><v><l id="386581" t="этот"><g v="ADJF"></g><g v="Subx"></g><g v="Apro"></g><g v="Anph"></g><g v="masc"></g><g v="sing"></g><g v="nomn"></g></l></v></tfr></token><token id="650344" text="пункт"><tfr rev_id="1482454" t="пункт"><v><l id="289177" t="пункт"><g v="NOUN"></g><g v="inan"></g><g v="masc"></g><g v="sing"></g><g v="nomn"></g></l></v><v><l id="289177" t="пункт"><g v="NOUN"></g><g v="inan"></g><g v="masc"></g><g v="sing"></g><g v="accs"></g></l></v></tfr></token><token id="650345" text="связан"><tfr rev_id="1482455" t="связан"><v><l id="316528" t="связан"><g v="ADJS"></g><g v="Qual"></g><g v="masc"></g><g v="sing"></g></l></v><v><l id="316534" t="связан"><g v="PRTS"></g><g v="perf"></g><g v="past"></g><g v="pssv"></g><g v="masc"></g><g v="sing"></g></l></v></tfr></token><token id="650346" text="с"><tfr rev_id="1482456" t="с"><v><l id="311151" t="с"><g v="PREP"></g></l></v></tfr></token><token id="650347" text="тем"><tfr rev_id="4506921" t="тем"><v><l id="348430" t="тот"><g v="ADJF"></g><g v="Subx"></g><g v="Apro"></g><g v="Anph"></g><g v="neut"></g><g v="sing"></g><g v="ablt"></g></l></v></tfr></token><token id="650348" text=","><tfr rev_id="1482458" t=","><v><l id="0" t=","><g v="PNCT"></g></l></v></tfr></token><token id="650349" text="что"><tfr rev_id="3197276" t="что"><v><l id="377004" t="что"><g v="CONJ"></g></l></v><v><l id="377005" t="что"><g v="NPRO"></g><g v="neut"></g><g v="sing"></g><g v="nomn"></g></l></v><v><l id="377005" t="что"><g v="NPRO"></g><g v="neut"></g><g v="sing"></g><g v="accs"></g></l></v><v><l id="377006" t="что"><g v="ADVB"></g><g v="Ques"></g></l></v><v><l id="388695" t="что"><g v="PRCL"></g></l></v></tfr></token><token id="650350" text="запрет"><tfr rev_id="1715000" t="запрет"><v><l id="107924" t="запрет"><g v="NOUN"></g><g v="inan"></g><g v="masc"></g><g v="sing"></g><g v="nomn"></g></l></v><v><l id="107924" t="запрет"><g v="NOUN"></g><g v="inan"></g><g v="masc"></g><g v="sing"></g><g v="accs"></g></l></v></tfr></token><token id="650351" text="на"><tfr rev_id="3394318" t="на"><v><l id="166264" t="на"><g v="PREP"></g></l></v></tfr></token><token id="650352" text="фетв"><tfr rev_id="4532958" t="фетв"><v><l id="391953" t="фетва"><g v="NOUN"></g><g v="inan"></g><g v="femn"></g><g v="plur"></g><g v="gent"></g></l></v></tfr></token><token id="650353" text="был"><tfr rev_id="1482463" t="был"><v><l id="37265" t="есть"><g v="VERB"></g><g v="impf"></g><g v="intr"></g><g v="masc"></g><g v="sing"></g><g v="past"></g><g v="indc"></g></l></v></tfr></token><token id="650354" text="наложен"><tfr rev_id="1482464" t="наложен"><v><l id="172068" t="наложен"><g v="PRTS"></g><g v="perf"></g><g v="past"></g><g v="pssv"></g><g v="masc"></g><g v="sing"></g></l></v></tfr></token><token id="650355" text="в"><tfr rev_id="1482465" t="в"><v><l id="37409" t="в"><g v="PREP"></g></l></v></tfr></token><token id="650356" text="2001"><tfr rev_id="2462283" t="2001"><v><l id="0" t="2001"><g v="NUMB"></g></l></v></tfr></token><token id="650357" text="году"><tfr rev_id="2850403" t="году"><v><l id="72149" t="год"><g v="NOUN"></g><g v="inan"></g><g v="masc"></g><g v="sing"></g><g v="loc2"></g></l></v></tfr></token><token id="650358" text="именно"><tfr rev_id="1482468" t="именно"><v><l id="121584" t="именно"><g v="PRCL"></g></l></v></tfr></token><token id="650359" text="из-за"><tfr rev_id="1482469" t="из-за"><v><l id="117678" t="из-за"><g v="PREP"></g></l></v></tfr></token><token id="650360" text="случаев"><tfr rev_id="1482470" t="случаев"><v><l id="325472" t="случай"><g v="NOUN"></g><g v="inan"></g><g v="masc"></g><g v="plur"></g><g v="gent"></g></l></v></tfr></token><token id="650361" text="избиения"><tfr rev_id="3283133" t="избиения"><v><l id="117807" t="избиение"><g v="NOUN"></g><g v="inan"></g><g v="neut"></g><g v="sing"></g><g v="gent"></g></l></v></tfr></token><token id="650362" text="женщин"><tfr rev_id="4096507" t="женщин"><v><l id="96749" t="женщина"><g v="NOUN"></g><g v="anim"></g><g v="femn"></g><g v="plur"></g><g v="gent"></g></l></v></tfr></token><token id="650363" text="палками"><tfr rev_id="1482473" t="палками"><v><l id="222956" t="палка"><g v="NOUN"></g><g v="inan"></g><g v="femn"></g><g v="plur"></g><g v="ablt"></g></l></v></tfr></token><token id="650364" text="в"><tfr rev_id="1482474" t="в"><v><l id="37409" t="в"><g v="PREP"></g></l></v></tfr></token><token id="650365" text="соответствии"><tfr rev_id="1482475" t="соответствии"><v><l id="329623" t="соответствие"><g v="NOUN"></g><g v="inan"></g><g v="neut"></g><g v="sing"></g><g v="loct"></g></l></v></tfr></token><token id="650366" text="с"><tfr rev_id="1482476" t="с"><v><l id="311151" t="с"><g v="PREP"></g></l></v></tfr></token><token id="650367" text="предписаниями"><tfr rev_id="1482477" t="предписаниями"><v><l id="266782" t="предписание"><g v="NOUN"></g><g v="inan"></g><g v="neut"></g><g v="plur"></g><g v="ablt"></g></l></v></tfr></token><token id="650368" text="старых"><tfr rev_id="4390436" t="старых"><v><l id="335039" t="старый"><g v="ADJF"></g><g v="Qual"></g><g v="plur"></g><g v="gent"></g></l></v></tfr></token><token id="650369" text="фетв"><tfr rev_id="4532959" t="фетв"><v><l id="391953" t="фетва"><g v="NOUN"></g><g v="inan"></g><g v="femn"></g><g v="plur"></g><g v="gent"></g></l></v></tfr></token><token id="650370" text="."><tfr rev_id="1482480" t="."><v><l id="0" t="."><g v="PNCT"></g></l></v></tfr></token></tokens></sentence><sentence id="36366"><source>Против запрета выступил ряд религиозных лидеров, аргументировавших свою позицию тем, что фетвы являются неотъемлемой частью исламской культуры.</source><tokens><token id="650371" text="Против"><tfr rev_id="4485303" t="Против"><v><l id="285790" t="против"><g v="PREP"></g></l></v></tfr></token><token id="650372" text="запрета"><tfr rev_id="1482482" t="запрета"><v><l id="107924" t="запрет"><g v="NOUN"></g><g v="inan"></g><g v="masc"></g><g v="sing"></g><g v="gent"></g></l></v></tfr></token><token id="650373" text="выступил"><tfr rev_id="1482483" t="выступил"><v><l id="62885" t="выступил"><g v="VERB"></g><g v="perf"></g><g v="intr"></g><g v="masc"></g><g v="sing"></g><g v="past"></g><g v="indc"></g></l></v></tfr></token><token id="650374" text="ряд"><tfr rev_id="4099202" t="ряд"><v><l id="311045" t="ряд"><g v="NOUN"></g><g v="inan"></g><g v="masc"></g><g v="sing"></g><g v="nomn"></g></l></v></tfr></token><token id="650375" text="религиозных"><tfr rev_id="3668674" t="религиозных"><v><l id="305978" t="религиозный"><g v="ADJF"></g><g v="plur"></g><g v="gent"></g></l></v></tfr></token><token id="650376" text="лидеров"><tfr rev_id="3823201" t="лидеров"><v><l id="149007" t="лидер"><g v="NOUN"></g><g v="anim"></g><g v="masc"></g><g v="plur"></g><g v="gent"></g></l></v></tfr></token><token id="650377" text=","><tfr rev_id="1482487" t=","><v><l id="0" t=","><g v="PNCT"></g></l></v></tfr></token><token id="650378" text="аргументировавших"><tfr rev_id="3417872" t="аргументировавших"><v><l id="16005" t="аргументировавший"><g v="PRTF"></g><g v="perf"></g><g v="tran"></g><g v="past"></g><g v="actv"></g><g v="plur"></g><g v="gent"></g></l></v><v><l id="16006" t="аргументировавший"><g v="PRTF"></g><g v="impf"></g><g v="tran"></g><g v="past"></g><g v="actv"></g><g v="plur"></g><g v="gent"></g></l></v></tfr></token><token id="650379" text="свою"><tfr rev_id="3632263" t="свою"><v><l id="316379" t="свой"><g v="ADJF"></g><g v="Apro"></g><g v="Anph"></g><g v="femn"></g><g v="sing"></g><g v="accs"></g></l></v></tfr></token><token id="650380" text="позицию"><tfr rev_id="1482490" t="позицию"><v><l id="253607" t="позиция"><g v="NOUN"></g><g v="inan"></g><g v="femn"></g><g v="sing"></g><g v="accs"></g></l></v></tfr></token><token id="650381" text="тем"><tfr rev_id="4538767" t="тем"><v><l id="348430" t="тот"><g v="ADJF"></g><g v="Subx"></g><g v="Apro"></g><g v="Anph"></g><g v="masc"></g><g v="sing"></g><g v="ablt"></g></l></v><v><l id="348430" t="тот"><g v="ADJF"></g><g v="Subx"></g><g v="Apro"></g><g v="Anph"></g><g v="neut"></g><g v="sing"></g><g v="ablt"></g></l></v></tfr></token><token id="650382" text=","><tfr rev_id="1482492" t=","><v><l id="0" t=","><g v="PNCT"></g></l></v></tfr></token><token id="650383" text="что"><tfr rev_id="3197277" t="что"><v><l id="377004" t="что"><g v="CONJ"></g></l></v><v><l id="377005" t="что"><g v="NPRO"></g><g v="neut"></g><g v="sing"></g><g v="nomn"></g></l></v><v><l id="377005" t="что"><g v="NPRO"></g><g v="neut"></g><g v="sing"></g><g v="accs"></g></l></v><v><l id="377006" t="что"><g v="ADVB"></g><g v="Ques"></g></l></v><v><l id="388695" t="что"><g v="PRCL"></g></l></v></tfr></token><token id="650384" text="фетвы"><tfr rev_id="4532963" t="фетвы"><v><l id="391953" t="фетва"><g v="NOUN"></g><g v="inan"></g><g v="femn"></g><g v="plur"></g><g v="accs"></g></l></v><v><l id="391953" t="фетва"><g v="NOUN"></g><g v="inan"></g><g v="femn"></g><g v="plur"></g><g v="nomn"></g></l></v><v><l id="391953" t="фетва"><g v="NOUN"></g><g v="inan"></g><g v="femn"></g><g v="sing"></g><g v="gent"></g></l></v></tfr></token><token id="650385" text="являются"><tfr rev_id="1482495" t="являются"><v><l id="387385" t="являюсь"><g v="VERB"></g><g v="impf"></g><g v="intr"></g><g v="plur"></g><g v="3per"></g><g v="pres"></g><g v="indc"></g></l></v></tfr></token><token id="650386" text="неотъемлемой"><tfr rev_id="4166019" t="неотъемлемой"><v><l id="185470" t="неотъемлемый"><g v="ADJF"></g><g v="femn"></g><g v="sing"></g><g v="ablt"></g></l></v></tfr></token><token id="650387" text="частью"><tfr rev_id="4150998" t="частью"><v><l id="374820" t="часть"><g v="NOUN"></g><g v="inan"></g><g v="femn"></g><g v="sing"></g><g v="ablt"></g></l></v></tfr></token><token id="650388" text="исламской"><tfr rev_id="4315865" t="исламской"><v><l id="124941" t="исламский"><g v="ADJF"></g><g v="femn"></g><g v="sing"></g><g v="gent"></g></l></v></tfr></token><token id="650389" text="культуры"><tfr rev_id="3410164" t="культуры"><v><l id="144838" t="культура"><g v="NOUN"></g><g v="inan"></g><g v="femn"></g><g v="sing"></g><g v="gent"></g></l></v></tfr></token><token id="650390" text="."><tfr rev_id="1482500" t="."><v><l id="0" t="."><g v="PNCT"></g></l></v></tfr></token></tokens></sentence></paragraph><paragraph id="11571"><sentence id="36367"><source>Правозащитные организации выступают за полный запрет фетв, поскольку считают, что они часто нарушают права женщин.</source><tokens><token id="650391" text="Правозащитные"><tfr rev_id="3814113" t="Правозащитные"><v><l id="265708" t="правозащитный"><g v="ADJF"></g><g v="plur"></g><g v="nomn"></g></l></v></tfr></token><token id="650392" text="организации"><tfr rev_id="3726839" t="организации"><v><l id="208750" t="организация"><g v="NOUN"></g><g v="inan"></g><g v="femn"></g><g v="plur"></g><g v="nomn"></g></l></v></tfr></token><token id="650393" text="выступают"><tfr rev_id="1482503" t="выступают"><v><l id="62880" t="выступаю"><g v="VERB"></g><g v="impf"></g><g v="intr"></g><g v="plur"></g><g v="3per"></g><g v="pres"></g><g v="indc"></g></l></v></tfr></token><token id="650394" text="за"><tfr rev_id="1482504" t="за"><v><l id="98043" t="за"><g v="PREP"></g></l></v></tfr></token><token id="650395" text="полный"><tfr rev_id="1482505" t="полный"><v><l id="256169" t="полный"><g v="ADJF"></g><g v="Qual"></g><g v="masc"></g><g v="sing"></g><g v="nomn"></g></l></v><v><l id="256169" t="полный"><g v="ADJF"></g><g v="Qual"></g><g v="inan"></g><g v="masc"></g><g v="sing"></g><g v="accs"></g></l></v></tfr></token><token id="650396" text="запрет"><tfr rev_id="1714689" t="запрет"><v><l id="107924" t="запрет"><g v="NOUN"></g><g v="inan"></g><g v="masc"></g><g v="sing"></g><g v="nomn"></g></l></v><v><l id="107924" t="запрет"><g v="NOUN"></g><g v="inan"></g><g v="masc"></g><g v="sing"></g><g v="accs"></g></l></v></tfr></token><token id="650397" text="фетв"><tfr rev_id="4532960" t="фетв"><v><l id="391953" t="фетва"><g v="NOUN"></g><g v="inan"></g><g v="femn"></g><g v="plur"></g><g v="gent"></g></l></v></tfr></token><token id="650398" text=","><tfr rev_id="1482508" t=","><v><l id="0" t=","><g v="PNCT"></g></l></v></tfr></token><token id="650399" text="поскольку"><tfr rev_id="1482509" t="поскольку"><v><l id="261429" t="поскольку"><g v="CONJ"></g></l></v></tfr></token><token id="650400" text="считают"><tfr rev_id="1482510" t="считают"><v><l id="341320" t="считаю"><g v="VERB"></g><g v="impf"></g><g v="tran"></g><g v="plur"></g><g v="3per"></g><g v="pres"></g><g v="indc"></g></l></v><v><l id="341329" t="считал"><g v="VERB"></g><g v="perf"></g><g v="tran"></g><g v="plur"></g><g v="3per"></g><g v="futr"></g><g v="indc"></g></l></v></tfr></token><token id="650401" text=","><tfr rev_id="1482511" t=","><v><l id="0" t=","><g v="PNCT"></g></l></v></tfr></token><token id="650402" text="что"><tfr rev_id="3197278" t="что"><v><l id="377004" t="что"><g v="CONJ"></g></l></v><v><l id="377005" t="что"><g v="NPRO"></g><g v="neut"></g><g v="sing"></g><g v="nomn"></g></l></v><v><l id="377005" t="что"><g v="NPRO"></g><g v="neut"></g><g v="sing"></g><g v="accs"></g></l></v><v><l id="377006" t="что"><g v="ADVB"></g><g v="Ques"></g></l></v><v><l id="388695" t="что"><g v="PRCL"></g></l></v></tfr></token><token id="650403" text="они"><tfr rev_id="3599419" t="они"><v><l id="206619" t="они"><g v="NPRO"></g><g v="3per"></g><g v="Anph"></g><g v="plur"></g><g v="nomn"></g></l></v></tfr></token><token id="650404" text="часто"><tfr rev_id="1482514" t="часто"><v><l id="374798" t="часто"><g v="ADVB"></g></l></v><v><l id="374818" t="част"><g v="ADJS"></g><g v="Qual"></g><g v="neut"></g><g v="sing"></g></l></v></tfr></token><token id="650405" text="нарушают"><tfr rev_id="1482515" t="нарушают"><v><l id="174871" t="нарушаю"><g v="VERB"></g><g v="impf"></g><g v="tran"></g><g v="plur"></g><g v="3per"></g><g v="pres"></g><g v="indc"></g></l></v></tfr></token><token id="650406" text="права"><tfr rev_id="3822591" t="права"><v><l id="265680" t="право"><g v="NOUN"></g><g v="inan"></g><g v="neut"></g><g v="plur"></g><g v="accs"></g></l></v></tfr></token><token id="650407" text="женщин"><tfr rev_id="3435034" t="женщин"><v><l id="96749" t="женщина"><g v="NOUN"></g><g v="anim"></g><g v="femn"></g><g v="plur"></g><g v="gent"></g></l></v></tfr></token><token id="650408" text="."><tfr rev_id="1482518" t="."><v><l id="0" t="."><g v="PNCT"></g></l></v></tfr></token></tokens></sentence><sentence id="36368"><source>Бангладеш является светским государством, однако 90 % жителей составляют мусульмане-сунниты.</source><tokens><token id="650409" text="Бангладеш"><tfr rev_id="4160993" t="Бангладеш"><v><l id="23491" t="бангладеш"><g v="NOUN"></g><g v="inan"></g><g v="masc"></g><g v="Sgtm"></g><g v="Geox"></g><g v="sing"></g><g v="nomn"></g></l></v></tfr></token><token id="650410" text="является"><tfr rev_id="1482520" t="является"><v><l id="387385" t="являюсь"><g v="VERB"></g><g v="impf"></g><g v="intr"></g><g v="sing"></g><g v="3per"></g><g v="pres"></g><g v="indc"></g></l></v></tfr></token><token id="650411" text="светским"><tfr rev_id="4162918" t="светским"><v><l id="315805" t="светский"><g v="ADJF"></g><g v="neut"></g><g v="sing"></g><g v="ablt"></g></l></v></tfr></token><token id="650412" text="государством"><tfr rev_id="1482522" t="государством"><v><l id="74164" t="государство"><g v="NOUN"></g><g v="inan"></g><g v="neut"></g><g v="sing"></g><g v="ablt"></g></l></v></tfr></token><token id="650413" text=","><tfr rev_id="1482523" t=","><v><l id="0" t=","><g v="PNCT"></g></l></v></tfr></token><token id="650414" text="однако"><tfr rev_id="3542267" t="однако"><v><l id="203387" t="однако"><g v="CONJ"></g><g v="Prnt"></g></l></v></tfr></token><token id="650415" text="90"><tfr rev_id="2462284" t="90"><v><l id="0" t="90"><g v="NUMB"></g></l></v></tfr></token><token id="650416" text="%"><tfr rev_id="2445587" t="%"><v><l id="0" t="%"><g v="PNCT"></g></l></v></tfr></token><token id="650417" text="жителей"><tfr rev_id="4098118" t="жителей"><v><l id="97562" t="житель"><g v="NOUN"></g><g v="anim"></g><g v="masc"></g><g v="plur"></g><g v="gent"></g></l></v></tfr></token><token id="650418" text="составляют"><tfr rev_id="1482528" t="составляют"><v><l id="330494" t="составляю"><g v="VERB"></g><g v="impf"></g><g v="tran"></g><g v="plur"></g><g v="3per"></g><g v="pres"></g><g v="indc"></g></l></v></tfr></token><token id="650419" text="мусульмане"><tfr rev_id="1482529" t="мусульмане"><v><l id="165445" t="мусульманин"><g v="NOUN"></g><g v="anim"></g><g v="masc"></g><g v="plur"></g><g v="nomn"></g></l></v></tfr></token><token id="650420" text="-"><tfr rev_id="1482530" t="-"><v><l id="0" t="-"><g v="PNCT"></g></l></v></tfr></token><token id="650421" text="сунниты"><tfr rev_id="1482531" t="сунниты"><v><l id="339600" t="суннит"><g v="NOUN"></g><g v="anim"></g><g v="masc"></g><g v="plur"></g><g v="nomn"></g></l></v></tfr></token><token id="650422" text="."><tfr rev_id="1482532" t="."><v><l id="0" t="."><g v="PNCT"></g></l></v></tfr></token></tokens></sentence><sentence id="36369"><source>По числу последователей ислама страна занимает четвёртое место в мире после Индонезии, Пакистана и Индии.</source><tokens><token id="650423" text="По"><tfr rev_id="1482533" t="По"><v><l id="241240" t="по"><g v="PREP"></g></l></v></tfr></token><token id="650424" text="числу"><tfr rev_id="1482534" t="числу"><v><l id="376585" t="число"><g v="NOUN"></g><g v="inan"></g><g v="neut"></g><g v="sing"></g><g v="datv"></g></l></v></tfr></token><token id="650425" text="последователей"><tfr rev_id="4382613" t="последователей"><v><l id="261568" t="последователь"><g v="NOUN"></g><g v="anim"></g><g v="masc"></g><g v="plur"></g><g v="gent"></g></l></v></tfr></token><token id="650426" text="ислама"><tfr rev_id="4292659" t="ислама"><v><l id="124924" t="ислам"><g v="NOUN"></g><g v="inan"></g><g v="masc"></g><g v="sing"></g><g v="gent"></g></l></v></tfr></token><token id="650427" text="страна"><tfr rev_id="1482537" t="страна"><v><l id="337100" t="страна"><g v="NOUN"></g><g v="inan"></g><g v="femn"></g><g v="sing"></g><g v="nomn"></g></l></v></tfr></token><token id="650428" text="занимает"><tfr rev_id="1482538" t="занимает"><v><l id="106412" t="занимаю"><g v="VERB"></g><g v="impf"></g><g v="tran"></g><g v="sing"></g><g v="3per"></g><g v="pres"></g><g v="indc"></g></l></v></tfr></token><token id="650429" text="четвёртое"><tfr rev_id="1482539" t="четвёртое"><v><l id="376074" t="четвёртый"><g v="ADJF"></g><g v="Anum"></g><g v="neut"></g><g v="sing"></g><g v="nomn"></g></l></v><v><l id="376074" t="четвёртый"><g v="ADJF"></g><g v="Anum"></g><g v="neut"></g><g v="sing"></g><g v="accs"></g></l></v></tfr></token><token id="650430" text="место"><tfr rev_id="1482540" t="место"><v><l id="158822" t="место"><g v="NOUN"></g><g v="inan"></g><g v="neut"></g><g v="sing"></g><g v="nomn"></g></l></v><v><l id="158822" t="место"><g v="NOUN"></g><g v="inan"></g><g v="neut"></g><g v="sing"></g><g v="accs"></g></l></v></tfr></token><token id="650431" text="в"><tfr rev_id="1482541" t="в"><v><l id="37409" t="в"><g v="PREP"></g></l></v></tfr></token><token id="650432" text="мире"><tfr rev_id="3723118" t="мире"><v><l id="160807" t="мир"><g v="NOUN"></g><g v="inan"></g><g v="masc"></g><g v="sing"></g><g v="loc1"></g></l></v></tfr></token><token id="650433" text="после"><tfr rev_id="4407067" t="после"><v><l id="261542" t="после"><g v="PREP"></g></l></v></tfr></token><token id="650434" text="Индонезии"><tfr rev_id="3454917" t="Индонезии"><v><l id="122289" t="индонезия"><g v="NOUN"></g><g v="inan"></g><g v="femn"></g><g v="Sgtm"></g><g v="Geox"></g><g v="sing"></g><g v="gent"></g></l></v></tfr></token><token id="650435" text=","><tfr rev_id="1482545" t=","><v><l id="0" t=","><g v="PNCT"></g></l></v></tfr></token><token id="650436" text="Пакистана"><tfr rev_id="1482546" t="Пакистана"><v><l id="222671" t="пакистан"><g v="NOUN"></g><g v="inan"></g><g v="masc"></g><g v="Geox"></g><g v="sing"></g><g v="gent"></g></l></v></tfr></token><token id="650437" text="и"><tfr rev_id="4092922" t="и"><v><l id="116949" t="и"><g v="CONJ"></g></l></v></tfr></token><token id="650438" text="Индии"><tfr rev_id="4290702" t="Индии"><v><l id="122271" t="индия"><g v="NOUN"></g><g v="inan"></g><g v="femn"></g><g v="Sgtm"></g><g v="Geox"></g><g v="sing"></g><g v="gent"></g></l></v></tfr></token><token id="650439" text="."><tfr rev_id="1482549" t="."><v><l id="0" t="."><g v="PNCT"></g></l></v></tfr></token></tokens></sentence></paragraph></paragraphs></text>