<?xml version="1.0" encoding="utf-8"?><text id="1261" parent="226" name="17356 Надежда есть"><tags><tag>url:http://www.chaskor.ru/news/nadezhda_est_17356</tag><tag>Год:2010</tag><tag>Дата:17/05</tag><tag>Тема:ЧасКор:Здоровье</tag><tag>Тема:ЧасКор:Здоровье/Медицина</tag></tags><paragraphs><paragraph id="11645"><sentence id="36539"><source>Надежда есть</source><tokens><token id="653749" text="Надежда"><tfr rev_id="4215605" t="Надежда"><v><l id="168739" t="надежда"><g v="NOUN"></g><g v="inan"></g><g v="femn"></g><g v="sing"></g><g v="nomn"></g></l></v></tfr></token><token id="653750" text="есть"><tfr rev_id="4385094" t="есть"><v><l id="37265" t="есть"><g v="VERB"></g><g v="impf"></g><g v="intr"></g><g v="sing"></g><g v="3per"></g><g v="pres"></g><g v="indc"></g></l></v><v><l id="37265" t="есть"><g v="VERB"></g><g v="impf"></g><g v="intr"></g><g v="plur"></g><g v="3per"></g><g v="pres"></g><g v="indc"></g></l></v></tfr></token></tokens></sentence><sentence id="36540"><source>ВИЧ-инфицированные россиянки родили более 50 тыс. здоровых детей.</source><tokens><token id="653751" text="ВИЧ-инфицированные"><tfr rev_id="3800435" t="ВИЧ-инфицированные"><v><l id="389064" t="вич-инфицированный"><g v="ADJF"></g><g v="Subx"></g><g v="plur"></g><g v="nomn"></g></l></v></tfr></token><token id="653752" text="россиянки"><tfr rev_id="3493975" t="россиянки"><v><l id="309324" t="россиянка"><g v="NOUN"></g><g v="anim"></g><g v="femn"></g><g v="plur"></g><g v="nomn"></g></l></v></tfr></token><token id="653753" text="родили"><tfr rev_id="1485863" t="родили"><v><l id="308309" t="родил"><g v="VERB"></g><g v="perf"></g><g v="tran"></g><g v="plur"></g><g v="past"></g><g v="indc"></g></l></v><v><l id="308310" t="рожу"><g v="VERB"></g><g v="impf"></g><g v="tran"></g><g v="plur"></g><g v="past"></g><g v="indc"></g></l></v></tfr></token><token id="653754" text="более"><tfr rev_id="1485864" t="более"><v><l id="32065" t="более"><g v="ADVB"></g></l></v></tfr></token><token id="653755" text="50"><tfr rev_id="2462298" t="50"><v><l id="0" t="50"><g v="NUMB"></g></l></v></tfr></token><token id="653756" text="тыс"><tfr rev_id="4287406" t="тыс"><v><l id="389041" t="тыс"><g v="NOUN"></g><g v="inan"></g><g v="femn"></g><g v="Fixd"></g><g v="Abbr"></g><g v="plur"></g><g v="gent"></g></l></v></tfr></token><token id="653757" text="."><tfr rev_id="1485867" t="."><v><l id="0" t="."><g v="PNCT"></g></l></v></tfr></token><token id="653758" text="здоровых"><tfr rev_id="3285403" t="здоровых"><v><l id="114742" t="здоровый"><g v="ADJF"></g><g v="Qual"></g><g v="plur"></g><g v="gent"></g></l></v></tfr></token><token id="653759" text="детей"><tfr rev_id="2367362" t="детей"><v><l id="304488" t="ребёнок"><g v="NOUN"></g><g v="anim"></g><g v="masc"></g><g v="plur"></g><g v="gent"></g></l></v></tfr></token><token id="653760" text="."><tfr rev_id="1485870" t="."><v><l id="0" t="."><g v="PNCT"></g></l></v></tfr></token></tokens></sentence></paragraph><paragraph id="11646"><sentence id="36541"><source>С того момента, как на территории нашей страны впервые появилась ВИЧ-инфекция, россиянки с этим неутешительным диагнозом родили более 50 тыс. здоровых детей.</source><tokens><token id="653761" text="С"><tfr rev_id="1485871" t="С"><v><l id="311151" t="с"><g v="PREP"></g></l></v></tfr></token><token id="653762" text="того"><tfr rev_id="4308320" t="того"><v><l id="348430" t="тот"><g v="ADJF"></g><g v="Subx"></g><g v="Apro"></g><g v="Anph"></g><g v="masc"></g><g v="sing"></g><g v="gent"></g></l></v><v><l id="348430" t="тот"><g v="ADJF"></g><g v="Subx"></g><g v="Apro"></g><g v="Anph"></g><g v="anim"></g><g v="masc"></g><g v="sing"></g><g v="accs"></g></l></v></tfr></token><token id="653763" text="момента"><tfr rev_id="1485873" t="момента"><v><l id="163050" t="момент"><g v="NOUN"></g><g v="inan"></g><g v="masc"></g><g v="sing"></g><g v="gent"></g></l></v></tfr></token><token id="653764" text=","><tfr rev_id="1485874" t=","><v><l id="0" t=","><g v="PNCT"></g></l></v></tfr></token><token id="653765" text="как"><tfr rev_id="1485875" t="как"><v><l id="128190" t="как"><g v="CONJ"></g></l></v><v><l id="128191" t="как"><g v="PRCL"></g></l></v><v><l id="128192" t="как"><g v="ADVB"></g><g v="Ques"></g></l></v></tfr></token><token id="653766" text="на"><tfr rev_id="3338273" t="на"><v><l id="166264" t="на"><g v="PREP"></g></l></v></tfr></token><token id="653767" text="территории"><tfr rev_id="4174617" t="территории"><v><l id="345621" t="территория"><g v="NOUN"></g><g v="inan"></g><g v="femn"></g><g v="sing"></g><g v="loct"></g></l></v></tfr></token><token id="653768" text="нашей"><tfr rev_id="4401869" t="нашей"><v><l id="178492" t="наш"><g v="ADJF"></g><g v="Apro"></g><g v="femn"></g><g v="sing"></g><g v="gent"></g></l></v></tfr></token><token id="653769" text="страны"><tfr rev_id="3097961" t="страны"><v><l id="337100" t="страна"><g v="NOUN"></g><g v="inan"></g><g v="femn"></g><g v="sing"></g><g v="gent"></g></l></v></tfr></token><token id="653770" text="впервые"><tfr rev_id="1485880" t="впервые"><v><l id="52345" t="впервые"><g v="ADVB"></g></l></v></tfr></token><token id="653771" text="появилась"><tfr rev_id="1485881" t="появилась"><v><l id="265507" t="появился"><g v="VERB"></g><g v="perf"></g><g v="intr"></g><g v="femn"></g><g v="sing"></g><g v="past"></g><g v="indc"></g></l></v></tfr></token><token id="653772" text="ВИЧ-инфекция"><tfr rev_id="1485882" t="ВИЧ-инфекция"><v><l id="45920" t="вич-инфекция"><g v="NOUN"></g><g v="inan"></g><g v="femn"></g><g v="sing"></g><g v="nomn"></g></l></v></tfr></token><token id="653773" text=","><tfr rev_id="1485883" t=","><v><l id="0" t=","><g v="PNCT"></g></l></v></tfr></token><token id="653774" text="россиянки"><tfr rev_id="3450165" t="россиянки"><v><l id="309324" t="россиянка"><g v="NOUN"></g><g v="anim"></g><g v="femn"></g><g v="plur"></g><g v="nomn"></g></l></v></tfr></token><token id="653775" text="с"><tfr rev_id="1485885" t="с"><v><l id="311151" t="с"><g v="PREP"></g></l></v></tfr></token><token id="653776" text="этим"><tfr rev_id="4488244" t="этим"><v><l id="386581" t="этот"><g v="ADJF"></g><g v="Subx"></g><g v="Apro"></g><g v="Anph"></g><g v="masc"></g><g v="sing"></g><g v="ablt"></g></l></v><v><l id="386581" t="этот"><g v="ADJF"></g><g v="Subx"></g><g v="Apro"></g><g v="Anph"></g><g v="neut"></g><g v="sing"></g><g v="ablt"></g></l></v></tfr></token><token id="653777" text="неутешительным"><tfr rev_id="4308570" t="неутешительным"><v><l id="189524" t="неутешительный"><g v="ADJF"></g><g v="masc"></g><g v="sing"></g><g v="ablt"></g></l></v></tfr></token><token id="653778" text="диагнозом"><tfr rev_id="1485888" t="диагнозом"><v><l id="83312" t="диагноз"><g v="NOUN"></g><g v="inan"></g><g v="masc"></g><g v="sing"></g><g v="ablt"></g></l></v></tfr></token><token id="653779" text="родили"><tfr rev_id="1485889" t="родили"><v><l id="308309" t="родил"><g v="VERB"></g><g v="perf"></g><g v="tran"></g><g v="plur"></g><g v="past"></g><g v="indc"></g></l></v><v><l id="308310" t="рожу"><g v="VERB"></g><g v="impf"></g><g v="tran"></g><g v="plur"></g><g v="past"></g><g v="indc"></g></l></v></tfr></token><token id="653780" text="более"><tfr rev_id="1485890" t="более"><v><l id="32065" t="более"><g v="ADVB"></g></l></v></tfr></token><token id="653781" text="50"><tfr rev_id="2462299" t="50"><v><l id="0" t="50"><g v="NUMB"></g></l></v></tfr></token><token id="653782" text="тыс"><tfr rev_id="4230441" t="тыс"><v><l id="389041" t="тыс"><g v="NOUN"></g><g v="inan"></g><g v="femn"></g><g v="Fixd"></g><g v="Abbr"></g><g v="plur"></g><g v="nomn"></g></l></v><v><l id="389041" t="тыс"><g v="NOUN"></g><g v="inan"></g><g v="femn"></g><g v="Fixd"></g><g v="Abbr"></g><g v="plur"></g><g v="gent"></g></l></v><v><l id="389041" t="тыс"><g v="NOUN"></g><g v="inan"></g><g v="femn"></g><g v="Fixd"></g><g v="Abbr"></g><g v="plur"></g><g v="datv"></g></l></v><v><l id="389041" t="тыс"><g v="NOUN"></g><g v="inan"></g><g v="femn"></g><g v="Fixd"></g><g v="Abbr"></g><g v="plur"></g><g v="accs"></g></l></v><v><l id="389041" t="тыс"><g v="NOUN"></g><g v="inan"></g><g v="femn"></g><g v="Fixd"></g><g v="Abbr"></g><g v="plur"></g><g v="ablt"></g></l></v><v><l id="389041" t="тыс"><g v="NOUN"></g><g v="inan"></g><g v="femn"></g><g v="Fixd"></g><g v="Abbr"></g><g v="plur"></g><g v="loct"></g></l></v></tfr></token><token id="653783" text="."><tfr rev_id="1485893" t="."><v><l id="0" t="."><g v="PNCT"></g></l></v></tfr></token><token id="653784" text="здоровых"><tfr rev_id="4357472" t="здоровых"><v><l id="114742" t="здоровый"><g v="ADJF"></g><g v="Qual"></g><g v="plur"></g><g v="gent"></g></l></v></tfr></token><token id="653785" text="детей"><tfr rev_id="4202456" t="детей"><v><l id="304488" t="ребёнок"><g v="NOUN"></g><g v="anim"></g><g v="masc"></g><g v="plur"></g><g v="gent"></g></l></v></tfr></token><token id="653786" text="."><tfr rev_id="1485896" t="."><v><l id="0" t="."><g v="PNCT"></g></l></v></tfr></token></tokens></sentence><sentence id="36542"><source>По словам специалистов Минздравсоцразвития, столь неплохих результатов удалось добиться благодаря своевременному началу химопрофилактики вертикальной передачи ВИЧ-инфекции от матери новорождённому.</source><tokens><token id="653787" text="По"><tfr rev_id="1485897" t="По"><v><l id="241240" t="по"><g v="PREP"></g></l></v></tfr></token><token id="653788" text="словам"><tfr rev_id="1485898" t="словам"><v><l id="325168" t="слово"><g v="NOUN"></g><g v="inan"></g><g v="neut"></g><g v="plur"></g><g v="datv"></g></l></v></tfr></token><token id="653789" text="специалистов"><tfr rev_id="4085127" t="специалистов"><v><l id="331871" t="специалист"><g v="NOUN"></g><g v="anim"></g><g v="masc"></g><g v="plur"></g><g v="gent"></g></l></v></tfr></token><token id="653790" text="Минздравсоцразвития"><tfr rev_id="4173604" t="Минздравсоцразвития"><v><l id="388951" t="минздравсоцразвития"><g v="NOUN"></g><g v="inan"></g><g v="neut"></g><g v="Sgtm"></g><g v="Fixd"></g><g v="Orgn"></g><g v="sing"></g><g v="gent"></g></l></v></tfr></token><token id="653791" text=","><tfr rev_id="1485901" t=","><v><l id="0" t=","><g v="PNCT"></g></l></v></tfr></token><token id="653792" text="столь"><tfr rev_id="1485902" t="столь"><v><l id="336669" t="столь"><g v="ADVB"></g></l></v></tfr></token><token id="653793" text="неплохих"><tfr rev_id="2927702" t="неплохих"><v><l id="185803" t="неплохой"><g v="ADJF"></g><g v="plur"></g><g v="gent"></g></l></v></tfr></token><token id="653794" text="результатов"><tfr rev_id="1485904" t="результатов"><v><l id="305391" t="результат"><g v="NOUN"></g><g v="inan"></g><g v="masc"></g><g v="plur"></g><g v="gent"></g></l></v></tfr></token><token id="653795" text="удалось"><tfr rev_id="1485905" t="удалось"><v><l id="354717" t="удался"><g v="VERB"></g><g v="perf"></g><g v="intr"></g><g v="neut"></g><g v="sing"></g><g v="past"></g><g v="indc"></g></l></v></tfr></token><token id="653796" text="добиться"><tfr rev_id="1485906" t="добиться"><v><l id="85269" t="добиться"><g v="INFN"></g><g v="perf"></g><g v="intr"></g></l></v></tfr></token><token id="653797" text="благодаря"><tfr rev_id="3325436" t="благодаря"><v><l id="30404" t="благодаря"><g v="PREP"></g></l></v></tfr></token><token id="653798" text="своевременному"><tfr rev_id="3470222" t="своевременному"><v><l id="316319" t="своевременный"><g v="ADJF"></g><g v="neut"></g><g v="sing"></g><g v="datv"></g></l></v></tfr></token><token id="653799" text="началу"><tfr rev_id="1485909" t="началу"><v><l id="178196" t="начало"><g v="NOUN"></g><g v="inan"></g><g v="neut"></g><g v="sing"></g><g v="datv"></g></l></v></tfr></token><token id="653800" text="химопрофилактики"><tfr rev_id="1485910" t="химопрофилактики"><v><l id="0" t="химопрофилактики"><g v="UNKN"></g></l></v></tfr></token><token id="653801" text="вертикальной"><tfr rev_id="2637259" t="вертикальной"><v><l id="41633" t="вертикальный"><g v="ADJF"></g><g v="Qual"></g><g v="femn"></g><g v="sing"></g><g v="gent"></g></l></v></tfr></token><token id="653802" text="передачи"><tfr rev_id="3509048" t="передачи"><v><l id="228169" t="передача"><g v="NOUN"></g><g v="inan"></g><g v="femn"></g><g v="sing"></g><g v="gent"></g></l></v></tfr></token><token id="653803" text="ВИЧ-инфекции"><tfr rev_id="4345673" t="ВИЧ-инфекции"><v><l id="45920" t="вич-инфекция"><g v="NOUN"></g><g v="inan"></g><g v="femn"></g><g v="sing"></g><g v="gent"></g></l></v></tfr></token><token id="653804" text="от"><tfr rev_id="1485914" t="от"><v><l id="211644" t="от"><g v="PREP"></g></l></v></tfr></token><token id="653805" text="матери"><tfr rev_id="4428834" t="матери"><v><l id="156447" t="мать"><g v="NOUN"></g><g v="anim"></g><g v="femn"></g><g v="sing"></g><g v="gent"></g></l></v></tfr></token><token id="653806" text="новорождённому"><tfr rev_id="3468430" t="новорождённому"><v><l id="191785" t="новорождённый"><g v="ADJF"></g><g v="Subx"></g><g v="masc"></g><g v="sing"></g><g v="datv"></g></l></v></tfr></token><token id="653807" text="."><tfr rev_id="1485917" t="."><v><l id="0" t="."><g v="PNCT"></g></l></v></tfr></token></tokens></sentence><sentence id="36543"><source>«Россия — одна из четырёх стран мира, обеспечивающих охват химиопрофилактикой ВИЧ-инфекции более 75% беременных женщин (заражённых ВИЧ)»,</source><tokens><token id="653808" text="«"><tfr rev_id="2445715" t="«"><v><l id="0" t="«"><g v="PNCT"></g></l></v></tfr></token><token id="653809" text="Россия"><tfr rev_id="1485919" t="Россия"><v><l id="309322" t="россия"><g v="NOUN"></g><g v="inan"></g><g v="femn"></g><g v="Sgtm"></g><g v="Geox"></g><g v="sing"></g><g v="nomn"></g></l></v></tfr></token><token id="653810" text="—"><tfr rev_id="2445716" t="—"><v><l id="0" t="—"><g v="PNCT"></g></l></v></tfr></token><token id="653811" text="одна"><tfr rev_id="4301873" t="одна"><v><l id="203319" t="один"><g v="ADJF"></g><g v="Apro"></g><g v="Anum"></g><g v="femn"></g><g v="sing"></g><g v="nomn"></g></l></v></tfr></token><token id="653812" text="из"><tfr rev_id="2503265" t="из"><v><l id="117677" t="из"><g v="PREP"></g></l></v></tfr></token><token id="653813" text="четырёх"><tfr rev_id="2838501" t="четырёх"><v><l id="376181" t="четыре"><g v="NUMR"></g><g v="gent"></g></l></v></tfr></token><token id="653814" text="стран"><tfr rev_id="1485924" t="стран"><v><l id="337100" t="страна"><g v="NOUN"></g><g v="inan"></g><g v="femn"></g><g v="plur"></g><g v="gent"></g></l></v></tfr></token><token id="653815" text="мира"><tfr rev_id="3718601" t="мира"><v><l id="160807" t="мир"><g v="NOUN"></g><g v="inan"></g><g v="masc"></g><g v="sing"></g><g v="gen1"></g></l></v></tfr></token><token id="653816" text=","><tfr rev_id="1485926" t=","><v><l id="0" t=","><g v="PNCT"></g></l></v></tfr></token><token id="653817" text="обеспечивающих"><tfr rev_id="1485927" t="обеспечивающих"><v><l id="194749" t="обеспечивающий"><g v="PRTF"></g><g v="impf"></g><g v="tran"></g><g v="pres"></g><g v="actv"></g><g v="plur"></g><g v="gent"></g></l></v><v><l id="194749" t="обеспечивающий"><g v="PRTF"></g><g v="impf"></g><g v="tran"></g><g v="pres"></g><g v="actv"></g><g v="anim"></g><g v="plur"></g><g v="accs"></g></l></v><v><l id="194749" t="обеспечивающий"><g v="PRTF"></g><g v="impf"></g><g v="tran"></g><g v="pres"></g><g v="actv"></g><g v="plur"></g><g v="loct"></g></l></v></tfr></token><token id="653818" text="охват"><tfr rev_id="4233385" t="охват"><v><l id="221108" t="охват"><g v="NOUN"></g><g v="inan"></g><g v="masc"></g><g v="sing"></g><g v="accs"></g></l></v></tfr></token><token id="653819" text="химиопрофилактикой"><tfr rev_id="1485929" t="химиопрофилактикой"><v><l id="0" t="химиопрофилактикой"><g v="UNKN"></g></l></v></tfr></token><token id="653820" text="ВИЧ-инфекции"><tfr rev_id="4345675" t="ВИЧ-инфекции"><v><l id="45920" t="вич-инфекция"><g v="NOUN"></g><g v="inan"></g><g v="femn"></g><g v="sing"></g><g v="gent"></g></l></v></tfr></token><token id="653821" text="более"><tfr rev_id="1485931" t="более"><v><l id="32065" t="более"><g v="ADVB"></g></l></v></tfr></token><token id="653822" text="75"><tfr rev_id="2462300" t="75"><v><l id="0" t="75"><g v="NUMB"></g></l></v></tfr></token><token id="653823" text="%"><tfr rev_id="2445717" t="%"><v><l id="0" t="%"><g v="PNCT"></g></l></v></tfr></token><token id="653824" text="беременных"><tfr rev_id="4427934" t="беременных"><v><l id="27874" t="беременный"><g v="ADJF"></g><g v="Qual"></g><g v="plur"></g><g v="gent"></g></l></v></tfr></token><token id="653825" text="женщин"><tfr rev_id="3540891" t="женщин"><v><l id="96749" t="женщина"><g v="NOUN"></g><g v="anim"></g><g v="femn"></g><g v="plur"></g><g v="gent"></g></l></v></tfr></token><token id="653826" text="("><tfr rev_id="1485936" t="("><v><l id="0" t="("><g v="PNCT"></g></l></v></tfr></token><token id="653827" text="заражённых"><tfr rev_id="1485937" t="заражённых"><v><l id="108541" t="заражённый"><g v="PRTF"></g><g v="perf"></g><g v="tran"></g><g v="past"></g><g v="pssv"></g><g v="plur"></g><g v="gent"></g></l></v><v><l id="108541" t="заражённый"><g v="PRTF"></g><g v="perf"></g><g v="tran"></g><g v="past"></g><g v="pssv"></g><g v="anim"></g><g v="plur"></g><g v="accs"></g></l></v><v><l id="108541" t="заражённый"><g v="PRTF"></g><g v="perf"></g><g v="tran"></g><g v="past"></g><g v="pssv"></g><g v="plur"></g><g v="loct"></g></l></v></tfr></token><token id="653828" text="ВИЧ"><tfr rev_id="3669608" t="ВИЧ"><v><l id="388945" t="вич"><g v="NOUN"></g><g v="inan"></g><g v="masc"></g><g v="Sgtm"></g><g v="Abbr"></g><g v="Fixd"></g><g v="sing"></g><g v="nomn"></g></l></v><v><l id="388945" t="вич"><g v="NOUN"></g><g v="inan"></g><g v="masc"></g><g v="Sgtm"></g><g v="Abbr"></g><g v="Fixd"></g><g v="sing"></g><g v="accs"></g></l></v></tfr></token><token id="653829" text=")"><tfr rev_id="1485939" t=")"><v><l id="0" t=")"><g v="PNCT"></g></l></v></tfr></token><token id="653830" text="»"><tfr rev_id="2445718" t="»"><v><l id="0" t="»"><g v="PNCT"></g></l></v></tfr></token><token id="653831" text=","><tfr rev_id="1485941" t=","><v><l id="0" t=","><g v="PNCT"></g></l></v></tfr></token></tokens></sentence><sentence id="36544"><source>— цитируют «Медновости» замдиректора Департамента охраны здоровья и санитарно-эпидемиологического благополучия человека Минздравсоцразвития РФ Галина Чистякова.</source><tokens><token id="653832" text="—"><tfr rev_id="2445719" t="—"><v><l id="0" t="—"><g v="PNCT"></g></l></v></tfr></token><token id="653833" text="цитируют"><tfr rev_id="1485943" t="цитируют"><v><l id="374102" t="цитирую"><g v="VERB"></g><g v="impf"></g><g v="tran"></g><g v="plur"></g><g v="3per"></g><g v="pres"></g><g v="indc"></g></l></v></tfr></token><token id="653834" text="«"><tfr rev_id="2445720" t="«"><v><l id="0" t="«"><g v="PNCT"></g></l></v></tfr></token><token id="653835" text="Медновости"><tfr rev_id="3795844" t="Медновости"><v><l id="157131" t="медновость"><g v="NOUN"></g><g v="inan"></g><g v="femn"></g><g v="plur"></g><g v="nomn"></g></l></v></tfr></token><token id="653836" text="»"><tfr rev_id="2445721" t="»"><v><l id="0" t="»"><g v="PNCT"></g></l></v></tfr></token><token id="653837" text="замдиректора"><tfr rev_id="4167324" t="замдиректора"><v><l id="105331" t="замдиректора"><g v="NOUN"></g><g v="anim"></g><g v="masc"></g><g v="Fixd"></g><g v="sing"></g><g v="accs"></g></l></v></tfr></token><token id="653838" text="Департамента"><tfr rev_id="1485948" t="Департамента"><v><l id="81458" t="департамент"><g v="NOUN"></g><g v="inan"></g><g v="masc"></g><g v="sing"></g><g v="gent"></g></l></v></tfr></token><token id="653839" text="охраны"><tfr rev_id="3284191" t="охраны"><v><l id="221327" t="охрана"><g v="NOUN"></g><g v="inan"></g><g v="femn"></g><g v="sing"></g><g v="gent"></g></l></v></tfr></token><token id="653840" text="здоровья"><tfr rev_id="3440466" t="здоровья"><v><l id="114746" t="здоровье"><g v="NOUN"></g><g v="inan"></g><g v="neut"></g><g v="sing"></g><g v="gent"></g></l></v></tfr></token><token id="653841" text="и"><tfr rev_id="4092962" t="и"><v><l id="116949" t="и"><g v="CONJ"></g></l></v></tfr></token><token id="653842" text="санитарно-эпидемиологического"><tfr rev_id="4207272" t="санитарно-эпидемиологического"><v><l id="390119" t="санитарно-эпидемиологический"><g v="ADJF"></g><g v="neut"></g><g v="sing"></g><g v="gent"></g></l></v></tfr></token><token id="653843" text="благополучия"><tfr rev_id="1717466" t="благополучия"><v><l id="30490" t="благополучие"><g v="NOUN"></g><g v="inan"></g><g v="neut"></g><g v="sing"></g><g v="gent"></g></l></v></tfr></token><token id="653844" text="человека"><tfr rev_id="3689797" t="человека"><v><l id="375073" t="человек"><g v="NOUN"></g><g v="anim"></g><g v="masc"></g><g v="sing"></g><g v="gent"></g></l></v></tfr></token><token id="653845" text="Минздравсоцразвития"><tfr rev_id="4179060" t="Минздравсоцразвития"><v><l id="388951" t="минздравсоцразвития"><g v="NOUN"></g><g v="inan"></g><g v="neut"></g><g v="Sgtm"></g><g v="Fixd"></g><g v="Orgn"></g><g v="sing"></g><g v="gent"></g></l></v></tfr></token><token id="653846" text="РФ"><tfr rev_id="3491192" t="РФ"><v><l id="310486" t="рф"><g v="NOUN"></g><g v="inan"></g><g v="femn"></g><g v="Sgtm"></g><g v="Fixd"></g><g v="Abbr"></g><g v="Geox"></g><g v="sing"></g><g v="gent"></g></l></v></tfr></token><token id="653847" text="Галина"><tfr rev_id="1485957" t="Галина"><v><l id="66520" t="галина"><g v="NOUN"></g><g v="anim"></g><g v="femn"></g><g v="Name"></g><g v="sing"></g><g v="nomn"></g></l></v></tfr></token><token id="653848" text="Чистякова"><tfr rev_id="4257354" t="Чистякова"><v><l id="376686" t="чистякова"><g v="NOUN"></g><g v="anim"></g><g v="femn"></g><g v="Sgtm"></g><g v="Surn"></g><g v="sing"></g><g v="nomn"></g></l></v></tfr></token><token id="653849" text="."><tfr rev_id="1485959" t="."><v><l id="0" t="."><g v="PNCT"></g></l></v></tfr></token></tokens></sentence></paragraph><paragraph id="11647"><sentence id="36545"><source>Согласно официальной статистике, на конец 2009 года в России было зарегистрировано 469 412 ВИЧ-инфицированных, включая 4676 детей и подростков в возрасте до 17 лет.</source><tokens><token id="653850" text="Согласно"><tfr rev_id="4404977" t="Согласно"><v><l id="328255" t="согласно"><g v="PREP"></g></l></v></tfr></token><token id="653851" text="официальной"><tfr rev_id="4424212" t="официальной"><v><l id="220939" t="официальный"><g v="ADJF"></g><g v="femn"></g><g v="sing"></g><g v="datv"></g></l></v></tfr></token><token id="653852" text="статистике"><tfr rev_id="2605670" t="статистике"><v><l id="335112" t="статистика"><g v="NOUN"></g><g v="inan"></g><g v="femn"></g><g v="sing"></g><g v="datv"></g></l></v></tfr></token><token id="653853" text=","><tfr rev_id="1485963" t=","><v><l id="0" t=","><g v="PNCT"></g></l></v></tfr></token><token id="653854" text="на"><tfr rev_id="3337840" t="на"><v><l id="166264" t="на"><g v="PREP"></g></l></v></tfr></token><token id="653855" text="конец"><tfr rev_id="3710569" t="конец"><v><l id="137815" t="конец"><g v="NOUN"></g><g v="inan"></g><g v="masc"></g><g v="sing"></g><g v="accs"></g></l></v></tfr></token><token id="653856" text="2009"><tfr rev_id="2462301" t="2009"><v><l id="0" t="2009"><g v="NUMB"></g></l></v></tfr></token><token id="653857" text="года"><tfr rev_id="3457205" t="года"><v><l id="72149" t="год"><g v="NOUN"></g><g v="inan"></g><g v="masc"></g><g v="sing"></g><g v="gen1"></g></l></v></tfr></token><token id="653858" text="в"><tfr rev_id="1485968" t="в"><v><l id="37409" t="в"><g v="PREP"></g></l></v></tfr></token><token id="653859" text="России"><tfr rev_id="2627755" t="России"><v><l id="309322" t="россия"><g v="NOUN"></g><g v="inan"></g><g v="femn"></g><g v="Sgtm"></g><g v="Geox"></g><g v="sing"></g><g v="loct"></g></l></v></tfr></token><token id="653860" text="было"><tfr rev_id="4256726" t="было"><v><l id="37265" t="есть"><g v="VERB"></g><g v="impf"></g><g v="intr"></g><g v="neut"></g><g v="sing"></g><g v="past"></g><g v="indc"></g></l></v></tfr></token><token id="653861" text="зарегистрировано"><tfr rev_id="1485971" t="зарегистрировано"><v><l id="108631" t="зарегистрирован"><g v="PRTS"></g><g v="perf"></g><g v="past"></g><g v="pssv"></g><g v="neut"></g><g v="sing"></g></l></v></tfr></token><token id="653862" text="469"><tfr rev_id="2462302" t="469"><v><l id="0" t="469"><g v="NUMB"></g></l></v></tfr></token><token id="653863" text="412"><tfr rev_id="2462303" t="412"><v><l id="0" t="412"><g v="NUMB"></g></l></v></tfr></token><token id="653864" text="ВИЧ-инфицированных"><tfr rev_id="4346821" t="ВИЧ-инфицированных"><v><l id="389064" t="вич-инфицированный"><g v="ADJF"></g><g v="Subx"></g><g v="plur"></g><g v="gent"></g></l></v></tfr></token><token id="653865" text=","><tfr rev_id="1485975" t=","><v><l id="0" t=","><g v="PNCT"></g></l></v></tfr></token><token id="653866" text="включая"><tfr rev_id="3453131" t="включая"><v><l id="46206" t="включая"><g v="PREP"></g></l></v></tfr></token><token id="653867" text="4676"><tfr rev_id="2462304" t="4676"><v><l id="0" t="4676"><g v="NUMB"></g></l></v></tfr></token><token id="653868" text="детей"><tfr rev_id="4200189" t="детей"><v><l id="304488" t="ребёнок"><g v="NOUN"></g><g v="anim"></g><g v="masc"></g><g v="plur"></g><g v="gent"></g></l></v></tfr></token><token id="653869" text="и"><tfr rev_id="3671933" t="и"><v><l id="116949" t="и"><g v="CONJ"></g></l></v></tfr></token><token id="653870" text="подростков"><tfr rev_id="4384201" t="подростков"><v><l id="249822" t="подросток"><g v="NOUN"></g><g v="anim"></g><g v="masc"></g><g v="plur"></g><g v="gent"></g></l></v></tfr></token><token id="653871" text="в"><tfr rev_id="1485981" t="в"><v><l id="37409" t="в"><g v="PREP"></g></l></v></tfr></token><token id="653872" text="возрасте"><tfr rev_id="1485982" t="возрасте"><v><l id="49611" t="возраст"><g v="NOUN"></g><g v="inan"></g><g v="masc"></g><g v="sing"></g><g v="loct"></g></l></v></tfr></token><token id="653873" text="до"><tfr rev_id="1485983" t="до"><v><l id="85153" t="до"><g v="PREP"></g></l></v></tfr></token><token id="653874" text="17"><tfr rev_id="2462305" t="17"><v><l id="0" t="17"><g v="NUMB"></g></l></v></tfr></token><token id="653875" text="лет"><tfr rev_id="3474038" t="лет"><v><l id="72149" t="год"><g v="NOUN"></g><g v="inan"></g><g v="masc"></g><g v="plur"></g><g v="gent"></g></l></v></tfr></token><token id="653876" text="."><tfr rev_id="1485986" t="."><v><l id="0" t="."><g v="PNCT"></g></l></v></tfr></token></tokens></sentence><sentence id="36546"><source>В стране действуют 1200 лабораторий диагностики ВИЧ-инфекции, более 100 территориальных центров по профилактике и борьбе со СПИДом.</source><tokens><token id="653877" text="В"><tfr rev_id="1485987" t="В"><v><l id="37409" t="в"><g v="PREP"></g></l></v></tfr></token><token id="653878" text="стране"><tfr rev_id="2737760" t="стране"><v><l id="337100" t="страна"><g v="NOUN"></g><g v="inan"></g><g v="femn"></g><g v="sing"></g><g v="loct"></g></l></v></tfr></token><token id="653879" text="действуют"><tfr rev_id="1485989" t="действуют"><v><l id="80103" t="действую"><g v="VERB"></g><g v="impf"></g><g v="intr"></g><g v="plur"></g><g v="3per"></g><g v="pres"></g><g v="indc"></g></l></v></tfr></token><token id="653880" text="1200"><tfr rev_id="2462306" t="1200"><v><l id="0" t="1200"><g v="NUMB"></g></l></v></tfr></token><token id="653881" text="лабораторий"><tfr rev_id="1485991" t="лабораторий"><v><l id="146146" t="лаборатория"><g v="NOUN"></g><g v="inan"></g><g v="femn"></g><g v="plur"></g><g v="gent"></g></l></v></tfr></token><token id="653882" text="диагностики"><tfr rev_id="3432428" t="диагностики"><v><l id="83315" t="диагностика"><g v="NOUN"></g><g v="inan"></g><g v="femn"></g><g v="sing"></g><g v="gent"></g></l></v></tfr></token><token id="653883" text="ВИЧ-инфекции"><tfr rev_id="4345676" t="ВИЧ-инфекции"><v><l id="45920" t="вич-инфекция"><g v="NOUN"></g><g v="inan"></g><g v="femn"></g><g v="sing"></g><g v="gent"></g></l></v></tfr></token><token id="653884" text=","><tfr rev_id="1485994" t=","><v><l id="0" t=","><g v="PNCT"></g></l></v></tfr></token><token id="653885" text="более"><tfr rev_id="1485995" t="более"><v><l id="32065" t="более"><g v="ADVB"></g></l></v></tfr></token><token id="653886" text="100"><tfr rev_id="2462307" t="100"><v><l id="0" t="100"><g v="NUMB"></g></l></v></tfr></token><token id="653887" text="территориальных"><tfr rev_id="4312987" t="территориальных"><v><l id="345618" t="территориальный"><g v="ADJF"></g><g v="plur"></g><g v="gent"></g></l></v></tfr></token><token id="653888" text="центров"><tfr rev_id="1485998" t="центров"><v><l id="373369" t="центр"><g v="NOUN"></g><g v="inan"></g><g v="masc"></g><g v="plur"></g><g v="gent"></g></l></v></tfr></token><token id="653889" text="по"><tfr rev_id="1485999" t="по"><v><l id="241240" t="по"><g v="PREP"></g></l></v></tfr></token><token id="653890" text="профилактике"><tfr rev_id="3550071" t="профилактике"><v><l id="286941" t="профилактика"><g v="NOUN"></g><g v="inan"></g><g v="femn"></g><g v="sing"></g><g v="datv"></g></l></v></tfr></token><token id="653891" text="и"><tfr rev_id="1486001" t="и"><v><l id="116949" t="и"><g v="CONJ"></g></l></v><v><l id="116950" t="и"><g v="INTJ"></g></l></v></tfr></token><token id="653892" text="борьбе"><tfr rev_id="3226305" t="борьбе"><v><l id="33103" t="борьба"><g v="NOUN"></g><g v="inan"></g><g v="femn"></g><g v="Sgtm"></g><g v="sing"></g><g v="datv"></g></l></v></tfr></token><token id="653893" text="со"><tfr rev_id="2919247" t="со"><v><l id="311151" t="с"><g v="PREP"></g><g v="Vpre"></g></l></v></tfr></token><token id="653894" text="СПИДом"><tfr rev_id="4139356" t="СПИДом"><v><l id="332101" t="спид"><g v="NOUN"></g><g v="inan"></g><g v="masc"></g><g v="Abbr"></g><g v="Sgtm"></g><g v="sing"></g><g v="ablt"></g></l></v></tfr></token><token id="653895" text="."><tfr rev_id="1486005" t="."><v><l id="0" t="."><g v="PNCT"></g></l></v></tfr></token></tokens></sentence><sentence id="36547"><source>В настоящее время антиретровирусную терапию в рамках национального проекта «Здоровье» получают более 56 тысяч ВИЧ-инфицированных россиян.</source><tokens><token id="653896" text="В"><tfr rev_id="1486006" t="В"><v><l id="37409" t="в"><g v="PREP"></g></l></v></tfr></token><token id="653897" text="настоящее"><tfr rev_id="4281705" t="настоящее"><v><l id="176151" t="настоящий"><g v="ADJF"></g><g v="neut"></g><g v="sing"></g><g v="nomn"></g></l></v><v><l id="176151" t="настоящий"><g v="ADJF"></g><g v="neut"></g><g v="sing"></g><g v="accs"></g></l></v></tfr></token><token id="653898" text="время"><tfr rev_id="4101967" t="время"><v><l id="53149" t="время"><g v="NOUN"></g><g v="inan"></g><g v="neut"></g><g v="sing"></g><g v="accs"></g></l></v></tfr></token><token id="653899" text="антиретровирусную"><tfr rev_id="4579311" t="антиретровирусную"><v><l id="394522" t="антиретровирусный"><g v="ADJF"></g><g v="sing"></g><g v="femn"></g><g v="accs"></g></l></v></tfr></token><token id="653900" text="терапию"><tfr rev_id="1486010" t="терапию"><v><l id="345155" t="терапия"><g v="NOUN"></g><g v="inan"></g><g v="femn"></g><g v="sing"></g><g v="accs"></g></l></v></tfr></token><token id="653901" text="в"><tfr rev_id="1486011" t="в"><v><l id="37409" t="в"><g v="PREP"></g></l></v></tfr></token><token id="653902" text="рамках"><tfr rev_id="1486012" t="рамках"><v><l id="297819" t="рамка"><g v="NOUN"></g><g v="inan"></g><g v="femn"></g><g v="plur"></g><g v="loct"></g></l></v></tfr></token><token id="653903" text="национального"><tfr rev_id="4161258" t="национального"><v><l id="178150" t="национальный"><g v="ADJF"></g><g v="masc"></g><g v="sing"></g><g v="gent"></g></l></v><v><l id="178150" t="национальный"><g v="ADJF"></g><g v="anim"></g><g v="masc"></g><g v="sing"></g><g v="accs"></g></l></v></tfr></token><token id="653904" text="проекта"><tfr rev_id="1486014" t="проекта"><v><l id="279545" t="проект"><g v="NOUN"></g><g v="inan"></g><g v="masc"></g><g v="sing"></g><g v="gent"></g></l></v></tfr></token><token id="653905" text="«"><tfr rev_id="2445722" t="«"><v><l id="0" t="«"><g v="PNCT"></g></l></v></tfr></token><token id="653906" text="Здоровье"><tfr rev_id="4486102" t="Здоровье"><v><l id="114746" t="здоровье"><g v="NOUN"></g><g v="inan"></g><g v="neut"></g><g v="sing"></g><g v="nomn"></g></l></v></tfr></token><token id="653907" text="»"><tfr rev_id="2445723" t="»"><v><l id="0" t="»"><g v="PNCT"></g></l></v></tfr></token><token id="653908" text="получают"><tfr rev_id="1486018" t="получают"><v><l id="256943" t="получаю"><g v="VERB"></g><g v="impf"></g><g v="tran"></g><g v="plur"></g><g v="3per"></g><g v="pres"></g><g v="indc"></g></l></v></tfr></token><token id="653909" text="более"><tfr rev_id="1486019" t="более"><v><l id="32065" t="более"><g v="ADVB"></g></l></v></tfr></token><token id="653910" text="56"><tfr rev_id="2462308" t="56"><v><l id="0" t="56"><g v="NUMB"></g></l></v></tfr></token><token id="653911" text="тысяч"><tfr rev_id="1486021" t="тысяч"><v><l id="352230" t="тысяча"><g v="NOUN"></g><g v="inan"></g><g v="femn"></g><g v="plur"></g><g v="gent"></g></l></v></tfr></token><token id="653912" text="ВИЧ-инфицированных"><tfr rev_id="4346800" t="ВИЧ-инфицированных"><v><l id="389064" t="вич-инфицированный"><g v="ADJF"></g><g v="Subx"></g><g v="plur"></g><g v="gent"></g></l></v></tfr></token><token id="653913" text="россиян"><tfr rev_id="4200123" t="россиян"><v><l id="309323" t="россиянин"><g v="NOUN"></g><g v="anim"></g><g v="masc"></g><g v="plur"></g><g v="gent"></g></l></v></tfr></token><token id="653914" text="."><tfr rev_id="1486024" t="."><v><l id="0" t="."><g v="PNCT"></g></l></v></tfr></token></tokens></sentence><sentence id="36548"><source>По оценкам ООН, в мире насчитывается 33,4 млн людей, живущих с ВИЧ/СПИДом.</source><tokens><token id="653915" text="По"><tfr rev_id="1486025" t="По"><v><l id="241240" t="по"><g v="PREP"></g></l></v></tfr></token><token id="653916" text="оценкам"><tfr rev_id="1486026" t="оценкам"><v><l id="221498" t="оценка"><g v="NOUN"></g><g v="inan"></g><g v="femn"></g><g v="plur"></g><g v="datv"></g></l></v></tfr></token><token id="653917" text="ООН"><tfr rev_id="4138825" t="ООН"><v><l id="206695" t="оон"><g v="NOUN"></g><g v="inan"></g><g v="femn"></g><g v="Sgtm"></g><g v="Fixd"></g><g v="Abbr"></g><g v="Orgn"></g><g v="sing"></g><g v="gent"></g></l></v></tfr></token><token id="653918" text=","><tfr rev_id="1486028" t=","><v><l id="0" t=","><g v="PNCT"></g></l></v></tfr></token><token id="653919" text="в"><tfr rev_id="1486029" t="в"><v><l id="37409" t="в"><g v="PREP"></g></l></v></tfr></token><token id="653920" text="мире"><tfr rev_id="3715055" t="мире"><v><l id="160807" t="мир"><g v="NOUN"></g><g v="inan"></g><g v="masc"></g><g v="sing"></g><g v="loc1"></g></l></v></tfr></token><token id="653921" text="насчитывается"><tfr rev_id="1486031" t="насчитывается"><v><l id="176593" t="насчитываюсь"><g v="VERB"></g><g v="impf"></g><g v="intr"></g><g v="sing"></g><g v="3per"></g><g v="pres"></g><g v="indc"></g></l></v></tfr></token><token id="653922" text="33,4"><tfr rev_id="2462309" t="33,4"><v><l id="0" t="33,4"><g v="NUMB"></g></l></v></tfr></token><token id="653923" text="млн"><tfr rev_id="4136652" t="млн"><v><l id="389040" t="млн"><g v="NOUN"></g><g v="inan"></g><g v="masc"></g><g v="Fixd"></g><g v="Abbr"></g><g v="sing"></g><g v="nomn"></g></l></v><v><l id="389040" t="млн"><g v="NOUN"></g><g v="inan"></g><g v="masc"></g><g v="Fixd"></g><g v="Abbr"></g><g v="sing"></g><g v="gent"></g></l></v><v><l id="389040" t="млн"><g v="NOUN"></g><g v="inan"></g><g v="masc"></g><g v="Fixd"></g><g v="Abbr"></g><g v="sing"></g><g v="datv"></g></l></v><v><l id="389040" t="млн"><g v="NOUN"></g><g v="inan"></g><g v="masc"></g><g v="Fixd"></g><g v="Abbr"></g><g v="sing"></g><g v="accs"></g></l></v><v><l id="389040" t="млн"><g v="NOUN"></g><g v="inan"></g><g v="masc"></g><g v="Fixd"></g><g v="Abbr"></g><g v="sing"></g><g v="ablt"></g></l></v><v><l id="389040" t="млн"><g v="NOUN"></g><g v="inan"></g><g v="masc"></g><g v="Fixd"></g><g v="Abbr"></g><g v="sing"></g><g v="loct"></g></l></v></tfr></token><token id="653924" text="людей"><tfr rev_id="4358816" t="людей"><v><l id="375073" t="человек"><g v="NOUN"></g><g v="anim"></g><g v="masc"></g><g v="plur"></g><g v="gent"></g></l></v></tfr></token><token id="653925" text=","><tfr rev_id="1486035" t=","><v><l id="0" t=","><g v="PNCT"></g></l></v></tfr></token><token id="653926" text="живущих"><tfr rev_id="3417851" t="живущих"><v><l id="97605" t="живущий"><g v="PRTF"></g><g v="impf"></g><g v="intr"></g><g v="pres"></g><g v="actv"></g><g v="plur"></g><g v="gent"></g></l></v></tfr></token><token id="653927" text="с"><tfr rev_id="1486037" t="с"><v><l id="311151" t="с"><g v="PREP"></g></l></v></tfr></token><token id="653928" text="ВИЧ"><tfr rev_id="3669609" t="ВИЧ"><v><l id="388945" t="вич"><g v="NOUN"></g><g v="inan"></g><g v="masc"></g><g v="Sgtm"></g><g v="Abbr"></g><g v="Fixd"></g><g v="sing"></g><g v="nomn"></g></l></v><v><l id="388945" t="вич"><g v="NOUN"></g><g v="inan"></g><g v="masc"></g><g v="Sgtm"></g><g v="Abbr"></g><g v="Fixd"></g><g v="sing"></g><g v="accs"></g></l></v></tfr></token><token id="653929" text="/"><tfr rev_id="1486039" t="/"><v><l id="0" t="/"><g v="PNCT"></g></l></v></tfr></token><token id="653930" text="СПИДом"><tfr rev_id="4139357" t="СПИДом"><v><l id="332101" t="спид"><g v="NOUN"></g><g v="inan"></g><g v="masc"></g><g v="Abbr"></g><g v="Sgtm"></g><g v="sing"></g><g v="ablt"></g></l></v></tfr></token><token id="653931" text="."><tfr rev_id="1486041" t="."><v><l id="0" t="."><g v="PNCT"></g></l></v></tfr></token></tokens></sentence><sentence id="36549"><source>С момента начала эпидемии в мире от заболеваний, связанных с ВИЧ-инфекцией, умерло 25 млн человек.</source><tokens><token id="653932" text="С"><tfr rev_id="1486042" t="С"><v><l id="311151" t="с"><g v="PREP"></g></l></v></tfr></token><token id="653933" text="момента"><tfr rev_id="1486043" t="момента"><v><l id="163050" t="момент"><g v="NOUN"></g><g v="inan"></g><g v="masc"></g><g v="sing"></g><g v="gent"></g></l></v></tfr></token><token id="653934" text="начала"><tfr rev_id="3548470" t="начала"><v><l id="178196" t="начало"><g v="NOUN"></g><g v="inan"></g><g v="neut"></g><g v="sing"></g><g v="gent"></g></l></v></tfr></token><token id="653935" text="эпидемии"><tfr rev_id="4101751" t="эпидемии"><v><l id="385787" t="эпидемия"><g v="NOUN"></g><g v="inan"></g><g v="femn"></g><g v="sing"></g><g v="gent"></g></l></v></tfr></token><token id="653936" text="в"><tfr rev_id="1486046" t="в"><v><l id="37409" t="в"><g v="PREP"></g></l></v></tfr></token><token id="653937" text="мире"><tfr rev_id="3723506" t="мире"><v><l id="160807" t="мир"><g v="NOUN"></g><g v="inan"></g><g v="masc"></g><g v="sing"></g><g v="loc1"></g></l></v></tfr></token><token id="653938" text="от"><tfr rev_id="1486048" t="от"><v><l id="211644" t="от"><g v="PREP"></g></l></v></tfr></token><token id="653939" text="заболеваний"><tfr rev_id="1486049" t="заболеваний"><v><l id="98704" t="заболевание"><g v="NOUN"></g><g v="inan"></g><g v="neut"></g><g v="plur"></g><g v="gent"></g></l></v></tfr></token><token id="653940" text=","><tfr rev_id="1486050" t=","><v><l id="0" t=","><g v="PNCT"></g></l></v></tfr></token><token id="653941" text="связанных"><tfr rev_id="1486051" t="связанных"><v><l id="316527" t="связанный"><g v="ADJF"></g><g v="Qual"></g><g v="plur"></g><g v="gent"></g></l></v><v><l id="316527" t="связанный"><g v="ADJF"></g><g v="Qual"></g><g v="anim"></g><g v="plur"></g><g v="accs"></g></l></v><v><l id="316527" t="связанный"><g v="ADJF"></g><g v="Qual"></g><g v="plur"></g><g v="loct"></g></l></v><v><l id="316533" t="связанный"><g v="PRTF"></g><g v="perf"></g><g v="tran"></g><g v="past"></g><g v="pssv"></g><g v="plur"></g><g v="gent"></g></l></v><v><l id="316533" t="связанный"><g v="PRTF"></g><g v="perf"></g><g v="tran"></g><g v="past"></g><g v="pssv"></g><g v="anim"></g><g v="plur"></g><g v="accs"></g></l></v><v><l id="316533" t="связанный"><g v="PRTF"></g><g v="perf"></g><g v="tran"></g><g v="past"></g><g v="pssv"></g><g v="plur"></g><g v="loct"></g></l></v></tfr></token><token id="653942" text="с"><tfr rev_id="1486052" t="с"><v><l id="311151" t="с"><g v="PREP"></g></l></v></tfr></token><token id="653943" text="ВИЧ-инфекцией"><tfr rev_id="1486053" t="ВИЧ-инфекцией"><v><l id="45920" t="вич-инфекция"><g v="NOUN"></g><g v="inan"></g><g v="femn"></g><g v="sing"></g><g v="ablt"></g></l></v></tfr></token><token id="653944" text=","><tfr rev_id="1486054" t=","><v><l id="0" t=","><g v="PNCT"></g></l></v></tfr></token><token id="653945" text="умерло"><tfr rev_id="1486055" t="умерло"><v><l id="357520" t="умер"><g v="VERB"></g><g v="perf"></g><g v="intr"></g><g v="neut"></g><g v="sing"></g><g v="past"></g><g v="indc"></g></l></v></tfr></token><token id="653946" text="25"><tfr rev_id="2462310" t="25"><v><l id="0" t="25"><g v="NUMB"></g></l></v></tfr></token><token id="653947" text="млн"><tfr rev_id="4165546" t="млн"><v><l id="389040" t="млн"><g v="NOUN"></g><g v="inan"></g><g v="masc"></g><g v="Fixd"></g><g v="Abbr"></g><g v="plur"></g><g v="nomn"></g></l></v><v><l id="389040" t="млн"><g v="NOUN"></g><g v="inan"></g><g v="masc"></g><g v="Fixd"></g><g v="Abbr"></g><g v="plur"></g><g v="gent"></g></l></v><v><l id="389040" t="млн"><g v="NOUN"></g><g v="inan"></g><g v="masc"></g><g v="Fixd"></g><g v="Abbr"></g><g v="plur"></g><g v="datv"></g></l></v><v><l id="389040" t="млн"><g v="NOUN"></g><g v="inan"></g><g v="masc"></g><g v="Fixd"></g><g v="Abbr"></g><g v="plur"></g><g v="accs"></g></l></v><v><l id="389040" t="млн"><g v="NOUN"></g><g v="inan"></g><g v="masc"></g><g v="Fixd"></g><g v="Abbr"></g><g v="plur"></g><g v="ablt"></g></l></v><v><l id="389040" t="млн"><g v="NOUN"></g><g v="inan"></g><g v="masc"></g><g v="Fixd"></g><g v="Abbr"></g><g v="plur"></g><g v="loct"></g></l></v></tfr></token><token id="653948" text="человек"><tfr rev_id="3435106" t="человек"><v><l id="375073" t="человек"><g v="NOUN"></g><g v="anim"></g><g v="masc"></g><g v="plur"></g><g v="gent"></g></l></v></tfr></token><token id="653949" text="."><tfr rev_id="1486059" t="."><v><l id="0" t="."><g v="PNCT"></g></l></v></tfr></token></tokens></sentence><sentence id="36550"><source>Более 45% новых случаев ВИЧ-инфекции приходится на людей в возрасте 15—24 лет.</source><tokens><token id="653950" text="Более"><tfr rev_id="1486060" t="Более"><v><l id="32065" t="более"><g v="ADVB"></g></l></v></tfr></token><token id="653951" text="45"><tfr rev_id="2462311" t="45"><v><l id="0" t="45"><g v="NUMB"></g></l></v></tfr></token><token id="653952" text="%"><tfr rev_id="2445724" t="%"><v><l id="0" t="%"><g v="PNCT"></g></l></v></tfr></token><token id="653953" text="новых"><tfr rev_id="4407519" t="новых"><v><l id="191918" t="новый"><g v="ADJF"></g><g v="Qual"></g><g v="plur"></g><g v="gent"></g></l></v></tfr></token><token id="653954" text="случаев"><tfr rev_id="1486064" t="случаев"><v><l id="325472" t="случай"><g v="NOUN"></g><g v="inan"></g><g v="masc"></g><g v="plur"></g><g v="gent"></g></l></v></tfr></token><token id="653955" text="ВИЧ-инфекции"><tfr rev_id="4288192" t="ВИЧ-инфекции"><v><l id="45920" t="вич-инфекция"><g v="NOUN"></g><g v="inan"></g><g v="femn"></g><g v="sing"></g><g v="gent"></g></l></v></tfr></token><token id="653956" text="приходится"><tfr rev_id="1486066" t="приходится"><v><l id="276254" t="прихожусь"><g v="VERB"></g><g v="impf"></g><g v="intr"></g><g v="sing"></g><g v="3per"></g><g v="pres"></g><g v="indc"></g></l></v></tfr></token><token id="653957" text="на"><tfr rev_id="3394011" t="на"><v><l id="166264" t="на"><g v="PREP"></g></l></v></tfr></token><token id="653958" text="людей"><tfr rev_id="4355629" t="людей"><v><l id="375073" t="человек"><g v="NOUN"></g><g v="anim"></g><g v="masc"></g><g v="plur"></g><g v="accs"></g></l></v></tfr></token><token id="653959" text="в"><tfr rev_id="1486069" t="в"><v><l id="37409" t="в"><g v="PREP"></g></l></v></tfr></token><token id="653960" text="возрасте"><tfr rev_id="1486070" t="возрасте"><v><l id="49611" t="возраст"><g v="NOUN"></g><g v="inan"></g><g v="masc"></g><g v="sing"></g><g v="loct"></g></l></v></tfr></token><token id="653961" text="15"><tfr rev_id="2462312" t="15"><v><l id="0" t="15"><g v="NUMB"></g></l></v></tfr></token><token id="653962" text="—"><tfr rev_id="2445725" t="—"><v><l id="0" t="—"><g v="PNCT"></g></l></v></tfr></token><token id="653963" text="24"><tfr rev_id="2462313" t="24"><v><l id="0" t="24"><g v="NUMB"></g></l></v></tfr></token><token id="653964" text="лет"><tfr rev_id="3505253" t="лет"><v><l id="72149" t="год"><g v="NOUN"></g><g v="inan"></g><g v="masc"></g><g v="plur"></g><g v="gent"></g></l></v></tfr></token><token id="653965" text="."><tfr rev_id="1486075" t="."><v><l id="0" t="."><g v="PNCT"></g></l></v></tfr></token></tokens></sentence></paragraph></paragraphs></text>