<?xml version="1.0" encoding="utf-8"?><text id="1275" parent="603" name="0013403 The Man Who Stare At Goats"><tags><tag>url:http://happy-mystx.livejournal.com/13403.html</tag><tag>Год:2009</tag><tag>Дата:09/12</tag><tag>Время:23:04</tag><tag>ЖЖ:Настроение:cheerful</tag></tags><paragraphs><paragraph id="11745"><sentence id="36789"><source>The Man Who Stare At Goats</source><tokens><token id="658126" text="The"><tfr rev_id="2475096" t="The"><v><l id="0" t="The"><g v="LATN"></g></l></v></tfr></token><token id="658127" text="Man"><tfr rev_id="2475097" t="Man"><v><l id="0" t="Man"><g v="LATN"></g></l></v></tfr></token><token id="658128" text="Who"><tfr rev_id="2475098" t="Who"><v><l id="0" t="Who"><g v="LATN"></g></l></v></tfr></token><token id="658129" text="Stare"><tfr rev_id="2475099" t="Stare"><v><l id="0" t="Stare"><g v="LATN"></g></l></v></tfr></token><token id="658130" text="At"><tfr rev_id="2475100" t="At"><v><l id="0" t="At"><g v="LATN"></g></l></v></tfr></token><token id="658131" text="Goats"><tfr rev_id="2475101" t="Goats"><v><l id="0" t="Goats"><g v="LATN"></g></l></v></tfr></token></tokens></sentence></paragraph><paragraph id="11746"><sentence id="36790"><source>Сабж - унылый, тотально-беспросветный, умопомрачительный отстой.</source><tokens><token id="658132" text="Сабж"><tfr rev_id="3677150" t="Сабж"><v><l id="311201" t="сабж"><g v="NOUN"></g><g v="inan"></g><g v="masc"></g><g v="Slng"></g><g v="sing"></g><g v="nomn"></g></l></v></tfr></token><token id="658133" text="-"><tfr rev_id="1490241" t="-"><v><l id="0" t="-"><g v="PNCT"></g></l></v></tfr></token><token id="658134" text="унылый"><tfr rev_id="4360815" t="унылый"><v><l id="358506" t="унылый"><g v="ADJF"></g><g v="Qual"></g><g v="masc"></g><g v="sing"></g><g v="nomn"></g></l></v></tfr></token><token id="658135" text=","><tfr rev_id="1490243" t=","><v><l id="0" t=","><g v="PNCT"></g></l></v></tfr></token><token id="658136" text="тотально-беспросветный"><tfr rev_id="4542758" t="тотально-беспросветный"><v><l id="393473" t="тотально-беспросветный"><g v="ADJF"></g><g v="Qual"></g><g v="Erro"></g><g v="inan"></g><g v="masc"></g><g v="sing"></g><g v="accs"></g></l></v><v><l id="393473" t="тотально-беспросветный"><g v="ADJF"></g><g v="Qual"></g><g v="Erro"></g><g v="masc"></g><g v="sing"></g><g v="nomn"></g></l></v></tfr></token><token id="658137" text=","><tfr rev_id="1490245" t=","><v><l id="0" t=","><g v="PNCT"></g></l></v></tfr></token><token id="658138" text="умопомрачительный"><tfr rev_id="1490246" t="умопомрачительный"><v><l id="357967" t="умопомрачительный"><g v="ADJF"></g><g v="Qual"></g><g v="masc"></g><g v="sing"></g><g v="nomn"></g></l></v><v><l id="357967" t="умопомрачительный"><g v="ADJF"></g><g v="Qual"></g><g v="inan"></g><g v="masc"></g><g v="sing"></g><g v="accs"></g></l></v></tfr></token><token id="658139" text="отстой"><tfr rev_id="1714463" t="отстой"><v><l id="218410" t="отстой"><g v="NOUN"></g><g v="inan"></g><g v="masc"></g><g v="sing"></g><g v="nomn"></g></l></v><v><l id="218410" t="отстой"><g v="NOUN"></g><g v="inan"></g><g v="masc"></g><g v="sing"></g><g v="accs"></g></l></v></tfr></token><token id="658140" text="."><tfr rev_id="1490248" t="."><v><l id="0" t="."><g v="PNCT"></g></l></v></tfr></token></tokens></sentence><sentence id="36791"><source>Слишком много левой резьбы.</source><tokens><token id="658141" text="Слишком"><tfr rev_id="1490249" t="Слишком"><v><l id="325109" t="слишком"><g v="ADVB"></g></l></v></tfr></token><token id="658142" text="много"><tfr rev_id="4181100" t="много"><v><l id="389079" t="много"><g v="NUMR"></g><g v="nomn"></g></l></v><v><l id="389079" t="много"><g v="NUMR"></g><g v="accs"></g></l></v></tfr></token><token id="658143" text="левой"><tfr rev_id="4404221" t="левой"><v><l id="147433" t="левый"><g v="ADJF"></g><g v="Qual"></g><g v="femn"></g><g v="sing"></g><g v="gent"></g></l></v></tfr></token><token id="658144" text="резьбы"><tfr rev_id="1490252" t="резьбы"><v><l id="305423" t="резьба"><g v="NOUN"></g><g v="inan"></g><g v="femn"></g><g v="Sgtm"></g><g v="sing"></g><g v="gent"></g></l></v></tfr></token><token id="658145" text="."><tfr rev_id="1490253" t="."><v><l id="0" t="."><g v="PNCT"></g></l></v></tfr></token></tokens></sentence><sentence id="36792"><source>А может просто перевод в кино - полный goatshit.</source><tokens><token id="658146" text="А"><tfr rev_id="1490254" t="А"><v><l id="51" t="а"><g v="CONJ"></g></l></v><v><l id="52" t="а"><g v="INTJ"></g></l></v><v><l id="53" t="а"><g v="PRCL"></g></l></v></tfr></token><token id="658147" text="может"><tfr rev_id="4232086" t="может"><v><l id="162457" t="может"><g v="CONJ"></g><g v="Prnt"></g></l></v></tfr></token><token id="658148" text="просто"><tfr rev_id="1490256" t="просто"><v><l id="285025" t="просто"><g v="ADVB"></g><g v="Prdx"></g></l></v><v><l id="285026" t="просто"><g v="PRCL"></g></l></v><v><l id="285050" t="прост"><g v="ADJS"></g><g v="Qual"></g><g v="neut"></g><g v="sing"></g></l></v></tfr></token><token id="658149" text="перевод"><tfr rev_id="3720301" t="перевод"><v><l id="227265" t="перевод"><g v="NOUN"></g><g v="inan"></g><g v="masc"></g><g v="sing"></g><g v="nomn"></g></l></v></tfr></token><token id="658150" text="в"><tfr rev_id="1490258" t="в"><v><l id="37409" t="в"><g v="PREP"></g></l></v></tfr></token><token id="658151" text="кино"><tfr rev_id="4162664" t="кино"><v><l id="132966" t="кино"><g v="NOUN"></g><g v="inan"></g><g v="neut"></g><g v="Fixd"></g><g v="sing"></g><g v="loct"></g></l></v></tfr></token><token id="658152" text="-"><tfr rev_id="1490260" t="-"><v><l id="0" t="-"><g v="PNCT"></g></l></v></tfr></token><token id="658153" text="полный"><tfr rev_id="1490261" t="полный"><v><l id="256169" t="полный"><g v="ADJF"></g><g v="Qual"></g><g v="masc"></g><g v="sing"></g><g v="nomn"></g></l></v><v><l id="256169" t="полный"><g v="ADJF"></g><g v="Qual"></g><g v="inan"></g><g v="masc"></g><g v="sing"></g><g v="accs"></g></l></v></tfr></token><token id="658154" text="goatshit"><tfr rev_id="2475102" t="goatshit"><v><l id="0" t="goatshit"><g v="LATN"></g></l></v></tfr></token><token id="658155" text="."><tfr rev_id="1490263" t="."><v><l id="0" t="."><g v="PNCT"></g></l></v></tfr></token></tokens></sentence></paragraph></paragraphs></text>