<?xml version="1.0" encoding="utf-8"?><text id="1282" parent="226" name="«Школа» не закрывается, а уходит на зимние каникулы"><tags><tag>url:http://www.chaskor.ru/news/shkola_ne_zakryvaetsya_a_uhodit_na_zimnie_kanikuly</tag><tag>Тема:ЧасКор:Медиа</tag><tag>Тема:ЧасКор:Медиа/ТВ и радио</tag><tag>Год:2010</tag><tag>Дата:09/02</tag></tags><paragraphs><paragraph id="11774"><sentence id="36866"><source>«Школа» не закрывается, а уходит на зимние каникулы</source><tokens><token id="659468" text="«"><tfr rev_id="2445810" t="«"><v><l id="0" t="«"><g v="PNCT"></g></l></v></tfr></token><token id="659469" text="Школа"><tfr rev_id="1491572" t="Школа"><v><l id="380220" t="школа"><g v="NOUN"></g><g v="inan"></g><g v="femn"></g><g v="sing"></g><g v="nomn"></g></l></v></tfr></token><token id="659470" text="»"><tfr rev_id="2445811" t="»"><v><l id="0" t="»"><g v="PNCT"></g></l></v></tfr></token><token id="659471" text="не"><tfr rev_id="1491574" t="не"><v><l id="178876" t="не"><g v="PRCL"></g></l></v></tfr></token><token id="659472" text="закрывается"><tfr rev_id="1491575" t="закрывается"><v><l id="104236" t="закрываюсь"><g v="VERB"></g><g v="impf"></g><g v="intr"></g><g v="sing"></g><g v="3per"></g><g v="pres"></g><g v="indc"></g></l></v></tfr></token><token id="659473" text=","><tfr rev_id="1491576" t=","><v><l id="0" t=","><g v="PNCT"></g></l></v></tfr></token><token id="659474" text="а"><tfr rev_id="1491577" t="а"><v><l id="51" t="а"><g v="CONJ"></g></l></v><v><l id="52" t="а"><g v="INTJ"></g></l></v><v><l id="53" t="а"><g v="PRCL"></g></l></v></tfr></token><token id="659475" text="уходит"><tfr rev_id="1491578" t="уходит"><v><l id="362937" t="ухожу"><g v="VERB"></g><g v="impf"></g><g v="intr"></g><g v="sing"></g><g v="3per"></g><g v="pres"></g><g v="indc"></g></l></v><v><l id="362942" t="уходил"><g v="VERB"></g><g v="perf"></g><g v="tran"></g><g v="sing"></g><g v="3per"></g><g v="futr"></g><g v="indc"></g></l></v></tfr></token><token id="659476" text="на"><tfr rev_id="3345827" t="на"><v><l id="166264" t="на"><g v="PREP"></g></l></v></tfr></token><token id="659477" text="зимние"><tfr rev_id="3860382" t="зимние"><v><l id="115420" t="зимний"><g v="ADJF"></g><g v="inan"></g><g v="plur"></g><g v="accs"></g></l></v></tfr></token><token id="659478" text="каникулы"><tfr rev_id="3750089" t="каникулы"><v><l id="129355" t="каникулы"><g v="NOUN"></g><g v="inan"></g><g v="GNdr"></g><g v="Pltm"></g><g v="plur"></g><g v="accs"></g></l></v></tfr></token></tokens></sentence><sentence id="36867"><source>Скандальный сериал на две недели исчезнет из эфира Первого канала.</source><tokens><token id="659479" text="Скандальный"><tfr rev_id="1491582" t="Скандальный"><v><l id="321769" t="скандальный"><g v="ADJF"></g><g v="Qual"></g><g v="masc"></g><g v="sing"></g><g v="nomn"></g></l></v><v><l id="321769" t="скандальный"><g v="ADJF"></g><g v="Qual"></g><g v="inan"></g><g v="masc"></g><g v="sing"></g><g v="accs"></g></l></v></tfr></token><token id="659480" text="сериал"><tfr rev_id="4108066" t="сериал"><v><l id="319271" t="сериал"><g v="NOUN"></g><g v="inan"></g><g v="masc"></g><g v="sing"></g><g v="nomn"></g></l></v></tfr></token><token id="659481" text="на"><tfr rev_id="3336561" t="на"><v><l id="166264" t="на"><g v="PREP"></g></l></v></tfr></token><token id="659482" text="две"><tfr rev_id="1491585" t="две"><v><l id="78668" t="два"><g v="NUMR"></g><g v="femn"></g><g v="nomn"></g></l></v><v><l id="78668" t="два"><g v="NUMR"></g><g v="inan"></g><g v="femn"></g><g v="accs"></g></l></v></tfr></token><token id="659483" text="недели"><tfr rev_id="3473440" t="недели"><v><l id="180718" t="неделя"><g v="NOUN"></g><g v="inan"></g><g v="femn"></g><g v="sing"></g><g v="gent"></g></l></v></tfr></token><token id="659484" text="исчезнет"><tfr rev_id="1491587" t="исчезнет"><v><l id="126888" t="исчез"><g v="VERB"></g><g v="perf"></g><g v="intr"></g><g v="sing"></g><g v="3per"></g><g v="futr"></g><g v="indc"></g></l></v></tfr></token><token id="659485" text="из"><tfr rev_id="1671246" t="из"><v><l id="117677" t="из"><g v="PREP"></g></l></v></tfr></token><token id="659486" text="эфира"><tfr rev_id="1491589" t="эфира"><v><l id="386632" t="эфир"><g v="NOUN"></g><g v="inan"></g><g v="masc"></g><g v="sing"></g><g v="gen1"></g></l></v></tfr></token><token id="659487" text="Первого"><tfr rev_id="4535117" t="Первого"><v><l id="226359" t="первый"><g v="ADJF"></g><g v="Anum"></g><g v="masc"></g><g v="sing"></g><g v="gent"></g></l></v><v><l id="226359" t="первый"><g v="ADJF"></g><g v="Anum"></g><g v="neut"></g><g v="sing"></g><g v="gent"></g></l></v></tfr></token><token id="659488" text="канала"><tfr rev_id="1491591" t="канала"><v><l id="129205" t="канал"><g v="NOUN"></g><g v="inan"></g><g v="masc"></g><g v="sing"></g><g v="gent"></g></l></v></tfr></token><token id="659489" text="."><tfr rev_id="1491592" t="."><v><l id="0" t="."><g v="PNCT"></g></l></v></tfr></token></tokens></sentence></paragraph><paragraph id="11775"><sentence id="36868"><source>Накануне вечером российская медиа- и блогосфера захлёбывалась в обсуждении животрепещущей темы о снятии с эфира Первого канала скандального телесериала «Школа».</source><tokens><token id="659490" text="Накануне"><tfr rev_id="4422394" t="Накануне"><v><l id="170741" t="накануне"><g v="ADVB"></g></l></v></tfr></token><token id="659491" text="вечером"><tfr rev_id="3801594" t="вечером"><v><l id="42391" t="вечером"><g v="ADVB"></g></l></v></tfr></token><token id="659492" text="российская"><tfr rev_id="1491595" t="российская"><v><l id="309319" t="российский"><g v="ADJF"></g><g v="femn"></g><g v="sing"></g><g v="nomn"></g></l></v></tfr></token><token id="659493" text="медиа-"><tfr rev_id="1491596" t="медиа-"><v><l id="0" t="медиа-"><g v="UNKN"></g></l></v></tfr></token><token id="659495" text="и"><tfr rev_id="3480660" t="и"><v><l id="116949" t="и"><g v="CONJ"></g></l></v></tfr></token><token id="659496" text="блогосфера"><tfr rev_id="2508460" t="блогосфера"><v><l id="388475" t="блогосфера"><g v="NOUN"></g><g v="inan"></g><g v="femn"></g><g v="sing"></g><g v="nomn"></g></l></v></tfr></token><token id="659497" text="захлёбывалась"><tfr rev_id="1491599" t="захлёбывалась"><v><l id="112732" t="захлёбываюсь"><g v="VERB"></g><g v="impf"></g><g v="intr"></g><g v="femn"></g><g v="sing"></g><g v="past"></g><g v="indc"></g></l></v></tfr></token><token id="659498" text="в"><tfr rev_id="1491600" t="в"><v><l id="37409" t="в"><g v="PREP"></g></l></v></tfr></token><token id="659499" text="обсуждении"><tfr rev_id="1491601" t="обсуждении"><v><l id="200180" t="обсуждение"><g v="NOUN"></g><g v="inan"></g><g v="neut"></g><g v="sing"></g><g v="loct"></g></l></v></tfr></token><token id="659500" text="животрепещущей"><tfr rev_id="1491602" t="животрепещущей"><v><l id="97115" t="животрепещущий"><g v="ADJF"></g><g v="femn"></g><g v="sing"></g><g v="gent"></g></l></v><v><l id="97115" t="животрепещущий"><g v="ADJF"></g><g v="femn"></g><g v="sing"></g><g v="datv"></g></l></v><v><l id="97115" t="животрепещущий"><g v="ADJF"></g><g v="femn"></g><g v="sing"></g><g v="ablt"></g></l></v><v><l id="97115" t="животрепещущий"><g v="ADJF"></g><g v="femn"></g><g v="sing"></g><g v="loct"></g></l></v><v><l id="97117" t="животрепещущее"><g v="COMP"></g><g v="V-ej"></g></l></v></tfr></token><token id="659501" text="темы"><tfr rev_id="3503670" t="темы"><v><l id="344450" t="тема"><g v="NOUN"></g><g v="inan"></g><g v="femn"></g><g v="sing"></g><g v="gent"></g></l></v></tfr></token><token id="659502" text="о"><tfr rev_id="3326474" t="о"><v><l id="192977" t="о"><g v="PREP"></g></l></v></tfr></token><token id="659503" text="снятии"><tfr rev_id="1491605" t="снятии"><v><l id="327588" t="снятие"><g v="NOUN"></g><g v="inan"></g><g v="neut"></g><g v="sing"></g><g v="loct"></g></l></v></tfr></token><token id="659504" text="с"><tfr rev_id="1491606" t="с"><v><l id="311151" t="с"><g v="PREP"></g></l></v></tfr></token><token id="659505" text="эфира"><tfr rev_id="1491607" t="эфира"><v><l id="386632" t="эфир"><g v="NOUN"></g><g v="inan"></g><g v="masc"></g><g v="sing"></g><g v="gen1"></g></l></v></tfr></token><token id="659506" text="Первого"><tfr rev_id="4535076" t="Первого"><v><l id="226359" t="первый"><g v="ADJF"></g><g v="Anum"></g><g v="masc"></g><g v="sing"></g><g v="gent"></g></l></v><v><l id="226359" t="первый"><g v="ADJF"></g><g v="Anum"></g><g v="neut"></g><g v="sing"></g><g v="gent"></g></l></v></tfr></token><token id="659507" text="канала"><tfr rev_id="1491609" t="канала"><v><l id="129205" t="канал"><g v="NOUN"></g><g v="inan"></g><g v="masc"></g><g v="sing"></g><g v="gent"></g></l></v></tfr></token><token id="659508" text="скандального"><tfr rev_id="3408228" t="скандального"><v><l id="321769" t="скандальный"><g v="ADJF"></g><g v="Qual"></g><g v="masc"></g><g v="sing"></g><g v="gent"></g></l></v><v><l id="321769" t="скандальный"><g v="ADJF"></g><g v="Qual"></g><g v="anim"></g><g v="masc"></g><g v="sing"></g><g v="accs"></g></l></v></tfr></token><token id="659509" text="телесериала"><tfr rev_id="1491611" t="телесериала"><v><l id="344283" t="телесериал"><g v="NOUN"></g><g v="inan"></g><g v="masc"></g><g v="sing"></g><g v="gent"></g></l></v></tfr></token><token id="659510" text="«"><tfr rev_id="2445812" t="«"><v><l id="0" t="«"><g v="PNCT"></g></l></v></tfr></token><token id="659511" text="Школа"><tfr rev_id="1491613" t="Школа"><v><l id="380220" t="школа"><g v="NOUN"></g><g v="inan"></g><g v="femn"></g><g v="sing"></g><g v="nomn"></g></l></v></tfr></token><token id="659512" text="»"><tfr rev_id="2445813" t="»"><v><l id="0" t="»"><g v="PNCT"></g></l></v></tfr></token><token id="659513" text="."><tfr rev_id="1491615" t="."><v><l id="0" t="."><g v="PNCT"></g></l></v></tfr></token></tokens></sentence><sentence id="36869"><source>О закрытии проекта с 15 февраля сообщили ведущие СМИ страны, причём издания сообщали о прекращении трансляции фильма и в 18:30, и в 23:30.</source><tokens><token id="659514" text="О"><tfr rev_id="3328550" t="О"><v><l id="192977" t="о"><g v="PREP"></g></l></v></tfr></token><token id="659515" text="закрытии"><tfr rev_id="1491617" t="закрытии"><v><l id="104242" t="закрытие"><g v="NOUN"></g><g v="inan"></g><g v="neut"></g><g v="sing"></g><g v="loct"></g></l></v></tfr></token><token id="659516" text="проекта"><tfr rev_id="1491618" t="проекта"><v><l id="279545" t="проект"><g v="NOUN"></g><g v="inan"></g><g v="masc"></g><g v="sing"></g><g v="gent"></g></l></v></tfr></token><token id="659517" text="с"><tfr rev_id="1491619" t="с"><v><l id="311151" t="с"><g v="PREP"></g></l></v></tfr></token><token id="659518" text="15"><tfr rev_id="2462343" t="15"><v><l id="0" t="15"><g v="NUMB"></g></l></v></tfr></token><token id="659519" text="февраля"><tfr rev_id="1491621" t="февраля"><v><l id="364920" t="февраль"><g v="NOUN"></g><g v="inan"></g><g v="masc"></g><g v="sing"></g><g v="gent"></g></l></v></tfr></token><token id="659520" text="сообщили"><tfr rev_id="1491622" t="сообщили"><v><l id="329556" t="сообщил"><g v="VERB"></g><g v="perf"></g><g v="tran"></g><g v="plur"></g><g v="past"></g><g v="indc"></g></l></v></tfr></token><token id="659521" text="ведущие"><tfr rev_id="1491623" t="ведущие"><v><l id="40370" t="ведущий"><g v="ADJF"></g><g v="Subx"></g><g v="plur"></g><g v="nomn"></g></l></v><v><l id="40370" t="ведущий"><g v="ADJF"></g><g v="Subx"></g><g v="inan"></g><g v="plur"></g><g v="accs"></g></l></v><v><l id="42112" t="ведущий"><g v="PRTF"></g><g v="Subx"></g><g v="impf"></g><g v="tran"></g><g v="pres"></g><g v="actv"></g><g v="plur"></g><g v="nomn"></g></l></v><v><l id="42112" t="ведущий"><g v="PRTF"></g><g v="Subx"></g><g v="impf"></g><g v="tran"></g><g v="pres"></g><g v="actv"></g><g v="inan"></g><g v="plur"></g><g v="accs"></g></l></v></tfr></token><token id="659522" text="СМИ"><tfr rev_id="4489550" t="СМИ"><v><l id="326341" t="сми"><g v="NOUN"></g><g v="inan"></g><g v="GNdr"></g><g v="Pltm"></g><g v="Fixd"></g><g v="Abbr"></g><g v="plur"></g><g v="nomn"></g></l></v></tfr></token><token id="659523" text="страны"><tfr rev_id="3505761" t="страны"><v><l id="337100" t="страна"><g v="NOUN"></g><g v="inan"></g><g v="femn"></g><g v="sing"></g><g v="gent"></g></l></v></tfr></token><token id="659524" text=","><tfr rev_id="1491626" t=","><v><l id="0" t=","><g v="PNCT"></g></l></v></tfr></token><token id="659525" text="причём"><tfr rev_id="1491627" t="причём"><v><l id="276410" t="причём"><g v="CONJ"></g></l></v></tfr></token><token id="659526" text="издания"><tfr rev_id="3813282" t="издания"><v><l id="118742" t="издание"><g v="NOUN"></g><g v="inan"></g><g v="neut"></g><g v="plur"></g><g v="nomn"></g></l></v></tfr></token><token id="659527" text="сообщали"><tfr rev_id="1491629" t="сообщали"><v><l id="329538" t="сообщаю"><g v="VERB"></g><g v="impf"></g><g v="tran"></g><g v="plur"></g><g v="past"></g><g v="indc"></g></l></v></tfr></token><token id="659528" text="о"><tfr rev_id="3327268" t="о"><v><l id="192977" t="о"><g v="PREP"></g></l></v></tfr></token><token id="659529" text="прекращении"><tfr rev_id="1491631" t="прекращении"><v><l id="267615" t="прекращение"><g v="NOUN"></g><g v="inan"></g><g v="neut"></g><g v="sing"></g><g v="loct"></g></l></v></tfr></token><token id="659530" text="трансляции"><tfr rev_id="4238845" t="трансляции"><v><l id="349070" t="трансляция"><g v="NOUN"></g><g v="inan"></g><g v="femn"></g><g v="sing"></g><g v="gent"></g></l></v></tfr></token><token id="659531" text="фильма"><tfr rev_id="1491633" t="фильма"><v><l id="366005" t="фильм"><g v="NOUN"></g><g v="inan"></g><g v="masc"></g><g v="sing"></g><g v="gent"></g></l></v></tfr></token><token id="659532" text="и"><tfr rev_id="3557692" t="и"><v><l id="116949" t="и"><g v="CONJ"></g></l></v></tfr></token><token id="659533" text="в"><tfr rev_id="1491635" t="в"><v><l id="37409" t="в"><g v="PREP"></g></l></v></tfr></token><token id="659534" text="18:30"><tfr rev_id="4567438" t="18:30"><v><l id="0" t="18:30"><g v="TIME"></g></l></v></tfr></token><token id="659537" text=","><tfr rev_id="1491637" t=","><v><l id="0" t=","><g v="PNCT"></g></l></v></tfr></token><token id="659538" text="и"><tfr rev_id="4288828" t="и"><v><l id="116949" t="и"><g v="CONJ"></g></l></v></tfr></token><token id="659539" text="в"><tfr rev_id="1491639" t="в"><v><l id="37409" t="в"><g v="PREP"></g></l></v></tfr></token><token id="659540" text="23:30"><tfr rev_id="4567439" t="23:30"><v><l id="0" t="23:30"><g v="TIME"></g></l></v></tfr></token><token id="659543" text="."><tfr rev_id="1491641" t="."><v><l id="0" t="."><g v="PNCT"></g></l></v></tfr></token></tokens></sentence><sentence id="36870"><source>Обсуждая эту тему, общественность разделилась на два лагеря: учителя, родители, министр образования и некоторые депутаты сочли это решение своевременным, а молодежь, главный омбудсмен России, а также единороссы посчитали закрытие возвращением к цензуре и ханжеством.</source><tokens><token id="659544" text="Обсуждая"><tfr rev_id="1491642" t="Обсуждая"><v><l id="200174" t="обсуждая"><g v="GRND"></g><g v="impf"></g><g v="tran"></g><g v="pres"></g></l></v></tfr></token><token id="659545" text="эту"><tfr rev_id="4438934" t="эту"><v><l id="386581" t="этот"><g v="ADJF"></g><g v="Subx"></g><g v="Apro"></g><g v="Anph"></g><g v="femn"></g><g v="sing"></g><g v="accs"></g></l></v></tfr></token><token id="659546" text="тему"><tfr rev_id="1491644" t="тему"><v><l id="344450" t="тема"><g v="NOUN"></g><g v="inan"></g><g v="femn"></g><g v="sing"></g><g v="accs"></g></l></v></tfr></token><token id="659547" text=","><tfr rev_id="1491645" t=","><v><l id="0" t=","><g v="PNCT"></g></l></v></tfr></token><token id="659548" text="общественность"><tfr rev_id="4101498" t="общественность"><v><l id="201611" t="общественность"><g v="NOUN"></g><g v="inan"></g><g v="femn"></g><g v="sing"></g><g v="nomn"></g></l></v></tfr></token><token id="659549" text="разделилась"><tfr rev_id="1491647" t="разделилась"><v><l id="293571" t="разделился"><g v="VERB"></g><g v="perf"></g><g v="intr"></g><g v="femn"></g><g v="sing"></g><g v="past"></g><g v="indc"></g></l></v></tfr></token><token id="659550" text="на"><tfr rev_id="3394822" t="на"><v><l id="166264" t="на"><g v="PREP"></g></l></v></tfr></token><token id="659551" text="два"><tfr rev_id="4450453" t="два"><v><l id="78668" t="два"><g v="NUMR"></g><g v="masc"></g><g v="nomn"></g></l></v><v><l id="78668" t="два"><g v="NUMR"></g><g v="inan"></g><g v="masc"></g><g v="accs"></g></l></v><v><l id="78668" t="два"><g v="NUMR"></g><g v="neut"></g><g v="nomn"></g></l></v><v><l id="78668" t="два"><g v="NUMR"></g><g v="inan"></g><g v="neut"></g><g v="accs"></g></l></v></tfr></token><token id="659552" text="лагеря"><tfr rev_id="3433412" t="лагеря"><v><l id="146268" t="лагерь"><g v="NOUN"></g><g v="inan"></g><g v="masc"></g><g v="sing"></g><g v="gent"></g></l></v></tfr></token><token id="659553" text=":"><tfr rev_id="1491651" t=":"><v><l id="0" t=":"><g v="PNCT"></g></l></v></tfr></token><token id="659554" text="учителя"><tfr rev_id="3479809" t="учителя"><v><l id="363287" t="учитель"><g v="NOUN"></g><g v="anim"></g><g v="masc"></g><g v="plur"></g><g v="nomn"></g></l></v></tfr></token><token id="659555" text=","><tfr rev_id="1491653" t=","><v><l id="0" t=","><g v="PNCT"></g></l></v></tfr></token><token id="659556" text="родители"><tfr rev_id="1491654" t="родители"><v><l id="308303" t="родитель"><g v="NOUN"></g><g v="anim"></g><g v="masc"></g><g v="plur"></g><g v="nomn"></g></l></v></tfr></token><token id="659557" text=","><tfr rev_id="1491655" t=","><v><l id="0" t=","><g v="PNCT"></g></l></v></tfr></token><token id="659558" text="министр"><tfr rev_id="1491656" t="министр"><v><l id="160614" t="министр"><g v="NOUN"></g><g v="anim"></g><g v="masc"></g><g v="sing"></g><g v="nomn"></g></l></v></tfr></token><token id="659559" text="образования"><tfr rev_id="3434393" t="образования"><v><l id="198798" t="образование"><g v="NOUN"></g><g v="inan"></g><g v="neut"></g><g v="sing"></g><g v="gent"></g></l></v></tfr></token><token id="659560" text="и"><tfr rev_id="4106715" t="и"><v><l id="116949" t="и"><g v="CONJ"></g></l></v></tfr></token><token id="659561" text="некоторые"><tfr rev_id="4475725" t="некоторые"><v><l id="183542" t="некоторый"><g v="ADJF"></g><g v="Apro"></g><g v="plur"></g><g v="nomn"></g></l></v><v><l id="183542" t="некоторый"><g v="ADJF"></g><g v="Apro"></g><g v="inan"></g><g v="plur"></g><g v="accs"></g></l></v></tfr></token><token id="659562" text="депутаты"><tfr rev_id="1491660" t="депутаты"><v><l id="81561" t="депутат"><g v="NOUN"></g><g v="anim"></g><g v="masc"></g><g v="plur"></g><g v="nomn"></g></l></v></tfr></token><token id="659563" text="сочли"><tfr rev_id="1491661" t="сочли"><v><l id="341259" t="счёл"><g v="VERB"></g><g v="perf"></g><g v="tran"></g><g v="plur"></g><g v="past"></g><g v="indc"></g></l></v></tfr></token><token id="659564" text="это"><tfr rev_id="4441738" t="это"><v><l id="386574" t="это"><g v="PRCL"></g></l></v><v><l id="386575" t="это"><g v="NPRO"></g><g v="neut"></g><g v="sing"></g><g v="nomn"></g></l></v><v><l id="386575" t="это"><g v="NPRO"></g><g v="neut"></g><g v="sing"></g><g v="accs"></g></l></v><v><l id="386581" t="этот"><g v="ADJF"></g><g v="Subx"></g><g v="Apro"></g><g v="Anph"></g><g v="neut"></g><g v="sing"></g><g v="nomn"></g></l></v><v><l id="386581" t="этот"><g v="ADJF"></g><g v="Subx"></g><g v="Apro"></g><g v="Anph"></g><g v="neut"></g><g v="sing"></g><g v="accs"></g></l></v></tfr></token><token id="659565" text="решение"><tfr rev_id="1491663" t="решение"><v><l id="307350" t="решение"><g v="NOUN"></g><g v="inan"></g><g v="neut"></g><g v="sing"></g><g v="nomn"></g></l></v><v><l id="307350" t="решение"><g v="NOUN"></g><g v="inan"></g><g v="neut"></g><g v="sing"></g><g v="accs"></g></l></v></tfr></token><token id="659566" text="своевременным"><tfr rev_id="4171636" t="своевременным"><v><l id="316319" t="своевременный"><g v="ADJF"></g><g v="neut"></g><g v="sing"></g><g v="ablt"></g></l></v></tfr></token><token id="659567" text=","><tfr rev_id="1491665" t=","><v><l id="0" t=","><g v="PNCT"></g></l></v></tfr></token><token id="659568" text="а"><tfr rev_id="1491666" t="а"><v><l id="51" t="а"><g v="CONJ"></g></l></v><v><l id="52" t="а"><g v="INTJ"></g></l></v><v><l id="53" t="а"><g v="PRCL"></g></l></v></tfr></token><token id="659569" text="молодежь"><tfr rev_id="1491667" t="молодежь"><v><l id="162804" t="молодёжь"><g v="NOUN"></g><g v="inan"></g><g v="femn"></g><g v="sing"></g><g v="nomn"></g></l></v><v><l id="162804" t="молодёжь"><g v="NOUN"></g><g v="inan"></g><g v="femn"></g><g v="sing"></g><g v="accs"></g></l></v></tfr></token><token id="659570" text=","><tfr rev_id="1491668" t=","><v><l id="0" t=","><g v="PNCT"></g></l></v></tfr></token><token id="659571" text="главный"><tfr rev_id="1491669" t="главный"><v><l id="70842" t="главный"><g v="ADJF"></g><g v="Qual"></g><g v="masc"></g><g v="sing"></g><g v="nomn"></g></l></v><v><l id="70842" t="главный"><g v="ADJF"></g><g v="Qual"></g><g v="inan"></g><g v="masc"></g><g v="sing"></g><g v="accs"></g></l></v></tfr></token><token id="659572" text="омбудсмен"><tfr rev_id="1491670" t="омбудсмен"><v><l id="206281" t="омбудсмен"><g v="NOUN"></g><g v="anim"></g><g v="masc"></g><g v="sing"></g><g v="nomn"></g></l></v></tfr></token><token id="659573" text="России"><tfr rev_id="2922534" t="России"><v><l id="309322" t="россия"><g v="NOUN"></g><g v="inan"></g><g v="femn"></g><g v="Sgtm"></g><g v="Geox"></g><g v="sing"></g><g v="gent"></g></l></v></tfr></token><token id="659574" text=","><tfr rev_id="1491672" t=","><v><l id="0" t=","><g v="PNCT"></g></l></v></tfr></token><token id="659575" text="а"><tfr rev_id="3962455" t="а"><v><l id="51" t="а"><g v="CONJ"></g></l></v></tfr></token><token id="659576" text="также"><tfr rev_id="4267800" t="также"><v><l id="342482" t="также"><g v="PRCL"></g></l></v></tfr></token><token id="659577" text="единороссы"><tfr rev_id="3418803" t="единороссы"><v><l id="388788" t="единоросс"><g v="NOUN"></g><g v="anim"></g><g v="masc"></g><g v="plur"></g><g v="nomn"></g></l></v></tfr></token><token id="659578" text="посчитали"><tfr rev_id="1491676" t="посчитали"><v><l id="262767" t="посчитал"><g v="VERB"></g><g v="perf"></g><g v="tran"></g><g v="plur"></g><g v="past"></g><g v="indc"></g></l></v></tfr></token><token id="659579" text="закрытие"><tfr rev_id="1491677" t="закрытие"><v><l id="104242" t="закрытие"><g v="NOUN"></g><g v="inan"></g><g v="neut"></g><g v="sing"></g><g v="nomn"></g></l></v><v><l id="104242" t="закрытие"><g v="NOUN"></g><g v="inan"></g><g v="neut"></g><g v="sing"></g><g v="accs"></g></l></v></tfr></token><token id="659580" text="возвращением"><tfr rev_id="1491678" t="возвращением"><v><l id="48845" t="возвращение"><g v="NOUN"></g><g v="inan"></g><g v="neut"></g><g v="sing"></g><g v="ablt"></g></l></v></tfr></token><token id="659581" text="к"><tfr rev_id="1491679" t="к"><v><l id="127460" t="к"><g v="PREP"></g></l></v></tfr></token><token id="659582" text="цензуре"><tfr rev_id="3557028" t="цензуре"><v><l id="373306" t="цензура"><g v="NOUN"></g><g v="inan"></g><g v="femn"></g><g v="sing"></g><g v="datv"></g></l></v></tfr></token><token id="659583" text="и"><tfr rev_id="1491681" t="и"><v><l id="116949" t="и"><g v="CONJ"></g></l></v><v><l id="116950" t="и"><g v="INTJ"></g></l></v></tfr></token><token id="659584" text="ханжеством"><tfr rev_id="1491682" t="ханжеством"><v><l id="369330" t="ханжество"><g v="NOUN"></g><g v="inan"></g><g v="neut"></g><g v="sing"></g><g v="ablt"></g></l></v></tfr></token><token id="659585" text="."><tfr rev_id="1491683" t="."><v><l id="0" t="."><g v="PNCT"></g></l></v></tfr></token></tokens></sentence><sentence id="36871"><source>Но главными оставались вопросы: почему закрыли, кто распорядился, за что?</source><tokens><token id="659586" text="Но"><tfr rev_id="3495500" t="Но"><v><l id="191429" t="но"><g v="CONJ"></g></l></v></tfr></token><token id="659587" text="главными"><tfr rev_id="4234733" t="главными"><v><l id="70842" t="главный"><g v="ADJF"></g><g v="Qual"></g><g v="plur"></g><g v="ablt"></g></l></v></tfr></token><token id="659588" text="оставались"><tfr rev_id="1491686" t="оставались"><v><l id="210812" t="остаюсь"><g v="VERB"></g><g v="impf"></g><g v="intr"></g><g v="plur"></g><g v="past"></g><g v="indc"></g></l></v></tfr></token><token id="659589" text="вопросы"><tfr rev_id="3749372" t="вопросы"><v><l id="50830" t="вопрос"><g v="NOUN"></g><g v="inan"></g><g v="masc"></g><g v="plur"></g><g v="nomn"></g></l></v></tfr></token><token id="659590" text=":"><tfr rev_id="1491688" t=":"><v><l id="0" t=":"><g v="PNCT"></g></l></v></tfr></token><token id="659591" text="почему"><tfr rev_id="1491689" t="почему"><v><l id="264705" t="почему"><g v="ADVB"></g><g v="Ques"></g></l></v></tfr></token><token id="659592" text="закрыли"><tfr rev_id="1491690" t="закрыли"><v><l id="104248" t="закрыл"><g v="VERB"></g><g v="perf"></g><g v="tran"></g><g v="plur"></g><g v="past"></g><g v="indc"></g></l></v></tfr></token><token id="659593" text=","><tfr rev_id="1491691" t=","><v><l id="0" t=","><g v="PNCT"></g></l></v></tfr></token><token id="659594" text="кто"><tfr rev_id="1491692" t="кто"><v><l id="144216" t="кто"><g v="NPRO"></g><g v="masc"></g><g v="sing"></g><g v="nomn"></g></l></v></tfr></token><token id="659595" text="распорядился"><tfr rev_id="1491693" t="распорядился"><v><l id="300165" t="распорядился"><g v="VERB"></g><g v="perf"></g><g v="intr"></g><g v="masc"></g><g v="sing"></g><g v="past"></g><g v="indc"></g></l></v></tfr></token><token id="659596" text=","><tfr rev_id="1491694" t=","><v><l id="0" t=","><g v="PNCT"></g></l></v></tfr></token><token id="659597" text="за"><tfr rev_id="1491695" t="за"><v><l id="98043" t="за"><g v="PREP"></g></l></v></tfr></token><token id="659598" text="что"><tfr rev_id="3197396" t="что"><v><l id="377004" t="что"><g v="CONJ"></g></l></v><v><l id="377005" t="что"><g v="NPRO"></g><g v="neut"></g><g v="sing"></g><g v="nomn"></g></l></v><v><l id="377005" t="что"><g v="NPRO"></g><g v="neut"></g><g v="sing"></g><g v="accs"></g></l></v><v><l id="377006" t="что"><g v="ADVB"></g><g v="Ques"></g></l></v><v><l id="388695" t="что"><g v="PRCL"></g></l></v></tfr></token><token id="659599" text="?"><tfr rev_id="1491697" t="?"><v><l id="0" t="?"><g v="PNCT"></g></l></v></tfr></token></tokens></sentence></paragraph><paragraph id="11776"><sentence id="36872"><source>Точки над i расставил утренний комментарий пресс-службы Первого канала.</source><tokens><token id="659600" text="Точки"><tfr rev_id="3795529" t="Точки"><v><l id="348511" t="точка"><g v="NOUN"></g><g v="inan"></g><g v="femn"></g><g v="plur"></g><g v="accs"></g></l></v></tfr></token><token id="659601" text="над"><tfr rev_id="1491699" t="над"><v><l id="168356" t="над"><g v="PREP"></g></l></v></tfr></token><token id="659602" text="i"><tfr rev_id="2475119" t="i"><v><l id="0" t="i"><g v="LATN"></g></l></v></tfr></token><token id="659603" text="расставил"><tfr rev_id="1491701" t="расставил"><v><l id="301390" t="расставил"><g v="VERB"></g><g v="perf"></g><g v="tran"></g><g v="masc"></g><g v="sing"></g><g v="past"></g><g v="indc"></g></l></v></tfr></token><token id="659604" text="утренний"><tfr rev_id="1491702" t="утренний"><v><l id="362435" t="утренний"><g v="ADJF"></g><g v="masc"></g><g v="sing"></g><g v="nomn"></g></l></v><v><l id="362435" t="утренний"><g v="ADJF"></g><g v="inan"></g><g v="masc"></g><g v="sing"></g><g v="accs"></g></l></v></tfr></token><token id="659605" text="комментарий"><tfr rev_id="1491703" t="комментарий"><v><l id="136972" t="комментарий"><g v="NOUN"></g><g v="inan"></g><g v="masc"></g><g v="sing"></g><g v="nomn"></g></l></v><v><l id="136972" t="комментарий"><g v="NOUN"></g><g v="inan"></g><g v="masc"></g><g v="sing"></g><g v="accs"></g></l></v></tfr></token><token id="659606" text="пресс-службы"><tfr rev_id="3502484" t="пресс-службы"><v><l id="268250" t="пресс-служба"><g v="NOUN"></g><g v="inan"></g><g v="femn"></g><g v="sing"></g><g v="gent"></g></l></v></tfr></token><token id="659607" text="Первого"><tfr rev_id="4535235" t="Первого"><v><l id="226359" t="первый"><g v="ADJF"></g><g v="Anum"></g><g v="masc"></g><g v="sing"></g><g v="gent"></g></l></v><v><l id="226359" t="первый"><g v="ADJF"></g><g v="Anum"></g><g v="neut"></g><g v="sing"></g><g v="gent"></g></l></v></tfr></token><token id="659608" text="канала"><tfr rev_id="1491706" t="канала"><v><l id="129205" t="канал"><g v="NOUN"></g><g v="inan"></g><g v="masc"></g><g v="sing"></g><g v="gent"></g></l></v></tfr></token><token id="659609" text="."><tfr rev_id="1491707" t="."><v><l id="0" t="."><g v="PNCT"></g></l></v></tfr></token></tokens></sentence><sentence id="36873"><source>Оказалось, что противники и сторонники сериала совершенно напрасно муссировали его закрытие.</source><tokens><token id="659610" text="Оказалось"><tfr rev_id="1491708" t="Оказалось"><v><l id="204462" t="оказался"><g v="VERB"></g><g v="perf"></g><g v="intr"></g><g v="neut"></g><g v="sing"></g><g v="past"></g><g v="indc"></g></l></v></tfr></token><token id="659611" text=","><tfr rev_id="1491709" t=","><v><l id="0" t=","><g v="PNCT"></g></l></v></tfr></token><token id="659612" text="что"><tfr rev_id="3197397" t="что"><v><l id="377004" t="что"><g v="CONJ"></g></l></v><v><l id="377005" t="что"><g v="NPRO"></g><g v="neut"></g><g v="sing"></g><g v="nomn"></g></l></v><v><l id="377005" t="что"><g v="NPRO"></g><g v="neut"></g><g v="sing"></g><g v="accs"></g></l></v><v><l id="377006" t="что"><g v="ADVB"></g><g v="Ques"></g></l></v><v><l id="388695" t="что"><g v="PRCL"></g></l></v></tfr></token><token id="659613" text="противники"><tfr rev_id="1491711" t="противники"><v><l id="285802" t="противник"><g v="NOUN"></g><g v="anim"></g><g v="masc"></g><g v="plur"></g><g v="nomn"></g></l></v></tfr></token><token id="659614" text="и"><tfr rev_id="1491712" t="и"><v><l id="116949" t="и"><g v="CONJ"></g></l></v><v><l id="116950" t="и"><g v="INTJ"></g></l></v></tfr></token><token id="659615" text="сторонники"><tfr rev_id="1491713" t="сторонники"><v><l id="336904" t="сторонник"><g v="NOUN"></g><g v="anim"></g><g v="masc"></g><g v="plur"></g><g v="nomn"></g></l></v></tfr></token><token id="659616" text="сериала"><tfr rev_id="1491714" t="сериала"><v><l id="319271" t="сериал"><g v="NOUN"></g><g v="inan"></g><g v="masc"></g><g v="sing"></g><g v="gent"></g></l></v></tfr></token><token id="659617" text="совершенно"><tfr rev_id="1491715" t="совершенно"><v><l id="327897" t="совершенно"><g v="ADVB"></g></l></v><v><l id="327905" t="совершенен"><g v="ADJS"></g><g v="Qual"></g><g v="neut"></g><g v="sing"></g></l></v></tfr></token><token id="659618" text="напрасно"><tfr rev_id="1491716" t="напрасно"><v><l id="173986" t="напрасно"><g v="ADVB"></g><g v="Prdx"></g></l></v><v><l id="173989" t="напрасен"><g v="ADJS"></g><g v="Qual"></g><g v="neut"></g><g v="sing"></g></l></v></tfr></token><token id="659619" text="муссировали"><tfr rev_id="1491717" t="муссировали"><v><l id="165413" t="муссирую"><g v="VERB"></g><g v="impf"></g><g v="tran"></g><g v="plur"></g><g v="past"></g><g v="indc"></g></l></v></tfr></token><token id="659620" text="его"><tfr rev_id="4456376" t="его"><v><l id="94208" t="его"><g v="ADJF"></g><g v="Fixd"></g><g v="Apro"></g><g v="Anph"></g><g v="neut"></g><g v="sing"></g><g v="nomn"></g></l></v><v><l id="94208" t="его"><g v="ADJF"></g><g v="Fixd"></g><g v="Apro"></g><g v="Anph"></g><g v="neut"></g><g v="sing"></g><g v="gent"></g></l></v><v><l id="94208" t="его"><g v="ADJF"></g><g v="Fixd"></g><g v="Apro"></g><g v="Anph"></g><g v="neut"></g><g v="sing"></g><g v="datv"></g></l></v><v><l id="94208" t="его"><g v="ADJF"></g><g v="Fixd"></g><g v="Apro"></g><g v="Anph"></g><g v="neut"></g><g v="sing"></g><g v="accs"></g></l></v><v><l id="94208" t="его"><g v="ADJF"></g><g v="Fixd"></g><g v="Apro"></g><g v="Anph"></g><g v="neut"></g><g v="sing"></g><g v="ablt"></g></l></v><v><l id="94208" t="его"><g v="ADJF"></g><g v="Fixd"></g><g v="Apro"></g><g v="Anph"></g><g v="neut"></g><g v="sing"></g><g v="loct"></g></l></v></tfr></token><token id="659621" text="закрытие"><tfr rev_id="4379945" t="закрытие"><v><l id="104242" t="закрытие"><g v="NOUN"></g><g v="inan"></g><g v="neut"></g><g v="sing"></g><g v="accs"></g></l></v></tfr></token><token id="659622" text="."><tfr rev_id="1491720" t="."><v><l id="0" t="."><g v="PNCT"></g></l></v></tfr></token></tokens></sentence><sentence id="36874"><source>«Школа» не закрывается, а уходит на двухнедельные зимние каникулы.</source><tokens><token id="659623" text="«"><tfr rev_id="2445814" t="«"><v><l id="0" t="«"><g v="PNCT"></g></l></v></tfr></token><token id="659624" text="Школа"><tfr rev_id="1491722" t="Школа"><v><l id="380220" t="школа"><g v="NOUN"></g><g v="inan"></g><g v="femn"></g><g v="sing"></g><g v="nomn"></g></l></v></tfr></token><token id="659625" text="»"><tfr rev_id="2445815" t="»"><v><l id="0" t="»"><g v="PNCT"></g></l></v></tfr></token><token id="659626" text="не"><tfr rev_id="1491724" t="не"><v><l id="178876" t="не"><g v="PRCL"></g></l></v></tfr></token><token id="659627" text="закрывается"><tfr rev_id="1491725" t="закрывается"><v><l id="104236" t="закрываюсь"><g v="VERB"></g><g v="impf"></g><g v="intr"></g><g v="sing"></g><g v="3per"></g><g v="pres"></g><g v="indc"></g></l></v></tfr></token><token id="659628" text=","><tfr rev_id="1491726" t=","><v><l id="0" t=","><g v="PNCT"></g></l></v></tfr></token><token id="659629" text="а"><tfr rev_id="1491727" t="а"><v><l id="51" t="а"><g v="CONJ"></g></l></v><v><l id="52" t="а"><g v="INTJ"></g></l></v><v><l id="53" t="а"><g v="PRCL"></g></l></v></tfr></token><token id="659630" text="уходит"><tfr rev_id="1491728" t="уходит"><v><l id="362937" t="ухожу"><g v="VERB"></g><g v="impf"></g><g v="intr"></g><g v="sing"></g><g v="3per"></g><g v="pres"></g><g v="indc"></g></l></v><v><l id="362942" t="уходил"><g v="VERB"></g><g v="perf"></g><g v="tran"></g><g v="sing"></g><g v="3per"></g><g v="futr"></g><g v="indc"></g></l></v></tfr></token><token id="659631" text="на"><tfr rev_id="3330708" t="на"><v><l id="166264" t="на"><g v="PREP"></g></l></v></tfr></token><token id="659632" text="двухнедельные"><tfr rev_id="3800434" t="двухнедельные"><v><l id="389065" t="двухнедельный"><g v="ADJF"></g><g v="inan"></g><g v="plur"></g><g v="accs"></g></l></v></tfr></token><token id="659633" text="зимние"><tfr rev_id="3793547" t="зимние"><v><l id="115420" t="зимний"><g v="ADJF"></g><g v="inan"></g><g v="plur"></g><g v="accs"></g></l></v></tfr></token><token id="659634" text="каникулы"><tfr rev_id="3727438" t="каникулы"><v><l id="129355" t="каникулы"><g v="NOUN"></g><g v="inan"></g><g v="GNdr"></g><g v="Pltm"></g><g v="plur"></g><g v="accs"></g></l></v></tfr></token><token id="659635" text="."><tfr rev_id="1491733" t="."><v><l id="0" t="."><g v="PNCT"></g></l></v></tfr></token></tokens></sentence><sentence id="36875"><source>Каникулы, конечно, вынужденные — весь мир с 12 февраля будут волновать совсем иные проблемы, нежели ученические.</source><tokens><token id="659636" text="Каникулы"><tfr rev_id="2757427" t="Каникулы"><v><l id="129355" t="каникулы"><g v="NOUN"></g><g v="inan"></g><g v="GNdr"></g><g v="Pltm"></g><g v="plur"></g><g v="nomn"></g></l></v></tfr></token><token id="659637" text=","><tfr rev_id="1491735" t=","><v><l id="0" t=","><g v="PNCT"></g></l></v></tfr></token><token id="659638" text="конечно"><tfr rev_id="1491736" t="конечно"><v><l id="137817" t="конечно"><g v="CONJ"></g><g v="Prnt"></g></l></v><v><l id="137818" t="конечно"><g v="PRCL"></g></l></v><v><l id="137822" t="конечен"><g v="ADJS"></g><g v="Qual"></g><g v="neut"></g><g v="sing"></g></l></v></tfr></token><token id="659639" text=","><tfr rev_id="1491737" t=","><v><l id="0" t=","><g v="PNCT"></g></l></v></tfr></token><token id="659640" text="вынужденные"><tfr rev_id="1491738" t="вынужденные"><v><l id="59953" t="вынужденный"><g v="PRTF"></g><g v="perf"></g><g v="tran"></g><g v="past"></g><g v="pssv"></g><g v="plur"></g><g v="nomn"></g></l></v><v><l id="59953" t="вынужденный"><g v="PRTF"></g><g v="perf"></g><g v="tran"></g><g v="past"></g><g v="pssv"></g><g v="inan"></g><g v="plur"></g><g v="accs"></g></l></v><v><l id="59970" t="вынужденный"><g v="ADJF"></g><g v="Qual"></g><g v="plur"></g><g v="nomn"></g></l></v><v><l id="59970" t="вынужденный"><g v="ADJF"></g><g v="Qual"></g><g v="inan"></g><g v="plur"></g><g v="accs"></g></l></v></tfr></token><token id="659641" text="—"><tfr rev_id="2445816" t="—"><v><l id="0" t="—"><g v="PNCT"></g></l></v></tfr></token><token id="659642" text="весь"><tfr rev_id="4283701" t="весь"><v><l id="42156" t="весь"><g v="ADJF"></g><g v="Subx"></g><g v="Apro"></g><g v="masc"></g><g v="sing"></g><g v="nomn"></g></l></v><v><l id="42156" t="весь"><g v="ADJF"></g><g v="Subx"></g><g v="Apro"></g><g v="inan"></g><g v="masc"></g><g v="sing"></g><g v="accs"></g></l></v></tfr></token><token id="659643" text="мир"><tfr rev_id="3494150" t="мир"><v><l id="160807" t="мир"><g v="NOUN"></g><g v="inan"></g><g v="masc"></g><g v="sing"></g><g v="nomn"></g></l></v><v><l id="160807" t="мир"><g v="NOUN"></g><g v="inan"></g><g v="masc"></g><g v="sing"></g><g v="accs"></g></l></v></tfr></token><token id="659644" text="с"><tfr rev_id="1491742" t="с"><v><l id="311151" t="с"><g v="PREP"></g></l></v></tfr></token><token id="659645" text="12"><tfr rev_id="2462346" t="12"><v><l id="0" t="12"><g v="NUMB"></g></l></v></tfr></token><token id="659646" text="февраля"><tfr rev_id="1491744" t="февраля"><v><l id="364920" t="февраль"><g v="NOUN"></g><g v="inan"></g><g v="masc"></g><g v="sing"></g><g v="gent"></g></l></v></tfr></token><token id="659647" text="будут"><tfr rev_id="1491745" t="будут"><v><l id="37265" t="есть"><g v="VERB"></g><g v="impf"></g><g v="intr"></g><g v="plur"></g><g v="3per"></g><g v="futr"></g><g v="indc"></g></l></v></tfr></token><token id="659648" text="волновать"><tfr rev_id="1491746" t="волновать"><v><l id="50028" t="волновать"><g v="INFN"></g><g v="impf"></g><g v="tran"></g></l></v></tfr></token><token id="659649" text="совсем"><tfr rev_id="1491747" t="совсем"><v><l id="328223" t="совсем"><g v="ADVB"></g></l></v></tfr></token><token id="659650" text="иные"><tfr rev_id="4573031" t="иные"><v><l id="122715" t="иной"><g v="ADJF"></g><g v="Subx"></g><g v="Apro"></g><g v="plur"></g><g v="nomn"></g></l></v></tfr></token><token id="659651" text="проблемы"><tfr rev_id="3805542" t="проблемы"><v><l id="277255" t="проблема"><g v="NOUN"></g><g v="inan"></g><g v="femn"></g><g v="plur"></g><g v="nomn"></g></l></v></tfr></token><token id="659652" text=","><tfr rev_id="1491750" t=","><v><l id="0" t=","><g v="PNCT"></g></l></v></tfr></token><token id="659653" text="нежели"><tfr rev_id="1491751" t="нежели"><v><l id="182018" t="нежели"><g v="CONJ"></g></l></v></tfr></token><token id="659654" text="ученические"><tfr rev_id="3815199" t="ученические"><v><l id="363187" t="ученический"><g v="ADJF"></g><g v="plur"></g><g v="nomn"></g></l></v></tfr></token><token id="659655" text="."><tfr rev_id="1491753" t="."><v><l id="0" t="."><g v="PNCT"></g></l></v></tfr></token></tokens></sentence><sentence id="36876"><source>Сериал на две недели уступает эфирное время трансляции XXI зимних Олимпийских игр.</source><tokens><token id="659656" text="Сериал"><tfr rev_id="4214088" t="Сериал"><v><l id="319271" t="сериал"><g v="NOUN"></g><g v="inan"></g><g v="masc"></g><g v="sing"></g><g v="nomn"></g></l></v></tfr></token><token id="659657" text="на"><tfr rev_id="3341486" t="на"><v><l id="166264" t="на"><g v="PREP"></g></l></v></tfr></token><token id="659658" text="две"><tfr rev_id="1491756" t="две"><v><l id="78668" t="два"><g v="NUMR"></g><g v="femn"></g><g v="nomn"></g></l></v><v><l id="78668" t="два"><g v="NUMR"></g><g v="inan"></g><g v="femn"></g><g v="accs"></g></l></v></tfr></token><token id="659659" text="недели"><tfr rev_id="3471351" t="недели"><v><l id="180718" t="неделя"><g v="NOUN"></g><g v="inan"></g><g v="femn"></g><g v="sing"></g><g v="gent"></g></l></v></tfr></token><token id="659660" text="уступает"><tfr rev_id="1491758" t="уступает"><v><l id="361275" t="уступаю"><g v="VERB"></g><g v="impf"></g><g v="tran"></g><g v="sing"></g><g v="3per"></g><g v="pres"></g><g v="indc"></g></l></v></tfr></token><token id="659661" text="эфирное"><tfr rev_id="1491759" t="эфирное"><v><l id="386637" t="эфирный"><g v="ADJF"></g><g v="Qual"></g><g v="neut"></g><g v="sing"></g><g v="nomn"></g></l></v><v><l id="386637" t="эфирный"><g v="ADJF"></g><g v="Qual"></g><g v="neut"></g><g v="sing"></g><g v="accs"></g></l></v></tfr></token><token id="659662" text="время"><tfr rev_id="3300869" t="время"><v><l id="53149" t="время"><g v="NOUN"></g><g v="inan"></g><g v="neut"></g><g v="sing"></g><g v="accs"></g></l></v></tfr></token><token id="659663" text="трансляции"><tfr rev_id="4277538" t="трансляции"><v><l id="349070" t="трансляция"><g v="NOUN"></g><g v="inan"></g><g v="femn"></g><g v="sing"></g><g v="datv"></g></l></v></tfr></token><token id="659664" text="XXI"><tfr rev_id="2634813" t="XXI"><v><l id="0" t="XXI"><g v="ROMN"></g></l></v></tfr></token><token id="659665" text="зимних"><tfr rev_id="3707542" t="зимних"><v><l id="115420" t="зимний"><g v="ADJF"></g><g v="plur"></g><g v="gent"></g></l></v></tfr></token><token id="659666" text="Олимпийских"><tfr rev_id="4095735" t="Олимпийских"><v><l id="206115" t="олимпийский"><g v="ADJF"></g><g v="plur"></g><g v="gent"></g></l></v></tfr></token><token id="659667" text="игр"><tfr rev_id="1491765" t="игр"><v><l id="117293" t="игра"><g v="NOUN"></g><g v="inan"></g><g v="femn"></g><g v="plur"></g><g v="gent"></g></l></v></tfr></token><token id="659668" text="."><tfr rev_id="1491766" t="."><v><l id="0" t="."><g v="PNCT"></g></l></v></tfr></token></tokens></sentence><sentence id="36877"><source>А сразу после соревнования герои снова сядут за парты.</source><tokens><token id="659669" text="А"><tfr rev_id="1491767" t="А"><v><l id="51" t="а"><g v="CONJ"></g></l></v><v><l id="52" t="а"><g v="INTJ"></g></l></v><v><l id="53" t="а"><g v="PRCL"></g></l></v></tfr></token><token id="659670" text="сразу"><tfr rev_id="1491768" t="сразу"><v><l id="333375" t="сразу"><g v="ADVB"></g></l></v></tfr></token><token id="659671" text="после"><tfr rev_id="4406555" t="после"><v><l id="261542" t="после"><g v="PREP"></g></l></v></tfr></token><token id="659672" text="соревнования"><tfr rev_id="3469830" t="соревнования"><v><l id="330012" t="соревнование"><g v="NOUN"></g><g v="inan"></g><g v="neut"></g><g v="sing"></g><g v="gent"></g></l></v></tfr></token><token id="659673" text="герои"><tfr rev_id="1491771" t="герои"><v><l id="69212" t="герой"><g v="NOUN"></g><g v="anim"></g><g v="masc"></g><g v="plur"></g><g v="nomn"></g></l></v></tfr></token><token id="659674" text="снова"><tfr rev_id="1491772" t="снова"><v><l id="327458" t="снова"><g v="ADVB"></g></l></v></tfr></token><token id="659675" text="сядут"><tfr rev_id="1491773" t="сядут"><v><l id="319593" t="сел"><g v="VERB"></g><g v="perf"></g><g v="intr"></g><g v="plur"></g><g v="3per"></g><g v="futr"></g><g v="indc"></g></l></v></tfr></token><token id="659676" text="за"><tfr rev_id="1491774" t="за"><v><l id="98043" t="за"><g v="PREP"></g></l></v></tfr></token><token id="659677" text="парты"><tfr rev_id="3793819" t="парты"><v><l id="224372" t="парта"><g v="NOUN"></g><g v="inan"></g><g v="femn"></g><g v="plur"></g><g v="accs"></g></l></v></tfr></token><token id="659678" text="."><tfr rev_id="1491776" t="."><v><l id="0" t="."><g v="PNCT"></g></l></v></tfr></token></tokens></sentence><sentence id="36878"><source>Таким образом, интерес к сериалу после некоторого снижения рейтингов снова достигнет своего пика.</source><tokens><token id="659679" text="Таким"><tfr rev_id="4308473" t="Таким"><v><l id="342491" t="такой"><g v="ADJF"></g><g v="Apro"></g><g v="masc"></g><g v="sing"></g><g v="ablt"></g></l></v></tfr></token><token id="659680" text="образом"><tfr rev_id="1491778" t="образом"><v><l id="198787" t="образ"><g v="NOUN"></g><g v="inan"></g><g v="masc"></g><g v="sing"></g><g v="ablt"></g></l></v></tfr></token><token id="659681" text=","><tfr rev_id="1491779" t=","><v><l id="0" t=","><g v="PNCT"></g></l></v></tfr></token><token id="659682" text="интерес"><tfr rev_id="3715379" t="интерес"><v><l id="123163" t="интерес"><g v="NOUN"></g><g v="inan"></g><g v="masc"></g><g v="sing"></g><g v="nomn"></g></l></v></tfr></token><token id="659683" text="к"><tfr rev_id="1491781" t="к"><v><l id="127460" t="к"><g v="PREP"></g></l></v></tfr></token><token id="659684" text="сериалу"><tfr rev_id="1491782" t="сериалу"><v><l id="319271" t="сериал"><g v="NOUN"></g><g v="inan"></g><g v="masc"></g><g v="sing"></g><g v="datv"></g></l></v></tfr></token><token id="659685" text="после"><tfr rev_id="4406177" t="после"><v><l id="261542" t="после"><g v="PREP"></g></l></v></tfr></token><token id="659686" text="некоторого"><tfr rev_id="3449672" t="некоторого"><v><l id="183542" t="некоторый"><g v="ADJF"></g><g v="Apro"></g><g v="neut"></g><g v="sing"></g><g v="gent"></g></l></v></tfr></token><token id="659687" text="снижения"><tfr rev_id="3471250" t="снижения"><v><l id="327355" t="снижение"><g v="NOUN"></g><g v="inan"></g><g v="neut"></g><g v="sing"></g><g v="gent"></g></l></v></tfr></token><token id="659688" text="рейтингов"><tfr rev_id="3463481" t="рейтингов"><v><l id="305607" t="рейтинг"><g v="NOUN"></g><g v="inan"></g><g v="masc"></g><g v="plur"></g><g v="gent"></g></l></v></tfr></token><token id="659689" text="снова"><tfr rev_id="1491787" t="снова"><v><l id="327458" t="снова"><g v="ADVB"></g></l></v></tfr></token><token id="659690" text="достигнет"><tfr rev_id="1491788" t="достигнет"><v><l id="90519" t="достиг"><g v="VERB"></g><g v="perf"></g><g v="tran"></g><g v="sing"></g><g v="3per"></g><g v="futr"></g><g v="indc"></g></l></v></tfr></token><token id="659691" text="своего"><tfr rev_id="4162084" t="своего"><v><l id="316379" t="свой"><g v="ADJF"></g><g v="Apro"></g><g v="Anph"></g><g v="masc"></g><g v="sing"></g><g v="gent"></g></l></v><v><l id="316379" t="свой"><g v="ADJF"></g><g v="Apro"></g><g v="Anph"></g><g v="anim"></g><g v="masc"></g><g v="sing"></g><g v="accs"></g></l></v></tfr></token><token id="659692" text="пика"><tfr rev_id="4293787" t="пика"><v><l id="238491" t="пик"><g v="NOUN"></g><g v="inan"></g><g v="masc"></g><g v="sing"></g><g v="gent"></g></l></v></tfr></token><token id="659693" text="."><tfr rev_id="1491791" t="."><v><l id="0" t="."><g v="PNCT"></g></l></v></tfr></token></tokens></sentence></paragraph><paragraph id="11777"><sentence id="36879"><source>О том, почему сериал о взаимоотношениях российских учеников вызвал столько споров, читайте в статье Частного корреспондента «Школа»</source><tokens><token id="659694" text="О"><tfr rev_id="3226834" t="О"><v><l id="192977" t="о"><g v="PREP"></g></l></v></tfr></token><token id="659695" text="том"><tfr rev_id="4353163" t="том"><v><l id="348430" t="тот"><g v="ADJF"></g><g v="Subx"></g><g v="Apro"></g><g v="Anph"></g><g v="neut"></g><g v="sing"></g><g v="loct"></g></l></v></tfr></token><token id="659696" text=","><tfr rev_id="1491794" t=","><v><l id="0" t=","><g v="PNCT"></g></l></v></tfr></token><token id="659697" text="почему"><tfr rev_id="1491795" t="почему"><v><l id="264705" t="почему"><g v="ADVB"></g><g v="Ques"></g></l></v></tfr></token><token id="659698" text="сериал"><tfr rev_id="4099367" t="сериал"><v><l id="319271" t="сериал"><g v="NOUN"></g><g v="inan"></g><g v="masc"></g><g v="sing"></g><g v="nomn"></g></l></v></tfr></token><token id="659699" text="о"><tfr rev_id="3332907" t="о"><v><l id="192977" t="о"><g v="PREP"></g></l></v></tfr></token><token id="659700" text="взаимоотношениях"><tfr rev_id="4473266" t="взаимоотношениях"><v><l id="42662" t="взаимоотношение"><g v="NOUN"></g><g v="inan"></g><g v="neut"></g><g v="plur"></g><g v="loct"></g></l></v></tfr></token><token id="659701" text="российских"><tfr rev_id="3532500" t="российских"><v><l id="309319" t="российский"><g v="ADJF"></g><g v="plur"></g><g v="gent"></g></l></v></tfr></token><token id="659702" text="учеников"><tfr rev_id="4085263" t="учеников"><v><l id="363185" t="ученик"><g v="NOUN"></g><g v="anim"></g><g v="masc"></g><g v="plur"></g><g v="gent"></g></l></v></tfr></token><token id="659703" text="вызвал"><tfr rev_id="1491801" t="вызвал"><v><l id="57525" t="вызвал"><g v="VERB"></g><g v="perf"></g><g v="tran"></g><g v="masc"></g><g v="sing"></g><g v="past"></g><g v="indc"></g></l></v></tfr></token><token id="659704" text="столько"><tfr rev_id="3399178" t="столько"><v><l id="336670" t="столько"><g v="ADVB"></g></l></v><v><l id="336671" t="столько"><g v="NUMR"></g><g v="nomn"></g></l></v><v><l id="336671" t="столько"><g v="NUMR"></g><g v="inan"></g><g v="accs"></g></l></v><v><l id="388693" t="столько"><g v="CONJ"></g></l></v></tfr></token><token id="659705" text="споров"><tfr rev_id="4555838" t="споров"><v><l id="332735" t="спор"><g v="NOUN"></g><g v="inan"></g><g v="masc"></g><g v="plur"></g><g v="gent"></g></l></v></tfr></token><token id="659706" text=","><tfr rev_id="1491804" t=","><v><l id="0" t=","><g v="PNCT"></g></l></v></tfr></token><token id="659707" text="читайте"><tfr rev_id="1491805" t="читайте"><v><l id="376719" t="читаю"><g v="VERB"></g><g v="impf"></g><g v="tran"></g><g v="plur"></g><g v="impr"></g><g v="excl"></g></l></v></tfr></token><token id="659708" text="в"><tfr rev_id="1491806" t="в"><v><l id="37409" t="в"><g v="PREP"></g></l></v></tfr></token><token id="659709" text="статье"><tfr rev_id="3556976" t="статье"><v><l id="335173" t="статья"><g v="NOUN"></g><g v="inan"></g><g v="femn"></g><g v="sing"></g><g v="loct"></g></l></v></tfr></token><token id="659710" text="Частного"><tfr rev_id="4297101" t="Частного"><v><l id="374795" t="частный"><g v="ADJF"></g><g v="Qual"></g><g v="masc"></g><g v="sing"></g><g v="gent"></g></l></v><v><l id="374795" t="частный"><g v="ADJF"></g><g v="Qual"></g><g v="anim"></g><g v="masc"></g><g v="sing"></g><g v="accs"></g></l></v></tfr></token><token id="659711" text="корреспондента"><tfr rev_id="4216764" t="корреспондента"><v><l id="140239" t="корреспондент"><g v="NOUN"></g><g v="anim"></g><g v="masc"></g><g v="sing"></g><g v="gent"></g></l></v></tfr></token><token id="659712" text="«"><tfr rev_id="2445817" t="«"><v><l id="0" t="«"><g v="PNCT"></g></l></v></tfr></token><token id="659713" text="Школа"><tfr rev_id="1491811" t="Школа"><v><l id="380220" t="школа"><g v="NOUN"></g><g v="inan"></g><g v="femn"></g><g v="sing"></g><g v="nomn"></g></l></v></tfr></token><token id="659714" text="»"><tfr rev_id="2445818" t="»"><v><l id="0" t="»"><g v="PNCT"></g></l></v></tfr></token></tokens></sentence></paragraph></paragraphs></text>