<?xml version="1.0" encoding="utf-8"?><text id="1289" parent="602" name="0026476 На Новый Год Родя подарил плюшевую корову-подушку"><tags><tag>url:http://l-i-d-y-a.livejournal.com/26476.html</tag><tag>Год:2008</tag><tag>Дата:06/01</tag><tag>Время:14:23</tag><tag>ЖЖ:Метка:внутр и внеш</tag></tags><paragraphs><paragraph id="11821"><sentence id="36949"><source>На Новый Год Родя подарил плюшевую корову-подушку</source><tokens><token id="660838" text="На"><tfr rev_id="3330530" t="На"><v><l id="166264" t="на"><g v="PREP"></g></l></v></tfr></token><token id="660839" text="Новый"><tfr rev_id="1492937" t="Новый"><v><l id="191918" t="новый"><g v="ADJF"></g><g v="Qual"></g><g v="masc"></g><g v="sing"></g><g v="nomn"></g></l></v><v><l id="191918" t="новый"><g v="ADJF"></g><g v="Qual"></g><g v="inan"></g><g v="masc"></g><g v="sing"></g><g v="accs"></g></l></v></tfr></token><token id="660840" text="Год"><tfr rev_id="1492938" t="Год"><v><l id="72149" t="год"><g v="NOUN"></g><g v="inan"></g><g v="masc"></g><g v="sing"></g><g v="nomn"></g></l></v><v><l id="72149" t="год"><g v="NOUN"></g><g v="inan"></g><g v="masc"></g><g v="sing"></g><g v="accs"></g></l></v></tfr></token><token id="660841" text="Родя"><tfr rev_id="2634567" t="Родя"><v><l id="308426" t="родя"><g v="NOUN"></g><g v="anim"></g><g v="masc"></g><g v="Name"></g><g v="sing"></g><g v="nomn"></g></l></v></tfr></token><token id="660842" text="подарил"><tfr rev_id="1492940" t="подарил"><v><l id="243870" t="подарил"><g v="VERB"></g><g v="perf"></g><g v="tran"></g><g v="masc"></g><g v="sing"></g><g v="past"></g><g v="indc"></g></l></v></tfr></token><token id="660843" text="плюшевую"><tfr rev_id="1492941" t="плюшевую"><v><l id="241118" t="плюшевый"><g v="ADJF"></g><g v="Qual"></g><g v="femn"></g><g v="sing"></g><g v="accs"></g></l></v></tfr></token><token id="660844" text="корову"><tfr rev_id="1492942" t="корову"><v><l id="139893" t="корова"><g v="NOUN"></g><g v="anim"></g><g v="femn"></g><g v="sing"></g><g v="accs"></g></l></v></tfr></token><token id="660845" text="-"><tfr rev_id="1492943" t="-"><v><l id="0" t="-"><g v="PNCT"></g></l></v></tfr></token><token id="660846" text="подушку"><tfr rev_id="1492944" t="подушку"><v><l id="252049" t="подушка"><g v="NOUN"></g><g v="inan"></g><g v="femn"></g><g v="sing"></g><g v="accs"></g></l></v></tfr></token></tokens></sentence></paragraph><paragraph id="11822"><sentence id="36950"><source>- Годен в течение 10 лет с даты изготовления, - читает Лидия Михайловна.</source><tokens><token id="660847" text="-"><tfr rev_id="1492945" t="-"><v><l id="0" t="-"><g v="PNCT"></g></l></v></tfr></token><token id="660848" text="Годен"><tfr rev_id="1492946" t="Годен"><v><l id="72186" t="годен"><g v="ADJS"></g><g v="Qual"></g><g v="masc"></g><g v="sing"></g></l></v></tfr></token><token id="660849" text="в"><tfr rev_id="1492947" t="в"><v><l id="37409" t="в"><g v="PREP"></g></l></v></tfr></token><token id="660850" text="течение"><tfr rev_id="1492948" t="течение"><v><l id="346009" t="течение"><g v="NOUN"></g><g v="inan"></g><g v="neut"></g><g v="sing"></g><g v="nomn"></g></l></v><v><l id="346009" t="течение"><g v="NOUN"></g><g v="inan"></g><g v="neut"></g><g v="sing"></g><g v="accs"></g></l></v></tfr></token><token id="660851" text="10"><tfr rev_id="2462352" t="10"><v><l id="0" t="10"><g v="NUMB"></g></l></v></tfr></token><token id="660852" text="лет"><tfr rev_id="3462935" t="лет"><v><l id="72149" t="год"><g v="NOUN"></g><g v="inan"></g><g v="masc"></g><g v="plur"></g><g v="gent"></g></l></v></tfr></token><token id="660853" text="с"><tfr rev_id="1492951" t="с"><v><l id="311151" t="с"><g v="PREP"></g></l></v></tfr></token><token id="660854" text="даты"><tfr rev_id="3503569" t="даты"><v><l id="78501" t="дата"><g v="NOUN"></g><g v="inan"></g><g v="femn"></g><g v="sing"></g><g v="gent"></g></l></v></tfr></token><token id="660855" text="изготовления"><tfr rev_id="2628410" t="изготовления"><v><l id="118615" t="изготовление"><g v="NOUN"></g><g v="inan"></g><g v="neut"></g><g v="sing"></g><g v="gent"></g></l></v></tfr></token><token id="660856" text=","><tfr rev_id="1492954" t=","><v><l id="0" t=","><g v="PNCT"></g></l></v></tfr></token><token id="660857" text="-"><tfr rev_id="1492955" t="-"><v><l id="0" t="-"><g v="PNCT"></g></l></v></tfr></token><token id="660858" text="читает"><tfr rev_id="1492956" t="читает"><v><l id="376719" t="читаю"><g v="VERB"></g><g v="impf"></g><g v="tran"></g><g v="sing"></g><g v="3per"></g><g v="pres"></g><g v="indc"></g></l></v></tfr></token><token id="660859" text="Лидия"><tfr rev_id="4293727" t="Лидия"><v><l id="149024" t="лидия"><g v="NOUN"></g><g v="anim"></g><g v="femn"></g><g v="Name"></g><g v="sing"></g><g v="nomn"></g></l></v></tfr></token><token id="660860" text="Михайловна"><tfr rev_id="4542661" t="Михайловна"><v><l id="161198" t="михаиловна"><g v="NOUN"></g><g v="anim"></g><g v="femn"></g><g v="Patr"></g><g v="sing"></g><g v="nomn"></g></l></v></tfr></token><token id="660861" text="."><tfr rev_id="1492959" t="."><v><l id="0" t="."><g v="PNCT"></g></l></v></tfr></token></tokens></sentence><sentence id="36951"><source>- Особых условий при транспортировке, хранении, утилизации и захоронении не требуется.</source><tokens><token id="660862" text="-"><tfr rev_id="1492960" t="-"><v><l id="0" t="-"><g v="PNCT"></g></l></v></tfr></token><token id="660863" text="Особых"><tfr rev_id="4197580" t="Особых"><v><l id="210653" t="особый"><g v="ADJF"></g><g v="plur"></g><g v="gent"></g></l></v></tfr></token><token id="660864" text="условий"><tfr rev_id="1492962" t="условий"><v><l id="360556" t="условие"><g v="NOUN"></g><g v="inan"></g><g v="neut"></g><g v="plur"></g><g v="gent"></g></l></v></tfr></token><token id="660865" text="при"><tfr rev_id="2628987" t="при"><v><l id="268625" t="при"><g v="PREP"></g></l></v></tfr></token><token id="660866" text="транспортировке"><tfr rev_id="3540179" t="транспортировке"><v><l id="349172" t="транспортировка"><g v="NOUN"></g><g v="inan"></g><g v="femn"></g><g v="sing"></g><g v="loct"></g></l></v></tfr></token><token id="660867" text=","><tfr rev_id="1492965" t=","><v><l id="0" t=","><g v="PNCT"></g></l></v></tfr></token><token id="660868" text="хранении"><tfr rev_id="1492966" t="хранении"><v><l id="371857" t="хранение"><g v="NOUN"></g><g v="inan"></g><g v="neut"></g><g v="sing"></g><g v="loct"></g></l></v></tfr></token><token id="660869" text=","><tfr rev_id="1492967" t=","><v><l id="0" t=","><g v="PNCT"></g></l></v></tfr></token><token id="660870" text="утилизации"><tfr rev_id="4281536" t="утилизации"><v><l id="361890" t="утилизация"><g v="NOUN"></g><g v="inan"></g><g v="femn"></g><g v="sing"></g><g v="loct"></g></l></v></tfr></token><token id="660871" text="и"><tfr rev_id="1492969" t="и"><v><l id="116949" t="и"><g v="CONJ"></g></l></v><v><l id="116950" t="и"><g v="INTJ"></g></l></v></tfr></token><token id="660872" text="захоронении"><tfr rev_id="1492970" t="захоронении"><v><l id="112955" t="захоронение"><g v="NOUN"></g><g v="inan"></g><g v="neut"></g><g v="sing"></g><g v="loct"></g></l></v></tfr></token><token id="660873" text="не"><tfr rev_id="1492971" t="не"><v><l id="178876" t="не"><g v="PRCL"></g></l></v></tfr></token><token id="660874" text="требуется"><tfr rev_id="1492972" t="требуется"><v><l id="349476" t="требуюсь"><g v="VERB"></g><g v="impf"></g><g v="intr"></g><g v="sing"></g><g v="3per"></g><g v="pres"></g><g v="indc"></g></l></v></tfr></token><token id="660875" text="."><tfr rev_id="1492973" t="."><v><l id="0" t="."><g v="PNCT"></g></l></v></tfr></token></tokens></sentence></paragraph><paragraph id="11823"><sentence id="36952"><source>- Не слушай, не слушай эти глупости! - зажимает Лидочка уши корове.</source><tokens><token id="660876" text="-"><tfr rev_id="1492974" t="-"><v><l id="0" t="-"><g v="PNCT"></g></l></v></tfr></token><token id="660877" text="Не"><tfr rev_id="1492975" t="Не"><v><l id="178876" t="не"><g v="PRCL"></g></l></v></tfr></token><token id="660878" text="слушай"><tfr rev_id="4337742" t="слушай"><v><l id="325511" t="слушаю"><g v="VERB"></g><g v="impf"></g><g v="tran"></g><g v="sing"></g><g v="impr"></g><g v="excl"></g></l></v></tfr></token><token id="660879" text=","><tfr rev_id="1492977" t=","><v><l id="0" t=","><g v="PNCT"></g></l></v></tfr></token><token id="660880" text="не"><tfr rev_id="1492978" t="не"><v><l id="178876" t="не"><g v="PRCL"></g></l></v></tfr></token><token id="660881" text="слушай"><tfr rev_id="4284649" t="слушай"><v><l id="325511" t="слушаю"><g v="VERB"></g><g v="impf"></g><g v="tran"></g><g v="sing"></g><g v="impr"></g><g v="excl"></g></l></v></tfr></token><token id="660882" text="эти"><tfr rev_id="4446159" t="эти"><v><l id="386581" t="этот"><g v="ADJF"></g><g v="Subx"></g><g v="Apro"></g><g v="Anph"></g><g v="inan"></g><g v="plur"></g><g v="accs"></g></l></v></tfr></token><token id="660883" text="глупости"><tfr rev_id="3802434" t="глупости"><v><l id="71523" t="глупость"><g v="NOUN"></g><g v="inan"></g><g v="femn"></g><g v="plur"></g><g v="accs"></g></l></v></tfr></token><token id="660884" text="!"><tfr rev_id="1492982" t="!"><v><l id="0" t="!"><g v="PNCT"></g></l></v></tfr></token><token id="660885" text="-"><tfr rev_id="1492983" t="-"><v><l id="0" t="-"><g v="PNCT"></g></l></v></tfr></token><token id="660886" text="зажимает"><tfr rev_id="1492984" t="зажимает"><v><l id="102235" t="зажимаю"><g v="VERB"></g><g v="impf"></g><g v="tran"></g><g v="sing"></g><g v="3per"></g><g v="pres"></g><g v="indc"></g></l></v></tfr></token><token id="660887" text="Лидочка"><tfr rev_id="1492985" t="Лидочка"><v><l id="149027" t="лидочка"><g v="NOUN"></g><g v="anim"></g><g v="femn"></g><g v="Name"></g><g v="sing"></g><g v="nomn"></g></l></v></tfr></token><token id="660888" text="уши"><tfr rev_id="3750064" t="уши"><v><l id="362933" t="ухо"><g v="NOUN"></g><g v="inan"></g><g v="neut"></g><g v="plur"></g><g v="accs"></g></l></v></tfr></token><token id="660889" text="корове"><tfr rev_id="3446914" t="корове"><v><l id="139893" t="корова"><g v="NOUN"></g><g v="anim"></g><g v="femn"></g><g v="sing"></g><g v="datv"></g></l></v></tfr></token><token id="660890" text="."><tfr rev_id="1492988" t="."><v><l id="0" t="."><g v="PNCT"></g></l></v></tfr></token></tokens></sentence></paragraph></paragraphs></text>