<?xml version="1.0" encoding="utf-8"?><text id="1296" parent="602" name="0169392 в копилочку"><tags><tag>url:http://l-i-d-y-a.livejournal.com/169392.html</tag><tag>Год:2011</tag><tag>Дата:01/06</tag><tag>Время:20:26</tag><tag>ЖЖ:Метка:внутр и внеш</tag></tags><paragraphs><paragraph id="11849"><sentence id="37003"><source>в копилочку</source><tokens><token id="661482" text="в"><tfr rev_id="1493580" t="в"><v><l id="37409" t="в"><g v="PREP"></g></l></v></tfr></token><token id="661483" text="копилочку"><tfr rev_id="4533331" t="копилочку"><v><l id="391988" t="копилочка"><g v="NOUN"></g><g v="inan"></g><g v="femn"></g><g v="sing"></g><g v="accs"></g></l></v></tfr></token></tokens></sentence></paragraph><paragraph id="11850"><sentence id="37004"><source>- Девушка, простите, можно вас спросить?</source><tokens><token id="661484" text="-"><tfr rev_id="1493582" t="-"><v><l id="0" t="-"><g v="PNCT"></g></l></v></tfr></token><token id="661485" text="Девушка"><tfr rev_id="1493583" t="Девушка"><v><l id="79399" t="девушка"><g v="NOUN"></g><g v="anim"></g><g v="femn"></g><g v="sing"></g><g v="nomn"></g></l></v></tfr></token><token id="661486" text=","><tfr rev_id="1493584" t=","><v><l id="0" t=","><g v="PNCT"></g></l></v></tfr></token><token id="661487" text="простите"><tfr rev_id="1493585" t="простите"><v><l id="285009" t="простил"><g v="VERB"></g><g v="perf"></g><g v="tran"></g><g v="plur"></g><g v="2per"></g><g v="futr"></g><g v="indc"></g></l></v><v><l id="285009" t="простил"><g v="VERB"></g><g v="perf"></g><g v="tran"></g><g v="plur"></g><g v="impr"></g><g v="excl"></g></l></v></tfr></token><token id="661488" text=","><tfr rev_id="1493586" t=","><v><l id="0" t=","><g v="PNCT"></g></l></v></tfr></token><token id="661489" text="можно"><tfr rev_id="1493587" t="можно"><v><l id="162467" t="можно"><g v="PRED"></g><g v="pres"></g></l></v></tfr></token><token id="661490" text="вас"><tfr rev_id="3711758" t="вас"><v><l id="55560" t="вы"><g v="NPRO"></g><g v="2per"></g><g v="plur"></g><g v="accs"></g></l></v></tfr></token><token id="661491" text="спросить"><tfr rev_id="1493589" t="спросить"><v><l id="333055" t="спросить"><g v="INFN"></g><g v="perf"></g><g v="tran"></g></l></v></tfr></token><token id="661492" text="?"><tfr rev_id="1493590" t="?"><v><l id="0" t="?"><g v="PNCT"></g></l></v></tfr></token></tokens></sentence></paragraph><paragraph id="11851"><sentence id="37005"><source>- Да?</source><tokens><token id="661493" text="-"><tfr rev_id="1493591" t="-"><v><l id="0" t="-"><g v="PNCT"></g></l></v></tfr></token><token id="661494" text="Да"><tfr rev_id="3410814" t="Да"><v><l id="77570" t="да"><g v="PRCL"></g></l></v></tfr></token><token id="661495" text="?"><tfr rev_id="1493593" t="?"><v><l id="0" t="?"><g v="PNCT"></g></l></v></tfr></token></tokens></sentence></paragraph><paragraph id="11852"><sentence id="37006"><source>- Возьмете меня работать своим охранником?</source><tokens><token id="661496" text="-"><tfr rev_id="1493594" t="-"><v><l id="0" t="-"><g v="PNCT"></g></l></v></tfr></token><token id="661497" text="Возьмете"><tfr rev_id="1493595" t="Возьмете"><v><l id="44304" t="взял"><g v="VERB"></g><g v="perf"></g><g v="tran"></g><g v="plur"></g><g v="2per"></g><g v="futr"></g><g v="indc"></g></l></v></tfr></token><token id="661498" text="меня"><tfr rev_id="2850218" t="меня"><v><l id="387317" t="я"><g v="NPRO"></g><g v="1per"></g><g v="sing"></g><g v="accs"></g></l></v></tfr></token><token id="661499" text="работать"><tfr rev_id="1493597" t="работать"><v><l id="290503" t="работать"><g v="INFN"></g><g v="impf"></g><g v="intr"></g></l></v></tfr></token><token id="661500" text="своим"><tfr rev_id="4298378" t="своим"><v><l id="316379" t="свой"><g v="ADJF"></g><g v="Apro"></g><g v="Anph"></g><g v="masc"></g><g v="sing"></g><g v="ablt"></g></l></v></tfr></token><token id="661501" text="охранником"><tfr rev_id="1493599" t="охранником"><v><l id="221341" t="охранник"><g v="NOUN"></g><g v="anim"></g><g v="masc"></g><g v="sing"></g><g v="ablt"></g></l></v></tfr></token><token id="661502" text="?"><tfr rev_id="1493600" t="?"><v><l id="0" t="?"><g v="PNCT"></g></l></v></tfr></token></tokens></sentence></paragraph></paragraphs></text>