<?xml version="1.0" encoding="utf-8"?><text id="1299" parent="602" name="0130476 снова в Москву"><tags><tag>url:http://l-i-d-y-a.livejournal.com/130476.html</tag><tag>Год:2010</tag><tag>Дата:01/05</tag><tag>Время:22:45</tag><tag>ЖЖ:Метка:urbi et orbi</tag></tags><paragraphs><paragraph id="11868"><sentence id="37067"><source>снова в Москву</source><tokens><token id="662640" text="снова"><tfr rev_id="1494737" t="снова"><v><l id="327458" t="снова"><g v="ADVB"></g></l></v></tfr></token><token id="662641" text="в"><tfr rev_id="1494738" t="в"><v><l id="37409" t="в"><g v="PREP"></g></l></v></tfr></token><token id="662642" text="Москву"><tfr rev_id="1494739" t="Москву"><v><l id="163901" t="москва"><g v="NOUN"></g><g v="inan"></g><g v="femn"></g><g v="Sgtm"></g><g v="Geox"></g><g v="sing"></g><g v="accs"></g></l></v></tfr></token></tokens></sentence></paragraph><paragraph id="11869"><sentence id="37068"><source>У кого в Москве можно остановиться с 21-го по 26-е мая?</source><tokens><token id="662643" text="У"><tfr rev_id="3332344" t="У"><v><l id="352818" t="у"><g v="PREP"></g></l></v></tfr></token><token id="662644" text="кого"><tfr rev_id="2928162" t="кого"><v><l id="144216" t="кто"><g v="NPRO"></g><g v="masc"></g><g v="sing"></g><g v="gent"></g></l></v></tfr></token><token id="662645" text="в"><tfr rev_id="1494742" t="в"><v><l id="37409" t="в"><g v="PREP"></g></l></v></tfr></token><token id="662646" text="Москве"><tfr rev_id="2623230" t="Москве"><v><l id="163901" t="москва"><g v="NOUN"></g><g v="inan"></g><g v="femn"></g><g v="Sgtm"></g><g v="Geox"></g><g v="sing"></g><g v="loct"></g></l></v></tfr></token><token id="662647" text="можно"><tfr rev_id="1494744" t="можно"><v><l id="162467" t="можно"><g v="PRED"></g><g v="pres"></g></l></v></tfr></token><token id="662648" text="остановиться"><tfr rev_id="1494745" t="остановиться"><v><l id="210866" t="остановиться"><g v="INFN"></g><g v="perf"></g><g v="intr"></g></l></v></tfr></token><token id="662649" text="с"><tfr rev_id="1494746" t="с"><v><l id="311151" t="с"><g v="PREP"></g></l></v></tfr></token><token id="662650" text="21-го"><tfr rev_id="1494747" t="21-го"><v><l id="0" t="21-го"><g v="UNKN"></g></l></v></tfr></token><token id="662651" text="по"><tfr rev_id="1494748" t="по"><v><l id="241240" t="по"><g v="PREP"></g></l></v></tfr></token><token id="662652" text="26-е"><tfr rev_id="1494749" t="26-е"><v><l id="0" t="26-е"><g v="UNKN"></g></l></v></tfr></token><token id="662653" text="мая"><tfr rev_id="4181406" t="мая"><v><l id="153142" t="май"><g v="NOUN"></g><g v="inan"></g><g v="masc"></g><g v="Sgtm"></g><g v="sing"></g><g v="gent"></g></l></v></tfr></token><token id="662654" text="?"><tfr rev_id="1494751" t="?"><v><l id="0" t="?"><g v="PNCT"></g></l></v></tfr></token></tokens></sentence></paragraph><paragraph id="11870"><sentence id="37069"><source>Я умею молчать и мыть посуду.</source><tokens><token id="662655" text="Я"><tfr rev_id="1494752" t="Я"><v><l id="387317" t="я"><g v="NPRO"></g><g v="1per"></g><g v="sing"></g><g v="nomn"></g></l></v></tfr></token><token id="662656" text="умею"><tfr rev_id="1494753" t="умею"><v><l id="357620" t="умею"><g v="VERB"></g><g v="impf"></g><g v="intr"></g><g v="sing"></g><g v="1per"></g><g v="pres"></g><g v="indc"></g></l></v></tfr></token><token id="662657" text="молчать"><tfr rev_id="1494754" t="молчать"><v><l id="163017" t="молчать"><g v="INFN"></g><g v="impf"></g><g v="intr"></g></l></v></tfr></token><token id="662658" text="и"><tfr rev_id="1494755" t="и"><v><l id="116949" t="и"><g v="CONJ"></g></l></v><v><l id="116950" t="и"><g v="INTJ"></g></l></v></tfr></token><token id="662659" text="мыть"><tfr rev_id="1494756" t="мыть"><v><l id="165916" t="мыть"><g v="INFN"></g><g v="impf"></g><g v="tran"></g></l></v></tfr></token><token id="662660" text="посуду"><tfr rev_id="1494757" t="посуду"><v><l id="262680" t="посуда"><g v="NOUN"></g><g v="inan"></g><g v="femn"></g><g v="sing"></g><g v="accs"></g></l></v></tfr></token><token id="662661" text="."><tfr rev_id="1494758" t="."><v><l id="0" t="."><g v="PNCT"></g></l></v></tfr></token></tokens></sentence></paragraph><paragraph id="11871"><sentence id="37070"><source>Могу корюшки привезти.</source><tokens><token id="662662" text="Могу"><tfr rev_id="1494759" t="Могу"><v><l id="164485" t="могу"><g v="VERB"></g><g v="impf"></g><g v="intr"></g><g v="sing"></g><g v="1per"></g><g v="pres"></g><g v="indc"></g></l></v></tfr></token><token id="662663" text="корюшки"><tfr rev_id="3450266" t="корюшки"><v><l id="140483" t="корюшка"><g v="NOUN"></g><g v="anim"></g><g v="femn"></g><g v="sing"></g><g v="gent"></g></l></v></tfr></token><token id="662664" text="привезти"><tfr rev_id="1494761" t="привезти"><v><l id="269126" t="привезти"><g v="INFN"></g><g v="perf"></g><g v="tran"></g></l></v></tfr></token><token id="662665" text="."><tfr rev_id="1494762" t="."><v><l id="0" t="."><g v="PNCT"></g></l></v></tfr></token></tokens></sentence></paragraph></paragraphs></text>