<?xml version="1.0" encoding="utf-8"?><text id="1303" parent="56" name="Население мира"><tags><tag>Автор:http://ru.wikinews.org/wiki/Участник:Ygrek</tag><tag>url:http://ru.wikinews.org/w/index.php?title=Население_мира&amp;oldid=9696</tag><tag>Дата:13/03</tag><tag>Год:2007</tag><tag>Тема:ВикиКатегория:Общество</tag></tags><paragraphs><paragraph id="11914"><sentence id="37185"><source>В 2050 году на Земле будет 9 миллиардов жителей.</source><tokens><token id="664540" text="В"><tfr rev_id="1496635" t="В"><v><l id="37409" t="в"><g v="PREP"></g></l></v></tfr></token><token id="664541" text="2050"><tfr rev_id="2462415" t="2050"><v><l id="0" t="2050"><g v="NUMB"></g></l></v></tfr></token><token id="664542" text="году"><tfr rev_id="2964050" t="году"><v><l id="72149" t="год"><g v="NOUN"></g><g v="inan"></g><g v="masc"></g><g v="sing"></g><g v="loc2"></g></l></v></tfr></token><token id="664543" text="на"><tfr rev_id="3341901" t="на"><v><l id="166264" t="на"><g v="PREP"></g></l></v></tfr></token><token id="664544" text="Земле"><tfr rev_id="3446892" t="Земле"><v><l id="115091" t="земля"><g v="NOUN"></g><g v="inan"></g><g v="femn"></g><g v="sing"></g><g v="loct"></g></l></v></tfr></token><token id="664545" text="будет"><tfr rev_id="1496640" t="будет"><v><l id="37265" t="есть"><g v="VERB"></g><g v="impf"></g><g v="intr"></g><g v="sing"></g><g v="3per"></g><g v="futr"></g><g v="indc"></g></l></v></tfr></token><token id="664546" text="9"><tfr rev_id="2462416" t="9"><v><l id="0" t="9"><g v="NUMB"></g></l></v></tfr></token><token id="664547" text="миллиардов"><tfr rev_id="1496642" t="миллиардов"><v><l id="160237" t="миллиард"><g v="NOUN"></g><g v="inan"></g><g v="masc"></g><g v="plur"></g><g v="gent"></g></l></v></tfr></token><token id="664548" text="жителей"><tfr rev_id="4085203" t="жителей"><v><l id="97562" t="житель"><g v="NOUN"></g><g v="anim"></g><g v="masc"></g><g v="plur"></g><g v="gent"></g></l></v></tfr></token><token id="664549" text="."><tfr rev_id="1496644" t="."><v><l id="0" t="."><g v="PNCT"></g></l></v></tfr></token></tokens></sentence><sentence id="37186"><source>Среднестатистический житель 2050 года — это пенсионер и скорее всего индиец.</source><tokens><token id="664550" text="Среднестатистический"><tfr rev_id="1496645" t="Среднестатистический"><v><l id="333663" t="среднестатистический"><g v="ADJF"></g><g v="masc"></g><g v="sing"></g><g v="nomn"></g></l></v><v><l id="333663" t="среднестатистический"><g v="ADJF"></g><g v="inan"></g><g v="masc"></g><g v="sing"></g><g v="accs"></g></l></v></tfr></token><token id="664551" text="житель"><tfr rev_id="1496646" t="житель"><v><l id="97562" t="житель"><g v="NOUN"></g><g v="anim"></g><g v="masc"></g><g v="sing"></g><g v="nomn"></g></l></v></tfr></token><token id="664552" text="2050"><tfr rev_id="2462417" t="2050"><v><l id="0" t="2050"><g v="NUMB"></g></l></v></tfr></token><token id="664553" text="года"><tfr rev_id="3470063" t="года"><v><l id="72149" t="год"><g v="NOUN"></g><g v="inan"></g><g v="masc"></g><g v="sing"></g><g v="gen1"></g></l></v></tfr></token><token id="664554" text="—"><tfr rev_id="2445989" t="—"><v><l id="0" t="—"><g v="PNCT"></g></l></v></tfr></token><token id="664555" text="это"><tfr rev_id="4441760" t="это"><v><l id="386574" t="это"><g v="PRCL"></g></l></v><v><l id="386575" t="это"><g v="NPRO"></g><g v="neut"></g><g v="sing"></g><g v="nomn"></g></l></v><v><l id="386575" t="это"><g v="NPRO"></g><g v="neut"></g><g v="sing"></g><g v="accs"></g></l></v><v><l id="386581" t="этот"><g v="ADJF"></g><g v="Subx"></g><g v="Apro"></g><g v="Anph"></g><g v="neut"></g><g v="sing"></g><g v="nomn"></g></l></v><v><l id="386581" t="этот"><g v="ADJF"></g><g v="Subx"></g><g v="Apro"></g><g v="Anph"></g><g v="neut"></g><g v="sing"></g><g v="accs"></g></l></v></tfr></token><token id="664556" text="пенсионер"><tfr rev_id="1496651" t="пенсионер"><v><l id="226073" t="пенсионер"><g v="NOUN"></g><g v="anim"></g><g v="masc"></g><g v="sing"></g><g v="nomn"></g></l></v></tfr></token><token id="664557" text="и"><tfr rev_id="1496652" t="и"><v><l id="116949" t="и"><g v="CONJ"></g></l></v><v><l id="116950" t="и"><g v="INTJ"></g></l></v></tfr></token><token id="664558" text="скорее"><tfr rev_id="3423653" t="скорее"><v><l id="323379" t="скорее"><g v="COMP"></g><g v="Qual"></g></l></v><v><l id="388718" t="скорее"><g v="CONJ"></g><g v="Prnt"></g></l></v></tfr></token><token id="664559" text="всего"><tfr rev_id="4508497" t="всего"><v><l id="42156" t="весь"><g v="ADJF"></g><g v="Subx"></g><g v="Apro"></g><g v="neut"></g><g v="sing"></g><g v="gent"></g></l></v></tfr></token><token id="664560" text="индиец"><tfr rev_id="1496655" t="индиец"><v><l id="122230" t="индиец"><g v="NOUN"></g><g v="anim"></g><g v="masc"></g><g v="sing"></g><g v="nomn"></g></l></v></tfr></token><token id="664561" text="."><tfr rev_id="1496656" t="."><v><l id="0" t="."><g v="PNCT"></g></l></v></tfr></token></tokens></sentence><sentence id="37187"><source>Такой вывод следует из доклада ООН по народонаселению.</source><tokens><token id="664562" text="Такой"><tfr rev_id="2635646" t="Такой"><v><l id="342491" t="такой"><g v="ADJF"></g><g v="Apro"></g><g v="masc"></g><g v="sing"></g><g v="nomn"></g></l></v><v><l id="342491" t="такой"><g v="ADJF"></g><g v="Apro"></g><g v="inan"></g><g v="masc"></g><g v="sing"></g><g v="accs"></g></l></v></tfr></token><token id="664563" text="вывод"><tfr rev_id="1496658" t="вывод"><v><l id="56345" t="вывод"><g v="NOUN"></g><g v="inan"></g><g v="masc"></g><g v="sing"></g><g v="nomn"></g></l></v><v><l id="56345" t="вывод"><g v="NOUN"></g><g v="inan"></g><g v="masc"></g><g v="sing"></g><g v="accs"></g></l></v></tfr></token><token id="664564" text="следует"><tfr rev_id="3665439" t="следует"><v><l id="324747" t="следую"><g v="VERB"></g><g v="impf"></g><g v="intr"></g><g v="sing"></g><g v="3per"></g><g v="pres"></g><g v="indc"></g><g v="Impx"></g></l></v></tfr></token><token id="664565" text="из"><tfr rev_id="2604270" t="из"><v><l id="117677" t="из"><g v="PREP"></g></l></v></tfr></token><token id="664566" text="доклада"><tfr rev_id="1496661" t="доклада"><v><l id="87236" t="доклад"><g v="NOUN"></g><g v="inan"></g><g v="masc"></g><g v="sing"></g><g v="gent"></g></l></v></tfr></token><token id="664567" text="ООН"><tfr rev_id="4138826" t="ООН"><v><l id="206695" t="оон"><g v="NOUN"></g><g v="inan"></g><g v="femn"></g><g v="Sgtm"></g><g v="Fixd"></g><g v="Abbr"></g><g v="Orgn"></g><g v="sing"></g><g v="gent"></g></l></v></tfr></token><token id="664568" text="по"><tfr rev_id="1496663" t="по"><v><l id="241240" t="по"><g v="PREP"></g></l></v></tfr></token><token id="664569" text="народонаселению"><tfr rev_id="1496664" t="народонаселению"><v><l id="174737" t="народонаселение"><g v="NOUN"></g><g v="inan"></g><g v="neut"></g><g v="sing"></g><g v="datv"></g></l></v></tfr></token><token id="664570" text="."><tfr rev_id="1496665" t="."><v><l id="0" t="."><g v="PNCT"></g></l></v></tfr></token></tokens></sentence></paragraph><paragraph id="11915"><sentence id="37188"><source>В докладе указано, что в 2050 году на Земле будет 9,2 миллиардов жителей.</source><tokens><token id="664571" text="В"><tfr rev_id="1496666" t="В"><v><l id="37409" t="в"><g v="PREP"></g></l></v></tfr></token><token id="664572" text="докладе"><tfr rev_id="1496667" t="докладе"><v><l id="87236" t="доклад"><g v="NOUN"></g><g v="inan"></g><g v="masc"></g><g v="sing"></g><g v="loct"></g></l></v></tfr></token><token id="664573" text="указано"><tfr rev_id="1496668" t="указано"><v><l id="355928" t="указан"><g v="PRTS"></g><g v="perf"></g><g v="past"></g><g v="pssv"></g><g v="neut"></g><g v="sing"></g></l></v></tfr></token><token id="664574" text=","><tfr rev_id="1496669" t=","><v><l id="0" t=","><g v="PNCT"></g></l></v></tfr></token><token id="664575" text="что"><tfr rev_id="3197439" t="что"><v><l id="377004" t="что"><g v="CONJ"></g></l></v><v><l id="377005" t="что"><g v="NPRO"></g><g v="neut"></g><g v="sing"></g><g v="nomn"></g></l></v><v><l id="377005" t="что"><g v="NPRO"></g><g v="neut"></g><g v="sing"></g><g v="accs"></g></l></v><v><l id="377006" t="что"><g v="ADVB"></g><g v="Ques"></g></l></v><v><l id="388695" t="что"><g v="PRCL"></g></l></v></tfr></token><token id="664576" text="в"><tfr rev_id="1496671" t="в"><v><l id="37409" t="в"><g v="PREP"></g></l></v></tfr></token><token id="664577" text="2050"><tfr rev_id="2462418" t="2050"><v><l id="0" t="2050"><g v="NUMB"></g></l></v></tfr></token><token id="664578" text="году"><tfr rev_id="3045676" t="году"><v><l id="72149" t="год"><g v="NOUN"></g><g v="inan"></g><g v="masc"></g><g v="sing"></g><g v="loc2"></g></l></v></tfr></token><token id="664579" text="на"><tfr rev_id="3345153" t="на"><v><l id="166264" t="на"><g v="PREP"></g></l></v></tfr></token><token id="664580" text="Земле"><tfr rev_id="3447496" t="Земле"><v><l id="115091" t="земля"><g v="NOUN"></g><g v="inan"></g><g v="femn"></g><g v="sing"></g><g v="loct"></g></l></v></tfr></token><token id="664581" text="будет"><tfr rev_id="1496676" t="будет"><v><l id="37265" t="есть"><g v="VERB"></g><g v="impf"></g><g v="intr"></g><g v="sing"></g><g v="3per"></g><g v="futr"></g><g v="indc"></g></l></v></tfr></token><token id="664582" text="9,2"><tfr rev_id="2462419" t="9,2"><v><l id="0" t="9,2"><g v="NUMB"></g></l></v></tfr></token><token id="664583" text="миллиардов"><tfr rev_id="1496678" t="миллиардов"><v><l id="160237" t="миллиард"><g v="NOUN"></g><g v="inan"></g><g v="masc"></g><g v="plur"></g><g v="gent"></g></l></v></tfr></token><token id="664584" text="жителей"><tfr rev_id="2928436" t="жителей"><v><l id="97562" t="житель"><g v="NOUN"></g><g v="anim"></g><g v="masc"></g><g v="plur"></g><g v="gent"></g></l></v></tfr></token><token id="664585" text="."><tfr rev_id="1496680" t="."><v><l id="0" t="."><g v="PNCT"></g></l></v></tfr></token></tokens></sentence><sentence id="37189"><source>Если бы уровень рождаемости оставался постоянным, то количество жителей могло бы составить 11,9 миллиардов, это почти в два раза больше по сравнению с нынешнем народонаселение, которое составляет 6,7 миллиардов.</source><tokens><token id="664586" text="Если"><tfr rev_id="1496681" t="Если"><v><l id="95365" t="если"><g v="CONJ"></g></l></v></tfr></token><token id="664587" text="бы"><tfr rev_id="1496682" t="бы"><v><l id="36985" t="бы"><g v="PRCL"></g></l></v></tfr></token><token id="664588" text="уровень"><tfr rev_id="1496683" t="уровень"><v><l id="359953" t="уровень"><g v="NOUN"></g><g v="inan"></g><g v="masc"></g><g v="sing"></g><g v="nomn"></g></l></v><v><l id="359953" t="уровень"><g v="NOUN"></g><g v="inan"></g><g v="masc"></g><g v="sing"></g><g v="accs"></g></l></v></tfr></token><token id="664589" text="рождаемости"><tfr rev_id="4314150" t="рождаемости"><v><l id="308444" t="рождаемость"><g v="NOUN"></g><g v="inan"></g><g v="femn"></g><g v="sing"></g><g v="gent"></g></l></v></tfr></token><token id="664590" text="оставался"><tfr rev_id="1496685" t="оставался"><v><l id="210812" t="остаюсь"><g v="VERB"></g><g v="impf"></g><g v="intr"></g><g v="masc"></g><g v="sing"></g><g v="past"></g><g v="indc"></g></l></v></tfr></token><token id="664591" text="постоянным"><tfr rev_id="4214925" t="постоянным"><v><l id="262409" t="постоянный"><g v="ADJF"></g><g v="Qual"></g><g v="masc"></g><g v="sing"></g><g v="ablt"></g></l></v></tfr></token><token id="664592" text=","><tfr rev_id="1496687" t=","><v><l id="0" t=","><g v="PNCT"></g></l></v></tfr></token><token id="664593" text="то"><tfr rev_id="3777645" t="то"><v><l id="346835" t="то"><g v="CONJ"></g></l></v><v><l id="346836" t="то"><g v="PRCL"></g></l></v><v><l id="348430" t="тот"><g v="ADJF"></g><g v="Subx"></g><g v="Apro"></g><g v="Anph"></g><g v="neut"></g><g v="sing"></g><g v="nomn"></g></l></v><v><l id="348430" t="тот"><g v="ADJF"></g><g v="Subx"></g><g v="Apro"></g><g v="Anph"></g><g v="neut"></g><g v="sing"></g><g v="accs"></g></l></v></tfr></token><token id="664594" text="количество"><tfr rev_id="1496689" t="количество"><v><l id="135983" t="количество"><g v="NOUN"></g><g v="inan"></g><g v="neut"></g><g v="sing"></g><g v="nomn"></g></l></v><v><l id="135983" t="количество"><g v="NOUN"></g><g v="inan"></g><g v="neut"></g><g v="sing"></g><g v="accs"></g></l></v></tfr></token><token id="664595" text="жителей"><tfr rev_id="3547222" t="жителей"><v><l id="97562" t="житель"><g v="NOUN"></g><g v="anim"></g><g v="masc"></g><g v="plur"></g><g v="gent"></g></l></v></tfr></token><token id="664596" text="могло"><tfr rev_id="1496691" t="могло"><v><l id="164485" t="могу"><g v="VERB"></g><g v="impf"></g><g v="intr"></g><g v="neut"></g><g v="sing"></g><g v="past"></g><g v="indc"></g></l></v></tfr></token><token id="664597" text="бы"><tfr rev_id="1496692" t="бы"><v><l id="36985" t="бы"><g v="PRCL"></g></l></v></tfr></token><token id="664598" text="составить"><tfr rev_id="1496693" t="составить"><v><l id="330484" t="составить"><g v="INFN"></g><g v="perf"></g><g v="tran"></g></l></v></tfr></token><token id="664599" text="11,9"><tfr rev_id="2462420" t="11,9"><v><l id="0" t="11,9"><g v="NUMB"></g></l></v></tfr></token><token id="664600" text="миллиардов"><tfr rev_id="1496695" t="миллиардов"><v><l id="160237" t="миллиард"><g v="NOUN"></g><g v="inan"></g><g v="masc"></g><g v="plur"></g><g v="gent"></g></l></v></tfr></token><token id="664601" text=","><tfr rev_id="1496696" t=","><v><l id="0" t=","><g v="PNCT"></g></l></v></tfr></token><token id="664602" text="это"><tfr rev_id="4342237" t="это"><v><l id="386575" t="это"><g v="NPRO"></g><g v="neut"></g><g v="sing"></g><g v="nomn"></g></l></v><v><l id="386575" t="это"><g v="NPRO"></g><g v="neut"></g><g v="sing"></g><g v="accs"></g></l></v></tfr></token><token id="664603" text="почти"><tfr rev_id="2691505" t="почти"><v><l id="264793" t="почёл"><g v="VERB"></g><g v="perf"></g><g v="tran"></g><g v="sing"></g><g v="impr"></g><g v="excl"></g></l></v><v><l id="265002" t="почти"><g v="ADVB"></g></l></v><v><l id="265008" t="почтил"><g v="VERB"></g><g v="perf"></g><g v="tran"></g><g v="sing"></g><g v="impr"></g><g v="excl"></g></l></v><v><l id="388672" t="почти"><g v="PRCL"></g></l></v></tfr></token><token id="664604" text="в"><tfr rev_id="1496699" t="в"><v><l id="37409" t="в"><g v="PREP"></g></l></v></tfr></token><token id="664605" text="два"><tfr rev_id="4450454" t="два"><v><l id="78668" t="два"><g v="NUMR"></g><g v="masc"></g><g v="nomn"></g></l></v><v><l id="78668" t="два"><g v="NUMR"></g><g v="inan"></g><g v="masc"></g><g v="accs"></g></l></v><v><l id="78668" t="два"><g v="NUMR"></g><g v="neut"></g><g v="nomn"></g></l></v><v><l id="78668" t="два"><g v="NUMR"></g><g v="inan"></g><g v="neut"></g><g v="accs"></g></l></v></tfr></token><token id="664606" text="раза"><tfr rev_id="3421621" t="раза"><v><l id="291500" t="раз"><g v="NOUN"></g><g v="inan"></g><g v="masc"></g><g v="sing"></g><g v="gen1"></g></l></v></tfr></token><token id="664607" text="больше"><tfr rev_id="2558504" t="больше"><v><l id="32325" t="больше"><g v="ADVB"></g></l></v><v><l id="32447" t="больше"><g v="COMP"></g><g v="Qual"></g></l></v></tfr></token><token id="664608" text="по"><tfr rev_id="1496703" t="по"><v><l id="241240" t="по"><g v="PREP"></g></l></v></tfr></token><token id="664609" text="сравнению"><tfr rev_id="1496704" t="сравнению"><v><l id="333307" t="сравнение"><g v="NOUN"></g><g v="inan"></g><g v="neut"></g><g v="sing"></g><g v="datv"></g></l></v></tfr></token><token id="664610" text="с"><tfr rev_id="1496705" t="с"><v><l id="311151" t="с"><g v="PREP"></g></l></v></tfr></token><token id="664611" text="нынешнем"><tfr rev_id="2585579" t="нынешнем"><v><l id="192793" t="нынешний"><g v="ADJF"></g><g v="neut"></g><g v="sing"></g><g v="loct"></g></l></v></tfr></token><token id="664612" text="народонаселение"><tfr rev_id="1496707" t="народонаселение"><v><l id="174737" t="народонаселение"><g v="NOUN"></g><g v="inan"></g><g v="neut"></g><g v="sing"></g><g v="nomn"></g></l></v><v><l id="174737" t="народонаселение"><g v="NOUN"></g><g v="inan"></g><g v="neut"></g><g v="sing"></g><g v="accs"></g></l></v></tfr></token><token id="664613" text=","><tfr rev_id="1496708" t=","><v><l id="0" t=","><g v="PNCT"></g></l></v></tfr></token><token id="664614" text="которое"><tfr rev_id="3641379" t="которое"><v><l id="141203" t="который"><g v="ADJF"></g><g v="Apro"></g><g v="Subx"></g><g v="Anph"></g><g v="neut"></g><g v="sing"></g><g v="nomn"></g></l></v></tfr></token><token id="664615" text="составляет"><tfr rev_id="1496710" t="составляет"><v><l id="330494" t="составляю"><g v="VERB"></g><g v="impf"></g><g v="tran"></g><g v="sing"></g><g v="3per"></g><g v="pres"></g><g v="indc"></g></l></v></tfr></token><token id="664616" text="6,7"><tfr rev_id="2462421" t="6,7"><v><l id="0" t="6,7"><g v="NUMB"></g></l></v></tfr></token><token id="664617" text="миллиардов"><tfr rev_id="1496712" t="миллиардов"><v><l id="160237" t="миллиард"><g v="NOUN"></g><g v="inan"></g><g v="masc"></g><g v="plur"></g><g v="gent"></g></l></v></tfr></token><token id="664618" text="."><tfr rev_id="1496713" t="."><v><l id="0" t="."><g v="PNCT"></g></l></v></tfr></token></tokens></sentence></paragraph><paragraph id="11916"><sentence id="37190"><source>Продолжается быстрый рост население в слаборазвитых странах.</source><tokens><token id="664619" text="Продолжается"><tfr rev_id="1496714" t="Продолжается"><v><l id="279222" t="продолжаюсь"><g v="VERB"></g><g v="impf"></g><g v="intr"></g><g v="sing"></g><g v="3per"></g><g v="pres"></g><g v="indc"></g></l></v></tfr></token><token id="664620" text="быстрый"><tfr rev_id="1496715" t="быстрый"><v><l id="37231" t="быстрый"><g v="ADJF"></g><g v="Qual"></g><g v="masc"></g><g v="sing"></g><g v="nomn"></g></l></v><v><l id="37231" t="быстрый"><g v="ADJF"></g><g v="Qual"></g><g v="inan"></g><g v="masc"></g><g v="sing"></g><g v="accs"></g></l></v></tfr></token><token id="664621" text="рост"><tfr rev_id="1496716" t="рост"><v><l id="309343" t="рост"><g v="NOUN"></g><g v="inan"></g><g v="masc"></g><g v="sing"></g><g v="nomn"></g></l></v><v><l id="309343" t="рост"><g v="NOUN"></g><g v="inan"></g><g v="masc"></g><g v="sing"></g><g v="accs"></g></l></v></tfr></token><token id="664622" text="население"><tfr rev_id="1496717" t="население"><v><l id="175227" t="население"><g v="NOUN"></g><g v="inan"></g><g v="neut"></g><g v="sing"></g><g v="nomn"></g></l></v><v><l id="175227" t="население"><g v="NOUN"></g><g v="inan"></g><g v="neut"></g><g v="sing"></g><g v="accs"></g></l></v></tfr></token><token id="664623" text="в"><tfr rev_id="1496718" t="в"><v><l id="37409" t="в"><g v="PREP"></g></l></v></tfr></token><token id="664624" text="слаборазвитых"><tfr rev_id="4349624" t="слаборазвитых"><v><l id="324310" t="слаборазвитый"><g v="ADJF"></g><g v="Qual"></g><g v="plur"></g><g v="loct"></g></l></v></tfr></token><token id="664625" text="странах"><tfr rev_id="1496720" t="странах"><v><l id="337100" t="страна"><g v="NOUN"></g><g v="inan"></g><g v="femn"></g><g v="plur"></g><g v="loct"></g></l></v></tfr></token><token id="664626" text="."><tfr rev_id="1496721" t="."><v><l id="0" t="."><g v="PNCT"></g></l></v></tfr></token></tokens></sentence><sentence id="37191"><source>Среди континентов, наибольший прирост будет в Азии — 1,3 миллиардов.</source><tokens><token id="664627" text="Среди"><tfr rev_id="1496722" t="Среди"><v><l id="333473" t="среди"><g v="PREP"></g></l></v></tfr></token><token id="664628" text="континентов"><tfr rev_id="1496723" t="континентов"><v><l id="138363" t="континент"><g v="NOUN"></g><g v="inan"></g><g v="masc"></g><g v="plur"></g><g v="gent"></g></l></v></tfr></token><token id="664629" text=","><tfr rev_id="1496724" t=","><v><l id="0" t=","><g v="PNCT"></g></l></v></tfr></token><token id="664630" text="наибольший"><tfr rev_id="1496725" t="наибольший"><v><l id="32448" t="наибольший"><g v="ADJF"></g><g v="Supr"></g><g v="Qual"></g><g v="masc"></g><g v="sing"></g><g v="nomn"></g></l></v><v><l id="32448" t="наибольший"><g v="ADJF"></g><g v="Supr"></g><g v="Qual"></g><g v="inan"></g><g v="masc"></g><g v="sing"></g><g v="accs"></g></l></v></tfr></token><token id="664631" text="прирост"><tfr rev_id="1496726" t="прирост"><v><l id="273948" t="прирост"><g v="NOUN"></g><g v="inan"></g><g v="masc"></g><g v="sing"></g><g v="nomn"></g></l></v><v><l id="273948" t="прирост"><g v="NOUN"></g><g v="inan"></g><g v="masc"></g><g v="sing"></g><g v="accs"></g></l></v></tfr></token><token id="664632" text="будет"><tfr rev_id="1496727" t="будет"><v><l id="37265" t="есть"><g v="VERB"></g><g v="impf"></g><g v="intr"></g><g v="sing"></g><g v="3per"></g><g v="futr"></g><g v="indc"></g></l></v></tfr></token><token id="664633" text="в"><tfr rev_id="1496728" t="в"><v><l id="37409" t="в"><g v="PREP"></g></l></v></tfr></token><token id="664634" text="Азии"><tfr rev_id="3454907" t="Азии"><v><l id="5800" t="азия"><g v="NOUN"></g><g v="inan"></g><g v="femn"></g><g v="Sgtm"></g><g v="Geox"></g><g v="sing"></g><g v="loct"></g></l></v></tfr></token><token id="664635" text="—"><tfr rev_id="2445990" t="—"><v><l id="0" t="—"><g v="PNCT"></g></l></v></tfr></token><token id="664636" text="1,3"><tfr rev_id="2462422" t="1,3"><v><l id="0" t="1,3"><g v="NUMB"></g></l></v></tfr></token><token id="664637" text="миллиардов"><tfr rev_id="1496732" t="миллиардов"><v><l id="160237" t="миллиард"><g v="NOUN"></g><g v="inan"></g><g v="masc"></g><g v="plur"></g><g v="gent"></g></l></v></tfr></token><token id="664638" text="."><tfr rev_id="1496733" t="."><v><l id="0" t="."><g v="PNCT"></g></l></v></tfr></token></tokens></sentence><sentence id="37192"><source>Индия обгонит Китай по количеству жителей.</source><tokens><token id="664639" text="Индия"><tfr rev_id="4285421" t="Индия"><v><l id="122271" t="индия"><g v="NOUN"></g><g v="inan"></g><g v="femn"></g><g v="Sgtm"></g><g v="Geox"></g><g v="sing"></g><g v="nomn"></g></l></v></tfr></token><token id="664640" text="обгонит"><tfr rev_id="1496735" t="обгонит"><v><l id="198052" t="обогнал"><g v="VERB"></g><g v="perf"></g><g v="tran"></g><g v="sing"></g><g v="3per"></g><g v="futr"></g><g v="indc"></g></l></v></tfr></token><token id="664641" text="Китай"><tfr rev_id="1496736" t="Китай"><v><l id="133640" t="китай"><g v="NOUN"></g><g v="inan"></g><g v="masc"></g><g v="Sgtm"></g><g v="Geox"></g><g v="sing"></g><g v="nomn"></g></l></v><v><l id="133640" t="китай"><g v="NOUN"></g><g v="inan"></g><g v="masc"></g><g v="Sgtm"></g><g v="Geox"></g><g v="sing"></g><g v="accs"></g></l></v></tfr></token><token id="664642" text="по"><tfr rev_id="1496737" t="по"><v><l id="241240" t="по"><g v="PREP"></g></l></v></tfr></token><token id="664643" text="количеству"><tfr rev_id="1496738" t="количеству"><v><l id="135983" t="количество"><g v="NOUN"></g><g v="inan"></g><g v="neut"></g><g v="sing"></g><g v="datv"></g></l></v></tfr></token><token id="664644" text="жителей"><tfr rev_id="3945115" t="жителей"><v><l id="97562" t="житель"><g v="NOUN"></g><g v="anim"></g><g v="masc"></g><g v="plur"></g><g v="gent"></g></l></v></tfr></token><token id="664645" text="."><tfr rev_id="1496740" t="."><v><l id="0" t="."><g v="PNCT"></g></l></v></tfr></token></tokens></sentence></paragraph><paragraph id="11917"><sentence id="37193"><source>Самым молодое население остаётся в Африке.</source><tokens><token id="664646" text="Самым"><tfr rev_id="4400368" t="Самым"><v><l id="313174" t="самый"><g v="ADJF"></g><g v="Apro"></g><g v="neut"></g><g v="sing"></g><g v="ablt"></g></l></v></tfr></token><token id="664647" text="молодое"><tfr rev_id="1496742" t="молодое"><v><l id="162846" t="молодой"><g v="ADJF"></g><g v="Qual"></g><g v="neut"></g><g v="sing"></g><g v="nomn"></g></l></v><v><l id="162846" t="молодой"><g v="ADJF"></g><g v="Qual"></g><g v="neut"></g><g v="sing"></g><g v="accs"></g></l></v></tfr></token><token id="664648" text="население"><tfr rev_id="1496743" t="население"><v><l id="175227" t="население"><g v="NOUN"></g><g v="inan"></g><g v="neut"></g><g v="sing"></g><g v="nomn"></g></l></v><v><l id="175227" t="население"><g v="NOUN"></g><g v="inan"></g><g v="neut"></g><g v="sing"></g><g v="accs"></g></l></v></tfr></token><token id="664649" text="остаётся"><tfr rev_id="1496744" t="остаётся"><v><l id="210812" t="остаюсь"><g v="VERB"></g><g v="impf"></g><g v="intr"></g><g v="sing"></g><g v="3per"></g><g v="pres"></g><g v="indc"></g></l></v></tfr></token><token id="664650" text="в"><tfr rev_id="1496745" t="в"><v><l id="37409" t="в"><g v="PREP"></g></l></v></tfr></token><token id="664651" text="Африке"><tfr rev_id="3555062" t="Африке"><v><l id="20306" t="африка"><g v="NOUN"></g><g v="inan"></g><g v="femn"></g><g v="Sgtm"></g><g v="Geox"></g><g v="sing"></g><g v="loct"></g></l></v></tfr></token><token id="664652" text="."><tfr rev_id="1496747" t="."><v><l id="0" t="."><g v="PNCT"></g></l></v></tfr></token></tokens></sentence><sentence id="37194"><source>Несмотря на рост населения, из-за широко распространения СПИДа, средняя продолжительность жизни в Африке падает, в некоторых странах — до 30 лет.</source><tokens><token id="664653" text="Несмотря"><tfr rev_id="1496748" t="Несмотря"><v><l id="188286" t="несмотря"><g v="PREP"></g></l></v></tfr></token><token id="664654" text="на"><tfr rev_id="3338522" t="на"><v><l id="166264" t="на"><g v="PREP"></g></l></v></tfr></token><token id="664655" text="рост"><tfr rev_id="4209607" t="рост"><v><l id="309343" t="рост"><g v="NOUN"></g><g v="inan"></g><g v="masc"></g><g v="sing"></g><g v="accs"></g></l></v></tfr></token><token id="664656" text="населения"><tfr rev_id="3409863" t="населения"><v><l id="175227" t="население"><g v="NOUN"></g><g v="inan"></g><g v="neut"></g><g v="sing"></g><g v="gent"></g></l></v></tfr></token><token id="664657" text=","><tfr rev_id="1496752" t=","><v><l id="0" t=","><g v="PNCT"></g></l></v></tfr></token><token id="664658" text="из-за"><tfr rev_id="1496753" t="из-за"><v><l id="117678" t="из-за"><g v="PREP"></g></l></v></tfr></token><token id="664659" text="широко"><tfr rev_id="1496754" t="широко"><v><l id="379818" t="широк"><g v="ADJS"></g><g v="Qual"></g><g v="neut"></g><g v="sing"></g></l></v><v><l id="379823" t="широко"><g v="ADVB"></g></l></v></tfr></token><token id="664660" text="распространения"><tfr rev_id="3444147" t="распространения"><v><l id="300332" t="распространение"><g v="NOUN"></g><g v="inan"></g><g v="neut"></g><g v="sing"></g><g v="gent"></g></l></v></tfr></token><token id="664661" text="СПИДа"><tfr rev_id="4139351" t="СПИДа"><v><l id="332101" t="спид"><g v="NOUN"></g><g v="inan"></g><g v="masc"></g><g v="Abbr"></g><g v="Sgtm"></g><g v="sing"></g><g v="gent"></g></l></v></tfr></token><token id="664662" text=","><tfr rev_id="1496757" t=","><v><l id="0" t=","><g v="PNCT"></g></l></v></tfr></token><token id="664663" text="средняя"><tfr rev_id="1496758" t="средняя"><v><l id="333705" t="средний"><g v="ADJF"></g><g v="femn"></g><g v="sing"></g><g v="nomn"></g></l></v></tfr></token><token id="664664" text="продолжительность"><tfr rev_id="3430829" t="продолжительность"><v><l id="279228" t="продолжительность"><g v="NOUN"></g><g v="inan"></g><g v="femn"></g><g v="sing"></g><g v="nomn"></g></l></v></tfr></token><token id="664665" text="жизни"><tfr rev_id="4269927" t="жизни"><v><l id="97314" t="жизнь"><g v="NOUN"></g><g v="inan"></g><g v="femn"></g><g v="sing"></g><g v="gent"></g></l></v></tfr></token><token id="664666" text="в"><tfr rev_id="1496761" t="в"><v><l id="37409" t="в"><g v="PREP"></g></l></v></tfr></token><token id="664667" text="Африке"><tfr rev_id="2623250" t="Африке"><v><l id="20306" t="африка"><g v="NOUN"></g><g v="inan"></g><g v="femn"></g><g v="Sgtm"></g><g v="Geox"></g><g v="sing"></g><g v="loct"></g></l></v></tfr></token><token id="664668" text="падает"><tfr rev_id="1496763" t="падает"><v><l id="222503" t="падаю"><g v="VERB"></g><g v="impf"></g><g v="intr"></g><g v="sing"></g><g v="3per"></g><g v="pres"></g><g v="indc"></g></l></v></tfr></token><token id="664669" text=","><tfr rev_id="1496764" t=","><v><l id="0" t=","><g v="PNCT"></g></l></v></tfr></token><token id="664670" text="в"><tfr rev_id="1496765" t="в"><v><l id="37409" t="в"><g v="PREP"></g></l></v></tfr></token><token id="664671" text="некоторых"><tfr rev_id="4474758" t="некоторых"><v><l id="183542" t="некоторый"><g v="ADJF"></g><g v="Apro"></g><g v="plur"></g><g v="gent"></g></l></v><v><l id="183542" t="некоторый"><g v="ADJF"></g><g v="Apro"></g><g v="anim"></g><g v="plur"></g><g v="accs"></g></l></v><v><l id="183542" t="некоторый"><g v="ADJF"></g><g v="Apro"></g><g v="plur"></g><g v="loct"></g></l></v></tfr></token><token id="664672" text="странах"><tfr rev_id="1496767" t="странах"><v><l id="337100" t="страна"><g v="NOUN"></g><g v="inan"></g><g v="femn"></g><g v="plur"></g><g v="loct"></g></l></v></tfr></token><token id="664673" text="—"><tfr rev_id="2445991" t="—"><v><l id="0" t="—"><g v="PNCT"></g></l></v></tfr></token><token id="664674" text="до"><tfr rev_id="1496769" t="до"><v><l id="85153" t="до"><g v="PREP"></g></l></v></tfr></token><token id="664675" text="30"><tfr rev_id="2462423" t="30"><v><l id="0" t="30"><g v="NUMB"></g></l></v></tfr></token><token id="664676" text="лет"><tfr rev_id="3502120" t="лет"><v><l id="72149" t="год"><g v="NOUN"></g><g v="inan"></g><g v="masc"></g><g v="plur"></g><g v="gent"></g></l></v></tfr></token><token id="664677" text="."><tfr rev_id="1496772" t="."><v><l id="0" t="."><g v="PNCT"></g></l></v></tfr></token></tokens></sentence></paragraph><paragraph id="11918"><sentence id="37195"><source>Некоторые данные из доклада.</source><tokens><token id="664678" text="Некоторые"><tfr rev_id="4471075" t="Некоторые"><v><l id="183542" t="некоторый"><g v="ADJF"></g><g v="Apro"></g><g v="plur"></g><g v="nomn"></g></l></v><v><l id="183542" t="некоторый"><g v="ADJF"></g><g v="Apro"></g><g v="inan"></g><g v="plur"></g><g v="accs"></g></l></v></tfr></token><token id="664679" text="данные"><tfr rev_id="4576891" t="данные"><v><l id="78302" t="данные"><g v="NOUN"></g><g v="inan"></g><g v="GNdr"></g><g v="Pltm"></g><g v="plur"></g><g v="nomn"></g></l></v><v><l id="78302" t="данные"><g v="NOUN"></g><g v="inan"></g><g v="GNdr"></g><g v="Pltm"></g><g v="plur"></g><g v="accs"></g></l></v></tfr></token><token id="664680" text="из"><tfr rev_id="2602764" t="из"><v><l id="117677" t="из"><g v="PREP"></g></l></v></tfr></token><token id="664681" text="доклада"><tfr rev_id="1496776" t="доклада"><v><l id="87236" t="доклад"><g v="NOUN"></g><g v="inan"></g><g v="masc"></g><g v="sing"></g><g v="gent"></g></l></v></tfr></token><token id="664682" text="."><tfr rev_id="1496777" t="."><v><l id="0" t="."><g v="PNCT"></g></l></v></tfr></token></tokens></sentence></paragraph><paragraph id="11919"><sentence id="37196"><source>Самые населённые страны в 2007 году.</source><tokens><token id="664683" text="Самые"><tfr rev_id="4074765" t="Самые"><v><l id="313174" t="самый"><g v="ADJF"></g><g v="Apro"></g><g v="plur"></g><g v="nomn"></g></l></v></tfr></token><token id="664684" text="населённые"><tfr rev_id="1496779" t="населённые"><v><l id="175224" t="населённый"><g v="ADJF"></g><g v="Qual"></g><g v="plur"></g><g v="nomn"></g></l></v><v><l id="175224" t="населённый"><g v="ADJF"></g><g v="Qual"></g><g v="inan"></g><g v="plur"></g><g v="accs"></g></l></v><v><l id="175232" t="населённый"><g v="PRTF"></g><g v="perf"></g><g v="tran"></g><g v="past"></g><g v="pssv"></g><g v="plur"></g><g v="nomn"></g></l></v><v><l id="175232" t="населённый"><g v="PRTF"></g><g v="perf"></g><g v="tran"></g><g v="past"></g><g v="pssv"></g><g v="inan"></g><g v="plur"></g><g v="accs"></g></l></v></tfr></token><token id="664685" text="страны"><tfr rev_id="3805462" t="страны"><v><l id="337100" t="страна"><g v="NOUN"></g><g v="inan"></g><g v="femn"></g><g v="plur"></g><g v="nomn"></g></l></v></tfr></token><token id="664686" text="в"><tfr rev_id="1496781" t="в"><v><l id="37409" t="в"><g v="PREP"></g></l></v></tfr></token><token id="664687" text="2007"><tfr rev_id="2462424" t="2007"><v><l id="0" t="2007"><g v="NUMB"></g></l></v></tfr></token><token id="664688" text="году"><tfr rev_id="2928012" t="году"><v><l id="72149" t="год"><g v="NOUN"></g><g v="inan"></g><g v="masc"></g><g v="sing"></g><g v="loc2"></g></l></v></tfr></token><token id="664689" text="."><tfr rev_id="1496784" t="."><v><l id="0" t="."><g v="PNCT"></g></l></v></tfr></token></tokens></sentence></paragraph><paragraph id="11920"><sentence id="37197"><source>1. Китай (1,3 миллиарда)</source><tokens><token id="664690" text="1"><tfr rev_id="2462425" t="1"><v><l id="0" t="1"><g v="NUMB"></g></l></v></tfr></token><token id="664691" text="."><tfr rev_id="1496786" t="."><v><l id="0" t="."><g v="PNCT"></g></l></v></tfr></token><token id="664692" text="Китай"><tfr rev_id="3689116" t="Китай"><v><l id="133640" t="китай"><g v="NOUN"></g><g v="inan"></g><g v="masc"></g><g v="Sgtm"></g><g v="Geox"></g><g v="sing"></g><g v="nomn"></g></l></v></tfr></token><token id="664693" text="("><tfr rev_id="1496788" t="("><v><l id="0" t="("><g v="PNCT"></g></l></v></tfr></token><token id="664694" text="1,3"><tfr rev_id="2462426" t="1,3"><v><l id="0" t="1,3"><g v="NUMB"></g></l></v></tfr></token><token id="664695" text="миллиарда"><tfr rev_id="1496790" t="миллиарда"><v><l id="160237" t="миллиард"><g v="NOUN"></g><g v="inan"></g><g v="masc"></g><g v="sing"></g><g v="gent"></g></l></v></tfr></token><token id="664696" text=")"><tfr rev_id="1496791" t=")"><v><l id="0" t=")"><g v="PNCT"></g></l></v></tfr></token></tokens></sentence></paragraph><paragraph id="11921"><sentence id="37198"><source>2. Индия (1,2 миллиарда)</source><tokens><token id="664697" text="2"><tfr rev_id="2462427" t="2"><v><l id="0" t="2"><g v="NUMB"></g></l></v></tfr></token><token id="664698" text="."><tfr rev_id="1496793" t="."><v><l id="0" t="."><g v="PNCT"></g></l></v></tfr></token><token id="664699" text="Индия"><tfr rev_id="4160086" t="Индия"><v><l id="122271" t="индия"><g v="NOUN"></g><g v="inan"></g><g v="femn"></g><g v="Sgtm"></g><g v="Geox"></g><g v="sing"></g><g v="nomn"></g></l></v></tfr></token><token id="664700" text="("><tfr rev_id="1496795" t="("><v><l id="0" t="("><g v="PNCT"></g></l></v></tfr></token><token id="664701" text="1,2"><tfr rev_id="2462428" t="1,2"><v><l id="0" t="1,2"><g v="NUMB"></g></l></v></tfr></token><token id="664702" text="миллиарда"><tfr rev_id="1496797" t="миллиарда"><v><l id="160237" t="миллиард"><g v="NOUN"></g><g v="inan"></g><g v="masc"></g><g v="sing"></g><g v="gent"></g></l></v></tfr></token><token id="664703" text=")"><tfr rev_id="1496798" t=")"><v><l id="0" t=")"><g v="PNCT"></g></l></v></tfr></token></tokens></sentence></paragraph><paragraph id="11922"><sentence id="37199"><source>3. США (306 миллионов)</source><tokens><token id="664704" text="3"><tfr rev_id="2462429" t="3"><v><l id="0" t="3"><g v="NUMB"></g></l></v></tfr></token><token id="664705" text="."><tfr rev_id="1496800" t="."><v><l id="0" t="."><g v="PNCT"></g></l></v></tfr></token><token id="664706" text="США"><tfr rev_id="3811421" t="США"><v><l id="341371" t="сша"><g v="NOUN"></g><g v="inan"></g><g v="GNdr"></g><g v="Pltm"></g><g v="Fixd"></g><g v="Abbr"></g><g v="Geox"></g><g v="plur"></g><g v="nomn"></g></l></v></tfr></token><token id="664707" text="("><tfr rev_id="1496802" t="("><v><l id="0" t="("><g v="PNCT"></g></l></v></tfr></token><token id="664708" text="306"><tfr rev_id="2462430" t="306"><v><l id="0" t="306"><g v="NUMB"></g></l></v></tfr></token><token id="664709" text="миллионов"><tfr rev_id="1496804" t="миллионов"><v><l id="160260" t="миллион"><g v="NOUN"></g><g v="inan"></g><g v="masc"></g><g v="plur"></g><g v="gent"></g></l></v></tfr></token><token id="664710" text=")"><tfr rev_id="1496805" t=")"><v><l id="0" t=")"><g v="PNCT"></g></l></v></tfr></token></tokens></sentence></paragraph><paragraph id="11923"><sentence id="37200"><source>4. Индонезия (232 миллионов)</source><tokens><token id="664711" text="4"><tfr rev_id="2462431" t="4"><v><l id="0" t="4"><g v="NUMB"></g></l></v></tfr></token><token id="664712" text="."><tfr rev_id="1496807" t="."><v><l id="0" t="."><g v="PNCT"></g></l></v></tfr></token><token id="664713" text="Индонезия"><tfr rev_id="1496808" t="Индонезия"><v><l id="122289" t="индонезия"><g v="NOUN"></g><g v="inan"></g><g v="femn"></g><g v="Sgtm"></g><g v="Geox"></g><g v="sing"></g><g v="nomn"></g></l></v></tfr></token><token id="664714" text="("><tfr rev_id="1496809" t="("><v><l id="0" t="("><g v="PNCT"></g></l></v></tfr></token><token id="664715" text="232"><tfr rev_id="2462432" t="232"><v><l id="0" t="232"><g v="NUMB"></g></l></v></tfr></token><token id="664716" text="миллионов"><tfr rev_id="1496811" t="миллионов"><v><l id="160260" t="миллион"><g v="NOUN"></g><g v="inan"></g><g v="masc"></g><g v="plur"></g><g v="gent"></g></l></v></tfr></token><token id="664717" text=")"><tfr rev_id="1496812" t=")"><v><l id="0" t=")"><g v="PNCT"></g></l></v></tfr></token></tokens></sentence></paragraph><paragraph id="11924"><sentence id="37201"><source>5. Бразилия (192 миллионов)</source><tokens><token id="664718" text="5"><tfr rev_id="2462433" t="5"><v><l id="0" t="5"><g v="NUMB"></g></l></v></tfr></token><token id="664719" text="."><tfr rev_id="1496814" t="."><v><l id="0" t="."><g v="PNCT"></g></l></v></tfr></token><token id="664720" text="Бразилия"><tfr rev_id="1496815" t="Бразилия"><v><l id="33418" t="бразилия"><g v="NOUN"></g><g v="inan"></g><g v="femn"></g><g v="Sgtm"></g><g v="Geox"></g><g v="sing"></g><g v="nomn"></g></l></v></tfr></token><token id="664721" text="("><tfr rev_id="1496816" t="("><v><l id="0" t="("><g v="PNCT"></g></l></v></tfr></token><token id="664722" text="192"><tfr rev_id="2462434" t="192"><v><l id="0" t="192"><g v="NUMB"></g></l></v></tfr></token><token id="664723" text="миллионов"><tfr rev_id="1496818" t="миллионов"><v><l id="160260" t="миллион"><g v="NOUN"></g><g v="inan"></g><g v="masc"></g><g v="plur"></g><g v="gent"></g></l></v></tfr></token><token id="664724" text=")"><tfr rev_id="1496819" t=")"><v><l id="0" t=")"><g v="PNCT"></g></l></v></tfr></token></tokens></sentence></paragraph><paragraph id="11925"><sentence id="37202"><source>6. Пакистан (164 миллионов)</source><tokens><token id="664725" text="6"><tfr rev_id="2462435" t="6"><v><l id="0" t="6"><g v="NUMB"></g></l></v></tfr></token><token id="664726" text="."><tfr rev_id="1496821" t="."><v><l id="0" t="."><g v="PNCT"></g></l></v></tfr></token><token id="664727" text="Пакистан"><tfr rev_id="3300478" t="Пакистан"><v><l id="222671" t="пакистан"><g v="NOUN"></g><g v="inan"></g><g v="masc"></g><g v="Geox"></g><g v="sing"></g><g v="nomn"></g></l></v></tfr></token><token id="664728" text="("><tfr rev_id="1496823" t="("><v><l id="0" t="("><g v="PNCT"></g></l></v></tfr></token><token id="664729" text="164"><tfr rev_id="2462436" t="164"><v><l id="0" t="164"><g v="NUMB"></g></l></v></tfr></token><token id="664730" text="миллионов"><tfr rev_id="1496825" t="миллионов"><v><l id="160260" t="миллион"><g v="NOUN"></g><g v="inan"></g><g v="masc"></g><g v="plur"></g><g v="gent"></g></l></v></tfr></token><token id="664731" text=")"><tfr rev_id="1496826" t=")"><v><l id="0" t=")"><g v="PNCT"></g></l></v></tfr></token></tokens></sentence></paragraph><paragraph id="11926"><sentence id="37203"><source>7. Бангладеш (159 миллионов)</source><tokens><token id="664732" text="7"><tfr rev_id="2462437" t="7"><v><l id="0" t="7"><g v="NUMB"></g></l></v></tfr></token><token id="664733" text="."><tfr rev_id="1496828" t="."><v><l id="0" t="."><g v="PNCT"></g></l></v></tfr></token><token id="664734" text="Бангладеш"><tfr rev_id="4160994" t="Бангладеш"><v><l id="23491" t="бангладеш"><g v="NOUN"></g><g v="inan"></g><g v="masc"></g><g v="Sgtm"></g><g v="Geox"></g><g v="sing"></g><g v="nomn"></g></l></v></tfr></token><token id="664735" text="("><tfr rev_id="1496830" t="("><v><l id="0" t="("><g v="PNCT"></g></l></v></tfr></token><token id="664736" text="159"><tfr rev_id="2462438" t="159"><v><l id="0" t="159"><g v="NUMB"></g></l></v></tfr></token><token id="664737" text="миллионов"><tfr rev_id="1496832" t="миллионов"><v><l id="160260" t="миллион"><g v="NOUN"></g><g v="inan"></g><g v="masc"></g><g v="plur"></g><g v="gent"></g></l></v></tfr></token><token id="664738" text=")"><tfr rev_id="1496833" t=")"><v><l id="0" t=")"><g v="PNCT"></g></l></v></tfr></token></tokens></sentence></paragraph><paragraph id="11927"><sentence id="37204"><source>8. Нигерия (148 миллионов)</source><tokens><token id="664739" text="8"><tfr rev_id="2462439" t="8"><v><l id="0" t="8"><g v="NUMB"></g></l></v></tfr></token><token id="664740" text="."><tfr rev_id="1496835" t="."><v><l id="0" t="."><g v="PNCT"></g></l></v></tfr></token><token id="664741" text="Нигерия"><tfr rev_id="1496836" t="Нигерия"><v><l id="190366" t="нигерия"><g v="NOUN"></g><g v="inan"></g><g v="femn"></g><g v="Sgtm"></g><g v="Geox"></g><g v="sing"></g><g v="nomn"></g></l></v></tfr></token><token id="664742" text="("><tfr rev_id="1496837" t="("><v><l id="0" t="("><g v="PNCT"></g></l></v></tfr></token><token id="664743" text="148"><tfr rev_id="2462440" t="148"><v><l id="0" t="148"><g v="NUMB"></g></l></v></tfr></token><token id="664744" text="миллионов"><tfr rev_id="1496839" t="миллионов"><v><l id="160260" t="миллион"><g v="NOUN"></g><g v="inan"></g><g v="masc"></g><g v="plur"></g><g v="gent"></g></l></v></tfr></token><token id="664745" text=")"><tfr rev_id="1496840" t=")"><v><l id="0" t=")"><g v="PNCT"></g></l></v></tfr></token></tokens></sentence></paragraph><paragraph id="11928"><sentence id="37205"><source>9. Россия (142 миллионов)</source><tokens><token id="664746" text="9"><tfr rev_id="2462441" t="9"><v><l id="0" t="9"><g v="NUMB"></g></l></v></tfr></token><token id="664747" text="."><tfr rev_id="1496842" t="."><v><l id="0" t="."><g v="PNCT"></g></l></v></tfr></token><token id="664748" text="Россия"><tfr rev_id="1496843" t="Россия"><v><l id="309322" t="россия"><g v="NOUN"></g><g v="inan"></g><g v="femn"></g><g v="Sgtm"></g><g v="Geox"></g><g v="sing"></g><g v="nomn"></g></l></v></tfr></token><token id="664749" text="("><tfr rev_id="1496844" t="("><v><l id="0" t="("><g v="PNCT"></g></l></v></tfr></token><token id="664750" text="142"><tfr rev_id="2462442" t="142"><v><l id="0" t="142"><g v="NUMB"></g></l></v></tfr></token><token id="664751" text="миллионов"><tfr rev_id="1496846" t="миллионов"><v><l id="160260" t="миллион"><g v="NOUN"></g><g v="inan"></g><g v="masc"></g><g v="plur"></g><g v="gent"></g></l></v></tfr></token><token id="664752" text=")"><tfr rev_id="1496847" t=")"><v><l id="0" t=")"><g v="PNCT"></g></l></v></tfr></token></tokens></sentence></paragraph><paragraph id="11929"><sentence id="37206"><source>10. Япония (128 миллионов)</source><tokens><token id="664753" text="10"><tfr rev_id="2462443" t="10"><v><l id="0" t="10"><g v="NUMB"></g></l></v></tfr></token><token id="664754" text="."><tfr rev_id="1496849" t="."><v><l id="0" t="."><g v="PNCT"></g></l></v></tfr></token><token id="664755" text="Япония"><tfr rev_id="1496850" t="Япония"><v><l id="387993" t="япония"><g v="NOUN"></g><g v="inan"></g><g v="femn"></g><g v="Sgtm"></g><g v="Geox"></g><g v="sing"></g><g v="nomn"></g></l></v></tfr></token><token id="664756" text="("><tfr rev_id="1496851" t="("><v><l id="0" t="("><g v="PNCT"></g></l></v></tfr></token><token id="664757" text="128"><tfr rev_id="2462444" t="128"><v><l id="0" t="128"><g v="NUMB"></g></l></v></tfr></token><token id="664758" text="миллионов"><tfr rev_id="1496853" t="миллионов"><v><l id="160260" t="миллион"><g v="NOUN"></g><g v="inan"></g><g v="masc"></g><g v="plur"></g><g v="gent"></g></l></v></tfr></token><token id="664759" text=")"><tfr rev_id="1496854" t=")"><v><l id="0" t=")"><g v="PNCT"></g></l></v></tfr></token></tokens></sentence></paragraph><paragraph id="11930"><sentence id="37207"><source>Самые населённые страны в 2050 году.</source><tokens><token id="664760" text="Самые"><tfr rev_id="3816307" t="Самые"><v><l id="313174" t="самый"><g v="ADJF"></g><g v="Apro"></g><g v="plur"></g><g v="nomn"></g></l></v></tfr></token><token id="664761" text="населённые"><tfr rev_id="1496856" t="населённые"><v><l id="175224" t="населённый"><g v="ADJF"></g><g v="Qual"></g><g v="plur"></g><g v="nomn"></g></l></v><v><l id="175224" t="населённый"><g v="ADJF"></g><g v="Qual"></g><g v="inan"></g><g v="plur"></g><g v="accs"></g></l></v><v><l id="175232" t="населённый"><g v="PRTF"></g><g v="perf"></g><g v="tran"></g><g v="past"></g><g v="pssv"></g><g v="plur"></g><g v="nomn"></g></l></v><v><l id="175232" t="населённый"><g v="PRTF"></g><g v="perf"></g><g v="tran"></g><g v="past"></g><g v="pssv"></g><g v="inan"></g><g v="plur"></g><g v="accs"></g></l></v></tfr></token><token id="664762" text="страны"><tfr rev_id="3800693" t="страны"><v><l id="337100" t="страна"><g v="NOUN"></g><g v="inan"></g><g v="femn"></g><g v="plur"></g><g v="nomn"></g></l></v></tfr></token><token id="664763" text="в"><tfr rev_id="1496858" t="в"><v><l id="37409" t="в"><g v="PREP"></g></l></v></tfr></token><token id="664764" text="2050"><tfr rev_id="2462445" t="2050"><v><l id="0" t="2050"><g v="NUMB"></g></l></v></tfr></token><token id="664765" text="году"><tfr rev_id="2927949" t="году"><v><l id="72149" t="год"><g v="NOUN"></g><g v="inan"></g><g v="masc"></g><g v="sing"></g><g v="loc2"></g></l></v></tfr></token><token id="664766" text="."><tfr rev_id="1496861" t="."><v><l id="0" t="."><g v="PNCT"></g></l></v></tfr></token></tokens></sentence></paragraph><paragraph id="11931"><sentence id="37208"><source>1. Индия (1,7 миллиардов)</source><tokens><token id="664767" text="1"><tfr rev_id="2462446" t="1"><v><l id="0" t="1"><g v="NUMB"></g></l></v></tfr></token><token id="664768" text="."><tfr rev_id="1496863" t="."><v><l id="0" t="."><g v="PNCT"></g></l></v></tfr></token><token id="664769" text="Индия"><tfr rev_id="3886898" t="Индия"><v><l id="122271" t="индия"><g v="NOUN"></g><g v="inan"></g><g v="femn"></g><g v="Sgtm"></g><g v="Geox"></g><g v="sing"></g><g v="nomn"></g></l></v></tfr></token><token id="664770" text="("><tfr rev_id="1496865" t="("><v><l id="0" t="("><g v="PNCT"></g></l></v></tfr></token><token id="664771" text="1,7"><tfr rev_id="2462447" t="1,7"><v><l id="0" t="1,7"><g v="NUMB"></g></l></v></tfr></token><token id="664772" text="миллиардов"><tfr rev_id="1496867" t="миллиардов"><v><l id="160237" t="миллиард"><g v="NOUN"></g><g v="inan"></g><g v="masc"></g><g v="plur"></g><g v="gent"></g></l></v></tfr></token><token id="664773" text=")"><tfr rev_id="1496868" t=")"><v><l id="0" t=")"><g v="PNCT"></g></l></v></tfr></token></tokens></sentence></paragraph><paragraph id="11932"><sentence id="37209"><source>2. Китай (1,4 миллиардов)</source><tokens><token id="664774" text="2"><tfr rev_id="2462448" t="2"><v><l id="0" t="2"><g v="NUMB"></g></l></v></tfr></token><token id="664775" text="."><tfr rev_id="1496870" t="."><v><l id="0" t="."><g v="PNCT"></g></l></v></tfr></token><token id="664776" text="Китай"><tfr rev_id="3488338" t="Китай"><v><l id="133640" t="китай"><g v="NOUN"></g><g v="inan"></g><g v="masc"></g><g v="Sgtm"></g><g v="Geox"></g><g v="sing"></g><g v="nomn"></g></l></v></tfr></token><token id="664777" text="("><tfr rev_id="1496872" t="("><v><l id="0" t="("><g v="PNCT"></g></l></v></tfr></token><token id="664778" text="1,4"><tfr rev_id="2462449" t="1,4"><v><l id="0" t="1,4"><g v="NUMB"></g></l></v></tfr></token><token id="664779" text="миллиардов"><tfr rev_id="1496874" t="миллиардов"><v><l id="160237" t="миллиард"><g v="NOUN"></g><g v="inan"></g><g v="masc"></g><g v="plur"></g><g v="gent"></g></l></v></tfr></token><token id="664780" text=")"><tfr rev_id="1496875" t=")"><v><l id="0" t=")"><g v="PNCT"></g></l></v></tfr></token></tokens></sentence></paragraph><paragraph id="11933"><sentence id="37210"><source>3. США (402 миллионов)</source><tokens><token id="664781" text="3"><tfr rev_id="2462450" t="3"><v><l id="0" t="3"><g v="NUMB"></g></l></v></tfr></token><token id="664782" text="."><tfr rev_id="1496877" t="."><v><l id="0" t="."><g v="PNCT"></g></l></v></tfr></token><token id="664783" text="США"><tfr rev_id="3811422" t="США"><v><l id="341371" t="сша"><g v="NOUN"></g><g v="inan"></g><g v="GNdr"></g><g v="Pltm"></g><g v="Fixd"></g><g v="Abbr"></g><g v="Geox"></g><g v="plur"></g><g v="nomn"></g></l></v></tfr></token><token id="664784" text="("><tfr rev_id="1496879" t="("><v><l id="0" t="("><g v="PNCT"></g></l></v></tfr></token><token id="664785" text="402"><tfr rev_id="2462451" t="402"><v><l id="0" t="402"><g v="NUMB"></g></l></v></tfr></token><token id="664786" text="миллионов"><tfr rev_id="1496881" t="миллионов"><v><l id="160260" t="миллион"><g v="NOUN"></g><g v="inan"></g><g v="masc"></g><g v="plur"></g><g v="gent"></g></l></v></tfr></token><token id="664787" text=")"><tfr rev_id="1496882" t=")"><v><l id="0" t=")"><g v="PNCT"></g></l></v></tfr></token></tokens></sentence></paragraph><paragraph id="11934"><sentence id="37211"><source>4. Индонезия (297 миллионов)</source><tokens><token id="664788" text="4"><tfr rev_id="2462452" t="4"><v><l id="0" t="4"><g v="NUMB"></g></l></v></tfr></token><token id="664789" text="."><tfr rev_id="1496884" t="."><v><l id="0" t="."><g v="PNCT"></g></l></v></tfr></token><token id="664790" text="Индонезия"><tfr rev_id="1496885" t="Индонезия"><v><l id="122289" t="индонезия"><g v="NOUN"></g><g v="inan"></g><g v="femn"></g><g v="Sgtm"></g><g v="Geox"></g><g v="sing"></g><g v="nomn"></g></l></v></tfr></token><token id="664791" text="("><tfr rev_id="1496886" t="("><v><l id="0" t="("><g v="PNCT"></g></l></v></tfr></token><token id="664792" text="297"><tfr rev_id="2462453" t="297"><v><l id="0" t="297"><g v="NUMB"></g></l></v></tfr></token><token id="664793" text="миллионов"><tfr rev_id="1496888" t="миллионов"><v><l id="160260" t="миллион"><g v="NOUN"></g><g v="inan"></g><g v="masc"></g><g v="plur"></g><g v="gent"></g></l></v></tfr></token><token id="664794" text=")"><tfr rev_id="1496889" t=")"><v><l id="0" t=")"><g v="PNCT"></g></l></v></tfr></token></tokens></sentence></paragraph><paragraph id="11935"><sentence id="37212"><source>5. Пакистан (292 миллионов)</source><tokens><token id="664795" text="5"><tfr rev_id="2462454" t="5"><v><l id="0" t="5"><g v="NUMB"></g></l></v></tfr></token><token id="664796" text="."><tfr rev_id="1496891" t="."><v><l id="0" t="."><g v="PNCT"></g></l></v></tfr></token><token id="664797" text="Пакистан"><tfr rev_id="2782531" t="Пакистан"><v><l id="222671" t="пакистан"><g v="NOUN"></g><g v="inan"></g><g v="masc"></g><g v="Geox"></g><g v="sing"></g><g v="nomn"></g></l></v></tfr></token><token id="664798" text="("><tfr rev_id="1496893" t="("><v><l id="0" t="("><g v="PNCT"></g></l></v></tfr></token><token id="664799" text="292"><tfr rev_id="2462455" t="292"><v><l id="0" t="292"><g v="NUMB"></g></l></v></tfr></token><token id="664800" text="миллионов"><tfr rev_id="1496895" t="миллионов"><v><l id="160260" t="миллион"><g v="NOUN"></g><g v="inan"></g><g v="masc"></g><g v="plur"></g><g v="gent"></g></l></v></tfr></token><token id="664801" text=")"><tfr rev_id="1496896" t=")"><v><l id="0" t=")"><g v="PNCT"></g></l></v></tfr></token></tokens></sentence></paragraph><paragraph id="11936"><sentence id="37213"><source>6. Нигерия (289 миллионов)</source><tokens><token id="664802" text="6"><tfr rev_id="2462456" t="6"><v><l id="0" t="6"><g v="NUMB"></g></l></v></tfr></token><token id="664803" text="."><tfr rev_id="1496898" t="."><v><l id="0" t="."><g v="PNCT"></g></l></v></tfr></token><token id="664804" text="Нигерия"><tfr rev_id="1496899" t="Нигерия"><v><l id="190366" t="нигерия"><g v="NOUN"></g><g v="inan"></g><g v="femn"></g><g v="Sgtm"></g><g v="Geox"></g><g v="sing"></g><g v="nomn"></g></l></v></tfr></token><token id="664805" text="("><tfr rev_id="1496900" t="("><v><l id="0" t="("><g v="PNCT"></g></l></v></tfr></token><token id="664806" text="289"><tfr rev_id="2462457" t="289"><v><l id="0" t="289"><g v="NUMB"></g></l></v></tfr></token><token id="664807" text="миллионов"><tfr rev_id="1496902" t="миллионов"><v><l id="160260" t="миллион"><g v="NOUN"></g><g v="inan"></g><g v="masc"></g><g v="plur"></g><g v="gent"></g></l></v></tfr></token><token id="664808" text=")"><tfr rev_id="1496903" t=")"><v><l id="0" t=")"><g v="PNCT"></g></l></v></tfr></token></tokens></sentence></paragraph><paragraph id="11937"><sentence id="37214"><source>7. Бразилия (254 миллионов)</source><tokens><token id="664809" text="7"><tfr rev_id="2462458" t="7"><v><l id="0" t="7"><g v="NUMB"></g></l></v></tfr></token><token id="664810" text="."><tfr rev_id="1496905" t="."><v><l id="0" t="."><g v="PNCT"></g></l></v></tfr></token><token id="664811" text="Бразилия"><tfr rev_id="1496906" t="Бразилия"><v><l id="33418" t="бразилия"><g v="NOUN"></g><g v="inan"></g><g v="femn"></g><g v="Sgtm"></g><g v="Geox"></g><g v="sing"></g><g v="nomn"></g></l></v></tfr></token><token id="664812" text="("><tfr rev_id="1496907" t="("><v><l id="0" t="("><g v="PNCT"></g></l></v></tfr></token><token id="664813" text="254"><tfr rev_id="2462459" t="254"><v><l id="0" t="254"><g v="NUMB"></g></l></v></tfr></token><token id="664814" text="миллионов"><tfr rev_id="1496909" t="миллионов"><v><l id="160260" t="миллион"><g v="NOUN"></g><g v="inan"></g><g v="masc"></g><g v="plur"></g><g v="gent"></g></l></v></tfr></token><token id="664815" text=")"><tfr rev_id="1496910" t=")"><v><l id="0" t=")"><g v="PNCT"></g></l></v></tfr></token></tokens></sentence></paragraph><paragraph id="11938"><sentence id="37215"><source>8. Бангладеш (254 миллионов)</source><tokens><token id="664816" text="8"><tfr rev_id="2462460" t="8"><v><l id="0" t="8"><g v="NUMB"></g></l></v></tfr></token><token id="664817" text="."><tfr rev_id="1496912" t="."><v><l id="0" t="."><g v="PNCT"></g></l></v></tfr></token><token id="664818" text="Бангладеш"><tfr rev_id="4496750" t="Бангладеш"><v><l id="23491" t="бангладеш"><g v="NOUN"></g><g v="inan"></g><g v="masc"></g><g v="Sgtm"></g><g v="Geox"></g><g v="sing"></g><g v="nomn"></g></l></v></tfr></token><token id="664819" text="("><tfr rev_id="1496914" t="("><v><l id="0" t="("><g v="PNCT"></g></l></v></tfr></token><token id="664820" text="254"><tfr rev_id="2462461" t="254"><v><l id="0" t="254"><g v="NUMB"></g></l></v></tfr></token><token id="664821" text="миллионов"><tfr rev_id="1496916" t="миллионов"><v><l id="160260" t="миллион"><g v="NOUN"></g><g v="inan"></g><g v="masc"></g><g v="plur"></g><g v="gent"></g></l></v></tfr></token><token id="664822" text=")"><tfr rev_id="1496917" t=")"><v><l id="0" t=")"><g v="PNCT"></g></l></v></tfr></token></tokens></sentence></paragraph><paragraph id="11939"><sentence id="37216"><source>9. Конго (187 миллионов)</source><tokens><token id="664823" text="9"><tfr rev_id="2462462" t="9"><v><l id="0" t="9"><g v="NUMB"></g></l></v></tfr></token><token id="664824" text="."><tfr rev_id="1496919" t="."><v><l id="0" t="."><g v="PNCT"></g></l></v></tfr></token><token id="664825" text="Конго"><tfr rev_id="3499035" t="Конго"><v><l id="137658" t="конго"><g v="NOUN"></g><g v="inan"></g><g v="neut"></g><g v="Sgtm"></g><g v="Fixd"></g><g v="Geox"></g><g v="sing"></g><g v="nomn"></g></l></v></tfr></token><token id="664826" text="("><tfr rev_id="1496921" t="("><v><l id="0" t="("><g v="PNCT"></g></l></v></tfr></token><token id="664827" text="187"><tfr rev_id="2462463" t="187"><v><l id="0" t="187"><g v="NUMB"></g></l></v></tfr></token><token id="664828" text="миллионов"><tfr rev_id="1496923" t="миллионов"><v><l id="160260" t="миллион"><g v="NOUN"></g><g v="inan"></g><g v="masc"></g><g v="plur"></g><g v="gent"></g></l></v></tfr></token><token id="664829" text=")"><tfr rev_id="1496924" t=")"><v><l id="0" t=")"><g v="PNCT"></g></l></v></tfr></token></tokens></sentence></paragraph><paragraph id="11940"><sentence id="37217"><source>10. Эфиопия (183 миллионов)</source><tokens><token id="664830" text="10"><tfr rev_id="2462464" t="10"><v><l id="0" t="10"><g v="NUMB"></g></l></v></tfr></token><token id="664831" text="."><tfr rev_id="1496926" t="."><v><l id="0" t="."><g v="PNCT"></g></l></v></tfr></token><token id="664832" text="Эфиопия"><tfr rev_id="1496927" t="Эфиопия"><v><l id="386628" t="эфиопия"><g v="NOUN"></g><g v="inan"></g><g v="femn"></g><g v="Sgtm"></g><g v="Geox"></g><g v="sing"></g><g v="nomn"></g></l></v></tfr></token><token id="664833" text="("><tfr rev_id="1496928" t="("><v><l id="0" t="("><g v="PNCT"></g></l></v></tfr></token><token id="664834" text="183"><tfr rev_id="2462465" t="183"><v><l id="0" t="183"><g v="NUMB"></g></l></v></tfr></token><token id="664835" text="миллионов"><tfr rev_id="1496930" t="миллионов"><v><l id="160260" t="миллион"><g v="NOUN"></g><g v="inan"></g><g v="masc"></g><g v="plur"></g><g v="gent"></g></l></v></tfr></token><token id="664836" text=")"><tfr rev_id="1496931" t=")"><v><l id="0" t=")"><g v="PNCT"></g></l></v></tfr></token></tokens></sentence></paragraph></paragraphs></text>