<?xml version="1.0" encoding="utf-8"?><text id="1306" parent="56" name="Экологи обвиняют власти Венгрии в преуменьшении масштабов угрозы от разлива красного шлама"><tags><tag>Автор:http://ru.wikinews.org/wiki/Участник:TarzanASG</tag><tag>Дата:08/10</tag><tag>Год:2010</tag><tag>url:http://ru.wikinews.org/w/index.php?title=Экологи_обвиняют_власти_Венгрии_в_преуменьшении_масштабов_угрозы_от_разлива_красного_шлама&amp;oldid=43848</tag><tag>Гео:ВикиКатегория:Европа</tag><tag>Гео:ВикиКатегория:Венгрия</tag><tag>Тема:ВикиКатегория:Окружающая среда</tag><tag>Тема:ВикиКатегория:Экология</tag></tags><paragraphs><paragraph id="11949"><sentence id="37236"><source>Активисты-экологи обвиняют власти Венгрии в преуменьшении масштабов угрозы от разлива красного шлама.</source><tokens><token id="665185" text="Активисты"><tfr rev_id="1497280" t="Активисты"><v><l id="7658" t="активист"><g v="NOUN"></g><g v="anim"></g><g v="masc"></g><g v="plur"></g><g v="nomn"></g></l></v></tfr></token><token id="665186" text="-"><tfr rev_id="1497281" t="-"><v><l id="0" t="-"><g v="PNCT"></g></l></v></tfr></token><token id="665187" text="экологи"><tfr rev_id="1497282" t="экологи"><v><l id="383319" t="эколог"><g v="NOUN"></g><g v="anim"></g><g v="masc"></g><g v="plur"></g><g v="nomn"></g></l></v></tfr></token><token id="665188" text="обвиняют"><tfr rev_id="1497283" t="обвиняют"><v><l id="193422" t="обвиняю"><g v="VERB"></g><g v="impf"></g><g v="tran"></g><g v="plur"></g><g v="3per"></g><g v="pres"></g><g v="indc"></g></l></v></tfr></token><token id="665189" text="власти"><tfr rev_id="3768645" t="власти"><v><l id="46816" t="власть"><g v="NOUN"></g><g v="inan"></g><g v="femn"></g><g v="plur"></g><g v="accs"></g></l></v></tfr></token><token id="665190" text="Венгрии"><tfr rev_id="3456962" t="Венгрии"><v><l id="40896" t="венгрия"><g v="NOUN"></g><g v="inan"></g><g v="femn"></g><g v="Sgtm"></g><g v="Geox"></g><g v="sing"></g><g v="gent"></g></l></v></tfr></token><token id="665191" text="в"><tfr rev_id="1497286" t="в"><v><l id="37409" t="в"><g v="PREP"></g></l></v></tfr></token><token id="665192" text="преуменьшении"><tfr rev_id="1497287" t="преуменьшении"><v><l id="268515" t="преуменьшение"><g v="NOUN"></g><g v="inan"></g><g v="neut"></g><g v="sing"></g><g v="loct"></g></l></v></tfr></token><token id="665193" text="масштабов"><tfr rev_id="1497288" t="масштабов"><v><l id="156135" t="масштаб"><g v="NOUN"></g><g v="inan"></g><g v="masc"></g><g v="plur"></g><g v="gent"></g></l></v></tfr></token><token id="665194" text="угрозы"><tfr rev_id="3264097" t="угрозы"><v><l id="354549" t="угроза"><g v="NOUN"></g><g v="inan"></g><g v="femn"></g><g v="sing"></g><g v="gent"></g></l></v></tfr></token><token id="665195" text="от"><tfr rev_id="1497290" t="от"><v><l id="211644" t="от"><g v="PREP"></g></l></v></tfr></token><token id="665196" text="разлива"><tfr rev_id="1497291" t="разлива"><v><l id="294423" t="разлив"><g v="NOUN"></g><g v="inan"></g><g v="masc"></g><g v="sing"></g><g v="gent"></g></l></v></tfr></token><token id="665197" text="красного"><tfr rev_id="4535233" t="красного"><v><l id="142014" t="красный"><g v="ADJF"></g><g v="Qual"></g><g v="masc"></g><g v="sing"></g><g v="gent"></g></l></v><v><l id="142014" t="красный"><g v="ADJF"></g><g v="Qual"></g><g v="neut"></g><g v="sing"></g><g v="gent"></g></l></v></tfr></token><token id="665198" text="шлама"><tfr rev_id="1497293" t="шлама"><v><l id="380366" t="шлам"><g v="NOUN"></g><g v="inan"></g><g v="masc"></g><g v="sing"></g><g v="gent"></g></l></v></tfr></token><token id="665199" text="."><tfr rev_id="1497294" t="."><v><l id="0" t="."><g v="PNCT"></g></l></v></tfr></token></tokens></sentence></paragraph><paragraph id="11950"><sentence id="37237"><source>Представители организации Greenpeace в пятницу 8 октября заявили, что концентрация мышьяка в шламе вдвое превышает обычный уровень содержания этого ядовитого вещества в отходах алюминиевого завода.</source><tokens><token id="665200" text="Представители"><tfr rev_id="1497295" t="Представители"><v><l id="267083" t="представитель"><g v="NOUN"></g><g v="anim"></g><g v="masc"></g><g v="plur"></g><g v="nomn"></g></l></v></tfr></token><token id="665201" text="организации"><tfr rev_id="4271755" t="организации"><v><l id="208750" t="организация"><g v="NOUN"></g><g v="inan"></g><g v="femn"></g><g v="sing"></g><g v="gent"></g></l></v></tfr></token><token id="665202" text="Greenpeace"><tfr rev_id="2475147" t="Greenpeace"><v><l id="0" t="Greenpeace"><g v="LATN"></g></l></v></tfr></token><token id="665203" text="в"><tfr rev_id="1497298" t="в"><v><l id="37409" t="в"><g v="PREP"></g></l></v></tfr></token><token id="665204" text="пятницу"><tfr rev_id="1497299" t="пятницу"><v><l id="290408" t="пятница"><g v="NOUN"></g><g v="inan"></g><g v="femn"></g><g v="sing"></g><g v="accs"></g></l></v></tfr></token><token id="665205" text="8"><tfr rev_id="2462474" t="8"><v><l id="0" t="8"><g v="NUMB"></g></l></v></tfr></token><token id="665206" text="октября"><tfr rev_id="1497301" t="октября"><v><l id="205725" t="октябрь"><g v="NOUN"></g><g v="inan"></g><g v="masc"></g><g v="sing"></g><g v="gent"></g></l></v></tfr></token><token id="665207" text="заявили"><tfr rev_id="1497302" t="заявили"><v><l id="114300" t="заявил"><g v="VERB"></g><g v="perf"></g><g v="tran"></g><g v="plur"></g><g v="past"></g><g v="indc"></g></l></v></tfr></token><token id="665208" text=","><tfr rev_id="1497303" t=","><v><l id="0" t=","><g v="PNCT"></g></l></v></tfr></token><token id="665209" text="что"><tfr rev_id="3197445" t="что"><v><l id="377004" t="что"><g v="CONJ"></g></l></v><v><l id="377005" t="что"><g v="NPRO"></g><g v="neut"></g><g v="sing"></g><g v="nomn"></g></l></v><v><l id="377005" t="что"><g v="NPRO"></g><g v="neut"></g><g v="sing"></g><g v="accs"></g></l></v><v><l id="377006" t="что"><g v="ADVB"></g><g v="Ques"></g></l></v><v><l id="388695" t="что"><g v="PRCL"></g></l></v></tfr></token><token id="665210" text="концентрация"><tfr rev_id="1497305" t="концентрация"><v><l id="138917" t="концентрация"><g v="NOUN"></g><g v="inan"></g><g v="femn"></g><g v="sing"></g><g v="nomn"></g></l></v></tfr></token><token id="665211" text="мышьяка"><tfr rev_id="1497306" t="мышьяка"><v><l id="165971" t="мышьяк"><g v="NOUN"></g><g v="inan"></g><g v="masc"></g><g v="sing"></g><g v="gen1"></g></l></v></tfr></token><token id="665212" text="в"><tfr rev_id="1497307" t="в"><v><l id="37409" t="в"><g v="PREP"></g></l></v></tfr></token><token id="665213" text="шламе"><tfr rev_id="1497308" t="шламе"><v><l id="380366" t="шлам"><g v="NOUN"></g><g v="inan"></g><g v="masc"></g><g v="sing"></g><g v="loct"></g></l></v></tfr></token><token id="665214" text="вдвое"><tfr rev_id="1497309" t="вдвое"><v><l id="40046" t="вдвое"><g v="ADVB"></g></l></v></tfr></token><token id="665215" text="превышает"><tfr rev_id="1497310" t="превышает"><v><l id="266160" t="превышаю"><g v="VERB"></g><g v="impf"></g><g v="tran"></g><g v="sing"></g><g v="3per"></g><g v="pres"></g><g v="indc"></g></l></v></tfr></token><token id="665216" text="обычный"><tfr rev_id="1497311" t="обычный"><v><l id="202049" t="обычный"><g v="ADJF"></g><g v="Qual"></g><g v="masc"></g><g v="sing"></g><g v="nomn"></g></l></v><v><l id="202049" t="обычный"><g v="ADJF"></g><g v="Qual"></g><g v="inan"></g><g v="masc"></g><g v="sing"></g><g v="accs"></g></l></v></tfr></token><token id="665217" text="уровень"><tfr rev_id="3272567" t="уровень"><v><l id="359953" t="уровень"><g v="NOUN"></g><g v="inan"></g><g v="masc"></g><g v="sing"></g><g v="accs"></g></l></v></tfr></token><token id="665218" text="содержания"><tfr rev_id="3463643" t="содержания"><v><l id="328404" t="содержание"><g v="NOUN"></g><g v="inan"></g><g v="neut"></g><g v="sing"></g><g v="gent"></g></l></v></tfr></token><token id="665219" text="этого"><tfr rev_id="4487633" t="этого"><v><l id="386581" t="этот"><g v="ADJF"></g><g v="Subx"></g><g v="Apro"></g><g v="Anph"></g><g v="neut"></g><g v="sing"></g><g v="gent"></g></l></v></tfr></token><token id="665220" text="ядовитого"><tfr rev_id="3453984" t="ядовитого"><v><l id="387500" t="ядовитый"><g v="ADJF"></g><g v="Qual"></g><g v="neut"></g><g v="sing"></g><g v="gent"></g></l></v></tfr></token><token id="665221" text="вещества"><tfr rev_id="3467030" t="вещества"><v><l id="42497" t="вещество"><g v="NOUN"></g><g v="inan"></g><g v="neut"></g><g v="sing"></g><g v="gent"></g></l></v></tfr></token><token id="665222" text="в"><tfr rev_id="1497317" t="в"><v><l id="37409" t="в"><g v="PREP"></g></l></v></tfr></token><token id="665223" text="отходах"><tfr rev_id="4473461" t="отходах"><v><l id="219811" t="отход"><g v="NOUN"></g><g v="inan"></g><g v="masc"></g><g v="plur"></g><g v="loct"></g></l></v></tfr></token><token id="665224" text="алюминиевого"><tfr rev_id="4405769" t="алюминиевого"><v><l id="10918" t="алюминиевый"><g v="ADJF"></g><g v="masc"></g><g v="sing"></g><g v="gent"></g></l></v></tfr></token><token id="665225" text="завода"><tfr rev_id="1497320" t="завода"><v><l id="99792" t="завод"><g v="NOUN"></g><g v="inan"></g><g v="masc"></g><g v="sing"></g><g v="gent"></g></l></v></tfr></token><token id="665226" text="."><tfr rev_id="1497321" t="."><v><l id="0" t="."><g v="PNCT"></g></l></v></tfr></token></tokens></sentence><sentence id="37238"><source>Кроме того, они заявили, что высокое содержание тяжелых металлов также создает серьезную угрозу для здоровья человека.</source><tokens><token id="665227" text="Кроме"><tfr rev_id="1497322" t="Кроме"><v><l id="143259" t="кроме"><g v="PREP"></g></l></v></tfr></token><token id="665228" text="того"><tfr rev_id="4412745" t="того"><v><l id="348430" t="тот"><g v="ADJF"></g><g v="Subx"></g><g v="Apro"></g><g v="Anph"></g><g v="neut"></g><g v="sing"></g><g v="gent"></g></l></v></tfr></token><token id="665229" text=","><tfr rev_id="1497324" t=","><v><l id="0" t=","><g v="PNCT"></g></l></v></tfr></token><token id="665230" text="они"><tfr rev_id="3599434" t="они"><v><l id="206619" t="они"><g v="NPRO"></g><g v="3per"></g><g v="Anph"></g><g v="plur"></g><g v="nomn"></g></l></v></tfr></token><token id="665231" text="заявили"><tfr rev_id="1497326" t="заявили"><v><l id="114300" t="заявил"><g v="VERB"></g><g v="perf"></g><g v="tran"></g><g v="plur"></g><g v="past"></g><g v="indc"></g></l></v></tfr></token><token id="665232" text=","><tfr rev_id="1497327" t=","><v><l id="0" t=","><g v="PNCT"></g></l></v></tfr></token><token id="665233" text="что"><tfr rev_id="3197446" t="что"><v><l id="377004" t="что"><g v="CONJ"></g></l></v><v><l id="377005" t="что"><g v="NPRO"></g><g v="neut"></g><g v="sing"></g><g v="nomn"></g></l></v><v><l id="377005" t="что"><g v="NPRO"></g><g v="neut"></g><g v="sing"></g><g v="accs"></g></l></v><v><l id="377006" t="что"><g v="ADVB"></g><g v="Ques"></g></l></v><v><l id="388695" t="что"><g v="PRCL"></g></l></v></tfr></token><token id="665234" text="высокое"><tfr rev_id="1497329" t="высокое"><v><l id="62135" t="высокий"><g v="ADJF"></g><g v="Qual"></g><g v="neut"></g><g v="sing"></g><g v="nomn"></g></l></v><v><l id="62135" t="высокий"><g v="ADJF"></g><g v="Qual"></g><g v="neut"></g><g v="sing"></g><g v="accs"></g></l></v></tfr></token><token id="665235" text="содержание"><tfr rev_id="1497330" t="содержание"><v><l id="328404" t="содержание"><g v="NOUN"></g><g v="inan"></g><g v="neut"></g><g v="sing"></g><g v="nomn"></g></l></v><v><l id="328404" t="содержание"><g v="NOUN"></g><g v="inan"></g><g v="neut"></g><g v="sing"></g><g v="accs"></g></l></v></tfr></token><token id="665236" text="тяжелых"><tfr rev_id="2956066" t="тяжелых"><v><l id="352656" t="тяжёлый"><g v="ADJF"></g><g v="Qual"></g><g v="plur"></g><g v="gent"></g></l></v></tfr></token><token id="665237" text="металлов"><tfr rev_id="1497332" t="металлов"><v><l id="158887" t="металл"><g v="NOUN"></g><g v="inan"></g><g v="masc"></g><g v="plur"></g><g v="gent"></g></l></v></tfr></token><token id="665238" text="также"><tfr rev_id="4267802" t="также"><v><l id="342482" t="также"><g v="PRCL"></g></l></v></tfr></token><token id="665239" text="создает"><tfr rev_id="1497334" t="создает"><v><l id="328568" t="создаю"><g v="VERB"></g><g v="impf"></g><g v="tran"></g><g v="sing"></g><g v="3per"></g><g v="pres"></g><g v="indc"></g></l></v></tfr></token><token id="665240" text="серьезную"><tfr rev_id="1497335" t="серьезную"><v><l id="319559" t="серьёзный"><g v="ADJF"></g><g v="Qual"></g><g v="femn"></g><g v="sing"></g><g v="accs"></g></l></v></tfr></token><token id="665241" text="угрозу"><tfr rev_id="1497336" t="угрозу"><v><l id="354549" t="угроза"><g v="NOUN"></g><g v="inan"></g><g v="femn"></g><g v="sing"></g><g v="accs"></g></l></v></tfr></token><token id="665242" text="для"><tfr rev_id="3445622" t="для"><v><l id="85032" t="для"><g v="PREP"></g></l></v></tfr></token><token id="665243" text="здоровья"><tfr rev_id="1717023" t="здоровья"><v><l id="114746" t="здоровье"><g v="NOUN"></g><g v="inan"></g><g v="neut"></g><g v="sing"></g><g v="gent"></g></l></v></tfr></token><token id="665244" text="человека"><tfr rev_id="4397522" t="человека"><v><l id="375073" t="человек"><g v="NOUN"></g><g v="anim"></g><g v="masc"></g><g v="sing"></g><g v="gent"></g></l></v></tfr></token><token id="665245" text="."><tfr rev_id="1497340" t="."><v><l id="0" t="."><g v="PNCT"></g></l></v></tfr></token></tokens></sentence></paragraph><paragraph id="11951"><sentence id="37239"><source>Выдвинутые активистами Greenpeace обвинения противоречат заверениям Венгерской академии наук и высокопоставленных государственных служащих, которые заявили, что риск от попадания шлама в реку Дунай ограничен.</source><tokens><token id="665246" text="Выдвинутые"><tfr rev_id="1497341" t="Выдвинутые"><v><l id="56993" t="выдвинутый"><g v="PRTF"></g><g v="perf"></g><g v="tran"></g><g v="past"></g><g v="pssv"></g><g v="plur"></g><g v="nomn"></g></l></v><v><l id="56993" t="выдвинутый"><g v="PRTF"></g><g v="perf"></g><g v="tran"></g><g v="past"></g><g v="pssv"></g><g v="inan"></g><g v="plur"></g><g v="accs"></g></l></v></tfr></token><token id="665247" text="активистами"><tfr rev_id="1497342" t="активистами"><v><l id="7658" t="активист"><g v="NOUN"></g><g v="anim"></g><g v="masc"></g><g v="plur"></g><g v="ablt"></g></l></v></tfr></token><token id="665248" text="Greenpeace"><tfr rev_id="2475148" t="Greenpeace"><v><l id="0" t="Greenpeace"><g v="LATN"></g></l></v></tfr></token><token id="665249" text="обвинения"><tfr rev_id="3794523" t="обвинения"><v><l id="193410" t="обвинение"><g v="NOUN"></g><g v="inan"></g><g v="neut"></g><g v="plur"></g><g v="nomn"></g></l></v></tfr></token><token id="665250" text="противоречат"><tfr rev_id="1497345" t="противоречат"><v><l id="286122" t="противоречу"><g v="VERB"></g><g v="impf"></g><g v="intr"></g><g v="plur"></g><g v="3per"></g><g v="pres"></g><g v="indc"></g></l></v></tfr></token><token id="665251" text="заверениям"><tfr rev_id="1497346" t="заверениям"><v><l id="99379" t="заверение"><g v="NOUN"></g><g v="inan"></g><g v="neut"></g><g v="plur"></g><g v="datv"></g></l></v></tfr></token><token id="665252" text="Венгерской"><tfr rev_id="3284483" t="Венгерской"><v><l id="40893" t="венгерский"><g v="ADJF"></g><g v="femn"></g><g v="sing"></g><g v="gent"></g></l></v></tfr></token><token id="665253" text="академии"><tfr rev_id="3545525" t="академии"><v><l id="6770" t="академия"><g v="NOUN"></g><g v="inan"></g><g v="femn"></g><g v="sing"></g><g v="gent"></g></l></v></tfr></token><token id="665254" text="наук"><tfr rev_id="1497349" t="наук"><v><l id="177429" t="наука"><g v="NOUN"></g><g v="inan"></g><g v="femn"></g><g v="plur"></g><g v="gent"></g></l></v></tfr></token><token id="665255" text="и"><tfr rev_id="1497350" t="и"><v><l id="116949" t="и"><g v="CONJ"></g></l></v><v><l id="116950" t="и"><g v="INTJ"></g></l></v></tfr></token><token id="665256" text="высокопоставленных"><tfr rev_id="4197840" t="высокопоставленных"><v><l id="62325" t="высокопоставленный"><g v="ADJF"></g><g v="plur"></g><g v="gent"></g></l></v></tfr></token><token id="665257" text="государственных"><tfr rev_id="4408936" t="государственных"><v><l id="74161" t="государственный"><g v="ADJF"></g><g v="plur"></g><g v="gent"></g></l></v></tfr></token><token id="665258" text="служащих"><tfr rev_id="1497353" t="служащих"><v><l id="325373" t="служащий"><g v="ADJF"></g><g v="Subx"></g><g v="plur"></g><g v="gent"></g></l></v><v><l id="325373" t="служащий"><g v="ADJF"></g><g v="Subx"></g><g v="anim"></g><g v="plur"></g><g v="accs"></g></l></v><v><l id="325373" t="служащий"><g v="ADJF"></g><g v="Subx"></g><g v="plur"></g><g v="loct"></g></l></v><v><l id="325413" t="служащий"><g v="PRTF"></g><g v="Subx"></g><g v="impf"></g><g v="tran"></g><g v="pres"></g><g v="actv"></g><g v="plur"></g><g v="gent"></g></l></v><v><l id="325413" t="служащий"><g v="PRTF"></g><g v="Subx"></g><g v="impf"></g><g v="tran"></g><g v="pres"></g><g v="actv"></g><g v="anim"></g><g v="plur"></g><g v="accs"></g></l></v><v><l id="325413" t="служащий"><g v="PRTF"></g><g v="Subx"></g><g v="impf"></g><g v="tran"></g><g v="pres"></g><g v="actv"></g><g v="plur"></g><g v="loct"></g></l></v></tfr></token><token id="665259" text=","><tfr rev_id="1497354" t=","><v><l id="0" t=","><g v="PNCT"></g></l></v></tfr></token><token id="665260" text="которые"><tfr rev_id="3793183" t="которые"><v><l id="141203" t="который"><g v="ADJF"></g><g v="Apro"></g><g v="Subx"></g><g v="Anph"></g><g v="plur"></g><g v="nomn"></g></l></v></tfr></token><token id="665261" text="заявили"><tfr rev_id="1497356" t="заявили"><v><l id="114300" t="заявил"><g v="VERB"></g><g v="perf"></g><g v="tran"></g><g v="plur"></g><g v="past"></g><g v="indc"></g></l></v></tfr></token><token id="665262" text=","><tfr rev_id="1497357" t=","><v><l id="0" t=","><g v="PNCT"></g></l></v></tfr></token><token id="665263" text="что"><tfr rev_id="3197447" t="что"><v><l id="377004" t="что"><g v="CONJ"></g></l></v><v><l id="377005" t="что"><g v="NPRO"></g><g v="neut"></g><g v="sing"></g><g v="nomn"></g></l></v><v><l id="377005" t="что"><g v="NPRO"></g><g v="neut"></g><g v="sing"></g><g v="accs"></g></l></v><v><l id="377006" t="что"><g v="ADVB"></g><g v="Ques"></g></l></v><v><l id="388695" t="что"><g v="PRCL"></g></l></v></tfr></token><token id="665264" text="риск"><tfr rev_id="3720129" t="риск"><v><l id="307762" t="риск"><g v="NOUN"></g><g v="inan"></g><g v="masc"></g><g v="sing"></g><g v="nomn"></g></l></v></tfr></token><token id="665265" text="от"><tfr rev_id="1497360" t="от"><v><l id="211644" t="от"><g v="PREP"></g></l></v></tfr></token><token id="665266" text="попадания"><tfr rev_id="3471299" t="попадания"><v><l id="258941" t="попадание"><g v="NOUN"></g><g v="inan"></g><g v="neut"></g><g v="sing"></g><g v="gent"></g></l></v></tfr></token><token id="665267" text="шлама"><tfr rev_id="1497362" t="шлама"><v><l id="380366" t="шлам"><g v="NOUN"></g><g v="inan"></g><g v="masc"></g><g v="sing"></g><g v="gent"></g></l></v></tfr></token><token id="665268" text="в"><tfr rev_id="1497363" t="в"><v><l id="37409" t="в"><g v="PREP"></g></l></v></tfr></token><token id="665269" text="реку"><tfr rev_id="1497364" t="реку"><v><l id="305624" t="река"><g v="NOUN"></g><g v="inan"></g><g v="femn"></g><g v="sing"></g><g v="accs"></g></l></v></tfr></token><token id="665270" text="Дунай"><tfr rev_id="1497365" t="Дунай"><v><l id="93039" t="дунай"><g v="NOUN"></g><g v="inan"></g><g v="masc"></g><g v="Sgtm"></g><g v="Geox"></g><g v="sing"></g><g v="nomn"></g></l></v><v><l id="93039" t="дунай"><g v="NOUN"></g><g v="inan"></g><g v="masc"></g><g v="Sgtm"></g><g v="Geox"></g><g v="sing"></g><g v="accs"></g></l></v></tfr></token><token id="665271" text="ограничен"><tfr rev_id="1497366" t="ограничен"><v><l id="202919" t="ограничен"><g v="ADJS"></g><g v="Qual"></g><g v="masc"></g><g v="sing"></g></l></v><v><l id="202941" t="ограничен"><g v="PRTS"></g><g v="perf"></g><g v="past"></g><g v="pssv"></g><g v="masc"></g><g v="sing"></g></l></v></tfr></token><token id="665272" text="."><tfr rev_id="1497367" t="."><v><l id="0" t="."><g v="PNCT"></g></l></v></tfr></token></tokens></sentence></paragraph><paragraph id="11952"><sentence id="37240"><source>В минувший четверг представители Академии наук заявили, что образцы шлама, взятые на месте разлива, продемонстрировали отсутствие опасного уровня радиации или содержания тяжелых металлов.</source><tokens><token id="665273" text="В"><tfr rev_id="1497368" t="В"><v><l id="37409" t="в"><g v="PREP"></g></l></v></tfr></token><token id="665274" text="минувший"><tfr rev_id="3695305" t="минувший"><v><l id="160723" t="минувший"><g v="ADJF"></g><g v="masc"></g><g v="sing"></g><g v="nomn"></g></l></v><v><l id="160723" t="минувший"><g v="ADJF"></g><g v="inan"></g><g v="masc"></g><g v="sing"></g><g v="accs"></g></l></v></tfr></token><token id="665275" text="четверг"><tfr rev_id="1497370" t="четверг"><v><l id="376075" t="четверг"><g v="NOUN"></g><g v="inan"></g><g v="masc"></g><g v="sing"></g><g v="nomn"></g></l></v><v><l id="376075" t="четверг"><g v="NOUN"></g><g v="inan"></g><g v="masc"></g><g v="sing"></g><g v="accs"></g></l></v></tfr></token><token id="665276" text="представители"><tfr rev_id="1497371" t="представители"><v><l id="267083" t="представитель"><g v="NOUN"></g><g v="anim"></g><g v="masc"></g><g v="plur"></g><g v="nomn"></g></l></v></tfr></token><token id="665277" text="Академии"><tfr rev_id="4313887" t="Академии"><v><l id="6770" t="академия"><g v="NOUN"></g><g v="inan"></g><g v="femn"></g><g v="sing"></g><g v="gent"></g></l></v></tfr></token><token id="665278" text="наук"><tfr rev_id="1497373" t="наук"><v><l id="177429" t="наука"><g v="NOUN"></g><g v="inan"></g><g v="femn"></g><g v="plur"></g><g v="gent"></g></l></v></tfr></token><token id="665279" text="заявили"><tfr rev_id="1497374" t="заявили"><v><l id="114300" t="заявил"><g v="VERB"></g><g v="perf"></g><g v="tran"></g><g v="plur"></g><g v="past"></g><g v="indc"></g></l></v></tfr></token><token id="665280" text=","><tfr rev_id="1497375" t=","><v><l id="0" t=","><g v="PNCT"></g></l></v></tfr></token><token id="665281" text="что"><tfr rev_id="3197448" t="что"><v><l id="377004" t="что"><g v="CONJ"></g></l></v><v><l id="377005" t="что"><g v="NPRO"></g><g v="neut"></g><g v="sing"></g><g v="nomn"></g></l></v><v><l id="377005" t="что"><g v="NPRO"></g><g v="neut"></g><g v="sing"></g><g v="accs"></g></l></v><v><l id="377006" t="что"><g v="ADVB"></g><g v="Ques"></g></l></v><v><l id="388695" t="что"><g v="PRCL"></g></l></v></tfr></token><token id="665282" text="образцы"><tfr rev_id="2757388" t="образцы"><v><l id="198788" t="образец"><g v="NOUN"></g><g v="inan"></g><g v="masc"></g><g v="plur"></g><g v="nomn"></g></l></v></tfr></token><token id="665283" text="шлама"><tfr rev_id="1497378" t="шлама"><v><l id="380366" t="шлам"><g v="NOUN"></g><g v="inan"></g><g v="masc"></g><g v="sing"></g><g v="gent"></g></l></v></tfr></token><token id="665284" text=","><tfr rev_id="1497379" t=","><v><l id="0" t=","><g v="PNCT"></g></l></v></tfr></token><token id="665285" text="взятые"><tfr rev_id="1497380" t="взятые"><v><l id="44307" t="взятый"><g v="PRTF"></g><g v="perf"></g><g v="tran"></g><g v="past"></g><g v="pssv"></g><g v="plur"></g><g v="nomn"></g></l></v><v><l id="44307" t="взятый"><g v="PRTF"></g><g v="perf"></g><g v="tran"></g><g v="past"></g><g v="pssv"></g><g v="inan"></g><g v="plur"></g><g v="accs"></g></l></v></tfr></token><token id="665286" text="на"><tfr rev_id="2912738" t="на"><v><l id="166264" t="на"><g v="PREP"></g></l></v><v><l id="388676" t="на"><g v="INTJ"></g></l></v></tfr></token><token id="665287" text="месте"><tfr rev_id="1497382" t="месте"><v><l id="158822" t="место"><g v="NOUN"></g><g v="inan"></g><g v="neut"></g><g v="sing"></g><g v="loct"></g></l></v></tfr></token><token id="665288" text="разлива"><tfr rev_id="1497383" t="разлива"><v><l id="294423" t="разлив"><g v="NOUN"></g><g v="inan"></g><g v="masc"></g><g v="sing"></g><g v="gent"></g></l></v></tfr></token><token id="665289" text=","><tfr rev_id="1497384" t=","><v><l id="0" t=","><g v="PNCT"></g></l></v></tfr></token><token id="665290" text="продемонстрировали"><tfr rev_id="1497385" t="продемонстрировали"><v><l id="279070" t="продемонстрировал"><g v="VERB"></g><g v="perf"></g><g v="tran"></g><g v="plur"></g><g v="past"></g><g v="indc"></g></l></v></tfr></token><token id="665291" text="отсутствие"><tfr rev_id="1497386" t="отсутствие"><v><l id="218692" t="отсутствие"><g v="NOUN"></g><g v="inan"></g><g v="neut"></g><g v="sing"></g><g v="nomn"></g></l></v><v><l id="218692" t="отсутствие"><g v="NOUN"></g><g v="inan"></g><g v="neut"></g><g v="sing"></g><g v="accs"></g></l></v></tfr></token><token id="665292" text="опасного"><tfr rev_id="3449356" t="опасного"><v><l id="206861" t="опасный"><g v="ADJF"></g><g v="Qual"></g><g v="masc"></g><g v="sing"></g><g v="gent"></g></l></v><v><l id="206861" t="опасный"><g v="ADJF"></g><g v="Qual"></g><g v="anim"></g><g v="masc"></g><g v="sing"></g><g v="accs"></g></l></v></tfr></token><token id="665293" text="уровня"><tfr rev_id="1497388" t="уровня"><v><l id="359953" t="уровень"><g v="NOUN"></g><g v="inan"></g><g v="masc"></g><g v="sing"></g><g v="gent"></g></l></v></tfr></token><token id="665294" text="радиации"><tfr rev_id="4174746" t="радиации"><v><l id="290893" t="радиация"><g v="NOUN"></g><g v="inan"></g><g v="femn"></g><g v="sing"></g><g v="gent"></g></l></v></tfr></token><token id="665295" text="или"><tfr rev_id="3787305" t="или"><v><l id="121146" t="или"><g v="CONJ"></g></l></v></tfr></token><token id="665296" text="содержания"><tfr rev_id="3487114" t="содержания"><v><l id="328404" t="содержание"><g v="NOUN"></g><g v="inan"></g><g v="neut"></g><g v="sing"></g><g v="gent"></g></l></v></tfr></token><token id="665297" text="тяжелых"><tfr rev_id="4197888" t="тяжелых"><v><l id="352656" t="тяжёлый"><g v="ADJF"></g><g v="Qual"></g><g v="plur"></g><g v="gent"></g></l></v></tfr></token><token id="665298" text="металлов"><tfr rev_id="1497393" t="металлов"><v><l id="158887" t="металл"><g v="NOUN"></g><g v="inan"></g><g v="masc"></g><g v="plur"></g><g v="gent"></g></l></v></tfr></token><token id="665299" text="."><tfr rev_id="1497394" t="."><v><l id="0" t="."><g v="PNCT"></g></l></v></tfr></token></tokens></sentence></paragraph><paragraph id="11953"><sentence id="37241"><source>Власти заявляют, что происходящая от разлива угроза была нейтрализована, несмотря на то, что часть шлама просочилась в приток Дуная.</source><tokens><token id="665300" text="Власти"><tfr rev_id="3795861" t="Власти"><v><l id="46816" t="власть"><g v="NOUN"></g><g v="inan"></g><g v="femn"></g><g v="plur"></g><g v="nomn"></g></l></v></tfr></token><token id="665301" text="заявляют"><tfr rev_id="1497396" t="заявляют"><v><l id="114312" t="заявляю"><g v="VERB"></g><g v="impf"></g><g v="tran"></g><g v="plur"></g><g v="3per"></g><g v="pres"></g><g v="indc"></g></l></v></tfr></token><token id="665302" text=","><tfr rev_id="1497397" t=","><v><l id="0" t=","><g v="PNCT"></g></l></v></tfr></token><token id="665303" text="что"><tfr rev_id="3197449" t="что"><v><l id="377004" t="что"><g v="CONJ"></g></l></v><v><l id="377005" t="что"><g v="NPRO"></g><g v="neut"></g><g v="sing"></g><g v="nomn"></g></l></v><v><l id="377005" t="что"><g v="NPRO"></g><g v="neut"></g><g v="sing"></g><g v="accs"></g></l></v><v><l id="377006" t="что"><g v="ADVB"></g><g v="Ques"></g></l></v><v><l id="388695" t="что"><g v="PRCL"></g></l></v></tfr></token><token id="665304" text="происходящая"><tfr rev_id="1497399" t="происходящая"><v><l id="280288" t="происходящий"><g v="PRTF"></g><g v="impf"></g><g v="intr"></g><g v="pres"></g><g v="actv"></g><g v="femn"></g><g v="sing"></g><g v="nomn"></g></l></v></tfr></token><token id="665305" text="от"><tfr rev_id="1497400" t="от"><v><l id="211644" t="от"><g v="PREP"></g></l></v></tfr></token><token id="665306" text="разлива"><tfr rev_id="1497401" t="разлива"><v><l id="294423" t="разлив"><g v="NOUN"></g><g v="inan"></g><g v="masc"></g><g v="sing"></g><g v="gent"></g></l></v></tfr></token><token id="665307" text="угроза"><tfr rev_id="1497402" t="угроза"><v><l id="354549" t="угроза"><g v="NOUN"></g><g v="inan"></g><g v="femn"></g><g v="sing"></g><g v="nomn"></g></l></v></tfr></token><token id="665308" text="была"><tfr rev_id="1497403" t="была"><v><l id="37265" t="есть"><g v="VERB"></g><g v="impf"></g><g v="intr"></g><g v="femn"></g><g v="sing"></g><g v="past"></g><g v="indc"></g></l></v></tfr></token><token id="665309" text="нейтрализована"><tfr rev_id="1497404" t="нейтрализована"><v><l id="183146" t="нейтрализован"><g v="PRTS"></g><g v="perf"></g><g v="past"></g><g v="pssv"></g><g v="femn"></g><g v="sing"></g></l></v><v><l id="183147" t="нейтрализован"><g v="PRTS"></g><g v="impf"></g><g v="past"></g><g v="pssv"></g><g v="femn"></g><g v="sing"></g></l></v></tfr></token><token id="665310" text=","><tfr rev_id="1497405" t=","><v><l id="0" t=","><g v="PNCT"></g></l></v></tfr></token><token id="665311" text="несмотря"><tfr rev_id="1497406" t="несмотря"><v><l id="188286" t="несмотря"><g v="PREP"></g></l></v></tfr></token><token id="665312" text="на"><tfr rev_id="3335676" t="на"><v><l id="166264" t="на"><g v="PREP"></g></l></v></tfr></token><token id="665313" text="то"><tfr rev_id="4425044" t="то"><v><l id="348430" t="тот"><g v="ADJF"></g><g v="Subx"></g><g v="Apro"></g><g v="Anph"></g><g v="neut"></g><g v="sing"></g><g v="nomn"></g></l></v><v><l id="348430" t="тот"><g v="ADJF"></g><g v="Subx"></g><g v="Apro"></g><g v="Anph"></g><g v="neut"></g><g v="sing"></g><g v="accs"></g></l></v></tfr></token><token id="665314" text=","><tfr rev_id="1497409" t=","><v><l id="0" t=","><g v="PNCT"></g></l></v></tfr></token><token id="665315" text="что"><tfr rev_id="3197450" t="что"><v><l id="377004" t="что"><g v="CONJ"></g></l></v><v><l id="377005" t="что"><g v="NPRO"></g><g v="neut"></g><g v="sing"></g><g v="nomn"></g></l></v><v><l id="377005" t="что"><g v="NPRO"></g><g v="neut"></g><g v="sing"></g><g v="accs"></g></l></v><v><l id="377006" t="что"><g v="ADVB"></g><g v="Ques"></g></l></v><v><l id="388695" t="что"><g v="PRCL"></g></l></v></tfr></token><token id="665316" text="часть"><tfr rev_id="3409488" t="часть"><v><l id="374820" t="часть"><g v="NOUN"></g><g v="inan"></g><g v="femn"></g><g v="sing"></g><g v="nomn"></g></l></v></tfr></token><token id="665317" text="шлама"><tfr rev_id="1497412" t="шлама"><v><l id="380366" t="шлам"><g v="NOUN"></g><g v="inan"></g><g v="masc"></g><g v="sing"></g><g v="gent"></g></l></v></tfr></token><token id="665318" text="просочилась"><tfr rev_id="1497413" t="просочилась"><v><l id="284764" t="просочился"><g v="VERB"></g><g v="perf"></g><g v="intr"></g><g v="femn"></g><g v="sing"></g><g v="past"></g><g v="indc"></g></l></v></tfr></token><token id="665319" text="в"><tfr rev_id="1497414" t="в"><v><l id="37409" t="в"><g v="PREP"></g></l></v></tfr></token><token id="665320" text="приток"><tfr rev_id="4209713" t="приток"><v><l id="275469" t="приток"><g v="NOUN"></g><g v="inan"></g><g v="masc"></g><g v="sing"></g><g v="accs"></g></l></v></tfr></token><token id="665321" text="Дуная"><tfr rev_id="1497416" t="Дуная"><v><l id="93039" t="дунай"><g v="NOUN"></g><g v="inan"></g><g v="masc"></g><g v="Sgtm"></g><g v="Geox"></g><g v="sing"></g><g v="gent"></g></l></v></tfr></token><token id="665322" text="."><tfr rev_id="1497417" t="."><v><l id="0" t="."><g v="PNCT"></g></l></v></tfr></token></tokens></sentence></paragraph><paragraph id="11954"><sentence id="37242"><source>Напомним, утечка произошла на алюминиевом заводе в западной Венгрии в минувший понедельник.</source><tokens><token id="665323" text="Напомним"><tfr rev_id="1497418" t="Напомним"><v><l id="173892" t="напомнил"><g v="VERB"></g><g v="perf"></g><g v="tran"></g><g v="plur"></g><g v="1per"></g><g v="futr"></g><g v="indc"></g></l></v><v><l id="173892" t="напомнил"><g v="VERB"></g><g v="perf"></g><g v="tran"></g><g v="sing"></g><g v="impr"></g><g v="incl"></g></l></v></tfr></token><token id="665324" text=","><tfr rev_id="1497419" t=","><v><l id="0" t=","><g v="PNCT"></g></l></v></tfr></token><token id="665325" text="утечка"><tfr rev_id="1497420" t="утечка"><v><l id="361843" t="утечка"><g v="NOUN"></g><g v="inan"></g><g v="femn"></g><g v="sing"></g><g v="nomn"></g></l></v></tfr></token><token id="665326" text="произошла"><tfr rev_id="1497421" t="произошла"><v><l id="280162" t="произошёл"><g v="VERB"></g><g v="perf"></g><g v="intr"></g><g v="femn"></g><g v="sing"></g><g v="past"></g><g v="indc"></g></l></v></tfr></token><token id="665327" text="на"><tfr rev_id="3333774" t="на"><v><l id="166264" t="на"><g v="PREP"></g></l></v></tfr></token><token id="665328" text="алюминиевом"><tfr rev_id="3391338" t="алюминиевом"><v><l id="10918" t="алюминиевый"><g v="ADJF"></g><g v="masc"></g><g v="sing"></g><g v="loct"></g></l></v></tfr></token><token id="665329" text="заводе"><tfr rev_id="1497424" t="заводе"><v><l id="99792" t="завод"><g v="NOUN"></g><g v="inan"></g><g v="masc"></g><g v="sing"></g><g v="loct"></g></l></v></tfr></token><token id="665330" text="в"><tfr rev_id="1497425" t="в"><v><l id="37409" t="в"><g v="PREP"></g></l></v></tfr></token><token id="665331" text="западной"><tfr rev_id="4167580" t="западной"><v><l id="106682" t="западный"><g v="ADJF"></g><g v="Qual"></g><g v="femn"></g><g v="sing"></g><g v="loct"></g></l></v></tfr></token><token id="665332" text="Венгрии"><tfr rev_id="2602276" t="Венгрии"><v><l id="40896" t="венгрия"><g v="NOUN"></g><g v="inan"></g><g v="femn"></g><g v="Sgtm"></g><g v="Geox"></g><g v="sing"></g><g v="loct"></g></l></v></tfr></token><token id="665333" text="в"><tfr rev_id="1497428" t="в"><v><l id="37409" t="в"><g v="PREP"></g></l></v></tfr></token><token id="665334" text="минувший"><tfr rev_id="1497429" t="минувший"><v><l id="160723" t="минувший"><g v="ADJF"></g><g v="masc"></g><g v="sing"></g><g v="nomn"></g></l></v><v><l id="160723" t="минувший"><g v="ADJF"></g><g v="inan"></g><g v="masc"></g><g v="sing"></g><g v="accs"></g></l></v><v><l id="160759" t="минувший"><g v="PRTF"></g><g v="perf"></g><g v="tran"></g><g v="past"></g><g v="actv"></g><g v="masc"></g><g v="sing"></g><g v="nomn"></g></l></v><v><l id="160759" t="минувший"><g v="PRTF"></g><g v="perf"></g><g v="tran"></g><g v="past"></g><g v="actv"></g><g v="inan"></g><g v="masc"></g><g v="sing"></g><g v="accs"></g></l></v></tfr></token><token id="665335" text="понедельник"><tfr rev_id="3430868" t="понедельник"><v><l id="258364" t="понедельник"><g v="NOUN"></g><g v="inan"></g><g v="masc"></g><g v="sing"></g><g v="accs"></g></l></v></tfr></token><token id="665336" text="."><tfr rev_id="1497431" t="."><v><l id="0" t="."><g v="PNCT"></g></l></v></tfr></token></tokens></sentence><sentence id="37243"><source>Предположительно от нее пострадало более 100 человек, пятеро из которых скончались.</source><tokens><token id="665337" text="Предположительно"><tfr rev_id="3654779" t="Предположительно"><v><l id="266826" t="предположительно"><g v="ADVB"></g></l></v><v><l id="266829" t="предположителен"><g v="ADJS"></g><g v="neut"></g><g v="sing"></g></l></v><v><l id="389083" t="предположительно"><g v="CONJ"></g><g v="Prnt"></g></l></v></tfr></token><token id="665338" text="от"><tfr rev_id="1497433" t="от"><v><l id="211644" t="от"><g v="PREP"></g></l></v></tfr></token><token id="665339" text="нее"><tfr rev_id="3726342" t="нее"><v><l id="206544" t="она"><g v="NPRO"></g><g v="femn"></g><g v="3per"></g><g v="Anph"></g><g v="sing"></g><g v="gent"></g><g v="Af-p"></g></l></v><v><l id="206544" t="она"><g v="NPRO"></g><g v="femn"></g><g v="3per"></g><g v="Anph"></g><g v="sing"></g><g v="accs"></g><g v="Af-p"></g></l></v></tfr></token><token id="665340" text="пострадало"><tfr rev_id="1497435" t="пострадало"><v><l id="262435" t="пострадал"><g v="VERB"></g><g v="perf"></g><g v="intr"></g><g v="neut"></g><g v="sing"></g><g v="past"></g><g v="indc"></g></l></v></tfr></token><token id="665341" text="более"><tfr rev_id="1497436" t="более"><v><l id="32065" t="более"><g v="ADVB"></g></l></v></tfr></token><token id="665342" text="100"><tfr rev_id="2462475" t="100"><v><l id="0" t="100"><g v="NUMB"></g></l></v></tfr></token><token id="665343" text="человек"><tfr rev_id="3487391" t="человек"><v><l id="375073" t="человек"><g v="NOUN"></g><g v="anim"></g><g v="masc"></g><g v="plur"></g><g v="gent"></g></l></v></tfr></token><token id="665344" text=","><tfr rev_id="1497439" t=","><v><l id="0" t=","><g v="PNCT"></g></l></v></tfr></token><token id="665345" text="пятеро"><tfr rev_id="1497440" t="пятеро"><v><l id="290310" t="пятеро"><g v="NUMR"></g><g v="Coll"></g><g v="nomn"></g></l></v><v><l id="290310" t="пятеро"><g v="NUMR"></g><g v="Coll"></g><g v="inan"></g><g v="accs"></g></l></v></tfr></token><token id="665346" text="из"><tfr rev_id="2557520" t="из"><v><l id="117677" t="из"><g v="PREP"></g></l></v></tfr></token><token id="665347" text="которых"><tfr rev_id="4409194" t="которых"><v><l id="141203" t="который"><g v="ADJF"></g><g v="Apro"></g><g v="Subx"></g><g v="Anph"></g><g v="plur"></g><g v="gent"></g></l></v></tfr></token><token id="665348" text="скончались"><tfr rev_id="1497443" t="скончались"><v><l id="323055" t="скончался"><g v="VERB"></g><g v="perf"></g><g v="intr"></g><g v="plur"></g><g v="past"></g><g v="indc"></g></l></v></tfr></token><token id="665349" text="."><tfr rev_id="1497444" t="."><v><l id="0" t="."><g v="PNCT"></g></l></v></tfr></token></tokens></sentence></paragraph></paragraphs></text>