<?xml version="1.0" encoding="utf-8"?><text id="1310" parent="56" name="О президенте УЕФА"><tags><tag>Автор:http://ru.wikinews.org/wiki/Участник:Ygrek</tag><tag>url:http://ru.wikinews.org/w/index.php?title=О_президенте_УЕФА&amp;oldid=4989</tag><tag>Дата:27/04</tag><tag>Год:2006</tag><tag>Тема:ВикиКатегория:Футбол</tag></tags><paragraphs><paragraph id="11973"><sentence id="37277"><source>Семидесятишестилетний президент Европейского футбольного союза (УЕФА) Леннарт Юханссон (Lennart Johansson) передумал уходить на пенсию, и намерен продолжить своё президентство ещё на четыре года.</source><tokens><token id="666222" text="Семидесятишестилетний"><tfr rev_id="1498317" t="Семидесятишестилетний"><v><l id="0" t="семидесятишестилетний"><g v="UNKN"></g></l></v></tfr></token><token id="666223" text="президент"><tfr rev_id="1498318" t="президент"><v><l id="267449" t="президент"><g v="NOUN"></g><g v="anim"></g><g v="masc"></g><g v="sing"></g><g v="nomn"></g></l></v></tfr></token><token id="666224" text="Европейского"><tfr rev_id="4097008" t="Европейского"><v><l id="94034" t="европейский"><g v="ADJF"></g><g v="masc"></g><g v="sing"></g><g v="gent"></g></l></v><v><l id="94034" t="европейский"><g v="ADJF"></g><g v="anim"></g><g v="masc"></g><g v="sing"></g><g v="accs"></g></l></v></tfr></token><token id="666225" text="футбольного"><tfr rev_id="4578310" t="футбольного"><v><l id="368776" t="футбольный"><g v="ADJF"></g><g v="masc"></g><g v="sing"></g><g v="gent"></g></l></v></tfr></token><token id="666226" text="союза"><tfr rev_id="1498321" t="союза"><v><l id="331314" t="союз"><g v="NOUN"></g><g v="inan"></g><g v="masc"></g><g v="sing"></g><g v="gent"></g></l></v></tfr></token><token id="666227" text="("><tfr rev_id="1498322" t="("><v><l id="0" t="("><g v="PNCT"></g></l></v></tfr></token><token id="666228" text="УЕФА"><tfr rev_id="4151700" t="УЕФА"><v><l id="355415" t="уефа"><g v="NOUN"></g><g v="inan"></g><g v="masc"></g><g v="Sgtm"></g><g v="Fixd"></g><g v="Abbr"></g><g v="Orgn"></g><g v="sing"></g><g v="gent"></g></l></v></tfr></token><token id="666229" text=")"><tfr rev_id="1498324" t=")"><v><l id="0" t=")"><g v="PNCT"></g></l></v></tfr></token><token id="666230" text="Леннарт"><tfr rev_id="1498325" t="Леннарт"><v><l id="148091" t="леннарт"><g v="NOUN"></g><g v="anim"></g><g v="masc"></g><g v="Name"></g><g v="sing"></g><g v="nomn"></g></l></v></tfr></token><token id="666231" text="Юханссон"><tfr rev_id="1498326" t="Юханссон"><v><l id="0" t="юханссон"><g v="UNKN"></g></l></v></tfr></token><token id="666232" text="("><tfr rev_id="1498327" t="("><v><l id="0" t="("><g v="PNCT"></g></l></v></tfr></token><token id="666233" text="Lennart"><tfr rev_id="2475150" t="Lennart"><v><l id="0" t="Lennart"><g v="LATN"></g></l></v></tfr></token><token id="666234" text="Johansson"><tfr rev_id="2475151" t="Johansson"><v><l id="0" t="Johansson"><g v="LATN"></g></l></v></tfr></token><token id="666235" text=")"><tfr rev_id="1498330" t=")"><v><l id="0" t=")"><g v="PNCT"></g></l></v></tfr></token><token id="666236" text="передумал"><tfr rev_id="1498331" t="передумал"><v><l id="228513" t="передумал"><g v="VERB"></g><g v="perf"></g><g v="tran"></g><g v="masc"></g><g v="sing"></g><g v="past"></g><g v="indc"></g></l></v></tfr></token><token id="666237" text="уходить"><tfr rev_id="1498332" t="уходить"><v><l id="362938" t="уходить"><g v="INFN"></g><g v="impf"></g><g v="intr"></g></l></v><v><l id="362943" t="уходить"><g v="INFN"></g><g v="perf"></g><g v="tran"></g></l></v></tfr></token><token id="666238" text="на"><tfr rev_id="3337100" t="на"><v><l id="166264" t="на"><g v="PREP"></g></l></v></tfr></token><token id="666239" text="пенсию"><tfr rev_id="1498334" t="пенсию"><v><l id="226080" t="пенсия"><g v="NOUN"></g><g v="inan"></g><g v="femn"></g><g v="sing"></g><g v="accs"></g></l></v></tfr></token><token id="666240" text=","><tfr rev_id="1498335" t=","><v><l id="0" t=","><g v="PNCT"></g></l></v></tfr></token><token id="666241" text="и"><tfr rev_id="1498336" t="и"><v><l id="116949" t="и"><g v="CONJ"></g></l></v><v><l id="116950" t="и"><g v="INTJ"></g></l></v></tfr></token><token id="666242" text="намерен"><tfr rev_id="1498337" t="намерен"><v><l id="172445" t="намерен"><g v="ADJS"></g><g v="masc"></g><g v="sing"></g></l></v><v><l id="172450" t="намерен"><g v="ADJS"></g><g v="Qual"></g><g v="masc"></g><g v="sing"></g></l></v><v><l id="172473" t="намерен"><g v="PRTS"></g><g v="perf"></g><g v="past"></g><g v="pssv"></g><g v="masc"></g><g v="sing"></g></l></v></tfr></token><token id="666243" text="продолжить"><tfr rev_id="1498338" t="продолжить"><v><l id="279234" t="продолжить"><g v="INFN"></g><g v="perf"></g><g v="tran"></g></l></v></tfr></token><token id="666244" text="своё"><tfr rev_id="3632823" t="своё"><v><l id="316379" t="свой"><g v="ADJF"></g><g v="Apro"></g><g v="Anph"></g><g v="neut"></g><g v="sing"></g><g v="nomn"></g></l></v><v><l id="316379" t="свой"><g v="ADJF"></g><g v="Apro"></g><g v="Anph"></g><g v="neut"></g><g v="sing"></g><g v="accs"></g></l></v></tfr></token><token id="666245" text="президентство"><tfr rev_id="4240508" t="президентство"><v><l id="267452" t="президентство"><g v="NOUN"></g><g v="inan"></g><g v="neut"></g><g v="sing"></g><g v="accs"></g></l></v></tfr></token><token id="666246" text="ещё"><tfr rev_id="1498341" t="ещё"><v><l id="95551" t="ещё"><g v="PRCL"></g></l></v><v><l id="95552" t="ещё"><g v="ADVB"></g></l></v></tfr></token><token id="666247" text="на"><tfr rev_id="3333751" t="на"><v><l id="166264" t="на"><g v="PREP"></g></l></v></tfr></token><token id="666248" text="четыре"><tfr rev_id="1498343" t="четыре"><v><l id="376181" t="четыре"><g v="NUMR"></g><g v="nomn"></g></l></v><v><l id="376181" t="четыре"><g v="NUMR"></g><g v="inan"></g><g v="accs"></g></l></v></tfr></token><token id="666249" text="года"><tfr rev_id="3489577" t="года"><v><l id="72149" t="год"><g v="NOUN"></g><g v="inan"></g><g v="masc"></g><g v="sing"></g><g v="gen1"></g></l></v></tfr></token><token id="666250" text="."><tfr rev_id="1498345" t="."><v><l id="0" t="."><g v="PNCT"></g></l></v></tfr></token></tokens></sentence><sentence id="37278"><source>Об этом Юханссон заявил на шведском телевидении.</source><tokens><token id="666251" text="Об"><tfr rev_id="2921260" t="Об"><v><l id="192977" t="о"><g v="PREP"></g><g v="Vpre"></g></l></v></tfr></token><token id="666252" text="этом"><tfr rev_id="4472618" t="этом"><v><l id="386575" t="это"><g v="NPRO"></g><g v="neut"></g><g v="sing"></g><g v="loct"></g></l></v></tfr></token><token id="666253" text="Юханссон"><tfr rev_id="1498348" t="Юханссон"><v><l id="0" t="юханссон"><g v="UNKN"></g></l></v></tfr></token><token id="666254" text="заявил"><tfr rev_id="1498349" t="заявил"><v><l id="114300" t="заявил"><g v="VERB"></g><g v="perf"></g><g v="tran"></g><g v="masc"></g><g v="sing"></g><g v="past"></g><g v="indc"></g></l></v></tfr></token><token id="666255" text="на"><tfr rev_id="3341530" t="на"><v><l id="166264" t="на"><g v="PREP"></g></l></v></tfr></token><token id="666256" text="шведском"><tfr rev_id="4165017" t="шведском"><v><l id="378768" t="шведский"><g v="ADJF"></g><g v="neut"></g><g v="sing"></g><g v="loct"></g></l></v></tfr></token><token id="666257" text="телевидении"><tfr rev_id="1498352" t="телевидении"><v><l id="344095" t="телевидение"><g v="NOUN"></g><g v="inan"></g><g v="neut"></g><g v="sing"></g><g v="loct"></g></l></v></tfr></token><token id="666258" text="."><tfr rev_id="1498353" t="."><v><l id="0" t="."><g v="PNCT"></g></l></v></tfr></token></tokens></sentence><sentence id="37279"><source>Перевыборы президента УЕФА состоятся в январе 2007 года в Дюссельдорфе.</source><tokens><token id="666259" text="Перевыборы"><tfr rev_id="3284832" t="Перевыборы"><v><l id="227527" t="перевыборы"><g v="NOUN"></g><g v="inan"></g><g v="GNdr"></g><g v="Pltm"></g><g v="plur"></g><g v="nomn"></g></l></v></tfr></token><token id="666260" text="президента"><tfr rev_id="3302596" t="президента"><v><l id="267449" t="президент"><g v="NOUN"></g><g v="anim"></g><g v="masc"></g><g v="sing"></g><g v="gent"></g></l></v></tfr></token><token id="666261" text="УЕФА"><tfr rev_id="3490479" t="УЕФА"><v><l id="355415" t="уефа"><g v="NOUN"></g><g v="inan"></g><g v="masc"></g><g v="Sgtm"></g><g v="Fixd"></g><g v="Abbr"></g><g v="Orgn"></g><g v="sing"></g><g v="gent"></g></l></v></tfr></token><token id="666262" text="состоятся"><tfr rev_id="1498357" t="состоятся"><v><l id="330568" t="состоялся"><g v="VERB"></g><g v="perf"></g><g v="intr"></g><g v="plur"></g><g v="3per"></g><g v="futr"></g><g v="indc"></g></l></v></tfr></token><token id="666263" text="в"><tfr rev_id="1498358" t="в"><v><l id="37409" t="в"><g v="PREP"></g></l></v></tfr></token><token id="666264" text="январе"><tfr rev_id="1498359" t="январе"><v><l id="387905" t="январь"><g v="NOUN"></g><g v="inan"></g><g v="masc"></g><g v="sing"></g><g v="loct"></g></l></v></tfr></token><token id="666265" text="2007"><tfr rev_id="2462486" t="2007"><v><l id="0" t="2007"><g v="NUMB"></g></l></v></tfr></token><token id="666266" text="года"><tfr rev_id="3431772" t="года"><v><l id="72149" t="год"><g v="NOUN"></g><g v="inan"></g><g v="masc"></g><g v="sing"></g><g v="gen1"></g></l></v></tfr></token><token id="666267" text="в"><tfr rev_id="1498362" t="в"><v><l id="37409" t="в"><g v="PREP"></g></l></v></tfr></token><token id="666268" text="Дюссельдорфе"><tfr rev_id="1498363" t="Дюссельдорфе"><v><l id="93776" t="дюссельдорф"><g v="NOUN"></g><g v="inan"></g><g v="masc"></g><g v="Geox"></g><g v="sing"></g><g v="loct"></g></l></v></tfr></token><token id="666269" text="."><tfr rev_id="1498364" t="."><v><l id="0" t="."><g v="PNCT"></g></l></v></tfr></token></tokens></sentence><sentence id="37280"><source>Ранее Юханссон давал понять, что он не будет больше выставлять свою кандидатуру.</source><tokens><token id="666270" text="Ранее"><tfr rev_id="1498365" t="Ранее"><v><l id="297884" t="ранее"><g v="ADVB"></g></l></v></tfr></token><token id="666271" text="Юханссон"><tfr rev_id="1498366" t="Юханссон"><v><l id="0" t="юханссон"><g v="UNKN"></g></l></v></tfr></token><token id="666272" text="давал"><tfr rev_id="1498367" t="давал"><v><l id="77579" t="даю"><g v="VERB"></g><g v="impf"></g><g v="tran"></g><g v="masc"></g><g v="sing"></g><g v="past"></g><g v="indc"></g></l></v></tfr></token><token id="666273" text="понять"><tfr rev_id="1498368" t="понять"><v><l id="258712" t="понять"><g v="INFN"></g><g v="perf"></g><g v="tran"></g></l></v></tfr></token><token id="666274" text=","><tfr rev_id="1498369" t=","><v><l id="0" t=","><g v="PNCT"></g></l></v></tfr></token><token id="666275" text="что"><tfr rev_id="3197468" t="что"><v><l id="377004" t="что"><g v="CONJ"></g></l></v><v><l id="377005" t="что"><g v="NPRO"></g><g v="neut"></g><g v="sing"></g><g v="nomn"></g></l></v><v><l id="377005" t="что"><g v="NPRO"></g><g v="neut"></g><g v="sing"></g><g v="accs"></g></l></v><v><l id="377006" t="что"><g v="ADVB"></g><g v="Ques"></g></l></v><v><l id="388695" t="что"><g v="PRCL"></g></l></v></tfr></token><token id="666276" text="он"><tfr rev_id="3575765" t="он"><v><l id="206541" t="он"><g v="NPRO"></g><g v="masc"></g><g v="3per"></g><g v="Anph"></g><g v="sing"></g><g v="nomn"></g></l></v></tfr></token><token id="666277" text="не"><tfr rev_id="1498372" t="не"><v><l id="178876" t="не"><g v="PRCL"></g></l></v></tfr></token><token id="666278" text="будет"><tfr rev_id="1498373" t="будет"><v><l id="37265" t="есть"><g v="VERB"></g><g v="impf"></g><g v="intr"></g><g v="sing"></g><g v="3per"></g><g v="futr"></g><g v="indc"></g></l></v></tfr></token><token id="666279" text="больше"><tfr rev_id="2558505" t="больше"><v><l id="32325" t="больше"><g v="ADVB"></g></l></v><v><l id="32447" t="больше"><g v="COMP"></g><g v="Qual"></g></l></v></tfr></token><token id="666280" text="выставлять"><tfr rev_id="1498375" t="выставлять"><v><l id="62600" t="выставлять"><g v="INFN"></g><g v="impf"></g><g v="tran"></g></l></v></tfr></token><token id="666281" text="свою"><tfr rev_id="3632266" t="свою"><v><l id="316379" t="свой"><g v="ADJF"></g><g v="Apro"></g><g v="Anph"></g><g v="femn"></g><g v="sing"></g><g v="accs"></g></l></v></tfr></token><token id="666282" text="кандидатуру"><tfr rev_id="4331802" t="кандидатуру"><v><l id="129329" t="кандидатура"><g v="NOUN"></g><g v="inan"></g><g v="femn"></g><g v="sing"></g><g v="accs"></g></l></v></tfr></token><token id="666283" text="."><tfr rev_id="1498378" t="."><v><l id="0" t="."><g v="PNCT"></g></l></v></tfr></token></tokens></sentence><sentence id="37281"><source>Юханссон передумал, несмотря на свой преклонный возраст:</source><tokens><token id="666284" text="Юханссон"><tfr rev_id="1498379" t="Юханссон"><v><l id="0" t="юханссон"><g v="UNKN"></g></l></v></tfr></token><token id="666285" text="передумал"><tfr rev_id="1498380" t="передумал"><v><l id="228513" t="передумал"><g v="VERB"></g><g v="perf"></g><g v="tran"></g><g v="masc"></g><g v="sing"></g><g v="past"></g><g v="indc"></g></l></v></tfr></token><token id="666286" text=","><tfr rev_id="1498381" t=","><v><l id="0" t=","><g v="PNCT"></g></l></v></tfr></token><token id="666287" text="несмотря"><tfr rev_id="1498382" t="несмотря"><v><l id="188286" t="несмотря"><g v="PREP"></g></l></v></tfr></token><token id="666288" text="на"><tfr rev_id="3343385" t="на"><v><l id="166264" t="на"><g v="PREP"></g></l></v></tfr></token><token id="666289" text="свой"><tfr rev_id="3629883" t="свой"><v><l id="316379" t="свой"><g v="ADJF"></g><g v="Apro"></g><g v="Anph"></g><g v="inan"></g><g v="masc"></g><g v="sing"></g><g v="accs"></g></l></v></tfr></token><token id="666290" text="преклонный"><tfr rev_id="1498385" t="преклонный"><v><l id="267561" t="преклонный"><g v="ADJF"></g><g v="Qual"></g><g v="masc"></g><g v="sing"></g><g v="nomn"></g></l></v><v><l id="267561" t="преклонный"><g v="ADJF"></g><g v="Qual"></g><g v="inan"></g><g v="masc"></g><g v="sing"></g><g v="accs"></g></l></v></tfr></token><token id="666291" text="возраст"><tfr rev_id="4107522" t="возраст"><v><l id="49611" t="возраст"><g v="NOUN"></g><g v="inan"></g><g v="masc"></g><g v="sing"></g><g v="accs"></g></l></v></tfr></token><token id="666292" text=":"><tfr rev_id="1498387" t=":"><v><l id="0" t=":"><g v="PNCT"></g></l></v></tfr></token></tokens></sentence><sentence id="37282"><source>«На данный момент ещё никто серьёзно не выразил намерения занять его пост.</source><tokens><token id="666293" text="«"><tfr rev_id="2446019" t="«"><v><l id="0" t="«"><g v="PNCT"></g></l></v></tfr></token><token id="666294" text="На"><tfr rev_id="3344307" t="На"><v><l id="166264" t="на"><g v="PREP"></g></l></v></tfr></token><token id="666295" text="данный"><tfr rev_id="3662527" t="данный"><v><l id="78303" t="данный"><g v="ADJF"></g><g v="Apro"></g><g v="masc"></g><g v="sing"></g><g v="nomn"></g></l></v><v><l id="78303" t="данный"><g v="ADJF"></g><g v="Apro"></g><g v="inan"></g><g v="masc"></g><g v="sing"></g><g v="accs"></g></l></v><v><l id="78549" t="данный"><g v="PRTF"></g><g v="perf"></g><g v="tran"></g><g v="past"></g><g v="pssv"></g><g v="masc"></g><g v="sing"></g><g v="nomn"></g></l></v><v><l id="78549" t="данный"><g v="PRTF"></g><g v="perf"></g><g v="tran"></g><g v="past"></g><g v="pssv"></g><g v="inan"></g><g v="masc"></g><g v="sing"></g><g v="accs"></g></l></v></tfr></token><token id="666296" text="момент"><tfr rev_id="1498391" t="момент"><v><l id="163050" t="момент"><g v="NOUN"></g><g v="inan"></g><g v="masc"></g><g v="sing"></g><g v="nomn"></g></l></v><v><l id="163050" t="момент"><g v="NOUN"></g><g v="inan"></g><g v="masc"></g><g v="sing"></g><g v="accs"></g></l></v></tfr></token><token id="666297" text="ещё"><tfr rev_id="1498392" t="ещё"><v><l id="95551" t="ещё"><g v="PRCL"></g></l></v><v><l id="95552" t="ещё"><g v="ADVB"></g></l></v></tfr></token><token id="666298" text="никто"><tfr rev_id="1498393" t="никто"><v><l id="191016" t="никто"><g v="NPRO"></g><g v="sing"></g><g v="nomn"></g></l></v></tfr></token><token id="666299" text="серьёзно"><tfr rev_id="1498394" t="серьёзно"><v><l id="319557" t="серьёзно"><g v="ADVB"></g></l></v><v><l id="319560" t="серьёзен"><g v="ADJS"></g><g v="Qual"></g><g v="neut"></g><g v="sing"></g></l></v></tfr></token><token id="666300" text="не"><tfr rev_id="1498395" t="не"><v><l id="178876" t="не"><g v="PRCL"></g></l></v></tfr></token><token id="666301" text="выразил"><tfr rev_id="1498396" t="выразил"><v><l id="61211" t="выразил"><g v="VERB"></g><g v="perf"></g><g v="tran"></g><g v="masc"></g><g v="sing"></g><g v="past"></g><g v="indc"></g></l></v></tfr></token><token id="666302" text="намерения"><tfr rev_id="3467027" t="намерения"><v><l id="172446" t="намерение"><g v="NOUN"></g><g v="inan"></g><g v="neut"></g><g v="sing"></g><g v="gent"></g></l></v></tfr></token><token id="666303" text="занять"><tfr rev_id="1498398" t="занять"><v><l id="106584" t="занять"><g v="INFN"></g><g v="perf"></g><g v="tran"></g></l></v></tfr></token><token id="666304" text="его"><tfr rev_id="4515204" t="его"><v><l id="94208" t="его"><g v="ADJF"></g><g v="Fixd"></g><g v="Apro"></g><g v="Anph"></g><g v="masc"></g><g v="sing"></g><g v="nomn"></g></l></v><v><l id="94208" t="его"><g v="ADJF"></g><g v="Fixd"></g><g v="Apro"></g><g v="Anph"></g><g v="masc"></g><g v="sing"></g><g v="gent"></g></l></v><v><l id="94208" t="его"><g v="ADJF"></g><g v="Fixd"></g><g v="Apro"></g><g v="Anph"></g><g v="masc"></g><g v="sing"></g><g v="datv"></g></l></v><v><l id="94208" t="его"><g v="ADJF"></g><g v="Fixd"></g><g v="Apro"></g><g v="Anph"></g><g v="masc"></g><g v="sing"></g><g v="accs"></g></l></v><v><l id="94208" t="его"><g v="ADJF"></g><g v="Fixd"></g><g v="Apro"></g><g v="Anph"></g><g v="masc"></g><g v="sing"></g><g v="ablt"></g></l></v><v><l id="94208" t="его"><g v="ADJF"></g><g v="Fixd"></g><g v="Apro"></g><g v="Anph"></g><g v="masc"></g><g v="sing"></g><g v="loct"></g></l></v></tfr></token><token id="666305" text="пост"><tfr rev_id="3430724" t="пост"><v><l id="262073" t="пост"><g v="NOUN"></g><g v="inan"></g><g v="masc"></g><g v="sing"></g><g v="accs"></g></l></v></tfr></token><token id="666306" text="."><tfr rev_id="1498401" t="."><v><l id="0" t="."><g v="PNCT"></g></l></v></tfr></token></tokens></sentence><sentence id="37283"><source>Те же, кто выражает такое желание, не имеют достаточной компетенции».</source><tokens><token id="666307" text="Те"><tfr rev_id="3860305" t="Те"><v><l id="348430" t="тот"><g v="ADJF"></g><g v="Subx"></g><g v="Apro"></g><g v="Anph"></g><g v="plur"></g><g v="nomn"></g></l></v></tfr></token><token id="666308" text="же"><tfr rev_id="4084442" t="же"><v><l id="96209" t="же"><g v="PRCL"></g></l></v></tfr></token><token id="666309" text=","><tfr rev_id="1498404" t=","><v><l id="0" t=","><g v="PNCT"></g></l></v></tfr></token><token id="666310" text="кто"><tfr rev_id="1498405" t="кто"><v><l id="144216" t="кто"><g v="NPRO"></g><g v="masc"></g><g v="sing"></g><g v="nomn"></g></l></v></tfr></token><token id="666311" text="выражает"><tfr rev_id="1498406" t="выражает"><v><l id="61185" t="выражаю"><g v="VERB"></g><g v="impf"></g><g v="tran"></g><g v="sing"></g><g v="3per"></g><g v="pres"></g><g v="indc"></g></l></v></tfr></token><token id="666312" text="такое"><tfr rev_id="1498407" t="такое"><v><l id="342491" t="такой"><g v="ADJF"></g><g v="Apro"></g><g v="neut"></g><g v="sing"></g><g v="nomn"></g></l></v><v><l id="342491" t="такой"><g v="ADJF"></g><g v="Apro"></g><g v="neut"></g><g v="sing"></g><g v="accs"></g></l></v></tfr></token><token id="666313" text="желание"><tfr rev_id="3523763" t="желание"><v><l id="96267" t="желание"><g v="NOUN"></g><g v="inan"></g><g v="neut"></g><g v="sing"></g><g v="accs"></g></l></v></tfr></token><token id="666314" text=","><tfr rev_id="1498409" t=","><v><l id="0" t=","><g v="PNCT"></g></l></v></tfr></token><token id="666315" text="не"><tfr rev_id="1498410" t="не"><v><l id="178876" t="не"><g v="PRCL"></g></l></v></tfr></token><token id="666316" text="имеют"><tfr rev_id="1498411" t="имеют"><v><l id="121610" t="имею"><g v="VERB"></g><g v="impf"></g><g v="tran"></g><g v="plur"></g><g v="3per"></g><g v="pres"></g><g v="indc"></g></l></v></tfr></token><token id="666317" text="достаточной"><tfr rev_id="4343285" t="достаточной"><v><l id="90479" t="достаточный"><g v="ADJF"></g><g v="Qual"></g><g v="femn"></g><g v="sing"></g><g v="gent"></g></l></v></tfr></token><token id="666318" text="компетенции"><tfr rev_id="4101721" t="компетенции"><v><l id="137218" t="компетенция"><g v="NOUN"></g><g v="inan"></g><g v="femn"></g><g v="sing"></g><g v="gent"></g></l></v></tfr></token><token id="666319" text="»"><tfr rev_id="2446020" t="»"><v><l id="0" t="»"><g v="PNCT"></g></l></v></tfr></token><token id="666320" text="."><tfr rev_id="1498415" t="."><v><l id="0" t="."><g v="PNCT"></g></l></v></tfr></token></tokens></sentence></paragraph><paragraph id="11974"><sentence id="37284"><source>В последние месяцы интересовались этим Франц Бекенбауэр (Германия) и Мишель Платини (Франция).</source><tokens><token id="666321" text="В"><tfr rev_id="1498416" t="В"><v><l id="37409" t="в"><g v="PREP"></g></l></v></tfr></token><token id="666322" text="последние"><tfr rev_id="3751427" t="последние"><v><l id="261565" t="последний"><g v="ADJF"></g><g v="inan"></g><g v="plur"></g><g v="accs"></g></l></v></tfr></token><token id="666323" text="месяцы"><tfr rev_id="2757327" t="месяцы"><v><l id="158841" t="месяц"><g v="NOUN"></g><g v="inan"></g><g v="masc"></g><g v="plur"></g><g v="accs"></g></l></v></tfr></token><token id="666324" text="интересовались"><tfr rev_id="1498419" t="интересовались"><v><l id="123190" t="интересуюсь"><g v="VERB"></g><g v="impf"></g><g v="intr"></g><g v="plur"></g><g v="past"></g><g v="indc"></g></l></v></tfr></token><token id="666325" text="этим"><tfr rev_id="4472806" t="этим"><v><l id="386575" t="это"><g v="NPRO"></g><g v="neut"></g><g v="sing"></g><g v="ablt"></g></l></v></tfr></token><token id="666326" text="Франц"><tfr rev_id="1498421" t="Франц"><v><l id="368051" t="франц"><g v="NOUN"></g><g v="anim"></g><g v="masc"></g><g v="Name"></g><g v="sing"></g><g v="nomn"></g></l></v></tfr></token><token id="666327" text="Бекенбауэр"><tfr rev_id="1498422" t="Бекенбауэр"><v><l id="0" t="бекенбауэр"><g v="UNKN"></g></l></v></tfr></token><token id="666328" text="("><tfr rev_id="1498423" t="("><v><l id="0" t="("><g v="PNCT"></g></l></v></tfr></token><token id="666329" text="Германия"><tfr rev_id="3747827" t="Германия"><v><l id="69099" t="германия"><g v="NOUN"></g><g v="inan"></g><g v="femn"></g><g v="Sgtm"></g><g v="Geox"></g><g v="sing"></g><g v="nomn"></g></l></v></tfr></token><token id="666330" text=")"><tfr rev_id="1498425" t=")"><v><l id="0" t=")"><g v="PNCT"></g></l></v></tfr></token><token id="666331" text="и"><tfr rev_id="1498426" t="и"><v><l id="116949" t="и"><g v="CONJ"></g></l></v><v><l id="116950" t="и"><g v="INTJ"></g></l></v></tfr></token><token id="666332" text="Мишель"><tfr rev_id="4290801" t="Мишель"><v><l id="161294" t="мишель"><g v="NOUN"></g><g v="anim"></g><g v="masc"></g><g v="Name"></g><g v="sing"></g><g v="nomn"></g></l></v></tfr></token><token id="666333" text="Платини"><tfr rev_id="1498428" t="Платини"><v><l id="0" t="платини"><g v="UNKN"></g></l></v></tfr></token><token id="666334" text="("><tfr rev_id="1498429" t="("><v><l id="0" t="("><g v="PNCT"></g></l></v></tfr></token><token id="666335" text="Франция"><tfr rev_id="4282172" t="Франция"><v><l id="368071" t="франция"><g v="NOUN"></g><g v="inan"></g><g v="femn"></g><g v="Sgtm"></g><g v="Geox"></g><g v="sing"></g><g v="nomn"></g></l></v></tfr></token><token id="666336" text=")"><tfr rev_id="1498431" t=")"><v><l id="0" t=")"><g v="PNCT"></g></l></v></tfr></token><token id="666337" text="."><tfr rev_id="1498432" t="."><v><l id="0" t="."><g v="PNCT"></g></l></v></tfr></token></tokens></sentence><sentence id="37285"><source>На шведском телевидении высказывание о некомпетентности относят, скорее, к Платини.</source><tokens><token id="666338" text="На"><tfr rev_id="3339259" t="На"><v><l id="166264" t="на"><g v="PREP"></g></l></v></tfr></token><token id="666339" text="шведском"><tfr rev_id="4165164" t="шведском"><v><l id="378768" t="шведский"><g v="ADJF"></g><g v="neut"></g><g v="sing"></g><g v="loct"></g></l></v></tfr></token><token id="666340" text="телевидении"><tfr rev_id="1498435" t="телевидении"><v><l id="344095" t="телевидение"><g v="NOUN"></g><g v="inan"></g><g v="neut"></g><g v="sing"></g><g v="loct"></g></l></v></tfr></token><token id="666341" text="высказывание"><tfr rev_id="4355426" t="высказывание"><v><l id="61886" t="высказывание"><g v="NOUN"></g><g v="inan"></g><g v="neut"></g><g v="sing"></g><g v="accs"></g></l></v></tfr></token><token id="666342" text="о"><tfr rev_id="3326178" t="о"><v><l id="192977" t="о"><g v="PREP"></g></l></v></tfr></token><token id="666343" text="некомпетентности"><tfr rev_id="4345700" t="некомпетентности"><v><l id="183410" t="некомпетентность"><g v="NOUN"></g><g v="inan"></g><g v="femn"></g><g v="sing"></g><g v="loct"></g></l></v></tfr></token><token id="666344" text="относят"><tfr rev_id="1498439" t="относят"><v><l id="215916" t="отношу"><g v="VERB"></g><g v="impf"></g><g v="tran"></g><g v="plur"></g><g v="3per"></g><g v="pres"></g><g v="indc"></g></l></v><v><l id="215923" t="относил"><g v="VERB"></g><g v="perf"></g><g v="tran"></g><g v="plur"></g><g v="3per"></g><g v="futr"></g><g v="indc"></g></l></v></tfr></token><token id="666345" text=","><tfr rev_id="1498440" t=","><v><l id="0" t=","><g v="PNCT"></g></l></v></tfr></token><token id="666346" text="скорее"><tfr rev_id="3423655" t="скорее"><v><l id="323379" t="скорее"><g v="COMP"></g><g v="Qual"></g></l></v><v><l id="388718" t="скорее"><g v="CONJ"></g><g v="Prnt"></g></l></v></tfr></token><token id="666347" text=","><tfr rev_id="1498442" t=","><v><l id="0" t=","><g v="PNCT"></g></l></v></tfr></token><token id="666348" text="к"><tfr rev_id="1498443" t="к"><v><l id="127460" t="к"><g v="PREP"></g></l></v></tfr></token><token id="666349" text="Платини"><tfr rev_id="1498444" t="Платини"><v><l id="0" t="платини"><g v="UNKN"></g></l></v></tfr></token><token id="666350" text="."><tfr rev_id="1498445" t="."><v><l id="0" t="."><g v="PNCT"></g></l></v></tfr></token></tokens></sentence><sentence id="37286"><source>Предположительно, Юханссон хотел бы видеть своим наследником Бекенбауэра, который отшучивается словами:</source><tokens><token id="666351" text="Предположительно"><tfr rev_id="3654780" t="Предположительно"><v><l id="266826" t="предположительно"><g v="ADVB"></g></l></v><v><l id="266829" t="предположителен"><g v="ADJS"></g><g v="neut"></g><g v="sing"></g></l></v><v><l id="389083" t="предположительно"><g v="CONJ"></g><g v="Prnt"></g></l></v></tfr></token><token id="666352" text=","><tfr rev_id="1498447" t=","><v><l id="0" t=","><g v="PNCT"></g></l></v></tfr></token><token id="666353" text="Юханссон"><tfr rev_id="1498448" t="Юханссон"><v><l id="0" t="юханссон"><g v="UNKN"></g></l></v></tfr></token><token id="666354" text="хотел"><tfr rev_id="1498449" t="хотел"><v><l id="371713" t="хочу"><g v="VERB"></g><g v="impf"></g><g v="tran"></g><g v="masc"></g><g v="sing"></g><g v="past"></g><g v="indc"></g></l></v></tfr></token><token id="666355" text="бы"><tfr rev_id="1498450" t="бы"><v><l id="36985" t="бы"><g v="PRCL"></g></l></v></tfr></token><token id="666356" text="видеть"><tfr rev_id="1498451" t="видеть"><v><l id="44565" t="видеть"><g v="INFN"></g><g v="impf"></g><g v="tran"></g></l></v></tfr></token><token id="666357" text="своим"><tfr rev_id="4405125" t="своим"><v><l id="316379" t="свой"><g v="ADJF"></g><g v="Apro"></g><g v="Anph"></g><g v="masc"></g><g v="sing"></g><g v="ablt"></g></l></v></tfr></token><token id="666358" text="наследником"><tfr rev_id="1498453" t="наследником"><v><l id="175542" t="наследник"><g v="NOUN"></g><g v="anim"></g><g v="masc"></g><g v="sing"></g><g v="ablt"></g></l></v></tfr></token><token id="666359" text="Бекенбауэра"><tfr rev_id="1498454" t="Бекенбауэра"><v><l id="0" t="бекенбауэра"><g v="UNKN"></g></l></v></tfr></token><token id="666360" text=","><tfr rev_id="1498455" t=","><v><l id="0" t=","><g v="PNCT"></g></l></v></tfr></token><token id="666361" text="который"><tfr rev_id="4360757" t="который"><v><l id="141203" t="который"><g v="ADJF"></g><g v="Apro"></g><g v="Subx"></g><g v="Anph"></g><g v="masc"></g><g v="sing"></g><g v="nomn"></g></l></v></tfr></token><token id="666362" text="отшучивается"><tfr rev_id="1498457" t="отшучивается"><v><l id="220542" t="отшучиваюсь"><g v="VERB"></g><g v="impf"></g><g v="intr"></g><g v="sing"></g><g v="3per"></g><g v="pres"></g><g v="indc"></g></l></v></tfr></token><token id="666363" text="словами"><tfr rev_id="1498458" t="словами"><v><l id="325168" t="слово"><g v="NOUN"></g><g v="inan"></g><g v="neut"></g><g v="plur"></g><g v="ablt"></g></l></v></tfr></token><token id="666364" text=":"><tfr rev_id="1498459" t=":"><v><l id="0" t=":"><g v="PNCT"></g></l></v></tfr></token></tokens></sentence><sentence id="37287"><source>«В моём возрасте (60 лет) пора уже думать об удочке у тихой речки».</source><tokens><token id="666365" text="«"><tfr rev_id="2446021" t="«"><v><l id="0" t="«"><g v="PNCT"></g></l></v></tfr></token><token id="666366" text="В"><tfr rev_id="1498461" t="В"><v><l id="37409" t="в"><g v="PREP"></g></l></v></tfr></token><token id="666367" text="моём"><tfr rev_id="4464378" t="моём"><v><l id="162570" t="мой"><g v="ADJF"></g><g v="Apro"></g><g v="masc"></g><g v="sing"></g><g v="loct"></g></l></v></tfr></token><token id="666368" text="возрасте"><tfr rev_id="1498463" t="возрасте"><v><l id="49611" t="возраст"><g v="NOUN"></g><g v="inan"></g><g v="masc"></g><g v="sing"></g><g v="loct"></g></l></v></tfr></token><token id="666369" text="("><tfr rev_id="1498464" t="("><v><l id="0" t="("><g v="PNCT"></g></l></v></tfr></token><token id="666370" text="60"><tfr rev_id="2462487" t="60"><v><l id="0" t="60"><g v="NUMB"></g></l></v></tfr></token><token id="666371" text="лет"><tfr rev_id="3434064" t="лет"><v><l id="72149" t="год"><g v="NOUN"></g><g v="inan"></g><g v="masc"></g><g v="plur"></g><g v="gent"></g></l></v></tfr></token><token id="666372" text=")"><tfr rev_id="1498467" t=")"><v><l id="0" t=")"><g v="PNCT"></g></l></v></tfr></token><token id="666373" text="пора"><tfr rev_id="1498468" t="пора"><v><l id="259871" t="пора"><g v="NOUN"></g><g v="inan"></g><g v="femn"></g><g v="sing"></g><g v="nomn"></g></l></v><v><l id="259872" t="пора"><g v="PRED"></g><g v="pres"></g></l></v></tfr></token><token id="666374" text="уже"><tfr rev_id="2692850" t="уже"><v><l id="355422" t="уж"><g v="NOUN"></g><g v="anim"></g><g v="masc"></g><g v="sing"></g><g v="loct"></g></l></v><v><l id="355498" t="уже"><g v="ADVB"></g></l></v><v><l id="355674" t="уже"><g v="COMP"></g><g v="Qual"></g></l></v><v><l id="388673" t="уже"><g v="PRCL"></g></l></v></tfr></token><token id="666375" text="думать"><tfr rev_id="1498470" t="думать"><v><l id="92997" t="думать"><g v="INFN"></g><g v="impf"></g><g v="tran"></g></l></v><v><l id="93002" t="думать"><g v="INFN"></g><g v="impf"></g><g v="intr"></g></l></v></tfr></token><token id="666376" text="об"><tfr rev_id="2921261" t="об"><v><l id="192977" t="о"><g v="PREP"></g><g v="Vpre"></g></l></v></tfr></token><token id="666377" text="удочке"><tfr rev_id="2605822" t="удочке"><v><l id="355238" t="удочка"><g v="NOUN"></g><g v="inan"></g><g v="femn"></g><g v="sing"></g><g v="loct"></g></l></v></tfr></token><token id="666378" text="у"><tfr rev_id="3417507" t="у"><v><l id="352818" t="у"><g v="PREP"></g></l></v></tfr></token><token id="666379" text="тихой"><tfr rev_id="4423549" t="тихой"><v><l id="346645" t="тихий"><g v="ADJF"></g><g v="Qual"></g><g v="femn"></g><g v="sing"></g><g v="gent"></g></l></v></tfr></token><token id="666380" text="речки"><tfr rev_id="3473429" t="речки"><v><l id="307318" t="речка"><g v="NOUN"></g><g v="inan"></g><g v="femn"></g><g v="sing"></g><g v="gent"></g></l></v></tfr></token><token id="666381" text="»"><tfr rev_id="2446022" t="»"><v><l id="0" t="»"><g v="PNCT"></g></l></v></tfr></token><token id="666382" text="."><tfr rev_id="1498477" t="."><v><l id="0" t="."><g v="PNCT"></g></l></v></tfr></token></tokens></sentence></paragraph><paragraph id="11975"><sentence id="37288"><source>Об изменении ситуации Юханссон говорил в телевизионном интервью:</source><tokens><token id="666383" text="Об"><tfr rev_id="2921262" t="Об"><v><l id="192977" t="о"><g v="PREP"></g><g v="Vpre"></g></l></v></tfr></token><token id="666384" text="изменении"><tfr rev_id="1498479" t="изменении"><v><l id="119487" t="изменение"><g v="NOUN"></g><g v="inan"></g><g v="neut"></g><g v="sing"></g><g v="loct"></g></l></v></tfr></token><token id="666385" text="ситуации"><tfr rev_id="4180081" t="ситуации"><v><l id="321441" t="ситуация"><g v="NOUN"></g><g v="inan"></g><g v="femn"></g><g v="sing"></g><g v="gent"></g></l></v></tfr></token><token id="666386" text="Юханссон"><tfr rev_id="1498481" t="Юханссон"><v><l id="0" t="юханссон"><g v="UNKN"></g></l></v></tfr></token><token id="666387" text="говорил"><tfr rev_id="1498482" t="говорил"><v><l id="72053" t="говорю"><g v="VERB"></g><g v="impf"></g><g v="tran"></g><g v="masc"></g><g v="sing"></g><g v="past"></g><g v="indc"></g></l></v></tfr></token><token id="666388" text="в"><tfr rev_id="1498483" t="в"><v><l id="37409" t="в"><g v="PREP"></g></l></v></tfr></token><token id="666389" text="телевизионном"><tfr rev_id="3531064" t="телевизионном"><v><l id="344097" t="телевизионный"><g v="ADJF"></g><g v="neut"></g><g v="sing"></g><g v="loct"></g></l></v></tfr></token><token id="666390" text="интервью"><tfr rev_id="3860598" t="интервью"><v><l id="123140" t="интервью"><g v="NOUN"></g><g v="inan"></g><g v="neut"></g><g v="Fixd"></g><g v="sing"></g><g v="loct"></g></l></v></tfr></token><token id="666391" text=":"><tfr rev_id="1498486" t=":"><v><l id="0" t=":"><g v="PNCT"></g></l></v></tfr></token></tokens></sentence><sentence id="37289"><source>«В настоящий момент меня пытаются переубедить.</source><tokens><token id="666392" text="«"><tfr rev_id="2446023" t="«"><v><l id="0" t="«"><g v="PNCT"></g></l></v></tfr></token><token id="666393" text="В"><tfr rev_id="1498488" t="В"><v><l id="37409" t="в"><g v="PREP"></g></l></v></tfr></token><token id="666394" text="настоящий"><tfr rev_id="1498489" t="настоящий"><v><l id="176151" t="настоящий"><g v="ADJF"></g><g v="masc"></g><g v="sing"></g><g v="nomn"></g></l></v><v><l id="176151" t="настоящий"><g v="ADJF"></g><g v="inan"></g><g v="masc"></g><g v="sing"></g><g v="accs"></g></l></v></tfr></token><token id="666395" text="момент"><tfr rev_id="4212265" t="момент"><v><l id="163050" t="момент"><g v="NOUN"></g><g v="inan"></g><g v="masc"></g><g v="sing"></g><g v="accs"></g></l></v></tfr></token><token id="666396" text="меня"><tfr rev_id="2827307" t="меня"><v><l id="387317" t="я"><g v="NPRO"></g><g v="1per"></g><g v="sing"></g><g v="accs"></g></l></v></tfr></token><token id="666397" text="пытаются"><tfr rev_id="1498492" t="пытаются"><v><l id="290086" t="пытаюсь"><g v="VERB"></g><g v="impf"></g><g v="intr"></g><g v="plur"></g><g v="3per"></g><g v="pres"></g><g v="indc"></g></l></v></tfr></token><token id="666398" text="переубедить"><tfr rev_id="1498493" t="переубедить"><v><l id="235812" t="переубедить"><g v="INFN"></g><g v="perf"></g><g v="tran"></g></l></v></tfr></token><token id="666399" text="."><tfr rev_id="1498494" t="."><v><l id="0" t="."><g v="PNCT"></g></l></v></tfr></token></tokens></sentence><sentence id="37290"><source>И если ничто больше не изменится, я продолжу».</source><tokens><token id="666400" text="И"><tfr rev_id="4082208" t="И"><v><l id="116949" t="и"><g v="CONJ"></g></l></v></tfr></token><token id="666401" text="если"><tfr rev_id="1498496" t="если"><v><l id="95365" t="если"><g v="CONJ"></g></l></v></tfr></token><token id="666402" text="ничто"><tfr rev_id="1498497" t="ничто"><v><l id="191386" t="ничто"><g v="NPRO"></g><g v="neut"></g><g v="sing"></g><g v="nomn"></g></l></v></tfr></token><token id="666403" text="больше"><tfr rev_id="2558506" t="больше"><v><l id="32325" t="больше"><g v="ADVB"></g></l></v><v><l id="32447" t="больше"><g v="COMP"></g><g v="Qual"></g></l></v></tfr></token><token id="666404" text="не"><tfr rev_id="1498499" t="не"><v><l id="178876" t="не"><g v="PRCL"></g></l></v></tfr></token><token id="666405" text="изменится"><tfr rev_id="1498500" t="изменится"><v><l id="119498" t="изменился"><g v="VERB"></g><g v="perf"></g><g v="intr"></g><g v="sing"></g><g v="3per"></g><g v="futr"></g><g v="indc"></g></l></v></tfr></token><token id="666406" text=","><tfr rev_id="1498501" t=","><v><l id="0" t=","><g v="PNCT"></g></l></v></tfr></token><token id="666407" text="я"><tfr rev_id="1498502" t="я"><v><l id="387317" t="я"><g v="NPRO"></g><g v="1per"></g><g v="sing"></g><g v="nomn"></g></l></v></tfr></token><token id="666408" text="продолжу"><tfr rev_id="1498503" t="продолжу"><v><l id="279233" t="продолжил"><g v="VERB"></g><g v="perf"></g><g v="tran"></g><g v="sing"></g><g v="1per"></g><g v="futr"></g><g v="indc"></g></l></v></tfr></token><token id="666409" text="»"><tfr rev_id="2446024" t="»"><v><l id="0" t="»"><g v="PNCT"></g></l></v></tfr></token><token id="666410" text="."><tfr rev_id="1498505" t="."><v><l id="0" t="."><g v="PNCT"></g></l></v></tfr></token></tokens></sentence><sentence id="37291"><source>В том числе потому, что сложными становятся механизмы регулирования и коммерческие интересы в футболе, которые «требуют полной отдачи сил», говорит Юханссон, «поэтому я лучше буду продолжать, чем позволю всему рухнуть».</source><tokens><token id="666411" text="В"><tfr rev_id="1498506" t="В"><v><l id="37409" t="в"><g v="PREP"></g></l></v></tfr></token><token id="666412" text="том"><tfr rev_id="4298988" t="том"><v><l id="348430" t="тот"><g v="ADJF"></g><g v="Subx"></g><g v="Apro"></g><g v="Anph"></g><g v="neut"></g><g v="sing"></g><g v="loct"></g></l></v></tfr></token><token id="666413" text="числе"><tfr rev_id="1498508" t="числе"><v><l id="376585" t="число"><g v="NOUN"></g><g v="inan"></g><g v="neut"></g><g v="sing"></g><g v="loct"></g></l></v></tfr></token><token id="666414" text="потому"><tfr rev_id="1498509" t="потому"><v><l id="263335" t="потому"><g v="ADVB"></g><g v="Dmns"></g></l></v></tfr></token><token id="666415" text=","><tfr rev_id="1498510" t=","><v><l id="0" t=","><g v="PNCT"></g></l></v></tfr></token><token id="666416" text="что"><tfr rev_id="3197469" t="что"><v><l id="377004" t="что"><g v="CONJ"></g></l></v><v><l id="377005" t="что"><g v="NPRO"></g><g v="neut"></g><g v="sing"></g><g v="nomn"></g></l></v><v><l id="377005" t="что"><g v="NPRO"></g><g v="neut"></g><g v="sing"></g><g v="accs"></g></l></v><v><l id="377006" t="что"><g v="ADVB"></g><g v="Ques"></g></l></v><v><l id="388695" t="что"><g v="PRCL"></g></l></v></tfr></token><token id="666417" text="сложными"><tfr rev_id="1498512" t="сложными"><v><l id="325278" t="сложный"><g v="ADJF"></g><g v="Qual"></g><g v="plur"></g><g v="ablt"></g></l></v></tfr></token><token id="666418" text="становятся"><tfr rev_id="1498513" t="становятся"><v><l id="334671" t="становлюсь"><g v="VERB"></g><g v="impf"></g><g v="intr"></g><g v="plur"></g><g v="3per"></g><g v="pres"></g><g v="indc"></g></l></v></tfr></token><token id="666419" text="механизмы"><tfr rev_id="2757245" t="механизмы"><v><l id="159378" t="механизм"><g v="NOUN"></g><g v="inan"></g><g v="masc"></g><g v="plur"></g><g v="nomn"></g></l></v></tfr></token><token id="666420" text="регулирования"><tfr rev_id="3439518" t="регулирования"><v><l id="304919" t="регулирование"><g v="NOUN"></g><g v="inan"></g><g v="neut"></g><g v="sing"></g><g v="gent"></g></l></v></tfr></token><token id="666421" text="и"><tfr rev_id="3495514" t="и"><v><l id="116949" t="и"><g v="CONJ"></g></l></v></tfr></token><token id="666422" text="коммерческие"><tfr rev_id="3815203" t="коммерческие"><v><l id="137021" t="коммерческий"><g v="ADJF"></g><g v="plur"></g><g v="nomn"></g></l></v></tfr></token><token id="666423" text="интересы"><tfr rev_id="2757220" t="интересы"><v><l id="123163" t="интерес"><g v="NOUN"></g><g v="inan"></g><g v="masc"></g><g v="plur"></g><g v="nomn"></g></l></v></tfr></token><token id="666424" text="в"><tfr rev_id="1498519" t="в"><v><l id="37409" t="в"><g v="PREP"></g></l></v></tfr></token><token id="666425" text="футболе"><tfr rev_id="1498520" t="футболе"><v><l id="368772" t="футбол"><g v="NOUN"></g><g v="inan"></g><g v="masc"></g><g v="sing"></g><g v="loct"></g></l></v></tfr></token><token id="666426" text=","><tfr rev_id="1498521" t=","><v><l id="0" t=","><g v="PNCT"></g></l></v></tfr></token><token id="666427" text="которые"><tfr rev_id="3794390" t="которые"><v><l id="141203" t="который"><g v="ADJF"></g><g v="Apro"></g><g v="Subx"></g><g v="Anph"></g><g v="plur"></g><g v="nomn"></g></l></v></tfr></token><token id="666428" text="«"><tfr rev_id="2446025" t="«"><v><l id="0" t="«"><g v="PNCT"></g></l></v></tfr></token><token id="666429" text="требуют"><tfr rev_id="1498524" t="требуют"><v><l id="349467" t="требую"><g v="VERB"></g><g v="impf"></g><g v="tran"></g><g v="plur"></g><g v="3per"></g><g v="pres"></g><g v="indc"></g></l></v></tfr></token><token id="666430" text="полной"><tfr rev_id="4095174" t="полной"><v><l id="256169" t="полный"><g v="ADJF"></g><g v="Qual"></g><g v="femn"></g><g v="sing"></g><g v="gent"></g></l></v></tfr></token><token id="666431" text="отдачи"><tfr rev_id="3451289" t="отдачи"><v><l id="213343" t="отдача"><g v="NOUN"></g><g v="inan"></g><g v="femn"></g><g v="sing"></g><g v="gent"></g></l></v></tfr></token><token id="666432" text="сил"><tfr rev_id="1498527" t="сил"><v><l id="320333" t="сила"><g v="NOUN"></g><g v="inan"></g><g v="femn"></g><g v="plur"></g><g v="gent"></g></l></v></tfr></token><token id="666433" text="»"><tfr rev_id="2446026" t="»"><v><l id="0" t="»"><g v="PNCT"></g></l></v></tfr></token><token id="666434" text=","><tfr rev_id="1498529" t=","><v><l id="0" t=","><g v="PNCT"></g></l></v></tfr></token><token id="666435" text="говорит"><tfr rev_id="1498530" t="говорит"><v><l id="72053" t="говорю"><g v="VERB"></g><g v="impf"></g><g v="tran"></g><g v="sing"></g><g v="3per"></g><g v="pres"></g><g v="indc"></g></l></v></tfr></token><token id="666436" text="Юханссон"><tfr rev_id="1498531" t="Юханссон"><v><l id="0" t="юханссон"><g v="UNKN"></g></l></v></tfr></token><token id="666437" text=","><tfr rev_id="1498532" t=","><v><l id="0" t=","><g v="PNCT"></g></l></v></tfr></token><token id="666438" text="«"><tfr rev_id="2446027" t="«"><v><l id="0" t="«"><g v="PNCT"></g></l></v></tfr></token><token id="666439" text="поэтому"><tfr rev_id="1498534" t="поэтому"><v><l id="265490" t="поэтому"><g v="ADVB"></g></l></v></tfr></token><token id="666440" text="я"><tfr rev_id="1498535" t="я"><v><l id="387317" t="я"><g v="NPRO"></g><g v="1per"></g><g v="sing"></g><g v="nomn"></g></l></v></tfr></token><token id="666441" text="лучше"><tfr rev_id="1498536" t="лучше"><v><l id="151661" t="лучше"><g v="PRCL"></g></l></v><v><l id="371670" t="лучше"><g v="COMP"></g><g v="Qual"></g></l></v></tfr></token><token id="666442" text="буду"><tfr rev_id="1498537" t="буду"><v><l id="37265" t="есть"><g v="VERB"></g><g v="impf"></g><g v="intr"></g><g v="sing"></g><g v="1per"></g><g v="futr"></g><g v="indc"></g></l></v></tfr></token><token id="666443" text="продолжать"><tfr rev_id="1498538" t="продолжать"><v><l id="279216" t="продолжать"><g v="INFN"></g><g v="impf"></g><g v="tran"></g></l></v></tfr></token><token id="666444" text=","><tfr rev_id="1498539" t=","><v><l id="0" t=","><g v="PNCT"></g></l></v></tfr></token><token id="666445" text="чем"><tfr rev_id="4320422" t="чем"><v><l id="375161" t="чем"><g v="CONJ"></g></l></v></tfr></token><token id="666446" text="позволю"><tfr rev_id="1498541" t="позволю"><v><l id="253425" t="позволил"><g v="VERB"></g><g v="perf"></g><g v="tran"></g><g v="sing"></g><g v="1per"></g><g v="futr"></g><g v="indc"></g></l></v></tfr></token><token id="666447" text="всему"><tfr rev_id="4130241" t="всему"><v><l id="42156" t="весь"><g v="ADJF"></g><g v="Subx"></g><g v="Apro"></g><g v="neut"></g><g v="sing"></g><g v="datv"></g></l></v></tfr></token><token id="666448" text="рухнуть"><tfr rev_id="1498543" t="рухнуть"><v><l id="310419" t="рухнуть"><g v="INFN"></g><g v="perf"></g><g v="intr"></g></l></v></tfr></token><token id="666449" text="»"><tfr rev_id="2446028" t="»"><v><l id="0" t="»"><g v="PNCT"></g></l></v></tfr></token><token id="666450" text="."><tfr rev_id="1498545" t="."><v><l id="0" t="."><g v="PNCT"></g></l></v></tfr></token></tokens></sentence></paragraph><paragraph id="11976"><sentence id="37292"><source>Бекенбауэр свой интерес к президентству УЕФА до сих пор всегда облекал в дипломатично отточенные утверждения и ссылался, прежде всего, на мнение Юханссона:</source><tokens><token id="666451" text="Бекенбауэр"><tfr rev_id="1498546" t="Бекенбауэр"><v><l id="0" t="бекенбауэр"><g v="UNKN"></g></l></v></tfr></token><token id="666452" text="свой"><tfr rev_id="3629884" t="свой"><v><l id="316379" t="свой"><g v="ADJF"></g><g v="Apro"></g><g v="Anph"></g><g v="masc"></g><g v="sing"></g><g v="nomn"></g></l></v><v><l id="316379" t="свой"><g v="ADJF"></g><g v="Apro"></g><g v="Anph"></g><g v="inan"></g><g v="masc"></g><g v="sing"></g><g v="accs"></g></l></v></tfr></token><token id="666453" text="интерес"><tfr rev_id="4093131" t="интерес"><v><l id="123163" t="интерес"><g v="NOUN"></g><g v="inan"></g><g v="masc"></g><g v="sing"></g><g v="accs"></g></l></v></tfr></token><token id="666454" text="к"><tfr rev_id="1498549" t="к"><v><l id="127460" t="к"><g v="PREP"></g></l></v></tfr></token><token id="666455" text="президентству"><tfr rev_id="1498550" t="президентству"><v><l id="267452" t="президентство"><g v="NOUN"></g><g v="inan"></g><g v="neut"></g><g v="sing"></g><g v="datv"></g></l></v></tfr></token><token id="666456" text="УЕФА"><tfr rev_id="3543784" t="УЕФА"><v><l id="355415" t="уефа"><g v="NOUN"></g><g v="inan"></g><g v="masc"></g><g v="Sgtm"></g><g v="Fixd"></g><g v="Abbr"></g><g v="Orgn"></g><g v="sing"></g><g v="gent"></g></l></v></tfr></token><token id="666457" text="до"><tfr rev_id="1498552" t="до"><v><l id="85153" t="до"><g v="PREP"></g></l></v></tfr></token><token id="666458" text="сих"><tfr rev_id="3497688" t="сих"><v><l id="317879" t="сей"><g v="ADJF"></g><g v="Apro"></g><g v="Subx"></g><g v="plur"></g><g v="gent"></g></l></v></tfr></token><token id="666459" text="пор"><tfr rev_id="1498554" t="пор"><v><l id="259871" t="пора"><g v="NOUN"></g><g v="inan"></g><g v="femn"></g><g v="plur"></g><g v="gent"></g></l></v></tfr></token><token id="666460" text="всегда"><tfr rev_id="1498555" t="всегда"><v><l id="53369" t="всегда"><g v="ADVB"></g></l></v></tfr></token><token id="666461" text="облекал"><tfr rev_id="1498556" t="облекал"><v><l id="196379" t="облекаю"><g v="VERB"></g><g v="impf"></g><g v="tran"></g><g v="masc"></g><g v="sing"></g><g v="past"></g><g v="indc"></g></l></v></tfr></token><token id="666462" text="в"><tfr rev_id="1498557" t="в"><v><l id="37409" t="в"><g v="PREP"></g></l></v></tfr></token><token id="666463" text="дипломатично"><tfr rev_id="3647075" t="дипломатично"><v><l id="84147" t="дипломатичен"><g v="ADJS"></g><g v="Qual"></g><g v="neut"></g><g v="sing"></g></l></v><v><l id="389202" t="дипломатично"><g v="ADVB"></g></l></v></tfr></token><token id="666464" text="отточенные"><tfr rev_id="1498559" t="отточенные"><v><l id="219215" t="отточенный"><g v="PRTF"></g><g v="perf"></g><g v="tran"></g><g v="past"></g><g v="pssv"></g><g v="plur"></g><g v="nomn"></g></l></v><v><l id="219215" t="отточенный"><g v="PRTF"></g><g v="perf"></g><g v="tran"></g><g v="past"></g><g v="pssv"></g><g v="inan"></g><g v="plur"></g><g v="accs"></g></l></v></tfr></token><token id="666465" text="утверждения"><tfr rev_id="3743659" t="утверждения"><v><l id="361723" t="утверждение"><g v="NOUN"></g><g v="inan"></g><g v="neut"></g><g v="plur"></g><g v="accs"></g></l></v></tfr></token><token id="666466" text="и"><tfr rev_id="3677793" t="и"><v><l id="116949" t="и"><g v="CONJ"></g></l></v></tfr></token><token id="666467" text="ссылался"><tfr rev_id="1498562" t="ссылался"><v><l id="334175" t="ссылаюсь"><g v="VERB"></g><g v="impf"></g><g v="intr"></g><g v="masc"></g><g v="sing"></g><g v="past"></g><g v="indc"></g></l></v></tfr></token><token id="666468" text=","><tfr rev_id="1498563" t=","><v><l id="0" t=","><g v="PNCT"></g></l></v></tfr></token><token id="666469" text="прежде"><tfr rev_id="4422063" t="прежде"><v><l id="267400" t="прежде"><g v="PREP"></g></l></v></tfr></token><token id="666470" text="всего"><tfr rev_id="4515654" t="всего"><v><l id="42156" t="весь"><g v="ADJF"></g><g v="Subx"></g><g v="Apro"></g><g v="neut"></g><g v="sing"></g><g v="gent"></g></l></v></tfr></token><token id="666471" text=","><tfr rev_id="1498566" t=","><v><l id="0" t=","><g v="PNCT"></g></l></v></tfr></token><token id="666472" text="на"><tfr rev_id="3338961" t="на"><v><l id="166264" t="на"><g v="PREP"></g></l></v></tfr></token><token id="666473" text="мнение"><tfr rev_id="3473762" t="мнение"><v><l id="161395" t="мнение"><g v="NOUN"></g><g v="inan"></g><g v="neut"></g><g v="sing"></g><g v="accs"></g></l></v></tfr></token><token id="666474" text="Юханссона"><tfr rev_id="1498569" t="Юханссона"><v><l id="0" t="юханссона"><g v="UNKN"></g></l></v></tfr></token><token id="666475" text=":"><tfr rev_id="1498570" t=":"><v><l id="0" t=":"><g v="PNCT"></g></l></v></tfr></token></tokens></sentence><sentence id="37293"><source>«Это было бы задание, которое бы меня вдохновило.</source><tokens><token id="666476" text="«"><tfr rev_id="2446029" t="«"><v><l id="0" t="«"><g v="PNCT"></g></l></v></tfr></token><token id="666477" text="Это"><tfr rev_id="4441762" t="Это"><v><l id="386574" t="это"><g v="PRCL"></g></l></v><v><l id="386575" t="это"><g v="NPRO"></g><g v="neut"></g><g v="sing"></g><g v="nomn"></g></l></v><v><l id="386575" t="это"><g v="NPRO"></g><g v="neut"></g><g v="sing"></g><g v="accs"></g></l></v><v><l id="386581" t="этот"><g v="ADJF"></g><g v="Subx"></g><g v="Apro"></g><g v="Anph"></g><g v="neut"></g><g v="sing"></g><g v="nomn"></g></l></v><v><l id="386581" t="этот"><g v="ADJF"></g><g v="Subx"></g><g v="Apro"></g><g v="Anph"></g><g v="neut"></g><g v="sing"></g><g v="accs"></g></l></v></tfr></token><token id="666478" text="было"><tfr rev_id="3124200" t="было"><v><l id="37265" t="есть"><g v="VERB"></g><g v="impf"></g><g v="intr"></g><g v="neut"></g><g v="sing"></g><g v="past"></g><g v="indc"></g></l></v></tfr></token><token id="666479" text="бы"><tfr rev_id="1498574" t="бы"><v><l id="36985" t="бы"><g v="PRCL"></g></l></v></tfr></token><token id="666480" text="задание"><tfr rev_id="1498575" t="задание"><v><l id="101413" t="задание"><g v="NOUN"></g><g v="inan"></g><g v="neut"></g><g v="sing"></g><g v="nomn"></g></l></v><v><l id="101413" t="задание"><g v="NOUN"></g><g v="inan"></g><g v="neut"></g><g v="sing"></g><g v="accs"></g></l></v></tfr></token><token id="666481" text=","><tfr rev_id="1498576" t=","><v><l id="0" t=","><g v="PNCT"></g></l></v></tfr></token><token id="666482" text="которое"><tfr rev_id="3641380" t="которое"><v><l id="141203" t="который"><g v="ADJF"></g><g v="Apro"></g><g v="Subx"></g><g v="Anph"></g><g v="neut"></g><g v="sing"></g><g v="nomn"></g></l></v><v><l id="141203" t="который"><g v="ADJF"></g><g v="Apro"></g><g v="Subx"></g><g v="Anph"></g><g v="neut"></g><g v="sing"></g><g v="accs"></g></l></v></tfr></token><token id="666483" text="бы"><tfr rev_id="1498578" t="бы"><v><l id="36985" t="бы"><g v="PRCL"></g></l></v></tfr></token><token id="666484" text="меня"><tfr rev_id="2850116" t="меня"><v><l id="387317" t="я"><g v="NPRO"></g><g v="1per"></g><g v="sing"></g><g v="accs"></g></l></v></tfr></token><token id="666485" text="вдохновило"><tfr rev_id="1498580" t="вдохновило"><v><l id="40165" t="вдохновил"><g v="VERB"></g><g v="perf"></g><g v="tran"></g><g v="neut"></g><g v="sing"></g><g v="past"></g><g v="indc"></g></l></v></tfr></token><token id="666486" text="."><tfr rev_id="1498581" t="."><v><l id="0" t="."><g v="PNCT"></g></l></v></tfr></token></tokens></sentence><sentence id="37294"><source>Но, сначала я должен выяснить, действительно ли господин Юханссон уходит».</source><tokens><token id="666487" text="Но"><tfr rev_id="1498582" t="Но"><v><l id="191429" t="но"><g v="CONJ"></g></l></v><v><l id="191430" t="но"><g v="INTJ"></g></l></v></tfr></token><token id="666488" text=","><tfr rev_id="1498583" t=","><v><l id="0" t=","><g v="PNCT"></g></l></v></tfr></token><token id="666489" text="сначала"><tfr rev_id="1498584" t="сначала"><v><l id="327200" t="сначала"><g v="ADVB"></g></l></v></tfr></token><token id="666490" text="я"><tfr rev_id="1498585" t="я"><v><l id="387317" t="я"><g v="NPRO"></g><g v="1per"></g><g v="sing"></g><g v="nomn"></g></l></v></tfr></token><token id="666491" text="должен"><tfr rev_id="2558798" t="должен"><v><l id="87975" t="должен"><g v="ADJS"></g><g v="masc"></g><g v="sing"></g></l></v></tfr></token><token id="666492" text="выяснить"><tfr rev_id="1498587" t="выяснить"><v><l id="64902" t="выяснить"><g v="INFN"></g><g v="perf"></g><g v="tran"></g></l></v></tfr></token><token id="666493" text=","><tfr rev_id="1498588" t=","><v><l id="0" t=","><g v="PNCT"></g></l></v></tfr></token><token id="666494" text="действительно"><tfr rev_id="4508986" t="действительно"><v><l id="80092" t="действительно"><g v="ADVB"></g></l></v><v><l id="80093" t="действительно"><g v="CONJ"></g><g v="Prnt"></g></l></v><v><l id="80099" t="действителен"><g v="ADJS"></g><g v="Qual"></g><g v="neut"></g><g v="sing"></g></l></v></tfr></token><token id="666495" text="ли"><tfr rev_id="4468551" t="ли"><v><l id="148847" t="ли"><g v="CONJ"></g></l></v><v><l id="148848" t="ли"><g v="PRCL"></g></l></v></tfr></token><token id="666496" text="господин"><tfr rev_id="1498591" t="господин"><v><l id="74039" t="господин"><g v="NOUN"></g><g v="anim"></g><g v="masc"></g><g v="sing"></g><g v="nomn"></g></l></v></tfr></token><token id="666497" text="Юханссон"><tfr rev_id="1498592" t="Юханссон"><v><l id="0" t="юханссон"><g v="UNKN"></g></l></v></tfr></token><token id="666498" text="уходит"><tfr rev_id="1498593" t="уходит"><v><l id="362937" t="ухожу"><g v="VERB"></g><g v="impf"></g><g v="intr"></g><g v="sing"></g><g v="3per"></g><g v="pres"></g><g v="indc"></g></l></v><v><l id="362942" t="уходил"><g v="VERB"></g><g v="perf"></g><g v="tran"></g><g v="sing"></g><g v="3per"></g><g v="futr"></g><g v="indc"></g></l></v></tfr></token><token id="666499" text="»"><tfr rev_id="2446030" t="»"><v><l id="0" t="»"><g v="PNCT"></g></l></v></tfr></token><token id="666500" text="."><tfr rev_id="1498595" t="."><v><l id="0" t="."><g v="PNCT"></g></l></v></tfr></token></tokens></sentence></paragraph><paragraph id="11977"><sentence id="37295"><source>Потенциальный конкурент Платини менее сдержан, и уже в прошлом году официально заявил о своих намерениях и сделал конкретные предложения по реформированию кубка Европы.</source><tokens><token id="666501" text="Потенциальный"><tfr rev_id="1498596" t="Потенциальный"><v><l id="263091" t="потенциальный"><g v="ADJF"></g><g v="masc"></g><g v="sing"></g><g v="nomn"></g></l></v><v><l id="263091" t="потенциальный"><g v="ADJF"></g><g v="inan"></g><g v="masc"></g><g v="sing"></g><g v="accs"></g></l></v></tfr></token><token id="666502" text="конкурент"><tfr rev_id="1498597" t="конкурент"><v><l id="137896" t="конкурент"><g v="NOUN"></g><g v="anim"></g><g v="masc"></g><g v="sing"></g><g v="nomn"></g></l></v></tfr></token><token id="666503" text="Платини"><tfr rev_id="1498598" t="Платини"><v><l id="0" t="платини"><g v="UNKN"></g></l></v></tfr></token><token id="666504" text="менее"><tfr rev_id="1498599" t="менее"><v><l id="158343" t="менее"><g v="ADVB"></g></l></v></tfr></token><token id="666505" text="сдержан"><tfr rev_id="1498600" t="сдержан"><v><l id="317273" t="сдержан"><g v="ADJS"></g><g v="Qual"></g><g v="masc"></g><g v="sing"></g></l></v><v><l id="317279" t="сдержан"><g v="PRTS"></g><g v="perf"></g><g v="past"></g><g v="pssv"></g><g v="masc"></g><g v="sing"></g></l></v></tfr></token><token id="666506" text=","><tfr rev_id="1498601" t=","><v><l id="0" t=","><g v="PNCT"></g></l></v></tfr></token><token id="666507" text="и"><tfr rev_id="1498602" t="и"><v><l id="116949" t="и"><g v="CONJ"></g></l></v><v><l id="116950" t="и"><g v="INTJ"></g></l></v></tfr></token><token id="666508" text="уже"><tfr rev_id="2692851" t="уже"><v><l id="355422" t="уж"><g v="NOUN"></g><g v="anim"></g><g v="masc"></g><g v="sing"></g><g v="loct"></g></l></v><v><l id="355498" t="уже"><g v="ADVB"></g></l></v><v><l id="355674" t="уже"><g v="COMP"></g><g v="Qual"></g></l></v><v><l id="388673" t="уже"><g v="PRCL"></g></l></v></tfr></token><token id="666509" text="в"><tfr rev_id="1498604" t="в"><v><l id="37409" t="в"><g v="PREP"></g></l></v></tfr></token><token id="666510" text="прошлом"><tfr rev_id="4310126" t="прошлом"><v><l id="287715" t="прошлый"><g v="ADJF"></g><g v="masc"></g><g v="sing"></g><g v="loct"></g></l></v></tfr></token><token id="666511" text="году"><tfr rev_id="2927993" t="году"><v><l id="72149" t="год"><g v="NOUN"></g><g v="inan"></g><g v="masc"></g><g v="sing"></g><g v="loc2"></g></l></v></tfr></token><token id="666512" text="официально"><tfr rev_id="1498607" t="официально"><v><l id="220937" t="официально"><g v="ADVB"></g></l></v><v><l id="220941" t="официален"><g v="ADJS"></g><g v="neut"></g><g v="sing"></g></l></v></tfr></token><token id="666513" text="заявил"><tfr rev_id="1498608" t="заявил"><v><l id="114300" t="заявил"><g v="VERB"></g><g v="perf"></g><g v="tran"></g><g v="masc"></g><g v="sing"></g><g v="past"></g><g v="indc"></g></l></v></tfr></token><token id="666514" text="о"><tfr rev_id="1498609" t="о"><v><l id="192977" t="о"><g v="PREP"></g></l></v><v><l id="192978" t="о"><g v="INTJ"></g></l></v></tfr></token><token id="666515" text="своих"><tfr rev_id="3824260" t="своих"><v><l id="316379" t="свой"><g v="ADJF"></g><g v="Apro"></g><g v="Anph"></g><g v="plur"></g><g v="loct"></g></l></v></tfr></token><token id="666516" text="намерениях"><tfr rev_id="1498611" t="намерениях"><v><l id="172446" t="намерение"><g v="NOUN"></g><g v="inan"></g><g v="neut"></g><g v="plur"></g><g v="loct"></g></l></v></tfr></token><token id="666517" text="и"><tfr rev_id="1498612" t="и"><v><l id="116949" t="и"><g v="CONJ"></g></l></v><v><l id="116950" t="и"><g v="INTJ"></g></l></v></tfr></token><token id="666518" text="сделал"><tfr rev_id="1498613" t="сделал"><v><l id="317246" t="сделал"><g v="VERB"></g><g v="perf"></g><g v="tran"></g><g v="masc"></g><g v="sing"></g><g v="past"></g><g v="indc"></g></l></v></tfr></token><token id="666519" text="конкретные"><tfr rev_id="3751921" t="конкретные"><v><l id="137888" t="конкретный"><g v="ADJF"></g><g v="Qual"></g><g v="inan"></g><g v="plur"></g><g v="accs"></g></l></v></tfr></token><token id="666520" text="предложения"><tfr rev_id="3795606" t="предложения"><v><l id="266539" t="предложение"><g v="NOUN"></g><g v="inan"></g><g v="neut"></g><g v="plur"></g><g v="accs"></g></l></v></tfr></token><token id="666521" text="по"><tfr rev_id="1498616" t="по"><v><l id="241240" t="по"><g v="PREP"></g></l></v></tfr></token><token id="666522" text="реформированию"><tfr rev_id="1498617" t="реформированию"><v><l id="307146" t="реформирование"><g v="NOUN"></g><g v="inan"></g><g v="neut"></g><g v="sing"></g><g v="datv"></g></l></v></tfr></token><token id="666523" text="кубка"><tfr rev_id="1498618" t="кубка"><v><l id="144289" t="кубок"><g v="NOUN"></g><g v="inan"></g><g v="masc"></g><g v="sing"></g><g v="gent"></g></l></v></tfr></token><token id="666524" text="Европы"><tfr rev_id="1498619" t="Европы"><v><l id="94019" t="европа"><g v="NOUN"></g><g v="inan"></g><g v="femn"></g><g v="Sgtm"></g><g v="Geox"></g><g v="sing"></g><g v="gent"></g></l></v></tfr></token><token id="666525" text="."><tfr rev_id="1498620" t="."><v><l id="0" t="."><g v="PNCT"></g></l></v></tfr></token></tokens></sentence><sentence id="37296"><source>Однако, в 2005 году Юханссон продавил продление своего третьего президентского срока ещё на один год, до следующего конгресса УЕФА, который пройдёт 25 января 2007 в Дюссельдорфе.</source><tokens><token id="666526" text="Однако"><tfr rev_id="2624593" t="Однако"><v><l id="203386" t="однако"><g v="INTJ"></g></l></v><v><l id="203387" t="однако"><g v="CONJ"></g><g v="Prnt"></g></l></v></tfr></token><token id="666527" text=","><tfr rev_id="1498622" t=","><v><l id="0" t=","><g v="PNCT"></g></l></v></tfr></token><token id="666528" text="в"><tfr rev_id="1498623" t="в"><v><l id="37409" t="в"><g v="PREP"></g></l></v></tfr></token><token id="666529" text="2005"><tfr rev_id="2462488" t="2005"><v><l id="0" t="2005"><g v="NUMB"></g></l></v></tfr></token><token id="666530" text="году"><tfr rev_id="2964639" t="году"><v><l id="72149" t="год"><g v="NOUN"></g><g v="inan"></g><g v="masc"></g><g v="sing"></g><g v="loc2"></g></l></v></tfr></token><token id="666531" text="Юханссон"><tfr rev_id="1498626" t="Юханссон"><v><l id="0" t="юханссон"><g v="UNKN"></g></l></v></tfr></token><token id="666532" text="продавил"><tfr rev_id="1498627" t="продавил"><v><l id="278924" t="продавил"><g v="VERB"></g><g v="perf"></g><g v="tran"></g><g v="masc"></g><g v="sing"></g><g v="past"></g><g v="indc"></g></l></v></tfr></token><token id="666533" text="продление"><tfr rev_id="3340127" t="продление"><v><l id="279159" t="продление"><g v="NOUN"></g><g v="inan"></g><g v="neut"></g><g v="sing"></g><g v="accs"></g></l></v></tfr></token><token id="666534" text="своего"><tfr rev_id="4166801" t="своего"><v><l id="316379" t="свой"><g v="ADJF"></g><g v="Apro"></g><g v="Anph"></g><g v="masc"></g><g v="sing"></g><g v="gent"></g></l></v><v><l id="316379" t="свой"><g v="ADJF"></g><g v="Apro"></g><g v="Anph"></g><g v="anim"></g><g v="masc"></g><g v="sing"></g><g v="accs"></g></l></v></tfr></token><token id="666535" text="третьего"><tfr rev_id="4308917" t="третьего"><v><l id="349855" t="третий"><g v="ADJF"></g><g v="Anum"></g><g v="masc"></g><g v="sing"></g><g v="gent"></g></l></v><v><l id="349855" t="третий"><g v="ADJF"></g><g v="Anum"></g><g v="anim"></g><g v="masc"></g><g v="sing"></g><g v="accs"></g></l></v></tfr></token><token id="666536" text="президентского"><tfr rev_id="4415156" t="президентского"><v><l id="267451" t="президентский"><g v="ADJF"></g><g v="masc"></g><g v="sing"></g><g v="gent"></g></l></v></tfr></token><token id="666537" text="срока"><tfr rev_id="1498632" t="срока"><v><l id="333848" t="срок"><g v="NOUN"></g><g v="inan"></g><g v="masc"></g><g v="sing"></g><g v="gen1"></g></l></v></tfr></token><token id="666538" text="ещё"><tfr rev_id="1498633" t="ещё"><v><l id="95551" t="ещё"><g v="PRCL"></g></l></v><v><l id="95552" t="ещё"><g v="ADVB"></g></l></v></tfr></token><token id="666539" text="на"><tfr rev_id="3475860" t="на"><v><l id="166264" t="на"><g v="PREP"></g></l></v></tfr></token><token id="666540" text="один"><tfr rev_id="4299697" t="один"><v><l id="203319" t="один"><g v="ADJF"></g><g v="Apro"></g><g v="Anum"></g><g v="masc"></g><g v="sing"></g><g v="nomn"></g></l></v><v><l id="203319" t="один"><g v="ADJF"></g><g v="Apro"></g><g v="Anum"></g><g v="inan"></g><g v="masc"></g><g v="sing"></g><g v="accs"></g></l></v></tfr></token><token id="666541" text="год"><tfr rev_id="3679139" t="год"><v><l id="72149" t="год"><g v="NOUN"></g><g v="inan"></g><g v="masc"></g><g v="sing"></g><g v="accs"></g></l></v></tfr></token><token id="666542" text=","><tfr rev_id="1498637" t=","><v><l id="0" t=","><g v="PNCT"></g></l></v></tfr></token><token id="666543" text="до"><tfr rev_id="1498638" t="до"><v><l id="85153" t="до"><g v="PREP"></g></l></v></tfr></token><token id="666544" text="следующего"><tfr rev_id="1498639" t="следующего"><v><l id="324749" t="следующий"><g v="PRTF"></g><g v="impf"></g><g v="intr"></g><g v="pres"></g><g v="actv"></g><g v="masc"></g><g v="sing"></g><g v="gent"></g></l></v><v><l id="324749" t="следующий"><g v="PRTF"></g><g v="impf"></g><g v="intr"></g><g v="pres"></g><g v="actv"></g><g v="anim"></g><g v="masc"></g><g v="sing"></g><g v="accs"></g></l></v><v><l id="324749" t="следующий"><g v="PRTF"></g><g v="impf"></g><g v="intr"></g><g v="pres"></g><g v="actv"></g><g v="neut"></g><g v="sing"></g><g v="gent"></g></l></v><v><l id="324769" t="следующий"><g v="ADJF"></g><g v="masc"></g><g v="sing"></g><g v="gent"></g></l></v><v><l id="324769" t="следующий"><g v="ADJF"></g><g v="anim"></g><g v="masc"></g><g v="sing"></g><g v="accs"></g></l></v><v><l id="324769" t="следующий"><g v="ADJF"></g><g v="neut"></g><g v="sing"></g><g v="gent"></g></l></v></tfr></token><token id="666545" text="конгресса"><tfr rev_id="1498640" t="конгресса"><v><l id="137668" t="конгресс"><g v="NOUN"></g><g v="inan"></g><g v="masc"></g><g v="sing"></g><g v="gent"></g></l></v></tfr></token><token id="666546" text="УЕФА"><tfr rev_id="3691622" t="УЕФА"><v><l id="355415" t="уефа"><g v="NOUN"></g><g v="inan"></g><g v="masc"></g><g v="Sgtm"></g><g v="Fixd"></g><g v="Abbr"></g><g v="Orgn"></g><g v="sing"></g><g v="gent"></g></l></v></tfr></token><token id="666547" text=","><tfr rev_id="1498642" t=","><v><l id="0" t=","><g v="PNCT"></g></l></v></tfr></token><token id="666548" text="который"><tfr rev_id="3637468" t="который"><v><l id="141203" t="который"><g v="ADJF"></g><g v="Apro"></g><g v="Subx"></g><g v="Anph"></g><g v="masc"></g><g v="sing"></g><g v="nomn"></g></l></v><v><l id="141203" t="который"><g v="ADJF"></g><g v="Apro"></g><g v="Subx"></g><g v="Anph"></g><g v="inan"></g><g v="masc"></g><g v="sing"></g><g v="accs"></g></l></v></tfr></token><token id="666549" text="пройдёт"><tfr rev_id="1498644" t="пройдёт"><v><l id="280310" t="прошёл"><g v="VERB"></g><g v="perf"></g><g v="tran"></g><g v="sing"></g><g v="3per"></g><g v="futr"></g><g v="indc"></g></l></v></tfr></token><token id="666550" text="25"><tfr rev_id="2462489" t="25"><v><l id="0" t="25"><g v="NUMB"></g></l></v></tfr></token><token id="666551" text="января"><tfr rev_id="1498646" t="января"><v><l id="387905" t="январь"><g v="NOUN"></g><g v="inan"></g><g v="masc"></g><g v="sing"></g><g v="gent"></g></l></v></tfr></token><token id="666552" text="2007"><tfr rev_id="2462490" t="2007"><v><l id="0" t="2007"><g v="NUMB"></g></l></v></tfr></token><token id="666553" text="в"><tfr rev_id="1498648" t="в"><v><l id="37409" t="в"><g v="PREP"></g></l></v></tfr></token><token id="666554" text="Дюссельдорфе"><tfr rev_id="1498649" t="Дюссельдорфе"><v><l id="93776" t="дюссельдорф"><g v="NOUN"></g><g v="inan"></g><g v="masc"></g><g v="Geox"></g><g v="sing"></g><g v="loct"></g></l></v></tfr></token><token id="666555" text="."><tfr rev_id="1498650" t="."><v><l id="0" t="."><g v="PNCT"></g></l></v></tfr></token></tokens></sentence><sentence id="37297"><source>Это продление было на руку Бекенбауэру, так как в настоящий момент он занят организацией чемпионата мира в Германии.</source><tokens><token id="666556" text="Это"><tfr rev_id="4441763" t="Это"><v><l id="386574" t="это"><g v="PRCL"></g></l></v><v><l id="386575" t="это"><g v="NPRO"></g><g v="neut"></g><g v="sing"></g><g v="nomn"></g></l></v><v><l id="386575" t="это"><g v="NPRO"></g><g v="neut"></g><g v="sing"></g><g v="accs"></g></l></v><v><l id="386581" t="этот"><g v="ADJF"></g><g v="Subx"></g><g v="Apro"></g><g v="Anph"></g><g v="neut"></g><g v="sing"></g><g v="nomn"></g></l></v><v><l id="386581" t="этот"><g v="ADJF"></g><g v="Subx"></g><g v="Apro"></g><g v="Anph"></g><g v="neut"></g><g v="sing"></g><g v="accs"></g></l></v></tfr></token><token id="666557" text="продление"><tfr rev_id="3486329" t="продление"><v><l id="279159" t="продление"><g v="NOUN"></g><g v="inan"></g><g v="neut"></g><g v="sing"></g><g v="nomn"></g></l></v></tfr></token><token id="666558" text="было"><tfr rev_id="2780923" t="было"><v><l id="37265" t="есть"><g v="VERB"></g><g v="impf"></g><g v="intr"></g><g v="neut"></g><g v="sing"></g><g v="past"></g><g v="indc"></g></l></v></tfr></token><token id="666559" text="на"><tfr rev_id="3342455" t="на"><v><l id="166264" t="на"><g v="PREP"></g></l></v></tfr></token><token id="666560" text="руку"><tfr rev_id="1498655" t="руку"><v><l id="309953" t="рука"><g v="NOUN"></g><g v="inan"></g><g v="femn"></g><g v="sing"></g><g v="accs"></g></l></v></tfr></token><token id="666561" text="Бекенбауэру"><tfr rev_id="1498656" t="Бекенбауэру"><v><l id="0" t="бекенбауэру"><g v="UNKN"></g></l></v></tfr></token><token id="666562" text=","><tfr rev_id="1498657" t=","><v><l id="0" t=","><g v="PNCT"></g></l></v></tfr></token><token id="666563" text="так"><tfr rev_id="1498658" t="так"><v><l id="342451" t="так"><g v="CONJ"></g></l></v><v><l id="342452" t="так"><g v="PRCL"></g></l></v><v><l id="342453" t="так"><g v="ADVB"></g><g v="Dmns"></g></l></v></tfr></token><token id="666564" text="как"><tfr rev_id="1498659" t="как"><v><l id="128190" t="как"><g v="CONJ"></g></l></v><v><l id="128191" t="как"><g v="PRCL"></g></l></v><v><l id="128192" t="как"><g v="ADVB"></g><g v="Ques"></g></l></v></tfr></token><token id="666565" text="в"><tfr rev_id="1498660" t="в"><v><l id="37409" t="в"><g v="PREP"></g></l></v></tfr></token><token id="666566" text="настоящий"><tfr rev_id="1498661" t="настоящий"><v><l id="176151" t="настоящий"><g v="ADJF"></g><g v="masc"></g><g v="sing"></g><g v="nomn"></g></l></v><v><l id="176151" t="настоящий"><g v="ADJF"></g><g v="inan"></g><g v="masc"></g><g v="sing"></g><g v="accs"></g></l></v></tfr></token><token id="666567" text="момент"><tfr rev_id="1498662" t="момент"><v><l id="163050" t="момент"><g v="NOUN"></g><g v="inan"></g><g v="masc"></g><g v="sing"></g><g v="nomn"></g></l></v><v><l id="163050" t="момент"><g v="NOUN"></g><g v="inan"></g><g v="masc"></g><g v="sing"></g><g v="accs"></g></l></v></tfr></token><token id="666568" text="он"><tfr rev_id="3575766" t="он"><v><l id="206541" t="он"><g v="NPRO"></g><g v="masc"></g><g v="3per"></g><g v="Anph"></g><g v="sing"></g><g v="nomn"></g></l></v></tfr></token><token id="666569" text="занят"><tfr rev_id="1498664" t="занят"><v><l id="106582" t="занят"><g v="ADJS"></g><g v="masc"></g><g v="sing"></g></l></v><v><l id="106587" t="занят"><g v="PRTS"></g><g v="perf"></g><g v="past"></g><g v="pssv"></g><g v="masc"></g><g v="sing"></g></l></v></tfr></token><token id="666570" text="организацией"><tfr rev_id="1498665" t="организацией"><v><l id="208750" t="организация"><g v="NOUN"></g><g v="inan"></g><g v="femn"></g><g v="sing"></g><g v="ablt"></g></l></v></tfr></token><token id="666571" text="чемпионата"><tfr rev_id="1498666" t="чемпионата"><v><l id="375186" t="чемпионат"><g v="NOUN"></g><g v="inan"></g><g v="masc"></g><g v="sing"></g><g v="gent"></g></l></v></tfr></token><token id="666572" text="мира"><tfr rev_id="3723279" t="мира"><v><l id="160807" t="мир"><g v="NOUN"></g><g v="inan"></g><g v="masc"></g><g v="sing"></g><g v="gen1"></g></l></v></tfr></token><token id="666573" text="в"><tfr rev_id="1498668" t="в"><v><l id="37409" t="в"><g v="PREP"></g></l></v></tfr></token><token id="666574" text="Германии"><tfr rev_id="4387662" t="Германии"><v><l id="69099" t="германия"><g v="NOUN"></g><g v="inan"></g><g v="femn"></g><g v="Sgtm"></g><g v="Geox"></g><g v="sing"></g><g v="loct"></g></l></v></tfr></token><token id="666575" text="."><tfr rev_id="1498670" t="."><v><l id="0" t="."><g v="PNCT"></g></l></v></tfr></token></tokens></sentence></paragraph><paragraph id="11978"><sentence id="37298"><source>В Швеции решение Юханссона не встретило полной поддержки.</source><tokens><token id="666576" text="В"><tfr rev_id="1498671" t="В"><v><l id="37409" t="в"><g v="PREP"></g></l></v></tfr></token><token id="666577" text="Швеции"><tfr rev_id="3455237" t="Швеции"><v><l id="378803" t="швеция"><g v="NOUN"></g><g v="inan"></g><g v="femn"></g><g v="Sgtm"></g><g v="Geox"></g><g v="sing"></g><g v="loct"></g></l></v></tfr></token><token id="666578" text="решение"><tfr rev_id="3661965" t="решение"><v><l id="307350" t="решение"><g v="NOUN"></g><g v="inan"></g><g v="neut"></g><g v="sing"></g><g v="nomn"></g></l></v></tfr></token><token id="666579" text="Юханссона"><tfr rev_id="1498674" t="Юханссона"><v><l id="0" t="юханссона"><g v="UNKN"></g></l></v></tfr></token><token id="666580" text="не"><tfr rev_id="1498675" t="не"><v><l id="178876" t="не"><g v="PRCL"></g></l></v></tfr></token><token id="666581" text="встретило"><tfr rev_id="1498676" t="встретило"><v><l id="54520" t="встретил"><g v="VERB"></g><g v="perf"></g><g v="tran"></g><g v="neut"></g><g v="sing"></g><g v="past"></g><g v="indc"></g></l></v></tfr></token><token id="666582" text="полной"><tfr rev_id="4308110" t="полной"><v><l id="256169" t="полный"><g v="ADJF"></g><g v="Qual"></g><g v="femn"></g><g v="sing"></g><g v="gent"></g></l></v></tfr></token><token id="666583" text="поддержки"><tfr rev_id="3500782" t="поддержки"><v><l id="245415" t="поддержка"><g v="NOUN"></g><g v="inan"></g><g v="femn"></g><g v="sing"></g><g v="gent"></g></l></v></tfr></token><token id="666584" text="."><tfr rev_id="1498679" t="."><v><l id="0" t="."><g v="PNCT"></g></l></v></tfr></token></tokens></sentence><sentence id="37299"><source>Комментарий шведского телевидения:</source><tokens><token id="666585" text="Комментарий"><tfr rev_id="4105255" t="Комментарий"><v><l id="136972" t="комментарий"><g v="NOUN"></g><g v="inan"></g><g v="masc"></g><g v="sing"></g><g v="nomn"></g></l></v></tfr></token><token id="666586" text="шведского"><tfr rev_id="3470226" t="шведского"><v><l id="378768" t="шведский"><g v="ADJF"></g><g v="neut"></g><g v="sing"></g><g v="gent"></g></l></v></tfr></token><token id="666587" text="телевидения"><tfr rev_id="3433113" t="телевидения"><v><l id="344095" t="телевидение"><g v="NOUN"></g><g v="inan"></g><g v="neut"></g><g v="sing"></g><g v="gent"></g></l></v></tfr></token><token id="666588" text=":"><tfr rev_id="1498683" t=":"><v><l id="0" t=":"><g v="PNCT"></g></l></v></tfr></token></tokens></sentence><sentence id="37300"><source>«Единственная ошибка Юханссона в том, что он не может достойно воспринять конец своего президентства.</source><tokens><token id="666589" text="«"><tfr rev_id="2446031" t="«"><v><l id="0" t="«"><g v="PNCT"></g></l></v></tfr></token><token id="666590" text="Единственная"><tfr rev_id="1498685" t="Единственная"><v><l id="94404" t="единственный"><g v="ADJF"></g><g v="femn"></g><g v="sing"></g><g v="nomn"></g></l></v></tfr></token><token id="666591" text="ошибка"><tfr rev_id="1498686" t="ошибка"><v><l id="222054" t="ошибка"><g v="NOUN"></g><g v="inan"></g><g v="femn"></g><g v="sing"></g><g v="nomn"></g></l></v></tfr></token><token id="666592" text="Юханссона"><tfr rev_id="1498687" t="Юханссона"><v><l id="0" t="юханссона"><g v="UNKN"></g></l></v></tfr></token><token id="666593" text="в"><tfr rev_id="1498688" t="в"><v><l id="37409" t="в"><g v="PREP"></g></l></v></tfr></token><token id="666594" text="том"><tfr rev_id="4462800" t="том"><v><l id="348430" t="тот"><g v="ADJF"></g><g v="Subx"></g><g v="Apro"></g><g v="Anph"></g><g v="neut"></g><g v="sing"></g><g v="loct"></g></l></v></tfr></token><token id="666595" text=","><tfr rev_id="1498690" t=","><v><l id="0" t=","><g v="PNCT"></g></l></v></tfr></token><token id="666596" text="что"><tfr rev_id="3197470" t="что"><v><l id="377004" t="что"><g v="CONJ"></g></l></v><v><l id="377005" t="что"><g v="NPRO"></g><g v="neut"></g><g v="sing"></g><g v="nomn"></g></l></v><v><l id="377005" t="что"><g v="NPRO"></g><g v="neut"></g><g v="sing"></g><g v="accs"></g></l></v><v><l id="377006" t="что"><g v="ADVB"></g><g v="Ques"></g></l></v><v><l id="388695" t="что"><g v="PRCL"></g></l></v></tfr></token><token id="666597" text="он"><tfr rev_id="3575767" t="он"><v><l id="206541" t="он"><g v="NPRO"></g><g v="masc"></g><g v="3per"></g><g v="Anph"></g><g v="sing"></g><g v="nomn"></g></l></v></tfr></token><token id="666598" text="не"><tfr rev_id="1498693" t="не"><v><l id="178876" t="не"><g v="PRCL"></g></l></v></tfr></token><token id="666599" text="может"><tfr rev_id="4229587" t="может"><v><l id="164485" t="могу"><g v="VERB"></g><g v="impf"></g><g v="intr"></g><g v="sing"></g><g v="3per"></g><g v="pres"></g><g v="indc"></g></l></v></tfr></token><token id="666600" text="достойно"><tfr rev_id="1498695" t="достойно"><v><l id="90582" t="достойно"><g v="ADVB"></g></l></v><v><l id="90585" t="достоин"><g v="ADJS"></g><g v="Qual"></g><g v="neut"></g><g v="sing"></g></l></v></tfr></token><token id="666601" text="воспринять"><tfr rev_id="1498696" t="воспринять"><v><l id="51699" t="воспринять"><g v="INFN"></g><g v="perf"></g><g v="tran"></g></l></v></tfr></token><token id="666602" text="конец"><tfr rev_id="1498697" t="конец"><v><l id="137815" t="конец"><g v="NOUN"></g><g v="inan"></g><g v="masc"></g><g v="sing"></g><g v="nomn"></g></l></v><v><l id="137815" t="конец"><g v="NOUN"></g><g v="inan"></g><g v="masc"></g><g v="sing"></g><g v="accs"></g></l></v></tfr></token><token id="666603" text="своего"><tfr rev_id="4085936" t="своего"><v><l id="316379" t="свой"><g v="ADJF"></g><g v="Apro"></g><g v="Anph"></g><g v="neut"></g><g v="sing"></g><g v="gent"></g></l></v></tfr></token><token id="666604" text="президентства"><tfr rev_id="3494786" t="президентства"><v><l id="267452" t="президентство"><g v="NOUN"></g><g v="inan"></g><g v="neut"></g><g v="sing"></g><g v="gent"></g></l></v></tfr></token><token id="666605" text="."><tfr rev_id="1498700" t="."><v><l id="0" t="."><g v="PNCT"></g></l></v></tfr></token></tokens></sentence><sentence id="37301"><source>Каждая эпоха когда-то заканчивается».</source><tokens><token id="666606" text="Каждая"><tfr rev_id="4430339" t="Каждая"><v><l id="127875" t="каждый"><g v="ADJF"></g><g v="Subx"></g><g v="Apro"></g><g v="femn"></g><g v="sing"></g><g v="nomn"></g></l></v></tfr></token><token id="666607" text="эпоха"><tfr rev_id="1498702" t="эпоха"><v><l id="385893" t="эпоха"><g v="NOUN"></g><g v="inan"></g><g v="femn"></g><g v="sing"></g><g v="nomn"></g></l></v></tfr></token><token id="666608" text="когда-то"><tfr rev_id="1498703" t="когда-то"><v><l id="135243" t="когда-то"><g v="ADVB"></g></l></v></tfr></token><token id="666609" text="заканчивается"><tfr rev_id="1498704" t="заканчивается"><v><l id="103000" t="заканчиваюсь"><g v="VERB"></g><g v="impf"></g><g v="intr"></g><g v="sing"></g><g v="3per"></g><g v="pres"></g><g v="indc"></g></l></v></tfr></token><token id="666610" text="»"><tfr rev_id="2446032" t="»"><v><l id="0" t="»"><g v="PNCT"></g></l></v></tfr></token><token id="666611" text="."><tfr rev_id="1498706" t="."><v><l id="0" t="."><g v="PNCT"></g></l></v></tfr></token></tokens></sentence></paragraph></paragraphs></text>