<?xml version="1.0" encoding="utf-8"?><text id="1314" parent="570" name="0007899 Деревенский дом. Отопление. Прошу совета и критики."><tags><tag>url:http://qkowlew.livejournal.com/7899.html</tag><tag>Год:2010</tag><tag>Дата:18/05</tag><tag>Время:20:14</tag><tag>ЖЖ:Метка:деревня</tag><tag>ЖЖ:Метка:отопление</tag><tag>ЖЖ:Метка:печка</tag></tags><paragraphs><paragraph id="12012"><sentence id="37390"><source>Деревенский дом.</source><tokens><token id="668459" text="Деревенский"><tfr rev_id="4369906" t="Деревенский"><v><l id="81643" t="деревенский"><g v="ADJF"></g><g v="masc"></g><g v="sing"></g><g v="nomn"></g></l></v></tfr></token><token id="668460" text="дом"><tfr rev_id="1500553" t="дом"><v><l id="88152" t="дом"><g v="NOUN"></g><g v="inan"></g><g v="masc"></g><g v="sing"></g><g v="nomn"></g></l></v><v><l id="88152" t="дом"><g v="NOUN"></g><g v="inan"></g><g v="masc"></g><g v="sing"></g><g v="accs"></g></l></v></tfr></token><token id="668461" text="."><tfr rev_id="1500554" t="."><v><l id="0" t="."><g v="PNCT"></g></l></v></tfr></token></tokens></sentence><sentence id="37391"><source>Отопление.</source><tokens><token id="668462" text="Отопление"><tfr rev_id="2584208" t="Отопление"><v><l id="216202" t="отопление"><g v="NOUN"></g><g v="inan"></g><g v="neut"></g><g v="sing"></g><g v="nomn"></g></l></v></tfr></token><token id="668463" text="."><tfr rev_id="1500556" t="."><v><l id="0" t="."><g v="PNCT"></g></l></v></tfr></token></tokens></sentence><sentence id="37392"><source>Прошу совета и критики.</source><tokens><token id="668464" text="Прошу"><tfr rev_id="1500557" t="Прошу"><v><l id="284318" t="прошу"><g v="VERB"></g><g v="impf"></g><g v="tran"></g><g v="sing"></g><g v="1per"></g><g v="pres"></g><g v="indc"></g></l></v></tfr></token><token id="668465" text="совета"><tfr rev_id="1500558" t="совета"><v><l id="327955" t="совет"><g v="NOUN"></g><g v="inan"></g><g v="masc"></g><g v="sing"></g><g v="gent"></g></l></v></tfr></token><token id="668466" text="и"><tfr rev_id="1500559" t="и"><v><l id="116949" t="и"><g v="CONJ"></g></l></v><v><l id="116950" t="и"><g v="INTJ"></g></l></v></tfr></token><token id="668467" text="критики"><tfr rev_id="3523417" t="критики"><v><l id="142954" t="критика"><g v="NOUN"></g><g v="inan"></g><g v="femn"></g><g v="sing"></g><g v="gent"></g></l></v></tfr></token><token id="668468" text="."><tfr rev_id="1500561" t="."><v><l id="0" t="."><g v="PNCT"></g></l></v></tfr></token></tokens></sentence></paragraph><paragraph id="12013"><sentence id="37393"><source>Озадачился кладкой печи в доме.</source><tokens><token id="668469" text="Озадачился"><tfr rev_id="1500562" t="Озадачился"><v><l id="204050" t="озадачился"><g v="VERB"></g><g v="perf"></g><g v="intr"></g><g v="masc"></g><g v="sing"></g><g v="past"></g><g v="indc"></g></l></v></tfr></token><token id="668470" text="кладкой"><tfr rev_id="1500563" t="кладкой"><v><l id="133818" t="кладка"><g v="NOUN"></g><g v="inan"></g><g v="femn"></g><g v="sing"></g><g v="ablt"></g></l></v></tfr></token><token id="668471" text="печи"><tfr rev_id="4463527" t="печи"><v><l id="238296" t="печь"><g v="NOUN"></g><g v="inan"></g><g v="femn"></g><g v="sing"></g><g v="gent"></g></l></v></tfr></token><token id="668472" text="в"><tfr rev_id="1500565" t="в"><v><l id="37409" t="в"><g v="PREP"></g></l></v></tfr></token><token id="668473" text="доме"><tfr rev_id="1500566" t="доме"><v><l id="88152" t="дом"><g v="NOUN"></g><g v="inan"></g><g v="masc"></g><g v="sing"></g><g v="loc1"></g></l></v></tfr></token><token id="668474" text="."><tfr rev_id="1500567" t="."><v><l id="0" t="."><g v="PNCT"></g></l></v></tfr></token></tokens></sentence><sentence id="37394"><source>По опыту проживания в деревенском доме хорошо помню, что пол - ХОЛОДНЫЙ.</source><tokens><token id="668475" text="По"><tfr rev_id="1500568" t="По"><v><l id="241240" t="по"><g v="PREP"></g></l></v></tfr></token><token id="668476" text="опыту"><tfr rev_id="1500569" t="опыту"><v><l id="208575" t="опыт"><g v="NOUN"></g><g v="inan"></g><g v="masc"></g><g v="sing"></g><g v="datv"></g></l></v></tfr></token><token id="668477" text="проживания"><tfr rev_id="3474714" t="проживания"><v><l id="279717" t="проживание"><g v="NOUN"></g><g v="inan"></g><g v="neut"></g><g v="sing"></g><g v="gent"></g></l></v></tfr></token><token id="668478" text="в"><tfr rev_id="1500571" t="в"><v><l id="37409" t="в"><g v="PREP"></g></l></v></tfr></token><token id="668479" text="деревенском"><tfr rev_id="3453831" t="деревенском"><v><l id="81643" t="деревенский"><g v="ADJF"></g><g v="masc"></g><g v="sing"></g><g v="loct"></g></l></v></tfr></token><token id="668480" text="доме"><tfr rev_id="1500573" t="доме"><v><l id="88152" t="дом"><g v="NOUN"></g><g v="inan"></g><g v="masc"></g><g v="sing"></g><g v="loc1"></g></l></v></tfr></token><token id="668481" text="хорошо"><tfr rev_id="1500574" t="хорошо"><v><l id="371669" t="хорош"><g v="ADJS"></g><g v="Qual"></g><g v="neut"></g><g v="sing"></g></l></v><v><l id="371678" t="хорошо"><g v="ADVB"></g><g v="Prdx"></g></l></v><v><l id="371679" t="хорошо"><g v="PRCL"></g></l></v><v><l id="371680" t="хорошо"><g v="PRED"></g><g v="pres"></g></l></v></tfr></token><token id="668482" text="помню"><tfr rev_id="1500575" t="помню"><v><l id="257769" t="помню"><g v="VERB"></g><g v="impf"></g><g v="tran"></g><g v="sing"></g><g v="1per"></g><g v="pres"></g><g v="indc"></g></l></v></tfr></token><token id="668483" text=","><tfr rev_id="1500576" t=","><v><l id="0" t=","><g v="PNCT"></g></l></v></tfr></token><token id="668484" text="что"><tfr rev_id="3197476" t="что"><v><l id="377004" t="что"><g v="CONJ"></g></l></v><v><l id="377005" t="что"><g v="NPRO"></g><g v="neut"></g><g v="sing"></g><g v="nomn"></g></l></v><v><l id="377005" t="что"><g v="NPRO"></g><g v="neut"></g><g v="sing"></g><g v="accs"></g></l></v><v><l id="377006" t="что"><g v="ADVB"></g><g v="Ques"></g></l></v><v><l id="388695" t="что"><g v="PRCL"></g></l></v></tfr></token><token id="668485" text="пол"><tfr rev_id="4385925" t="пол"><v><l id="255093" t="пол"><g v="NOUN"></g><g v="inan"></g><g v="masc"></g><g v="sing"></g><g v="nomn"></g></l></v></tfr></token><token id="668486" text="-"><tfr rev_id="1500579" t="-"><v><l id="0" t="-"><g v="PNCT"></g></l></v></tfr></token><token id="668487" text="ХОЛОДНЫЙ"><tfr rev_id="1500580" t="ХОЛОДНЫЙ"><v><l id="371377" t="холодный"><g v="ADJF"></g><g v="Qual"></g><g v="masc"></g><g v="sing"></g><g v="nomn"></g></l></v><v><l id="371377" t="холодный"><g v="ADJF"></g><g v="Qual"></g><g v="inan"></g><g v="masc"></g><g v="sing"></g><g v="accs"></g></l></v></tfr></token><token id="668488" text="."><tfr rev_id="1500581" t="."><v><l id="0" t="."><g v="PNCT"></g></l></v></tfr></token></tokens></sentence></paragraph><paragraph id="12014"><sentence id="37395"><source>Задумался о том, можно ли решить эту проблему.</source><tokens><token id="668489" text="Задумался"><tfr rev_id="1500582" t="Задумался"><v><l id="101873" t="задумался"><g v="VERB"></g><g v="perf"></g><g v="intr"></g><g v="masc"></g><g v="sing"></g><g v="past"></g><g v="indc"></g></l></v></tfr></token><token id="668490" text="о"><tfr rev_id="3230781" t="о"><v><l id="192977" t="о"><g v="PREP"></g></l></v></tfr></token><token id="668491" text="том"><tfr rev_id="3774546" t="том"><v><l id="348430" t="тот"><g v="ADJF"></g><g v="Subx"></g><g v="Apro"></g><g v="Anph"></g><g v="neut"></g><g v="sing"></g><g v="loct"></g></l></v></tfr></token><token id="668492" text=","><tfr rev_id="1500585" t=","><v><l id="0" t=","><g v="PNCT"></g></l></v></tfr></token><token id="668493" text="можно"><tfr rev_id="1500586" t="можно"><v><l id="162467" t="можно"><g v="PRED"></g><g v="pres"></g></l></v></tfr></token><token id="668494" text="ли"><tfr rev_id="4466728" t="ли"><v><l id="148847" t="ли"><g v="CONJ"></g></l></v><v><l id="148848" t="ли"><g v="PRCL"></g></l></v></tfr></token><token id="668495" text="решить"><tfr rev_id="1500588" t="решить"><v><l id="307397" t="решить"><g v="INFN"></g><g v="perf"></g><g v="tran"></g></l></v></tfr></token><token id="668496" text="эту"><tfr rev_id="4438938" t="эту"><v><l id="386581" t="этот"><g v="ADJF"></g><g v="Subx"></g><g v="Apro"></g><g v="Anph"></g><g v="femn"></g><g v="sing"></g><g v="accs"></g></l></v></tfr></token><token id="668497" text="проблему"><tfr rev_id="1500590" t="проблему"><v><l id="277255" t="проблема"><g v="NOUN"></g><g v="inan"></g><g v="femn"></g><g v="sing"></g><g v="accs"></g></l></v></tfr></token><token id="668498" text="."><tfr rev_id="1500591" t="."><v><l id="0" t="."><g v="PNCT"></g></l></v></tfr></token></tokens></sentence></paragraph><paragraph id="12015"><sentence id="37396"><source>Кроме того, в моём пятистенке (с мансардным этажом половинной площади) строить печку, которая будет в двух комнатах сразу - означает фактически полное удаление капитальной бревенчатой перегородки, что как-то кажется мне обидным.</source><tokens><token id="668499" text="Кроме"><tfr rev_id="1500592" t="Кроме"><v><l id="143259" t="кроме"><g v="PREP"></g></l></v></tfr></token><token id="668500" text="того"><tfr rev_id="4536591" t="того"><v><l id="348430" t="тот"><g v="ADJF"></g><g v="Subx"></g><g v="Apro"></g><g v="Anph"></g><g v="masc"></g><g v="sing"></g><g v="gent"></g></l></v><v><l id="348430" t="тот"><g v="ADJF"></g><g v="Subx"></g><g v="Apro"></g><g v="Anph"></g><g v="neut"></g><g v="sing"></g><g v="gent"></g></l></v></tfr></token><token id="668501" text=","><tfr rev_id="1500594" t=","><v><l id="0" t=","><g v="PNCT"></g></l></v></tfr></token><token id="668502" text="в"><tfr rev_id="1500595" t="в"><v><l id="37409" t="в"><g v="PREP"></g></l></v></tfr></token><token id="668503" text="моём"><tfr rev_id="4464329" t="моём"><v><l id="162570" t="мой"><g v="ADJF"></g><g v="Apro"></g><g v="masc"></g><g v="sing"></g><g v="loct"></g></l></v></tfr></token><token id="668504" text="пятистенке"><tfr rev_id="4286810" t="пятистенке"><v><l id="388873" t="пятистенок"><g v="NOUN"></g><g v="inan"></g><g v="masc"></g><g v="sing"></g><g v="loct"></g></l></v></tfr></token><token id="668505" text="("><tfr rev_id="1500598" t="("><v><l id="0" t="("><g v="PNCT"></g></l></v></tfr></token><token id="668506" text="с"><tfr rev_id="1500599" t="с"><v><l id="311151" t="с"><g v="PREP"></g></l></v></tfr></token><token id="668507" text="мансардным"><tfr rev_id="4376457" t="мансардным"><v><l id="154849" t="мансардный"><g v="ADJF"></g><g v="Qual"></g><g v="masc"></g><g v="sing"></g><g v="ablt"></g></l></v></tfr></token><token id="668508" text="этажом"><tfr rev_id="1500601" t="этажом"><v><l id="386395" t="этаж"><g v="NOUN"></g><g v="inan"></g><g v="masc"></g><g v="sing"></g><g v="ablt"></g></l></v></tfr></token><token id="668509" text="половинной"><tfr rev_id="4317323" t="половинной"><v><l id="256188" t="половинный"><g v="ADJF"></g><g v="Qual"></g><g v="femn"></g><g v="sing"></g><g v="gent"></g></l></v></tfr></token><token id="668510" text="площади"><tfr rev_id="4240330" t="площади"><v><l id="240936" t="площадь"><g v="NOUN"></g><g v="inan"></g><g v="femn"></g><g v="sing"></g><g v="gent"></g></l></v></tfr></token><token id="668511" text=")"><tfr rev_id="1500604" t=")"><v><l id="0" t=")"><g v="PNCT"></g></l></v></tfr></token><token id="668512" text="строить"><tfr rev_id="1500605" t="строить"><v><l id="337673" t="строить"><g v="INFN"></g><g v="impf"></g><g v="tran"></g></l></v><v><l id="337682" t="строить"><g v="INFN"></g><g v="perf"></g><g v="tran"></g></l></v></tfr></token><token id="668513" text="печку"><tfr rev_id="1500606" t="печку"><v><l id="238263" t="печка"><g v="NOUN"></g><g v="inan"></g><g v="femn"></g><g v="sing"></g><g v="accs"></g></l></v></tfr></token><token id="668514" text=","><tfr rev_id="1500607" t=","><v><l id="0" t=","><g v="PNCT"></g></l></v></tfr></token><token id="668515" text="которая"><tfr rev_id="3639839" t="которая"><v><l id="141203" t="который"><g v="ADJF"></g><g v="Apro"></g><g v="Subx"></g><g v="Anph"></g><g v="femn"></g><g v="sing"></g><g v="nomn"></g></l></v></tfr></token><token id="668516" text="будет"><tfr rev_id="1500609" t="будет"><v><l id="37265" t="есть"><g v="VERB"></g><g v="impf"></g><g v="intr"></g><g v="sing"></g><g v="3per"></g><g v="futr"></g><g v="indc"></g></l></v></tfr></token><token id="668517" text="в"><tfr rev_id="1500610" t="в"><v><l id="37409" t="в"><g v="PREP"></g></l></v></tfr></token><token id="668518" text="двух"><tfr rev_id="4449699" t="двух"><v><l id="78668" t="два"><g v="NUMR"></g><g v="anim"></g><g v="accs"></g></l></v><v><l id="78668" t="два"><g v="NUMR"></g><g v="gent"></g></l></v><v><l id="78668" t="два"><g v="NUMR"></g><g v="loct"></g></l></v></tfr></token><token id="668519" text="комнатах"><tfr rev_id="1500612" t="комнатах"><v><l id="137100" t="комната"><g v="NOUN"></g><g v="inan"></g><g v="femn"></g><g v="plur"></g><g v="loct"></g></l></v></tfr></token><token id="668520" text="сразу"><tfr rev_id="1500613" t="сразу"><v><l id="333375" t="сразу"><g v="ADVB"></g></l></v></tfr></token><token id="668521" text="-"><tfr rev_id="1500614" t="-"><v><l id="0" t="-"><g v="PNCT"></g></l></v></tfr></token><token id="668522" text="означает"><tfr rev_id="1500615" t="означает"><v><l id="204299" t="означаю"><g v="VERB"></g><g v="impf"></g><g v="tran"></g><g v="sing"></g><g v="3per"></g><g v="pres"></g><g v="indc"></g></l></v></tfr></token><token id="668523" text="фактически"><tfr rev_id="3190237" t="фактически"><v><l id="364168" t="фактически"><g v="ADVB"></g></l></v><v><l id="364170" t="фактически"><g v="CONJ"></g><g v="Prnt"></g></l></v></tfr></token><token id="668524" text="полное"><tfr rev_id="1500617" t="полное"><v><l id="256169" t="полный"><g v="ADJF"></g><g v="Qual"></g><g v="neut"></g><g v="sing"></g><g v="nomn"></g></l></v><v><l id="256169" t="полный"><g v="ADJF"></g><g v="Qual"></g><g v="neut"></g><g v="sing"></g><g v="accs"></g></l></v></tfr></token><token id="668525" text="удаление"><tfr rev_id="3555806" t="удаление"><v><l id="354634" t="удаление"><g v="NOUN"></g><g v="inan"></g><g v="neut"></g><g v="sing"></g><g v="accs"></g></l></v></tfr></token><token id="668526" text="капитальной"><tfr rev_id="3883403" t="капитальной"><v><l id="129727" t="капитальный"><g v="ADJF"></g><g v="femn"></g><g v="sing"></g><g v="gent"></g></l></v></tfr></token><token id="668527" text="бревенчатой"><tfr rev_id="4095069" t="бревенчатой"><v><l id="33711" t="бревенчатый"><g v="ADJF"></g><g v="femn"></g><g v="sing"></g><g v="gent"></g></l></v></tfr></token><token id="668528" text="перегородки"><tfr rev_id="2699432" t="перегородки"><v><l id="227862" t="перегородка"><g v="NOUN"></g><g v="inan"></g><g v="femn"></g><g v="sing"></g><g v="gent"></g></l></v></tfr></token><token id="668529" text=","><tfr rev_id="1500622" t=","><v><l id="0" t=","><g v="PNCT"></g></l></v></tfr></token><token id="668530" text="что"><tfr rev_id="3197477" t="что"><v><l id="377004" t="что"><g v="CONJ"></g></l></v><v><l id="377005" t="что"><g v="NPRO"></g><g v="neut"></g><g v="sing"></g><g v="nomn"></g></l></v><v><l id="377005" t="что"><g v="NPRO"></g><g v="neut"></g><g v="sing"></g><g v="accs"></g></l></v><v><l id="377006" t="что"><g v="ADVB"></g><g v="Ques"></g></l></v><v><l id="388695" t="что"><g v="PRCL"></g></l></v></tfr></token><token id="668531" text="как-то"><tfr rev_id="1500624" t="как-то"><v><l id="128196" t="как-то"><g v="ADVB"></g></l></v></tfr></token><token id="668532" text="кажется"><tfr rev_id="3797634" t="кажется"><v><l id="127940" t="кажусь"><g v="VERB"></g><g v="impf"></g><g v="intr"></g><g v="sing"></g><g v="3per"></g><g v="pres"></g><g v="indc"></g></l></v></tfr></token><token id="668533" text="мне"><tfr rev_id="4201013" t="мне"><v><l id="387317" t="я"><g v="NPRO"></g><g v="1per"></g><g v="sing"></g><g v="datv"></g></l></v></tfr></token><token id="668534" text="обидным"><tfr rev_id="4205484" t="обидным"><v><l id="195414" t="обидный"><g v="ADJF"></g><g v="Qual"></g><g v="neut"></g><g v="sing"></g><g v="ablt"></g></l></v></tfr></token><token id="668535" text="."><tfr rev_id="1500628" t="."><v><l id="0" t="."><g v="PNCT"></g></l></v></tfr></token></tokens></sentence><sentence id="37397"><source>Хорошая, годная стена.</source><tokens><token id="668536" text="Хорошая"><tfr rev_id="1500629" t="Хорошая"><v><l id="371668" t="хороший"><g v="ADJF"></g><g v="Qual"></g><g v="femn"></g><g v="sing"></g><g v="nomn"></g></l></v></tfr></token><token id="668537" text=","><tfr rev_id="1500630" t=","><v><l id="0" t=","><g v="PNCT"></g></l></v></tfr></token><token id="668538" text="годная"><tfr rev_id="1500631" t="годная"><v><l id="72185" t="годный"><g v="ADJF"></g><g v="Qual"></g><g v="femn"></g><g v="sing"></g><g v="nomn"></g></l></v></tfr></token><token id="668539" text="стена"><tfr rev_id="4290161" t="стена"><v><l id="335683" t="стена"><g v="NOUN"></g><g v="inan"></g><g v="femn"></g><g v="sing"></g><g v="nomn"></g></l></v></tfr></token><token id="668540" text="."><tfr rev_id="1500633" t="."><v><l id="0" t="."><g v="PNCT"></g></l></v></tfr></token></tokens></sentence><sentence id="37398"><source>Не хочу ломать.</source><tokens><token id="668541" text="Не"><tfr rev_id="1500634" t="Не"><v><l id="178876" t="не"><g v="PRCL"></g></l></v></tfr></token><token id="668542" text="хочу"><tfr rev_id="1500635" t="хочу"><v><l id="371713" t="хочу"><g v="VERB"></g><g v="impf"></g><g v="tran"></g><g v="sing"></g><g v="1per"></g><g v="pres"></g><g v="indc"></g></l></v></tfr></token><token id="668543" text="ломать"><tfr rev_id="1500636" t="ломать"><v><l id="150746" t="ломать"><g v="INFN"></g><g v="impf"></g><g v="tran"></g></l></v></tfr></token><token id="668544" text="."><tfr rev_id="1500637" t="."><v><l id="0" t="."><g v="PNCT"></g></l></v></tfr></token></tokens></sentence></paragraph><paragraph id="12016"><sentence id="37399"><source>Хочется отапливать"холодную"часть пятистенка и второй этаж этой же печкой.</source><tokens><token id="668545" text="Хочется"><tfr rev_id="1500638" t="Хочется"><v><l id="371718" t="хотелось"><g v="VERB"></g><g v="impf"></g><g v="intr"></g><g v="Impe"></g><g v="sing"></g><g v="pres"></g><g v="indc"></g></l></v></tfr></token><token id="668546" text="отапливать"><tfr rev_id="1500639" t="отапливать"><v><l id="211693" t="отапливать"><g v="INFN"></g><g v="impf"></g><g v="tran"></g></l></v></tfr></token><token id="668547" text="&quot;"><tfr rev_id="1500640" t="&quot;"><v><l id="0" t="&quot;"><g v="PNCT"></g></l></v></tfr></token><token id="668548" text="холодную"><tfr rev_id="1500641" t="холодную"><v><l id="371377" t="холодный"><g v="ADJF"></g><g v="Qual"></g><g v="femn"></g><g v="sing"></g><g v="accs"></g></l></v></tfr></token><token id="668549" text="&quot;"><tfr rev_id="1500642" t="&quot;"><v><l id="0" t="&quot;"><g v="PNCT"></g></l></v></tfr></token><token id="668550" text="часть"><tfr rev_id="1500643" t="часть"><v><l id="374820" t="часть"><g v="NOUN"></g><g v="inan"></g><g v="femn"></g><g v="sing"></g><g v="nomn"></g></l></v><v><l id="374820" t="часть"><g v="NOUN"></g><g v="inan"></g><g v="femn"></g><g v="sing"></g><g v="accs"></g></l></v></tfr></token><token id="668551" text="пятистенка"><tfr rev_id="4290189" t="пятистенка"><v><l id="388873" t="пятистенок"><g v="NOUN"></g><g v="inan"></g><g v="masc"></g><g v="sing"></g><g v="gent"></g></l></v></tfr></token><token id="668552" text="и"><tfr rev_id="1500645" t="и"><v><l id="116949" t="и"><g v="CONJ"></g></l></v><v><l id="116950" t="и"><g v="INTJ"></g></l></v></tfr></token><token id="668553" text="второй"><tfr rev_id="4263341" t="второй"><v><l id="55043" t="второй"><g v="ADJF"></g><g v="Anum"></g><g v="masc"></g><g v="sing"></g><g v="nomn"></g></l></v><v><l id="55043" t="второй"><g v="ADJF"></g><g v="Anum"></g><g v="inan"></g><g v="masc"></g><g v="sing"></g><g v="accs"></g></l></v></tfr></token><token id="668554" text="этаж"><tfr rev_id="3300968" t="этаж"><v><l id="386395" t="этаж"><g v="NOUN"></g><g v="inan"></g><g v="masc"></g><g v="sing"></g><g v="accs"></g></l></v></tfr></token><token id="668555" text="этой"><tfr rev_id="4438037" t="этой"><v><l id="386581" t="этот"><g v="ADJF"></g><g v="Subx"></g><g v="Apro"></g><g v="Anph"></g><g v="femn"></g><g v="sing"></g><g v="ablt"></g></l></v></tfr></token><token id="668556" text="же"><tfr rev_id="1500649" t="же"><v><l id="96208" t="же"><g v="CONJ"></g></l></v><v><l id="96209" t="же"><g v="PRCL"></g></l></v></tfr></token><token id="668557" text="печкой"><tfr rev_id="1500650" t="печкой"><v><l id="238263" t="печка"><g v="NOUN"></g><g v="inan"></g><g v="femn"></g><g v="sing"></g><g v="ablt"></g></l></v></tfr></token><token id="668558" text="."><tfr rev_id="1500651" t="."><v><l id="0" t="."><g v="PNCT"></g></l></v></tfr></token></tokens></sentence><sentence id="37400"><source>Да, водяное охлаждение - решение, которое даст нужный результат.</source><tokens><token id="668559" text="Да"><tfr rev_id="1500652" t="Да"><v><l id="77569" t="да"><g v="CONJ"></g></l></v><v><l id="77570" t="да"><g v="PRCL"></g></l></v><v><l id="77571" t="да"><g v="INTJ"></g></l></v></tfr></token><token id="668560" text=","><tfr rev_id="1500653" t=","><v><l id="0" t=","><g v="PNCT"></g></l></v></tfr></token><token id="668561" text="водяное"><tfr rev_id="1500654" t="водяное"><v><l id="48533" t="водяной"><g v="ADJF"></g><g v="neut"></g><g v="sing"></g><g v="nomn"></g></l></v><v><l id="48533" t="водяной"><g v="ADJF"></g><g v="neut"></g><g v="sing"></g><g v="accs"></g></l></v></tfr></token><token id="668562" text="охлаждение"><tfr rev_id="3531600" t="охлаждение"><v><l id="221173" t="охлаждение"><g v="NOUN"></g><g v="inan"></g><g v="neut"></g><g v="sing"></g><g v="nomn"></g></l></v></tfr></token><token id="668563" text="-"><tfr rev_id="1500656" t="-"><v><l id="0" t="-"><g v="PNCT"></g></l></v></tfr></token><token id="668564" text="решение"><tfr rev_id="3465466" t="решение"><v><l id="307350" t="решение"><g v="NOUN"></g><g v="inan"></g><g v="neut"></g><g v="sing"></g><g v="nomn"></g></l></v></tfr></token><token id="668565" text=","><tfr rev_id="1500658" t=","><v><l id="0" t=","><g v="PNCT"></g></l></v></tfr></token><token id="668566" text="которое"><tfr rev_id="3880235" t="которое"><v><l id="141203" t="который"><g v="ADJF"></g><g v="Apro"></g><g v="Subx"></g><g v="Anph"></g><g v="neut"></g><g v="sing"></g><g v="nomn"></g></l></v></tfr></token><token id="668567" text="даст"><tfr rev_id="1500660" t="даст"><v><l id="78546" t="дал"><g v="VERB"></g><g v="perf"></g><g v="tran"></g><g v="sing"></g><g v="3per"></g><g v="futr"></g><g v="indc"></g></l></v></tfr></token><token id="668568" text="нужный"><tfr rev_id="1500661" t="нужный"><v><l id="192581" t="нужный"><g v="ADJF"></g><g v="Qual"></g><g v="masc"></g><g v="sing"></g><g v="nomn"></g></l></v><v><l id="192581" t="нужный"><g v="ADJF"></g><g v="Qual"></g><g v="inan"></g><g v="masc"></g><g v="sing"></g><g v="accs"></g></l></v></tfr></token><token id="668569" text="результат"><tfr rev_id="1500662" t="результат"><v><l id="305391" t="результат"><g v="NOUN"></g><g v="inan"></g><g v="masc"></g><g v="sing"></g><g v="nomn"></g></l></v><v><l id="305391" t="результат"><g v="NOUN"></g><g v="inan"></g><g v="masc"></g><g v="sing"></g><g v="accs"></g></l></v></tfr></token><token id="668570" text="."><tfr rev_id="1500663" t="."><v><l id="0" t="."><g v="PNCT"></g></l></v></tfr></token></tokens></sentence><sentence id="37401"><source>Но оно же означает много телодвижений во всех приездах-отъездах (ибо вода имеет нехорошее свойство замерзать ниже нуля).</source><tokens><token id="668571" text="Но"><tfr rev_id="3712220" t="Но"><v><l id="191429" t="но"><g v="CONJ"></g></l></v></tfr></token><token id="668572" text="оно"><tfr rev_id="3590792" t="оно"><v><l id="206649" t="оно"><g v="NPRO"></g><g v="neut"></g><g v="3per"></g><g v="Anph"></g><g v="sing"></g><g v="nomn"></g></l></v></tfr></token><token id="668573" text="же"><tfr rev_id="1500666" t="же"><v><l id="96208" t="же"><g v="CONJ"></g></l></v><v><l id="96209" t="же"><g v="PRCL"></g></l></v></tfr></token><token id="668574" text="означает"><tfr rev_id="1500667" t="означает"><v><l id="204299" t="означаю"><g v="VERB"></g><g v="impf"></g><g v="tran"></g><g v="sing"></g><g v="3per"></g><g v="pres"></g><g v="indc"></g></l></v></tfr></token><token id="668575" text="много"><tfr rev_id="4181084" t="много"><v><l id="389079" t="много"><g v="NUMR"></g><g v="nomn"></g></l></v><v><l id="389079" t="много"><g v="NUMR"></g><g v="accs"></g></l></v></tfr></token><token id="668576" text="телодвижений"><tfr rev_id="1500669" t="телодвижений"><v><l id="344410" t="телодвижение"><g v="NOUN"></g><g v="inan"></g><g v="neut"></g><g v="plur"></g><g v="gent"></g></l></v></tfr></token><token id="668577" text="во"><tfr rev_id="2920304" t="во"><v><l id="37409" t="в"><g v="PREP"></g><g v="Vpre"></g></l></v></tfr></token><token id="668578" text="всех"><tfr rev_id="4135860" t="всех"><v><l id="42156" t="весь"><g v="ADJF"></g><g v="Subx"></g><g v="Apro"></g><g v="plur"></g><g v="loct"></g></l></v></tfr></token><token id="668579" text="приездах"><tfr rev_id="1500672" t="приездах"><v><l id="270332" t="приезд"><g v="NOUN"></g><g v="inan"></g><g v="masc"></g><g v="plur"></g><g v="loct"></g></l></v></tfr></token><token id="668580" text="-"><tfr rev_id="1500673" t="-"><v><l id="0" t="-"><g v="PNCT"></g></l></v></tfr></token><token id="668581" text="отъездах"><tfr rev_id="1500674" t="отъездах"><v><l id="220681" t="отъезд"><g v="NOUN"></g><g v="inan"></g><g v="masc"></g><g v="plur"></g><g v="loct"></g></l></v></tfr></token><token id="668582" text="("><tfr rev_id="1500675" t="("><v><l id="0" t="("><g v="PNCT"></g></l></v></tfr></token><token id="668583" text="ибо"><tfr rev_id="1500676" t="ибо"><v><l id="116978" t="ибо"><g v="CONJ"></g></l></v></tfr></token><token id="668584" text="вода"><tfr rev_id="4159942" t="вода"><v><l id="48014" t="вода"><g v="NOUN"></g><g v="inan"></g><g v="femn"></g><g v="sing"></g><g v="nomn"></g></l></v></tfr></token><token id="668585" text="имеет"><tfr rev_id="1500678" t="имеет"><v><l id="121610" t="имею"><g v="VERB"></g><g v="impf"></g><g v="tran"></g><g v="sing"></g><g v="3per"></g><g v="pres"></g><g v="indc"></g></l></v></tfr></token><token id="668586" text="нехорошее"><tfr rev_id="1500679" t="нехорошее"><v><l id="189922" t="нехороший"><g v="ADJF"></g><g v="neut"></g><g v="sing"></g><g v="nomn"></g></l></v><v><l id="189922" t="нехороший"><g v="ADJF"></g><g v="neut"></g><g v="sing"></g><g v="accs"></g></l></v></tfr></token><token id="668587" text="свойство"><tfr rev_id="1500680" t="свойство"><v><l id="316394" t="свойство"><g v="NOUN"></g><g v="inan"></g><g v="neut"></g><g v="sing"></g><g v="nomn"></g></l></v><v><l id="316394" t="свойство"><g v="NOUN"></g><g v="inan"></g><g v="neut"></g><g v="sing"></g><g v="accs"></g></l></v></tfr></token><token id="668588" text="замерзать"><tfr rev_id="1500681" t="замерзать"><v><l id="105432" t="замерзать"><g v="INFN"></g><g v="impf"></g><g v="intr"></g></l></v></tfr></token><token id="668589" text="ниже"><tfr rev_id="1500682" t="ниже"><v><l id="190386" t="ниже"><g v="ADVB"></g></l></v><v><l id="190387" t="ниже"><g v="PREP"></g></l></v><v><l id="190388" t="ниже"><g v="CONJ"></g></l></v><v><l id="190666" t="ниже"><g v="COMP"></g><g v="Qual"></g></l></v></tfr></token><token id="668590" text="нуля"><tfr rev_id="1500683" t="нуля"><v><l id="192634" t="нуль"><g v="NOUN"></g><g v="inan"></g><g v="masc"></g><g v="sing"></g><g v="gent"></g></l></v></tfr></token><token id="668591" text=")"><tfr rev_id="1500684" t=")"><v><l id="0" t=")"><g v="PNCT"></g></l></v></tfr></token><token id="668592" text="."><tfr rev_id="1500685" t="."><v><l id="0" t="."><g v="PNCT"></g></l></v></tfr></token></tokens></sentence><sentence id="37402"><source>Опыт же общения с печками типа"Булерьян"убеждает в том, что теплообмен с воздухом за счёт конвекции весьма полезен (особенно для тёплого второго этажа), но скорее всего недостаточен.</source><tokens><token id="668593" text="Опыт"><tfr rev_id="1500686" t="Опыт"><v><l id="208575" t="опыт"><g v="NOUN"></g><g v="inan"></g><g v="masc"></g><g v="sing"></g><g v="nomn"></g></l></v><v><l id="208575" t="опыт"><g v="NOUN"></g><g v="inan"></g><g v="masc"></g><g v="sing"></g><g v="accs"></g></l></v></tfr></token><token id="668594" text="же"><tfr rev_id="1500687" t="же"><v><l id="96208" t="же"><g v="CONJ"></g></l></v><v><l id="96209" t="же"><g v="PRCL"></g></l></v></tfr></token><token id="668595" text="общения"><tfr rev_id="3444182" t="общения"><v><l id="201514" t="общение"><g v="NOUN"></g><g v="inan"></g><g v="neut"></g><g v="sing"></g><g v="gent"></g></l></v></tfr></token><token id="668596" text="с"><tfr rev_id="1500689" t="с"><v><l id="311151" t="с"><g v="PREP"></g></l></v></tfr></token><token id="668597" text="печками"><tfr rev_id="1500690" t="печками"><v><l id="238263" t="печка"><g v="NOUN"></g><g v="inan"></g><g v="femn"></g><g v="plur"></g><g v="ablt"></g></l></v></tfr></token><token id="668598" text="типа"><tfr rev_id="4447884" t="типа"><v><l id="346276" t="тип"><g v="NOUN"></g><g v="anim"></g><g v="masc"></g><g v="sing"></g><g v="accs"></g></l></v><v><l id="346276" t="тип"><g v="NOUN"></g><g v="anim"></g><g v="masc"></g><g v="sing"></g><g v="gent"></g></l></v><v><l id="346277" t="тип"><g v="NOUN"></g><g v="inan"></g><g v="masc"></g><g v="sing"></g><g v="gent"></g></l></v><v><l id="388470" t="типа"><g v="PREP"></g></l></v><v><l id="388663" t="типа"><g v="PRCL"></g></l></v></tfr></token><token id="668599" text="&quot;"><tfr rev_id="1500692" t="&quot;"><v><l id="0" t="&quot;"><g v="PNCT"></g></l></v></tfr></token><token id="668600" text="Булерьян"><tfr rev_id="1500693" t="Булерьян"><v><l id="0" t="булерьян"><g v="UNKN"></g></l></v></tfr></token><token id="668601" text="&quot;"><tfr rev_id="1500694" t="&quot;"><v><l id="0" t="&quot;"><g v="PNCT"></g></l></v></tfr></token><token id="668602" text="убеждает"><tfr rev_id="1500695" t="убеждает"><v><l id="352918" t="убеждаю"><g v="VERB"></g><g v="impf"></g><g v="tran"></g><g v="sing"></g><g v="3per"></g><g v="pres"></g><g v="indc"></g></l></v></tfr></token><token id="668603" text="в"><tfr rev_id="1500696" t="в"><v><l id="37409" t="в"><g v="PREP"></g></l></v></tfr></token><token id="668604" text="том"><tfr rev_id="4308480" t="том"><v><l id="348430" t="тот"><g v="ADJF"></g><g v="Subx"></g><g v="Apro"></g><g v="Anph"></g><g v="neut"></g><g v="sing"></g><g v="loct"></g></l></v></tfr></token><token id="668605" text=","><tfr rev_id="1500698" t=","><v><l id="0" t=","><g v="PNCT"></g></l></v></tfr></token><token id="668606" text="что"><tfr rev_id="3197478" t="что"><v><l id="377004" t="что"><g v="CONJ"></g></l></v><v><l id="377005" t="что"><g v="NPRO"></g><g v="neut"></g><g v="sing"></g><g v="nomn"></g></l></v><v><l id="377005" t="что"><g v="NPRO"></g><g v="neut"></g><g v="sing"></g><g v="accs"></g></l></v><v><l id="377006" t="что"><g v="ADVB"></g><g v="Ques"></g></l></v><v><l id="388695" t="что"><g v="PRCL"></g></l></v></tfr></token><token id="668607" text="теплообмен"><tfr rev_id="1500700" t="теплообмен"><v><l id="345005" t="теплообмен"><g v="NOUN"></g><g v="inan"></g><g v="masc"></g><g v="sing"></g><g v="nomn"></g></l></v><v><l id="345005" t="теплообмен"><g v="NOUN"></g><g v="inan"></g><g v="masc"></g><g v="sing"></g><g v="accs"></g></l></v></tfr></token><token id="668608" text="с"><tfr rev_id="1500701" t="с"><v><l id="311151" t="с"><g v="PREP"></g></l></v></tfr></token><token id="668609" text="воздухом"><tfr rev_id="1500702" t="воздухом"><v><l id="49093" t="воздух"><g v="NOUN"></g><g v="inan"></g><g v="masc"></g><g v="sing"></g><g v="ablt"></g></l></v></tfr></token><token id="668610" text="за"><tfr rev_id="1500703" t="за"><v><l id="98043" t="за"><g v="PREP"></g></l></v></tfr></token><token id="668611" text="счёт"><tfr rev_id="4099409" t="счёт"><v><l id="341128" t="счёт"><g v="NOUN"></g><g v="inan"></g><g v="masc"></g><g v="sing"></g><g v="accs"></g></l></v></tfr></token><token id="668612" text="конвекции"><tfr rev_id="3558177" t="конвекции"><v><l id="137546" t="конвекция"><g v="NOUN"></g><g v="inan"></g><g v="femn"></g><g v="sing"></g><g v="gent"></g></l></v></tfr></token><token id="668613" text="весьма"><tfr rev_id="1500706" t="весьма"><v><l id="42160" t="весьма"><g v="ADVB"></g></l></v></tfr></token><token id="668614" text="полезен"><tfr rev_id="1500707" t="полезен"><v><l id="255323" t="полезен"><g v="ADJS"></g><g v="Qual"></g><g v="masc"></g><g v="sing"></g></l></v></tfr></token><token id="668615" text="("><tfr rev_id="1500708" t="("><v><l id="0" t="("><g v="PNCT"></g></l></v></tfr></token><token id="668616" text="особенно"><tfr rev_id="3426606" t="особенно"><v><l id="210627" t="особенно"><g v="ADVB"></g></l></v><v><l id="210630" t="особен"><g v="ADJS"></g><g v="Qual"></g><g v="neut"></g><g v="sing"></g></l></v><v><l id="388746" t="особенно"><g v="PRCL"></g></l></v></tfr></token><token id="668617" text="для"><tfr rev_id="2707461" t="для"><v><l id="85032" t="для"><g v="PREP"></g></l></v></tfr></token><token id="668618" text="тёплого"><tfr rev_id="3470352" t="тёплого"><v><l id="341993" t="тёплый"><g v="ADJF"></g><g v="Qual"></g><g v="masc"></g><g v="sing"></g><g v="gent"></g></l></v><v><l id="341993" t="тёплый"><g v="ADJF"></g><g v="Qual"></g><g v="anim"></g><g v="masc"></g><g v="sing"></g><g v="accs"></g></l></v></tfr></token><token id="668619" text="второго"><tfr rev_id="4373729" t="второго"><v><l id="55043" t="второй"><g v="ADJF"></g><g v="Anum"></g><g v="masc"></g><g v="sing"></g><g v="gent"></g></l></v><v><l id="55043" t="второй"><g v="ADJF"></g><g v="Anum"></g><g v="anim"></g><g v="masc"></g><g v="sing"></g><g v="accs"></g></l></v></tfr></token><token id="668620" text="этажа"><tfr rev_id="1500713" t="этажа"><v><l id="386395" t="этаж"><g v="NOUN"></g><g v="inan"></g><g v="masc"></g><g v="sing"></g><g v="gent"></g></l></v></tfr></token><token id="668621" text=")"><tfr rev_id="1500714" t=")"><v><l id="0" t=")"><g v="PNCT"></g></l></v></tfr></token><token id="668622" text=","><tfr rev_id="1500715" t=","><v><l id="0" t=","><g v="PNCT"></g></l></v></tfr></token><token id="668623" text="но"><tfr rev_id="1500716" t="но"><v><l id="191429" t="но"><g v="CONJ"></g></l></v><v><l id="191430" t="но"><g v="INTJ"></g></l></v></tfr></token><token id="668624" text="скорее"><tfr rev_id="3423657" t="скорее"><v><l id="323379" t="скорее"><g v="COMP"></g><g v="Qual"></g></l></v><v><l id="388718" t="скорее"><g v="CONJ"></g><g v="Prnt"></g></l></v></tfr></token><token id="668625" text="всего"><tfr rev_id="4513801" t="всего"><v><l id="42156" t="весь"><g v="ADJF"></g><g v="Subx"></g><g v="Apro"></g><g v="neut"></g><g v="sing"></g><g v="gent"></g></l></v></tfr></token><token id="668626" text="недостаточен"><tfr rev_id="1500719" t="недостаточен"><v><l id="181683" t="недостаточен"><g v="ADJS"></g><g v="Qual"></g><g v="masc"></g><g v="sing"></g></l></v></tfr></token><token id="668627" text="."><tfr rev_id="1500720" t="."><v><l id="0" t="."><g v="PNCT"></g></l></v></tfr></token></tokens></sentence></paragraph><paragraph id="12017"><sentence id="37403"><source>Кроме того, хочется сравнительно быстро получить, разжигая печь, приемлемую температуру на полу, приехав в дом зимой.</source><tokens><token id="668628" text="Кроме"><tfr rev_id="1500721" t="Кроме"><v><l id="143259" t="кроме"><g v="PREP"></g></l></v></tfr></token><token id="668629" text="того"><tfr rev_id="4385015" t="того"><v><l id="348430" t="тот"><g v="ADJF"></g><g v="Subx"></g><g v="Apro"></g><g v="Anph"></g><g v="neut"></g><g v="sing"></g><g v="gent"></g></l></v></tfr></token><token id="668630" text=","><tfr rev_id="1500723" t=","><v><l id="0" t=","><g v="PNCT"></g></l></v></tfr></token><token id="668631" text="хочется"><tfr rev_id="1500724" t="хочется"><v><l id="371718" t="хотелось"><g v="VERB"></g><g v="impf"></g><g v="intr"></g><g v="Impe"></g><g v="sing"></g><g v="pres"></g><g v="indc"></g></l></v></tfr></token><token id="668632" text="сравнительно"><tfr rev_id="3709906" t="сравнительно"><v><l id="333326" t="сравнительно"><g v="ADVB"></g></l></v></tfr></token><token id="668633" text="быстро"><tfr rev_id="1500726" t="быстро"><v><l id="37073" t="быстро"><g v="ADVB"></g></l></v><v><l id="37234" t="быстр"><g v="ADJS"></g><g v="Qual"></g><g v="neut"></g><g v="sing"></g></l></v></tfr></token><token id="668634" text="получить"><tfr rev_id="1500727" t="получить"><v><l id="256960" t="получить"><g v="INFN"></g><g v="perf"></g><g v="tran"></g></l></v></tfr></token><token id="668635" text=","><tfr rev_id="1500728" t=","><v><l id="0" t=","><g v="PNCT"></g></l></v></tfr></token><token id="668636" text="разжигая"><tfr rev_id="1500729" t="разжигая"><v><l id="294053" t="разжигая"><g v="GRND"></g><g v="impf"></g><g v="tran"></g><g v="pres"></g></l></v></tfr></token><token id="668637" text="печь"><tfr rev_id="1712972" t="печь"><v><l id="238296" t="печь"><g v="NOUN"></g><g v="inan"></g><g v="femn"></g><g v="sing"></g><g v="nomn"></g></l></v><v><l id="238296" t="печь"><g v="NOUN"></g><g v="inan"></g><g v="femn"></g><g v="sing"></g><g v="accs"></g></l></v></tfr></token><token id="668638" text=","><tfr rev_id="1500731" t=","><v><l id="0" t=","><g v="PNCT"></g></l></v></tfr></token><token id="668639" text="приемлемую"><tfr rev_id="1500732" t="приемлемую"><v><l id="270345" t="приемлемый"><g v="ADJF"></g><g v="Qual"></g><g v="femn"></g><g v="sing"></g><g v="accs"></g></l></v></tfr></token><token id="668640" text="температуру"><tfr rev_id="1500733" t="температуру"><v><l id="344603" t="температура"><g v="NOUN"></g><g v="inan"></g><g v="femn"></g><g v="sing"></g><g v="accs"></g></l></v></tfr></token><token id="668641" text="на"><tfr rev_id="3341305" t="на"><v><l id="166264" t="на"><g v="PREP"></g></l></v></tfr></token><token id="668642" text="полу"><tfr rev_id="3871920" t="полу"><v><l id="255093" t="пол"><g v="NOUN"></g><g v="inan"></g><g v="masc"></g><g v="sing"></g><g v="loc2"></g></l></v></tfr></token><token id="668643" text=","><tfr rev_id="1500736" t=","><v><l id="0" t=","><g v="PNCT"></g></l></v></tfr></token><token id="668644" text="приехав"><tfr rev_id="1500737" t="приехав"><v><l id="270374" t="приехав"><g v="GRND"></g><g v="perf"></g><g v="intr"></g><g v="past"></g></l></v></tfr></token><token id="668645" text="в"><tfr rev_id="1500738" t="в"><v><l id="37409" t="в"><g v="PREP"></g></l></v></tfr></token><token id="668646" text="дом"><tfr rev_id="3552392" t="дом"><v><l id="88152" t="дом"><g v="NOUN"></g><g v="inan"></g><g v="masc"></g><g v="sing"></g><g v="accs"></g></l></v></tfr></token><token id="668647" text="зимой"><tfr rev_id="3801531" t="зимой"><v><l id="115448" t="зимой"><g v="ADVB"></g></l></v></tfr></token><token id="668648" text="."><tfr rev_id="1500741" t="."><v><l id="0" t="."><g v="PNCT"></g></l></v></tfr></token></tokens></sentence></paragraph><paragraph id="12018"><sentence id="37404"><source>Идея заключается в том, чтобы взять достаточно испытанную конструкцию печи, возможно с камином, скорее всего -"Шведку", и дополнить её активным воздушным теплообменником из трёх (или более) труб.</source><tokens><token id="668649" text="Идея"><tfr rev_id="1500742" t="Идея"><v><l id="117499" t="идея"><g v="NOUN"></g><g v="inan"></g><g v="femn"></g><g v="sing"></g><g v="nomn"></g></l></v></tfr></token><token id="668650" text="заключается"><tfr rev_id="1500743" t="заключается"><v><l id="103475" t="заключаюсь"><g v="VERB"></g><g v="impf"></g><g v="intr"></g><g v="sing"></g><g v="3per"></g><g v="pres"></g><g v="indc"></g></l></v></tfr></token><token id="668651" text="в"><tfr rev_id="1500744" t="в"><v><l id="37409" t="в"><g v="PREP"></g></l></v></tfr></token><token id="668652" text="том"><tfr rev_id="4379127" t="том"><v><l id="348430" t="тот"><g v="ADJF"></g><g v="Subx"></g><g v="Apro"></g><g v="Anph"></g><g v="neut"></g><g v="sing"></g><g v="loct"></g></l></v></tfr></token><token id="668653" text=","><tfr rev_id="1500746" t=","><v><l id="0" t=","><g v="PNCT"></g></l></v></tfr></token><token id="668654" text="чтобы"><tfr rev_id="1500747" t="чтобы"><v><l id="377013" t="чтобы"><g v="CONJ"></g></l></v><v><l id="377014" t="чтобы"><g v="PRCL"></g></l></v></tfr></token><token id="668655" text="взять"><tfr rev_id="1500748" t="взять"><v><l id="44305" t="взять"><g v="INFN"></g><g v="perf"></g><g v="tran"></g></l></v></tfr></token><token id="668656" text="достаточно"><tfr rev_id="1500749" t="достаточно"><v><l id="90477" t="достаточно"><g v="ADVB"></g><g v="Prdx"></g></l></v><v><l id="90480" t="достаточен"><g v="ADJS"></g><g v="Qual"></g><g v="neut"></g><g v="sing"></g></l></v></tfr></token><token id="668657" text="испытанную"><tfr rev_id="1500750" t="испытанную"><v><l id="125659" t="испытанный"><g v="ADJF"></g><g v="Qual"></g><g v="femn"></g><g v="sing"></g><g v="accs"></g></l></v><v><l id="125671" t="испытанный"><g v="PRTF"></g><g v="perf"></g><g v="tran"></g><g v="past"></g><g v="pssv"></g><g v="femn"></g><g v="sing"></g><g v="accs"></g></l></v></tfr></token><token id="668658" text="конструкцию"><tfr rev_id="1500751" t="конструкцию"><v><l id="138277" t="конструкция"><g v="NOUN"></g><g v="inan"></g><g v="femn"></g><g v="sing"></g><g v="accs"></g></l></v></tfr></token><token id="668659" text="печи"><tfr rev_id="4397750" t="печи"><v><l id="238296" t="печь"><g v="NOUN"></g><g v="inan"></g><g v="femn"></g><g v="sing"></g><g v="gent"></g></l></v></tfr></token><token id="668660" text=","><tfr rev_id="1500753" t=","><v><l id="0" t=","><g v="PNCT"></g></l></v></tfr></token><token id="668661" text="возможно"><tfr rev_id="1500754" t="возможно"><v><l id="49408" t="возможно"><g v="ADVB"></g><g v="Prdx"></g></l></v><v><l id="49409" t="возможно"><g v="CONJ"></g><g v="Prnt"></g></l></v><v><l id="49413" t="возможен"><g v="ADJS"></g><g v="Qual"></g><g v="neut"></g><g v="sing"></g></l></v></tfr></token><token id="668662" text="с"><tfr rev_id="1500755" t="с"><v><l id="311151" t="с"><g v="PREP"></g></l></v></tfr></token><token id="668663" text="камином"><tfr rev_id="1500756" t="камином"><v><l id="128998" t="камин"><g v="NOUN"></g><g v="inan"></g><g v="masc"></g><g v="sing"></g><g v="ablt"></g></l></v></tfr></token><token id="668664" text=","><tfr rev_id="1500757" t=","><v><l id="0" t=","><g v="PNCT"></g></l></v></tfr></token><token id="668665" text="скорее"><tfr rev_id="3423658" t="скорее"><v><l id="323379" t="скорее"><g v="COMP"></g><g v="Qual"></g></l></v><v><l id="388718" t="скорее"><g v="CONJ"></g><g v="Prnt"></g></l></v></tfr></token><token id="668666" text="всего"><tfr rev_id="4515578" t="всего"><v><l id="42156" t="весь"><g v="ADJF"></g><g v="Subx"></g><g v="Apro"></g><g v="neut"></g><g v="sing"></g><g v="gent"></g></l></v></tfr></token><token id="668667" text="-"><tfr rev_id="1500760" t="-"><v><l id="0" t="-"><g v="PNCT"></g></l></v></tfr></token><token id="668668" text="&quot;"><tfr rev_id="1500761" t="&quot;"><v><l id="0" t="&quot;"><g v="PNCT"></g></l></v></tfr></token><token id="668669" text="Шведку"><tfr rev_id="1500762" t="Шведку"><v><l id="378766" t="шведка"><g v="NOUN"></g><g v="anim"></g><g v="femn"></g><g v="sing"></g><g v="accs"></g></l></v></tfr></token><token id="668670" text="&quot;"><tfr rev_id="1500763" t="&quot;"><v><l id="0" t="&quot;"><g v="PNCT"></g></l></v></tfr></token><token id="668671" text=","><tfr rev_id="1500764" t=","><v><l id="0" t=","><g v="PNCT"></g></l></v></tfr></token><token id="668672" text="и"><tfr rev_id="1500765" t="и"><v><l id="116949" t="и"><g v="CONJ"></g></l></v><v><l id="116950" t="и"><g v="INTJ"></g></l></v></tfr></token><token id="668673" text="дополнить"><tfr rev_id="1500766" t="дополнить"><v><l id="89304" t="дополнить"><g v="INFN"></g><g v="perf"></g><g v="tran"></g></l></v></tfr></token><token id="668674" text="её"><tfr rev_id="4478782" t="её"><v><l id="206544" t="она"><g v="NPRO"></g><g v="femn"></g><g v="3per"></g><g v="Anph"></g><g v="sing"></g><g v="gent"></g></l></v><v><l id="206544" t="она"><g v="NPRO"></g><g v="femn"></g><g v="3per"></g><g v="Anph"></g><g v="sing"></g><g v="accs"></g></l></v></tfr></token><token id="668675" text="активным"><tfr rev_id="4462742" t="активным"><v><l id="7665" t="активный"><g v="ADJF"></g><g v="Qual"></g><g v="masc"></g><g v="sing"></g><g v="ablt"></g></l></v></tfr></token><token id="668676" text="воздушным"><tfr rev_id="4379115" t="воздушным"><v><l id="49213" t="воздушный"><g v="ADJF"></g><g v="Qual"></g><g v="masc"></g><g v="sing"></g><g v="ablt"></g></l></v></tfr></token><token id="668677" text="теплообменником"><tfr rev_id="1500770" t="теплообменником"><v><l id="345008" t="теплообменник"><g v="NOUN"></g><g v="inan"></g><g v="masc"></g><g v="sing"></g><g v="ablt"></g></l></v></tfr></token><token id="668678" text="из"><tfr rev_id="2560608" t="из"><v><l id="117677" t="из"><g v="PREP"></g></l></v></tfr></token><token id="668679" text="трёх"><tfr rev_id="2781550" t="трёх"><v><l id="349973" t="три"><g v="NUMR"></g><g v="gent"></g></l></v></tfr></token><token id="668680" text="("><tfr rev_id="1500773" t="("><v><l id="0" t="("><g v="PNCT"></g></l></v></tfr></token><token id="668681" text="или"><tfr rev_id="3787312" t="или"><v><l id="121146" t="или"><g v="CONJ"></g></l></v></tfr></token><token id="668682" text="более"><tfr rev_id="1500775" t="более"><v><l id="32065" t="более"><g v="ADVB"></g></l></v></tfr></token><token id="668683" text=")"><tfr rev_id="1500776" t=")"><v><l id="0" t=")"><g v="PNCT"></g></l></v></tfr></token><token id="668684" text="труб"><tfr rev_id="1500777" t="труб"><v><l id="350608" t="труба"><g v="NOUN"></g><g v="inan"></g><g v="femn"></g><g v="plur"></g><g v="gent"></g></l></v></tfr></token><token id="668685" text="."><tfr rev_id="1500778" t="."><v><l id="0" t="."><g v="PNCT"></g></l></v></tfr></token></tokens></sentence></paragraph><paragraph id="12019"><sentence id="37405"><source>Все три трубы - вертикальные, изогнуты внизу.</source><tokens><token id="668686" text="Все"><tfr rev_id="4538492" t="Все"><v><l id="42156" t="весь"><g v="ADJF"></g><g v="Subx"></g><g v="Apro"></g><g v="inan"></g><g v="plur"></g><g v="accs"></g></l></v><v><l id="42156" t="весь"><g v="ADJF"></g><g v="Subx"></g><g v="Apro"></g><g v="plur"></g><g v="nomn"></g></l></v></tfr></token><token id="668687" text="три"><tfr rev_id="2635468" t="три"><v><l id="349973" t="три"><g v="NUMR"></g><g v="nomn"></g></l></v><v><l id="349973" t="три"><g v="NUMR"></g><g v="inan"></g><g v="accs"></g></l></v></tfr></token><token id="668688" text="трубы"><tfr rev_id="3492495" t="трубы"><v><l id="350608" t="труба"><g v="NOUN"></g><g v="inan"></g><g v="femn"></g><g v="sing"></g><g v="gent"></g></l></v></tfr></token><token id="668689" text="-"><tfr rev_id="1500782" t="-"><v><l id="0" t="-"><g v="PNCT"></g></l></v></tfr></token><token id="668690" text="вертикальные"><tfr rev_id="3746848" t="вертикальные"><v><l id="41633" t="вертикальный"><g v="ADJF"></g><g v="Qual"></g><g v="plur"></g><g v="nomn"></g></l></v></tfr></token><token id="668691" text=","><tfr rev_id="1500784" t=","><v><l id="0" t=","><g v="PNCT"></g></l></v></tfr></token><token id="668692" text="изогнуты"><tfr rev_id="1500785" t="изогнуты"><v><l id="120211" t="изогнут"><g v="ADJS"></g><g v="Qual"></g><g v="plur"></g></l></v><v><l id="120217" t="изогнут"><g v="PRTS"></g><g v="perf"></g><g v="past"></g><g v="pssv"></g><g v="plur"></g></l></v></tfr></token><token id="668693" text="внизу"><tfr rev_id="4422314" t="внизу"><v><l id="47563" t="внизу"><g v="ADVB"></g></l></v></tfr></token><token id="668694" text="."><tfr rev_id="1500787" t="."><v><l id="0" t="."><g v="PNCT"></g></l></v></tfr></token></tokens></sentence><sentence id="37406"><source>В каждой есть вентилятор.</source><tokens><token id="668695" text="В"><tfr rev_id="1500788" t="В"><v><l id="37409" t="в"><g v="PREP"></g></l></v></tfr></token><token id="668696" text="каждой"><tfr rev_id="4430452" t="каждой"><v><l id="127875" t="каждый"><g v="ADJF"></g><g v="Subx"></g><g v="Apro"></g><g v="femn"></g><g v="sing"></g><g v="loct"></g></l></v></tfr></token><token id="668697" text="есть"><tfr rev_id="4394634" t="есть"><v><l id="37265" t="есть"><g v="VERB"></g><g v="impf"></g><g v="intr"></g><g v="sing"></g><g v="3per"></g><g v="pres"></g><g v="indc"></g></l></v><v><l id="37265" t="есть"><g v="VERB"></g><g v="impf"></g><g v="intr"></g><g v="plur"></g><g v="3per"></g><g v="pres"></g><g v="indc"></g></l></v></tfr></token><token id="668698" text="вентилятор"><tfr rev_id="1500791" t="вентилятор"><v><l id="41050" t="вентилятор"><g v="NOUN"></g><g v="inan"></g><g v="masc"></g><g v="sing"></g><g v="nomn"></g></l></v><v><l id="41050" t="вентилятор"><g v="NOUN"></g><g v="inan"></g><g v="masc"></g><g v="sing"></g><g v="accs"></g></l></v></tfr></token><token id="668699" text="."><tfr rev_id="1500792" t="."><v><l id="0" t="."><g v="PNCT"></g></l></v></tfr></token></tokens></sentence><sentence id="37407"><source>Питание вентиляторов осуществляется от термопар, сидящих на самой печке.</source><tokens><token id="668700" text="Питание"><tfr rev_id="4240494" t="Питание"><v><l id="239206" t="питание"><g v="NOUN"></g><g v="inan"></g><g v="neut"></g><g v="sing"></g><g v="nomn"></g></l></v></tfr></token><token id="668701" text="вентиляторов"><tfr rev_id="1500794" t="вентиляторов"><v><l id="41050" t="вентилятор"><g v="NOUN"></g><g v="inan"></g><g v="masc"></g><g v="plur"></g><g v="gent"></g></l></v></tfr></token><token id="668702" text="осуществляется"><tfr rev_id="1500795" t="осуществляется"><v><l id="211546" t="осуществляюсь"><g v="VERB"></g><g v="impf"></g><g v="intr"></g><g v="sing"></g><g v="3per"></g><g v="pres"></g><g v="indc"></g></l></v></tfr></token><token id="668703" text="от"><tfr rev_id="1500796" t="от"><v><l id="211644" t="от"><g v="PREP"></g></l></v></tfr></token><token id="668704" text="термопар"><tfr rev_id="1500797" t="термопар"><v><l id="345392" t="термопара"><g v="NOUN"></g><g v="inan"></g><g v="femn"></g><g v="plur"></g><g v="gent"></g></l></v></tfr></token><token id="668705" text=","><tfr rev_id="1500798" t=","><v><l id="0" t=","><g v="PNCT"></g></l></v></tfr></token><token id="668706" text="сидящих"><tfr rev_id="3417812" t="сидящих"><v><l id="320225" t="сидящий"><g v="PRTF"></g><g v="impf"></g><g v="intr"></g><g v="pres"></g><g v="actv"></g><g v="plur"></g><g v="gent"></g></l></v></tfr></token><token id="668707" text="на"><tfr rev_id="3338351" t="на"><v><l id="166264" t="на"><g v="PREP"></g></l></v></tfr></token><token id="668708" text="самой"><tfr rev_id="4166137" t="самой"><v><l id="312034" t="сам"><g v="ADJF"></g><g v="Apro"></g><g v="femn"></g><g v="sing"></g><g v="loct"></g></l></v><v><l id="313174" t="самый"><g v="ADJF"></g><g v="Apro"></g><g v="femn"></g><g v="sing"></g><g v="loct"></g></l></v></tfr></token><token id="668709" text="печке"><tfr rev_id="2737499" t="печке"><v><l id="238263" t="печка"><g v="NOUN"></g><g v="inan"></g><g v="femn"></g><g v="sing"></g><g v="loct"></g></l></v></tfr></token><token id="668710" text="."><tfr rev_id="1500803" t="."><v><l id="0" t="."><g v="PNCT"></g></l></v></tfr></token></tokens></sentence><sentence id="37408"><source>Если температура печи близка температуре окружающего её воздуха - вентиляторы стоят.</source><tokens><token id="668711" text="Если"><tfr rev_id="1500804" t="Если"><v><l id="95365" t="если"><g v="CONJ"></g></l></v></tfr></token><token id="668712" text="температура"><tfr rev_id="1500805" t="температура"><v><l id="344603" t="температура"><g v="NOUN"></g><g v="inan"></g><g v="femn"></g><g v="sing"></g><g v="nomn"></g></l></v></tfr></token><token id="668713" text="печи"><tfr rev_id="4392953" t="печи"><v><l id="238296" t="печь"><g v="NOUN"></g><g v="inan"></g><g v="femn"></g><g v="sing"></g><g v="gent"></g></l></v></tfr></token><token id="668714" text="близка"><tfr rev_id="1500807" t="близка"><v><l id="30858" t="близок"><g v="ADJS"></g><g v="Qual"></g><g v="femn"></g><g v="sing"></g></l></v></tfr></token><token id="668715" text="температуре"><tfr rev_id="3447445" t="температуре"><v><l id="344603" t="температура"><g v="NOUN"></g><g v="inan"></g><g v="femn"></g><g v="sing"></g><g v="datv"></g></l></v></tfr></token><token id="668716" text="окружающего"><tfr rev_id="4577047" t="окружающего"><v><l id="205521" t="окружающий"><g v="PRTF"></g><g v="impf"></g><g v="tran"></g><g v="pres"></g><g v="actv"></g><g v="masc"></g><g v="sing"></g><g v="gent"></g></l></v><v><l id="205521" t="окружающий"><g v="PRTF"></g><g v="impf"></g><g v="tran"></g><g v="pres"></g><g v="actv"></g><g v="anim"></g><g v="masc"></g><g v="sing"></g><g v="accs"></g></l></v><v><l id="205521" t="окружающий"><g v="PRTF"></g><g v="impf"></g><g v="tran"></g><g v="pres"></g><g v="actv"></g><g v="neut"></g><g v="sing"></g><g v="gent"></g></l></v></tfr></token><token id="668717" text="её"><tfr rev_id="4572203" t="её"><v><l id="206544" t="она"><g v="NPRO"></g><g v="femn"></g><g v="3per"></g><g v="Anph"></g><g v="sing"></g><g v="gent"></g></l></v><v><l id="206544" t="она"><g v="NPRO"></g><g v="femn"></g><g v="3per"></g><g v="Anph"></g><g v="sing"></g><g v="accs"></g></l></v></tfr></token><token id="668718" text="воздуха"><tfr rev_id="1500811" t="воздуха"><v><l id="49093" t="воздух"><g v="NOUN"></g><g v="inan"></g><g v="masc"></g><g v="sing"></g><g v="gen1"></g></l></v></tfr></token><token id="668719" text="-"><tfr rev_id="1500812" t="-"><v><l id="0" t="-"><g v="PNCT"></g></l></v></tfr></token><token id="668720" text="вентиляторы"><tfr rev_id="3752156" t="вентиляторы"><v><l id="41050" t="вентилятор"><g v="NOUN"></g><g v="inan"></g><g v="masc"></g><g v="plur"></g><g v="nomn"></g></l></v></tfr></token><token id="668721" text="стоят"><tfr rev_id="1500814" t="стоят"><v><l id="336464" t="стою"><g v="VERB"></g><g v="impf"></g><g v="tran"></g><g v="plur"></g><g v="3per"></g><g v="pres"></g><g v="indc"></g></l></v><v><l id="336980" t="стою"><g v="VERB"></g><g v="impf"></g><g v="intr"></g><g v="plur"></g><g v="3per"></g><g v="pres"></g><g v="indc"></g></l></v></tfr></token><token id="668722" text="."><tfr rev_id="1500815" t="."><v><l id="0" t="."><g v="PNCT"></g></l></v></tfr></token></tokens></sentence></paragraph><paragraph id="12020"><sentence id="37409"><source>Если печь топится и прогрелась достаточно - вентиляторы крутятся и гонят воздух по трубам:</source><tokens><token id="668723" text="Если"><tfr rev_id="1500816" t="Если"><v><l id="95365" t="если"><g v="CONJ"></g></l></v></tfr></token><token id="668724" text="печь"><tfr rev_id="1712973" t="печь"><v><l id="238296" t="печь"><g v="NOUN"></g><g v="inan"></g><g v="femn"></g><g v="sing"></g><g v="nomn"></g></l></v><v><l id="238296" t="печь"><g v="NOUN"></g><g v="inan"></g><g v="femn"></g><g v="sing"></g><g v="accs"></g></l></v></tfr></token><token id="668725" text="топится"><tfr rev_id="1500818" t="топится"><v><l id="347824" t="топлюсь"><g v="VERB"></g><g v="impf"></g><g v="intr"></g><g v="sing"></g><g v="3per"></g><g v="pres"></g><g v="indc"></g></l></v></tfr></token><token id="668726" text="и"><tfr rev_id="3471157" t="и"><v><l id="116949" t="и"><g v="CONJ"></g></l></v></tfr></token><token id="668727" text="прогрелась"><tfr rev_id="1500820" t="прогрелась"><v><l id="278792" t="прогрелся"><g v="VERB"></g><g v="perf"></g><g v="intr"></g><g v="femn"></g><g v="sing"></g><g v="past"></g><g v="indc"></g></l></v></tfr></token><token id="668728" text="достаточно"><tfr rev_id="4139221" t="достаточно"><v><l id="90477" t="достаточно"><g v="ADVB"></g><g v="Prdx"></g></l></v><v><l id="90480" t="достаточен"><g v="ADJS"></g><g v="Qual"></g><g v="neut"></g><g v="sing"></g></l></v><v><l id="390153" t="достаточно"><g v="NUMR"></g><g v="accs"></g></l></v><v><l id="390153" t="достаточно"><g v="NUMR"></g><g v="nomn"></g></l></v></tfr></token><token id="668729" text="-"><tfr rev_id="1500822" t="-"><v><l id="0" t="-"><g v="PNCT"></g></l></v></tfr></token><token id="668730" text="вентиляторы"><tfr rev_id="3751268" t="вентиляторы"><v><l id="41050" t="вентилятор"><g v="NOUN"></g><g v="inan"></g><g v="masc"></g><g v="plur"></g><g v="nomn"></g></l></v></tfr></token><token id="668731" text="крутятся"><tfr rev_id="1500824" t="крутятся"><v><l id="143822" t="кручусь"><g v="VERB"></g><g v="impf"></g><g v="intr"></g><g v="plur"></g><g v="3per"></g><g v="pres"></g><g v="indc"></g></l></v></tfr></token><token id="668732" text="и"><tfr rev_id="3542364" t="и"><v><l id="116949" t="и"><g v="CONJ"></g></l></v></tfr></token><token id="668733" text="гонят"><tfr rev_id="1500826" t="гонят"><v><l id="71714" t="гоню"><g v="VERB"></g><g v="impf"></g><g v="tran"></g><g v="plur"></g><g v="3per"></g><g v="pres"></g><g v="indc"></g></l></v></tfr></token><token id="668734" text="воздух"><tfr rev_id="3486340" t="воздух"><v><l id="49093" t="воздух"><g v="NOUN"></g><g v="inan"></g><g v="masc"></g><g v="sing"></g><g v="accs"></g></l></v></tfr></token><token id="668735" text="по"><tfr rev_id="1500828" t="по"><v><l id="241240" t="по"><g v="PREP"></g></l></v></tfr></token><token id="668736" text="трубам"><tfr rev_id="1500829" t="трубам"><v><l id="350608" t="труба"><g v="NOUN"></g><g v="inan"></g><g v="femn"></g><g v="plur"></g><g v="datv"></g></l></v></tfr></token><token id="668737" text=":"><tfr rev_id="1500830" t=":"><v><l id="0" t=":"><g v="PNCT"></g></l></v></tfr></token></tokens></sentence></paragraph><paragraph id="12021"><sentence id="37410"><source>1.	Отверстие у самого пола.</source><tokens><token id="668738" text="1"><tfr rev_id="2462510" t="1"><v><l id="0" t="1"><g v="NUMB"></g></l></v></tfr></token><token id="668739" text="."><tfr rev_id="1500832" t="."><v><l id="0" t="."><g v="PNCT"></g></l></v></tfr></token><token id="668740" text="Отверстие"><tfr rev_id="1500833" t="Отверстие"><v><l id="212358" t="отверстие"><g v="NOUN"></g><g v="inan"></g><g v="neut"></g><g v="sing"></g><g v="nomn"></g></l></v><v><l id="212358" t="отверстие"><g v="NOUN"></g><g v="inan"></g><g v="neut"></g><g v="sing"></g><g v="accs"></g></l></v></tfr></token><token id="668741" text="у"><tfr rev_id="3230829" t="у"><v><l id="352818" t="у"><g v="PREP"></g></l></v></tfr></token><token id="668742" text="самого"><tfr rev_id="3823826" t="самого"><v><l id="312034" t="сам"><g v="ADJF"></g><g v="Apro"></g><g v="masc"></g><g v="sing"></g><g v="gent"></g></l></v><v><l id="312034" t="сам"><g v="ADJF"></g><g v="Apro"></g><g v="anim"></g><g v="masc"></g><g v="sing"></g><g v="accs"></g></l></v><v><l id="313174" t="самый"><g v="ADJF"></g><g v="Apro"></g><g v="masc"></g><g v="sing"></g><g v="gent"></g></l></v><v><l id="313174" t="самый"><g v="ADJF"></g><g v="Apro"></g><g v="anim"></g><g v="masc"></g><g v="sing"></g><g v="accs"></g></l></v></tfr></token><token id="668743" text="пола"><tfr rev_id="4374975" t="пола"><v><l id="255093" t="пол"><g v="NOUN"></g><g v="inan"></g><g v="masc"></g><g v="sing"></g><g v="gen1"></g></l></v></tfr></token><token id="668744" text="."><tfr rev_id="1500837" t="."><v><l id="0" t="."><g v="PNCT"></g></l></v></tfr></token></tokens></sentence><sentence id="37411"><source>Нагретый воздух выходит в самом низу печи из поворота трубы и направляется в ту часть комнаты, где надо добиться существенно лучшего обогрева.</source><tokens><token id="668745" text="Нагретый"><tfr rev_id="1500838" t="Нагретый"><v><l id="168171" t="нагретый"><g v="PRTF"></g><g v="perf"></g><g v="tran"></g><g v="past"></g><g v="pssv"></g><g v="masc"></g><g v="sing"></g><g v="nomn"></g></l></v><v><l id="168171" t="нагретый"><g v="PRTF"></g><g v="perf"></g><g v="tran"></g><g v="past"></g><g v="pssv"></g><g v="inan"></g><g v="masc"></g><g v="sing"></g><g v="accs"></g></l></v></tfr></token><token id="668746" text="воздух"><tfr rev_id="4211226" t="воздух"><v><l id="49093" t="воздух"><g v="NOUN"></g><g v="inan"></g><g v="masc"></g><g v="sing"></g><g v="nomn"></g></l></v></tfr></token><token id="668747" text="выходит"><tfr rev_id="2703882" t="выходит"><v><l id="63962" t="выхожу"><g v="VERB"></g><g v="impf"></g><g v="intr"></g><g v="sing"></g><g v="3per"></g><g v="pres"></g><g v="indc"></g></l></v></tfr></token><token id="668748" text="в"><tfr rev_id="1500841" t="в"><v><l id="37409" t="в"><g v="PREP"></g></l></v></tfr></token><token id="668749" text="самом"><tfr rev_id="3453941" t="самом"><v><l id="312034" t="сам"><g v="ADJF"></g><g v="Apro"></g><g v="masc"></g><g v="sing"></g><g v="loct"></g></l></v><v><l id="313174" t="самый"><g v="ADJF"></g><g v="Apro"></g><g v="masc"></g><g v="sing"></g><g v="loct"></g></l></v></tfr></token><token id="668750" text="низу"><tfr rev_id="2827553" t="низу"><v><l id="190564" t="низ"><g v="NOUN"></g><g v="inan"></g><g v="masc"></g><g v="sing"></g><g v="loc2"></g></l></v></tfr></token><token id="668751" text="печи"><tfr rev_id="4470206" t="печи"><v><l id="238296" t="печь"><g v="NOUN"></g><g v="inan"></g><g v="femn"></g><g v="sing"></g><g v="gent"></g></l></v></tfr></token><token id="668752" text="из"><tfr rev_id="2603675" t="из"><v><l id="117677" t="из"><g v="PREP"></g></l></v></tfr></token><token id="668753" text="поворота"><tfr rev_id="1500846" t="поворота"><v><l id="242676" t="поворот"><g v="NOUN"></g><g v="inan"></g><g v="masc"></g><g v="sing"></g><g v="gent"></g></l></v></tfr></token><token id="668754" text="трубы"><tfr rev_id="3446171" t="трубы"><v><l id="350608" t="труба"><g v="NOUN"></g><g v="inan"></g><g v="femn"></g><g v="sing"></g><g v="gent"></g></l></v></tfr></token><token id="668755" text="и"><tfr rev_id="3533104" t="и"><v><l id="116949" t="и"><g v="CONJ"></g></l></v></tfr></token><token id="668756" text="направляется"><tfr rev_id="1500849" t="направляется"><v><l id="173973" t="направляюсь"><g v="VERB"></g><g v="impf"></g><g v="intr"></g><g v="sing"></g><g v="3per"></g><g v="pres"></g><g v="indc"></g></l></v></tfr></token><token id="668757" text="в"><tfr rev_id="1500850" t="в"><v><l id="37409" t="в"><g v="PREP"></g></l></v></tfr></token><token id="668758" text="ту"><tfr rev_id="3776020" t="ту"><v><l id="348430" t="тот"><g v="ADJF"></g><g v="Subx"></g><g v="Apro"></g><g v="Anph"></g><g v="femn"></g><g v="sing"></g><g v="accs"></g></l></v></tfr></token><token id="668759" text="часть"><tfr rev_id="4107326" t="часть"><v><l id="374820" t="часть"><g v="NOUN"></g><g v="inan"></g><g v="femn"></g><g v="sing"></g><g v="accs"></g></l></v></tfr></token><token id="668760" text="комнаты"><tfr rev_id="3124727" t="комнаты"><v><l id="137100" t="комната"><g v="NOUN"></g><g v="inan"></g><g v="femn"></g><g v="sing"></g><g v="gent"></g></l></v></tfr></token><token id="668761" text=","><tfr rev_id="1500854" t=","><v><l id="0" t=","><g v="PNCT"></g></l></v></tfr></token><token id="668762" text="где"><tfr rev_id="2636504" t="где"><v><l id="67984" t="где"><g v="ADVB"></g><g v="Ques"></g></l></v><v><l id="388669" t="где"><g v="CONJ"></g></l></v></tfr></token><token id="668763" text="надо"><tfr rev_id="4320040" t="надо"><v><l id="169144" t="надо"><g v="PRED"></g><g v="pres"></g></l></v></tfr></token><token id="668764" text="добиться"><tfr rev_id="1500857" t="добиться"><v><l id="85269" t="добиться"><g v="INFN"></g><g v="perf"></g><g v="intr"></g></l></v></tfr></token><token id="668765" text="существенно"><tfr rev_id="1500858" t="существенно"><v><l id="340472" t="существенно"><g v="ADVB"></g></l></v><v><l id="340477" t="существен"><g v="ADJS"></g><g v="Qual"></g><g v="neut"></g><g v="sing"></g></l></v></tfr></token><token id="668766" text="лучшего"><tfr rev_id="4205668" t="лучшего"><v><l id="371672" t="лучший"><g v="ADJF"></g><g v="Supr"></g><g v="Qual"></g><g v="masc"></g><g v="sing"></g><g v="gent"></g></l></v><v><l id="371672" t="лучший"><g v="ADJF"></g><g v="Supr"></g><g v="Qual"></g><g v="anim"></g><g v="masc"></g><g v="sing"></g><g v="accs"></g></l></v></tfr></token><token id="668767" text="обогрева"><tfr rev_id="1500860" t="обогрева"><v><l id="198087" t="обогрев"><g v="NOUN"></g><g v="inan"></g><g v="masc"></g><g v="sing"></g><g v="gent"></g></l></v></tfr></token><token id="668768" text="."><tfr rev_id="1500861" t="."><v><l id="0" t="."><g v="PNCT"></g></l></v></tfr></token></tokens></sentence></paragraph><paragraph id="12022"><sentence id="37412"><source>2.	Труба в соседнюю комнату, опять же у самого пола.</source><tokens><token id="668769" text="2"><tfr rev_id="2462511" t="2"><v><l id="0" t="2"><g v="NUMB"></g></l></v></tfr></token><token id="668770" text="."><tfr rev_id="1500863" t="."><v><l id="0" t="."><g v="PNCT"></g></l></v></tfr></token><token id="668771" text="Труба"><tfr rev_id="1500864" t="Труба"><v><l id="350608" t="труба"><g v="NOUN"></g><g v="inan"></g><g v="femn"></g><g v="sing"></g><g v="nomn"></g></l></v></tfr></token><token id="668772" text="в"><tfr rev_id="1500865" t="в"><v><l id="37409" t="в"><g v="PREP"></g></l></v></tfr></token><token id="668773" text="соседнюю"><tfr rev_id="1500866" t="соседнюю"><v><l id="330239" t="соседний"><g v="ADJF"></g><g v="femn"></g><g v="sing"></g><g v="accs"></g></l></v></tfr></token><token id="668774" text="комнату"><tfr rev_id="1500867" t="комнату"><v><l id="137100" t="комната"><g v="NOUN"></g><g v="inan"></g><g v="femn"></g><g v="sing"></g><g v="accs"></g></l></v></tfr></token><token id="668775" text=","><tfr rev_id="1500868" t=","><v><l id="0" t=","><g v="PNCT"></g></l></v></tfr></token><token id="668776" text="опять"><tfr rev_id="1500869" t="опять"><v><l id="208612" t="опять"><g v="ADVB"></g></l></v></tfr></token><token id="668777" text="же"><tfr rev_id="1500870" t="же"><v><l id="96208" t="же"><g v="CONJ"></g></l></v><v><l id="96209" t="же"><g v="PRCL"></g></l></v></tfr></token><token id="668778" text="у"><tfr rev_id="3326351" t="у"><v><l id="352818" t="у"><g v="PREP"></g></l></v></tfr></token><token id="668779" text="самого"><tfr rev_id="3468395" t="самого"><v><l id="312034" t="сам"><g v="ADJF"></g><g v="Apro"></g><g v="masc"></g><g v="sing"></g><g v="gent"></g></l></v><v><l id="312034" t="сам"><g v="ADJF"></g><g v="Apro"></g><g v="anim"></g><g v="masc"></g><g v="sing"></g><g v="accs"></g></l></v><v><l id="313174" t="самый"><g v="ADJF"></g><g v="Apro"></g><g v="masc"></g><g v="sing"></g><g v="gent"></g></l></v><v><l id="313174" t="самый"><g v="ADJF"></g><g v="Apro"></g><g v="anim"></g><g v="masc"></g><g v="sing"></g><g v="accs"></g></l></v></tfr></token><token id="668780" text="пола"><tfr rev_id="4411154" t="пола"><v><l id="255093" t="пол"><g v="NOUN"></g><g v="inan"></g><g v="masc"></g><g v="sing"></g><g v="gen1"></g></l></v></tfr></token><token id="668781" text="."><tfr rev_id="1500874" t="."><v><l id="0" t="."><g v="PNCT"></g></l></v></tfr></token></tokens></sentence><sentence id="37413"><source>Это одна дырка, а не вынос большей части стены.</source><tokens><token id="668782" text="Это"><tfr rev_id="4441771" t="Это"><v><l id="386574" t="это"><g v="PRCL"></g></l></v><v><l id="386575" t="это"><g v="NPRO"></g><g v="neut"></g><g v="sing"></g><g v="nomn"></g></l></v><v><l id="386575" t="это"><g v="NPRO"></g><g v="neut"></g><g v="sing"></g><g v="accs"></g></l></v><v><l id="386581" t="этот"><g v="ADJF"></g><g v="Subx"></g><g v="Apro"></g><g v="Anph"></g><g v="neut"></g><g v="sing"></g><g v="nomn"></g></l></v><v><l id="386581" t="этот"><g v="ADJF"></g><g v="Subx"></g><g v="Apro"></g><g v="Anph"></g><g v="neut"></g><g v="sing"></g><g v="accs"></g></l></v></tfr></token><token id="668783" text="одна"><tfr rev_id="4301878" t="одна"><v><l id="203319" t="один"><g v="ADJF"></g><g v="Apro"></g><g v="Anum"></g><g v="femn"></g><g v="sing"></g><g v="nomn"></g></l></v></tfr></token><token id="668784" text="дырка"><tfr rev_id="1500877" t="дырка"><v><l id="93544" t="дырка"><g v="NOUN"></g><g v="inan"></g><g v="femn"></g><g v="sing"></g><g v="nomn"></g></l></v></tfr></token><token id="668785" text=","><tfr rev_id="1500878" t=","><v><l id="0" t=","><g v="PNCT"></g></l></v></tfr></token><token id="668786" text="а"><tfr rev_id="3539651" t="а"><v><l id="51" t="а"><g v="CONJ"></g></l></v></tfr></token><token id="668787" text="не"><tfr rev_id="1500880" t="не"><v><l id="178876" t="не"><g v="PRCL"></g></l></v></tfr></token><token id="668788" text="вынос"><tfr rev_id="1500881" t="вынос"><v><l id="59919" t="вынос"><g v="NOUN"></g><g v="inan"></g><g v="masc"></g><g v="sing"></g><g v="nomn"></g></l></v><v><l id="59919" t="вынос"><g v="NOUN"></g><g v="inan"></g><g v="masc"></g><g v="sing"></g><g v="accs"></g></l></v></tfr></token><token id="668789" text="большей"><tfr rev_id="4534338" t="большей"><v><l id="32439" t="больший"><g v="ADJF"></g><g v="Qual"></g><g v="femn"></g><g v="sing"></g><g v="gent"></g></l></v></tfr></token><token id="668790" text="части"><tfr rev_id="4345706" t="части"><v><l id="374820" t="часть"><g v="NOUN"></g><g v="inan"></g><g v="femn"></g><g v="sing"></g><g v="gent"></g></l></v></tfr></token><token id="668791" text="стены"><tfr rev_id="2963793" t="стены"><v><l id="335683" t="стена"><g v="NOUN"></g><g v="inan"></g><g v="femn"></g><g v="sing"></g><g v="gent"></g></l></v></tfr></token><token id="668792" text="."><tfr rev_id="1500885" t="."><v><l id="0" t="."><g v="PNCT"></g></l></v></tfr></token></tokens></sentence></paragraph><paragraph id="12023"><sentence id="37414"><source>3.	Труба на второй этаж - в этом случае вентилятор дует снизу вверх, и в нём может не быть необходимости вообще, благодаря конвекции.</source><tokens><token id="668793" text="3"><tfr rev_id="2462512" t="3"><v><l id="0" t="3"><g v="NUMB"></g></l></v></tfr></token><token id="668794" text="."><tfr rev_id="1500887" t="."><v><l id="0" t="."><g v="PNCT"></g></l></v></tfr></token><token id="668795" text="Труба"><tfr rev_id="1500888" t="Труба"><v><l id="350608" t="труба"><g v="NOUN"></g><g v="inan"></g><g v="femn"></g><g v="sing"></g><g v="nomn"></g></l></v></tfr></token><token id="668796" text="на"><tfr rev_id="3345176" t="на"><v><l id="166264" t="на"><g v="PREP"></g></l></v></tfr></token><token id="668797" text="второй"><tfr rev_id="4263311" t="второй"><v><l id="55043" t="второй"><g v="ADJF"></g><g v="Anum"></g><g v="masc"></g><g v="sing"></g><g v="nomn"></g></l></v><v><l id="55043" t="второй"><g v="ADJF"></g><g v="Anum"></g><g v="inan"></g><g v="masc"></g><g v="sing"></g><g v="accs"></g></l></v></tfr></token><token id="668798" text="этаж"><tfr rev_id="4364155" t="этаж"><v><l id="386395" t="этаж"><g v="NOUN"></g><g v="inan"></g><g v="masc"></g><g v="sing"></g><g v="accs"></g></l></v></tfr></token><token id="668799" text="-"><tfr rev_id="1500892" t="-"><v><l id="0" t="-"><g v="PNCT"></g></l></v></tfr></token><token id="668800" text="в"><tfr rev_id="1500893" t="в"><v><l id="37409" t="в"><g v="PREP"></g></l></v></tfr></token><token id="668801" text="этом"><tfr rev_id="4487140" t="этом"><v><l id="386581" t="этот"><g v="ADJF"></g><g v="Subx"></g><g v="Apro"></g><g v="Anph"></g><g v="masc"></g><g v="sing"></g><g v="loct"></g></l></v></tfr></token><token id="668802" text="случае"><tfr rev_id="1500895" t="случае"><v><l id="325472" t="случай"><g v="NOUN"></g><g v="inan"></g><g v="masc"></g><g v="sing"></g><g v="loct"></g></l></v></tfr></token><token id="668803" text="вентилятор"><tfr rev_id="4214179" t="вентилятор"><v><l id="41050" t="вентилятор"><g v="NOUN"></g><g v="inan"></g><g v="masc"></g><g v="sing"></g><g v="nomn"></g></l></v></tfr></token><token id="668804" text="дует"><tfr rev_id="1500897" t="дует"><v><l id="93271" t="дую"><g v="VERB"></g><g v="impf"></g><g v="tran"></g><g v="sing"></g><g v="3per"></g><g v="pres"></g><g v="indc"></g></l></v></tfr></token><token id="668805" text="снизу"><tfr rev_id="4422130" t="снизу"><v><l id="327376" t="снизу"><g v="ADVB"></g></l></v></tfr></token><token id="668806" text="вверх"><tfr rev_id="1500899" t="вверх"><v><l id="39688" t="вверх"><g v="ADVB"></g></l></v></tfr></token><token id="668807" text=","><tfr rev_id="1500900" t=","><v><l id="0" t=","><g v="PNCT"></g></l></v></tfr></token><token id="668808" text="и"><tfr rev_id="1500901" t="и"><v><l id="116949" t="и"><g v="CONJ"></g></l></v><v><l id="116950" t="и"><g v="INTJ"></g></l></v></tfr></token><token id="668809" text="в"><tfr rev_id="1500902" t="в"><v><l id="37409" t="в"><g v="PREP"></g></l></v></tfr></token><token id="668810" text="нём"><tfr rev_id="4530136" t="нём"><v><l id="206541" t="он"><g v="NPRO"></g><g v="masc"></g><g v="3per"></g><g v="Anph"></g><g v="sing"></g><g v="loct"></g><g v="Af-p"></g></l></v><v><l id="206649" t="оно"><g v="NPRO"></g><g v="neut"></g><g v="3per"></g><g v="Anph"></g><g v="sing"></g><g v="loct"></g><g v="Af-p"></g></l></v></tfr></token><token id="668811" text="может"><tfr rev_id="3797128" t="может"><v><l id="164485" t="могу"><g v="VERB"></g><g v="impf"></g><g v="intr"></g><g v="sing"></g><g v="3per"></g><g v="pres"></g><g v="indc"></g></l></v></tfr></token><token id="668812" text="не"><tfr rev_id="1500905" t="не"><v><l id="178876" t="не"><g v="PRCL"></g></l></v></tfr></token><token id="668813" text="быть"><tfr rev_id="1500906" t="быть"><v><l id="37266" t="быть"><g v="INFN"></g><g v="impf"></g><g v="intr"></g></l></v></tfr></token><token id="668814" text="необходимости"><tfr rev_id="4288102" t="необходимости"><v><l id="184807" t="необходимость"><g v="NOUN"></g><g v="inan"></g><g v="femn"></g><g v="sing"></g><g v="gent"></g></l></v></tfr></token><token id="668815" text="вообще"><tfr rev_id="4339750" t="вообще"><v><l id="50733" t="вообще"><g v="ADVB"></g></l></v></tfr></token><token id="668816" text=","><tfr rev_id="1500909" t=","><v><l id="0" t=","><g v="PNCT"></g></l></v></tfr></token><token id="668817" text="благодаря"><tfr rev_id="3442280" t="благодаря"><v><l id="30404" t="благодаря"><g v="PREP"></g></l></v></tfr></token><token id="668818" text="конвекции"><tfr rev_id="3764741" t="конвекции"><v><l id="137546" t="конвекция"><g v="NOUN"></g><g v="inan"></g><g v="femn"></g><g v="sing"></g><g v="datv"></g></l></v></tfr></token><token id="668819" text="."><tfr rev_id="1500912" t="."><v><l id="0" t="."><g v="PNCT"></g></l></v></tfr></token></tokens></sentence></paragraph><paragraph id="12024"><sentence id="37415"><source>Естественно, вентилятор ставится на"холодной"части трубы.</source><tokens><token id="668820" text="Естественно"><tfr rev_id="4509462" t="Естественно"><v><l id="95377" t="естественно"><g v="ADVB"></g></l></v><v><l id="95378" t="естественно"><g v="CONJ"></g><g v="Prnt"></g></l></v><v><l id="95387" t="естествен"><g v="ADJS"></g><g v="Qual"></g><g v="neut"></g><g v="sing"></g></l></v></tfr></token><token id="668821" text=","><tfr rev_id="1500914" t=","><v><l id="0" t=","><g v="PNCT"></g></l></v></tfr></token><token id="668822" text="вентилятор"><tfr rev_id="1500915" t="вентилятор"><v><l id="41050" t="вентилятор"><g v="NOUN"></g><g v="inan"></g><g v="masc"></g><g v="sing"></g><g v="nomn"></g></l></v><v><l id="41050" t="вентилятор"><g v="NOUN"></g><g v="inan"></g><g v="masc"></g><g v="sing"></g><g v="accs"></g></l></v></tfr></token><token id="668823" text="ставится"><tfr rev_id="1500916" t="ставится"><v><l id="334329" t="ставлюсь"><g v="VERB"></g><g v="impf"></g><g v="intr"></g><g v="sing"></g><g v="3per"></g><g v="pres"></g><g v="indc"></g></l></v></tfr></token><token id="668824" text="на"><tfr rev_id="3338455" t="на"><v><l id="166264" t="на"><g v="PREP"></g></l></v></tfr></token><token id="668825" text="&quot;"><tfr rev_id="1500918" t="&quot;"><v><l id="0" t="&quot;"><g v="PNCT"></g></l></v></tfr></token><token id="668826" text="холодной"><tfr rev_id="4170816" t="холодной"><v><l id="371377" t="холодный"><g v="ADJF"></g><g v="Qual"></g><g v="femn"></g><g v="sing"></g><g v="loct"></g></l></v></tfr></token><token id="668827" text="&quot;"><tfr rev_id="1500920" t="&quot;"><v><l id="0" t="&quot;"><g v="PNCT"></g></l></v></tfr></token><token id="668828" text="части"><tfr rev_id="3550929" t="части"><v><l id="374820" t="часть"><g v="NOUN"></g><g v="inan"></g><g v="femn"></g><g v="sing"></g><g v="loct"></g></l></v></tfr></token><token id="668829" text="трубы"><tfr rev_id="3457610" t="трубы"><v><l id="350608" t="труба"><g v="NOUN"></g><g v="inan"></g><g v="femn"></g><g v="sing"></g><g v="gent"></g></l></v></tfr></token><token id="668830" text="."><tfr rev_id="1500923" t="."><v><l id="0" t="."><g v="PNCT"></g></l></v></tfr></token></tokens></sentence></paragraph><paragraph id="12025"><sentence id="37416"><source>Естественно, схема может быть дополнена датчиком температуры и регулятором, выключающим соответствующий вентилятор по показаниям, снятым в другой точке помещения.</source><tokens><token id="668831" text="Естественно"><tfr rev_id="4509463" t="Естественно"><v><l id="95377" t="естественно"><g v="ADVB"></g></l></v><v><l id="95378" t="естественно"><g v="CONJ"></g><g v="Prnt"></g></l></v><v><l id="95387" t="естествен"><g v="ADJS"></g><g v="Qual"></g><g v="neut"></g><g v="sing"></g></l></v></tfr></token><token id="668832" text=","><tfr rev_id="1500925" t=","><v><l id="0" t=","><g v="PNCT"></g></l></v></tfr></token><token id="668833" text="схема"><tfr rev_id="1500926" t="схема"><v><l id="340740" t="схема"><g v="NOUN"></g><g v="inan"></g><g v="femn"></g><g v="sing"></g><g v="nomn"></g></l></v></tfr></token><token id="668834" text="может"><tfr rev_id="4216960" t="может"><v><l id="164485" t="могу"><g v="VERB"></g><g v="impf"></g><g v="intr"></g><g v="sing"></g><g v="3per"></g><g v="pres"></g><g v="indc"></g></l></v></tfr></token><token id="668835" text="быть"><tfr rev_id="1500928" t="быть"><v><l id="37266" t="быть"><g v="INFN"></g><g v="impf"></g><g v="intr"></g></l></v></tfr></token><token id="668836" text="дополнена"><tfr rev_id="1500929" t="дополнена"><v><l id="89307" t="дополнен"><g v="PRTS"></g><g v="perf"></g><g v="past"></g><g v="pssv"></g><g v="femn"></g><g v="sing"></g></l></v></tfr></token><token id="668837" text="датчиком"><tfr rev_id="1500930" t="датчиком"><v><l id="78544" t="датчик"><g v="NOUN"></g><g v="inan"></g><g v="masc"></g><g v="sing"></g><g v="ablt"></g></l></v></tfr></token><token id="668838" text="температуры"><tfr rev_id="3493940" t="температуры"><v><l id="344603" t="температура"><g v="NOUN"></g><g v="inan"></g><g v="femn"></g><g v="sing"></g><g v="gent"></g></l></v></tfr></token><token id="668839" text="и"><tfr rev_id="1500932" t="и"><v><l id="116949" t="и"><g v="CONJ"></g></l></v><v><l id="116950" t="и"><g v="INTJ"></g></l></v></tfr></token><token id="668840" text="регулятором"><tfr rev_id="1500933" t="регулятором"><v><l id="304952" t="регулятор"><g v="NOUN"></g><g v="inan"></g><g v="masc"></g><g v="sing"></g><g v="ablt"></g></l></v></tfr></token><token id="668841" text=","><tfr rev_id="1500934" t=","><v><l id="0" t=","><g v="PNCT"></g></l></v></tfr></token><token id="668842" text="выключающим"><tfr rev_id="2761053" t="выключающим"><v><l id="58202" t="выключающий"><g v="PRTF"></g><g v="impf"></g><g v="tran"></g><g v="pres"></g><g v="actv"></g><g v="masc"></g><g v="sing"></g><g v="ablt"></g></l></v></tfr></token><token id="668843" text="соответствующий"><tfr rev_id="1500936" t="соответствующий"><v><l id="329626" t="соответствующий"><g v="PRTF"></g><g v="impf"></g><g v="intr"></g><g v="pres"></g><g v="actv"></g><g v="masc"></g><g v="sing"></g><g v="nomn"></g></l></v><v><l id="329626" t="соответствующий"><g v="PRTF"></g><g v="impf"></g><g v="intr"></g><g v="pres"></g><g v="actv"></g><g v="inan"></g><g v="masc"></g><g v="sing"></g><g v="accs"></g></l></v><v><l id="329632" t="соответствующий"><g v="ADJF"></g><g v="masc"></g><g v="sing"></g><g v="nomn"></g></l></v><v><l id="329632" t="соответствующий"><g v="ADJF"></g><g v="inan"></g><g v="masc"></g><g v="sing"></g><g v="accs"></g></l></v></tfr></token><token id="668844" text="вентилятор"><tfr rev_id="1500937" t="вентилятор"><v><l id="41050" t="вентилятор"><g v="NOUN"></g><g v="inan"></g><g v="masc"></g><g v="sing"></g><g v="nomn"></g></l></v><v><l id="41050" t="вентилятор"><g v="NOUN"></g><g v="inan"></g><g v="masc"></g><g v="sing"></g><g v="accs"></g></l></v></tfr></token><token id="668845" text="по"><tfr rev_id="1500938" t="по"><v><l id="241240" t="по"><g v="PREP"></g></l></v></tfr></token><token id="668846" text="показаниям"><tfr rev_id="1500939" t="показаниям"><v><l id="253976" t="показание"><g v="NOUN"></g><g v="inan"></g><g v="neut"></g><g v="plur"></g><g v="datv"></g></l></v></tfr></token><token id="668847" text=","><tfr rev_id="1500940" t=","><v><l id="0" t=","><g v="PNCT"></g></l></v></tfr></token><token id="668848" text="снятым"><tfr rev_id="1500941" t="снятым"><v><l id="327589" t="снятой"><g v="ADJF"></g><g v="Qual"></g><g v="masc"></g><g v="sing"></g><g v="ablt"></g></l></v><v><l id="327589" t="снятой"><g v="ADJF"></g><g v="Qual"></g><g v="neut"></g><g v="sing"></g><g v="ablt"></g></l></v><v><l id="327589" t="снятой"><g v="ADJF"></g><g v="Qual"></g><g v="plur"></g><g v="datv"></g></l></v><v><l id="327596" t="снятый"><g v="PRTF"></g><g v="perf"></g><g v="tran"></g><g v="past"></g><g v="pssv"></g><g v="masc"></g><g v="sing"></g><g v="ablt"></g></l></v><v><l id="327596" t="снятый"><g v="PRTF"></g><g v="perf"></g><g v="tran"></g><g v="past"></g><g v="pssv"></g><g v="neut"></g><g v="sing"></g><g v="ablt"></g></l></v><v><l id="327596" t="снятый"><g v="PRTF"></g><g v="perf"></g><g v="tran"></g><g v="past"></g><g v="pssv"></g><g v="plur"></g><g v="datv"></g></l></v></tfr></token><token id="668849" text="в"><tfr rev_id="1500942" t="в"><v><l id="37409" t="в"><g v="PREP"></g></l></v></tfr></token><token id="668850" text="другой"><tfr rev_id="3560053" t="другой"><v><l id="92342" t="другой"><g v="ADJF"></g><g v="Apro"></g><g v="Subx"></g><g v="femn"></g><g v="sing"></g><g v="gent"></g></l></v><v><l id="92342" t="другой"><g v="ADJF"></g><g v="Apro"></g><g v="Subx"></g><g v="femn"></g><g v="sing"></g><g v="datv"></g></l></v><v><l id="92342" t="другой"><g v="ADJF"></g><g v="Apro"></g><g v="Subx"></g><g v="femn"></g><g v="sing"></g><g v="ablt"></g></l></v><v><l id="92342" t="другой"><g v="ADJF"></g><g v="Apro"></g><g v="Subx"></g><g v="femn"></g><g v="sing"></g><g v="loct"></g></l></v></tfr></token><token id="668851" text="точке"><tfr rev_id="3551178" t="точке"><v><l id="348511" t="точка"><g v="NOUN"></g><g v="inan"></g><g v="femn"></g><g v="sing"></g><g v="loct"></g></l></v></tfr></token><token id="668852" text="помещения"><tfr rev_id="3283098" t="помещения"><v><l id="257693" t="помещение"><g v="NOUN"></g><g v="inan"></g><g v="neut"></g><g v="sing"></g><g v="gent"></g></l></v></tfr></token><token id="668853" text="."><tfr rev_id="1500946" t="."><v><l id="0" t="."><g v="PNCT"></g></l></v></tfr></token></tokens></sentence></paragraph><paragraph id="12026"><sentence id="37417"><source>Да - имеется в виду прежде всего ситуация"приехали, а электричества ВНЕЗАПНО и нету!"- ибо при наличии электричества половина описанных проблем решается двумя 1.5-киловаттными тепловентиляторами на пол.</source><tokens><token id="668854" text="Да"><tfr rev_id="3410804" t="Да"><v><l id="77571" t="да"><g v="INTJ"></g></l></v></tfr></token><token id="668855" text="-"><tfr rev_id="1500948" t="-"><v><l id="0" t="-"><g v="PNCT"></g></l></v></tfr></token><token id="668856" text="имеется"><tfr rev_id="1500949" t="имеется"><v><l id="121616" t="имеюсь"><g v="VERB"></g><g v="impf"></g><g v="intr"></g><g v="sing"></g><g v="3per"></g><g v="pres"></g><g v="indc"></g></l></v></tfr></token><token id="668857" text="в"><tfr rev_id="1500950" t="в"><v><l id="37409" t="в"><g v="PREP"></g></l></v></tfr></token><token id="668858" text="виду"><tfr rev_id="3465737" t="виду"><v><l id="44437" t="вид"><g v="NOUN"></g><g v="inan"></g><g v="masc"></g><g v="sing"></g><g v="loc2"></g></l></v></tfr></token><token id="668859" text="прежде"><tfr rev_id="4396598" t="прежде"><v><l id="267400" t="прежде"><g v="PREP"></g></l></v></tfr></token><token id="668860" text="всего"><tfr rev_id="4512206" t="всего"><v><l id="42156" t="весь"><g v="ADJF"></g><g v="Subx"></g><g v="Apro"></g><g v="neut"></g><g v="sing"></g><g v="gent"></g></l></v></tfr></token><token id="668861" text="ситуация"><tfr rev_id="1500954" t="ситуация"><v><l id="321441" t="ситуация"><g v="NOUN"></g><g v="inan"></g><g v="femn"></g><g v="sing"></g><g v="nomn"></g></l></v></tfr></token><token id="668862" text="&quot;"><tfr rev_id="1500955" t="&quot;"><v><l id="0" t="&quot;"><g v="PNCT"></g></l></v></tfr></token><token id="668863" text="приехали"><tfr rev_id="1500956" t="приехали"><v><l id="270371" t="приехал"><g v="VERB"></g><g v="perf"></g><g v="intr"></g><g v="plur"></g><g v="past"></g><g v="indc"></g></l></v></tfr></token><token id="668864" text=","><tfr rev_id="1500957" t=","><v><l id="0" t=","><g v="PNCT"></g></l></v></tfr></token><token id="668865" text="а"><tfr rev_id="3411273" t="а"><v><l id="51" t="а"><g v="CONJ"></g></l></v></tfr></token><token id="668866" text="электричества"><tfr rev_id="3502110" t="электричества"><v><l id="384065" t="электричество"><g v="NOUN"></g><g v="inan"></g><g v="neut"></g><g v="sing"></g><g v="gent"></g></l></v></tfr></token><token id="668867" text="ВНЕЗАПНО"><tfr rev_id="4097366" t="ВНЕЗАПНО"><v><l id="47359" t="внезапно"><g v="ADVB"></g></l></v></tfr></token><token id="668868" text="и"><tfr rev_id="1500961" t="и"><v><l id="116949" t="и"><g v="CONJ"></g></l></v><v><l id="116950" t="и"><g v="INTJ"></g></l></v></tfr></token><token id="668869" text="нету"><tfr rev_id="1500962" t="нету"><v><l id="189075" t="нету"><g v="PRED"></g><g v="pres"></g></l></v></tfr></token><token id="668870" text="!"><tfr rev_id="1500963" t="!"><v><l id="0" t="!"><g v="PNCT"></g></l></v></tfr></token><token id="668871" text="&quot;"><tfr rev_id="1500964" t="&quot;"><v><l id="0" t="&quot;"><g v="PNCT"></g></l></v></tfr></token><token id="668872" text="-"><tfr rev_id="1500965" t="-"><v><l id="0" t="-"><g v="PNCT"></g></l></v></tfr></token><token id="668873" text="ибо"><tfr rev_id="1500966" t="ибо"><v><l id="116978" t="ибо"><g v="CONJ"></g></l></v></tfr></token><token id="668874" text="при"><tfr rev_id="2699814" t="при"><v><l id="268625" t="при"><g v="PREP"></g></l></v></tfr></token><token id="668875" text="наличии"><tfr rev_id="1500968" t="наличии"><v><l id="172022" t="наличие"><g v="NOUN"></g><g v="inan"></g><g v="neut"></g><g v="sing"></g><g v="loct"></g></l></v></tfr></token><token id="668876" text="электричества"><tfr rev_id="3474803" t="электричества"><v><l id="384065" t="электричество"><g v="NOUN"></g><g v="inan"></g><g v="neut"></g><g v="sing"></g><g v="gent"></g></l></v></tfr></token><token id="668877" text="половина"><tfr rev_id="4337566" t="половина"><v><l id="256181" t="половина"><g v="NOUN"></g><g v="inan"></g><g v="femn"></g><g v="sing"></g><g v="nomn"></g></l></v></tfr></token><token id="668878" text="описанных"><tfr rev_id="1500971" t="описанных"><v><l id="207162" t="описанный"><g v="PRTF"></g><g v="perf"></g><g v="tran"></g><g v="past"></g><g v="pssv"></g><g v="plur"></g><g v="gent"></g></l></v><v><l id="207162" t="описанный"><g v="PRTF"></g><g v="perf"></g><g v="tran"></g><g v="past"></g><g v="pssv"></g><g v="anim"></g><g v="plur"></g><g v="accs"></g></l></v><v><l id="207162" t="описанный"><g v="PRTF"></g><g v="perf"></g><g v="tran"></g><g v="past"></g><g v="pssv"></g><g v="plur"></g><g v="loct"></g></l></v></tfr></token><token id="668879" text="проблем"><tfr rev_id="1500972" t="проблем"><v><l id="277255" t="проблема"><g v="NOUN"></g><g v="inan"></g><g v="femn"></g><g v="plur"></g><g v="gent"></g></l></v></tfr></token><token id="668880" text="решается"><tfr rev_id="1500973" t="решается"><v><l id="307342" t="решаюсь"><g v="VERB"></g><g v="impf"></g><g v="intr"></g><g v="sing"></g><g v="3per"></g><g v="pres"></g><g v="indc"></g></l></v></tfr></token><token id="668881" text="двумя"><tfr rev_id="4449789" t="двумя"><v><l id="78668" t="два"><g v="NUMR"></g><g v="ablt"></g></l></v></tfr></token><token id="668882" text="1.5-киловаттными"><tfr rev_id="1500975" t="1.5-киловаттными"><v><l id="0" t="1.5-киловаттными"><g v="UNKN"></g></l></v></tfr></token><token id="668883" text="тепловентиляторами"><tfr rev_id="2508672" t="тепловентиляторами"><v><l id="388601" t="тепловентилятор"><g v="NOUN"></g><g v="inan"></g><g v="masc"></g><g v="plur"></g><g v="ablt"></g></l></v></tfr></token><token id="668884" text="на"><tfr rev_id="3337955" t="на"><v><l id="166264" t="на"><g v="PREP"></g></l></v></tfr></token><token id="668885" text="пол"><tfr rev_id="4340144" t="пол"><v><l id="255093" t="пол"><g v="NOUN"></g><g v="inan"></g><g v="masc"></g><g v="sing"></g><g v="nomn"></g></l></v><v><l id="255093" t="пол"><g v="NOUN"></g><g v="inan"></g><g v="masc"></g><g v="sing"></g><g v="accs"></g></l></v></tfr></token><token id="668886" text="."><tfr rev_id="1500979" t="."><v><l id="0" t="."><g v="PNCT"></g></l></v></tfr></token></tokens></sentence><sentence id="37418"><source>Один в одну комнату - другой в другую.</source><tokens><token id="668887" text="Один"><tfr rev_id="4299699" t="Один"><v><l id="203319" t="один"><g v="ADJF"></g><g v="Apro"></g><g v="Anum"></g><g v="masc"></g><g v="sing"></g><g v="nomn"></g></l></v><v><l id="203319" t="один"><g v="ADJF"></g><g v="Apro"></g><g v="Anum"></g><g v="inan"></g><g v="masc"></g><g v="sing"></g><g v="accs"></g></l></v></tfr></token><token id="668888" text="в"><tfr rev_id="1500981" t="в"><v><l id="37409" t="в"><g v="PREP"></g></l></v></tfr></token><token id="668889" text="одну"><tfr rev_id="4302841" t="одну"><v><l id="203319" t="один"><g v="ADJF"></g><g v="Apro"></g><g v="Anum"></g><g v="femn"></g><g v="sing"></g><g v="accs"></g></l></v></tfr></token><token id="668890" text="комнату"><tfr rev_id="1500983" t="комнату"><v><l id="137100" t="комната"><g v="NOUN"></g><g v="inan"></g><g v="femn"></g><g v="sing"></g><g v="accs"></g></l></v></tfr></token><token id="668891" text="-"><tfr rev_id="1500984" t="-"><v><l id="0" t="-"><g v="PNCT"></g></l></v></tfr></token><token id="668892" text="другой"><tfr rev_id="3560054" t="другой"><v><l id="92342" t="другой"><g v="ADJF"></g><g v="Apro"></g><g v="Subx"></g><g v="masc"></g><g v="sing"></g><g v="nomn"></g></l></v><v><l id="92342" t="другой"><g v="ADJF"></g><g v="Apro"></g><g v="Subx"></g><g v="inan"></g><g v="masc"></g><g v="sing"></g><g v="accs"></g></l></v></tfr></token><token id="668893" text="в"><tfr rev_id="1500986" t="в"><v><l id="37409" t="в"><g v="PREP"></g></l></v></tfr></token><token id="668894" text="другую"><tfr rev_id="3561021" t="другую"><v><l id="92342" t="другой"><g v="ADJF"></g><g v="Apro"></g><g v="Subx"></g><g v="femn"></g><g v="sing"></g><g v="accs"></g></l></v></tfr></token><token id="668895" text="."><tfr rev_id="1500988" t="."><v><l id="0" t="."><g v="PNCT"></g></l></v></tfr></token></tokens></sentence></paragraph></paragraphs></text>