<?xml version="1.0" encoding="utf-8"?><text id="1331" parent="56" name="Российскую молодёжную сборную по хоккею сняли с рейса"><tags><tag>url:http://ru.wikinews.org/w/index.php?title=Российскую_молодёжную_сборную_по_хоккею_сняли_с_рейса&amp;oldid=50783</tag><tag>Гео:ВикиКатегория:Россия</tag><tag>Гео:ВикиКатегория:США</tag><tag>Тема:ВикиКатегория:Хоккей</tag><tag>Тема:ВикиКатегория:Хоккей в России</tag><tag>Гео:ВикиКатегория:Нью-Йорк</tag><tag>Дата:07/01</tag><tag>Год:2011</tag><tag>Автор:http://ru.wikinews.org/wiki/Участник:Akishin D.</tag></tags><paragraphs><paragraph id="12188"><sentence id="38019"><source>Молодёжную хоккейную команду России сняли с рейса авиакомпании «Дельта» в Атланту — после того, как сотрудники авиакомпании сочли, что юные спортсмены перебрали во время празднования своей победы на чемпионате мира по хоккею среди молодёжных команд, завершившегося в американском городе Буффало.</source><tokens><token id="677626" text="Молодёжную"><tfr rev_id="1509705" t="Молодёжную"><v><l id="162801" t="молодёжный"><g v="ADJF"></g><g v="Qual"></g><g v="femn"></g><g v="sing"></g><g v="accs"></g></l></v></tfr></token><token id="677627" text="хоккейную"><tfr rev_id="1509706" t="хоккейную"><v><l id="371217" t="хоккейный"><g v="ADJF"></g><g v="Qual"></g><g v="femn"></g><g v="sing"></g><g v="accs"></g></l></v></tfr></token><token id="677628" text="команду"><tfr rev_id="1509707" t="команду"><v><l id="136706" t="команда"><g v="NOUN"></g><g v="inan"></g><g v="femn"></g><g v="sing"></g><g v="accs"></g></l></v></tfr></token><token id="677629" text="России"><tfr rev_id="3455331" t="России"><v><l id="309322" t="россия"><g v="NOUN"></g><g v="inan"></g><g v="femn"></g><g v="Sgtm"></g><g v="Geox"></g><g v="sing"></g><g v="gent"></g></l></v></tfr></token><token id="677630" text="сняли"><tfr rev_id="1509709" t="сняли"><v><l id="327593" t="снял"><g v="VERB"></g><g v="perf"></g><g v="tran"></g><g v="plur"></g><g v="past"></g><g v="indc"></g></l></v></tfr></token><token id="677631" text="с"><tfr rev_id="1509710" t="с"><v><l id="311151" t="с"><g v="PREP"></g></l></v></tfr></token><token id="677632" text="рейса"><tfr rev_id="1509711" t="рейса"><v><l id="305589" t="рейс"><g v="NOUN"></g><g v="inan"></g><g v="masc"></g><g v="sing"></g><g v="gent"></g></l></v></tfr></token><token id="677633" text="авиакомпании"><tfr rev_id="4265701" t="авиакомпании"><v><l id="2611" t="авиакомпания"><g v="NOUN"></g><g v="inan"></g><g v="femn"></g><g v="sing"></g><g v="gent"></g></l></v></tfr></token><token id="677634" text="«"><tfr rev_id="2446413" t="«"><v><l id="0" t="«"><g v="PNCT"></g></l></v></tfr></token><token id="677635" text="Дельта"><tfr rev_id="1509714" t="Дельта"><v><l id="80678" t="дельта"><g v="NOUN"></g><g v="inan"></g><g v="femn"></g><g v="sing"></g><g v="nomn"></g></l></v></tfr></token><token id="677636" text="»"><tfr rev_id="2446414" t="»"><v><l id="0" t="»"><g v="PNCT"></g></l></v></tfr></token><token id="677637" text="в"><tfr rev_id="1509716" t="в"><v><l id="37409" t="в"><g v="PREP"></g></l></v></tfr></token><token id="677638" text="Атланту"><tfr rev_id="4182290" t="Атланту"><v><l id="388666" t="атланта"><g v="NOUN"></g><g v="inan"></g><g v="femn"></g><g v="Sgtm"></g><g v="Geox"></g><g v="sing"></g><g v="accs"></g></l></v></tfr></token><token id="677639" text="—"><tfr rev_id="2446415" t="—"><v><l id="0" t="—"><g v="PNCT"></g></l></v></tfr></token><token id="677640" text="после"><tfr rev_id="4407097" t="после"><v><l id="261542" t="после"><g v="PREP"></g></l></v></tfr></token><token id="677641" text="того"><tfr rev_id="4536590" t="того"><v><l id="348430" t="тот"><g v="ADJF"></g><g v="Subx"></g><g v="Apro"></g><g v="Anph"></g><g v="masc"></g><g v="sing"></g><g v="gent"></g></l></v><v><l id="348430" t="тот"><g v="ADJF"></g><g v="Subx"></g><g v="Apro"></g><g v="Anph"></g><g v="neut"></g><g v="sing"></g><g v="gent"></g></l></v></tfr></token><token id="677642" text=","><tfr rev_id="1509721" t=","><v><l id="0" t=","><g v="PNCT"></g></l></v></tfr></token><token id="677643" text="как"><tfr rev_id="1509722" t="как"><v><l id="128190" t="как"><g v="CONJ"></g></l></v><v><l id="128191" t="как"><g v="PRCL"></g></l></v><v><l id="128192" t="как"><g v="ADVB"></g><g v="Ques"></g></l></v></tfr></token><token id="677644" text="сотрудники"><tfr rev_id="1509723" t="сотрудники"><v><l id="330867" t="сотрудник"><g v="NOUN"></g><g v="anim"></g><g v="masc"></g><g v="plur"></g><g v="nomn"></g></l></v></tfr></token><token id="677645" text="авиакомпании"><tfr rev_id="4164439" t="авиакомпании"><v><l id="2611" t="авиакомпания"><g v="NOUN"></g><g v="inan"></g><g v="femn"></g><g v="sing"></g><g v="gent"></g></l></v></tfr></token><token id="677646" text="сочли"><tfr rev_id="1509725" t="сочли"><v><l id="341259" t="счёл"><g v="VERB"></g><g v="perf"></g><g v="tran"></g><g v="plur"></g><g v="past"></g><g v="indc"></g></l></v></tfr></token><token id="677647" text=","><tfr rev_id="1509726" t=","><v><l id="0" t=","><g v="PNCT"></g></l></v></tfr></token><token id="677648" text="что"><tfr rev_id="3197569" t="что"><v><l id="377004" t="что"><g v="CONJ"></g></l></v><v><l id="377005" t="что"><g v="NPRO"></g><g v="neut"></g><g v="sing"></g><g v="nomn"></g></l></v><v><l id="377005" t="что"><g v="NPRO"></g><g v="neut"></g><g v="sing"></g><g v="accs"></g></l></v><v><l id="377006" t="что"><g v="ADVB"></g><g v="Ques"></g></l></v><v><l id="388695" t="что"><g v="PRCL"></g></l></v></tfr></token><token id="677649" text="юные"><tfr rev_id="3794374" t="юные"><v><l id="387076" t="юный"><g v="ADJF"></g><g v="Qual"></g><g v="plur"></g><g v="nomn"></g></l></v></tfr></token><token id="677650" text="спортсмены"><tfr rev_id="1509729" t="спортсмены"><v><l id="332816" t="спортсмен"><g v="NOUN"></g><g v="anim"></g><g v="masc"></g><g v="plur"></g><g v="nomn"></g></l></v></tfr></token><token id="677651" text="перебрали"><tfr rev_id="1509730" t="перебрали"><v><l id="226819" t="перебрал"><g v="VERB"></g><g v="perf"></g><g v="tran"></g><g v="plur"></g><g v="past"></g><g v="indc"></g></l></v></tfr></token><token id="677652" text="во"><tfr rev_id="2920312" t="во"><v><l id="37409" t="в"><g v="PREP"></g><g v="Vpre"></g></l></v></tfr></token><token id="677653" text="время"><tfr rev_id="4348476" t="время"><v><l id="53149" t="время"><g v="NOUN"></g><g v="inan"></g><g v="neut"></g><g v="sing"></g><g v="accs"></g></l></v></tfr></token><token id="677654" text="празднования"><tfr rev_id="3483454" t="празднования"><v><l id="265835" t="празднование"><g v="NOUN"></g><g v="inan"></g><g v="neut"></g><g v="sing"></g><g v="gent"></g></l></v></tfr></token><token id="677655" text="своей"><tfr rev_id="3862001" t="своей"><v><l id="316379" t="свой"><g v="ADJF"></g><g v="Apro"></g><g v="Anph"></g><g v="femn"></g><g v="sing"></g><g v="gent"></g></l></v></tfr></token><token id="677656" text="победы"><tfr rev_id="3461588" t="победы"><v><l id="241476" t="победа"><g v="NOUN"></g><g v="inan"></g><g v="femn"></g><g v="sing"></g><g v="gent"></g></l></v></tfr></token><token id="677657" text="на"><tfr rev_id="3339292" t="на"><v><l id="166264" t="на"><g v="PREP"></g></l></v></tfr></token><token id="677658" text="чемпионате"><tfr rev_id="1509737" t="чемпионате"><v><l id="375186" t="чемпионат"><g v="NOUN"></g><g v="inan"></g><g v="masc"></g><g v="sing"></g><g v="loct"></g></l></v></tfr></token><token id="677659" text="мира"><tfr rev_id="3717772" t="мира"><v><l id="160807" t="мир"><g v="NOUN"></g><g v="inan"></g><g v="masc"></g><g v="sing"></g><g v="gen1"></g></l></v></tfr></token><token id="677660" text="по"><tfr rev_id="1509739" t="по"><v><l id="241240" t="по"><g v="PREP"></g></l></v></tfr></token><token id="677661" text="хоккею"><tfr rev_id="1509740" t="хоккею"><v><l id="371216" t="хоккей"><g v="NOUN"></g><g v="inan"></g><g v="masc"></g><g v="sing"></g><g v="datv"></g></l></v></tfr></token><token id="677662" text="среди"><tfr rev_id="1509741" t="среди"><v><l id="333473" t="среди"><g v="PREP"></g></l></v></tfr></token><token id="677663" text="молодёжных"><tfr rev_id="4357519" t="молодёжных"><v><l id="162801" t="молодёжный"><g v="ADJF"></g><g v="Qual"></g><g v="plur"></g><g v="gent"></g></l></v></tfr></token><token id="677664" text="команд"><tfr rev_id="1509743" t="команд"><v><l id="136706" t="команда"><g v="NOUN"></g><g v="inan"></g><g v="femn"></g><g v="plur"></g><g v="gent"></g></l></v></tfr></token><token id="677665" text=","><tfr rev_id="1509744" t=","><v><l id="0" t=","><g v="PNCT"></g></l></v></tfr></token><token id="677666" text="завершившегося"><tfr rev_id="1509745" t="завершившегося"><v><l id="99449" t="завершившийся"><g v="PRTF"></g><g v="perf"></g><g v="intr"></g><g v="past"></g><g v="actv"></g><g v="masc"></g><g v="sing"></g><g v="gent"></g></l></v><v><l id="99449" t="завершившийся"><g v="PRTF"></g><g v="perf"></g><g v="intr"></g><g v="past"></g><g v="actv"></g><g v="anim"></g><g v="masc"></g><g v="sing"></g><g v="accs"></g></l></v><v><l id="99449" t="завершившийся"><g v="PRTF"></g><g v="perf"></g><g v="intr"></g><g v="past"></g><g v="actv"></g><g v="neut"></g><g v="sing"></g><g v="gent"></g></l></v></tfr></token><token id="677667" text="в"><tfr rev_id="1509746" t="в"><v><l id="37409" t="в"><g v="PREP"></g></l></v></tfr></token><token id="677668" text="американском"><tfr rev_id="4208227" t="американском"><v><l id="11429" t="американский"><g v="ADJF"></g><g v="masc"></g><g v="sing"></g><g v="loct"></g></l></v></tfr></token><token id="677669" text="городе"><tfr rev_id="1509748" t="городе"><v><l id="73547" t="город"><g v="NOUN"></g><g v="inan"></g><g v="masc"></g><g v="sing"></g><g v="loct"></g></l></v></tfr></token><token id="677670" text="Буффало"><tfr rev_id="1509749" t="Буффало"><v><l id="0" t="буффало"><g v="UNKN"></g></l></v></tfr></token><token id="677671" text="."><tfr rev_id="1509750" t="."><v><l id="0" t="."><g v="PNCT"></g></l></v></tfr></token></tokens></sentence></paragraph><paragraph id="12189"><sentence id="38020"><source>Представитель «Дельты» заявил, что в четверг российскую спортивную делегацию в составе 30 человек попросили выйти из самолета из-за «недисциплинированного поведения» и с целью «обеспечения безопасности полета».</source><tokens><token id="677672" text="Представитель"><tfr rev_id="1509751" t="Представитель"><v><l id="267083" t="представитель"><g v="NOUN"></g><g v="anim"></g><g v="masc"></g><g v="sing"></g><g v="nomn"></g></l></v></tfr></token><token id="677673" text="«"><tfr rev_id="2446416" t="«"><v><l id="0" t="«"><g v="PNCT"></g></l></v></tfr></token><token id="677674" text="Дельты"><tfr rev_id="3501762" t="Дельты"><v><l id="80678" t="дельта"><g v="NOUN"></g><g v="inan"></g><g v="femn"></g><g v="sing"></g><g v="gent"></g></l></v></tfr></token><token id="677675" text="»"><tfr rev_id="2446417" t="»"><v><l id="0" t="»"><g v="PNCT"></g></l></v></tfr></token><token id="677676" text="заявил"><tfr rev_id="1509755" t="заявил"><v><l id="114300" t="заявил"><g v="VERB"></g><g v="perf"></g><g v="tran"></g><g v="masc"></g><g v="sing"></g><g v="past"></g><g v="indc"></g></l></v></tfr></token><token id="677677" text=","><tfr rev_id="1509756" t=","><v><l id="0" t=","><g v="PNCT"></g></l></v></tfr></token><token id="677678" text="что"><tfr rev_id="3197570" t="что"><v><l id="377004" t="что"><g v="CONJ"></g></l></v><v><l id="377005" t="что"><g v="NPRO"></g><g v="neut"></g><g v="sing"></g><g v="nomn"></g></l></v><v><l id="377005" t="что"><g v="NPRO"></g><g v="neut"></g><g v="sing"></g><g v="accs"></g></l></v><v><l id="377006" t="что"><g v="ADVB"></g><g v="Ques"></g></l></v><v><l id="388695" t="что"><g v="PRCL"></g></l></v></tfr></token><token id="677679" text="в"><tfr rev_id="1509758" t="в"><v><l id="37409" t="в"><g v="PREP"></g></l></v></tfr></token><token id="677680" text="четверг"><tfr rev_id="1509759" t="четверг"><v><l id="376075" t="четверг"><g v="NOUN"></g><g v="inan"></g><g v="masc"></g><g v="sing"></g><g v="nomn"></g></l></v><v><l id="376075" t="четверг"><g v="NOUN"></g><g v="inan"></g><g v="masc"></g><g v="sing"></g><g v="accs"></g></l></v></tfr></token><token id="677681" text="российскую"><tfr rev_id="1509760" t="российскую"><v><l id="309319" t="российский"><g v="ADJF"></g><g v="femn"></g><g v="sing"></g><g v="accs"></g></l></v></tfr></token><token id="677682" text="спортивную"><tfr rev_id="1509761" t="спортивную"><v><l id="332798" t="спортивный"><g v="ADJF"></g><g v="Qual"></g><g v="femn"></g><g v="sing"></g><g v="accs"></g></l></v></tfr></token><token id="677683" text="делегацию"><tfr rev_id="1509762" t="делегацию"><v><l id="80544" t="делегация"><g v="NOUN"></g><g v="inan"></g><g v="femn"></g><g v="sing"></g><g v="accs"></g></l></v></tfr></token><token id="677684" text="в"><tfr rev_id="1509763" t="в"><v><l id="37409" t="в"><g v="PREP"></g></l></v></tfr></token><token id="677685" text="составе"><tfr rev_id="1509764" t="составе"><v><l id="330479" t="состав"><g v="NOUN"></g><g v="inan"></g><g v="masc"></g><g v="sing"></g><g v="loct"></g></l></v></tfr></token><token id="677686" text="30"><tfr rev_id="2462615" t="30"><v><l id="0" t="30"><g v="NUMB"></g></l></v></tfr></token><token id="677687" text="человек"><tfr rev_id="3439126" t="человек"><v><l id="375073" t="человек"><g v="NOUN"></g><g v="anim"></g><g v="masc"></g><g v="plur"></g><g v="gent"></g></l></v></tfr></token><token id="677688" text="попросили"><tfr rev_id="1509767" t="попросили"><v><l id="259617" t="попросил"><g v="VERB"></g><g v="perf"></g><g v="tran"></g><g v="plur"></g><g v="past"></g><g v="indc"></g></l></v></tfr></token><token id="677689" text="выйти"><tfr rev_id="1509768" t="выйти"><v><l id="57750" t="выйти"><g v="INFN"></g><g v="perf"></g><g v="intr"></g></l></v></tfr></token><token id="677690" text="из"><tfr rev_id="2601605" t="из"><v><l id="117677" t="из"><g v="PREP"></g></l></v></tfr></token><token id="677691" text="самолета"><tfr rev_id="1509770" t="самолета"><v><l id="312513" t="самолёт"><g v="NOUN"></g><g v="inan"></g><g v="masc"></g><g v="sing"></g><g v="gent"></g></l></v></tfr></token><token id="677692" text="из-за"><tfr rev_id="1509771" t="из-за"><v><l id="117678" t="из-за"><g v="PREP"></g></l></v></tfr></token><token id="677693" text="«"><tfr rev_id="2446418" t="«"><v><l id="0" t="«"><g v="PNCT"></g></l></v></tfr></token><token id="677694" text="недисциплинированного"><tfr rev_id="4164160" t="недисциплинированного"><v><l id="180809" t="недисциплинированный"><g v="ADJF"></g><g v="Qual"></g><g v="neut"></g><g v="sing"></g><g v="gent"></g></l></v></tfr></token><token id="677695" text="поведения"><tfr rev_id="3480193" t="поведения"><v><l id="242109" t="поведение"><g v="NOUN"></g><g v="inan"></g><g v="neut"></g><g v="sing"></g><g v="gent"></g></l></v></tfr></token><token id="677696" text="»"><tfr rev_id="2446419" t="»"><v><l id="0" t="»"><g v="PNCT"></g></l></v></tfr></token><token id="677697" text="и"><tfr rev_id="1509776" t="и"><v><l id="116949" t="и"><g v="CONJ"></g></l></v><v><l id="116950" t="и"><g v="INTJ"></g></l></v></tfr></token><token id="677698" text="с"><tfr rev_id="1509777" t="с"><v><l id="311151" t="с"><g v="PREP"></g></l></v></tfr></token><token id="677699" text="целью"><tfr rev_id="1509778" t="целью"><v><l id="373216" t="цель"><g v="NOUN"></g><g v="inan"></g><g v="femn"></g><g v="sing"></g><g v="ablt"></g></l></v></tfr></token><token id="677700" text="«"><tfr rev_id="2446420" t="«"><v><l id="0" t="«"><g v="PNCT"></g></l></v></tfr></token><token id="677701" text="обеспечения"><tfr rev_id="3490239" t="обеспечения"><v><l id="194745" t="обеспечение"><g v="NOUN"></g><g v="inan"></g><g v="neut"></g><g v="sing"></g><g v="gent"></g></l></v></tfr></token><token id="677702" text="безопасности"><tfr rev_id="4344264" t="безопасности"><v><l id="26215" t="безопасность"><g v="NOUN"></g><g v="inan"></g><g v="femn"></g><g v="sing"></g><g v="gent"></g></l></v></tfr></token><token id="677703" text="полета"><tfr rev_id="1509782" t="полета"><v><l id="255108" t="полёт"><g v="NOUN"></g><g v="inan"></g><g v="masc"></g><g v="sing"></g><g v="gent"></g></l></v></tfr></token><token id="677704" text="»"><tfr rev_id="2446421" t="»"><v><l id="0" t="»"><g v="PNCT"></g></l></v></tfr></token><token id="677705" text="."><tfr rev_id="1509784" t="."><v><l id="0" t="."><g v="PNCT"></g></l></v></tfr></token></tokens></sentence><sentence id="38021"><source>По словам Сюзан Эллиот, пассажиров перевели на другой рейс.</source><tokens><token id="677706" text="По"><tfr rev_id="1509785" t="По"><v><l id="241240" t="по"><g v="PREP"></g></l></v></tfr></token><token id="677707" text="словам"><tfr rev_id="1509786" t="словам"><v><l id="325168" t="слово"><g v="NOUN"></g><g v="inan"></g><g v="neut"></g><g v="plur"></g><g v="datv"></g></l></v></tfr></token><token id="677708" text="Сюзан"><tfr rev_id="1509787" t="Сюзан"><v><l id="0" t="сюзан"><g v="UNKN"></g></l></v></tfr></token><token id="677709" text="Эллиот"><tfr rev_id="1509788" t="Эллиот"><v><l id="0" t="эллиот"><g v="UNKN"></g></l></v></tfr></token><token id="677710" text=","><tfr rev_id="1509789" t=","><v><l id="0" t=","><g v="PNCT"></g></l></v></tfr></token><token id="677711" text="пассажиров"><tfr rev_id="4355578" t="пассажиров"><v><l id="224760" t="пассажир"><g v="NOUN"></g><g v="anim"></g><g v="masc"></g><g v="plur"></g><g v="accs"></g></l></v></tfr></token><token id="677712" text="перевели"><tfr rev_id="1509791" t="перевели"><v><l id="227143" t="перевёл"><g v="VERB"></g><g v="perf"></g><g v="tran"></g><g v="plur"></g><g v="past"></g><g v="indc"></g></l></v></tfr></token><token id="677713" text="на"><tfr rev_id="3475221" t="на"><v><l id="166264" t="на"><g v="PREP"></g></l></v></tfr></token><token id="677714" text="другой"><tfr rev_id="3560059" t="другой"><v><l id="92342" t="другой"><g v="ADJF"></g><g v="Apro"></g><g v="Subx"></g><g v="masc"></g><g v="sing"></g><g v="nomn"></g></l></v><v><l id="92342" t="другой"><g v="ADJF"></g><g v="Apro"></g><g v="Subx"></g><g v="inan"></g><g v="masc"></g><g v="sing"></g><g v="accs"></g></l></v></tfr></token><token id="677715" text="рейс"><tfr rev_id="1509794" t="рейс"><v><l id="305589" t="рейс"><g v="NOUN"></g><g v="inan"></g><g v="masc"></g><g v="sing"></g><g v="nomn"></g></l></v><v><l id="305589" t="рейс"><g v="NOUN"></g><g v="inan"></g><g v="masc"></g><g v="sing"></g><g v="accs"></g></l></v></tfr></token><token id="677716" text="."><tfr rev_id="1509795" t="."><v><l id="0" t="."><g v="PNCT"></g></l></v></tfr></token></tokens></sentence></paragraph><paragraph id="12190"><sentence id="38022"><source>Молодёжная сборная России по хоккею одержала ошеломительную победу над командой Канады 5 января, проигрывая по ходу встречи со счетом 0:3.</source><tokens><token id="677717" text="Молодёжная"><tfr rev_id="1509796" t="Молодёжная"><v><l id="162801" t="молодёжный"><g v="ADJF"></g><g v="Qual"></g><g v="femn"></g><g v="sing"></g><g v="nomn"></g></l></v></tfr></token><token id="677718" text="сборная"><tfr rev_id="3666913" t="сборная"><v><l id="314367" t="сборная"><g v="NOUN"></g><g v="inan"></g><g v="femn"></g><g v="sing"></g><g v="nomn"></g></l></v></tfr></token><token id="677719" text="России"><tfr rev_id="2782072" t="России"><v><l id="309322" t="россия"><g v="NOUN"></g><g v="inan"></g><g v="femn"></g><g v="Sgtm"></g><g v="Geox"></g><g v="sing"></g><g v="gent"></g></l></v></tfr></token><token id="677720" text="по"><tfr rev_id="1509799" t="по"><v><l id="241240" t="по"><g v="PREP"></g></l></v></tfr></token><token id="677721" text="хоккею"><tfr rev_id="1509800" t="хоккею"><v><l id="371216" t="хоккей"><g v="NOUN"></g><g v="inan"></g><g v="masc"></g><g v="sing"></g><g v="datv"></g></l></v></tfr></token><token id="677722" text="одержала"><tfr rev_id="1509801" t="одержала"><v><l id="203266" t="одержал"><g v="VERB"></g><g v="perf"></g><g v="tran"></g><g v="femn"></g><g v="sing"></g><g v="past"></g><g v="indc"></g></l></v></tfr></token><token id="677723" text="ошеломительную"><tfr rev_id="1509802" t="ошеломительную"><v><l id="221989" t="ошеломительный"><g v="ADJF"></g><g v="Qual"></g><g v="femn"></g><g v="sing"></g><g v="accs"></g></l></v></tfr></token><token id="677724" text="победу"><tfr rev_id="1509803" t="победу"><v><l id="241476" t="победа"><g v="NOUN"></g><g v="inan"></g><g v="femn"></g><g v="sing"></g><g v="accs"></g></l></v></tfr></token><token id="677725" text="над"><tfr rev_id="1509804" t="над"><v><l id="168356" t="над"><g v="PREP"></g></l></v></tfr></token><token id="677726" text="командой"><tfr rev_id="1509805" t="командой"><v><l id="136706" t="команда"><g v="NOUN"></g><g v="inan"></g><g v="femn"></g><g v="sing"></g><g v="ablt"></g></l></v></tfr></token><token id="677727" text="Канады"><tfr rev_id="1509806" t="Канады"><v><l id="129196" t="канада"><g v="NOUN"></g><g v="inan"></g><g v="femn"></g><g v="Sgtm"></g><g v="Geox"></g><g v="sing"></g><g v="gent"></g></l></v></tfr></token><token id="677728" text="5"><tfr rev_id="2462616" t="5"><v><l id="0" t="5"><g v="NUMB"></g></l></v></tfr></token><token id="677729" text="января"><tfr rev_id="1509808" t="января"><v><l id="387905" t="январь"><g v="NOUN"></g><g v="inan"></g><g v="masc"></g><g v="sing"></g><g v="gent"></g></l></v></tfr></token><token id="677730" text=","><tfr rev_id="1509809" t=","><v><l id="0" t=","><g v="PNCT"></g></l></v></tfr></token><token id="677731" text="проигрывая"><tfr rev_id="1509810" t="проигрывая"><v><l id="280072" t="проигрывая"><g v="GRND"></g><g v="impf"></g><g v="tran"></g><g v="pres"></g></l></v></tfr></token><token id="677732" text="по"><tfr rev_id="1509811" t="по"><v><l id="241240" t="по"><g v="PREP"></g></l></v></tfr></token><token id="677733" text="ходу"><tfr rev_id="3538615" t="ходу"><v><l id="371078" t="ход"><g v="NOUN"></g><g v="inan"></g><g v="masc"></g><g v="sing"></g><g v="datv"></g></l></v></tfr></token><token id="677734" text="встречи"><tfr rev_id="3446141" t="встречи"><v><l id="54530" t="встреча"><g v="NOUN"></g><g v="inan"></g><g v="femn"></g><g v="sing"></g><g v="gent"></g></l></v></tfr></token><token id="677735" text="со"><tfr rev_id="2919267" t="со"><v><l id="311151" t="с"><g v="PREP"></g><g v="Vpre"></g></l></v></tfr></token><token id="677736" text="счетом"><tfr rev_id="1509815" t="счетом"><v><l id="341128" t="счёт"><g v="NOUN"></g><g v="inan"></g><g v="masc"></g><g v="sing"></g><g v="ablt"></g></l></v></tfr></token><token id="677737" text="0"><tfr rev_id="2462617" t="0"><v><l id="0" t="0"><g v="NUMB"></g></l></v></tfr></token><token id="677738" text=":"><tfr rev_id="1509817" t=":"><v><l id="0" t=":"><g v="PNCT"></g></l></v></tfr></token><token id="677739" text="3"><tfr rev_id="2462618" t="3"><v><l id="0" t="3"><g v="NUMB"></g></l></v></tfr></token><token id="677740" text="."><tfr rev_id="1509819" t="."><v><l id="0" t="."><g v="PNCT"></g></l></v></tfr></token></tokens></sentence><sentence id="38023"><source>В третьем периоде российские хоккеисты забили пять безответных шайб и стали чемпионами мира по хоккею среди молодёжных команд впервые за последние семь лет.</source><tokens><token id="677741" text="В"><tfr rev_id="1509820" t="В"><v><l id="37409" t="в"><g v="PREP"></g></l></v></tfr></token><token id="677742" text="третьем"><tfr rev_id="4351313" t="третьем"><v><l id="349855" t="третий"><g v="ADJF"></g><g v="Anum"></g><g v="masc"></g><g v="sing"></g><g v="loct"></g></l></v></tfr></token><token id="677743" text="периоде"><tfr rev_id="1509822" t="периоде"><v><l id="237159" t="период"><g v="NOUN"></g><g v="inan"></g><g v="masc"></g><g v="sing"></g><g v="loct"></g></l></v></tfr></token><token id="677744" text="российские"><tfr rev_id="3748502" t="российские"><v><l id="309319" t="российский"><g v="ADJF"></g><g v="plur"></g><g v="nomn"></g></l></v></tfr></token><token id="677745" text="хоккеисты"><tfr rev_id="1509824" t="хоккеисты"><v><l id="371214" t="хоккеист"><g v="NOUN"></g><g v="anim"></g><g v="masc"></g><g v="plur"></g><g v="nomn"></g></l></v></tfr></token><token id="677746" text="забили"><tfr rev_id="1509825" t="забили"><v><l id="98570" t="забил"><g v="VERB"></g><g v="perf"></g><g v="tran"></g><g v="plur"></g><g v="past"></g><g v="indc"></g></l></v></tfr></token><token id="677747" text="пять"><tfr rev_id="1509826" t="пять"><v><l id="290440" t="пять"><g v="NUMR"></g><g v="nomn"></g></l></v><v><l id="290440" t="пять"><g v="NUMR"></g><g v="accs"></g></l></v></tfr></token><token id="677748" text="безответных"><tfr rev_id="3542462" t="безответных"><v><l id="26245" t="безответный"><g v="ADJF"></g><g v="Qual"></g><g v="plur"></g><g v="gent"></g></l></v></tfr></token><token id="677749" text="шайб"><tfr rev_id="1509828" t="шайб"><v><l id="377727" t="шайба"><g v="NOUN"></g><g v="inan"></g><g v="femn"></g><g v="plur"></g><g v="gent"></g></l></v></tfr></token><token id="677750" text="и"><tfr rev_id="1509829" t="и"><v><l id="116949" t="и"><g v="CONJ"></g></l></v><v><l id="116950" t="и"><g v="INTJ"></g></l></v></tfr></token><token id="677751" text="стали"><tfr rev_id="1716282" t="стали"><v><l id="335164" t="стал"><g v="VERB"></g><g v="perf"></g><g v="intr"></g><g v="plur"></g><g v="past"></g><g v="indc"></g></l></v></tfr></token><token id="677752" text="чемпионами"><tfr rev_id="1509831" t="чемпионами"><v><l id="375185" t="чемпион"><g v="NOUN"></g><g v="anim"></g><g v="masc"></g><g v="plur"></g><g v="ablt"></g></l></v></tfr></token><token id="677753" text="мира"><tfr rev_id="3715105" t="мира"><v><l id="160807" t="мир"><g v="NOUN"></g><g v="inan"></g><g v="masc"></g><g v="sing"></g><g v="gen1"></g></l></v></tfr></token><token id="677754" text="по"><tfr rev_id="1509833" t="по"><v><l id="241240" t="по"><g v="PREP"></g></l></v></tfr></token><token id="677755" text="хоккею"><tfr rev_id="1509834" t="хоккею"><v><l id="371216" t="хоккей"><g v="NOUN"></g><g v="inan"></g><g v="masc"></g><g v="sing"></g><g v="datv"></g></l></v></tfr></token><token id="677756" text="среди"><tfr rev_id="1509835" t="среди"><v><l id="333473" t="среди"><g v="PREP"></g></l></v></tfr></token><token id="677757" text="молодёжных"><tfr rev_id="4359410" t="молодёжных"><v><l id="162801" t="молодёжный"><g v="ADJF"></g><g v="Qual"></g><g v="plur"></g><g v="gent"></g></l></v></tfr></token><token id="677758" text="команд"><tfr rev_id="1509837" t="команд"><v><l id="136706" t="команда"><g v="NOUN"></g><g v="inan"></g><g v="femn"></g><g v="plur"></g><g v="gent"></g></l></v></tfr></token><token id="677759" text="впервые"><tfr rev_id="1509838" t="впервые"><v><l id="52345" t="впервые"><g v="ADVB"></g></l></v></tfr></token><token id="677760" text="за"><tfr rev_id="1509839" t="за"><v><l id="98043" t="за"><g v="PREP"></g></l></v></tfr></token><token id="677761" text="последние"><tfr rev_id="3813024" t="последние"><v><l id="261565" t="последний"><g v="ADJF"></g><g v="inan"></g><g v="plur"></g><g v="accs"></g></l></v></tfr></token><token id="677762" text="семь"><tfr rev_id="1509841" t="семь"><v><l id="318656" t="семь"><g v="NUMR"></g><g v="nomn"></g></l></v><v><l id="318656" t="семь"><g v="NUMR"></g><g v="accs"></g></l></v></tfr></token><token id="677763" text="лет"><tfr rev_id="3439871" t="лет"><v><l id="72149" t="год"><g v="NOUN"></g><g v="inan"></g><g v="masc"></g><g v="plur"></g><g v="gent"></g></l></v></tfr></token><token id="677764" text="."><tfr rev_id="1509843" t="."><v><l id="0" t="."><g v="PNCT"></g></l></v></tfr></token></tokens></sentence></paragraph><paragraph id="12191"><sentence id="38024"><source>После завершения финального матча в Буффало тренеры российской сборной высыпали на лёд с бутылками виски, празднуя победу.</source><tokens><token id="677765" text="После"><tfr rev_id="4405969" t="После"><v><l id="261542" t="после"><g v="PREP"></g></l></v></tfr></token><token id="677766" text="завершения"><tfr rev_id="3436692" t="завершения"><v><l id="99436" t="завершение"><g v="NOUN"></g><g v="inan"></g><g v="neut"></g><g v="sing"></g><g v="gent"></g></l></v></tfr></token><token id="677767" text="финального"><tfr rev_id="3449297" t="финального"><v><l id="366071" t="финальный"><g v="ADJF"></g><g v="Qual"></g><g v="masc"></g><g v="sing"></g><g v="gent"></g></l></v><v><l id="366071" t="финальный"><g v="ADJF"></g><g v="Qual"></g><g v="anim"></g><g v="masc"></g><g v="sing"></g><g v="accs"></g></l></v></tfr></token><token id="677768" text="матча"><tfr rev_id="1509847" t="матча"><v><l id="156440" t="матч"><g v="NOUN"></g><g v="inan"></g><g v="masc"></g><g v="sing"></g><g v="gent"></g></l></v></tfr></token><token id="677769" text="в"><tfr rev_id="1509848" t="в"><v><l id="37409" t="в"><g v="PREP"></g></l></v></tfr></token><token id="677770" text="Буффало"><tfr rev_id="1509849" t="Буффало"><v><l id="0" t="буффало"><g v="UNKN"></g></l></v></tfr></token><token id="677771" text="тренеры"><tfr rev_id="1509850" t="тренеры"><v><l id="349635" t="тренер"><g v="NOUN"></g><g v="anim"></g><g v="masc"></g><g v="plur"></g><g v="nomn"></g></l></v></tfr></token><token id="677772" text="российской"><tfr rev_id="4343424" t="российской"><v><l id="309319" t="российский"><g v="ADJF"></g><g v="femn"></g><g v="sing"></g><g v="gent"></g></l></v></tfr></token><token id="677773" text="сборной"><tfr rev_id="4352945" t="сборной"><v><l id="314367" t="сборная"><g v="NOUN"></g><g v="inan"></g><g v="femn"></g><g v="sing"></g><g v="gent"></g></l></v></tfr></token><token id="677774" text="высыпали"><tfr rev_id="1509853" t="высыпали"><v><l id="63016" t="высыпаю"><g v="VERB"></g><g v="impf"></g><g v="tran"></g><g v="plur"></g><g v="past"></g><g v="indc"></g></l></v><v><l id="63023" t="высыпал"><g v="VERB"></g><g v="perf"></g><g v="tran"></g><g v="plur"></g><g v="past"></g><g v="indc"></g></l></v></tfr></token><token id="677775" text="на"><tfr rev_id="2912892" t="на"><v><l id="166264" t="на"><g v="PREP"></g></l></v><v><l id="388676" t="на"><g v="INTJ"></g></l></v></tfr></token><token id="677776" text="лёд"><tfr rev_id="1509855" t="лёд"><v><l id="146061" t="лёд"><g v="NOUN"></g><g v="inan"></g><g v="masc"></g><g v="sing"></g><g v="nomn"></g></l></v><v><l id="146061" t="лёд"><g v="NOUN"></g><g v="inan"></g><g v="masc"></g><g v="sing"></g><g v="accs"></g></l></v></tfr></token><token id="677777" text="с"><tfr rev_id="1509856" t="с"><v><l id="311151" t="с"><g v="PREP"></g></l></v></tfr></token><token id="677778" text="бутылками"><tfr rev_id="1509857" t="бутылками"><v><l id="36641" t="бутылка"><g v="NOUN"></g><g v="inan"></g><g v="femn"></g><g v="plur"></g><g v="ablt"></g></l></v></tfr></token><token id="677779" text="виски"><tfr rev_id="4495779" t="виски"><v><l id="45537" t="виски"><g v="NOUN"></g><g v="inan"></g><g v="masc"></g><g v="Fixd"></g><g v="Ms-f"></g><g v="sing"></g><g v="gent"></g></l></v></tfr></token><token id="677780" text=","><tfr rev_id="1509859" t=","><v><l id="0" t=","><g v="PNCT"></g></l></v></tfr></token><token id="677781" text="празднуя"><tfr rev_id="1509860" t="празднуя"><v><l id="265844" t="празднуя"><g v="GRND"></g><g v="impf"></g><g v="tran"></g><g v="pres"></g></l></v></tfr></token><token id="677782" text="победу"><tfr rev_id="1509861" t="победу"><v><l id="241476" t="победа"><g v="NOUN"></g><g v="inan"></g><g v="femn"></g><g v="sing"></g><g v="accs"></g></l></v></tfr></token><token id="677783" text="."><tfr rev_id="1509862" t="."><v><l id="0" t="."><g v="PNCT"></g></l></v></tfr></token></tokens></sentence></paragraph></paragraphs></text>