<?xml version="1.0" encoding="utf-8"?><text id="1342" parent="226" name="16025 Петербург культурный и... сексуальный"><tags><tag>url:http://www.chaskor.ru/news/peterburg_kulturnyj_i_seksualnyj_16025</tag><tag>Год:2010</tag><tag>Дата:17/03</tag><tag>Тема:ЧасКор:Экзотика</tag><tag>Тема:ЧасКор:Экзотика/Города</tag></tags><paragraphs><paragraph id="12280"><sentence id="38348"><source>Петербург культурный и... сексуальный</source><tokens><token id="683651" text="Петербург"><tfr rev_id="3547670" t="Петербург"><v><l id="237887" t="петербург"><g v="NOUN"></g><g v="inan"></g><g v="masc"></g><g v="Geox"></g><g v="sing"></g><g v="nomn"></g></l></v></tfr></token><token id="683652" text="культурный"><tfr rev_id="1515516" t="культурный"><v><l id="144857" t="культурный"><g v="ADJF"></g><g v="Qual"></g><g v="masc"></g><g v="sing"></g><g v="nomn"></g></l></v><v><l id="144857" t="культурный"><g v="ADJF"></g><g v="Qual"></g><g v="inan"></g><g v="masc"></g><g v="sing"></g><g v="accs"></g></l></v></tfr></token><token id="683653" text="и"><tfr rev_id="3471160" t="и"><v><l id="116949" t="и"><g v="CONJ"></g></l></v></tfr></token><token id="683654" text="..."><tfr rev_id="1515518" t="..."><v><l id="0" t="..."><g v="PNCT"></g></l></v></tfr></token><token id="683655" text="сексуальный"><tfr rev_id="1515519" t="сексуальный"><v><l id="318096" t="сексуальный"><g v="ADJF"></g><g v="Qual"></g><g v="masc"></g><g v="sing"></g><g v="nomn"></g></l></v><v><l id="318096" t="сексуальный"><g v="ADJF"></g><g v="Qual"></g><g v="inan"></g><g v="masc"></g><g v="sing"></g><g v="accs"></g></l></v></tfr></token></tokens></sentence></paragraph><paragraph id="37860"><sentence id="38349"><source>Северная столица стала седьмой в рейтинге самых эротических городов мира.</source><tokens><token id="683656" text="Северная"><tfr rev_id="1515520" t="Северная"><v><l id="317517" t="северный"><g v="ADJF"></g><g v="Qual"></g><g v="femn"></g><g v="sing"></g><g v="nomn"></g></l></v></tfr></token><token id="683657" text="столица"><tfr rev_id="1515521" t="столица"><v><l id="336588" t="столица"><g v="NOUN"></g><g v="inan"></g><g v="femn"></g><g v="sing"></g><g v="nomn"></g></l></v></tfr></token><token id="683658" text="стала"><tfr rev_id="1515522" t="стала"><v><l id="335164" t="стал"><g v="VERB"></g><g v="perf"></g><g v="intr"></g><g v="femn"></g><g v="sing"></g><g v="past"></g><g v="indc"></g></l></v></tfr></token><token id="683659" text="седьмой"><tfr rev_id="4316872" t="седьмой"><v><l id="317851" t="седьмой"><g v="ADJF"></g><g v="Anum"></g><g v="femn"></g><g v="sing"></g><g v="ablt"></g></l></v></tfr></token><token id="683660" text="в"><tfr rev_id="1515524" t="в"><v><l id="37409" t="в"><g v="PREP"></g></l></v></tfr></token><token id="683661" text="рейтинге"><tfr rev_id="1515525" t="рейтинге"><v><l id="305607" t="рейтинг"><g v="NOUN"></g><g v="inan"></g><g v="masc"></g><g v="sing"></g><g v="loct"></g></l></v></tfr></token><token id="683662" text="самых"><tfr rev_id="2762380" t="самых"><v><l id="313174" t="самый"><g v="ADJF"></g><g v="Apro"></g><g v="plur"></g><g v="gent"></g></l></v></tfr></token><token id="683663" text="эротических"><tfr rev_id="4196934" t="эротических"><v><l id="386145" t="эротический"><g v="ADJF"></g><g v="plur"></g><g v="gent"></g></l></v></tfr></token><token id="683664" text="городов"><tfr rev_id="4100198" t="городов"><v><l id="73547" t="город"><g v="NOUN"></g><g v="inan"></g><g v="masc"></g><g v="plur"></g><g v="gent"></g></l></v></tfr></token><token id="683665" text="мира"><tfr rev_id="3714976" t="мира"><v><l id="160807" t="мир"><g v="NOUN"></g><g v="inan"></g><g v="masc"></g><g v="sing"></g><g v="gen1"></g></l></v></tfr></token><token id="683666" text="."><tfr rev_id="1515530" t="."><v><l id="0" t="."><g v="PNCT"></g></l></v></tfr></token></tokens></sentence></paragraph><paragraph id="12281"><sentence id="38350"><source>Столь необычный рейтинг составила и обнародовала британская газета Times.</source><tokens><token id="683667" text="Столь"><tfr rev_id="1515531" t="Столь"><v><l id="336669" t="столь"><g v="ADVB"></g></l></v></tfr></token><token id="683668" text="необычный"><tfr rev_id="1515532" t="необычный"><v><l id="184866" t="необычный"><g v="ADJF"></g><g v="Qual"></g><g v="masc"></g><g v="sing"></g><g v="nomn"></g></l></v><v><l id="184866" t="необычный"><g v="ADJF"></g><g v="Qual"></g><g v="inan"></g><g v="masc"></g><g v="sing"></g><g v="accs"></g></l></v></tfr></token><token id="683669" text="рейтинг"><tfr rev_id="3702405" t="рейтинг"><v><l id="305607" t="рейтинг"><g v="NOUN"></g><g v="inan"></g><g v="masc"></g><g v="sing"></g><g v="accs"></g></l></v></tfr></token><token id="683670" text="составила"><tfr rev_id="1515534" t="составила"><v><l id="330483" t="составил"><g v="VERB"></g><g v="perf"></g><g v="tran"></g><g v="femn"></g><g v="sing"></g><g v="past"></g><g v="indc"></g></l></v></tfr></token><token id="683671" text="и"><tfr rev_id="4106784" t="и"><v><l id="116949" t="и"><g v="CONJ"></g></l></v></tfr></token><token id="683672" text="обнародовала"><tfr rev_id="1515536" t="обнародовала"><v><l id="197753" t="обнародовал"><g v="VERB"></g><g v="perf"></g><g v="tran"></g><g v="femn"></g><g v="sing"></g><g v="past"></g><g v="indc"></g></l></v></tfr></token><token id="683673" text="британская"><tfr rev_id="1515537" t="британская"><v><l id="34021" t="британский"><g v="ADJF"></g><g v="femn"></g><g v="sing"></g><g v="nomn"></g></l></v></tfr></token><token id="683674" text="газета"><tfr rev_id="1515538" t="газета"><v><l id="65825" t="газета"><g v="NOUN"></g><g v="inan"></g><g v="femn"></g><g v="sing"></g><g v="nomn"></g></l></v></tfr></token><token id="683675" text="Times"><tfr rev_id="2475360" t="Times"><v><l id="0" t="Times"><g v="LATN"></g></l></v></tfr></token><token id="683676" text="."><tfr rev_id="1515540" t="."><v><l id="0" t="."><g v="PNCT"></g></l></v></tfr></token></tokens></sentence><sentence id="38351"><source>Неизвестно, по каким принципам проводился отбор городов для попадания в сексуальный список, но таких населённых пунктов составители перечня насчитали 12.</source><tokens><token id="683677" text="Неизвестно"><tfr rev_id="3647303" t="Неизвестно"><v><l id="182655" t="неизвестно"><g v="PRED"></g><g v="pres"></g></l></v><v><l id="182658" t="неизвестен"><g v="ADJS"></g><g v="Qual"></g><g v="neut"></g><g v="sing"></g></l></v><v><l id="389295" t="неизвестно"><g v="ADVB"></g></l></v></tfr></token><token id="683678" text=","><tfr rev_id="1515542" t=","><v><l id="0" t=","><g v="PNCT"></g></l></v></tfr></token><token id="683679" text="по"><tfr rev_id="1515543" t="по"><v><l id="241240" t="по"><g v="PREP"></g></l></v></tfr></token><token id="683680" text="каким"><tfr rev_id="3470515" t="каким"><v><l id="128224" t="какой"><g v="ADJF"></g><g v="Apro"></g><g v="plur"></g><g v="datv"></g></l></v></tfr></token><token id="683681" text="принципам"><tfr rev_id="1515545" t="принципам"><v><l id="272678" t="принцип"><g v="NOUN"></g><g v="inan"></g><g v="masc"></g><g v="plur"></g><g v="datv"></g></l></v></tfr></token><token id="683682" text="проводился"><tfr rev_id="1515546" t="проводился"><v><l id="278015" t="провожусь"><g v="VERB"></g><g v="impf"></g><g v="intr"></g><g v="masc"></g><g v="sing"></g><g v="past"></g><g v="indc"></g></l></v></tfr></token><token id="683683" text="отбор"><tfr rev_id="3531292" t="отбор"><v><l id="211900" t="отбор"><g v="NOUN"></g><g v="inan"></g><g v="masc"></g><g v="sing"></g><g v="nomn"></g></l></v></tfr></token><token id="683684" text="городов"><tfr rev_id="3476933" t="городов"><v><l id="73547" t="город"><g v="NOUN"></g><g v="inan"></g><g v="masc"></g><g v="plur"></g><g v="gent"></g></l></v></tfr></token><token id="683685" text="для"><tfr rev_id="2922716" t="для"><v><l id="85032" t="для"><g v="PREP"></g></l></v></tfr></token><token id="683686" text="попадания"><tfr rev_id="3452371" t="попадания"><v><l id="258941" t="попадание"><g v="NOUN"></g><g v="inan"></g><g v="neut"></g><g v="sing"></g><g v="gent"></g></l></v></tfr></token><token id="683687" text="в"><tfr rev_id="1515551" t="в"><v><l id="37409" t="в"><g v="PREP"></g></l></v></tfr></token><token id="683688" text="сексуальный"><tfr rev_id="1515552" t="сексуальный"><v><l id="318096" t="сексуальный"><g v="ADJF"></g><g v="Qual"></g><g v="masc"></g><g v="sing"></g><g v="nomn"></g></l></v><v><l id="318096" t="сексуальный"><g v="ADJF"></g><g v="Qual"></g><g v="inan"></g><g v="masc"></g><g v="sing"></g><g v="accs"></g></l></v></tfr></token><token id="683689" text="список"><tfr rev_id="4101576" t="список"><v><l id="332279" t="список"><g v="NOUN"></g><g v="inan"></g><g v="masc"></g><g v="sing"></g><g v="accs"></g></l></v></tfr></token><token id="683690" text=","><tfr rev_id="1515554" t=","><v><l id="0" t=","><g v="PNCT"></g></l></v></tfr></token><token id="683691" text="но"><tfr rev_id="1515555" t="но"><v><l id="191429" t="но"><g v="CONJ"></g></l></v><v><l id="191430" t="но"><g v="INTJ"></g></l></v></tfr></token><token id="683692" text="таких"><tfr rev_id="4159379" t="таких"><v><l id="342491" t="такой"><g v="ADJF"></g><g v="Apro"></g><g v="plur"></g><g v="gent"></g></l></v></tfr></token><token id="683693" text="населённых"><tfr rev_id="1515557" t="населённых"><v><l id="175224" t="населённый"><g v="ADJF"></g><g v="Qual"></g><g v="plur"></g><g v="gent"></g></l></v><v><l id="175224" t="населённый"><g v="ADJF"></g><g v="Qual"></g><g v="anim"></g><g v="plur"></g><g v="accs"></g></l></v><v><l id="175224" t="населённый"><g v="ADJF"></g><g v="Qual"></g><g v="plur"></g><g v="loct"></g></l></v><v><l id="175232" t="населённый"><g v="PRTF"></g><g v="perf"></g><g v="tran"></g><g v="past"></g><g v="pssv"></g><g v="plur"></g><g v="gent"></g></l></v><v><l id="175232" t="населённый"><g v="PRTF"></g><g v="perf"></g><g v="tran"></g><g v="past"></g><g v="pssv"></g><g v="anim"></g><g v="plur"></g><g v="accs"></g></l></v><v><l id="175232" t="населённый"><g v="PRTF"></g><g v="perf"></g><g v="tran"></g><g v="past"></g><g v="pssv"></g><g v="plur"></g><g v="loct"></g></l></v></tfr></token><token id="683694" text="пунктов"><tfr rev_id="1515558" t="пунктов"><v><l id="289177" t="пункт"><g v="NOUN"></g><g v="inan"></g><g v="masc"></g><g v="plur"></g><g v="gent"></g></l></v></tfr></token><token id="683695" text="составители"><tfr rev_id="1515559" t="составители"><v><l id="330480" t="составитель"><g v="NOUN"></g><g v="anim"></g><g v="masc"></g><g v="plur"></g><g v="nomn"></g></l></v></tfr></token><token id="683696" text="перечня"><tfr rev_id="1515560" t="перечня"><v><l id="236574" t="перечень"><g v="NOUN"></g><g v="inan"></g><g v="masc"></g><g v="sing"></g><g v="gent"></g></l></v></tfr></token><token id="683697" text="насчитали"><tfr rev_id="1515561" t="насчитали"><v><l id="176576" t="насчитал"><g v="VERB"></g><g v="perf"></g><g v="tran"></g><g v="plur"></g><g v="past"></g><g v="indc"></g></l></v></tfr></token><token id="683698" text="12"><tfr rev_id="2462699" t="12"><v><l id="0" t="12"><g v="NUMB"></g></l></v></tfr></token><token id="683699" text="."><tfr rev_id="1515563" t="."><v><l id="0" t="."><g v="PNCT"></g></l></v></tfr></token></tokens></sentence><sentence id="38352"><source>Лидером сексуальной дюжины оказался Рим.</source><tokens><token id="683700" text="Лидером"><tfr rev_id="1515564" t="Лидером"><v><l id="149007" t="лидер"><g v="NOUN"></g><g v="anim"></g><g v="masc"></g><g v="sing"></g><g v="ablt"></g></l></v></tfr></token><token id="683701" text="сексуальной"><tfr rev_id="4167419" t="сексуальной"><v><l id="318096" t="сексуальный"><g v="ADJF"></g><g v="Qual"></g><g v="femn"></g><g v="sing"></g><g v="gent"></g></l></v></tfr></token><token id="683702" text="дюжины"><tfr rev_id="3496823" t="дюжины"><v><l id="93711" t="дюжина"><g v="NOUN"></g><g v="inan"></g><g v="femn"></g><g v="sing"></g><g v="gent"></g></l></v></tfr></token><token id="683703" text="оказался"><tfr rev_id="1515567" t="оказался"><v><l id="204462" t="оказался"><g v="VERB"></g><g v="perf"></g><g v="intr"></g><g v="masc"></g><g v="sing"></g><g v="past"></g><g v="indc"></g></l></v></tfr></token><token id="683704" text="Рим"><tfr rev_id="4167820" t="Рим"><v><l id="307684" t="рим"><g v="NOUN"></g><g v="inan"></g><g v="masc"></g><g v="Geox"></g><g v="sing"></g><g v="nomn"></g></l></v></tfr></token><token id="683705" text="."><tfr rev_id="1515569" t="."><v><l id="0" t="."><g v="PNCT"></g></l></v></tfr></token></tokens></sentence><sentence id="38353"><source>«Пенящиеся фонтаны, замощённые базарные площади и энергия, достаточная, чтобы запустить ракету»,</source><tokens><token id="683706" text="«"><tfr rev_id="2446655" t="«"><v><l id="0" t="«"><g v="PNCT"></g></l></v></tfr></token><token id="683707" text="Пенящиеся"><tfr rev_id="1515571" t="Пенящиеся"><v><l id="225993" t="пенящийся"><g v="PRTF"></g><g v="impf"></g><g v="intr"></g><g v="pres"></g><g v="actv"></g><g v="plur"></g><g v="nomn"></g></l></v><v><l id="225993" t="пенящийся"><g v="PRTF"></g><g v="impf"></g><g v="intr"></g><g v="pres"></g><g v="actv"></g><g v="inan"></g><g v="plur"></g><g v="accs"></g></l></v></tfr></token><token id="683708" text="фонтаны"><tfr rev_id="3750124" t="фонтаны"><v><l id="367021" t="фонтан"><g v="NOUN"></g><g v="inan"></g><g v="masc"></g><g v="plur"></g><g v="nomn"></g></l></v></tfr></token><token id="683709" text=","><tfr rev_id="1515573" t=","><v><l id="0" t=","><g v="PNCT"></g></l></v></tfr></token><token id="683710" text="замощённые"><tfr rev_id="1515574" t="замощённые"><v><l id="105860" t="замощённый"><g v="PRTF"></g><g v="perf"></g><g v="tran"></g><g v="past"></g><g v="pssv"></g><g v="plur"></g><g v="nomn"></g></l></v><v><l id="105860" t="замощённый"><g v="PRTF"></g><g v="perf"></g><g v="tran"></g><g v="past"></g><g v="pssv"></g><g v="inan"></g><g v="plur"></g><g v="accs"></g></l></v></tfr></token><token id="683711" text="базарные"><tfr rev_id="4086655" t="базарные"><v><l id="22178" t="базарный"><g v="ADJF"></g><g v="Qual"></g><g v="plur"></g><g v="nomn"></g></l></v></tfr></token><token id="683712" text="площади"><tfr rev_id="3767116" t="площади"><v><l id="240936" t="площадь"><g v="NOUN"></g><g v="inan"></g><g v="femn"></g><g v="plur"></g><g v="nomn"></g></l></v></tfr></token><token id="683713" text="и"><tfr rev_id="1515577" t="и"><v><l id="116949" t="и"><g v="CONJ"></g></l></v><v><l id="116950" t="и"><g v="INTJ"></g></l></v></tfr></token><token id="683714" text="энергия"><tfr rev_id="1515578" t="энергия"><v><l id="385504" t="энергия"><g v="NOUN"></g><g v="inan"></g><g v="femn"></g><g v="sing"></g><g v="nomn"></g></l></v></tfr></token><token id="683715" text=","><tfr rev_id="1515579" t=","><v><l id="0" t=","><g v="PNCT"></g></l></v></tfr></token><token id="683716" text="достаточная"><tfr rev_id="1515580" t="достаточная"><v><l id="90479" t="достаточный"><g v="ADJF"></g><g v="Qual"></g><g v="femn"></g><g v="sing"></g><g v="nomn"></g></l></v></tfr></token><token id="683717" text=","><tfr rev_id="1515581" t=","><v><l id="0" t=","><g v="PNCT"></g></l></v></tfr></token><token id="683718" text="чтобы"><tfr rev_id="1515582" t="чтобы"><v><l id="377013" t="чтобы"><g v="CONJ"></g></l></v><v><l id="377014" t="чтобы"><g v="PRCL"></g></l></v></tfr></token><token id="683719" text="запустить"><tfr rev_id="1515583" t="запустить"><v><l id="108327" t="запустить"><g v="INFN"></g><g v="perf"></g><g v="tran"></g></l></v></tfr></token><token id="683720" text="ракету"><tfr rev_id="1515584" t="ракету"><v><l id="297650" t="ракета"><g v="NOUN"></g><g v="inan"></g><g v="femn"></g><g v="sing"></g><g v="accs"></g></l></v></tfr></token><token id="683721" text="»"><tfr rev_id="2446656" t="»"><v><l id="0" t="»"><g v="PNCT"></g></l></v></tfr></token><token id="683722" text=","><tfr rev_id="1515586" t=","><v><l id="0" t=","><g v="PNCT"></g></l></v></tfr></token></tokens></sentence><sentence id="38354"><source>— цитирует «Росбалт» описание итальянской столицы.</source><tokens><token id="683723" text="—"><tfr rev_id="2446657" t="—"><v><l id="0" t="—"><g v="PNCT"></g></l></v></tfr></token><token id="683724" text="цитирует"><tfr rev_id="1515588" t="цитирует"><v><l id="374102" t="цитирую"><g v="VERB"></g><g v="impf"></g><g v="tran"></g><g v="sing"></g><g v="3per"></g><g v="pres"></g><g v="indc"></g></l></v></tfr></token><token id="683725" text="«"><tfr rev_id="2446658" t="«"><v><l id="0" t="«"><g v="PNCT"></g></l></v></tfr></token><token id="683726" text="Росбалт"><tfr rev_id="3340035" t="Росбалт"><v><l id="309108" t="росбалт"><g v="NOUN"></g><g v="inan"></g><g v="masc"></g><g v="Sgtm"></g><g v="Orgn"></g><g v="sing"></g><g v="nomn"></g></l></v></tfr></token><token id="683727" text="»"><tfr rev_id="2446659" t="»"><v><l id="0" t="»"><g v="PNCT"></g></l></v></tfr></token><token id="683728" text="описание"><tfr rev_id="2782547" t="описание"><v><l id="207152" t="описание"><g v="NOUN"></g><g v="inan"></g><g v="neut"></g><g v="sing"></g><g v="accs"></g></l></v></tfr></token><token id="683729" text="итальянской"><tfr rev_id="3431428" t="итальянской"><v><l id="127104" t="итальянский"><g v="ADJF"></g><g v="femn"></g><g v="sing"></g><g v="gent"></g></l></v></tfr></token><token id="683730" text="столицы"><tfr rev_id="3470779" t="столицы"><v><l id="336588" t="столица"><g v="NOUN"></g><g v="inan"></g><g v="femn"></g><g v="sing"></g><g v="gent"></g></l></v></tfr></token><token id="683731" text="."><tfr rev_id="1515595" t="."><v><l id="0" t="."><g v="PNCT"></g></l></v></tfr></token></tokens></sentence><sentence id="38355"><source>Следом за британской столицей расположились Нью-Йорк, Берлин и Париж.</source><tokens><token id="683732" text="Следом"><tfr rev_id="4265127" t="Следом"><v><l id="324757" t="следом"><g v="ADVB"></g></l></v></tfr></token><token id="683733" text="за"><tfr rev_id="1515597" t="за"><v><l id="98043" t="за"><g v="PREP"></g></l></v></tfr></token><token id="683734" text="британской"><tfr rev_id="4167512" t="британской"><v><l id="34021" t="британский"><g v="ADJF"></g><g v="femn"></g><g v="sing"></g><g v="ablt"></g></l></v></tfr></token><token id="683735" text="столицей"><tfr rev_id="1515599" t="столицей"><v><l id="336588" t="столица"><g v="NOUN"></g><g v="inan"></g><g v="femn"></g><g v="sing"></g><g v="ablt"></g></l></v></tfr></token><token id="683736" text="расположились"><tfr rev_id="1515600" t="расположились"><v><l id="300108" t="расположился"><g v="VERB"></g><g v="perf"></g><g v="intr"></g><g v="plur"></g><g v="past"></g><g v="indc"></g></l></v></tfr></token><token id="683737" text="Нью-Йорк"><tfr rev_id="2782672" t="Нью-Йорк"><v><l id="192831" t="нью-йорк"><g v="NOUN"></g><g v="inan"></g><g v="masc"></g><g v="Geox"></g><g v="sing"></g><g v="nomn"></g></l></v></tfr></token><token id="683738" text=","><tfr rev_id="1515602" t=","><v><l id="0" t=","><g v="PNCT"></g></l></v></tfr></token><token id="683739" text="Берлин"><tfr rev_id="3502631" t="Берлин"><v><l id="27989" t="берлин"><g v="NOUN"></g><g v="inan"></g><g v="masc"></g><g v="Geox"></g><g v="sing"></g><g v="nomn"></g></l></v><v><l id="27989" t="берлин"><g v="NOUN"></g><g v="inan"></g><g v="masc"></g><g v="Geox"></g><g v="sing"></g><g v="accs"></g></l></v></tfr></token><token id="683740" text="и"><tfr rev_id="1515604" t="и"><v><l id="116949" t="и"><g v="CONJ"></g></l></v><v><l id="116950" t="и"><g v="INTJ"></g></l></v></tfr></token><token id="683741" text="Париж"><tfr rev_id="3486321" t="Париж"><v><l id="224045" t="париж"><g v="NOUN"></g><g v="inan"></g><g v="masc"></g><g v="Sgtm"></g><g v="Geox"></g><g v="sing"></g><g v="nomn"></g></l></v></tfr></token><token id="683742" text="."><tfr rev_id="1515606" t="."><v><l id="0" t="."><g v="PNCT"></g></l></v></tfr></token></tokens></sentence><sentence id="38356"><source>Примечательно, что седьмое место в этом списке отдано российскому Санкт-Петербургу.</source><tokens><token id="683743" text="Примечательно"><tfr rev_id="1515607" t="Примечательно"><v><l id="272095" t="примечательно"><g v="ADVB"></g></l></v><v><l id="272099" t="примечателен"><g v="ADJS"></g><g v="neut"></g><g v="sing"></g></l></v></tfr></token><token id="683744" text=","><tfr rev_id="1515608" t=","><v><l id="0" t=","><g v="PNCT"></g></l></v></tfr></token><token id="683745" text="что"><tfr rev_id="3197638" t="что"><v><l id="377004" t="что"><g v="CONJ"></g></l></v><v><l id="377005" t="что"><g v="NPRO"></g><g v="neut"></g><g v="sing"></g><g v="nomn"></g></l></v><v><l id="377005" t="что"><g v="NPRO"></g><g v="neut"></g><g v="sing"></g><g v="accs"></g></l></v><v><l id="377006" t="что"><g v="ADVB"></g><g v="Ques"></g></l></v><v><l id="388695" t="что"><g v="PRCL"></g></l></v></tfr></token><token id="683746" text="седьмое"><tfr rev_id="1515610" t="седьмое"><v><l id="317851" t="седьмой"><g v="ADJF"></g><g v="Anum"></g><g v="neut"></g><g v="sing"></g><g v="nomn"></g></l></v><v><l id="317851" t="седьмой"><g v="ADJF"></g><g v="Anum"></g><g v="neut"></g><g v="sing"></g><g v="accs"></g></l></v></tfr></token><token id="683747" text="место"><tfr rev_id="1515611" t="место"><v><l id="158822" t="место"><g v="NOUN"></g><g v="inan"></g><g v="neut"></g><g v="sing"></g><g v="nomn"></g></l></v><v><l id="158822" t="место"><g v="NOUN"></g><g v="inan"></g><g v="neut"></g><g v="sing"></g><g v="accs"></g></l></v></tfr></token><token id="683748" text="в"><tfr rev_id="1515612" t="в"><v><l id="37409" t="в"><g v="PREP"></g></l></v></tfr></token><token id="683749" text="этом"><tfr rev_id="4435804" t="этом"><v><l id="386581" t="этот"><g v="ADJF"></g><g v="Subx"></g><g v="Apro"></g><g v="Anph"></g><g v="masc"></g><g v="sing"></g><g v="loct"></g></l></v></tfr></token><token id="683750" text="списке"><tfr rev_id="1515614" t="списке"><v><l id="332279" t="список"><g v="NOUN"></g><g v="inan"></g><g v="masc"></g><g v="sing"></g><g v="loct"></g></l></v></tfr></token><token id="683751" text="отдано"><tfr rev_id="1515615" t="отдано"><v><l id="213337" t="отдан"><g v="PRTS"></g><g v="perf"></g><g v="past"></g><g v="pssv"></g><g v="neut"></g><g v="sing"></g></l></v></tfr></token><token id="683752" text="российскому"><tfr rev_id="3285214" t="российскому"><v><l id="309319" t="российский"><g v="ADJF"></g><g v="masc"></g><g v="sing"></g><g v="datv"></g></l></v></tfr></token><token id="683753" text="Санкт-Петербургу"><tfr rev_id="1515617" t="Санкт-Петербургу"><v><l id="313346" t="санкт-петербург"><g v="NOUN"></g><g v="inan"></g><g v="masc"></g><g v="Geox"></g><g v="sing"></g><g v="datv"></g></l></v></tfr></token><token id="683754" text="."><tfr rev_id="1515618" t="."><v><l id="0" t="."><g v="PNCT"></g></l></v></tfr></token></tokens></sentence><sentence id="38357"><source>Причём аргументов в пользу его сексуальности приведено великое множество.</source><tokens><token id="683755" text="Причём"><tfr rev_id="1515619" t="Причём"><v><l id="276410" t="причём"><g v="CONJ"></g></l></v></tfr></token><token id="683756" text="аргументов"><tfr rev_id="1515620" t="аргументов"><v><l id="15995" t="аргумент"><g v="NOUN"></g><g v="inan"></g><g v="masc"></g><g v="plur"></g><g v="gent"></g></l></v></tfr></token><token id="683757" text="в"><tfr rev_id="1515621" t="в"><v><l id="37409" t="в"><g v="PREP"></g></l></v></tfr></token><token id="683758" text="пользу"><tfr rev_id="1515622" t="пользу"><v><l id="257077" t="польза"><g v="NOUN"></g><g v="inan"></g><g v="femn"></g><g v="sing"></g><g v="accs"></g></l></v></tfr></token><token id="683759" text="его"><tfr rev_id="4514095" t="его"><v><l id="94208" t="его"><g v="ADJF"></g><g v="Fixd"></g><g v="Apro"></g><g v="Anph"></g><g v="femn"></g><g v="sing"></g><g v="nomn"></g></l></v><v><l id="94208" t="его"><g v="ADJF"></g><g v="Fixd"></g><g v="Apro"></g><g v="Anph"></g><g v="femn"></g><g v="sing"></g><g v="gent"></g></l></v><v><l id="94208" t="его"><g v="ADJF"></g><g v="Fixd"></g><g v="Apro"></g><g v="Anph"></g><g v="femn"></g><g v="sing"></g><g v="datv"></g></l></v><v><l id="94208" t="его"><g v="ADJF"></g><g v="Fixd"></g><g v="Apro"></g><g v="Anph"></g><g v="femn"></g><g v="sing"></g><g v="accs"></g></l></v><v><l id="94208" t="его"><g v="ADJF"></g><g v="Fixd"></g><g v="Apro"></g><g v="Anph"></g><g v="femn"></g><g v="sing"></g><g v="ablt"></g></l></v><v><l id="94208" t="его"><g v="ADJF"></g><g v="Fixd"></g><g v="Apro"></g><g v="Anph"></g><g v="femn"></g><g v="sing"></g><g v="loct"></g></l></v></tfr></token><token id="683760" text="сексуальности"><tfr rev_id="3553847" t="сексуальности"><v><l id="318095" t="сексуальность"><g v="NOUN"></g><g v="inan"></g><g v="femn"></g><g v="sing"></g><g v="gent"></g></l></v></tfr></token><token id="683761" text="приведено"><tfr rev_id="1515625" t="приведено"><v><l id="269209" t="приведён"><g v="PRTS"></g><g v="perf"></g><g v="past"></g><g v="pssv"></g><g v="neut"></g><g v="sing"></g></l></v></tfr></token><token id="683762" text="великое"><tfr rev_id="3947647" t="великое"><v><l id="40614" t="великий"><g v="ADJF"></g><g v="neut"></g><g v="sing"></g><g v="nomn"></g></l></v><v><l id="40614" t="великий"><g v="ADJF"></g><g v="neut"></g><g v="sing"></g><g v="accs"></g></l></v></tfr></token><token id="683763" text="множество"><tfr rev_id="4102081" t="множество"><v><l id="162121" t="множество"><g v="NOUN"></g><g v="inan"></g><g v="neut"></g><g v="sing"></g><g v="nomn"></g></l></v></tfr></token><token id="683764" text="."><tfr rev_id="1515628" t="."><v><l id="0" t="."><g v="PNCT"></g></l></v></tfr></token></tokens></sentence></paragraph><paragraph id="12282"><sentence id="38358"><source>Times уверяет своих читателей в том, что зимой в Северной российской столице влюблённые парочки «стараются держаться ближе друг к другу, ныряя, чтобы согреться, из одного бара с водкой в другой, а летом одежды сбрасываются, и город превращается в один большой ресторан на свежем воздухе».</source><tokens><token id="683765" text="Times"><tfr rev_id="2475361" t="Times"><v><l id="0" t="Times"><g v="LATN"></g></l></v></tfr></token><token id="683766" text="уверяет"><tfr rev_id="1515630" t="уверяет"><v><l id="353479" t="уверяю"><g v="VERB"></g><g v="impf"></g><g v="tran"></g><g v="sing"></g><g v="3per"></g><g v="pres"></g><g v="indc"></g></l></v></tfr></token><token id="683767" text="своих"><tfr rev_id="3884754" t="своих"><v><l id="316379" t="свой"><g v="ADJF"></g><g v="Apro"></g><g v="Anph"></g><g v="anim"></g><g v="plur"></g><g v="accs"></g></l></v></tfr></token><token id="683768" text="читателей"><tfr rev_id="3713408" t="читателей"><v><l id="376715" t="читатель"><g v="NOUN"></g><g v="anim"></g><g v="masc"></g><g v="plur"></g><g v="accs"></g></l></v></tfr></token><token id="683769" text="в"><tfr rev_id="1515633" t="в"><v><l id="37409" t="в"><g v="PREP"></g></l></v></tfr></token><token id="683770" text="том"><tfr rev_id="4373886" t="том"><v><l id="348430" t="тот"><g v="ADJF"></g><g v="Subx"></g><g v="Apro"></g><g v="Anph"></g><g v="neut"></g><g v="sing"></g><g v="loct"></g></l></v></tfr></token><token id="683771" text=","><tfr rev_id="1515635" t=","><v><l id="0" t=","><g v="PNCT"></g></l></v></tfr></token><token id="683772" text="что"><tfr rev_id="3197639" t="что"><v><l id="377004" t="что"><g v="CONJ"></g></l></v><v><l id="377005" t="что"><g v="NPRO"></g><g v="neut"></g><g v="sing"></g><g v="nomn"></g></l></v><v><l id="377005" t="что"><g v="NPRO"></g><g v="neut"></g><g v="sing"></g><g v="accs"></g></l></v><v><l id="377006" t="что"><g v="ADVB"></g><g v="Ques"></g></l></v><v><l id="388695" t="что"><g v="PRCL"></g></l></v></tfr></token><token id="683773" text="зимой"><tfr rev_id="4277932" t="зимой"><v><l id="115448" t="зимой"><g v="ADVB"></g></l></v></tfr></token><token id="683774" text="в"><tfr rev_id="1515638" t="в"><v><l id="37409" t="в"><g v="PREP"></g></l></v></tfr></token><token id="683775" text="Северной"><tfr rev_id="3861952" t="Северной"><v><l id="317517" t="северный"><g v="ADJF"></g><g v="Qual"></g><g v="femn"></g><g v="sing"></g><g v="loct"></g></l></v></tfr></token><token id="683776" text="российской"><tfr rev_id="4495159" t="российской"><v><l id="309319" t="российский"><g v="ADJF"></g><g v="femn"></g><g v="sing"></g><g v="loct"></g></l></v></tfr></token><token id="683777" text="столице"><tfr rev_id="3550801" t="столице"><v><l id="336588" t="столица"><g v="NOUN"></g><g v="inan"></g><g v="femn"></g><g v="sing"></g><g v="loct"></g></l></v></tfr></token><token id="683778" text="влюблённые"><tfr rev_id="3683746" t="влюблённые"><v><l id="46994" t="влюблённый"><g v="PRTF"></g><g v="perf"></g><g v="tran"></g><g v="past"></g><g v="pssv"></g><g v="Adjx"></g><g v="plur"></g><g v="nomn"></g></l></v><v><l id="46994" t="влюблённый"><g v="PRTF"></g><g v="perf"></g><g v="tran"></g><g v="past"></g><g v="pssv"></g><g v="Adjx"></g><g v="inan"></g><g v="plur"></g><g v="accs"></g></l></v></tfr></token><token id="683779" text="парочки"><tfr rev_id="3796882" t="парочки"><v><l id="224362" t="парочка"><g v="NOUN"></g><g v="inan"></g><g v="femn"></g><g v="plur"></g><g v="nomn"></g></l></v></tfr></token><token id="683780" text="«"><tfr rev_id="2446660" t="«"><v><l id="0" t="«"><g v="PNCT"></g></l></v></tfr></token><token id="683781" text="стараются"><tfr rev_id="1515645" t="стараются"><v><l id="334746" t="стараюсь"><g v="VERB"></g><g v="impf"></g><g v="intr"></g><g v="plur"></g><g v="3per"></g><g v="pres"></g><g v="indc"></g></l></v></tfr></token><token id="683782" text="держаться"><tfr rev_id="1515646" t="держаться"><v><l id="81748" t="держаться"><g v="INFN"></g><g v="impf"></g><g v="intr"></g></l></v></tfr></token><token id="683783" text="ближе"><tfr rev_id="1515647" t="ближе"><v><l id="30859" t="ближе"><g v="COMP"></g><g v="Qual"></g></l></v></tfr></token><token id="683784" text="друг"><tfr rev_id="1515648" t="друг"><v><l id="92341" t="друг"><g v="NOUN"></g><g v="anim"></g><g v="masc"></g><g v="sing"></g><g v="nomn"></g></l></v></tfr></token><token id="683785" text="к"><tfr rev_id="1515649" t="к"><v><l id="127460" t="к"><g v="PREP"></g></l></v></tfr></token><token id="683786" text="другу"><tfr rev_id="1515650" t="другу"><v><l id="92341" t="друг"><g v="NOUN"></g><g v="anim"></g><g v="masc"></g><g v="sing"></g><g v="datv"></g></l></v></tfr></token><token id="683787" text=","><tfr rev_id="1515651" t=","><v><l id="0" t=","><g v="PNCT"></g></l></v></tfr></token><token id="683788" text="ныряя"><tfr rev_id="1515652" t="ныряя"><v><l id="192814" t="ныряя"><g v="GRND"></g><g v="impf"></g><g v="intr"></g><g v="pres"></g></l></v></tfr></token><token id="683789" text=","><tfr rev_id="1515653" t=","><v><l id="0" t=","><g v="PNCT"></g></l></v></tfr></token><token id="683790" text="чтобы"><tfr rev_id="1515654" t="чтобы"><v><l id="377013" t="чтобы"><g v="CONJ"></g></l></v><v><l id="377014" t="чтобы"><g v="PRCL"></g></l></v></tfr></token><token id="683791" text="согреться"><tfr rev_id="1515655" t="согреться"><v><l id="328360" t="согреться"><g v="INFN"></g><g v="perf"></g><g v="intr"></g></l></v></tfr></token><token id="683792" text=","><tfr rev_id="1515656" t=","><v><l id="0" t=","><g v="PNCT"></g></l></v></tfr></token><token id="683793" text="из"><tfr rev_id="2602667" t="из"><v><l id="117677" t="из"><g v="PREP"></g></l></v></tfr></token><token id="683794" text="одного"><tfr rev_id="4300633" t="одного"><v><l id="203319" t="один"><g v="ADJF"></g><g v="Apro"></g><g v="Anum"></g><g v="masc"></g><g v="sing"></g><g v="gent"></g></l></v><v><l id="203319" t="один"><g v="ADJF"></g><g v="Apro"></g><g v="Anum"></g><g v="anim"></g><g v="masc"></g><g v="sing"></g><g v="accs"></g></l></v></tfr></token><token id="683795" text="бара"><tfr rev_id="1515659" t="бара"><v><l id="23657" t="бар"><g v="NOUN"></g><g v="inan"></g><g v="masc"></g><g v="sing"></g><g v="gent"></g></l></v></tfr></token><token id="683796" text="с"><tfr rev_id="1515660" t="с"><v><l id="311151" t="с"><g v="PREP"></g></l></v></tfr></token><token id="683797" text="водкой"><tfr rev_id="1515661" t="водкой"><v><l id="48076" t="водка"><g v="NOUN"></g><g v="inan"></g><g v="femn"></g><g v="sing"></g><g v="ablt"></g></l></v></tfr></token><token id="683798" text="в"><tfr rev_id="1515662" t="в"><v><l id="37409" t="в"><g v="PREP"></g></l></v></tfr></token><token id="683799" text="другой"><tfr rev_id="3560060" t="другой"><v><l id="92342" t="другой"><g v="ADJF"></g><g v="Apro"></g><g v="Subx"></g><g v="masc"></g><g v="sing"></g><g v="nomn"></g></l></v><v><l id="92342" t="другой"><g v="ADJF"></g><g v="Apro"></g><g v="Subx"></g><g v="inan"></g><g v="masc"></g><g v="sing"></g><g v="accs"></g></l></v></tfr></token><token id="683800" text=","><tfr rev_id="1515664" t=","><v><l id="0" t=","><g v="PNCT"></g></l></v></tfr></token><token id="683801" text="а"><tfr rev_id="3539658" t="а"><v><l id="51" t="а"><g v="CONJ"></g></l></v></tfr></token><token id="683802" text="летом"><tfr rev_id="4263675" t="летом"><v><l id="148696" t="летом"><g v="ADVB"></g></l></v></tfr></token><token id="683803" text="одежды"><tfr rev_id="3793830" t="одежды"><v><l id="203213" t="одежда"><g v="NOUN"></g><g v="inan"></g><g v="femn"></g><g v="plur"></g><g v="nomn"></g></l></v></tfr></token><token id="683804" text="сбрасываются"><tfr rev_id="1515668" t="сбрасываются"><v><l id="314398" t="сбрасываюсь"><g v="VERB"></g><g v="impf"></g><g v="intr"></g><g v="plur"></g><g v="3per"></g><g v="pres"></g><g v="indc"></g></l></v></tfr></token><token id="683805" text=","><tfr rev_id="1515669" t=","><v><l id="0" t=","><g v="PNCT"></g></l></v></tfr></token><token id="683806" text="и"><tfr rev_id="3551096" t="и"><v><l id="116949" t="и"><g v="CONJ"></g></l></v></tfr></token><token id="683807" text="город"><tfr rev_id="3300477" t="город"><v><l id="73547" t="город"><g v="NOUN"></g><g v="inan"></g><g v="masc"></g><g v="sing"></g><g v="nomn"></g></l></v></tfr></token><token id="683808" text="превращается"><tfr rev_id="1515672" t="превращается"><v><l id="266144" t="превращаюсь"><g v="VERB"></g><g v="impf"></g><g v="intr"></g><g v="sing"></g><g v="3per"></g><g v="pres"></g><g v="indc"></g></l></v></tfr></token><token id="683809" text="в"><tfr rev_id="1515673" t="в"><v><l id="37409" t="в"><g v="PREP"></g></l></v></tfr></token><token id="683810" text="один"><tfr rev_id="4299711" t="один"><v><l id="203319" t="один"><g v="ADJF"></g><g v="Apro"></g><g v="Anum"></g><g v="masc"></g><g v="sing"></g><g v="nomn"></g></l></v><v><l id="203319" t="один"><g v="ADJF"></g><g v="Apro"></g><g v="Anum"></g><g v="inan"></g><g v="masc"></g><g v="sing"></g><g v="accs"></g></l></v></tfr></token><token id="683811" text="большой"><tfr rev_id="2635686" t="большой"><v><l id="32445" t="большой"><g v="ADJF"></g><g v="Qual"></g><g v="masc"></g><g v="sing"></g><g v="nomn"></g></l></v><v><l id="32445" t="большой"><g v="ADJF"></g><g v="Qual"></g><g v="inan"></g><g v="masc"></g><g v="sing"></g><g v="accs"></g></l></v></tfr></token><token id="683812" text="ресторан"><tfr rev_id="3547636" t="ресторан"><v><l id="306824" t="ресторан"><g v="NOUN"></g><g v="inan"></g><g v="masc"></g><g v="sing"></g><g v="accs"></g></l></v></tfr></token><token id="683813" text="на"><tfr rev_id="3334961" t="на"><v><l id="166264" t="на"><g v="PREP"></g></l></v></tfr></token><token id="683814" text="свежем"><tfr rev_id="3302295" t="свежем"><v><l id="314899" t="свежий"><g v="ADJF"></g><g v="Qual"></g><g v="masc"></g><g v="sing"></g><g v="loct"></g></l></v></tfr></token><token id="683815" text="воздухе"><tfr rev_id="1515679" t="воздухе"><v><l id="49093" t="воздух"><g v="NOUN"></g><g v="inan"></g><g v="masc"></g><g v="sing"></g><g v="loct"></g></l></v></tfr></token><token id="683816" text="»"><tfr rev_id="2446661" t="»"><v><l id="0" t="»"><g v="PNCT"></g></l></v></tfr></token><token id="683817" text="."><tfr rev_id="1515681" t="."><v><l id="0" t="."><g v="PNCT"></g></l></v></tfr></token></tokens></sentence><sentence id="38359"><source>Сексуальными британцы назвали не только Казачьи бани, но и Юсуповский дворец, в котором был убит Распутин.</source><tokens><token id="683818" text="Сексуальными"><tfr rev_id="1515682" t="Сексуальными"><v><l id="318096" t="сексуальный"><g v="ADJF"></g><g v="Qual"></g><g v="plur"></g><g v="ablt"></g></l></v></tfr></token><token id="683819" text="британцы"><tfr rev_id="1515683" t="британцы"><v><l id="34017" t="британец"><g v="NOUN"></g><g v="anim"></g><g v="masc"></g><g v="plur"></g><g v="nomn"></g></l></v></tfr></token><token id="683820" text="назвали"><tfr rev_id="1515684" t="назвали"><v><l id="170342" t="назвал"><g v="VERB"></g><g v="perf"></g><g v="tran"></g><g v="plur"></g><g v="past"></g><g v="indc"></g></l></v></tfr></token><token id="683821" text="не"><tfr rev_id="1515685" t="не"><v><l id="178876" t="не"><g v="PRCL"></g></l></v></tfr></token><token id="683822" text="только"><tfr rev_id="3784188" t="только"><v><l id="347395" t="только"><g v="CONJ"></g></l></v><v><l id="347396" t="только"><g v="PRCL"></g></l></v><v><l id="390053" t="только"><g v="ADVB"></g></l></v></tfr></token><token id="683823" text="Казачьи"><tfr rev_id="4074859" t="Казачьи"><v><l id="127955" t="казачий"><g v="ADJF"></g><g v="Poss"></g><g v="inan"></g><g v="plur"></g><g v="accs"></g></l></v></tfr></token><token id="683824" text="бани"><tfr rev_id="3807218" t="бани"><v><l id="23647" t="баня"><g v="NOUN"></g><g v="inan"></g><g v="femn"></g><g v="plur"></g><g v="accs"></g></l></v></tfr></token><token id="683825" text=","><tfr rev_id="1515689" t=","><v><l id="0" t=","><g v="PNCT"></g></l></v></tfr></token><token id="683826" text="но"><tfr rev_id="1515690" t="но"><v><l id="191429" t="но"><g v="CONJ"></g></l></v><v><l id="191430" t="но"><g v="INTJ"></g></l></v></tfr></token><token id="683827" text="и"><tfr rev_id="1515691" t="и"><v><l id="116949" t="и"><g v="CONJ"></g></l></v><v><l id="116950" t="и"><g v="INTJ"></g></l></v></tfr></token><token id="683828" text="Юсуповский"><tfr rev_id="1515692" t="Юсуповский"><v><l id="0" t="юсуповский"><g v="UNKN"></g></l></v></tfr></token><token id="683829" text="дворец"><tfr rev_id="4212708" t="дворец"><v><l id="78948" t="дворец"><g v="NOUN"></g><g v="inan"></g><g v="masc"></g><g v="sing"></g><g v="accs"></g></l></v></tfr></token><token id="683830" text=","><tfr rev_id="1515694" t=","><v><l id="0" t=","><g v="PNCT"></g></l></v></tfr></token><token id="683831" text="в"><tfr rev_id="1515695" t="в"><v><l id="37409" t="в"><g v="PREP"></g></l></v></tfr></token><token id="683832" text="котором"><tfr rev_id="3741503" t="котором"><v><l id="141203" t="который"><g v="ADJF"></g><g v="Apro"></g><g v="Subx"></g><g v="Anph"></g><g v="masc"></g><g v="sing"></g><g v="loct"></g></l></v></tfr></token><token id="683833" text="был"><tfr rev_id="1515697" t="был"><v><l id="37265" t="есть"><g v="VERB"></g><g v="impf"></g><g v="intr"></g><g v="masc"></g><g v="sing"></g><g v="past"></g><g v="indc"></g></l></v></tfr></token><token id="683834" text="убит"><tfr rev_id="1515698" t="убит"><v><l id="353018" t="убит"><g v="ADJS"></g><g v="Qual"></g><g v="masc"></g><g v="sing"></g></l></v><v><l id="353024" t="убит"><g v="PRTS"></g><g v="perf"></g><g v="past"></g><g v="pssv"></g><g v="masc"></g><g v="sing"></g></l></v></tfr></token><token id="683835" text="Распутин"><tfr rev_id="1515699" t="Распутин"><v><l id="300523" t="распутин"><g v="NOUN"></g><g v="anim"></g><g v="masc"></g><g v="Sgtm"></g><g v="Surn"></g><g v="sing"></g><g v="nomn"></g></l></v></tfr></token><token id="683836" text="."><tfr rev_id="1515700" t="."><v><l id="0" t="."><g v="PNCT"></g></l></v></tfr></token></tokens></sentence><sentence id="38360"><source>Впрочем, последнее место стало эталоном сексуальности не из-за кровавой истории, а из-за любви князя Феликса Юсупова переодеваться в женские платья.</source><tokens><token id="683837" text="Впрочем"><tfr rev_id="3423279" t="Впрочем"><v><l id="52738" t="впрочем"><g v="CONJ"></g><g v="Prnt"></g></l></v></tfr></token><token id="683838" text=","><tfr rev_id="1515702" t=","><v><l id="0" t=","><g v="PNCT"></g></l></v></tfr></token><token id="683839" text="последнее"><tfr rev_id="3809309" t="последнее"><v><l id="261565" t="последний"><g v="ADJF"></g><g v="neut"></g><g v="sing"></g><g v="nomn"></g></l></v><v><l id="261565" t="последний"><g v="ADJF"></g><g v="neut"></g><g v="sing"></g><g v="accs"></g></l></v></tfr></token><token id="683840" text="место"><tfr rev_id="3549799" t="место"><v><l id="158822" t="место"><g v="NOUN"></g><g v="inan"></g><g v="neut"></g><g v="sing"></g><g v="nomn"></g></l></v></tfr></token><token id="683841" text="стало"><tfr rev_id="1515705" t="стало"><v><l id="335164" t="стал"><g v="VERB"></g><g v="perf"></g><g v="intr"></g><g v="neut"></g><g v="sing"></g><g v="past"></g><g v="indc"></g></l></v></tfr></token><token id="683842" text="эталоном"><tfr rev_id="1515706" t="эталоном"><v><l id="386403" t="эталон"><g v="NOUN"></g><g v="inan"></g><g v="masc"></g><g v="sing"></g><g v="ablt"></g></l></v></tfr></token><token id="683843" text="сексуальности"><tfr rev_id="4344285" t="сексуальности"><v><l id="318095" t="сексуальность"><g v="NOUN"></g><g v="inan"></g><g v="femn"></g><g v="sing"></g><g v="gent"></g></l></v></tfr></token><token id="683844" text="не"><tfr rev_id="1515708" t="не"><v><l id="178876" t="не"><g v="PRCL"></g></l></v></tfr></token><token id="683845" text="из-за"><tfr rev_id="1515709" t="из-за"><v><l id="117678" t="из-за"><g v="PREP"></g></l></v></tfr></token><token id="683846" text="кровавой"><tfr rev_id="4417486" t="кровавой"><v><l id="143045" t="кровавый"><g v="ADJF"></g><g v="Qual"></g><g v="femn"></g><g v="sing"></g><g v="gent"></g></l></v></tfr></token><token id="683847" text="истории"><tfr rev_id="4178514" t="истории"><v><l id="126437" t="история"><g v="NOUN"></g><g v="inan"></g><g v="femn"></g><g v="sing"></g><g v="gent"></g></l></v></tfr></token><token id="683848" text=","><tfr rev_id="1515712" t=","><v><l id="0" t=","><g v="PNCT"></g></l></v></tfr></token><token id="683849" text="а"><tfr rev_id="1515713" t="а"><v><l id="51" t="а"><g v="CONJ"></g></l></v><v><l id="52" t="а"><g v="INTJ"></g></l></v><v><l id="53" t="а"><g v="PRCL"></g></l></v></tfr></token><token id="683850" text="из-за"><tfr rev_id="1515714" t="из-за"><v><l id="117678" t="из-за"><g v="PREP"></g></l></v></tfr></token><token id="683851" text="любви"><tfr rev_id="4240329" t="любви"><v><l id="152019" t="любовь"><g v="NOUN"></g><g v="inan"></g><g v="femn"></g><g v="sing"></g><g v="gent"></g></l></v></tfr></token><token id="683852" text="князя"><tfr rev_id="4390097" t="князя"><v><l id="134923" t="князь"><g v="NOUN"></g><g v="anim"></g><g v="masc"></g><g v="sing"></g><g v="gent"></g></l></v></tfr></token><token id="683853" text="Феликса"><tfr rev_id="4390162" t="Феликса"><v><l id="365071" t="феликс"><g v="NOUN"></g><g v="anim"></g><g v="masc"></g><g v="Name"></g><g v="sing"></g><g v="gent"></g></l></v></tfr></token><token id="683854" text="Юсупова"><tfr rev_id="4390889" t="Юсупова"><v><l id="387273" t="юсупов"><g v="NOUN"></g><g v="anim"></g><g v="masc"></g><g v="Sgtm"></g><g v="Surn"></g><g v="sing"></g><g v="gent"></g></l></v></tfr></token><token id="683855" text="переодеваться"><tfr rev_id="1515719" t="переодеваться"><v><l id="232058" t="переодеваться"><g v="INFN"></g><g v="impf"></g><g v="intr"></g></l></v></tfr></token><token id="683856" text="в"><tfr rev_id="1515720" t="в"><v><l id="37409" t="в"><g v="PREP"></g></l></v></tfr></token><token id="683857" text="женские"><tfr rev_id="4092530" t="женские"><v><l id="96743" t="женский"><g v="ADJF"></g><g v="inan"></g><g v="plur"></g><g v="accs"></g></l></v></tfr></token><token id="683858" text="платья"><tfr rev_id="3715248" t="платья"><v><l id="240074" t="платье"><g v="NOUN"></g><g v="inan"></g><g v="neut"></g><g v="plur"></g><g v="accs"></g></l></v></tfr></token><token id="683859" text="."><tfr rev_id="1515723" t="."><v><l id="0" t="."><g v="PNCT"></g></l></v></tfr></token></tokens></sentence><sentence id="38361"><source>Не менее эротичны, по мнению авторов статьи, питерские отели и рестораны, в частности отель «Европа», «Астория», ресторан «Зов Ильича», в котором «объединены Сталин и секс».</source><tokens><token id="683860" text="Не"><tfr rev_id="1515724" t="Не"><v><l id="178876" t="не"><g v="PRCL"></g></l></v></tfr></token><token id="683861" text="менее"><tfr rev_id="1515725" t="менее"><v><l id="158343" t="менее"><g v="ADVB"></g></l></v></tfr></token><token id="683862" text="эротичны"><tfr rev_id="1515726" t="эротичны"><v><l id="386149" t="эротичен"><g v="ADJS"></g><g v="Qual"></g><g v="plur"></g></l></v></tfr></token><token id="683863" text=","><tfr rev_id="1515727" t=","><v><l id="0" t=","><g v="PNCT"></g></l></v></tfr></token><token id="683864" text="по"><tfr rev_id="1515728" t="по"><v><l id="241240" t="по"><g v="PREP"></g></l></v></tfr></token><token id="683865" text="мнению"><tfr rev_id="1515729" t="мнению"><v><l id="161395" t="мнение"><g v="NOUN"></g><g v="inan"></g><g v="neut"></g><g v="sing"></g><g v="datv"></g></l></v></tfr></token><token id="683866" text="авторов"><tfr rev_id="2866430" t="авторов"><v><l id="3371" t="автор"><g v="NOUN"></g><g v="anim"></g><g v="masc"></g><g v="plur"></g><g v="gent"></g></l></v></tfr></token><token id="683867" text="статьи"><tfr rev_id="3269870" t="статьи"><v><l id="335173" t="статья"><g v="NOUN"></g><g v="inan"></g><g v="femn"></g><g v="sing"></g><g v="gent"></g></l></v></tfr></token><token id="683868" text=","><tfr rev_id="1515732" t=","><v><l id="0" t=","><g v="PNCT"></g></l></v></tfr></token><token id="683869" text="питерские"><tfr rev_id="3817074" t="питерские"><v><l id="239247" t="питерский"><g v="ADJF"></g><g v="plur"></g><g v="nomn"></g></l></v></tfr></token><token id="683870" text="отели"><tfr rev_id="3741708" t="отели"><v><l id="213569" t="отель"><g v="NOUN"></g><g v="inan"></g><g v="masc"></g><g v="plur"></g><g v="nomn"></g></l></v></tfr></token><token id="683871" text="и"><tfr rev_id="1515735" t="и"><v><l id="116949" t="и"><g v="CONJ"></g></l></v><v><l id="116950" t="и"><g v="INTJ"></g></l></v></tfr></token><token id="683872" text="рестораны"><tfr rev_id="3701346" t="рестораны"><v><l id="306824" t="ресторан"><g v="NOUN"></g><g v="inan"></g><g v="masc"></g><g v="plur"></g><g v="nomn"></g></l></v></tfr></token><token id="683873" text=","><tfr rev_id="1515737" t=","><v><l id="0" t=","><g v="PNCT"></g></l></v></tfr></token><token id="683874" text="в"><tfr rev_id="1515738" t="в"><v><l id="37409" t="в"><g v="PREP"></g></l></v></tfr></token><token id="683875" text="частности"><tfr rev_id="4025658" t="частности"><v><l id="374794" t="частность"><g v="NOUN"></g><g v="inan"></g><g v="femn"></g><g v="sing"></g><g v="loct"></g></l></v></tfr></token><token id="683876" text="отель"><tfr rev_id="1515740" t="отель"><v><l id="213569" t="отель"><g v="NOUN"></g><g v="inan"></g><g v="masc"></g><g v="sing"></g><g v="nomn"></g></l></v><v><l id="213569" t="отель"><g v="NOUN"></g><g v="inan"></g><g v="masc"></g><g v="sing"></g><g v="accs"></g></l></v></tfr></token><token id="683877" text="«"><tfr rev_id="2446662" t="«"><v><l id="0" t="«"><g v="PNCT"></g></l></v></tfr></token><token id="683878" text="Европа"><tfr rev_id="1515742" t="Европа"><v><l id="94019" t="европа"><g v="NOUN"></g><g v="inan"></g><g v="femn"></g><g v="Sgtm"></g><g v="Geox"></g><g v="sing"></g><g v="nomn"></g></l></v></tfr></token><token id="683879" text="»"><tfr rev_id="2446663" t="»"><v><l id="0" t="»"><g v="PNCT"></g></l></v></tfr></token><token id="683880" text=","><tfr rev_id="1515744" t=","><v><l id="0" t=","><g v="PNCT"></g></l></v></tfr></token><token id="683881" text="«"><tfr rev_id="2446664" t="«"><v><l id="0" t="«"><g v="PNCT"></g></l></v></tfr></token><token id="683882" text="Астория"><tfr rev_id="1515746" t="Астория"><v><l id="18978" t="астория"><g v="NOUN"></g><g v="inan"></g><g v="femn"></g><g v="Sgtm"></g><g v="Geox"></g><g v="sing"></g><g v="nomn"></g></l></v></tfr></token><token id="683883" text="»"><tfr rev_id="2446665" t="»"><v><l id="0" t="»"><g v="PNCT"></g></l></v></tfr></token><token id="683884" text=","><tfr rev_id="1515748" t=","><v><l id="0" t=","><g v="PNCT"></g></l></v></tfr></token><token id="683885" text="ресторан"><tfr rev_id="1515749" t="ресторан"><v><l id="306824" t="ресторан"><g v="NOUN"></g><g v="inan"></g><g v="masc"></g><g v="sing"></g><g v="nomn"></g></l></v><v><l id="306824" t="ресторан"><g v="NOUN"></g><g v="inan"></g><g v="masc"></g><g v="sing"></g><g v="accs"></g></l></v></tfr></token><token id="683886" text="«"><tfr rev_id="2446666" t="«"><v><l id="0" t="«"><g v="PNCT"></g></l></v></tfr></token><token id="683887" text="Зов"><tfr rev_id="4102798" t="Зов"><v><l id="116089" t="зов"><g v="NOUN"></g><g v="inan"></g><g v="masc"></g><g v="sing"></g><g v="nomn"></g></l></v></tfr></token><token id="683888" text="Ильича"><tfr rev_id="4397322" t="Ильича"><v><l id="121461" t="ильич"><g v="NOUN"></g><g v="anim"></g><g v="masc"></g><g v="Patr"></g><g v="sing"></g><g v="gent"></g></l></v></tfr></token><token id="683889" text="»"><tfr rev_id="2446667" t="»"><v><l id="0" t="»"><g v="PNCT"></g></l></v></tfr></token><token id="683890" text=","><tfr rev_id="1515754" t=","><v><l id="0" t=","><g v="PNCT"></g></l></v></tfr></token><token id="683891" text="в"><tfr rev_id="1515755" t="в"><v><l id="37409" t="в"><g v="PREP"></g></l></v></tfr></token><token id="683892" text="котором"><tfr rev_id="4395565" t="котором"><v><l id="141203" t="который"><g v="ADJF"></g><g v="Apro"></g><g v="Subx"></g><g v="Anph"></g><g v="masc"></g><g v="sing"></g><g v="loct"></g></l></v></tfr></token><token id="683893" text="«"><tfr rev_id="2446668" t="«"><v><l id="0" t="«"><g v="PNCT"></g></l></v></tfr></token><token id="683894" text="объединены"><tfr rev_id="1515758" t="объединены"><v><l id="201760" t="объединён"><g v="PRTS"></g><g v="perf"></g><g v="past"></g><g v="pssv"></g><g v="plur"></g></l></v></tfr></token><token id="683895" text="Сталин"><tfr rev_id="3496064" t="Сталин"><v><l id="334503" t="сталин"><g v="NOUN"></g><g v="anim"></g><g v="masc"></g><g v="Sgtm"></g><g v="Surn"></g><g v="sing"></g><g v="nomn"></g></l></v></tfr></token><token id="683896" text="и"><tfr rev_id="1515760" t="и"><v><l id="116949" t="и"><g v="CONJ"></g></l></v><v><l id="116950" t="и"><g v="INTJ"></g></l></v></tfr></token><token id="683897" text="секс"><tfr rev_id="1515761" t="секс"><v><l id="318071" t="секс"><g v="NOUN"></g><g v="inan"></g><g v="masc"></g><g v="sing"></g><g v="nomn"></g></l></v><v><l id="318071" t="секс"><g v="NOUN"></g><g v="inan"></g><g v="masc"></g><g v="sing"></g><g v="accs"></g></l></v></tfr></token><token id="683898" text="»"><tfr rev_id="2446669" t="»"><v><l id="0" t="»"><g v="PNCT"></g></l></v></tfr></token><token id="683899" text="."><tfr rev_id="1515763" t="."><v><l id="0" t="."><g v="PNCT"></g></l></v></tfr></token></tokens></sentence><sentence id="38362"><source>Но пиком питерской сексуальности у англичан считается балет.</source><tokens><token id="683900" text="Но"><tfr rev_id="3555718" t="Но"><v><l id="191429" t="но"><g v="CONJ"></g></l></v></tfr></token><token id="683901" text="пиком"><tfr rev_id="1515765" t="пиком"><v><l id="238491" t="пик"><g v="NOUN"></g><g v="inan"></g><g v="masc"></g><g v="sing"></g><g v="ablt"></g></l></v></tfr></token><token id="683902" text="питерской"><tfr rev_id="4170265" t="питерской"><v><l id="239247" t="питерский"><g v="ADJF"></g><g v="femn"></g><g v="sing"></g><g v="gent"></g></l></v></tfr></token><token id="683903" text="сексуальности"><tfr rev_id="4344286" t="сексуальности"><v><l id="318095" t="сексуальность"><g v="NOUN"></g><g v="inan"></g><g v="femn"></g><g v="sing"></g><g v="gent"></g></l></v></tfr></token><token id="683904" text="у"><tfr rev_id="3325852" t="у"><v><l id="352818" t="у"><g v="PREP"></g></l></v></tfr></token><token id="683905" text="англичан"><tfr rev_id="3464991" t="англичан"><v><l id="12745" t="англичанин"><g v="NOUN"></g><g v="anim"></g><g v="masc"></g><g v="plur"></g><g v="gent"></g></l></v></tfr></token><token id="683906" text="считается"><tfr rev_id="1515770" t="считается"><v><l id="341335" t="считаюсь"><g v="VERB"></g><g v="impf"></g><g v="intr"></g><g v="sing"></g><g v="3per"></g><g v="pres"></g><g v="indc"></g></l></v></tfr></token><token id="683907" text="балет"><tfr rev_id="1515771" t="балет"><v><l id="23093" t="балет"><g v="NOUN"></g><g v="inan"></g><g v="masc"></g><g v="sing"></g><g v="nomn"></g></l></v><v><l id="23093" t="балет"><g v="NOUN"></g><g v="inan"></g><g v="masc"></g><g v="sing"></g><g v="accs"></g></l></v></tfr></token><token id="683908" text="."><tfr rev_id="1515772" t="."><v><l id="0" t="."><g v="PNCT"></g></l></v></tfr></token></tokens></sentence><sentence id="38363"><source>Times настоятельно рекомендует посетить для истинного наслаждения Михайловский театр.</source><tokens><token id="683909" text="Times"><tfr rev_id="2475362" t="Times"><v><l id="0" t="Times"><g v="LATN"></g></l></v></tfr></token><token id="683910" text="настоятельно"><tfr rev_id="1515774" t="настоятельно"><v><l id="176129" t="настоятельно"><g v="ADVB"></g></l></v><v><l id="176132" t="настоятелен"><g v="ADJS"></g><g v="Qual"></g><g v="neut"></g><g v="sing"></g></l></v></tfr></token><token id="683911" text="рекомендует"><tfr rev_id="3893263" t="рекомендует"><v><l id="305731" t="рекомендую"><g v="VERB"></g><g v="impf"></g><g v="tran"></g><g v="sing"></g><g v="3per"></g><g v="pres"></g><g v="indc"></g></l></v></tfr></token><token id="683912" text="посетить"><tfr rev_id="1515776" t="посетить"><v><l id="261301" t="посетить"><g v="INFN"></g><g v="perf"></g><g v="tran"></g></l></v></tfr></token><token id="683913" text="для"><tfr rev_id="3452930" t="для"><v><l id="85032" t="для"><g v="PREP"></g></l></v></tfr></token><token id="683914" text="истинного"><tfr rev_id="3302459" t="истинного"><v><l id="126213" t="истинный"><g v="ADJF"></g><g v="Qual"></g><g v="neut"></g><g v="sing"></g><g v="gent"></g></l></v></tfr></token><token id="683915" text="наслаждения"><tfr rev_id="3433102" t="наслаждения"><v><l id="175498" t="наслаждение"><g v="NOUN"></g><g v="inan"></g><g v="neut"></g><g v="sing"></g><g v="gent"></g></l></v></tfr></token><token id="683916" text="Михайловский"><tfr rev_id="1515780" t="Михайловский"><v><l id="161220" t="михайловский"><g v="ADJF"></g><g v="masc"></g><g v="sing"></g><g v="nomn"></g></l></v><v><l id="161220" t="михайловский"><g v="ADJF"></g><g v="inan"></g><g v="masc"></g><g v="sing"></g><g v="accs"></g></l></v></tfr></token><token id="683917" text="театр"><tfr rev_id="1515781" t="театр"><v><l id="343862" t="театр"><g v="NOUN"></g><g v="inan"></g><g v="masc"></g><g v="sing"></g><g v="nomn"></g></l></v><v><l id="343862" t="театр"><g v="NOUN"></g><g v="inan"></g><g v="masc"></g><g v="sing"></g><g v="accs"></g></l></v></tfr></token><token id="683918" text="."><tfr rev_id="1515782" t="."><v><l id="0" t="."><g v="PNCT"></g></l></v></tfr></token></tokens></sentence></paragraph></paragraphs></text>