<?xml version="1.0" encoding="utf-8"?><text id="1348" parent="608" name="0023870 Провидец"><tags><tag>url:http://sinhas-chandr.livejournal.com/23870.html</tag><tag>ЖЖ:Метка:books</tag><tag>Дата:26/11</tag><tag>Год:2006</tag></tags><paragraphs><paragraph id="12305"><sentence id="38424"><source>Провидец</source><tokens><token id="685127" text="Провидец"><tfr rev_id="1516991" t="Провидец"><v><l id="277916" t="провидец"><g v="NOUN"></g><g v="anim"></g><g v="masc"></g><g v="sing"></g><g v="nomn"></g></l></v></tfr></token></tokens></sentence><sentence id="38425"><source>Предисловие к русскому изданию “Performance Dashboards: Measuring, Monitoring, and Managing Your Business”, Wayne W.Eckerson / “Панели индикаторов как инструмент управления”, Уэйн У.Эккерсон, Москва, 2007 (снова привет из ближайшего будущего! :) ):</source><tokens><token id="685128" text="Предисловие"><tfr rev_id="4093283" t="Предисловие"><v><l id="266502" t="предисловие"><g v="NOUN"></g><g v="inan"></g><g v="neut"></g><g v="sing"></g><g v="nomn"></g></l></v></tfr></token><token id="685129" text="к"><tfr rev_id="1516993" t="к"><v><l id="127460" t="к"><g v="PREP"></g></l></v></tfr></token><token id="685130" text="русскому"><tfr rev_id="3453962" t="русскому"><v><l id="310321" t="русский"><g v="ADJF"></g><g v="Subx"></g><g v="neut"></g><g v="sing"></g><g v="datv"></g></l></v></tfr></token><token id="685131" text="изданию"><tfr rev_id="1516995" t="изданию"><v><l id="118742" t="издание"><g v="NOUN"></g><g v="inan"></g><g v="neut"></g><g v="sing"></g><g v="datv"></g></l></v></tfr></token><token id="685132" text="“"><tfr rev_id="2446700" t="“"><v><l id="0" t="“"><g v="PNCT"></g></l></v></tfr></token><token id="685133" text="Performance"><tfr rev_id="2475365" t="Performance"><v><l id="0" t="Performance"><g v="LATN"></g></l></v></tfr></token><token id="685134" text="Dashboards"><tfr rev_id="2475366" t="Dashboards"><v><l id="0" t="Dashboards"><g v="LATN"></g></l></v></tfr></token><token id="685135" text=":"><tfr rev_id="1516999" t=":"><v><l id="0" t=":"><g v="PNCT"></g></l></v></tfr></token><token id="685136" text="Measuring"><tfr rev_id="2475367" t="Measuring"><v><l id="0" t="Measuring"><g v="LATN"></g></l></v></tfr></token><token id="685137" text=","><tfr rev_id="1517001" t=","><v><l id="0" t=","><g v="PNCT"></g></l></v></tfr></token><token id="685138" text="Monitoring"><tfr rev_id="2475368" t="Monitoring"><v><l id="0" t="Monitoring"><g v="LATN"></g></l></v></tfr></token><token id="685139" text=","><tfr rev_id="1517003" t=","><v><l id="0" t=","><g v="PNCT"></g></l></v></tfr></token><token id="685140" text="and"><tfr rev_id="2475369" t="and"><v><l id="0" t="and"><g v="LATN"></g></l></v></tfr></token><token id="685141" text="Managing"><tfr rev_id="2475370" t="Managing"><v><l id="0" t="Managing"><g v="LATN"></g></l></v></tfr></token><token id="685142" text="Your"><tfr rev_id="2475371" t="Your"><v><l id="0" t="Your"><g v="LATN"></g></l></v></tfr></token><token id="685143" text="Business"><tfr rev_id="2475372" t="Business"><v><l id="0" t="Business"><g v="LATN"></g></l></v></tfr></token><token id="685144" text="”"><tfr rev_id="2446701" t="”"><v><l id="0" t="”"><g v="PNCT"></g></l></v></tfr></token><token id="685145" text=","><tfr rev_id="1517009" t=","><v><l id="0" t=","><g v="PNCT"></g></l></v></tfr></token><token id="685146" text="Wayne"><tfr rev_id="2475373" t="Wayne"><v><l id="0" t="Wayne"><g v="LATN"></g></l></v></tfr></token><token id="685147" text="W"><tfr rev_id="2475374" t="W"><v><l id="0" t="W"><g v="LATN"></g></l></v></tfr></token><token id="685148" text="."><tfr rev_id="1517012" t="."><v><l id="0" t="."><g v="PNCT"></g></l></v></tfr></token><token id="685149" text="Eckerson"><tfr rev_id="2475375" t="Eckerson"><v><l id="0" t="Eckerson"><g v="LATN"></g></l></v></tfr></token><token id="685150" text="/"><tfr rev_id="1517014" t="/"><v><l id="0" t="/"><g v="PNCT"></g></l></v></tfr></token><token id="685151" text="“"><tfr rev_id="2446702" t="“"><v><l id="0" t="“"><g v="PNCT"></g></l></v></tfr></token><token id="685152" text="Панели"><tfr rev_id="3768556" t="Панели"><v><l id="223238" t="панель"><g v="NOUN"></g><g v="inan"></g><g v="femn"></g><g v="plur"></g><g v="nomn"></g></l></v></tfr></token><token id="685153" text="индикаторов"><tfr rev_id="1517017" t="индикаторов"><v><l id="122239" t="индикатор"><g v="NOUN"></g><g v="inan"></g><g v="masc"></g><g v="plur"></g><g v="gent"></g></l></v></tfr></token><token id="685154" text="как"><tfr rev_id="1517018" t="как"><v><l id="128190" t="как"><g v="CONJ"></g></l></v><v><l id="128191" t="как"><g v="PRCL"></g></l></v><v><l id="128192" t="как"><g v="ADVB"></g><g v="Ques"></g></l></v></tfr></token><token id="685155" text="инструмент"><tfr rev_id="1517019" t="инструмент"><v><l id="122944" t="инструмент"><g v="NOUN"></g><g v="inan"></g><g v="masc"></g><g v="sing"></g><g v="nomn"></g></l></v><v><l id="122944" t="инструмент"><g v="NOUN"></g><g v="inan"></g><g v="masc"></g><g v="sing"></g><g v="accs"></g></l></v></tfr></token><token id="685156" text="управления"><tfr rev_id="3469979" t="управления"><v><l id="359211" t="управление"><g v="NOUN"></g><g v="inan"></g><g v="neut"></g><g v="sing"></g><g v="gent"></g></l></v></tfr></token><token id="685157" text="”"><tfr rev_id="2446703" t="”"><v><l id="0" t="”"><g v="PNCT"></g></l></v></tfr></token><token id="685158" text=","><tfr rev_id="1517022" t=","><v><l id="0" t=","><g v="PNCT"></g></l></v></tfr></token><token id="685159" text="Уэйн"><tfr rev_id="4453021" t="Уэйн"><v><l id="390710" t="уэйн"><g v="NOUN"></g><g v="anim"></g><g v="masc"></g><g v="Name"></g><g v="sing"></g><g v="nomn"></g></l></v></tfr></token><token id="685160" text="У"><tfr rev_id="4524557" t="У"><v><l id="352818" t="у"><g v="PREP"></g></l></v><v><l id="352819" t="у"><g v="INTJ"></g></l></v><v><l id="390199" t="у"><g v="NOUN"></g><g v="anim"></g><g v="ms-f"></g><g v="Sgtm"></g><g v="Fixd"></g><g v="Abbr"></g><g v="Name"></g><g v="Init"></g><g v="sing"></g><g v="ablt"></g></l></v><v><l id="390199" t="у"><g v="NOUN"></g><g v="anim"></g><g v="ms-f"></g><g v="Sgtm"></g><g v="Fixd"></g><g v="Abbr"></g><g v="Name"></g><g v="Init"></g><g v="sing"></g><g v="accs"></g></l></v><v><l id="390199" t="у"><g v="NOUN"></g><g v="anim"></g><g v="ms-f"></g><g v="Sgtm"></g><g v="Fixd"></g><g v="Abbr"></g><g v="Name"></g><g v="Init"></g><g v="sing"></g><g v="datv"></g></l></v><v><l id="390199" t="у"><g v="NOUN"></g><g v="anim"></g><g v="ms-f"></g><g v="Sgtm"></g><g v="Fixd"></g><g v="Abbr"></g><g v="Name"></g><g v="Init"></g><g v="sing"></g><g v="gent"></g></l></v><v><l id="390199" t="у"><g v="NOUN"></g><g v="anim"></g><g v="ms-f"></g><g v="Sgtm"></g><g v="Fixd"></g><g v="Abbr"></g><g v="Name"></g><g v="Init"></g><g v="sing"></g><g v="loct"></g></l></v><v><l id="390199" t="у"><g v="NOUN"></g><g v="anim"></g><g v="ms-f"></g><g v="Sgtm"></g><g v="Fixd"></g><g v="Abbr"></g><g v="Name"></g><g v="Init"></g><g v="sing"></g><g v="nomn"></g></l></v><v><l id="390200" t="у"><g v="NOUN"></g><g v="anim"></g><g v="ms-f"></g><g v="Sgtm"></g><g v="Fixd"></g><g v="Abbr"></g><g v="Patr"></g><g v="Init"></g><g v="sing"></g><g v="ablt"></g></l></v><v><l id="390200" t="у"><g v="NOUN"></g><g v="anim"></g><g v="ms-f"></g><g v="Sgtm"></g><g v="Fixd"></g><g v="Abbr"></g><g v="Patr"></g><g v="Init"></g><g v="sing"></g><g v="accs"></g></l></v><v><l id="390200" t="у"><g v="NOUN"></g><g v="anim"></g><g v="ms-f"></g><g v="Sgtm"></g><g v="Fixd"></g><g v="Abbr"></g><g v="Patr"></g><g v="Init"></g><g v="sing"></g><g v="datv"></g></l></v><v><l id="390200" t="у"><g v="NOUN"></g><g v="anim"></g><g v="ms-f"></g><g v="Sgtm"></g><g v="Fixd"></g><g v="Abbr"></g><g v="Patr"></g><g v="Init"></g><g v="sing"></g><g v="gent"></g></l></v><v><l id="390200" t="у"><g v="NOUN"></g><g v="anim"></g><g v="ms-f"></g><g v="Sgtm"></g><g v="Fixd"></g><g v="Abbr"></g><g v="Patr"></g><g v="Init"></g><g v="sing"></g><g v="loct"></g></l></v><v><l id="390200" t="у"><g v="NOUN"></g><g v="anim"></g><g v="ms-f"></g><g v="Sgtm"></g><g v="Fixd"></g><g v="Abbr"></g><g v="Patr"></g><g v="Init"></g><g v="sing"></g><g v="nomn"></g></l></v></tfr></token><token id="685161" text="."><tfr rev_id="1517025" t="."><v><l id="0" t="."><g v="PNCT"></g></l></v></tfr></token><token id="685162" text="Эккерсон"><tfr rev_id="1517026" t="Эккерсон"><v><l id="0" t="эккерсон"><g v="UNKN"></g></l></v></tfr></token><token id="685163" text=","><tfr rev_id="1517027" t=","><v><l id="0" t=","><g v="PNCT"></g></l></v></tfr></token><token id="685164" text="Москва"><tfr rev_id="1517028" t="Москва"><v><l id="163901" t="москва"><g v="NOUN"></g><g v="inan"></g><g v="femn"></g><g v="Sgtm"></g><g v="Geox"></g><g v="sing"></g><g v="nomn"></g></l></v></tfr></token><token id="685165" text=","><tfr rev_id="1517029" t=","><v><l id="0" t=","><g v="PNCT"></g></l></v></tfr></token><token id="685166" text="2007"><tfr rev_id="2462718" t="2007"><v><l id="0" t="2007"><g v="NUMB"></g></l></v></tfr></token><token id="685167" text="("><tfr rev_id="1517031" t="("><v><l id="0" t="("><g v="PNCT"></g></l></v></tfr></token><token id="685168" text="снова"><tfr rev_id="1517032" t="снова"><v><l id="327458" t="снова"><g v="ADVB"></g></l></v></tfr></token><token id="685169" text="привет"><tfr rev_id="4576416" t="привет"><v><l id="269215" t="привет"><g v="NOUN"></g><g v="inan"></g><g v="masc"></g><g v="sing"></g><g v="nomn"></g></l></v></tfr></token><token id="685170" text="из"><tfr rev_id="1717988" t="из"><v><l id="117677" t="из"><g v="PREP"></g></l></v></tfr></token><token id="685171" text="ближайшего"><tfr rev_id="4430757" t="ближайшего"><v><l id="30857" t="ближайший"><g v="ADJF"></g><g v="Supr"></g><g v="Qual"></g><g v="neut"></g><g v="sing"></g><g v="gent"></g></l></v></tfr></token><token id="685172" text="будущего"><tfr rev_id="4264241" t="будущего"><v><l id="35163" t="будущее"><g v="NOUN"></g><g v="inan"></g><g v="neut"></g><g v="sing"></g><g v="gent"></g></l></v></tfr></token><token id="685173" text="!"><tfr rev_id="1517037" t="!"><v><l id="0" t="!"><g v="PNCT"></g></l></v></tfr></token><token id="685174" text=":)"><tfr rev_id="1517038" t=":)"><v><l id="0" t=":)"><g v="PNCT"></g></l></v></tfr></token><token id="685175" text="):"><tfr rev_id="1517039" t="):"><v><l id="0" t="):"><g v="PNCT"></g></l></v></tfr></token></tokens></sentence></paragraph><paragraph id="12306"><sentence id="38426"><source>Здравствуй дорогой читатель.</source><tokens><token id="685176" text="Здравствуй"><tfr rev_id="4288297" t="Здравствуй"><v><l id="389783" t="здравствуй"><g v="INTJ"></g></l></v></tfr></token><token id="685177" text="дорогой"><tfr rev_id="4348666" t="дорогой"><v><l id="89724" t="дорогой"><g v="ADJF"></g><g v="Qual"></g><g v="masc"></g><g v="sing"></g><g v="nomn"></g></l></v><v><l id="89724" t="дорогой"><g v="ADJF"></g><g v="Qual"></g><g v="inan"></g><g v="masc"></g><g v="sing"></g><g v="accs"></g></l></v></tfr></token><token id="685178" text="читатель"><tfr rev_id="1517042" t="читатель"><v><l id="376715" t="читатель"><g v="NOUN"></g><g v="anim"></g><g v="masc"></g><g v="sing"></g><g v="nomn"></g></l></v></tfr></token><token id="685179" text="."><tfr rev_id="1517043" t="."><v><l id="0" t="."><g v="PNCT"></g></l></v></tfr></token></tokens></sentence><sentence id="38427"><source>Перед началом чтения данной книги хочу, чтобы вы ответили себе на несколько вопросов:</source><tokens><token id="685180" text="Перед"><tfr rev_id="2602984" t="Перед"><v><l id="228071" t="перед"><g v="PREP"></g></l></v></tfr></token><token id="685181" text="началом"><tfr rev_id="1517045" t="началом"><v><l id="178196" t="начало"><g v="NOUN"></g><g v="inan"></g><g v="neut"></g><g v="sing"></g><g v="ablt"></g></l></v></tfr></token><token id="685182" text="чтения"><tfr rev_id="3501685" t="чтения"><v><l id="376986" t="чтение"><g v="NOUN"></g><g v="inan"></g><g v="neut"></g><g v="sing"></g><g v="gent"></g></l></v></tfr></token><token id="685183" text="данной"><tfr rev_id="4469844" t="данной"><v><l id="78303" t="данный"><g v="ADJF"></g><g v="Apro"></g><g v="femn"></g><g v="sing"></g><g v="gent"></g></l></v><v><l id="78303" t="данный"><g v="ADJF"></g><g v="Apro"></g><g v="femn"></g><g v="sing"></g><g v="datv"></g></l></v><v><l id="78303" t="данный"><g v="ADJF"></g><g v="Apro"></g><g v="femn"></g><g v="sing"></g><g v="ablt"></g></l></v><v><l id="78303" t="данный"><g v="ADJF"></g><g v="Apro"></g><g v="femn"></g><g v="sing"></g><g v="loct"></g></l></v><v><l id="78549" t="данный"><g v="PRTF"></g><g v="perf"></g><g v="tran"></g><g v="past"></g><g v="pssv"></g><g v="femn"></g><g v="sing"></g><g v="gent"></g></l></v><v><l id="78549" t="данный"><g v="PRTF"></g><g v="perf"></g><g v="tran"></g><g v="past"></g><g v="pssv"></g><g v="femn"></g><g v="sing"></g><g v="datv"></g></l></v><v><l id="78549" t="данный"><g v="PRTF"></g><g v="perf"></g><g v="tran"></g><g v="past"></g><g v="pssv"></g><g v="femn"></g><g v="sing"></g><g v="ablt"></g></l></v><v><l id="78549" t="данный"><g v="PRTF"></g><g v="perf"></g><g v="tran"></g><g v="past"></g><g v="pssv"></g><g v="femn"></g><g v="sing"></g><g v="loct"></g></l></v></tfr></token><token id="685184" text="книги"><tfr rev_id="3493675" t="книги"><v><l id="134823" t="книга"><g v="NOUN"></g><g v="inan"></g><g v="femn"></g><g v="sing"></g><g v="gent"></g></l></v></tfr></token><token id="685185" text="хочу"><tfr rev_id="1517049" t="хочу"><v><l id="371713" t="хочу"><g v="VERB"></g><g v="impf"></g><g v="tran"></g><g v="sing"></g><g v="1per"></g><g v="pres"></g><g v="indc"></g></l></v></tfr></token><token id="685186" text=","><tfr rev_id="1517050" t=","><v><l id="0" t=","><g v="PNCT"></g></l></v></tfr></token><token id="685187" text="чтобы"><tfr rev_id="1517051" t="чтобы"><v><l id="377013" t="чтобы"><g v="CONJ"></g></l></v><v><l id="377014" t="чтобы"><g v="PRCL"></g></l></v></tfr></token><token id="685188" text="вы"><tfr rev_id="1517052" t="вы"><v><l id="55560" t="вы"><g v="NPRO"></g><g v="2per"></g><g v="plur"></g><g v="nomn"></g></l></v></tfr></token><token id="685189" text="ответили"><tfr rev_id="1517053" t="ответили"><v><l id="212433" t="ответил"><g v="VERB"></g><g v="perf"></g><g v="intr"></g><g v="plur"></g><g v="past"></g><g v="indc"></g></l></v></tfr></token><token id="685190" text="себе"><tfr rev_id="4399413" t="себе"><v><l id="317456" t="себя"><g v="NPRO"></g><g v="Anph"></g><g v="sing"></g><g v="datv"></g></l></v></tfr></token><token id="685191" text="на"><tfr rev_id="3341324" t="на"><v><l id="166264" t="на"><g v="PREP"></g></l></v></tfr></token><token id="685192" text="несколько"><tfr rev_id="4176686" t="несколько"><v><l id="188126" t="несколько"><g v="NUMR"></g><g v="nomn"></g></l></v><v><l id="188126" t="несколько"><g v="NUMR"></g><g v="inan"></g><g v="accs"></g></l></v></tfr></token><token id="685193" text="вопросов"><tfr rev_id="1517057" t="вопросов"><v><l id="50830" t="вопрос"><g v="NOUN"></g><g v="inan"></g><g v="masc"></g><g v="plur"></g><g v="gent"></g></l></v></tfr></token><token id="685194" text=":"><tfr rev_id="1517058" t=":"><v><l id="0" t=":"><g v="PNCT"></g></l></v></tfr></token></tokens></sentence><sentence id="38428"><source>Как к вам попала эта книга?</source><tokens><token id="685195" text="Как"><tfr rev_id="1517059" t="Как"><v><l id="128190" t="как"><g v="CONJ"></g></l></v><v><l id="128191" t="как"><g v="PRCL"></g></l></v><v><l id="128192" t="как"><g v="ADVB"></g><g v="Ques"></g></l></v></tfr></token><token id="685196" text="к"><tfr rev_id="1517060" t="к"><v><l id="127460" t="к"><g v="PREP"></g></l></v></tfr></token><token id="685197" text="вам"><tfr rev_id="1517061" t="вам"><v><l id="55560" t="вы"><g v="NPRO"></g><g v="2per"></g><g v="plur"></g><g v="datv"></g></l></v></tfr></token><token id="685198" text="попала"><tfr rev_id="1517062" t="попала"><v><l id="259025" t="попал"><g v="VERB"></g><g v="perf"></g><g v="intr"></g><g v="femn"></g><g v="sing"></g><g v="past"></g><g v="indc"></g></l></v></tfr></token><token id="685199" text="эта"><tfr rev_id="4437236" t="эта"><v><l id="386581" t="этот"><g v="ADJF"></g><g v="Subx"></g><g v="Apro"></g><g v="Anph"></g><g v="femn"></g><g v="sing"></g><g v="nomn"></g></l></v></tfr></token><token id="685200" text="книга"><tfr rev_id="1517064" t="книга"><v><l id="134823" t="книга"><g v="NOUN"></g><g v="inan"></g><g v="femn"></g><g v="sing"></g><g v="nomn"></g></l></v></tfr></token><token id="685201" text="?"><tfr rev_id="1517065" t="?"><v><l id="0" t="?"><g v="PNCT"></g></l></v></tfr></token></tokens></sentence><sentence id="38429"><source>Зачем она вам?</source><tokens><token id="685202" text="Зачем"><tfr rev_id="1517066" t="Зачем"><v><l id="113274" t="зачем"><g v="ADVB"></g><g v="Ques"></g><g v="Prdx"></g></l></v></tfr></token><token id="685203" text="она"><tfr rev_id="3586568" t="она"><v><l id="206544" t="она"><g v="NPRO"></g><g v="femn"></g><g v="3per"></g><g v="Anph"></g><g v="sing"></g><g v="nomn"></g></l></v></tfr></token><token id="685204" text="вам"><tfr rev_id="1517068" t="вам"><v><l id="55560" t="вы"><g v="NPRO"></g><g v="2per"></g><g v="plur"></g><g v="datv"></g></l></v></tfr></token><token id="685205" text="?"><tfr rev_id="1517069" t="?"><v><l id="0" t="?"><g v="PNCT"></g></l></v></tfr></token></tokens></sentence><sentence id="38430"><source>Который сейчас час?</source><tokens><token id="685206" text="Который"><tfr rev_id="3637485" t="Который"><v><l id="141203" t="который"><g v="ADJF"></g><g v="Apro"></g><g v="Subx"></g><g v="Anph"></g><g v="masc"></g><g v="sing"></g><g v="nomn"></g></l></v><v><l id="141203" t="который"><g v="ADJF"></g><g v="Apro"></g><g v="Subx"></g><g v="Anph"></g><g v="inan"></g><g v="masc"></g><g v="sing"></g><g v="accs"></g></l></v></tfr></token><token id="685207" text="сейчас"><tfr rev_id="1517071" t="сейчас"><v><l id="317975" t="сейчас"><g v="ADVB"></g></l></v></tfr></token><token id="685208" text="час"><tfr rev_id="3555916" t="час"><v><l id="374736" t="час"><g v="NOUN"></g><g v="inan"></g><g v="masc"></g><g v="sing"></g><g v="nomn"></g></l></v></tfr></token><token id="685209" text="?"><tfr rev_id="1517073" t="?"><v><l id="0" t="?"><g v="PNCT"></g></l></v></tfr></token></tokens></sentence><sentence id="38431"><source>Если эту книгу вам вручили на конференции или на каком-нибудь ином маркетинговом мероприятии, вы никогда не слышали таких терминов как Панели индикаторов, Хранилище данных, BI, OLAP, вы сейчас дома после ужина и собрались спать, можете смело открывать её – хороший сон гарантирован.</source><tokens><token id="685210" text="Если"><tfr rev_id="1517074" t="Если"><v><l id="95365" t="если"><g v="CONJ"></g></l></v></tfr></token><token id="685211" text="эту"><tfr rev_id="4438944" t="эту"><v><l id="386581" t="этот"><g v="ADJF"></g><g v="Subx"></g><g v="Apro"></g><g v="Anph"></g><g v="femn"></g><g v="sing"></g><g v="accs"></g></l></v></tfr></token><token id="685212" text="книгу"><tfr rev_id="1517076" t="книгу"><v><l id="134823" t="книга"><g v="NOUN"></g><g v="inan"></g><g v="femn"></g><g v="sing"></g><g v="accs"></g></l></v></tfr></token><token id="685213" text="вам"><tfr rev_id="1517077" t="вам"><v><l id="55560" t="вы"><g v="NPRO"></g><g v="2per"></g><g v="plur"></g><g v="datv"></g></l></v></tfr></token><token id="685214" text="вручили"><tfr rev_id="1517078" t="вручили"><v><l id="53227" t="вручил"><g v="VERB"></g><g v="perf"></g><g v="tran"></g><g v="plur"></g><g v="past"></g><g v="indc"></g></l></v></tfr></token><token id="685215" text="на"><tfr rev_id="3345278" t="на"><v><l id="166264" t="на"><g v="PREP"></g></l></v></tfr></token><token id="685216" text="конференции"><tfr rev_id="3947472" t="конференции"><v><l id="138725" t="конференция"><g v="NOUN"></g><g v="inan"></g><g v="femn"></g><g v="sing"></g><g v="loct"></g></l></v></tfr></token><token id="685217" text="или"><tfr rev_id="3787337" t="или"><v><l id="121146" t="или"><g v="CONJ"></g></l></v></tfr></token><token id="685218" text="на"><tfr rev_id="3340402" t="на"><v><l id="166264" t="на"><g v="PREP"></g></l></v></tfr></token><token id="685219" text="каком-нибудь"><tfr rev_id="3449397" t="каком-нибудь"><v><l id="128226" t="какой-нибудь"><g v="ADJF"></g><g v="Apro"></g><g v="neut"></g><g v="sing"></g><g v="loct"></g></l></v></tfr></token><token id="685220" text="ином"><tfr rev_id="4572123" t="ином"><v><l id="122715" t="иной"><g v="ADJF"></g><g v="Subx"></g><g v="Apro"></g><g v="neut"></g><g v="sing"></g><g v="loct"></g></l></v></tfr></token><token id="685221" text="маркетинговом"><tfr rev_id="4205717" t="маркетинговом"><v><l id="155288" t="маркетинговый"><g v="ADJF"></g><g v="neut"></g><g v="sing"></g><g v="loct"></g></l></v></tfr></token><token id="685222" text="мероприятии"><tfr rev_id="1517086" t="мероприятии"><v><l id="158644" t="мероприятие"><g v="NOUN"></g><g v="inan"></g><g v="neut"></g><g v="sing"></g><g v="loct"></g></l></v></tfr></token><token id="685223" text=","><tfr rev_id="1517087" t=","><v><l id="0" t=","><g v="PNCT"></g></l></v></tfr></token><token id="685224" text="вы"><tfr rev_id="1517088" t="вы"><v><l id="55560" t="вы"><g v="NPRO"></g><g v="2per"></g><g v="plur"></g><g v="nomn"></g></l></v></tfr></token><token id="685225" text="никогда"><tfr rev_id="1517089" t="никогда"><v><l id="190941" t="никогда"><g v="ADVB"></g></l></v></tfr></token><token id="685226" text="не"><tfr rev_id="1517090" t="не"><v><l id="178876" t="не"><g v="PRCL"></g></l></v></tfr></token><token id="685227" text="слышали"><tfr rev_id="1517091" t="слышали"><v><l id="325563" t="слышу"><g v="VERB"></g><g v="impf"></g><g v="tran"></g><g v="plur"></g><g v="past"></g><g v="indc"></g></l></v></tfr></token><token id="685228" text="таких"><tfr rev_id="3646470" t="таких"><v><l id="342491" t="такой"><g v="ADJF"></g><g v="Apro"></g><g v="plur"></g><g v="gent"></g></l></v></tfr></token><token id="685229" text="терминов"><tfr rev_id="1517093" t="терминов"><v><l id="345265" t="термин"><g v="NOUN"></g><g v="inan"></g><g v="masc"></g><g v="plur"></g><g v="gent"></g></l></v></tfr></token><token id="685230" text="как"><tfr rev_id="1517094" t="как"><v><l id="128190" t="как"><g v="CONJ"></g></l></v><v><l id="128191" t="как"><g v="PRCL"></g></l></v><v><l id="128192" t="как"><g v="ADVB"></g><g v="Ques"></g></l></v></tfr></token><token id="685231" text="Панели"><tfr rev_id="3796619" t="Панели"><v><l id="223238" t="панель"><g v="NOUN"></g><g v="inan"></g><g v="femn"></g><g v="plur"></g><g v="nomn"></g></l></v></tfr></token><token id="685232" text="индикаторов"><tfr rev_id="1517096" t="индикаторов"><v><l id="122239" t="индикатор"><g v="NOUN"></g><g v="inan"></g><g v="masc"></g><g v="plur"></g><g v="gent"></g></l></v></tfr></token><token id="685233" text=","><tfr rev_id="1517097" t=","><v><l id="0" t=","><g v="PNCT"></g></l></v></tfr></token><token id="685234" text="Хранилище"><tfr rev_id="4463025" t="Хранилище"><v><l id="371858" t="хранилище"><g v="NOUN"></g><g v="inan"></g><g v="neut"></g><g v="sing"></g><g v="nomn"></g></l></v></tfr></token><token id="685235" text="данных"><tfr rev_id="4537961" t="данных"><v><l id="78302" t="данные"><g v="NOUN"></g><g v="inan"></g><g v="GNdr"></g><g v="Pltm"></g><g v="plur"></g><g v="gent"></g></l></v></tfr></token><token id="685236" text=","><tfr rev_id="1517100" t=","><v><l id="0" t=","><g v="PNCT"></g></l></v></tfr></token><token id="685237" text="BI"><tfr rev_id="2475376" t="BI"><v><l id="0" t="BI"><g v="LATN"></g></l></v></tfr></token><token id="685238" text=","><tfr rev_id="1517102" t=","><v><l id="0" t=","><g v="PNCT"></g></l></v></tfr></token><token id="685239" text="OLAP"><tfr rev_id="2475377" t="OLAP"><v><l id="0" t="OLAP"><g v="LATN"></g></l></v></tfr></token><token id="685240" text=","><tfr rev_id="1517104" t=","><v><l id="0" t=","><g v="PNCT"></g></l></v></tfr></token><token id="685241" text="вы"><tfr rev_id="1517105" t="вы"><v><l id="55560" t="вы"><g v="NPRO"></g><g v="2per"></g><g v="plur"></g><g v="nomn"></g></l></v></tfr></token><token id="685242" text="сейчас"><tfr rev_id="1517106" t="сейчас"><v><l id="317975" t="сейчас"><g v="ADVB"></g></l></v></tfr></token><token id="685243" text="дома"><tfr rev_id="4242583" t="дома"><v><l id="88160" t="дома"><g v="ADVB"></g></l></v></tfr></token><token id="685244" text="после"><tfr rev_id="4406402" t="после"><v><l id="261542" t="после"><g v="PREP"></g></l></v></tfr></token><token id="685245" text="ужина"><tfr rev_id="3463489" t="ужина"><v><l id="355565" t="ужин"><g v="NOUN"></g><g v="inan"></g><g v="masc"></g><g v="sing"></g><g v="gent"></g></l></v></tfr></token><token id="685246" text="и"><tfr rev_id="1517110" t="и"><v><l id="116949" t="и"><g v="CONJ"></g></l></v><v><l id="116950" t="и"><g v="INTJ"></g></l></v></tfr></token><token id="685247" text="собрались"><tfr rev_id="1517111" t="собрались"><v><l id="327823" t="собрался"><g v="VERB"></g><g v="perf"></g><g v="intr"></g><g v="plur"></g><g v="past"></g><g v="indc"></g></l></v></tfr></token><token id="685248" text="спать"><tfr rev_id="1517112" t="спать"><v><l id="331612" t="спать"><g v="INFN"></g><g v="impf"></g><g v="intr"></g></l></v></tfr></token><token id="685249" text=","><tfr rev_id="1517113" t=","><v><l id="0" t=","><g v="PNCT"></g></l></v></tfr></token><token id="685250" text="можете"><tfr rev_id="1517114" t="можете"><v><l id="164485" t="могу"><g v="VERB"></g><g v="impf"></g><g v="intr"></g><g v="plur"></g><g v="2per"></g><g v="pres"></g><g v="indc"></g></l></v></tfr></token><token id="685251" text="смело"><tfr rev_id="4369353" t="смело"><v><l id="326044" t="смело"><g v="ADVB"></g></l></v></tfr></token><token id="685252" text="открывать"><tfr rev_id="1517116" t="открывать"><v><l id="214733" t="открывать"><g v="INFN"></g><g v="impf"></g><g v="tran"></g></l></v></tfr></token><token id="685253" text="её"><tfr rev_id="4472189" t="её"><v><l id="206544" t="она"><g v="NPRO"></g><g v="femn"></g><g v="3per"></g><g v="Anph"></g><g v="sing"></g><g v="gent"></g></l></v><v><l id="206544" t="она"><g v="NPRO"></g><g v="femn"></g><g v="3per"></g><g v="Anph"></g><g v="sing"></g><g v="accs"></g></l></v></tfr></token><token id="685254" text="–"><tfr rev_id="2446704" t="–"><v><l id="0" t="–"><g v="PNCT"></g></l></v></tfr></token><token id="685255" text="хороший"><tfr rev_id="1517119" t="хороший"><v><l id="371668" t="хороший"><g v="ADJF"></g><g v="Qual"></g><g v="masc"></g><g v="sing"></g><g v="nomn"></g></l></v><v><l id="371668" t="хороший"><g v="ADJF"></g><g v="Qual"></g><g v="inan"></g><g v="masc"></g><g v="sing"></g><g v="accs"></g></l></v></tfr></token><token id="685256" text="сон"><tfr rev_id="3465392" t="сон"><v><l id="329403" t="сон"><g v="NOUN"></g><g v="inan"></g><g v="masc"></g><g v="sing"></g><g v="nomn"></g></l></v></tfr></token><token id="685257" text="гарантирован"><tfr rev_id="1517121" t="гарантирован"><v><l id="67208" t="гарантирован"><g v="ADJS"></g><g v="masc"></g><g v="sing"></g></l></v><v><l id="67221" t="гарантирован"><g v="PRTS"></g><g v="perf"></g><g v="past"></g><g v="pssv"></g><g v="masc"></g><g v="sing"></g></l></v><v><l id="67222" t="гарантирован"><g v="PRTS"></g><g v="impf"></g><g v="past"></g><g v="pssv"></g><g v="masc"></g><g v="sing"></g></l></v></tfr></token><token id="685258" text="."><tfr rev_id="1517122" t="."><v><l id="0" t="."><g v="PNCT"></g></l></v></tfr></token></tokens></sentence><sentence id="38432"><source>В противном случае, если вы хотите выспаться и завтра свежим и бодрым прийти на работу, я рекомендую отложить её в сторону, дабы почитать её в любое время, но только не перед сном.</source><tokens><token id="685259" text="В"><tfr rev_id="1517123" t="В"><v><l id="37409" t="в"><g v="PREP"></g></l></v></tfr></token><token id="685260" text="противном"><tfr rev_id="3302344" t="противном"><v><l id="285807" t="противный"><g v="ADJF"></g><g v="Qual"></g><g v="masc"></g><g v="sing"></g><g v="loct"></g></l></v></tfr></token><token id="685261" text="случае"><tfr rev_id="1517125" t="случае"><v><l id="325472" t="случай"><g v="NOUN"></g><g v="inan"></g><g v="masc"></g><g v="sing"></g><g v="loct"></g></l></v></tfr></token><token id="685262" text=","><tfr rev_id="1517126" t=","><v><l id="0" t=","><g v="PNCT"></g></l></v></tfr></token><token id="685263" text="если"><tfr rev_id="1517127" t="если"><v><l id="95365" t="если"><g v="CONJ"></g></l></v></tfr></token><token id="685264" text="вы"><tfr rev_id="1517128" t="вы"><v><l id="55560" t="вы"><g v="NPRO"></g><g v="2per"></g><g v="plur"></g><g v="nomn"></g></l></v></tfr></token><token id="685265" text="хотите"><tfr rev_id="1517129" t="хотите"><v><l id="371713" t="хочу"><g v="VERB"></g><g v="impf"></g><g v="tran"></g><g v="plur"></g><g v="2per"></g><g v="pres"></g><g v="indc"></g></l></v><v><l id="371713" t="хочу"><g v="VERB"></g><g v="impf"></g><g v="tran"></g><g v="plur"></g><g v="impr"></g><g v="excl"></g></l></v></tfr></token><token id="685266" text="выспаться"><tfr rev_id="1517130" t="выспаться"><v><l id="62544" t="выспаться"><g v="INFN"></g><g v="perf"></g><g v="intr"></g></l></v></tfr></token><token id="685267" text="и"><tfr rev_id="4082150" t="и"><v><l id="116949" t="и"><g v="CONJ"></g></l></v></tfr></token><token id="685268" text="завтра"><tfr rev_id="1517132" t="завтра"><v><l id="100062" t="завтра"><g v="ADVB"></g></l></v></tfr></token><token id="685269" text="свежим"><tfr rev_id="4405158" t="свежим"><v><l id="314899" t="свежий"><g v="ADJF"></g><g v="Qual"></g><g v="masc"></g><g v="sing"></g><g v="ablt"></g></l></v></tfr></token><token id="685270" text="и"><tfr rev_id="1517134" t="и"><v><l id="116949" t="и"><g v="CONJ"></g></l></v><v><l id="116950" t="и"><g v="INTJ"></g></l></v></tfr></token><token id="685271" text="бодрым"><tfr rev_id="4298474" t="бодрым"><v><l id="31802" t="бодрый"><g v="ADJF"></g><g v="Qual"></g><g v="masc"></g><g v="sing"></g><g v="ablt"></g></l></v></tfr></token><token id="685272" text="прийти"><tfr rev_id="1517136" t="прийти"><v><l id="270738" t="прийти"><g v="INFN"></g><g v="perf"></g><g v="intr"></g></l></v></tfr></token><token id="685273" text="на"><tfr rev_id="3340539" t="на"><v><l id="166264" t="на"><g v="PREP"></g></l></v></tfr></token><token id="685274" text="работу"><tfr rev_id="1517138" t="работу"><v><l id="290501" t="работа"><g v="NOUN"></g><g v="inan"></g><g v="femn"></g><g v="sing"></g><g v="accs"></g></l></v></tfr></token><token id="685275" text=","><tfr rev_id="1517139" t=","><v><l id="0" t=","><g v="PNCT"></g></l></v></tfr></token><token id="685276" text="я"><tfr rev_id="1517140" t="я"><v><l id="387317" t="я"><g v="NPRO"></g><g v="1per"></g><g v="sing"></g><g v="nomn"></g></l></v></tfr></token><token id="685277" text="рекомендую"><tfr rev_id="2703879" t="рекомендую"><v><l id="305731" t="рекомендую"><g v="VERB"></g><g v="impf"></g><g v="tran"></g><g v="sing"></g><g v="1per"></g><g v="pres"></g><g v="indc"></g></l></v></tfr></token><token id="685278" text="отложить"><tfr rev_id="1517142" t="отложить"><v><l id="215197" t="отложить"><g v="INFN"></g><g v="perf"></g><g v="tran"></g></l></v></tfr></token><token id="685279" text="её"><tfr rev_id="4478728" t="её"><v><l id="206544" t="она"><g v="NPRO"></g><g v="femn"></g><g v="3per"></g><g v="Anph"></g><g v="sing"></g><g v="gent"></g></l></v><v><l id="206544" t="она"><g v="NPRO"></g><g v="femn"></g><g v="3per"></g><g v="Anph"></g><g v="sing"></g><g v="accs"></g></l></v></tfr></token><token id="685280" text="в"><tfr rev_id="1517144" t="в"><v><l id="37409" t="в"><g v="PREP"></g></l></v></tfr></token><token id="685281" text="сторону"><tfr rev_id="1517145" t="сторону"><v><l id="336894" t="сторона"><g v="NOUN"></g><g v="inan"></g><g v="femn"></g><g v="sing"></g><g v="accs"></g></l></v></tfr></token><token id="685282" text=","><tfr rev_id="1517146" t=","><v><l id="0" t=","><g v="PNCT"></g></l></v></tfr></token><token id="685283" text="дабы"><tfr rev_id="4453953" t="дабы"><v><l id="77573" t="дабы"><g v="CONJ"></g></l></v></tfr></token><token id="685284" text="почитать"><tfr rev_id="1517148" t="почитать"><v><l id="264913" t="почитать"><g v="INFN"></g><g v="impf"></g><g v="tran"></g></l></v><v><l id="264920" t="почитать"><g v="INFN"></g><g v="perf"></g><g v="tran"></g></l></v></tfr></token><token id="685285" text="её"><tfr rev_id="4572682" t="её"><v><l id="206544" t="она"><g v="NPRO"></g><g v="femn"></g><g v="3per"></g><g v="Anph"></g><g v="sing"></g><g v="gent"></g></l></v><v><l id="206544" t="она"><g v="NPRO"></g><g v="femn"></g><g v="3per"></g><g v="Anph"></g><g v="sing"></g><g v="accs"></g></l></v></tfr></token><token id="685286" text="в"><tfr rev_id="1517150" t="в"><v><l id="37409" t="в"><g v="PREP"></g></l></v></tfr></token><token id="685287" text="любое"><tfr rev_id="1517151" t="любое"><v><l id="152026" t="любой"><g v="ADJF"></g><g v="Apro"></g><g v="neut"></g><g v="sing"></g><g v="nomn"></g></l></v><v><l id="152026" t="любой"><g v="ADJF"></g><g v="Apro"></g><g v="neut"></g><g v="sing"></g><g v="accs"></g></l></v></tfr></token><token id="685288" text="время"><tfr rev_id="3300858" t="время"><v><l id="53149" t="время"><g v="NOUN"></g><g v="inan"></g><g v="neut"></g><g v="sing"></g><g v="accs"></g></l></v></tfr></token><token id="685289" text=","><tfr rev_id="1517153" t=","><v><l id="0" t=","><g v="PNCT"></g></l></v></tfr></token><token id="685290" text="но"><tfr rev_id="3554387" t="но"><v><l id="191429" t="но"><g v="CONJ"></g></l></v></tfr></token><token id="685291" text="только"><tfr rev_id="3784193" t="только"><v><l id="347395" t="только"><g v="CONJ"></g></l></v><v><l id="347396" t="только"><g v="PRCL"></g></l></v><v><l id="390053" t="только"><g v="ADVB"></g></l></v></tfr></token><token id="685292" text="не"><tfr rev_id="1517156" t="не"><v><l id="178876" t="не"><g v="PRCL"></g></l></v></tfr></token><token id="685293" text="перед"><tfr rev_id="2602900" t="перед"><v><l id="228071" t="перед"><g v="PREP"></g></l></v></tfr></token><token id="685294" text="сном"><tfr rev_id="1517158" t="сном"><v><l id="329403" t="сон"><g v="NOUN"></g><g v="inan"></g><g v="masc"></g><g v="sing"></g><g v="ablt"></g></l></v></tfr></token><token id="685295" text="."><tfr rev_id="1517159" t="."><v><l id="0" t="."><g v="PNCT"></g></l></v></tfr></token></tokens></sentence><sentence id="38433"><source>…</source><tokens><token id="685296" text="…"><tfr rev_id="2446705" t="…"><v><l id="0" t="…"><g v="PNCT"></g></l></v></tfr></token></tokens></sentence></paragraph><paragraph id="12307"><sentence id="38434"><source>--Шинкарюк В.В., ЛАНИТ</source><tokens><token id="685297" text="--"><tfr rev_id="1517161" t="--"><v><l id="0" t="--"><g v="PNCT"></g></l></v></tfr></token><token id="685298" text="Шинкарюк"><tfr rev_id="1517162" t="Шинкарюк"><v><l id="0" t="шинкарюк"><g v="UNKN"></g></l></v></tfr></token><token id="685299" text="В"><tfr rev_id="4521811" t="В"><v><l id="389612" t="в"><g v="NOUN"></g><g v="inan"></g><g v="masc"></g><g v="Fixd"></g><g v="Abbr"></g><g v="sing"></g><g v="ablt"></g></l></v><v><l id="389612" t="в"><g v="NOUN"></g><g v="inan"></g><g v="masc"></g><g v="Fixd"></g><g v="Abbr"></g><g v="sing"></g><g v="accs"></g></l></v><v><l id="389612" t="в"><g v="NOUN"></g><g v="inan"></g><g v="masc"></g><g v="Fixd"></g><g v="Abbr"></g><g v="sing"></g><g v="datv"></g></l></v><v><l id="389612" t="в"><g v="NOUN"></g><g v="inan"></g><g v="masc"></g><g v="Fixd"></g><g v="Abbr"></g><g v="sing"></g><g v="gent"></g></l></v><v><l id="389612" t="в"><g v="NOUN"></g><g v="inan"></g><g v="masc"></g><g v="Fixd"></g><g v="Abbr"></g><g v="sing"></g><g v="loct"></g></l></v><v><l id="389612" t="в"><g v="NOUN"></g><g v="inan"></g><g v="masc"></g><g v="Fixd"></g><g v="Abbr"></g><g v="sing"></g><g v="nomn"></g></l></v><v><l id="390182" t="в"><g v="NOUN"></g><g v="anim"></g><g v="ms-f"></g><g v="Sgtm"></g><g v="Fixd"></g><g v="Abbr"></g><g v="Name"></g><g v="Init"></g><g v="sing"></g><g v="ablt"></g></l></v><v><l id="390182" t="в"><g v="NOUN"></g><g v="anim"></g><g v="ms-f"></g><g v="Sgtm"></g><g v="Fixd"></g><g v="Abbr"></g><g v="Name"></g><g v="Init"></g><g v="sing"></g><g v="accs"></g></l></v><v><l id="390182" t="в"><g v="NOUN"></g><g v="anim"></g><g v="ms-f"></g><g v="Sgtm"></g><g v="Fixd"></g><g v="Abbr"></g><g v="Name"></g><g v="Init"></g><g v="sing"></g><g v="datv"></g></l></v><v><l id="390182" t="в"><g v="NOUN"></g><g v="anim"></g><g v="ms-f"></g><g v="Sgtm"></g><g v="Fixd"></g><g v="Abbr"></g><g v="Name"></g><g v="Init"></g><g v="sing"></g><g v="gent"></g></l></v><v><l id="390182" t="в"><g v="NOUN"></g><g v="anim"></g><g v="ms-f"></g><g v="Sgtm"></g><g v="Fixd"></g><g v="Abbr"></g><g v="Name"></g><g v="Init"></g><g v="sing"></g><g v="loct"></g></l></v><v><l id="390182" t="в"><g v="NOUN"></g><g v="anim"></g><g v="ms-f"></g><g v="Sgtm"></g><g v="Fixd"></g><g v="Abbr"></g><g v="Name"></g><g v="Init"></g><g v="sing"></g><g v="nomn"></g></l></v><v><l id="390183" t="в"><g v="NOUN"></g><g v="anim"></g><g v="ms-f"></g><g v="Sgtm"></g><g v="Fixd"></g><g v="Abbr"></g><g v="Patr"></g><g v="Init"></g><g v="sing"></g><g v="ablt"></g></l></v><v><l id="390183" t="в"><g v="NOUN"></g><g v="anim"></g><g v="ms-f"></g><g v="Sgtm"></g><g v="Fixd"></g><g v="Abbr"></g><g v="Patr"></g><g v="Init"></g><g v="sing"></g><g v="accs"></g></l></v><v><l id="390183" t="в"><g v="NOUN"></g><g v="anim"></g><g v="ms-f"></g><g v="Sgtm"></g><g v="Fixd"></g><g v="Abbr"></g><g v="Patr"></g><g v="Init"></g><g v="sing"></g><g v="datv"></g></l></v><v><l id="390183" t="в"><g v="NOUN"></g><g v="anim"></g><g v="ms-f"></g><g v="Sgtm"></g><g v="Fixd"></g><g v="Abbr"></g><g v="Patr"></g><g v="Init"></g><g v="sing"></g><g v="gent"></g></l></v><v><l id="390183" t="в"><g v="NOUN"></g><g v="anim"></g><g v="ms-f"></g><g v="Sgtm"></g><g v="Fixd"></g><g v="Abbr"></g><g v="Patr"></g><g v="Init"></g><g v="sing"></g><g v="loct"></g></l></v><v><l id="390183" t="в"><g v="NOUN"></g><g v="anim"></g><g v="ms-f"></g><g v="Sgtm"></g><g v="Fixd"></g><g v="Abbr"></g><g v="Patr"></g><g v="Init"></g><g v="sing"></g><g v="nomn"></g></l></v></tfr></token><token id="685300" text="."><tfr rev_id="1517164" t="."><v><l id="0" t="."><g v="PNCT"></g></l></v></tfr></token><token id="685301" text="В"><tfr rev_id="4521812" t="В"><v><l id="389612" t="в"><g v="NOUN"></g><g v="inan"></g><g v="masc"></g><g v="Fixd"></g><g v="Abbr"></g><g v="sing"></g><g v="ablt"></g></l></v><v><l id="389612" t="в"><g v="NOUN"></g><g v="inan"></g><g v="masc"></g><g v="Fixd"></g><g v="Abbr"></g><g v="sing"></g><g v="accs"></g></l></v><v><l id="389612" t="в"><g v="NOUN"></g><g v="inan"></g><g v="masc"></g><g v="Fixd"></g><g v="Abbr"></g><g v="sing"></g><g v="datv"></g></l></v><v><l id="389612" t="в"><g v="NOUN"></g><g v="inan"></g><g v="masc"></g><g v="Fixd"></g><g v="Abbr"></g><g v="sing"></g><g v="gent"></g></l></v><v><l id="389612" t="в"><g v="NOUN"></g><g v="inan"></g><g v="masc"></g><g v="Fixd"></g><g v="Abbr"></g><g v="sing"></g><g v="loct"></g></l></v><v><l id="389612" t="в"><g v="NOUN"></g><g v="inan"></g><g v="masc"></g><g v="Fixd"></g><g v="Abbr"></g><g v="sing"></g><g v="nomn"></g></l></v><v><l id="390182" t="в"><g v="NOUN"></g><g v="anim"></g><g v="ms-f"></g><g v="Sgtm"></g><g v="Fixd"></g><g v="Abbr"></g><g v="Name"></g><g v="Init"></g><g v="sing"></g><g v="ablt"></g></l></v><v><l id="390182" t="в"><g v="NOUN"></g><g v="anim"></g><g v="ms-f"></g><g v="Sgtm"></g><g v="Fixd"></g><g v="Abbr"></g><g v="Name"></g><g v="Init"></g><g v="sing"></g><g v="accs"></g></l></v><v><l id="390182" t="в"><g v="NOUN"></g><g v="anim"></g><g v="ms-f"></g><g v="Sgtm"></g><g v="Fixd"></g><g v="Abbr"></g><g v="Name"></g><g v="Init"></g><g v="sing"></g><g v="datv"></g></l></v><v><l id="390182" t="в"><g v="NOUN"></g><g v="anim"></g><g v="ms-f"></g><g v="Sgtm"></g><g v="Fixd"></g><g v="Abbr"></g><g v="Name"></g><g v="Init"></g><g v="sing"></g><g v="gent"></g></l></v><v><l id="390182" t="в"><g v="NOUN"></g><g v="anim"></g><g v="ms-f"></g><g v="Sgtm"></g><g v="Fixd"></g><g v="Abbr"></g><g v="Name"></g><g v="Init"></g><g v="sing"></g><g v="loct"></g></l></v><v><l id="390182" t="в"><g v="NOUN"></g><g v="anim"></g><g v="ms-f"></g><g v="Sgtm"></g><g v="Fixd"></g><g v="Abbr"></g><g v="Name"></g><g v="Init"></g><g v="sing"></g><g v="nomn"></g></l></v><v><l id="390183" t="в"><g v="NOUN"></g><g v="anim"></g><g v="ms-f"></g><g v="Sgtm"></g><g v="Fixd"></g><g v="Abbr"></g><g v="Patr"></g><g v="Init"></g><g v="sing"></g><g v="ablt"></g></l></v><v><l id="390183" t="в"><g v="NOUN"></g><g v="anim"></g><g v="ms-f"></g><g v="Sgtm"></g><g v="Fixd"></g><g v="Abbr"></g><g v="Patr"></g><g v="Init"></g><g v="sing"></g><g v="accs"></g></l></v><v><l id="390183" t="в"><g v="NOUN"></g><g v="anim"></g><g v="ms-f"></g><g v="Sgtm"></g><g v="Fixd"></g><g v="Abbr"></g><g v="Patr"></g><g v="Init"></g><g v="sing"></g><g v="datv"></g></l></v><v><l id="390183" t="в"><g v="NOUN"></g><g v="anim"></g><g v="ms-f"></g><g v="Sgtm"></g><g v="Fixd"></g><g v="Abbr"></g><g v="Patr"></g><g v="Init"></g><g v="sing"></g><g v="gent"></g></l></v><v><l id="390183" t="в"><g v="NOUN"></g><g v="anim"></g><g v="ms-f"></g><g v="Sgtm"></g><g v="Fixd"></g><g v="Abbr"></g><g v="Patr"></g><g v="Init"></g><g v="sing"></g><g v="loct"></g></l></v><v><l id="390183" t="в"><g v="NOUN"></g><g v="anim"></g><g v="ms-f"></g><g v="Sgtm"></g><g v="Fixd"></g><g v="Abbr"></g><g v="Patr"></g><g v="Init"></g><g v="sing"></g><g v="nomn"></g></l></v></tfr></token><token id="685302" text="."><tfr rev_id="1517166" t="."><v><l id="0" t="."><g v="PNCT"></g></l></v></tfr></token><token id="685303" text=","><tfr rev_id="1517167" t=","><v><l id="0" t=","><g v="PNCT"></g></l></v></tfr></token><token id="685304" text="ЛАНИТ"><tfr rev_id="1517168" t="ЛАНИТ"><v><l id="146755" t="ланита"><g v="NOUN"></g><g v="inan"></g><g v="femn"></g><g v="plur"></g><g v="gent"></g></l></v></tfr></token></tokens></sentence></paragraph><paragraph id="12308"><sentence id="38435"><source>Ну так вот, этот Шинкарюк В.В. – он провидец!</source><tokens><token id="685305" text="Ну"><tfr rev_id="1517169" t="Ну"><v><l id="192524" t="ну"><g v="INTJ"></g></l></v><v><l id="192525" t="ну"><g v="PRCL"></g></l></v></tfr></token><token id="685306" text="так"><tfr rev_id="1517170" t="так"><v><l id="342451" t="так"><g v="CONJ"></g></l></v><v><l id="342452" t="так"><g v="PRCL"></g></l></v><v><l id="342453" t="так"><g v="ADVB"></g><g v="Dmns"></g></l></v></tfr></token><token id="685307" text="вот"><tfr rev_id="3363412" t="вот"><v><l id="52157" t="вот"><g v="PRCL"></g></l></v></tfr></token><token id="685308" text=","><tfr rev_id="1517172" t=","><v><l id="0" t=","><g v="PNCT"></g></l></v></tfr></token><token id="685309" text="этот"><tfr rev_id="4432150" t="этот"><v><l id="386581" t="этот"><g v="ADJF"></g><g v="Subx"></g><g v="Apro"></g><g v="Anph"></g><g v="masc"></g><g v="sing"></g><g v="nomn"></g></l></v><v><l id="386581" t="этот"><g v="ADJF"></g><g v="Subx"></g><g v="Apro"></g><g v="Anph"></g><g v="inan"></g><g v="masc"></g><g v="sing"></g><g v="accs"></g></l></v></tfr></token><token id="685310" text="Шинкарюк"><tfr rev_id="1517174" t="Шинкарюк"><v><l id="0" t="шинкарюк"><g v="UNKN"></g></l></v></tfr></token><token id="685311" text="В"><tfr rev_id="4521813" t="В"><v><l id="389612" t="в"><g v="NOUN"></g><g v="inan"></g><g v="masc"></g><g v="Fixd"></g><g v="Abbr"></g><g v="sing"></g><g v="ablt"></g></l></v><v><l id="389612" t="в"><g v="NOUN"></g><g v="inan"></g><g v="masc"></g><g v="Fixd"></g><g v="Abbr"></g><g v="sing"></g><g v="accs"></g></l></v><v><l id="389612" t="в"><g v="NOUN"></g><g v="inan"></g><g v="masc"></g><g v="Fixd"></g><g v="Abbr"></g><g v="sing"></g><g v="datv"></g></l></v><v><l id="389612" t="в"><g v="NOUN"></g><g v="inan"></g><g v="masc"></g><g v="Fixd"></g><g v="Abbr"></g><g v="sing"></g><g v="gent"></g></l></v><v><l id="389612" t="в"><g v="NOUN"></g><g v="inan"></g><g v="masc"></g><g v="Fixd"></g><g v="Abbr"></g><g v="sing"></g><g v="loct"></g></l></v><v><l id="389612" t="в"><g v="NOUN"></g><g v="inan"></g><g v="masc"></g><g v="Fixd"></g><g v="Abbr"></g><g v="sing"></g><g v="nomn"></g></l></v><v><l id="390182" t="в"><g v="NOUN"></g><g v="anim"></g><g v="ms-f"></g><g v="Sgtm"></g><g v="Fixd"></g><g v="Abbr"></g><g v="Name"></g><g v="Init"></g><g v="sing"></g><g v="ablt"></g></l></v><v><l id="390182" t="в"><g v="NOUN"></g><g v="anim"></g><g v="ms-f"></g><g v="Sgtm"></g><g v="Fixd"></g><g v="Abbr"></g><g v="Name"></g><g v="Init"></g><g v="sing"></g><g v="accs"></g></l></v><v><l id="390182" t="в"><g v="NOUN"></g><g v="anim"></g><g v="ms-f"></g><g v="Sgtm"></g><g v="Fixd"></g><g v="Abbr"></g><g v="Name"></g><g v="Init"></g><g v="sing"></g><g v="datv"></g></l></v><v><l id="390182" t="в"><g v="NOUN"></g><g v="anim"></g><g v="ms-f"></g><g v="Sgtm"></g><g v="Fixd"></g><g v="Abbr"></g><g v="Name"></g><g v="Init"></g><g v="sing"></g><g v="gent"></g></l></v><v><l id="390182" t="в"><g v="NOUN"></g><g v="anim"></g><g v="ms-f"></g><g v="Sgtm"></g><g v="Fixd"></g><g v="Abbr"></g><g v="Name"></g><g v="Init"></g><g v="sing"></g><g v="loct"></g></l></v><v><l id="390182" t="в"><g v="NOUN"></g><g v="anim"></g><g v="ms-f"></g><g v="Sgtm"></g><g v="Fixd"></g><g v="Abbr"></g><g v="Name"></g><g v="Init"></g><g v="sing"></g><g v="nomn"></g></l></v><v><l id="390183" t="в"><g v="NOUN"></g><g v="anim"></g><g v="ms-f"></g><g v="Sgtm"></g><g v="Fixd"></g><g v="Abbr"></g><g v="Patr"></g><g v="Init"></g><g v="sing"></g><g v="ablt"></g></l></v><v><l id="390183" t="в"><g v="NOUN"></g><g v="anim"></g><g v="ms-f"></g><g v="Sgtm"></g><g v="Fixd"></g><g v="Abbr"></g><g v="Patr"></g><g v="Init"></g><g v="sing"></g><g v="accs"></g></l></v><v><l id="390183" t="в"><g v="NOUN"></g><g v="anim"></g><g v="ms-f"></g><g v="Sgtm"></g><g v="Fixd"></g><g v="Abbr"></g><g v="Patr"></g><g v="Init"></g><g v="sing"></g><g v="datv"></g></l></v><v><l id="390183" t="в"><g v="NOUN"></g><g v="anim"></g><g v="ms-f"></g><g v="Sgtm"></g><g v="Fixd"></g><g v="Abbr"></g><g v="Patr"></g><g v="Init"></g><g v="sing"></g><g v="gent"></g></l></v><v><l id="390183" t="в"><g v="NOUN"></g><g v="anim"></g><g v="ms-f"></g><g v="Sgtm"></g><g v="Fixd"></g><g v="Abbr"></g><g v="Patr"></g><g v="Init"></g><g v="sing"></g><g v="loct"></g></l></v><v><l id="390183" t="в"><g v="NOUN"></g><g v="anim"></g><g v="ms-f"></g><g v="Sgtm"></g><g v="Fixd"></g><g v="Abbr"></g><g v="Patr"></g><g v="Init"></g><g v="sing"></g><g v="nomn"></g></l></v></tfr></token><token id="685312" text="."><tfr rev_id="1517176" t="."><v><l id="0" t="."><g v="PNCT"></g></l></v></tfr></token><token id="685313" text="В"><tfr rev_id="4521814" t="В"><v><l id="390182" t="в"><g v="NOUN"></g><g v="anim"></g><g v="ms-f"></g><g v="Sgtm"></g><g v="Fixd"></g><g v="Abbr"></g><g v="Name"></g><g v="Init"></g><g v="sing"></g><g v="ablt"></g></l></v><v><l id="390182" t="в"><g v="NOUN"></g><g v="anim"></g><g v="ms-f"></g><g v="Sgtm"></g><g v="Fixd"></g><g v="Abbr"></g><g v="Name"></g><g v="Init"></g><g v="sing"></g><g v="accs"></g></l></v><v><l id="390182" t="в"><g v="NOUN"></g><g v="anim"></g><g v="ms-f"></g><g v="Sgtm"></g><g v="Fixd"></g><g v="Abbr"></g><g v="Name"></g><g v="Init"></g><g v="sing"></g><g v="datv"></g></l></v><v><l id="390182" t="в"><g v="NOUN"></g><g v="anim"></g><g v="ms-f"></g><g v="Sgtm"></g><g v="Fixd"></g><g v="Abbr"></g><g v="Name"></g><g v="Init"></g><g v="sing"></g><g v="gent"></g></l></v><v><l id="390182" t="в"><g v="NOUN"></g><g v="anim"></g><g v="ms-f"></g><g v="Sgtm"></g><g v="Fixd"></g><g v="Abbr"></g><g v="Name"></g><g v="Init"></g><g v="sing"></g><g v="loct"></g></l></v><v><l id="390182" t="в"><g v="NOUN"></g><g v="anim"></g><g v="ms-f"></g><g v="Sgtm"></g><g v="Fixd"></g><g v="Abbr"></g><g v="Name"></g><g v="Init"></g><g v="sing"></g><g v="nomn"></g></l></v><v><l id="390183" t="в"><g v="NOUN"></g><g v="anim"></g><g v="ms-f"></g><g v="Sgtm"></g><g v="Fixd"></g><g v="Abbr"></g><g v="Patr"></g><g v="Init"></g><g v="sing"></g><g v="ablt"></g></l></v><v><l id="390183" t="в"><g v="NOUN"></g><g v="anim"></g><g v="ms-f"></g><g v="Sgtm"></g><g v="Fixd"></g><g v="Abbr"></g><g v="Patr"></g><g v="Init"></g><g v="sing"></g><g v="accs"></g></l></v><v><l id="390183" t="в"><g v="NOUN"></g><g v="anim"></g><g v="ms-f"></g><g v="Sgtm"></g><g v="Fixd"></g><g v="Abbr"></g><g v="Patr"></g><g v="Init"></g><g v="sing"></g><g v="datv"></g></l></v><v><l id="390183" t="в"><g v="NOUN"></g><g v="anim"></g><g v="ms-f"></g><g v="Sgtm"></g><g v="Fixd"></g><g v="Abbr"></g><g v="Patr"></g><g v="Init"></g><g v="sing"></g><g v="gent"></g></l></v><v><l id="390183" t="в"><g v="NOUN"></g><g v="anim"></g><g v="ms-f"></g><g v="Sgtm"></g><g v="Fixd"></g><g v="Abbr"></g><g v="Patr"></g><g v="Init"></g><g v="sing"></g><g v="loct"></g></l></v><v><l id="390183" t="в"><g v="NOUN"></g><g v="anim"></g><g v="ms-f"></g><g v="Sgtm"></g><g v="Fixd"></g><g v="Abbr"></g><g v="Patr"></g><g v="Init"></g><g v="sing"></g><g v="nomn"></g></l></v></tfr></token><token id="685314" text="."><tfr rev_id="1517178" t="."><v><l id="0" t="."><g v="PNCT"></g></l></v></tfr></token><token id="685315" text="–"><tfr rev_id="2446706" t="–"><v><l id="0" t="–"><g v="PNCT"></g></l></v></tfr></token><token id="685316" text="он"><tfr rev_id="3575807" t="он"><v><l id="206541" t="он"><g v="NPRO"></g><g v="masc"></g><g v="3per"></g><g v="Anph"></g><g v="sing"></g><g v="nomn"></g></l></v></tfr></token><token id="685317" text="провидец"><tfr rev_id="1517181" t="провидец"><v><l id="277916" t="провидец"><g v="NOUN"></g><g v="anim"></g><g v="masc"></g><g v="sing"></g><g v="nomn"></g></l></v></tfr></token><token id="685318" text="!"><tfr rev_id="1517182" t="!"><v><l id="0" t="!"><g v="PNCT"></g></l></v></tfr></token></tokens></sentence><sentence id="38436"><source>Как, однако, тонко чувствует ситуацию.</source><tokens><token id="685319" text="Как"><tfr rev_id="1517183" t="Как"><v><l id="128190" t="как"><g v="CONJ"></g></l></v><v><l id="128191" t="как"><g v="PRCL"></g></l></v><v><l id="128192" t="как"><g v="ADVB"></g><g v="Ques"></g></l></v></tfr></token><token id="685320" text=","><tfr rev_id="1517184" t=","><v><l id="0" t=","><g v="PNCT"></g></l></v></tfr></token><token id="685321" text="однако"><tfr rev_id="2624604" t="однако"><v><l id="203386" t="однако"><g v="INTJ"></g></l></v><v><l id="203387" t="однако"><g v="CONJ"></g><g v="Prnt"></g></l></v></tfr></token><token id="685322" text=","><tfr rev_id="1517186" t=","><v><l id="0" t=","><g v="PNCT"></g></l></v></tfr></token><token id="685323" text="тонко"><tfr rev_id="4097372" t="тонко"><v><l id="347627" t="тонко"><g v="ADVB"></g></l></v></tfr></token><token id="685324" text="чувствует"><tfr rev_id="1517188" t="чувствует"><v><l id="377085" t="чувствую"><g v="VERB"></g><g v="impf"></g><g v="tran"></g><g v="sing"></g><g v="3per"></g><g v="pres"></g><g v="indc"></g></l></v></tfr></token><token id="685325" text="ситуацию"><tfr rev_id="1517189" t="ситуацию"><v><l id="321441" t="ситуация"><g v="NOUN"></g><g v="inan"></g><g v="femn"></g><g v="sing"></g><g v="accs"></g></l></v></tfr></token><token id="685326" text="."><tfr rev_id="1517190" t="."><v><l id="0" t="."><g v="PNCT"></g></l></v></tfr></token></tokens></sentence><sentence id="38437"><source>Два вопроса из трёх – в точку: эту книгу и правда вручили мне на конференции и сейчас действительно четыре часа ночи, а я не прочь поспать =)</source><tokens><token id="685327" text="Два"><tfr rev_id="4450465" t="Два"><v><l id="78668" t="два"><g v="NUMR"></g><g v="masc"></g><g v="nomn"></g></l></v><v><l id="78668" t="два"><g v="NUMR"></g><g v="inan"></g><g v="masc"></g><g v="accs"></g></l></v><v><l id="78668" t="два"><g v="NUMR"></g><g v="neut"></g><g v="nomn"></g></l></v><v><l id="78668" t="два"><g v="NUMR"></g><g v="inan"></g><g v="neut"></g><g v="accs"></g></l></v></tfr></token><token id="685328" text="вопроса"><tfr rev_id="1517192" t="вопроса"><v><l id="50830" t="вопрос"><g v="NOUN"></g><g v="inan"></g><g v="masc"></g><g v="sing"></g><g v="gent"></g></l></v></tfr></token><token id="685329" text="из"><tfr rev_id="2604334" t="из"><v><l id="117677" t="из"><g v="PREP"></g></l></v></tfr></token><token id="685330" text="трёх"><tfr rev_id="2838428" t="трёх"><v><l id="349973" t="три"><g v="NUMR"></g><g v="gent"></g></l></v></tfr></token><token id="685331" text="–"><tfr rev_id="2446707" t="–"><v><l id="0" t="–"><g v="PNCT"></g></l></v></tfr></token><token id="685332" text="в"><tfr rev_id="1517196" t="в"><v><l id="37409" t="в"><g v="PREP"></g></l></v></tfr></token><token id="685333" text="точку"><tfr rev_id="1517197" t="точку"><v><l id="348511" t="точка"><g v="NOUN"></g><g v="inan"></g><g v="femn"></g><g v="sing"></g><g v="accs"></g></l></v></tfr></token><token id="685334" text=":"><tfr rev_id="1517198" t=":"><v><l id="0" t=":"><g v="PNCT"></g></l></v></tfr></token><token id="685335" text="эту"><tfr rev_id="4438945" t="эту"><v><l id="386581" t="этот"><g v="ADJF"></g><g v="Subx"></g><g v="Apro"></g><g v="Anph"></g><g v="femn"></g><g v="sing"></g><g v="accs"></g></l></v></tfr></token><token id="685336" text="книгу"><tfr rev_id="1517200" t="книгу"><v><l id="134823" t="книга"><g v="NOUN"></g><g v="inan"></g><g v="femn"></g><g v="sing"></g><g v="accs"></g></l></v></tfr></token><token id="685337" text="и"><tfr rev_id="3538970" t="и"><v><l id="116949" t="и"><g v="CONJ"></g></l></v></tfr></token><token id="685338" text="правда"><tfr rev_id="2625160" t="правда"><v><l id="265572" t="правда"><g v="NOUN"></g><g v="inan"></g><g v="femn"></g><g v="sing"></g><g v="nomn"></g></l></v><v><l id="265574" t="правда"><g v="PRCL"></g></l></v><v><l id="265575" t="правда"><g v="CONJ"></g><g v="Prnt"></g></l></v></tfr></token><token id="685339" text="вручили"><tfr rev_id="1517203" t="вручили"><v><l id="53227" t="вручил"><g v="VERB"></g><g v="perf"></g><g v="tran"></g><g v="plur"></g><g v="past"></g><g v="indc"></g></l></v></tfr></token><token id="685340" text="мне"><tfr rev_id="4236473" t="мне"><v><l id="387317" t="я"><g v="NPRO"></g><g v="1per"></g><g v="sing"></g><g v="datv"></g></l></v></tfr></token><token id="685341" text="на"><tfr rev_id="3337547" t="на"><v><l id="166264" t="на"><g v="PREP"></g></l></v></tfr></token><token id="685342" text="конференции"><tfr rev_id="4177353" t="конференции"><v><l id="138725" t="конференция"><g v="NOUN"></g><g v="inan"></g><g v="femn"></g><g v="sing"></g><g v="loct"></g></l></v></tfr></token><token id="685343" text="и"><tfr rev_id="1517207" t="и"><v><l id="116949" t="и"><g v="CONJ"></g></l></v><v><l id="116950" t="и"><g v="INTJ"></g></l></v></tfr></token><token id="685344" text="сейчас"><tfr rev_id="1517208" t="сейчас"><v><l id="317975" t="сейчас"><g v="ADVB"></g></l></v></tfr></token><token id="685345" text="действительно"><tfr rev_id="4508987" t="действительно"><v><l id="80092" t="действительно"><g v="ADVB"></g></l></v><v><l id="80093" t="действительно"><g v="CONJ"></g><g v="Prnt"></g></l></v><v><l id="80099" t="действителен"><g v="ADJS"></g><g v="Qual"></g><g v="neut"></g><g v="sing"></g></l></v></tfr></token><token id="685346" text="четыре"><tfr rev_id="1517210" t="четыре"><v><l id="376181" t="четыре"><g v="NUMR"></g><g v="nomn"></g></l></v><v><l id="376181" t="четыре"><g v="NUMR"></g><g v="inan"></g><g v="accs"></g></l></v></tfr></token><token id="685347" text="часа"><tfr rev_id="1517211" t="часа"><v><l id="374736" t="час"><g v="NOUN"></g><g v="inan"></g><g v="masc"></g><g v="sing"></g><g v="gen1"></g></l></v></tfr></token><token id="685348" text="ночи"><tfr rev_id="4470191" t="ночи"><v><l id="192469" t="ночь"><g v="NOUN"></g><g v="inan"></g><g v="femn"></g><g v="sing"></g><g v="gent"></g></l></v></tfr></token><token id="685349" text=","><tfr rev_id="1517213" t=","><v><l id="0" t=","><g v="PNCT"></g></l></v></tfr></token><token id="685350" text="а"><tfr rev_id="1517214" t="а"><v><l id="51" t="а"><g v="CONJ"></g></l></v><v><l id="52" t="а"><g v="INTJ"></g></l></v><v><l id="53" t="а"><g v="PRCL"></g></l></v></tfr></token><token id="685351" text="я"><tfr rev_id="1517215" t="я"><v><l id="387317" t="я"><g v="NPRO"></g><g v="1per"></g><g v="sing"></g><g v="nomn"></g></l></v></tfr></token><token id="685352" text="не"><tfr rev_id="1517216" t="не"><v><l id="178876" t="не"><g v="PRCL"></g></l></v></tfr></token><token id="685353" text="прочь"><tfr rev_id="1517217" t="прочь"><v><l id="287515" t="прочу"><g v="VERB"></g><g v="impf"></g><g v="tran"></g><g v="sing"></g><g v="impr"></g><g v="excl"></g></l></v><v><l id="287585" t="прочь"><g v="ADVB"></g></l></v></tfr></token><token id="685354" text="поспать"><tfr rev_id="1517218" t="поспать"><v><l id="261938" t="поспать"><g v="INFN"></g><g v="perf"></g><g v="intr"></g></l></v></tfr></token><token id="685355" text="=)"><tfr rev_id="4335615" t="=)"><v><l id="0" t="=)"><g v="PNCT"></g></l></v></tfr></token></tokens></sentence><sentence id="38438"><source>И я это таки сейчас и сделаю.</source><tokens><token id="685356" text="И"><tfr rev_id="1517220" t="И"><v><l id="116949" t="и"><g v="CONJ"></g></l></v><v><l id="116950" t="и"><g v="INTJ"></g></l></v></tfr></token><token id="685357" text="я"><tfr rev_id="1517221" t="я"><v><l id="387317" t="я"><g v="NPRO"></g><g v="1per"></g><g v="sing"></g><g v="nomn"></g></l></v></tfr></token><token id="685358" text="это"><tfr rev_id="4342942" t="это"><v><l id="386575" t="это"><g v="NPRO"></g><g v="neut"></g><g v="sing"></g><g v="nomn"></g></l></v><v><l id="386575" t="это"><g v="NPRO"></g><g v="neut"></g><g v="sing"></g><g v="accs"></g></l></v></tfr></token><token id="685359" text="таки"><tfr rev_id="1517223" t="таки"><v><l id="342483" t="таки"><g v="PRCL"></g></l></v></tfr></token><token id="685360" text="сейчас"><tfr rev_id="1517224" t="сейчас"><v><l id="317975" t="сейчас"><g v="ADVB"></g></l></v></tfr></token><token id="685361" text="и"><tfr rev_id="3480574" t="и"><v><l id="116949" t="и"><g v="CONJ"></g></l></v></tfr></token><token id="685362" text="сделаю"><tfr rev_id="1517226" t="сделаю"><v><l id="317246" t="сделал"><g v="VERB"></g><g v="perf"></g><g v="tran"></g><g v="sing"></g><g v="1per"></g><g v="futr"></g><g v="indc"></g></l></v></tfr></token><token id="685363" text="."><tfr rev_id="1517227" t="."><v><l id="0" t="."><g v="PNCT"></g></l></v></tfr></token></tokens></sentence><sentence id="38439"><source>Но какое многообещающее вступление!</source><tokens><token id="685364" text="Но"><tfr rev_id="3533196" t="Но"><v><l id="191429" t="но"><g v="CONJ"></g></l></v></tfr></token><token id="685365" text="какое"><tfr rev_id="1517229" t="какое"><v><l id="128224" t="какой"><g v="ADJF"></g><g v="Apro"></g><g v="neut"></g><g v="sing"></g><g v="nomn"></g></l></v><v><l id="128224" t="какой"><g v="ADJF"></g><g v="Apro"></g><g v="neut"></g><g v="sing"></g><g v="accs"></g></l></v></tfr></token><token id="685366" text="многообещающее"><tfr rev_id="3810917" t="многообещающее"><v><l id="161734" t="многообещающий"><g v="ADJF"></g><g v="neut"></g><g v="sing"></g><g v="nomn"></g></l></v><v><l id="161734" t="многообещающий"><g v="ADJF"></g><g v="neut"></g><g v="sing"></g><g v="accs"></g></l></v></tfr></token><token id="685367" text="вступление"><tfr rev_id="3708190" t="вступление"><v><l id="54607" t="вступление"><g v="NOUN"></g><g v="inan"></g><g v="neut"></g><g v="sing"></g><g v="nomn"></g></l></v></tfr></token><token id="685368" text="!"><tfr rev_id="1517232" t="!"><v><l id="0" t="!"><g v="PNCT"></g></l></v></tfr></token></tokens></sentence><sentence id="38440"><source>А ЛАНИТу и Hyperion’у тем не менее за книгу спасибо – почитаю, когда наконец высплюсь :)</source><tokens><token id="685369" text="А"><tfr rev_id="2606334" t="А"><v><l id="51" t="а"><g v="CONJ"></g></l></v></tfr></token><token id="685370" text="ЛАНИТу"><tfr rev_id="1517234" t="ЛАНИТу"><v><l id="146755" t="ланита"><g v="NOUN"></g><g v="inan"></g><g v="femn"></g><g v="sing"></g><g v="accs"></g></l></v></tfr></token><token id="685371" text="и"><tfr rev_id="1517235" t="и"><v><l id="116949" t="и"><g v="CONJ"></g></l></v><v><l id="116950" t="и"><g v="INTJ"></g></l></v></tfr></token><token id="685372" text="Hyperion’у"><tfr rev_id="1517236" t="Hyperion’у"><v><l id="0" t="Hyperion’у"><g v="UNKN"></g></l></v></tfr></token><token id="685373" text="тем"><tfr rev_id="4492219" t="тем"><v><l id="344449" t="тем"><g v="CONJ"></g></l></v></tfr></token><token id="685374" text="не"><tfr rev_id="1517238" t="не"><v><l id="178876" t="не"><g v="PRCL"></g></l></v></tfr></token><token id="685375" text="менее"><tfr rev_id="1517239" t="менее"><v><l id="158343" t="менее"><g v="ADVB"></g></l></v></tfr></token><token id="685376" text="за"><tfr rev_id="1517240" t="за"><v><l id="98043" t="за"><g v="PREP"></g></l></v></tfr></token><token id="685377" text="книгу"><tfr rev_id="1517241" t="книгу"><v><l id="134823" t="книга"><g v="NOUN"></g><g v="inan"></g><g v="femn"></g><g v="sing"></g><g v="accs"></g></l></v></tfr></token><token id="685378" text="спасибо"><tfr rev_id="3390167" t="спасибо"><v><l id="331558" t="спасибо"><g v="NOUN"></g><g v="inan"></g><g v="neut"></g><g v="Fixd"></g><g v="sing"></g><g v="nomn"></g></l></v><v><l id="331558" t="спасибо"><g v="NOUN"></g><g v="inan"></g><g v="neut"></g><g v="Fixd"></g><g v="sing"></g><g v="gent"></g></l></v><v><l id="331558" t="спасибо"><g v="NOUN"></g><g v="inan"></g><g v="neut"></g><g v="Fixd"></g><g v="sing"></g><g v="datv"></g></l></v><v><l id="331558" t="спасибо"><g v="NOUN"></g><g v="inan"></g><g v="neut"></g><g v="Fixd"></g><g v="sing"></g><g v="accs"></g></l></v><v><l id="331558" t="спасибо"><g v="NOUN"></g><g v="inan"></g><g v="neut"></g><g v="Fixd"></g><g v="sing"></g><g v="ablt"></g></l></v><v><l id="331558" t="спасибо"><g v="NOUN"></g><g v="inan"></g><g v="neut"></g><g v="Fixd"></g><g v="sing"></g><g v="loct"></g></l></v><v><l id="331558" t="спасибо"><g v="NOUN"></g><g v="inan"></g><g v="neut"></g><g v="Fixd"></g><g v="plur"></g><g v="nomn"></g></l></v><v><l id="331558" t="спасибо"><g v="NOUN"></g><g v="inan"></g><g v="neut"></g><g v="Fixd"></g><g v="plur"></g><g v="gent"></g></l></v><v><l id="331558" t="спасибо"><g v="NOUN"></g><g v="inan"></g><g v="neut"></g><g v="Fixd"></g><g v="plur"></g><g v="datv"></g></l></v><v><l id="331558" t="спасибо"><g v="NOUN"></g><g v="inan"></g><g v="neut"></g><g v="Fixd"></g><g v="plur"></g><g v="accs"></g></l></v><v><l id="331558" t="спасибо"><g v="NOUN"></g><g v="inan"></g><g v="neut"></g><g v="Fixd"></g><g v="plur"></g><g v="ablt"></g></l></v><v><l id="331558" t="спасибо"><g v="NOUN"></g><g v="inan"></g><g v="neut"></g><g v="Fixd"></g><g v="plur"></g><g v="loct"></g></l></v><v><l id="331559" t="спасибо"><g v="INTJ"></g></l></v><v><l id="388675" t="спасибо"><g v="PRCL"></g></l></v></tfr></token><token id="685379" text="–"><tfr rev_id="2446708" t="–"><v><l id="0" t="–"><g v="PNCT"></g></l></v></tfr></token><token id="685380" text="почитаю"><tfr rev_id="2703811" t="почитаю"><v><l id="264919" t="почитал"><g v="VERB"></g><g v="perf"></g><g v="tran"></g><g v="sing"></g><g v="1per"></g><g v="futr"></g><g v="indc"></g></l></v></tfr></token><token id="685381" text=","><tfr rev_id="1517245" t=","><v><l id="0" t=","><g v="PNCT"></g></l></v></tfr></token><token id="685382" text="когда"><tfr rev_id="1517246" t="когда"><v><l id="135239" t="когда"><g v="CONJ"></g></l></v><v><l id="135240" t="когда"><g v="ADVB"></g><g v="Ques"></g></l></v></tfr></token><token id="685383" text="наконец"><tfr rev_id="1517247" t="наконец"><v><l id="171303" t="наконец"><g v="ADVB"></g></l></v><v><l id="171304" t="наконец"><g v="CONJ"></g><g v="Prnt"></g></l></v></tfr></token><token id="685384" text="высплюсь"><tfr rev_id="1517248" t="высплюсь"><v><l id="62543" t="выспался"><g v="VERB"></g><g v="perf"></g><g v="intr"></g><g v="sing"></g><g v="1per"></g><g v="futr"></g><g v="indc"></g></l></v></tfr></token><token id="685385" text=":)"><tfr rev_id="1517249" t=":)"><v><l id="0" t=":)"><g v="PNCT"></g></l></v></tfr></token></tokens></sentence></paragraph></paragraphs></text>