<?xml version="1.0" encoding="utf-8"?><text id="1354" parent="226" name="24485 Рабочих оправдали за рисование плитки в центре Москвы"><tags><tag>url:http://www.chaskor.ru/news/rabochih_opravdali_za_risovanie_plitki_v_tsentre_moskvy_24485</tag><tag>Год:2011</tag><tag>Дата:17/08</tag><tag>Тема:ЧасКор:Общество</tag><tag>Тема:ЧасКор:Общество/Инфраструктура</tag></tags><paragraphs><paragraph id="12340"><sentence id="38506"><source>Рабочих оправдали за рисование плитки в центре Москвы</source><tokens><token id="686553" text="Рабочих"><tfr rev_id="4490671" t="Рабочих"><v><l id="290533" t="рабочий"><g v="NOUN"></g><g v="anim"></g><g v="masc"></g><g v="plur"></g><g v="accs"></g></l></v></tfr></token><token id="686554" text="оправдали"><tfr rev_id="1518418" t="оправдали"><v><l id="207913" t="оправдал"><g v="VERB"></g><g v="perf"></g><g v="tran"></g><g v="plur"></g><g v="past"></g><g v="indc"></g></l></v></tfr></token><token id="686555" text="за"><tfr rev_id="1518419" t="за"><v><l id="98043" t="за"><g v="PREP"></g></l></v></tfr></token><token id="686556" text="рисование"><tfr rev_id="4107554" t="рисование"><v><l id="307788" t="рисование"><g v="NOUN"></g><g v="inan"></g><g v="neut"></g><g v="sing"></g><g v="accs"></g></l></v></tfr></token><token id="686557" text="плитки"><tfr rev_id="3437162" t="плитки"><v><l id="240518" t="плитка"><g v="NOUN"></g><g v="inan"></g><g v="femn"></g><g v="sing"></g><g v="gent"></g></l></v></tfr></token><token id="686558" text="в"><tfr rev_id="1518422" t="в"><v><l id="37409" t="в"><g v="PREP"></g></l></v></tfr></token><token id="686559" text="центре"><tfr rev_id="1518423" t="центре"><v><l id="373369" t="центр"><g v="NOUN"></g><g v="inan"></g><g v="masc"></g><g v="sing"></g><g v="loct"></g></l></v></tfr></token><token id="686560" text="Москвы"><tfr rev_id="1518424" t="Москвы"><v><l id="163901" t="москва"><g v="NOUN"></g><g v="inan"></g><g v="femn"></g><g v="Sgtm"></g><g v="Geox"></g><g v="sing"></g><g v="gent"></g></l></v></tfr></token></tokens></sentence><sentence id="38507"><source>Западные СМИ, комментируя скандалы вокруг «плиточного проекта», приравнивают его к стихийными бедствиям и катастрофам, которые происходят летом в России.</source><tokens><token id="686561" text="Западные"><tfr rev_id="4076182" t="Западные"><v><l id="106682" t="западный"><g v="ADJF"></g><g v="Qual"></g><g v="plur"></g><g v="nomn"></g></l></v></tfr></token><token id="686562" text="СМИ"><tfr rev_id="4489553" t="СМИ"><v><l id="326341" t="сми"><g v="NOUN"></g><g v="inan"></g><g v="GNdr"></g><g v="Pltm"></g><g v="Fixd"></g><g v="Abbr"></g><g v="plur"></g><g v="nomn"></g></l></v></tfr></token><token id="686563" text=","><tfr rev_id="1518427" t=","><v><l id="0" t=","><g v="PNCT"></g></l></v></tfr></token><token id="686564" text="комментируя"><tfr rev_id="1518428" t="комментируя"><v><l id="136984" t="комментируя"><g v="GRND"></g><g v="impf"></g><g v="tran"></g><g v="pres"></g></l></v></tfr></token><token id="686565" text="скандалы"><tfr rev_id="3727286" t="скандалы"><v><l id="321718" t="скандал"><g v="NOUN"></g><g v="inan"></g><g v="masc"></g><g v="plur"></g><g v="accs"></g></l></v></tfr></token><token id="686566" text="вокруг"><tfr rev_id="4456274" t="вокруг"><v><l id="49813" t="вокруг"><g v="PREP"></g></l></v></tfr></token><token id="686567" text="«"><tfr rev_id="2446741" t="«"><v><l id="0" t="«"><g v="PNCT"></g></l></v></tfr></token><token id="686568" text="плиточного"><tfr rev_id="3342706" t="плиточного"><v><l id="240530" t="плиточный"><g v="ADJF"></g><g v="Qual"></g><g v="masc"></g><g v="sing"></g><g v="gent"></g></l></v><v><l id="240530" t="плиточный"><g v="ADJF"></g><g v="Qual"></g><g v="anim"></g><g v="masc"></g><g v="sing"></g><g v="accs"></g></l></v></tfr></token><token id="686569" text="проекта"><tfr rev_id="1518433" t="проекта"><v><l id="279545" t="проект"><g v="NOUN"></g><g v="inan"></g><g v="masc"></g><g v="sing"></g><g v="gent"></g></l></v></tfr></token><token id="686570" text="»"><tfr rev_id="2446742" t="»"><v><l id="0" t="»"><g v="PNCT"></g></l></v></tfr></token><token id="686571" text=","><tfr rev_id="1518435" t=","><v><l id="0" t=","><g v="PNCT"></g></l></v></tfr></token><token id="686572" text="приравнивают"><tfr rev_id="1518436" t="приравнивают"><v><l id="273796" t="приравниваю"><g v="VERB"></g><g v="impf"></g><g v="tran"></g><g v="plur"></g><g v="3per"></g><g v="pres"></g><g v="indc"></g></l></v></tfr></token><token id="686573" text="его"><tfr rev_id="4531836" t="его"><v><l id="206541" t="он"><g v="NPRO"></g><g v="masc"></g><g v="3per"></g><g v="Anph"></g><g v="sing"></g><g v="gent"></g></l></v><v><l id="206541" t="он"><g v="NPRO"></g><g v="masc"></g><g v="3per"></g><g v="Anph"></g><g v="sing"></g><g v="accs"></g></l></v><v><l id="206649" t="оно"><g v="NPRO"></g><g v="neut"></g><g v="3per"></g><g v="Anph"></g><g v="sing"></g><g v="gent"></g></l></v><v><l id="206649" t="оно"><g v="NPRO"></g><g v="neut"></g><g v="3per"></g><g v="Anph"></g><g v="sing"></g><g v="accs"></g></l></v></tfr></token><token id="686574" text="к"><tfr rev_id="1518438" t="к"><v><l id="127460" t="к"><g v="PREP"></g></l></v></tfr></token><token id="686575" text="стихийными"><tfr rev_id="1518439" t="стихийными"><v><l id="336320" t="стихийный"><g v="ADJF"></g><g v="Qual"></g><g v="plur"></g><g v="ablt"></g></l></v></tfr></token><token id="686576" text="бедствиям"><tfr rev_id="1518440" t="бедствиям"><v><l id="25423" t="бедствие"><g v="NOUN"></g><g v="inan"></g><g v="neut"></g><g v="plur"></g><g v="datv"></g></l></v></tfr></token><token id="686577" text="и"><tfr rev_id="1518441" t="и"><v><l id="116949" t="и"><g v="CONJ"></g></l></v><v><l id="116950" t="и"><g v="INTJ"></g></l></v></tfr></token><token id="686578" text="катастрофам"><tfr rev_id="1518442" t="катастрофам"><v><l id="131282" t="катастрофа"><g v="NOUN"></g><g v="inan"></g><g v="femn"></g><g v="plur"></g><g v="datv"></g></l></v></tfr></token><token id="686579" text=","><tfr rev_id="1518443" t=","><v><l id="0" t=","><g v="PNCT"></g></l></v></tfr></token><token id="686580" text="которые"><tfr rev_id="3751422" t="которые"><v><l id="141203" t="который"><g v="ADJF"></g><g v="Apro"></g><g v="Subx"></g><g v="Anph"></g><g v="plur"></g><g v="nomn"></g></l></v></tfr></token><token id="686581" text="происходят"><tfr rev_id="1518445" t="происходят"><v><l id="280286" t="происхожу"><g v="VERB"></g><g v="impf"></g><g v="intr"></g><g v="plur"></g><g v="3per"></g><g v="pres"></g><g v="indc"></g></l></v></tfr></token><token id="686582" text="летом"><tfr rev_id="4265347" t="летом"><v><l id="148696" t="летом"><g v="ADVB"></g></l></v></tfr></token><token id="686583" text="в"><tfr rev_id="1518447" t="в"><v><l id="37409" t="в"><g v="PREP"></g></l></v></tfr></token><token id="686584" text="России"><tfr rev_id="2934773" t="России"><v><l id="309322" t="россия"><g v="NOUN"></g><g v="inan"></g><g v="femn"></g><g v="Sgtm"></g><g v="Geox"></g><g v="sing"></g><g v="loct"></g></l></v></tfr></token><token id="686585" text="."><tfr rev_id="1518449" t="."><v><l id="0" t="."><g v="PNCT"></g></l></v></tfr></token></tokens></sentence></paragraph><paragraph id="12341"><sentence id="38508"><source>Как пишут «Новые известия», комментирую скандал, с рисованием тротуарной плитки на бетоне рядом со станцией метро «Маяковская», рабочие это делали с ведома и по распоряжению начальства.</source><tokens><token id="686586" text="Как"><tfr rev_id="1518450" t="Как"><v><l id="128190" t="как"><g v="CONJ"></g></l></v><v><l id="128191" t="как"><g v="PRCL"></g></l></v><v><l id="128192" t="как"><g v="ADVB"></g><g v="Ques"></g></l></v></tfr></token><token id="686587" text="пишут"><tfr rev_id="1518451" t="пишут"><v><l id="239101" t="пишу"><g v="VERB"></g><g v="impf"></g><g v="tran"></g><g v="plur"></g><g v="3per"></g><g v="pres"></g><g v="indc"></g></l></v></tfr></token><token id="686588" text="«"><tfr rev_id="2446743" t="«"><v><l id="0" t="«"><g v="PNCT"></g></l></v></tfr></token><token id="686589" text="Новые"><tfr rev_id="4467958" t="Новые"><v><l id="191918" t="новый"><g v="ADJF"></g><g v="Qual"></g><g v="plur"></g><g v="nomn"></g></l></v></tfr></token><token id="686590" text="известия"><tfr rev_id="3794609" t="известия"><v><l id="118103" t="известие"><g v="NOUN"></g><g v="inan"></g><g v="neut"></g><g v="plur"></g><g v="nomn"></g></l></v></tfr></token><token id="686591" text="»"><tfr rev_id="2446744" t="»"><v><l id="0" t="»"><g v="PNCT"></g></l></v></tfr></token><token id="686592" text=","><tfr rev_id="1518456" t=","><v><l id="0" t=","><g v="PNCT"></g></l></v></tfr></token><token id="686593" text="комментирую"><tfr rev_id="1518457" t="комментирую"><v><l id="136976" t="комментирую"><g v="VERB"></g><g v="impf"></g><g v="tran"></g><g v="sing"></g><g v="1per"></g><g v="pres"></g><g v="indc"></g></l></v></tfr></token><token id="686594" text="скандал"><tfr rev_id="4097891" t="скандал"><v><l id="321718" t="скандал"><g v="NOUN"></g><g v="inan"></g><g v="masc"></g><g v="sing"></g><g v="accs"></g></l></v></tfr></token><token id="686595" text=","><tfr rev_id="1518459" t=","><v><l id="0" t=","><g v="PNCT"></g></l></v></tfr></token><token id="686596" text="с"><tfr rev_id="1518460" t="с"><v><l id="311151" t="с"><g v="PREP"></g></l></v></tfr></token><token id="686597" text="рисованием"><tfr rev_id="1518461" t="рисованием"><v><l id="307788" t="рисование"><g v="NOUN"></g><g v="inan"></g><g v="neut"></g><g v="sing"></g><g v="ablt"></g></l></v></tfr></token><token id="686598" text="тротуарной"><tfr rev_id="4161694" t="тротуарной"><v><l id="350539" t="тротуарный"><g v="ADJF"></g><g v="Qual"></g><g v="femn"></g><g v="sing"></g><g v="gent"></g></l></v></tfr></token><token id="686599" text="плитки"><tfr rev_id="3451497" t="плитки"><v><l id="240518" t="плитка"><g v="NOUN"></g><g v="inan"></g><g v="femn"></g><g v="sing"></g><g v="gent"></g></l></v></tfr></token><token id="686600" text="на"><tfr rev_id="3340347" t="на"><v><l id="166264" t="на"><g v="PREP"></g></l></v></tfr></token><token id="686601" text="бетоне"><tfr rev_id="1518465" t="бетоне"><v><l id="29152" t="бетон"><g v="NOUN"></g><g v="inan"></g><g v="masc"></g><g v="sing"></g><g v="loct"></g></l></v></tfr></token><token id="686602" text="рядом"><tfr rev_id="4264701" t="рядом"><v><l id="311076" t="рядом"><g v="ADVB"></g><g v="Prdx"></g></l></v></tfr></token><token id="686603" text="со"><tfr rev_id="2919274" t="со"><v><l id="311151" t="с"><g v="PREP"></g><g v="Vpre"></g></l></v></tfr></token><token id="686604" text="станцией"><tfr rev_id="1518468" t="станцией"><v><l id="334704" t="станция"><g v="NOUN"></g><g v="inan"></g><g v="femn"></g><g v="sing"></g><g v="ablt"></g></l></v></tfr></token><token id="686605" text="метро"><tfr rev_id="3807320" t="метро"><v><l id="159307" t="метро"><g v="NOUN"></g><g v="inan"></g><g v="neut"></g><g v="Fixd"></g><g v="sing"></g><g v="gent"></g></l></v></tfr></token><token id="686606" text="«"><tfr rev_id="2446745" t="«"><v><l id="0" t="«"><g v="PNCT"></g></l></v></tfr></token><token id="686607" text="Маяковская"><tfr rev_id="1518471" t="Маяковская"><v><l id="156802" t="маяковская"><g v="NOUN"></g><g v="anim"></g><g v="femn"></g><g v="Sgtm"></g><g v="Surn"></g><g v="sing"></g><g v="nomn"></g></l></v></tfr></token><token id="686608" text="»"><tfr rev_id="2446746" t="»"><v><l id="0" t="»"><g v="PNCT"></g></l></v></tfr></token><token id="686609" text=","><tfr rev_id="1518473" t=","><v><l id="0" t=","><g v="PNCT"></g></l></v></tfr></token><token id="686610" text="рабочие"><tfr rev_id="4264253" t="рабочие"><v><l id="290533" t="рабочий"><g v="NOUN"></g><g v="anim"></g><g v="masc"></g><g v="plur"></g><g v="nomn"></g></l></v></tfr></token><token id="686611" text="это"><tfr rev_id="4441828" t="это"><v><l id="386574" t="это"><g v="PRCL"></g></l></v><v><l id="386575" t="это"><g v="NPRO"></g><g v="neut"></g><g v="sing"></g><g v="nomn"></g></l></v><v><l id="386575" t="это"><g v="NPRO"></g><g v="neut"></g><g v="sing"></g><g v="accs"></g></l></v><v><l id="386581" t="этот"><g v="ADJF"></g><g v="Subx"></g><g v="Apro"></g><g v="Anph"></g><g v="neut"></g><g v="sing"></g><g v="nomn"></g></l></v><v><l id="386581" t="этот"><g v="ADJF"></g><g v="Subx"></g><g v="Apro"></g><g v="Anph"></g><g v="neut"></g><g v="sing"></g><g v="accs"></g></l></v></tfr></token><token id="686612" text="делали"><tfr rev_id="1518476" t="делали"><v><l id="80526" t="делаю"><g v="VERB"></g><g v="impf"></g><g v="tran"></g><g v="plur"></g><g v="past"></g><g v="indc"></g></l></v></tfr></token><token id="686613" text="с"><tfr rev_id="1518477" t="с"><v><l id="311151" t="с"><g v="PREP"></g></l></v></tfr></token><token id="686614" text="ведома"><tfr rev_id="4279448" t="ведома"><v><l id="40346" t="ведомо"><g v="NOUN"></g><g v="inan"></g><g v="neut"></g><g v="sing"></g><g v="gent"></g></l></v></tfr></token><token id="686615" text="и"><tfr rev_id="3488581" t="и"><v><l id="116949" t="и"><g v="CONJ"></g></l></v></tfr></token><token id="686616" text="по"><tfr rev_id="1518480" t="по"><v><l id="241240" t="по"><g v="PREP"></g></l></v></tfr></token><token id="686617" text="распоряжению"><tfr rev_id="1518481" t="распоряжению"><v><l id="300175" t="распоряжение"><g v="NOUN"></g><g v="inan"></g><g v="neut"></g><g v="sing"></g><g v="datv"></g></l></v></tfr></token><token id="686618" text="начальства"><tfr rev_id="3283070" t="начальства"><v><l id="178209" t="начальство"><g v="NOUN"></g><g v="inan"></g><g v="neut"></g><g v="sing"></g><g v="gent"></g></l></v></tfr></token><token id="686619" text="."><tfr rev_id="1518483" t="."><v><l id="0" t="."><g v="PNCT"></g></l></v></tfr></token></tokens></sentence><sentence id="38509"><source>Как оказалось, во время ремонтных работ рабочие обнаружили под тротуаром лоток с электрическими кабелями.</source><tokens><token id="686620" text="Как"><tfr rev_id="1518484" t="Как"><v><l id="128190" t="как"><g v="CONJ"></g></l></v><v><l id="128191" t="как"><g v="PRCL"></g></l></v><v><l id="128192" t="как"><g v="ADVB"></g><g v="Ques"></g></l></v></tfr></token><token id="686621" text="оказалось"><tfr rev_id="1518485" t="оказалось"><v><l id="204462" t="оказался"><g v="VERB"></g><g v="perf"></g><g v="intr"></g><g v="neut"></g><g v="sing"></g><g v="past"></g><g v="indc"></g></l></v></tfr></token><token id="686622" text=","><tfr rev_id="1518486" t=","><v><l id="0" t=","><g v="PNCT"></g></l></v></tfr></token><token id="686623" text="во"><tfr rev_id="2920318" t="во"><v><l id="37409" t="в"><g v="PREP"></g><g v="Vpre"></g></l></v></tfr></token><token id="686624" text="время"><tfr rev_id="4107570" t="время"><v><l id="53149" t="время"><g v="NOUN"></g><g v="inan"></g><g v="neut"></g><g v="sing"></g><g v="accs"></g></l></v></tfr></token><token id="686625" text="ремонтных"><tfr rev_id="4198140" t="ремонтных"><v><l id="306215" t="ремонтный"><g v="ADJF"></g><g v="Qual"></g><g v="plur"></g><g v="gent"></g></l></v></tfr></token><token id="686626" text="работ"><tfr rev_id="1518490" t="работ"><v><l id="290501" t="работа"><g v="NOUN"></g><g v="inan"></g><g v="femn"></g><g v="plur"></g><g v="gent"></g></l></v></tfr></token><token id="686627" text="рабочие"><tfr rev_id="4264254" t="рабочие"><v><l id="290533" t="рабочий"><g v="NOUN"></g><g v="anim"></g><g v="masc"></g><g v="plur"></g><g v="nomn"></g></l></v></tfr></token><token id="686628" text="обнаружили"><tfr rev_id="1518492" t="обнаружили"><v><l id="197779" t="обнаружил"><g v="VERB"></g><g v="perf"></g><g v="tran"></g><g v="plur"></g><g v="past"></g><g v="indc"></g></l></v></tfr></token><token id="686629" text="под"><tfr rev_id="2604149" t="под"><v><l id="243755" t="под"><g v="PREP"></g></l></v></tfr></token><token id="686630" text="тротуаром"><tfr rev_id="1518494" t="тротуаром"><v><l id="350538" t="тротуар"><g v="NOUN"></g><g v="inan"></g><g v="masc"></g><g v="sing"></g><g v="ablt"></g></l></v></tfr></token><token id="686631" text="лоток"><tfr rev_id="1518495" t="лоток"><v><l id="151086" t="лоток"><g v="NOUN"></g><g v="inan"></g><g v="masc"></g><g v="sing"></g><g v="nomn"></g></l></v><v><l id="151086" t="лоток"><g v="NOUN"></g><g v="inan"></g><g v="masc"></g><g v="sing"></g><g v="accs"></g></l></v></tfr></token><token id="686632" text="с"><tfr rev_id="1518496" t="с"><v><l id="311151" t="с"><g v="PREP"></g></l></v></tfr></token><token id="686633" text="электрическими"><tfr rev_id="1518497" t="электрическими"><v><l id="384064" t="электрический"><g v="ADJF"></g><g v="plur"></g><g v="ablt"></g></l></v></tfr></token><token id="686634" text="кабелями"><tfr rev_id="1518498" t="кабелями"><v><l id="127569" t="кабель"><g v="NOUN"></g><g v="inan"></g><g v="masc"></g><g v="plur"></g><g v="ablt"></g></l></v></tfr></token><token id="686635" text="."><tfr rev_id="1518499" t="."><v><l id="0" t="."><g v="PNCT"></g></l></v></tfr></token></tokens></sentence><sentence id="38510"><source>До решения проблемы с их безопасным размещением рабочим инженер приказал залить этот участок бетоном.</source><tokens><token id="686636" text="До"><tfr rev_id="1518500" t="До"><v><l id="85153" t="до"><g v="PREP"></g></l></v></tfr></token><token id="686637" text="решения"><tfr rev_id="3470021" t="решения"><v><l id="307350" t="решение"><g v="NOUN"></g><g v="inan"></g><g v="neut"></g><g v="sing"></g><g v="gent"></g></l></v></tfr></token><token id="686638" text="проблемы"><tfr rev_id="3474905" t="проблемы"><v><l id="277255" t="проблема"><g v="NOUN"></g><g v="inan"></g><g v="femn"></g><g v="sing"></g><g v="gent"></g></l></v></tfr></token><token id="686639" text="с"><tfr rev_id="1518503" t="с"><v><l id="311151" t="с"><g v="PREP"></g></l></v></tfr></token><token id="686640" text="их"><tfr rev_id="4473047" t="их"><v><l id="127205" t="их"><g v="ADJF"></g><g v="Fixd"></g><g v="Apro"></g><g v="Anph"></g><g v="masc"></g><g v="sing"></g><g v="nomn"></g></l></v><v><l id="127205" t="их"><g v="ADJF"></g><g v="Fixd"></g><g v="Apro"></g><g v="Anph"></g><g v="masc"></g><g v="sing"></g><g v="gent"></g></l></v><v><l id="127205" t="их"><g v="ADJF"></g><g v="Fixd"></g><g v="Apro"></g><g v="Anph"></g><g v="masc"></g><g v="sing"></g><g v="datv"></g></l></v><v><l id="127205" t="их"><g v="ADJF"></g><g v="Fixd"></g><g v="Apro"></g><g v="Anph"></g><g v="masc"></g><g v="sing"></g><g v="accs"></g></l></v><v><l id="127205" t="их"><g v="ADJF"></g><g v="Fixd"></g><g v="Apro"></g><g v="Anph"></g><g v="masc"></g><g v="sing"></g><g v="ablt"></g></l></v><v><l id="127205" t="их"><g v="ADJF"></g><g v="Fixd"></g><g v="Apro"></g><g v="Anph"></g><g v="masc"></g><g v="sing"></g><g v="loct"></g></l></v><v><l id="127205" t="их"><g v="ADJF"></g><g v="Fixd"></g><g v="Apro"></g><g v="Anph"></g><g v="femn"></g><g v="sing"></g><g v="nomn"></g></l></v><v><l id="127205" t="их"><g v="ADJF"></g><g v="Fixd"></g><g v="Apro"></g><g v="Anph"></g><g v="femn"></g><g v="sing"></g><g v="gent"></g></l></v><v><l id="127205" t="их"><g v="ADJF"></g><g v="Fixd"></g><g v="Apro"></g><g v="Anph"></g><g v="femn"></g><g v="sing"></g><g v="datv"></g></l></v><v><l id="127205" t="их"><g v="ADJF"></g><g v="Fixd"></g><g v="Apro"></g><g v="Anph"></g><g v="femn"></g><g v="sing"></g><g v="accs"></g></l></v><v><l id="127205" t="их"><g v="ADJF"></g><g v="Fixd"></g><g v="Apro"></g><g v="Anph"></g><g v="femn"></g><g v="sing"></g><g v="ablt"></g></l></v><v><l id="127205" t="их"><g v="ADJF"></g><g v="Fixd"></g><g v="Apro"></g><g v="Anph"></g><g v="femn"></g><g v="sing"></g><g v="loct"></g></l></v><v><l id="127205" t="их"><g v="ADJF"></g><g v="Fixd"></g><g v="Apro"></g><g v="Anph"></g><g v="neut"></g><g v="sing"></g><g v="nomn"></g></l></v><v><l id="127205" t="их"><g v="ADJF"></g><g v="Fixd"></g><g v="Apro"></g><g v="Anph"></g><g v="neut"></g><g v="sing"></g><g v="gent"></g></l></v><v><l id="127205" t="их"><g v="ADJF"></g><g v="Fixd"></g><g v="Apro"></g><g v="Anph"></g><g v="neut"></g><g v="sing"></g><g v="datv"></g></l></v><v><l id="127205" t="их"><g v="ADJF"></g><g v="Fixd"></g><g v="Apro"></g><g v="Anph"></g><g v="neut"></g><g v="sing"></g><g v="accs"></g></l></v><v><l id="127205" t="их"><g v="ADJF"></g><g v="Fixd"></g><g v="Apro"></g><g v="Anph"></g><g v="neut"></g><g v="sing"></g><g v="ablt"></g></l></v><v><l id="127205" t="их"><g v="ADJF"></g><g v="Fixd"></g><g v="Apro"></g><g v="Anph"></g><g v="neut"></g><g v="sing"></g><g v="loct"></g></l></v></tfr></token><token id="686641" text="безопасным"><tfr rev_id="4351738" t="безопасным"><v><l id="26216" t="безопасный"><g v="ADJF"></g><g v="Qual"></g><g v="neut"></g><g v="sing"></g><g v="ablt"></g></l></v></tfr></token><token id="686642" text="размещением"><tfr rev_id="1518506" t="размещением"><v><l id="295140" t="размещение"><g v="NOUN"></g><g v="inan"></g><g v="neut"></g><g v="sing"></g><g v="ablt"></g></l></v></tfr></token><token id="686643" text="рабочим"><tfr rev_id="4283753" t="рабочим"><v><l id="290533" t="рабочий"><g v="NOUN"></g><g v="anim"></g><g v="masc"></g><g v="plur"></g><g v="datv"></g></l></v></tfr></token><token id="686644" text="инженер"><tfr rev_id="1518508" t="инженер"><v><l id="122439" t="инженер"><g v="NOUN"></g><g v="anim"></g><g v="masc"></g><g v="sing"></g><g v="nomn"></g></l></v></tfr></token><token id="686645" text="приказал"><tfr rev_id="1518509" t="приказал"><v><l id="270748" t="приказал"><g v="VERB"></g><g v="perf"></g><g v="tran"></g><g v="masc"></g><g v="sing"></g><g v="past"></g><g v="indc"></g></l></v></tfr></token><token id="686646" text="залить"><tfr rev_id="1518510" t="залить"><v><l id="104800" t="залить"><g v="INFN"></g><g v="perf"></g><g v="tran"></g></l></v></tfr></token><token id="686647" text="этот"><tfr rev_id="4432151" t="этот"><v><l id="386581" t="этот"><g v="ADJF"></g><g v="Subx"></g><g v="Apro"></g><g v="Anph"></g><g v="masc"></g><g v="sing"></g><g v="nomn"></g></l></v><v><l id="386581" t="этот"><g v="ADJF"></g><g v="Subx"></g><g v="Apro"></g><g v="Anph"></g><g v="inan"></g><g v="masc"></g><g v="sing"></g><g v="accs"></g></l></v></tfr></token><token id="686648" text="участок"><tfr rev_id="4096822" t="участок"><v><l id="363153" t="участок"><g v="NOUN"></g><g v="inan"></g><g v="masc"></g><g v="sing"></g><g v="accs"></g></l></v></tfr></token><token id="686649" text="бетоном"><tfr rev_id="1518513" t="бетоном"><v><l id="29152" t="бетон"><g v="NOUN"></g><g v="inan"></g><g v="masc"></g><g v="sing"></g><g v="ablt"></g></l></v></tfr></token><token id="686650" text="."><tfr rev_id="1518514" t="."><v><l id="0" t="."><g v="PNCT"></g></l></v></tfr></token></tokens></sentence><sentence id="38511"><source>Чтобы не портить городской пейзаж, укладчики аккуратно и очень правдоподобно нарисовали на бетоне плитку.</source><tokens><token id="686651" text="Чтобы"><tfr rev_id="1518515" t="Чтобы"><v><l id="377013" t="чтобы"><g v="CONJ"></g></l></v><v><l id="377014" t="чтобы"><g v="PRCL"></g></l></v></tfr></token><token id="686652" text="не"><tfr rev_id="1518516" t="не"><v><l id="178876" t="не"><g v="PRCL"></g></l></v></tfr></token><token id="686653" text="портить"><tfr rev_id="1518517" t="портить"><v><l id="260565" t="портить"><g v="INFN"></g><g v="impf"></g><g v="tran"></g></l></v></tfr></token><token id="686654" text="городской"><tfr rev_id="4278560" t="городской"><v><l id="73611" t="городской"><g v="ADJF"></g><g v="masc"></g><g v="sing"></g><g v="nomn"></g></l></v><v><l id="73611" t="городской"><g v="ADJF"></g><g v="inan"></g><g v="masc"></g><g v="sing"></g><g v="accs"></g></l></v></tfr></token><token id="686655" text="пейзаж"><tfr rev_id="1518519" t="пейзаж"><v><l id="225716" t="пейзаж"><g v="NOUN"></g><g v="inan"></g><g v="masc"></g><g v="sing"></g><g v="nomn"></g></l></v><v><l id="225716" t="пейзаж"><g v="NOUN"></g><g v="inan"></g><g v="masc"></g><g v="sing"></g><g v="accs"></g></l></v></tfr></token><token id="686656" text=","><tfr rev_id="1518520" t=","><v><l id="0" t=","><g v="PNCT"></g></l></v></tfr></token><token id="686657" text="укладчики"><tfr rev_id="1518521" t="укладчики"><v><l id="356099" t="укладчик"><g v="NOUN"></g><g v="anim"></g><g v="masc"></g><g v="plur"></g><g v="nomn"></g></l></v></tfr></token><token id="686658" text="аккуратно"><tfr rev_id="3526510" t="аккуратно"><v><l id="7257" t="аккуратно"><g v="ADVB"></g></l></v></tfr></token><token id="686659" text="и"><tfr rev_id="4208526" t="и"><v><l id="116949" t="и"><g v="CONJ"></g></l></v></tfr></token><token id="686660" text="очень"><tfr rev_id="1518524" t="очень"><v><l id="221681" t="очень"><g v="ADVB"></g></l></v></tfr></token><token id="686661" text="правдоподобно"><tfr rev_id="3647722" t="правдоподобно"><v><l id="265601" t="правдоподобен"><g v="ADJS"></g><g v="Qual"></g><g v="neut"></g><g v="sing"></g></l></v><v><l id="389398" t="правдоподобно"><g v="ADVB"></g></l></v></tfr></token><token id="686662" text="нарисовали"><tfr rev_id="1518526" t="нарисовали"><v><l id="174630" t="нарисовал"><g v="VERB"></g><g v="perf"></g><g v="tran"></g><g v="plur"></g><g v="past"></g><g v="indc"></g></l></v></tfr></token><token id="686663" text="на"><tfr rev_id="3334443" t="на"><v><l id="166264" t="на"><g v="PREP"></g></l></v></tfr></token><token id="686664" text="бетоне"><tfr rev_id="1518528" t="бетоне"><v><l id="29152" t="бетон"><g v="NOUN"></g><g v="inan"></g><g v="masc"></g><g v="sing"></g><g v="loct"></g></l></v></tfr></token><token id="686665" text="плитку"><tfr rev_id="1518529" t="плитку"><v><l id="240518" t="плитка"><g v="NOUN"></g><g v="inan"></g><g v="femn"></g><g v="sing"></g><g v="accs"></g></l></v></tfr></token><token id="686666" text="."><tfr rev_id="1518530" t="."><v><l id="0" t="."><g v="PNCT"></g></l></v></tfr></token></tokens></sentence></paragraph><paragraph id="12342"><sentence id="38512"><source>Между тем плиточный проект и скандалы вокруг него вызывают ироничные замечания со стороны западных наблюдателей, которые сравнивают происходящее со стихийными бедствиями, по традиции поражающими Россию летом.</source><tokens><token id="686667" text="Между"><tfr rev_id="1518531" t="Между"><v><l id="157306" t="между"><g v="PREP"></g></l></v></tfr></token><token id="686668" text="тем"><tfr rev_id="4502898" t="тем"><v><l id="348430" t="тот"><g v="ADJF"></g><g v="Subx"></g><g v="Apro"></g><g v="Anph"></g><g v="masc"></g><g v="sing"></g><g v="ablt"></g></l></v><v><l id="348430" t="тот"><g v="ADJF"></g><g v="Subx"></g><g v="Apro"></g><g v="Anph"></g><g v="neut"></g><g v="sing"></g><g v="ablt"></g></l></v></tfr></token><token id="686669" text="плиточный"><tfr rev_id="1518533" t="плиточный"><v><l id="240530" t="плиточный"><g v="ADJF"></g><g v="Qual"></g><g v="masc"></g><g v="sing"></g><g v="nomn"></g></l></v><v><l id="240530" t="плиточный"><g v="ADJF"></g><g v="Qual"></g><g v="inan"></g><g v="masc"></g><g v="sing"></g><g v="accs"></g></l></v></tfr></token><token id="686670" text="проект"><tfr rev_id="4083613" t="проект"><v><l id="279545" t="проект"><g v="NOUN"></g><g v="inan"></g><g v="masc"></g><g v="sing"></g><g v="nomn"></g></l></v></tfr></token><token id="686671" text="и"><tfr rev_id="1518535" t="и"><v><l id="116949" t="и"><g v="CONJ"></g></l></v><v><l id="116950" t="и"><g v="INTJ"></g></l></v></tfr></token><token id="686672" text="скандалы"><tfr rev_id="2757411" t="скандалы"><v><l id="321718" t="скандал"><g v="NOUN"></g><g v="inan"></g><g v="masc"></g><g v="plur"></g><g v="nomn"></g></l></v></tfr></token><token id="686673" text="вокруг"><tfr rev_id="4321226" t="вокруг"><v><l id="49813" t="вокруг"><g v="PREP"></g></l></v></tfr></token><token id="686674" text="него"><tfr rev_id="4528210" t="него"><v><l id="206541" t="он"><g v="NPRO"></g><g v="masc"></g><g v="3per"></g><g v="Anph"></g><g v="sing"></g><g v="gent"></g><g v="Af-p"></g></l></v><v><l id="206649" t="оно"><g v="NPRO"></g><g v="neut"></g><g v="3per"></g><g v="Anph"></g><g v="sing"></g><g v="gent"></g><g v="Af-p"></g></l></v></tfr></token><token id="686675" text="вызывают"><tfr rev_id="1518539" t="вызывают"><v><l id="57671" t="вызываю"><g v="VERB"></g><g v="impf"></g><g v="tran"></g><g v="plur"></g><g v="3per"></g><g v="pres"></g><g v="indc"></g></l></v></tfr></token><token id="686676" text="ироничные"><tfr rev_id="3808542" t="ироничные"><v><l id="124080" t="ироничный"><g v="ADJF"></g><g v="Qual"></g><g v="inan"></g><g v="plur"></g><g v="accs"></g></l></v></tfr></token><token id="686677" text="замечания"><tfr rev_id="3801871" t="замечания"><v><l id="105546" t="замечание"><g v="NOUN"></g><g v="inan"></g><g v="neut"></g><g v="plur"></g><g v="accs"></g></l></v></tfr></token><token id="686678" text="со"><tfr rev_id="2919275" t="со"><v><l id="311151" t="с"><g v="PREP"></g><g v="Vpre"></g></l></v></tfr></token><token id="686679" text="стороны"><tfr rev_id="3441258" t="стороны"><v><l id="336894" t="сторона"><g v="NOUN"></g><g v="inan"></g><g v="femn"></g><g v="sing"></g><g v="gent"></g></l></v></tfr></token><token id="686680" text="западных"><tfr rev_id="4408853" t="западных"><v><l id="106682" t="западный"><g v="ADJF"></g><g v="Qual"></g><g v="plur"></g><g v="gent"></g></l></v></tfr></token><token id="686681" text="наблюдателей"><tfr rev_id="3538157" t="наблюдателей"><v><l id="166525" t="наблюдатель"><g v="NOUN"></g><g v="anim"></g><g v="masc"></g><g v="plur"></g><g v="gent"></g></l></v></tfr></token><token id="686682" text=","><tfr rev_id="1518546" t=","><v><l id="0" t=","><g v="PNCT"></g></l></v></tfr></token><token id="686683" text="которые"><tfr rev_id="4085490" t="которые"><v><l id="141203" t="который"><g v="ADJF"></g><g v="Apro"></g><g v="Subx"></g><g v="Anph"></g><g v="plur"></g><g v="nomn"></g></l></v></tfr></token><token id="686684" text="сравнивают"><tfr rev_id="1518548" t="сравнивают"><v><l id="333310" t="сравниваю"><g v="VERB"></g><g v="impf"></g><g v="tran"></g><g v="plur"></g><g v="3per"></g><g v="pres"></g><g v="indc"></g></l></v></tfr></token><token id="686685" text="происходящее"><tfr rev_id="4353806" t="происходящее"><v><l id="280288" t="происходящий"><g v="PRTF"></g><g v="impf"></g><g v="intr"></g><g v="pres"></g><g v="actv"></g><g v="neut"></g><g v="sing"></g><g v="accs"></g></l></v></tfr></token><token id="686686" text="со"><tfr rev_id="2919276" t="со"><v><l id="311151" t="с"><g v="PREP"></g><g v="Vpre"></g></l></v></tfr></token><token id="686687" text="стихийными"><tfr rev_id="1518551" t="стихийными"><v><l id="336320" t="стихийный"><g v="ADJF"></g><g v="Qual"></g><g v="plur"></g><g v="ablt"></g></l></v></tfr></token><token id="686688" text="бедствиями"><tfr rev_id="1518552" t="бедствиями"><v><l id="25423" t="бедствие"><g v="NOUN"></g><g v="inan"></g><g v="neut"></g><g v="plur"></g><g v="ablt"></g></l></v></tfr></token><token id="686689" text=","><tfr rev_id="1518553" t=","><v><l id="0" t=","><g v="PNCT"></g></l></v></tfr></token><token id="686690" text="по"><tfr rev_id="1518554" t="по"><v><l id="241240" t="по"><g v="PREP"></g></l></v></tfr></token><token id="686691" text="традиции"><tfr rev_id="4344293" t="традиции"><v><l id="348771" t="традиция"><g v="NOUN"></g><g v="inan"></g><g v="femn"></g><g v="sing"></g><g v="datv"></g></l></v></tfr></token><token id="686692" text="поражающими"><tfr rev_id="1518556" t="поражающими"><v><l id="259929" t="поражающий"><g v="PRTF"></g><g v="impf"></g><g v="tran"></g><g v="pres"></g><g v="actv"></g><g v="plur"></g><g v="ablt"></g></l></v><v><l id="259939" t="поражающий"><g v="ADJF"></g><g v="plur"></g><g v="ablt"></g></l></v></tfr></token><token id="686693" text="Россию"><tfr rev_id="1518557" t="Россию"><v><l id="309322" t="россия"><g v="NOUN"></g><g v="inan"></g><g v="femn"></g><g v="Sgtm"></g><g v="Geox"></g><g v="sing"></g><g v="accs"></g></l></v></tfr></token><token id="686694" text="летом"><tfr rev_id="4277900" t="летом"><v><l id="148696" t="летом"><g v="ADVB"></g></l></v></tfr></token><token id="686695" text="."><tfr rev_id="1518559" t="."><v><l id="0" t="."><g v="PNCT"></g></l></v></tfr></token></tokens></sentence><sentence id="38513"><source>«Москвичи привыкли ожидать от лета самого худшего: пожаров, переворотов, дефолтов.</source><tokens><token id="686696" text="«"><tfr rev_id="2446747" t="«"><v><l id="0" t="«"><g v="PNCT"></g></l></v></tfr></token><token id="686697" text="Москвичи"><tfr rev_id="4282625" t="Москвичи"><v><l id="163910" t="москвич"><g v="NOUN"></g><g v="anim"></g><g v="masc"></g><g v="plur"></g><g v="nomn"></g></l></v></tfr></token><token id="686698" text="привыкли"><tfr rev_id="1518562" t="привыкли"><v><l id="269592" t="привык"><g v="VERB"></g><g v="perf"></g><g v="intr"></g><g v="plur"></g><g v="past"></g><g v="indc"></g></l></v></tfr></token><token id="686699" text="ожидать"><tfr rev_id="1518563" t="ожидать"><v><l id="203946" t="ожидать"><g v="INFN"></g><g v="impf"></g><g v="tran"></g></l></v></tfr></token><token id="686700" text="от"><tfr rev_id="1518564" t="от"><v><l id="211644" t="от"><g v="PREP"></g></l></v></tfr></token><token id="686701" text="лета"><tfr rev_id="3718667" t="лета"><v><l id="148693" t="лето"><g v="NOUN"></g><g v="inan"></g><g v="neut"></g><g v="Sgtm"></g><g v="sing"></g><g v="gent"></g></l></v></tfr></token><token id="686702" text="самого"><tfr rev_id="4205209" t="самого"><v><l id="312034" t="сам"><g v="ADJF"></g><g v="Apro"></g><g v="neut"></g><g v="sing"></g><g v="gent"></g></l></v><v><l id="313174" t="самый"><g v="ADJF"></g><g v="Apro"></g><g v="neut"></g><g v="sing"></g><g v="gent"></g></l></v></tfr></token><token id="686703" text="худшего"><tfr rev_id="4161386" t="худшего"><v><l id="240916" t="худший"><g v="ADJF"></g><g v="Supr"></g><g v="Qual"></g><g v="neut"></g><g v="sing"></g><g v="gent"></g></l></v></tfr></token><token id="686704" text=":"><tfr rev_id="1518568" t=":"><v><l id="0" t=":"><g v="PNCT"></g></l></v></tfr></token><token id="686705" text="пожаров"><tfr rev_id="1518569" t="пожаров"><v><l id="253036" t="пожар"><g v="NOUN"></g><g v="inan"></g><g v="masc"></g><g v="plur"></g><g v="gent"></g></l></v></tfr></token><token id="686706" text=","><tfr rev_id="1518570" t=","><v><l id="0" t=","><g v="PNCT"></g></l></v></tfr></token><token id="686707" text="переворотов"><tfr rev_id="1518571" t="переворотов"><v><l id="227459" t="переворот"><g v="NOUN"></g><g v="inan"></g><g v="masc"></g><g v="plur"></g><g v="gent"></g></l></v></tfr></token><token id="686708" text=","><tfr rev_id="1518572" t=","><v><l id="0" t=","><g v="PNCT"></g></l></v></tfr></token><token id="686709" text="дефолтов"><tfr rev_id="1518573" t="дефолтов"><v><l id="82346" t="дефолт"><g v="NOUN"></g><g v="inan"></g><g v="masc"></g><g v="plur"></g><g v="gent"></g></l></v></tfr></token><token id="686710" text="."><tfr rev_id="1518574" t="."><v><l id="0" t="."><g v="PNCT"></g></l></v></tfr></token></tokens></sentence><sentence id="38514"><source>Но в этом году город подвергся другой напасти - массовому переустройству тротуаров»,</source><tokens><token id="686711" text="Но"><tfr rev_id="3724302" t="Но"><v><l id="191429" t="но"><g v="CONJ"></g></l></v></tfr></token><token id="686712" text="в"><tfr rev_id="1518576" t="в"><v><l id="37409" t="в"><g v="PREP"></g></l></v></tfr></token><token id="686713" text="этом"><tfr rev_id="4486918" t="этом"><v><l id="386581" t="этот"><g v="ADJF"></g><g v="Subx"></g><g v="Apro"></g><g v="Anph"></g><g v="masc"></g><g v="sing"></g><g v="loct"></g></l></v></tfr></token><token id="686714" text="году"><tfr rev_id="3045685" t="году"><v><l id="72149" t="год"><g v="NOUN"></g><g v="inan"></g><g v="masc"></g><g v="sing"></g><g v="loc2"></g></l></v></tfr></token><token id="686715" text="город"><tfr rev_id="4213353" t="город"><v><l id="73547" t="город"><g v="NOUN"></g><g v="inan"></g><g v="masc"></g><g v="sing"></g><g v="nomn"></g></l></v></tfr></token><token id="686716" text="подвергся"><tfr rev_id="1518580" t="подвергся"><v><l id="244359" t="подвергнулся"><g v="VERB"></g><g v="perf"></g><g v="intr"></g><g v="masc"></g><g v="sing"></g><g v="past"></g><g v="indc"></g></l></v></tfr></token><token id="686717" text="другой"><tfr rev_id="4317099" t="другой"><v><l id="92342" t="другой"><g v="ADJF"></g><g v="Apro"></g><g v="Subx"></g><g v="femn"></g><g v="sing"></g><g v="datv"></g></l></v></tfr></token><token id="686718" text="напасти"><tfr rev_id="4344294" t="напасти"><v><l id="173210" t="напасть"><g v="NOUN"></g><g v="inan"></g><g v="femn"></g><g v="sing"></g><g v="datv"></g></l></v></tfr></token><token id="686719" text="-"><tfr rev_id="1518583" t="-"><v><l id="0" t="-"><g v="PNCT"></g></l></v></tfr></token><token id="686720" text="массовому"><tfr rev_id="3449603" t="массовому"><v><l id="156047" t="массовый"><g v="ADJF"></g><g v="neut"></g><g v="sing"></g><g v="datv"></g></l></v></tfr></token><token id="686721" text="переустройству"><tfr rev_id="1518585" t="переустройству"><v><l id="235993" t="переустройство"><g v="NOUN"></g><g v="inan"></g><g v="neut"></g><g v="sing"></g><g v="datv"></g></l></v></tfr></token><token id="686722" text="тротуаров"><tfr rev_id="1518586" t="тротуаров"><v><l id="350538" t="тротуар"><g v="NOUN"></g><g v="inan"></g><g v="masc"></g><g v="plur"></g><g v="gent"></g></l></v></tfr></token><token id="686723" text="»"><tfr rev_id="2446748" t="»"><v><l id="0" t="»"><g v="PNCT"></g></l></v></tfr></token><token id="686724" text=","><tfr rev_id="1518588" t=","><v><l id="0" t=","><g v="PNCT"></g></l></v></tfr></token></tokens></sentence><sentence id="38515"><source>- написала Кортни Уивер в блоге The Financial Times.</source><tokens><token id="686725" text="-"><tfr rev_id="1518589" t="-"><v><l id="0" t="-"><g v="PNCT"></g></l></v></tfr></token><token id="686726" text="написала"><tfr rev_id="1518590" t="написала"><v><l id="173434" t="написал"><g v="VERB"></g><g v="perf"></g><g v="tran"></g><g v="femn"></g><g v="sing"></g><g v="past"></g><g v="indc"></g></l></v></tfr></token><token id="686727" text="Кортни"><tfr rev_id="3484378" t="Кортни"><v><l id="140373" t="кортни"><g v="NOUN"></g><g v="anim"></g><g v="femn"></g><g v="Sgtm"></g><g v="Fixd"></g><g v="Name"></g><g v="sing"></g><g v="nomn"></g></l></v></tfr></token><token id="686728" text="Уивер"><tfr rev_id="1518592" t="Уивер"><v><l id="0" t="уивер"><g v="UNKN"></g></l></v></tfr></token><token id="686729" text="в"><tfr rev_id="1518593" t="в"><v><l id="37409" t="в"><g v="PREP"></g></l></v></tfr></token><token id="686730" text="блоге"><tfr rev_id="2922087" t="блоге"><v><l id="388678" t="блог"><g v="NOUN"></g><g v="inan"></g><g v="masc"></g><g v="sing"></g><g v="loct"></g></l></v></tfr></token><token id="686731" text="The"><tfr rev_id="2475392" t="The"><v><l id="0" t="The"><g v="LATN"></g></l></v></tfr></token><token id="686732" text="Financial"><tfr rev_id="2475393" t="Financial"><v><l id="0" t="Financial"><g v="LATN"></g></l></v></tfr></token><token id="686733" text="Times"><tfr rev_id="2475394" t="Times"><v><l id="0" t="Times"><g v="LATN"></g></l></v></tfr></token><token id="686734" text="."><tfr rev_id="1518598" t="."><v><l id="0" t="."><g v="PNCT"></g></l></v></tfr></token></tokens></sentence><sentence id="38516"><source>Как отмечает автор материала, пешеходов реконструкция вынуждает решать сложную дилемму - маневрировать между кучами грязи и песка или рисковать жизнью, выходя на проезжую часть.</source><tokens><token id="686735" text="Как"><tfr rev_id="1518599" t="Как"><v><l id="128190" t="как"><g v="CONJ"></g></l></v><v><l id="128191" t="как"><g v="PRCL"></g></l></v><v><l id="128192" t="как"><g v="ADVB"></g><g v="Ques"></g></l></v></tfr></token><token id="686736" text="отмечает"><tfr rev_id="1518600" t="отмечает"><v><l id="215600" t="отмечаю"><g v="VERB"></g><g v="impf"></g><g v="tran"></g><g v="sing"></g><g v="3per"></g><g v="pres"></g><g v="indc"></g></l></v></tfr></token><token id="686737" text="автор"><tfr rev_id="1518601" t="автор"><v><l id="3371" t="автор"><g v="NOUN"></g><g v="anim"></g><g v="masc"></g><g v="sing"></g><g v="nomn"></g></l></v></tfr></token><token id="686738" text="материала"><tfr rev_id="1518602" t="материала"><v><l id="156200" t="материал"><g v="NOUN"></g><g v="inan"></g><g v="masc"></g><g v="sing"></g><g v="gen1"></g></l></v></tfr></token><token id="686739" text=","><tfr rev_id="1518603" t=","><v><l id="0" t=","><g v="PNCT"></g></l></v></tfr></token><token id="686740" text="пешеходов"><tfr rev_id="4382855" t="пешеходов"><v><l id="238304" t="пешеход"><g v="NOUN"></g><g v="anim"></g><g v="masc"></g><g v="plur"></g><g v="accs"></g></l></v></tfr></token><token id="686741" text="реконструкция"><tfr rev_id="1518605" t="реконструкция"><v><l id="305795" t="реконструкция"><g v="NOUN"></g><g v="inan"></g><g v="femn"></g><g v="sing"></g><g v="nomn"></g></l></v></tfr></token><token id="686742" text="вынуждает"><tfr rev_id="1518606" t="вынуждает"><v><l id="59956" t="вынуждаю"><g v="VERB"></g><g v="impf"></g><g v="tran"></g><g v="sing"></g><g v="3per"></g><g v="pres"></g><g v="indc"></g></l></v></tfr></token><token id="686743" text="решать"><tfr rev_id="1518607" t="решать"><v><l id="307336" t="решать"><g v="INFN"></g><g v="impf"></g><g v="tran"></g></l></v></tfr></token><token id="686744" text="сложную"><tfr rev_id="1518608" t="сложную"><v><l id="325278" t="сложный"><g v="ADJF"></g><g v="Qual"></g><g v="femn"></g><g v="sing"></g><g v="accs"></g></l></v></tfr></token><token id="686745" text="дилемму"><tfr rev_id="1518609" t="дилемму"><v><l id="83876" t="дилемма"><g v="NOUN"></g><g v="inan"></g><g v="femn"></g><g v="sing"></g><g v="accs"></g></l></v></tfr></token><token id="686746" text="-"><tfr rev_id="1518610" t="-"><v><l id="0" t="-"><g v="PNCT"></g></l></v></tfr></token><token id="686747" text="маневрировать"><tfr rev_id="1518611" t="маневрировать"><v><l id="154658" t="маневрировать"><g v="INFN"></g><g v="impf"></g><g v="intr"></g></l></v></tfr></token><token id="686748" text="между"><tfr rev_id="1518612" t="между"><v><l id="157306" t="между"><g v="PREP"></g></l></v></tfr></token><token id="686749" text="кучами"><tfr rev_id="1518613" t="кучами"><v><l id="145830" t="куча"><g v="NOUN"></g><g v="inan"></g><g v="femn"></g><g v="plur"></g><g v="ablt"></g></l></v></tfr></token><token id="686750" text="грязи"><tfr rev_id="4470152" t="грязи"><v><l id="76326" t="грязь"><g v="NOUN"></g><g v="inan"></g><g v="femn"></g><g v="sing"></g><g v="gent"></g></l></v></tfr></token><token id="686751" text="и"><tfr rev_id="3462541" t="и"><v><l id="116949" t="и"><g v="CONJ"></g></l></v></tfr></token><token id="686752" text="песка"><tfr rev_id="1518616" t="песка"><v><l id="237709" t="песок"><g v="NOUN"></g><g v="inan"></g><g v="masc"></g><g v="sing"></g><g v="gen1"></g></l></v></tfr></token><token id="686753" text="или"><tfr rev_id="3787344" t="или"><v><l id="121146" t="или"><g v="CONJ"></g></l></v></tfr></token><token id="686754" text="рисковать"><tfr rev_id="1518618" t="рисковать"><v><l id="307773" t="рисковать"><g v="INFN"></g><g v="impf"></g><g v="intr"></g></l></v></tfr></token><token id="686755" text="жизнью"><tfr rev_id="1518619" t="жизнью"><v><l id="97314" t="жизнь"><g v="NOUN"></g><g v="inan"></g><g v="femn"></g><g v="sing"></g><g v="ablt"></g></l></v></tfr></token><token id="686756" text=","><tfr rev_id="1518620" t=","><v><l id="0" t=","><g v="PNCT"></g></l></v></tfr></token><token id="686757" text="выходя"><tfr rev_id="1518621" t="выходя"><v><l id="63966" t="выходя"><g v="GRND"></g><g v="impf"></g><g v="intr"></g><g v="pres"></g></l></v></tfr></token><token id="686758" text="на"><tfr rev_id="3336971" t="на"><v><l id="166264" t="на"><g v="PREP"></g></l></v></tfr></token><token id="686759" text="проезжую"><tfr rev_id="1518623" t="проезжую"><v><l id="279543" t="проезжий"><g v="ADJF"></g><g v="femn"></g><g v="sing"></g><g v="accs"></g></l></v></tfr></token><token id="686760" text="часть"><tfr rev_id="1518624" t="часть"><v><l id="374820" t="часть"><g v="NOUN"></g><g v="inan"></g><g v="femn"></g><g v="sing"></g><g v="nomn"></g></l></v><v><l id="374820" t="часть"><g v="NOUN"></g><g v="inan"></g><g v="femn"></g><g v="sing"></g><g v="accs"></g></l></v></tfr></token><token id="686761" text="."><tfr rev_id="1518625" t="."><v><l id="0" t="."><g v="PNCT"></g></l></v></tfr></token></tokens></sentence></paragraph></paragraphs></text>