<?xml version="1.0" encoding="utf-8"?><text id="1359" parent="585" name="0116209 Помогите!"><tags><tag>url:http://kkirsanov.livejournal.com/116209.html</tag><tag>Год:2005</tag><tag>Дата:02/06</tag><tag>Время:22:35</tag></tags><paragraphs><paragraph id="12357"><sentence id="38568"><source>Пишу ужасающе безграмотно.</source><tokens><token id="687815" text="Пишу"><tfr rev_id="1519679" t="Пишу"><v><l id="239101" t="пишу"><g v="VERB"></g><g v="impf"></g><g v="tran"></g><g v="sing"></g><g v="1per"></g><g v="pres"></g><g v="indc"></g></l></v></tfr></token><token id="687816" text="ужасающе"><tfr rev_id="1519680" t="ужасающе"><v><l id="355469" t="ужасающ"><g v="ADJS"></g><g v="neut"></g><g v="sing"></g></l></v></tfr></token><token id="687817" text="безграмотно"><tfr rev_id="1519681" t="безграмотно"><v><l id="25737" t="безграмотно"><g v="ADVB"></g></l></v><v><l id="25740" t="безграмотен"><g v="ADJS"></g><g v="Qual"></g><g v="neut"></g><g v="sing"></g></l></v></tfr></token><token id="687818" text="."><tfr rev_id="1519682" t="."><v><l id="0" t="."><g v="PNCT"></g></l></v></tfr></token></tokens></sentence><sentence id="38569"><source>Нелады как орфографией, так и с пунктуацией.</source><tokens><token id="687819" text="Нелады"><tfr rev_id="3749734" t="Нелады"><v><l id="183717" t="нелады"><g v="NOUN"></g><g v="inan"></g><g v="GNdr"></g><g v="Pltm"></g><g v="plur"></g><g v="nomn"></g></l></v></tfr></token><token id="687820" text="как"><tfr rev_id="1519684" t="как"><v><l id="128190" t="как"><g v="CONJ"></g></l></v><v><l id="128191" t="как"><g v="PRCL"></g></l></v><v><l id="128192" t="как"><g v="ADVB"></g><g v="Ques"></g></l></v></tfr></token><token id="687821" text="орфографией"><tfr rev_id="1519685" t="орфографией"><v><l id="209375" t="орфография"><g v="NOUN"></g><g v="inan"></g><g v="femn"></g><g v="sing"></g><g v="ablt"></g></l></v></tfr></token><token id="687822" text=","><tfr rev_id="1519686" t=","><v><l id="0" t=","><g v="PNCT"></g></l></v></tfr></token><token id="687823" text="так"><tfr rev_id="1519687" t="так"><v><l id="342451" t="так"><g v="CONJ"></g></l></v><v><l id="342452" t="так"><g v="PRCL"></g></l></v><v><l id="342453" t="так"><g v="ADVB"></g><g v="Dmns"></g></l></v></tfr></token><token id="687824" text="и"><tfr rev_id="1519688" t="и"><v><l id="116949" t="и"><g v="CONJ"></g></l></v><v><l id="116950" t="и"><g v="INTJ"></g></l></v></tfr></token><token id="687825" text="с"><tfr rev_id="1519689" t="с"><v><l id="311151" t="с"><g v="PREP"></g></l></v></tfr></token><token id="687826" text="пунктуацией"><tfr rev_id="1519690" t="пунктуацией"><v><l id="289210" t="пунктуация"><g v="NOUN"></g><g v="inan"></g><g v="femn"></g><g v="sing"></g><g v="ablt"></g></l></v></tfr></token><token id="687827" text="."><tfr rev_id="1519691" t="."><v><l id="0" t="."><g v="PNCT"></g></l></v></tfr></token></tokens></sentence></paragraph><paragraph id="12358"><sentence id="38570"><source>Может быть посоветуете сайт-учебник русского языка?</source><tokens><token id="687828" text="Может"><tfr rev_id="4229754" t="Может"><v><l id="164485" t="могу"><g v="VERB"></g><g v="impf"></g><g v="intr"></g><g v="sing"></g><g v="3per"></g><g v="pres"></g><g v="indc"></g></l></v></tfr></token><token id="687829" text="быть"><tfr rev_id="1519693" t="быть"><v><l id="37266" t="быть"><g v="INFN"></g><g v="impf"></g><g v="intr"></g></l></v></tfr></token><token id="687830" text="посоветуете"><tfr rev_id="1519694" t="посоветуете"><v><l id="261850" t="посоветовал"><g v="VERB"></g><g v="perf"></g><g v="tran"></g><g v="plur"></g><g v="2per"></g><g v="futr"></g><g v="indc"></g></l></v></tfr></token><token id="687831" text="сайт"><tfr rev_id="3506496" t="сайт"><v><l id="311674" t="сайт"><g v="NOUN"></g><g v="inan"></g><g v="masc"></g><g v="sing"></g><g v="accs"></g></l></v></tfr></token><token id="687832" text="-"><tfr rev_id="1519696" t="-"><v><l id="0" t="-"><g v="PNCT"></g></l></v></tfr></token><token id="687833" text="учебник"><tfr rev_id="4101052" t="учебник"><v><l id="363175" t="учебник"><g v="NOUN"></g><g v="inan"></g><g v="masc"></g><g v="sing"></g><g v="accs"></g></l></v></tfr></token><token id="687834" text="русского"><tfr rev_id="4166896" t="русского"><v><l id="310321" t="русский"><g v="ADJF"></g><g v="Subx"></g><g v="masc"></g><g v="sing"></g><g v="gent"></g></l></v><v><l id="310321" t="русский"><g v="ADJF"></g><g v="Subx"></g><g v="anim"></g><g v="masc"></g><g v="sing"></g><g v="accs"></g></l></v></tfr></token><token id="687835" text="языка"><tfr rev_id="4282627" t="языка"><v><l id="387573" t="язык"><g v="NOUN"></g><g v="inan"></g><g v="masc"></g><g v="sing"></g><g v="gent"></g></l></v></tfr></token><token id="687836" text="?"><tfr rev_id="1519700" t="?"><v><l id="0" t="?"><g v="PNCT"></g></l></v></tfr></token></tokens></sentence><sentence id="38571"><source>Так что бы можно было и упражения проверять ;)</source><tokens><token id="687837" text="Так"><tfr rev_id="1519701" t="Так"><v><l id="342451" t="так"><g v="CONJ"></g></l></v><v><l id="342452" t="так"><g v="PRCL"></g></l></v><v><l id="342453" t="так"><g v="ADVB"></g><g v="Dmns"></g></l></v></tfr></token><token id="687838" text="что"><tfr rev_id="3197670" t="что"><v><l id="377004" t="что"><g v="CONJ"></g></l></v><v><l id="377005" t="что"><g v="NPRO"></g><g v="neut"></g><g v="sing"></g><g v="nomn"></g></l></v><v><l id="377005" t="что"><g v="NPRO"></g><g v="neut"></g><g v="sing"></g><g v="accs"></g></l></v><v><l id="377006" t="что"><g v="ADVB"></g><g v="Ques"></g></l></v><v><l id="388695" t="что"><g v="PRCL"></g></l></v></tfr></token><token id="687839" text="бы"><tfr rev_id="1519703" t="бы"><v><l id="36985" t="бы"><g v="PRCL"></g></l></v></tfr></token><token id="687840" text="можно"><tfr rev_id="1519704" t="можно"><v><l id="162467" t="можно"><g v="PRED"></g><g v="pres"></g></l></v></tfr></token><token id="687841" text="было"><tfr rev_id="3946931" t="было"><v><l id="37265" t="есть"><g v="VERB"></g><g v="impf"></g><g v="intr"></g><g v="neut"></g><g v="sing"></g><g v="past"></g><g v="indc"></g></l></v></tfr></token><token id="687842" text="и"><tfr rev_id="1519706" t="и"><v><l id="116949" t="и"><g v="CONJ"></g></l></v><v><l id="116950" t="и"><g v="INTJ"></g></l></v></tfr></token><token id="687843" text="упражения"><tfr rev_id="1519707" t="упражения"><v><l id="0" t="упражения"><g v="UNKN"></g></l></v></tfr></token><token id="687844" text="проверять"><tfr rev_id="1519708" t="проверять"><v><l id="277803" t="проверять"><g v="INFN"></g><g v="impf"></g><g v="tran"></g></l></v></tfr></token><token id="687845" text=";)"><tfr rev_id="1519709" t=";)"><v><l id="0" t=";)"><g v="PNCT"></g></l></v></tfr></token></tokens></sentence></paragraph></paragraphs></text>