<?xml version="1.0" encoding="utf-8"?><text id="1361" parent="544" name="0009746 Хаду. Результаты пробного месяца."><tags><tag>url:http://yantayga.livejournal.com/9746.html</tag><tag>Год:2010</tag><tag>Дата:01/11</tag><tag>Время:12:58</tag><tag>ЖЖ:Метка:спорт</tag><tag>ЖЖ:Метка:хаду</tag><tag>ЖЖ:Метка:эксперименты</tag></tags><paragraphs><paragraph id="12364"><sentence id="38605"><source>Долгожданные :) итоги после чуть более месяца тренировок по системе Хаду.</source><tokens><token id="688602" text="Долгожданные"><tfr rev_id="3817358" t="Долгожданные"><v><l id="87777" t="долгожданный"><g v="ADJF"></g><g v="Qual"></g><g v="plur"></g><g v="nomn"></g></l></v></tfr></token><token id="688603" text=":)"><tfr rev_id="1520467" t=":)"><v><l id="0" t=":)"><g v="PNCT"></g></l></v></tfr></token><token id="688604" text="итоги"><tfr rev_id="3749403" t="итоги"><v><l id="127141" t="итог"><g v="NOUN"></g><g v="inan"></g><g v="masc"></g><g v="plur"></g><g v="nomn"></g></l></v></tfr></token><token id="688605" text="после"><tfr rev_id="4406447" t="после"><v><l id="261542" t="после"><g v="PREP"></g></l></v></tfr></token><token id="688606" text="чуть"><tfr rev_id="1520470" t="чуть"><v><l id="377430" t="чуть"><g v="ADVB"></g></l></v><v><l id="377431" t="чуть"><g v="CONJ"></g></l></v></tfr></token><token id="688607" text="более"><tfr rev_id="1520471" t="более"><v><l id="32065" t="более"><g v="ADVB"></g></l></v></tfr></token><token id="688608" text="месяца"><tfr rev_id="1520472" t="месяца"><v><l id="158841" t="месяц"><g v="NOUN"></g><g v="inan"></g><g v="masc"></g><g v="sing"></g><g v="gent"></g></l></v></tfr></token><token id="688609" text="тренировок"><tfr rev_id="1520473" t="тренировок"><v><l id="349659" t="тренировка"><g v="NOUN"></g><g v="inan"></g><g v="femn"></g><g v="plur"></g><g v="gent"></g></l></v></tfr></token><token id="688610" text="по"><tfr rev_id="1520474" t="по"><v><l id="241240" t="по"><g v="PREP"></g></l></v></tfr></token><token id="688611" text="системе"><tfr rev_id="3541079" t="системе"><v><l id="321350" t="система"><g v="NOUN"></g><g v="inan"></g><g v="femn"></g><g v="sing"></g><g v="datv"></g></l></v></tfr></token><token id="688612" text="Хаду"><tfr rev_id="1520476" t="Хаду"><v><l id="0" t="хаду"><g v="UNKN"></g></l></v></tfr></token><token id="688613" text="."><tfr rev_id="1520477" t="."><v><l id="0" t="."><g v="PNCT"></g></l></v></tfr></token></tokens></sentence></paragraph><paragraph id="12365"><sentence id="38606"><source>По процессу тренировки - это тяжело, и не сколько физически (это тоже есть, но не так .. эмм.. напрягает), сколько психологически.</source><tokens><token id="688614" text="По"><tfr rev_id="1520478" t="По"><v><l id="241240" t="по"><g v="PREP"></g></l></v></tfr></token><token id="688615" text="процессу"><tfr rev_id="1520479" t="процессу"><v><l id="287363" t="процесс"><g v="NOUN"></g><g v="inan"></g><g v="masc"></g><g v="sing"></g><g v="datv"></g></l></v></tfr></token><token id="688616" text="тренировки"><tfr rev_id="3469136" t="тренировки"><v><l id="349659" t="тренировка"><g v="NOUN"></g><g v="inan"></g><g v="femn"></g><g v="sing"></g><g v="gent"></g></l></v></tfr></token><token id="688617" text="-"><tfr rev_id="1520481" t="-"><v><l id="0" t="-"><g v="PNCT"></g></l></v></tfr></token><token id="688618" text="это"><tfr rev_id="4441833" t="это"><v><l id="386574" t="это"><g v="PRCL"></g></l></v><v><l id="386575" t="это"><g v="NPRO"></g><g v="neut"></g><g v="sing"></g><g v="nomn"></g></l></v><v><l id="386575" t="это"><g v="NPRO"></g><g v="neut"></g><g v="sing"></g><g v="accs"></g></l></v><v><l id="386581" t="этот"><g v="ADJF"></g><g v="Subx"></g><g v="Apro"></g><g v="Anph"></g><g v="neut"></g><g v="sing"></g><g v="nomn"></g></l></v><v><l id="386581" t="этот"><g v="ADJF"></g><g v="Subx"></g><g v="Apro"></g><g v="Anph"></g><g v="neut"></g><g v="sing"></g><g v="accs"></g></l></v></tfr></token><token id="688619" text="тяжело"><tfr rev_id="1520483" t="тяжело"><v><l id="352657" t="тяжёл"><g v="ADJS"></g><g v="Qual"></g><g v="neut"></g><g v="sing"></g></l></v><v><l id="352689" t="тяжело"><g v="ADVB"></g><g v="Prdx"></g></l></v></tfr></token><token id="688620" text=","><tfr rev_id="1520484" t=","><v><l id="0" t=","><g v="PNCT"></g></l></v></tfr></token><token id="688621" text="и"><tfr rev_id="1520485" t="и"><v><l id="116949" t="и"><g v="CONJ"></g></l></v><v><l id="116950" t="и"><g v="INTJ"></g></l></v></tfr></token><token id="688622" text="не"><tfr rev_id="1520486" t="не"><v><l id="178876" t="не"><g v="PRCL"></g></l></v></tfr></token><token id="688623" text="сколько"><tfr rev_id="4516645" t="сколько"><v><l id="322911" t="сколько"><g v="NUMR"></g><g v="nomn"></g></l></v><v><l id="322911" t="сколько"><g v="NUMR"></g><g v="inan"></g><g v="accs"></g></l></v><v><l id="388694" t="сколько"><g v="CONJ"></g></l></v><v><l id="390965" t="сколько"><g v="ADVB"></g></l></v></tfr></token><token id="688624" text="физически"><tfr rev_id="1520488" t="физически"><v><l id="365736" t="физически"><g v="ADVB"></g></l></v></tfr></token><token id="688625" text="("><tfr rev_id="1520489" t="("><v><l id="0" t="("><g v="PNCT"></g></l></v></tfr></token><token id="688626" text="это"><tfr rev_id="4441834" t="это"><v><l id="386574" t="это"><g v="PRCL"></g></l></v><v><l id="386575" t="это"><g v="NPRO"></g><g v="neut"></g><g v="sing"></g><g v="nomn"></g></l></v><v><l id="386575" t="это"><g v="NPRO"></g><g v="neut"></g><g v="sing"></g><g v="accs"></g></l></v><v><l id="386581" t="этот"><g v="ADJF"></g><g v="Subx"></g><g v="Apro"></g><g v="Anph"></g><g v="neut"></g><g v="sing"></g><g v="nomn"></g></l></v><v><l id="386581" t="этот"><g v="ADJF"></g><g v="Subx"></g><g v="Apro"></g><g v="Anph"></g><g v="neut"></g><g v="sing"></g><g v="accs"></g></l></v></tfr></token><token id="688627" text="тоже"><tfr rev_id="4271165" t="тоже"><v><l id="346946" t="тоже"><g v="PRCL"></g></l></v></tfr></token><token id="688628" text="есть"><tfr rev_id="4394453" t="есть"><v><l id="37265" t="есть"><g v="VERB"></g><g v="impf"></g><g v="intr"></g><g v="sing"></g><g v="3per"></g><g v="pres"></g><g v="indc"></g></l></v><v><l id="37265" t="есть"><g v="VERB"></g><g v="impf"></g><g v="intr"></g><g v="plur"></g><g v="3per"></g><g v="pres"></g><g v="indc"></g></l></v></tfr></token><token id="688629" text=","><tfr rev_id="1520493" t=","><v><l id="0" t=","><g v="PNCT"></g></l></v></tfr></token><token id="688630" text="но"><tfr rev_id="1520494" t="но"><v><l id="191429" t="но"><g v="CONJ"></g></l></v><v><l id="191430" t="но"><g v="INTJ"></g></l></v></tfr></token><token id="688631" text="не"><tfr rev_id="1520495" t="не"><v><l id="178876" t="не"><g v="PRCL"></g></l></v></tfr></token><token id="688632" text="так"><tfr rev_id="1520496" t="так"><v><l id="342451" t="так"><g v="CONJ"></g></l></v><v><l id="342452" t="так"><g v="PRCL"></g></l></v><v><l id="342453" t="так"><g v="ADVB"></g><g v="Dmns"></g></l></v></tfr></token><token id="688633" text=".."><tfr rev_id="1520497" t=".."><v><l id="0" t=".."><g v="PNCT"></g></l></v></tfr></token><token id="688634" text="эмм"><tfr rev_id="3540953" t="эмм"><v><l id="0" t="эмм"><g v="UNKN"></g></l></v></tfr></token><token id="688635" text=".."><tfr rev_id="1520499" t=".."><v><l id="0" t=".."><g v="PNCT"></g></l></v></tfr></token><token id="688636" text="напрягает"><tfr rev_id="1520500" t="напрягает"><v><l id="174165" t="напрягаю"><g v="VERB"></g><g v="impf"></g><g v="tran"></g><g v="sing"></g><g v="3per"></g><g v="pres"></g><g v="indc"></g></l></v></tfr></token><token id="688637" text=")"><tfr rev_id="1520501" t=")"><v><l id="0" t=")"><g v="PNCT"></g></l></v></tfr></token><token id="688638" text=","><tfr rev_id="1520502" t=","><v><l id="0" t=","><g v="PNCT"></g></l></v></tfr></token><token id="688639" text="сколько"><tfr rev_id="4516646" t="сколько"><v><l id="322911" t="сколько"><g v="NUMR"></g><g v="nomn"></g></l></v><v><l id="322911" t="сколько"><g v="NUMR"></g><g v="inan"></g><g v="accs"></g></l></v><v><l id="388694" t="сколько"><g v="CONJ"></g></l></v><v><l id="390965" t="сколько"><g v="ADVB"></g></l></v></tfr></token><token id="688640" text="психологически"><tfr rev_id="1520504" t="психологически"><v><l id="288628" t="психологически"><g v="ADVB"></g></l></v></tfr></token><token id="688641" text="."><tfr rev_id="1520505" t="."><v><l id="0" t="."><g v="PNCT"></g></l></v></tfr></token></tokens></sentence><sentence id="38607"><source>В первую очередь тяжело заставить себя начать тренировку вообще...</source><tokens><token id="688642" text="В"><tfr rev_id="1520506" t="В"><v><l id="37409" t="в"><g v="PREP"></g></l></v></tfr></token><token id="688643" text="первую"><tfr rev_id="1520507" t="первую"><v><l id="226359" t="первый"><g v="ADJF"></g><g v="Anum"></g><g v="femn"></g><g v="sing"></g><g v="accs"></g></l></v></tfr></token><token id="688644" text="очередь"><tfr rev_id="3430693" t="очередь"><v><l id="221692" t="очередь"><g v="NOUN"></g><g v="inan"></g><g v="femn"></g><g v="sing"></g><g v="accs"></g></l></v></tfr></token><token id="688645" text="тяжело"><tfr rev_id="3526656" t="тяжело"><v><l id="352689" t="тяжело"><g v="ADVB"></g><g v="Prdx"></g></l></v></tfr></token><token id="688646" text="заставить"><tfr rev_id="1520510" t="заставить"><v><l id="110201" t="заставить"><g v="INFN"></g><g v="perf"></g><g v="tran"></g></l></v></tfr></token><token id="688647" text="себя"><tfr rev_id="3634999" t="себя"><v><l id="317456" t="себя"><g v="NPRO"></g><g v="Anph"></g><g v="sing"></g><g v="accs"></g></l></v></tfr></token><token id="688648" text="начать"><tfr rev_id="1520512" t="начать"><v><l id="178225" t="начать"><g v="INFN"></g><g v="perf"></g><g v="tran"></g></l></v></tfr></token><token id="688649" text="тренировку"><tfr rev_id="1520513" t="тренировку"><v><l id="349659" t="тренировка"><g v="NOUN"></g><g v="inan"></g><g v="femn"></g><g v="sing"></g><g v="accs"></g></l></v></tfr></token><token id="688650" text="вообще"><tfr rev_id="1520514" t="вообще"><v><l id="50732" t="вообще"><g v="CONJ"></g><g v="Prnt"></g></l></v><v><l id="50733" t="вообще"><g v="ADVB"></g></l></v></tfr></token><token id="688651" text="..."><tfr rev_id="1520515" t="..."><v><l id="0" t="..."><g v="PNCT"></g></l></v></tfr></token></tokens></sentence><sentence id="38608"><source>Тяжело держать мышцы полностью напряженными во время выполнения упражнения - постоянно пытаются расслабиться, часто замечаешь расслабленность post factum.</source><tokens><token id="688652" text="Тяжело"><tfr rev_id="1520516" t="Тяжело"><v><l id="352657" t="тяжёл"><g v="ADJS"></g><g v="Qual"></g><g v="neut"></g><g v="sing"></g></l></v><v><l id="352689" t="тяжело"><g v="ADVB"></g><g v="Prdx"></g></l></v></tfr></token><token id="688653" text="держать"><tfr rev_id="1520517" t="держать"><v><l id="81741" t="держать"><g v="INFN"></g><g v="impf"></g><g v="tran"></g></l></v></tfr></token><token id="688654" text="мышцы"><tfr rev_id="3762244" t="мышцы"><v><l id="165969" t="мышца"><g v="NOUN"></g><g v="inan"></g><g v="femn"></g><g v="plur"></g><g v="accs"></g></l></v></tfr></token><token id="688655" text="полностью"><tfr rev_id="1520519" t="полностью"><v><l id="256145" t="полностью"><g v="ADVB"></g></l></v></tfr></token><token id="688656" text="напряженными"><tfr rev_id="1520520" t="напряженными"><v><l id="174191" t="напряжённый"><g v="ADJF"></g><g v="Qual"></g><g v="plur"></g><g v="ablt"></g></l></v><v><l id="174217" t="напряжённый"><g v="PRTF"></g><g v="perf"></g><g v="tran"></g><g v="past"></g><g v="pssv"></g><g v="plur"></g><g v="ablt"></g></l></v></tfr></token><token id="688657" text="во"><tfr rev_id="2920322" t="во"><v><l id="37409" t="в"><g v="PREP"></g><g v="Vpre"></g></l></v></tfr></token><token id="688658" text="время"><tfr rev_id="3301013" t="время"><v><l id="53149" t="время"><g v="NOUN"></g><g v="inan"></g><g v="neut"></g><g v="sing"></g><g v="accs"></g></l></v></tfr></token><token id="688659" text="выполнения"><tfr rev_id="2963822" t="выполнения"><v><l id="60619" t="выполнение"><g v="NOUN"></g><g v="inan"></g><g v="neut"></g><g v="sing"></g><g v="gent"></g></l></v></tfr></token><token id="688660" text="упражнения"><tfr rev_id="3264485" t="упражнения"><v><l id="359236" t="упражнение"><g v="NOUN"></g><g v="inan"></g><g v="neut"></g><g v="sing"></g><g v="gent"></g></l></v></tfr></token><token id="688661" text="-"><tfr rev_id="1520525" t="-"><v><l id="0" t="-"><g v="PNCT"></g></l></v></tfr></token><token id="688662" text="постоянно"><tfr rev_id="4092369" t="постоянно"><v><l id="262401" t="постоянно"><g v="ADVB"></g></l></v></tfr></token><token id="688663" text="пытаются"><tfr rev_id="1520527" t="пытаются"><v><l id="290086" t="пытаюсь"><g v="VERB"></g><g v="impf"></g><g v="intr"></g><g v="plur"></g><g v="3per"></g><g v="pres"></g><g v="indc"></g></l></v></tfr></token><token id="688664" text="расслабиться"><tfr rev_id="1520528" t="расслабиться"><v><l id="301019" t="расслабиться"><g v="INFN"></g><g v="perf"></g><g v="intr"></g></l></v></tfr></token><token id="688665" text=","><tfr rev_id="1520529" t=","><v><l id="0" t=","><g v="PNCT"></g></l></v></tfr></token><token id="688666" text="часто"><tfr rev_id="1520530" t="часто"><v><l id="374798" t="часто"><g v="ADVB"></g></l></v><v><l id="374818" t="част"><g v="ADJS"></g><g v="Qual"></g><g v="neut"></g><g v="sing"></g></l></v></tfr></token><token id="688667" text="замечаешь"><tfr rev_id="1520531" t="замечаешь"><v><l id="105553" t="замечаю"><g v="VERB"></g><g v="impf"></g><g v="tran"></g><g v="sing"></g><g v="2per"></g><g v="pres"></g><g v="indc"></g></l></v></tfr></token><token id="688668" text="расслабленность"><tfr rev_id="3552396" t="расслабленность"><v><l id="301024" t="расслабленность"><g v="NOUN"></g><g v="inan"></g><g v="femn"></g><g v="sing"></g><g v="accs"></g></l></v></tfr></token><token id="688669" text="post"><tfr rev_id="2475399" t="post"><v><l id="0" t="post"><g v="LATN"></g></l></v></tfr></token><token id="688670" text="factum"><tfr rev_id="2475400" t="factum"><v><l id="0" t="factum"><g v="LATN"></g></l></v></tfr></token><token id="688671" text="."><tfr rev_id="1520535" t="."><v><l id="0" t="."><g v="PNCT"></g></l></v></tfr></token></tokens></sentence><sentence id="38609"><source>Тяжело выполнить упражнение достаточно медленно и нужное количество раз.</source><tokens><token id="688672" text="Тяжело"><tfr rev_id="1520536" t="Тяжело"><v><l id="352657" t="тяжёл"><g v="ADJS"></g><g v="Qual"></g><g v="neut"></g><g v="sing"></g></l></v><v><l id="352689" t="тяжело"><g v="ADVB"></g><g v="Prdx"></g></l></v></tfr></token><token id="688673" text="выполнить"><tfr rev_id="1520537" t="выполнить"><v><l id="60626" t="выполнить"><g v="INFN"></g><g v="perf"></g><g v="tran"></g></l></v></tfr></token><token id="688674" text="упражнение"><tfr rev_id="4106443" t="упражнение"><v><l id="359236" t="упражнение"><g v="NOUN"></g><g v="inan"></g><g v="neut"></g><g v="sing"></g><g v="accs"></g></l></v></tfr></token><token id="688675" text="достаточно"><tfr rev_id="1520539" t="достаточно"><v><l id="90477" t="достаточно"><g v="ADVB"></g><g v="Prdx"></g></l></v><v><l id="90480" t="достаточен"><g v="ADJS"></g><g v="Qual"></g><g v="neut"></g><g v="sing"></g></l></v></tfr></token><token id="688676" text="медленно"><tfr rev_id="1520540" t="медленно"><v><l id="157073" t="медленно"><g v="ADVB"></g></l></v><v><l id="157108" t="медлен"><g v="ADJS"></g><g v="Qual"></g><g v="neut"></g><g v="sing"></g></l></v></tfr></token><token id="688677" text="и"><tfr rev_id="4093945" t="и"><v><l id="116949" t="и"><g v="CONJ"></g></l></v></tfr></token><token id="688678" text="нужное"><tfr rev_id="1520542" t="нужное"><v><l id="192581" t="нужный"><g v="ADJF"></g><g v="Qual"></g><g v="neut"></g><g v="sing"></g><g v="nomn"></g></l></v><v><l id="192581" t="нужный"><g v="ADJF"></g><g v="Qual"></g><g v="neut"></g><g v="sing"></g><g v="accs"></g></l></v></tfr></token><token id="688679" text="количество"><tfr rev_id="1520543" t="количество"><v><l id="135983" t="количество"><g v="NOUN"></g><g v="inan"></g><g v="neut"></g><g v="sing"></g><g v="nomn"></g></l></v><v><l id="135983" t="количество"><g v="NOUN"></g><g v="inan"></g><g v="neut"></g><g v="sing"></g><g v="accs"></g></l></v></tfr></token><token id="688680" text="раз"><tfr rev_id="4510399" t="раз"><v><l id="291500" t="раз"><g v="NOUN"></g><g v="inan"></g><g v="masc"></g><g v="plur"></g><g v="gent"></g></l></v></tfr></token><token id="688681" text="."><tfr rev_id="1520545" t="."><v><l id="0" t="."><g v="PNCT"></g></l></v></tfr></token></tokens></sentence><sentence id="38610"><source>Забывается необходимость дышать во время выполнения движения - дыхание непроизвольно задерживается из-за напряжения мышц.</source><tokens><token id="688682" text="Забывается"><tfr rev_id="1520546" t="Забывается"><v><l id="99131" t="забываюсь"><g v="VERB"></g><g v="impf"></g><g v="intr"></g><g v="sing"></g><g v="3per"></g><g v="pres"></g><g v="indc"></g></l></v></tfr></token><token id="688683" text="необходимость"><tfr rev_id="1520547" t="необходимость"><v><l id="184807" t="необходимость"><g v="NOUN"></g><g v="inan"></g><g v="femn"></g><g v="sing"></g><g v="nomn"></g></l></v><v><l id="184807" t="необходимость"><g v="NOUN"></g><g v="inan"></g><g v="femn"></g><g v="sing"></g><g v="accs"></g></l></v></tfr></token><token id="688684" text="дышать"><tfr rev_id="1520548" t="дышать"><v><l id="93586" t="дышать"><g v="INFN"></g><g v="impf"></g><g v="intr"></g></l></v></tfr></token><token id="688685" text="во"><tfr rev_id="2920323" t="во"><v><l id="37409" t="в"><g v="PREP"></g><g v="Vpre"></g></l></v></tfr></token><token id="688686" text="время"><tfr rev_id="4233265" t="время"><v><l id="53149" t="время"><g v="NOUN"></g><g v="inan"></g><g v="neut"></g><g v="sing"></g><g v="accs"></g></l></v></tfr></token><token id="688687" text="выполнения"><tfr rev_id="3434099" t="выполнения"><v><l id="60619" t="выполнение"><g v="NOUN"></g><g v="inan"></g><g v="neut"></g><g v="sing"></g><g v="gent"></g></l></v></tfr></token><token id="688688" text="движения"><tfr rev_id="3434382" t="движения"><v><l id="78833" t="движение"><g v="NOUN"></g><g v="inan"></g><g v="neut"></g><g v="sing"></g><g v="gent"></g></l></v></tfr></token><token id="688689" text="-"><tfr rev_id="1520553" t="-"><v><l id="0" t="-"><g v="PNCT"></g></l></v></tfr></token><token id="688690" text="дыхание"><tfr rev_id="3301234" t="дыхание"><v><l id="93575" t="дыхание"><g v="NOUN"></g><g v="inan"></g><g v="neut"></g><g v="sing"></g><g v="nomn"></g></l></v></tfr></token><token id="688691" text="непроизвольно"><tfr rev_id="3647391" t="непроизвольно"><v><l id="186861" t="непроизволен"><g v="ADJS"></g><g v="Qual"></g><g v="neut"></g><g v="sing"></g></l></v><v><l id="389329" t="непроизвольно"><g v="ADVB"></g></l></v></tfr></token><token id="688692" text="задерживается"><tfr rev_id="1520556" t="задерживается"><v><l id="101587" t="задерживаюсь"><g v="VERB"></g><g v="impf"></g><g v="intr"></g><g v="sing"></g><g v="3per"></g><g v="pres"></g><g v="indc"></g></l></v></tfr></token><token id="688693" text="из-за"><tfr rev_id="1520557" t="из-за"><v><l id="117678" t="из-за"><g v="PREP"></g></l></v></tfr></token><token id="688694" text="напряжения"><tfr rev_id="3495362" t="напряжения"><v><l id="174194" t="напряжение"><g v="NOUN"></g><g v="inan"></g><g v="neut"></g><g v="sing"></g><g v="gent"></g></l></v></tfr></token><token id="688695" text="мышц"><tfr rev_id="1520559" t="мышц"><v><l id="165969" t="мышца"><g v="NOUN"></g><g v="inan"></g><g v="femn"></g><g v="plur"></g><g v="gent"></g></l></v></tfr></token><token id="688696" text="."><tfr rev_id="1520560" t="."><v><l id="0" t="."><g v="PNCT"></g></l></v></tfr></token></tokens></sentence><sentence id="38611"><source>В общем просто тягать железо, подтягиваться, отжиматься - точно легче.</source><tokens><token id="688697" text="В"><tfr rev_id="1520561" t="В"><v><l id="37409" t="в"><g v="PREP"></g></l></v></tfr></token><token id="688698" text="общем"><tfr rev_id="4162129" t="общем"><v><l id="201663" t="общий"><g v="ADJF"></g><g v="neut"></g><g v="sing"></g><g v="loct"></g></l></v></tfr></token><token id="688699" text="просто"><tfr rev_id="1520563" t="просто"><v><l id="285025" t="просто"><g v="ADVB"></g><g v="Prdx"></g></l></v><v><l id="285026" t="просто"><g v="PRCL"></g></l></v><v><l id="285050" t="прост"><g v="ADJS"></g><g v="Qual"></g><g v="neut"></g><g v="sing"></g></l></v></tfr></token><token id="688700" text="тягать"><tfr rev_id="1520564" t="тягать"><v><l id="352571" t="тягать"><g v="INFN"></g><g v="impf"></g><g v="tran"></g></l></v></tfr></token><token id="688701" text="железо"><tfr rev_id="1520565" t="железо"><v><l id="96350" t="железо"><g v="NOUN"></g><g v="inan"></g><g v="neut"></g><g v="sing"></g><g v="nomn"></g></l></v><v><l id="96350" t="железо"><g v="NOUN"></g><g v="inan"></g><g v="neut"></g><g v="sing"></g><g v="accs"></g></l></v></tfr></token><token id="688702" text=","><tfr rev_id="1520566" t=","><v><l id="0" t=","><g v="PNCT"></g></l></v></tfr></token><token id="688703" text="подтягиваться"><tfr rev_id="1520567" t="подтягиваться"><v><l id="251824" t="подтягиваться"><g v="INFN"></g><g v="impf"></g><g v="intr"></g></l></v></tfr></token><token id="688704" text=","><tfr rev_id="1520568" t=","><v><l id="0" t=","><g v="PNCT"></g></l></v></tfr></token><token id="688705" text="отжиматься"><tfr rev_id="1520569" t="отжиматься"><v><l id="213775" t="отжиматься"><g v="INFN"></g><g v="impf"></g><g v="intr"></g></l></v></tfr></token><token id="688706" text="-"><tfr rev_id="1520570" t="-"><v><l id="0" t="-"><g v="PNCT"></g></l></v></tfr></token><token id="688707" text="точно"><tfr rev_id="4509231" t="точно"><v><l id="348514" t="точно"><g v="ADVB"></g></l></v><v><l id="348515" t="точно"><g v="CONJ"></g></l></v><v><l id="348521" t="точен"><g v="ADJS"></g><g v="Qual"></g><g v="neut"></g><g v="sing"></g></l></v></tfr></token><token id="688708" text="легче"><tfr rev_id="4266561" t="легче"><v><l id="146053" t="легче"><g v="COMP"></g><g v="Qual"></g></l></v></tfr></token><token id="688709" text="."><tfr rev_id="1520573" t="."><v><l id="0" t="."><g v="PNCT"></g></l></v></tfr></token></tokens></sentence></paragraph><paragraph id="12366"><sentence id="38612"><source>Изменение в антропометрических данных пока только одно - увеличился обхват шеи на 1,5 см.</source><tokens><token id="688710" text="Изменение"><tfr rev_id="1520574" t="Изменение"><v><l id="119487" t="изменение"><g v="NOUN"></g><g v="inan"></g><g v="neut"></g><g v="sing"></g><g v="nomn"></g></l></v><v><l id="119487" t="изменение"><g v="NOUN"></g><g v="inan"></g><g v="neut"></g><g v="sing"></g><g v="accs"></g></l></v></tfr></token><token id="688711" text="в"><tfr rev_id="1520575" t="в"><v><l id="37409" t="в"><g v="PREP"></g></l></v></tfr></token><token id="688712" text="антропометрических"><tfr rev_id="3707440" t="антропометрических"><v><l id="14782" t="антропометрический"><g v="ADJF"></g><g v="plur"></g><g v="loct"></g></l></v></tfr></token><token id="688713" text="данных"><tfr rev_id="4537978" t="данных"><v><l id="78302" t="данные"><g v="NOUN"></g><g v="inan"></g><g v="GNdr"></g><g v="Pltm"></g><g v="plur"></g><g v="loct"></g></l></v></tfr></token><token id="688714" text="пока"><tfr rev_id="4455034" t="пока"><v><l id="253968" t="пока"><g v="ADVB"></g></l></v></tfr></token><token id="688715" text="только"><tfr rev_id="3784202" t="только"><v><l id="347395" t="только"><g v="CONJ"></g></l></v><v><l id="347396" t="только"><g v="PRCL"></g></l></v><v><l id="390053" t="только"><g v="ADVB"></g></l></v></tfr></token><token id="688716" text="одно"><tfr rev_id="4303093" t="одно"><v><l id="203319" t="один"><g v="ADJF"></g><g v="Apro"></g><g v="Anum"></g><g v="neut"></g><g v="sing"></g><g v="nomn"></g></l></v><v><l id="203319" t="один"><g v="ADJF"></g><g v="Apro"></g><g v="Anum"></g><g v="neut"></g><g v="sing"></g><g v="accs"></g></l></v></tfr></token><token id="688717" text="-"><tfr rev_id="1520581" t="-"><v><l id="0" t="-"><g v="PNCT"></g></l></v></tfr></token><token id="688718" text="увеличился"><tfr rev_id="1520582" t="увеличился"><v><l id="353402" t="увеличился"><g v="VERB"></g><g v="perf"></g><g v="intr"></g><g v="masc"></g><g v="sing"></g><g v="past"></g><g v="indc"></g></l></v></tfr></token><token id="688719" text="обхват"><tfr rev_id="4099201" t="обхват"><v><l id="200942" t="обхват"><g v="NOUN"></g><g v="inan"></g><g v="masc"></g><g v="sing"></g><g v="nomn"></g></l></v></tfr></token><token id="688720" text="шеи"><tfr rev_id="3495180" t="шеи"><v><l id="379441" t="шея"><g v="NOUN"></g><g v="inan"></g><g v="femn"></g><g v="sing"></g><g v="gent"></g></l></v></tfr></token><token id="688721" text="на"><tfr rev_id="3342612" t="на"><v><l id="166264" t="на"><g v="PREP"></g></l></v></tfr></token><token id="688722" text="1,5"><tfr rev_id="2462784" t="1,5"><v><l id="0" t="1,5"><g v="NUMB"></g></l></v></tfr></token><token id="688723" text="см"><tfr rev_id="4227457" t="см"><v><l id="389044" t="см"><g v="NOUN"></g><g v="inan"></g><g v="masc"></g><g v="Fixd"></g><g v="Abbr"></g><g v="sing"></g><g v="nomn"></g></l></v><v><l id="389044" t="см"><g v="NOUN"></g><g v="inan"></g><g v="masc"></g><g v="Fixd"></g><g v="Abbr"></g><g v="sing"></g><g v="gent"></g></l></v><v><l id="389044" t="см"><g v="NOUN"></g><g v="inan"></g><g v="masc"></g><g v="Fixd"></g><g v="Abbr"></g><g v="sing"></g><g v="datv"></g></l></v><v><l id="389044" t="см"><g v="NOUN"></g><g v="inan"></g><g v="masc"></g><g v="Fixd"></g><g v="Abbr"></g><g v="sing"></g><g v="accs"></g></l></v><v><l id="389044" t="см"><g v="NOUN"></g><g v="inan"></g><g v="masc"></g><g v="Fixd"></g><g v="Abbr"></g><g v="sing"></g><g v="ablt"></g></l></v><v><l id="389044" t="см"><g v="NOUN"></g><g v="inan"></g><g v="masc"></g><g v="Fixd"></g><g v="Abbr"></g><g v="sing"></g><g v="loct"></g></l></v></tfr></token><token id="688724" text="."><tfr rev_id="1520588" t="."><v><l id="0" t="."><g v="PNCT"></g></l></v></tfr></token></tokens></sentence><sentence id="38613"><source>Это хорошо, ибо у меня мышцы вообще очень неохотно растут в размере.</source><tokens><token id="688725" text="Это"><tfr rev_id="4441835" t="Это"><v><l id="386574" t="это"><g v="PRCL"></g></l></v><v><l id="386575" t="это"><g v="NPRO"></g><g v="neut"></g><g v="sing"></g><g v="nomn"></g></l></v><v><l id="386575" t="это"><g v="NPRO"></g><g v="neut"></g><g v="sing"></g><g v="accs"></g></l></v><v><l id="386581" t="этот"><g v="ADJF"></g><g v="Subx"></g><g v="Apro"></g><g v="Anph"></g><g v="neut"></g><g v="sing"></g><g v="nomn"></g></l></v><v><l id="386581" t="этот"><g v="ADJF"></g><g v="Subx"></g><g v="Apro"></g><g v="Anph"></g><g v="neut"></g><g v="sing"></g><g v="accs"></g></l></v></tfr></token><token id="688726" text="хорошо"><tfr rev_id="1520590" t="хорошо"><v><l id="371669" t="хорош"><g v="ADJS"></g><g v="Qual"></g><g v="neut"></g><g v="sing"></g></l></v><v><l id="371678" t="хорошо"><g v="ADVB"></g><g v="Prdx"></g></l></v><v><l id="371679" t="хорошо"><g v="PRCL"></g></l></v><v><l id="371680" t="хорошо"><g v="PRED"></g><g v="pres"></g></l></v></tfr></token><token id="688727" text=","><tfr rev_id="1520591" t=","><v><l id="0" t=","><g v="PNCT"></g></l></v></tfr></token><token id="688728" text="ибо"><tfr rev_id="1520592" t="ибо"><v><l id="116978" t="ибо"><g v="CONJ"></g></l></v></tfr></token><token id="688729" text="у"><tfr rev_id="3326688" t="у"><v><l id="352818" t="у"><g v="PREP"></g></l></v></tfr></token><token id="688730" text="меня"><tfr rev_id="2928156" t="меня"><v><l id="387317" t="я"><g v="NPRO"></g><g v="1per"></g><g v="sing"></g><g v="gent"></g></l></v></tfr></token><token id="688731" text="мышцы"><tfr rev_id="3797889" t="мышцы"><v><l id="165969" t="мышца"><g v="NOUN"></g><g v="inan"></g><g v="femn"></g><g v="plur"></g><g v="nomn"></g></l></v></tfr></token><token id="688732" text="вообще"><tfr rev_id="1520596" t="вообще"><v><l id="50732" t="вообще"><g v="CONJ"></g><g v="Prnt"></g></l></v><v><l id="50733" t="вообще"><g v="ADVB"></g></l></v></tfr></token><token id="688733" text="очень"><tfr rev_id="1520597" t="очень"><v><l id="221681" t="очень"><g v="ADVB"></g></l></v></tfr></token><token id="688734" text="неохотно"><tfr rev_id="1520598" t="неохотно"><v><l id="185504" t="неохотно"><g v="ADVB"></g></l></v><v><l id="185506" t="неохотен"><g v="ADJS"></g><g v="Qual"></g><g v="neut"></g><g v="sing"></g></l></v></tfr></token><token id="688735" text="растут"><tfr rev_id="1520599" t="растут"><v><l id="302041" t="расту"><g v="VERB"></g><g v="impf"></g><g v="intr"></g><g v="plur"></g><g v="3per"></g><g v="pres"></g><g v="indc"></g></l></v></tfr></token><token id="688736" text="в"><tfr rev_id="1520600" t="в"><v><l id="37409" t="в"><g v="PREP"></g></l></v></tfr></token><token id="688737" text="размере"><tfr rev_id="1520601" t="размере"><v><l id="295006" t="размер"><g v="NOUN"></g><g v="inan"></g><g v="masc"></g><g v="sing"></g><g v="loct"></g></l></v></tfr></token><token id="688738" text="."><tfr rev_id="1520602" t="."><v><l id="0" t="."><g v="PNCT"></g></l></v></tfr></token></tokens></sentence></paragraph><paragraph id="12367"><sentence id="38614"><source>Изменение в результатах физических упражнений - подтягиваюсь на 1 раз :) больше, хотя за этот период не подходил к турнику ни разу; отжимаюсь в стойке на руках на 2 раза больше, хотя так же не отжимался ни разу за время тренировки Хаду.</source><tokens><token id="688739" text="Изменение"><tfr rev_id="4212678" t="Изменение"><v><l id="119487" t="изменение"><g v="NOUN"></g><g v="inan"></g><g v="neut"></g><g v="sing"></g><g v="nomn"></g></l></v></tfr></token><token id="688740" text="в"><tfr rev_id="1520604" t="в"><v><l id="37409" t="в"><g v="PREP"></g></l></v></tfr></token><token id="688741" text="результатах"><tfr rev_id="1520605" t="результатах"><v><l id="305391" t="результат"><g v="NOUN"></g><g v="inan"></g><g v="masc"></g><g v="plur"></g><g v="loct"></g></l></v></tfr></token><token id="688742" text="физических"><tfr rev_id="3466748" t="физических"><v><l id="365737" t="физический"><g v="ADJF"></g><g v="plur"></g><g v="gent"></g></l></v></tfr></token><token id="688743" text="упражнений"><tfr rev_id="1520607" t="упражнений"><v><l id="359236" t="упражнение"><g v="NOUN"></g><g v="inan"></g><g v="neut"></g><g v="plur"></g><g v="gent"></g></l></v></tfr></token><token id="688744" text="-"><tfr rev_id="1520608" t="-"><v><l id="0" t="-"><g v="PNCT"></g></l></v></tfr></token><token id="688745" text="подтягиваюсь"><tfr rev_id="1520609" t="подтягиваюсь"><v><l id="251823" t="подтягиваюсь"><g v="VERB"></g><g v="impf"></g><g v="intr"></g><g v="sing"></g><g v="1per"></g><g v="pres"></g><g v="indc"></g></l></v></tfr></token><token id="688746" text="на"><tfr rev_id="3340854" t="на"><v><l id="166264" t="на"><g v="PREP"></g></l></v></tfr></token><token id="688747" text="1"><tfr rev_id="2462785" t="1"><v><l id="0" t="1"><g v="NUMB"></g></l></v></tfr></token><token id="688748" text="раз"><tfr rev_id="4460460" t="раз"><v><l id="291500" t="раз"><g v="NOUN"></g><g v="inan"></g><g v="masc"></g><g v="sing"></g><g v="nomn"></g></l></v><v><l id="291500" t="раз"><g v="NOUN"></g><g v="inan"></g><g v="masc"></g><g v="sing"></g><g v="accs"></g></l></v></tfr></token><token id="688749" text=":)"><tfr rev_id="1520613" t=":)"><v><l id="0" t=":)"><g v="PNCT"></g></l></v></tfr></token><token id="688750" text="больше"><tfr rev_id="2558519" t="больше"><v><l id="32325" t="больше"><g v="ADVB"></g></l></v><v><l id="32447" t="больше"><g v="COMP"></g><g v="Qual"></g></l></v></tfr></token><token id="688751" text=","><tfr rev_id="1520615" t=","><v><l id="0" t=","><g v="PNCT"></g></l></v></tfr></token><token id="688752" text="хотя"><tfr rev_id="3947779" t="хотя"><v><l id="371732" t="хотя"><g v="CONJ"></g></l></v></tfr></token><token id="688753" text="за"><tfr rev_id="1520617" t="за"><v><l id="98043" t="за"><g v="PREP"></g></l></v></tfr></token><token id="688754" text="этот"><tfr rev_id="4432153" t="этот"><v><l id="386581" t="этот"><g v="ADJF"></g><g v="Subx"></g><g v="Apro"></g><g v="Anph"></g><g v="masc"></g><g v="sing"></g><g v="nomn"></g></l></v><v><l id="386581" t="этот"><g v="ADJF"></g><g v="Subx"></g><g v="Apro"></g><g v="Anph"></g><g v="inan"></g><g v="masc"></g><g v="sing"></g><g v="accs"></g></l></v></tfr></token><token id="688755" text="период"><tfr rev_id="4101988" t="период"><v><l id="237159" t="период"><g v="NOUN"></g><g v="inan"></g><g v="masc"></g><g v="sing"></g><g v="accs"></g></l></v></tfr></token><token id="688756" text="не"><tfr rev_id="1520620" t="не"><v><l id="178876" t="не"><g v="PRCL"></g></l></v></tfr></token><token id="688757" text="подходил"><tfr rev_id="1520621" t="подходил"><v><l id="252173" t="подхожу"><g v="VERB"></g><g v="impf"></g><g v="intr"></g><g v="masc"></g><g v="sing"></g><g v="past"></g><g v="indc"></g></l></v></tfr></token><token id="688758" text="к"><tfr rev_id="1520622" t="к"><v><l id="127460" t="к"><g v="PREP"></g></l></v></tfr></token><token id="688759" text="турнику"><tfr rev_id="1520623" t="турнику"><v><l id="351843" t="турник"><g v="NOUN"></g><g v="inan"></g><g v="masc"></g><g v="sing"></g><g v="datv"></g></l></v></tfr></token><token id="688760" text="ни"><tfr rev_id="1520624" t="ни"><v><l id="190307" t="ни"><g v="CONJ"></g></l></v><v><l id="190308" t="ни"><g v="PRCL"></g></l></v></tfr></token><token id="688761" text="разу"><tfr rev_id="4576234" t="разу"><v><l id="291500" t="раз"><g v="NOUN"></g><g v="inan"></g><g v="masc"></g><g v="sing"></g><g v="gen2"></g></l></v></tfr></token><token id="688762" text=";"><tfr rev_id="1520626" t=";"><v><l id="0" t=";"><g v="PNCT"></g></l></v></tfr></token><token id="688763" text="отжимаюсь"><tfr rev_id="1520627" t="отжимаюсь"><v><l id="213774" t="отжимаюсь"><g v="VERB"></g><g v="impf"></g><g v="intr"></g><g v="sing"></g><g v="1per"></g><g v="pres"></g><g v="indc"></g></l></v></tfr></token><token id="688764" text="в"><tfr rev_id="1520628" t="в"><v><l id="37409" t="в"><g v="PREP"></g></l></v></tfr></token><token id="688765" text="стойке"><tfr rev_id="3541144" t="стойке"><v><l id="336478" t="стойка"><g v="NOUN"></g><g v="inan"></g><g v="femn"></g><g v="sing"></g><g v="loct"></g></l></v></tfr></token><token id="688766" text="на"><tfr rev_id="3394693" t="на"><v><l id="166264" t="на"><g v="PREP"></g></l></v></tfr></token><token id="688767" text="руках"><tfr rev_id="1520631" t="руках"><v><l id="309953" t="рука"><g v="NOUN"></g><g v="inan"></g><g v="femn"></g><g v="plur"></g><g v="loct"></g></l></v></tfr></token><token id="688768" text="на"><tfr rev_id="3337778" t="на"><v><l id="166264" t="на"><g v="PREP"></g></l></v></tfr></token><token id="688769" text="2"><tfr rev_id="2462786" t="2"><v><l id="0" t="2"><g v="NUMB"></g></l></v></tfr></token><token id="688770" text="раза"><tfr rev_id="3421627" t="раза"><v><l id="291500" t="раз"><g v="NOUN"></g><g v="inan"></g><g v="masc"></g><g v="sing"></g><g v="gen1"></g></l></v></tfr></token><token id="688771" text="больше"><tfr rev_id="2558520" t="больше"><v><l id="32325" t="больше"><g v="ADVB"></g></l></v><v><l id="32447" t="больше"><g v="COMP"></g><g v="Qual"></g></l></v></tfr></token><token id="688772" text=","><tfr rev_id="1520636" t=","><v><l id="0" t=","><g v="PNCT"></g></l></v></tfr></token><token id="688773" text="хотя"><tfr rev_id="3947780" t="хотя"><v><l id="371732" t="хотя"><g v="CONJ"></g></l></v></tfr></token><token id="688774" text="так"><tfr rev_id="1520638" t="так"><v><l id="342451" t="так"><g v="CONJ"></g></l></v><v><l id="342452" t="так"><g v="PRCL"></g></l></v><v><l id="342453" t="так"><g v="ADVB"></g><g v="Dmns"></g></l></v></tfr></token><token id="688775" text="же"><tfr rev_id="1520639" t="же"><v><l id="96208" t="же"><g v="CONJ"></g></l></v><v><l id="96209" t="же"><g v="PRCL"></g></l></v></tfr></token><token id="688776" text="не"><tfr rev_id="1520640" t="не"><v><l id="178876" t="не"><g v="PRCL"></g></l></v></tfr></token><token id="688777" text="отжимался"><tfr rev_id="1520641" t="отжимался"><v><l id="213774" t="отжимаюсь"><g v="VERB"></g><g v="impf"></g><g v="intr"></g><g v="masc"></g><g v="sing"></g><g v="past"></g><g v="indc"></g></l></v></tfr></token><token id="688778" text="ни"><tfr rev_id="1520642" t="ни"><v><l id="190307" t="ни"><g v="CONJ"></g></l></v><v><l id="190308" t="ни"><g v="PRCL"></g></l></v></tfr></token><token id="688779" text="разу"><tfr rev_id="4391101" t="разу"><v><l id="291500" t="раз"><g v="NOUN"></g><g v="inan"></g><g v="masc"></g><g v="sing"></g><g v="gen2"></g></l></v></tfr></token><token id="688780" text="за"><tfr rev_id="1520644" t="за"><v><l id="98043" t="за"><g v="PREP"></g></l></v></tfr></token><token id="688781" text="время"><tfr rev_id="3430684" t="время"><v><l id="53149" t="время"><g v="NOUN"></g><g v="inan"></g><g v="neut"></g><g v="sing"></g><g v="accs"></g></l></v></tfr></token><token id="688782" text="тренировки"><tfr rev_id="3501661" t="тренировки"><v><l id="349659" t="тренировка"><g v="NOUN"></g><g v="inan"></g><g v="femn"></g><g v="sing"></g><g v="gent"></g></l></v></tfr></token><token id="688783" text="Хаду"><tfr rev_id="1520647" t="Хаду"><v><l id="0" t="хаду"><g v="UNKN"></g></l></v></tfr></token><token id="688784" text="."><tfr rev_id="1520648" t="."><v><l id="0" t="."><g v="PNCT"></g></l></v></tfr></token></tokens></sentence><sentence id="38615"><source>Это говорит в пользу, если бы тренировка не оказывала влияния, результат бы точно упал, проверено, раза в 1,5 как минимум...</source><tokens><token id="688785" text="Это"><tfr rev_id="4342289" t="Это"><v><l id="386575" t="это"><g v="NPRO"></g><g v="neut"></g><g v="sing"></g><g v="nomn"></g></l></v><v><l id="386575" t="это"><g v="NPRO"></g><g v="neut"></g><g v="sing"></g><g v="accs"></g></l></v></tfr></token><token id="688786" text="говорит"><tfr rev_id="1520650" t="говорит"><v><l id="72053" t="говорю"><g v="VERB"></g><g v="impf"></g><g v="tran"></g><g v="sing"></g><g v="3per"></g><g v="pres"></g><g v="indc"></g></l></v></tfr></token><token id="688787" text="в"><tfr rev_id="1520651" t="в"><v><l id="37409" t="в"><g v="PREP"></g></l></v></tfr></token><token id="688788" text="пользу"><tfr rev_id="1520652" t="пользу"><v><l id="257077" t="польза"><g v="NOUN"></g><g v="inan"></g><g v="femn"></g><g v="sing"></g><g v="accs"></g></l></v></tfr></token><token id="688789" text=","><tfr rev_id="1520653" t=","><v><l id="0" t=","><g v="PNCT"></g></l></v></tfr></token><token id="688790" text="если"><tfr rev_id="1520654" t="если"><v><l id="95365" t="если"><g v="CONJ"></g></l></v></tfr></token><token id="688791" text="бы"><tfr rev_id="1520655" t="бы"><v><l id="36985" t="бы"><g v="PRCL"></g></l></v></tfr></token><token id="688792" text="тренировка"><tfr rev_id="1520656" t="тренировка"><v><l id="349659" t="тренировка"><g v="NOUN"></g><g v="inan"></g><g v="femn"></g><g v="sing"></g><g v="nomn"></g></l></v></tfr></token><token id="688793" text="не"><tfr rev_id="1520657" t="не"><v><l id="178876" t="не"><g v="PRCL"></g></l></v></tfr></token><token id="688794" text="оказывала"><tfr rev_id="1520658" t="оказывала"><v><l id="204467" t="оказываю"><g v="VERB"></g><g v="impf"></g><g v="tran"></g><g v="femn"></g><g v="sing"></g><g v="past"></g><g v="indc"></g></l></v></tfr></token><token id="688795" text="влияния"><tfr rev_id="3491123" t="влияния"><v><l id="46951" t="влияние"><g v="NOUN"></g><g v="inan"></g><g v="neut"></g><g v="sing"></g><g v="gent"></g></l></v></tfr></token><token id="688796" text=","><tfr rev_id="1520660" t=","><v><l id="0" t=","><g v="PNCT"></g></l></v></tfr></token><token id="688797" text="результат"><tfr rev_id="4348436" t="результат"><v><l id="305391" t="результат"><g v="NOUN"></g><g v="inan"></g><g v="masc"></g><g v="sing"></g><g v="nomn"></g></l></v></tfr></token><token id="688798" text="бы"><tfr rev_id="1520662" t="бы"><v><l id="36985" t="бы"><g v="PRCL"></g></l></v></tfr></token><token id="688799" text="точно"><tfr rev_id="4509232" t="точно"><v><l id="348514" t="точно"><g v="ADVB"></g></l></v><v><l id="348515" t="точно"><g v="CONJ"></g></l></v><v><l id="348521" t="точен"><g v="ADJS"></g><g v="Qual"></g><g v="neut"></g><g v="sing"></g></l></v></tfr></token><token id="688800" text="упал"><tfr rev_id="1520664" t="упал"><v><l id="358667" t="упал"><g v="VERB"></g><g v="perf"></g><g v="intr"></g><g v="masc"></g><g v="sing"></g><g v="past"></g><g v="indc"></g></l></v></tfr></token><token id="688801" text=","><tfr rev_id="1520665" t=","><v><l id="0" t=","><g v="PNCT"></g></l></v></tfr></token><token id="688802" text="проверено"><tfr rev_id="1520666" t="проверено"><v><l id="277757" t="проверен"><g v="PRTS"></g><g v="perf"></g><g v="past"></g><g v="pssv"></g><g v="neut"></g><g v="sing"></g></l></v></tfr></token><token id="688803" text=","><tfr rev_id="1520667" t=","><v><l id="0" t=","><g v="PNCT"></g></l></v></tfr></token><token id="688804" text="раза"><tfr rev_id="3421628" t="раза"><v><l id="291500" t="раз"><g v="NOUN"></g><g v="inan"></g><g v="masc"></g><g v="sing"></g><g v="gen1"></g></l></v></tfr></token><token id="688805" text="в"><tfr rev_id="1520669" t="в"><v><l id="37409" t="в"><g v="PREP"></g></l></v></tfr></token><token id="688806" text="1,5"><tfr rev_id="2462787" t="1,5"><v><l id="0" t="1,5"><g v="NUMB"></g></l></v></tfr></token><token id="688807" text="как"><tfr rev_id="1520671" t="как"><v><l id="128190" t="как"><g v="CONJ"></g></l></v><v><l id="128191" t="как"><g v="PRCL"></g></l></v><v><l id="128192" t="как"><g v="ADVB"></g><g v="Ques"></g></l></v></tfr></token><token id="688808" text="минимум"><tfr rev_id="4572134" t="минимум"><v><l id="160582" t="минимум"><g v="NOUN"></g><g v="inan"></g><g v="masc"></g><g v="sing"></g><g v="nomn"></g></l></v></tfr></token><token id="688809" text="..."><tfr rev_id="1520673" t="..."><v><l id="0" t="..."><g v="PNCT"></g></l></v></tfr></token></tokens></sentence></paragraph><paragraph id="12368"><sentence id="38616"><source>Стали побаливать ранее растянутые связки (колено, локоть) и, иногда, суставы.</source><tokens><token id="688810" text="Стали"><tfr rev_id="1714578" t="Стали"><v><l id="335164" t="стал"><g v="VERB"></g><g v="perf"></g><g v="intr"></g><g v="plur"></g><g v="past"></g><g v="indc"></g></l></v></tfr></token><token id="688811" text="побаливать"><tfr rev_id="1520675" t="побаливать"><v><l id="241410" t="побаливать"><g v="INFN"></g><g v="impf"></g><g v="intr"></g></l></v></tfr></token><token id="688812" text="ранее"><tfr rev_id="1520676" t="ранее"><v><l id="297884" t="ранее"><g v="ADVB"></g></l></v></tfr></token><token id="688813" text="растянутые"><tfr rev_id="1520677" t="растянутые"><v><l id="302737" t="растянутый"><g v="ADJF"></g><g v="Qual"></g><g v="plur"></g><g v="nomn"></g></l></v><v><l id="302737" t="растянутый"><g v="ADJF"></g><g v="Qual"></g><g v="inan"></g><g v="plur"></g><g v="accs"></g></l></v><v><l id="302743" t="растянутый"><g v="PRTF"></g><g v="perf"></g><g v="tran"></g><g v="past"></g><g v="pssv"></g><g v="plur"></g><g v="nomn"></g></l></v><v><l id="302743" t="растянутый"><g v="PRTF"></g><g v="perf"></g><g v="tran"></g><g v="past"></g><g v="pssv"></g><g v="inan"></g><g v="plur"></g><g v="accs"></g></l></v></tfr></token><token id="688814" text="связки"><tfr rev_id="3715188" t="связки"><v><l id="316543" t="связка"><g v="NOUN"></g><g v="inan"></g><g v="femn"></g><g v="plur"></g><g v="nomn"></g></l></v></tfr></token><token id="688815" text="("><tfr rev_id="1520679" t="("><v><l id="0" t="("><g v="PNCT"></g></l></v></tfr></token><token id="688816" text="колено"><tfr rev_id="4102845" t="колено"><v><l id="135860" t="колено"><g v="NOUN"></g><g v="inan"></g><g v="neut"></g><g v="sing"></g><g v="nomn"></g></l></v></tfr></token><token id="688817" text=","><tfr rev_id="1520681" t=","><v><l id="0" t=","><g v="PNCT"></g></l></v></tfr></token><token id="688818" text="локоть"><tfr rev_id="3677067" t="локоть"><v><l id="150706" t="локоть"><g v="NOUN"></g><g v="inan"></g><g v="masc"></g><g v="sing"></g><g v="nomn"></g></l></v></tfr></token><token id="688819" text=")"><tfr rev_id="1520683" t=")"><v><l id="0" t=")"><g v="PNCT"></g></l></v></tfr></token><token id="688820" text="и"><tfr rev_id="1520684" t="и"><v><l id="116949" t="и"><g v="CONJ"></g></l></v><v><l id="116950" t="и"><g v="INTJ"></g></l></v></tfr></token><token id="688821" text=","><tfr rev_id="1520685" t=","><v><l id="0" t=","><g v="PNCT"></g></l></v></tfr></token><token id="688822" text="иногда"><tfr rev_id="1520686" t="иногда"><v><l id="122703" t="иногда"><g v="ADVB"></g></l></v></tfr></token><token id="688823" text=","><tfr rev_id="1520687" t=","><v><l id="0" t=","><g v="PNCT"></g></l></v></tfr></token><token id="688824" text="суставы"><tfr rev_id="3757156" t="суставы"><v><l id="340103" t="сустав"><g v="NOUN"></g><g v="inan"></g><g v="masc"></g><g v="plur"></g><g v="nomn"></g></l></v></tfr></token><token id="688825" text="."><tfr rev_id="1520689" t="."><v><l id="0" t="."><g v="PNCT"></g></l></v></tfr></token></tokens></sentence><sentence id="38617"><source>Но надеюсь, это временное явление, все таки нагрузка на них возросла.</source><tokens><token id="688826" text="Но"><tfr rev_id="3688548" t="Но"><v><l id="191429" t="но"><g v="CONJ"></g></l></v></tfr></token><token id="688827" text="надеюсь"><tfr rev_id="1520691" t="надеюсь"><v><l id="168805" t="надеюсь"><g v="VERB"></g><g v="impf"></g><g v="intr"></g><g v="sing"></g><g v="1per"></g><g v="pres"></g><g v="indc"></g></l></v></tfr></token><token id="688828" text=","><tfr rev_id="1520692" t=","><v><l id="0" t=","><g v="PNCT"></g></l></v></tfr></token><token id="688829" text="это"><tfr rev_id="4441836" t="это"><v><l id="386574" t="это"><g v="PRCL"></g></l></v><v><l id="386575" t="это"><g v="NPRO"></g><g v="neut"></g><g v="sing"></g><g v="nomn"></g></l></v><v><l id="386575" t="это"><g v="NPRO"></g><g v="neut"></g><g v="sing"></g><g v="accs"></g></l></v><v><l id="386581" t="этот"><g v="ADJF"></g><g v="Subx"></g><g v="Apro"></g><g v="Anph"></g><g v="neut"></g><g v="sing"></g><g v="nomn"></g></l></v><v><l id="386581" t="этот"><g v="ADJF"></g><g v="Subx"></g><g v="Apro"></g><g v="Anph"></g><g v="neut"></g><g v="sing"></g><g v="accs"></g></l></v></tfr></token><token id="688830" text="временное"><tfr rev_id="1520694" t="временное"><v><l id="53140" t="временной"><g v="ADJF"></g><g v="neut"></g><g v="sing"></g><g v="nomn"></g></l></v><v><l id="53140" t="временной"><g v="ADJF"></g><g v="neut"></g><g v="sing"></g><g v="accs"></g></l></v><v><l id="53144" t="временный"><g v="ADJF"></g><g v="Qual"></g><g v="neut"></g><g v="sing"></g><g v="nomn"></g></l></v><v><l id="53144" t="временный"><g v="ADJF"></g><g v="Qual"></g><g v="neut"></g><g v="sing"></g><g v="accs"></g></l></v></tfr></token><token id="688831" text="явление"><tfr rev_id="3497449" t="явление"><v><l id="387370" t="явление"><g v="NOUN"></g><g v="inan"></g><g v="neut"></g><g v="sing"></g><g v="nomn"></g></l></v></tfr></token><token id="688832" text=","><tfr rev_id="1520696" t=","><v><l id="0" t=","><g v="PNCT"></g></l></v></tfr></token><token id="688833" text="все"><tfr rev_id="4504994" t="все"><v><l id="390209" t="всё"><g v="PRCL"></g></l></v></tfr></token><token id="688834" text="таки"><tfr rev_id="1520698" t="таки"><v><l id="342483" t="таки"><g v="PRCL"></g></l></v></tfr></token><token id="688835" text="нагрузка"><tfr rev_id="1520699" t="нагрузка"><v><l id="168266" t="нагрузка"><g v="NOUN"></g><g v="inan"></g><g v="femn"></g><g v="sing"></g><g v="nomn"></g></l></v></tfr></token><token id="688836" text="на"><tfr rev_id="3395813" t="на"><v><l id="166264" t="на"><g v="PREP"></g></l></v></tfr></token><token id="688837" text="них"><tfr rev_id="3703286" t="них"><v><l id="206619" t="они"><g v="NPRO"></g><g v="3per"></g><g v="Anph"></g><g v="plur"></g><g v="accs"></g><g v="Af-p"></g></l></v></tfr></token><token id="688838" text="возросла"><tfr rev_id="1520702" t="возросла"><v><l id="49618" t="возрос"><g v="VERB"></g><g v="perf"></g><g v="intr"></g><g v="femn"></g><g v="sing"></g><g v="past"></g><g v="indc"></g></l></v></tfr></token><token id="688839" text="."><tfr rev_id="1520703" t="."><v><l id="0" t="."><g v="PNCT"></g></l></v></tfr></token></tokens></sentence></paragraph><paragraph id="12369"><sentence id="38618"><source>В общем, я решил потренироваться еще пару-тройку месяцев, чтобы получить (или не получить) более определенный результат.</source><tokens><token id="688840" text="В"><tfr rev_id="1520704" t="В"><v><l id="37409" t="в"><g v="PREP"></g></l></v></tfr></token><token id="688841" text="общем"><tfr rev_id="3453964" t="общем"><v><l id="201663" t="общий"><g v="ADJF"></g><g v="neut"></g><g v="sing"></g><g v="loct"></g></l></v></tfr></token><token id="688842" text=","><tfr rev_id="1520706" t=","><v><l id="0" t=","><g v="PNCT"></g></l></v></tfr></token><token id="688843" text="я"><tfr rev_id="1520707" t="я"><v><l id="387317" t="я"><g v="NPRO"></g><g v="1per"></g><g v="sing"></g><g v="nomn"></g></l></v></tfr></token><token id="688844" text="решил"><tfr rev_id="1520708" t="решил"><v><l id="307396" t="решил"><g v="VERB"></g><g v="perf"></g><g v="tran"></g><g v="masc"></g><g v="sing"></g><g v="past"></g><g v="indc"></g></l></v></tfr></token><token id="688845" text="потренироваться"><tfr rev_id="1520709" t="потренироваться"><v><l id="263575" t="потренироваться"><g v="INFN"></g><g v="perf"></g><g v="intr"></g></l></v></tfr></token><token id="688846" text="еще"><tfr rev_id="1520710" t="еще"><v><l id="95551" t="ещё"><g v="PRCL"></g></l></v><v><l id="95552" t="ещё"><g v="ADVB"></g></l></v></tfr></token><token id="688847" text="пару"><tfr rev_id="4505373" t="пару"><v><l id="223626" t="пара"><g v="NOUN"></g><g v="inan"></g><g v="femn"></g><g v="sing"></g><g v="accs"></g></l></v></tfr></token><token id="688848" text="-"><tfr rev_id="1520712" t="-"><v><l id="0" t="-"><g v="PNCT"></g></l></v></tfr></token><token id="688849" text="тройку"><tfr rev_id="1520713" t="тройку"><v><l id="350374" t="тройка"><g v="NOUN"></g><g v="inan"></g><g v="femn"></g><g v="sing"></g><g v="accs"></g></l></v></tfr></token><token id="688850" text="месяцев"><tfr rev_id="1520714" t="месяцев"><v><l id="158841" t="месяц"><g v="NOUN"></g><g v="inan"></g><g v="masc"></g><g v="plur"></g><g v="gent"></g></l></v></tfr></token><token id="688851" text=","><tfr rev_id="1520715" t=","><v><l id="0" t=","><g v="PNCT"></g></l></v></tfr></token><token id="688852" text="чтобы"><tfr rev_id="1520716" t="чтобы"><v><l id="377013" t="чтобы"><g v="CONJ"></g></l></v><v><l id="377014" t="чтобы"><g v="PRCL"></g></l></v></tfr></token><token id="688853" text="получить"><tfr rev_id="1520717" t="получить"><v><l id="256960" t="получить"><g v="INFN"></g><g v="perf"></g><g v="tran"></g></l></v></tfr></token><token id="688854" text="("><tfr rev_id="1520718" t="("><v><l id="0" t="("><g v="PNCT"></g></l></v></tfr></token><token id="688855" text="или"><tfr rev_id="3787348" t="или"><v><l id="121146" t="или"><g v="CONJ"></g></l></v></tfr></token><token id="688856" text="не"><tfr rev_id="1520720" t="не"><v><l id="178876" t="не"><g v="PRCL"></g></l></v></tfr></token><token id="688857" text="получить"><tfr rev_id="1520721" t="получить"><v><l id="256960" t="получить"><g v="INFN"></g><g v="perf"></g><g v="tran"></g></l></v></tfr></token><token id="688858" text=")"><tfr rev_id="1520722" t=")"><v><l id="0" t=")"><g v="PNCT"></g></l></v></tfr></token><token id="688859" text="более"><tfr rev_id="1520723" t="более"><v><l id="32065" t="более"><g v="ADVB"></g></l></v></tfr></token><token id="688860" text="определенный"><tfr rev_id="1520724" t="определенный"><v><l id="207988" t="определённый"><g v="ADJF"></g><g v="Qual"></g><g v="masc"></g><g v="sing"></g><g v="nomn"></g></l></v><v><l id="207988" t="определённый"><g v="ADJF"></g><g v="Qual"></g><g v="inan"></g><g v="masc"></g><g v="sing"></g><g v="accs"></g></l></v><v><l id="208005" t="определённый"><g v="PRTF"></g><g v="perf"></g><g v="tran"></g><g v="past"></g><g v="pssv"></g><g v="masc"></g><g v="sing"></g><g v="nomn"></g></l></v><v><l id="208005" t="определённый"><g v="PRTF"></g><g v="perf"></g><g v="tran"></g><g v="past"></g><g v="pssv"></g><g v="inan"></g><g v="masc"></g><g v="sing"></g><g v="accs"></g></l></v></tfr></token><token id="688861" text="результат"><tfr rev_id="1520725" t="результат"><v><l id="305391" t="результат"><g v="NOUN"></g><g v="inan"></g><g v="masc"></g><g v="sing"></g><g v="nomn"></g></l></v><v><l id="305391" t="результат"><g v="NOUN"></g><g v="inan"></g><g v="masc"></g><g v="sing"></g><g v="accs"></g></l></v></tfr></token><token id="688862" text="."><tfr rev_id="1520726" t="."><v><l id="0" t="."><g v="PNCT"></g></l></v></tfr></token></tokens></sentence><sentence id="38619"><source>Заодно и силу воли повоспитываю, ибо - см. выше про то, как трудно себя заставить и т. д.</source><tokens><token id="688863" text="Заодно"><tfr rev_id="1520727" t="Заодно"><v><l id="106598" t="заодно"><g v="ADVB"></g></l></v></tfr></token><token id="688864" text="и"><tfr rev_id="1520728" t="и"><v><l id="116949" t="и"><g v="CONJ"></g></l></v><v><l id="116950" t="и"><g v="INTJ"></g></l></v></tfr></token><token id="688865" text="силу"><tfr rev_id="3714640" t="силу"><v><l id="320333" t="сила"><g v="NOUN"></g><g v="inan"></g><g v="femn"></g><g v="sing"></g><g v="accs"></g></l></v></tfr></token><token id="688866" text="воли"><tfr rev_id="2694614" t="воли"><v><l id="50646" t="воля"><g v="NOUN"></g><g v="inan"></g><g v="femn"></g><g v="sing"></g><g v="gent"></g></l></v></tfr></token><token id="688867" text="повоспитываю"><tfr rev_id="1520731" t="повоспитываю"><v><l id="0" t="повоспитываю"><g v="UNKN"></g></l></v></tfr></token><token id="688868" text=","><tfr rev_id="1520732" t=","><v><l id="0" t=","><g v="PNCT"></g></l></v></tfr></token><token id="688869" text="ибо"><tfr rev_id="1520733" t="ибо"><v><l id="116978" t="ибо"><g v="CONJ"></g></l></v></tfr></token><token id="688870" text="-"><tfr rev_id="1520734" t="-"><v><l id="0" t="-"><g v="PNCT"></g></l></v></tfr></token><token id="688871" text="см"><tfr rev_id="3720586" t="см"><v><l id="326798" t="смотрю"><g v="VERB"></g><g v="impf"></g><g v="tran"></g><g v="sing"></g><g v="impr"></g><g v="excl"></g><g v="Abbr"></g></l></v></tfr></token><token id="688872" text="."><tfr rev_id="1520736" t="."><v><l id="0" t="."><g v="PNCT"></g></l></v></tfr></token><token id="688873" text="выше"><tfr rev_id="1520737" t="выше"><v><l id="62139" t="выше"><g v="COMP"></g><g v="Qual"></g></l></v><v><l id="64413" t="выша"><g v="NOUN"></g><g v="inan"></g><g v="femn"></g><g v="Sgtm"></g><g v="Geox"></g><g v="sing"></g><g v="datv"></g></l></v><v><l id="64413" t="выша"><g v="NOUN"></g><g v="inan"></g><g v="femn"></g><g v="Sgtm"></g><g v="Geox"></g><g v="sing"></g><g v="loct"></g></l></v><v><l id="64505" t="выше"><g v="PREP"></g></l></v><v><l id="64506" t="выше"><g v="ADVB"></g></l></v></tfr></token><token id="688874" text="про"><tfr rev_id="1520738" t="про"><v><l id="277024" t="про"><g v="PREP"></g></l></v></tfr></token><token id="688875" text="то"><tfr rev_id="4347842" t="то"><v><l id="348430" t="тот"><g v="ADJF"></g><g v="Subx"></g><g v="Apro"></g><g v="Anph"></g><g v="neut"></g><g v="sing"></g><g v="nomn"></g></l></v><v><l id="348430" t="тот"><g v="ADJF"></g><g v="Subx"></g><g v="Apro"></g><g v="Anph"></g><g v="neut"></g><g v="sing"></g><g v="accs"></g></l></v></tfr></token><token id="688876" text=","><tfr rev_id="1520740" t=","><v><l id="0" t=","><g v="PNCT"></g></l></v></tfr></token><token id="688877" text="как"><tfr rev_id="1520741" t="как"><v><l id="128190" t="как"><g v="CONJ"></g></l></v><v><l id="128191" t="как"><g v="PRCL"></g></l></v><v><l id="128192" t="как"><g v="ADVB"></g><g v="Ques"></g></l></v></tfr></token><token id="688878" text="трудно"><tfr rev_id="1520742" t="трудно"><v><l id="350750" t="трудно"><g v="ADVB"></g><g v="Prdx"></g></l></v><v><l id="350854" t="труден"><g v="ADJS"></g><g v="Qual"></g><g v="neut"></g><g v="sing"></g></l></v></tfr></token><token id="688879" text="себя"><tfr rev_id="3635000" t="себя"><v><l id="317456" t="себя"><g v="NPRO"></g><g v="Anph"></g><g v="sing"></g><g v="accs"></g></l></v></tfr></token><token id="688880" text="заставить"><tfr rev_id="1520744" t="заставить"><v><l id="110201" t="заставить"><g v="INFN"></g><g v="perf"></g><g v="tran"></g></l></v></tfr></token><token id="688881" text="и"><tfr rev_id="1520745" t="и"><v><l id="116949" t="и"><g v="CONJ"></g></l></v><v><l id="116950" t="и"><g v="INTJ"></g></l></v></tfr></token><token id="688882" text="т"><tfr rev_id="4286237" t="т"><v><l id="342453" t="так"><g v="ADVB"></g><g v="Dmns"></g><g v="Abbr"></g></l></v></tfr></token><token id="688883" text="."><tfr rev_id="1520747" t="."><v><l id="0" t="."><g v="PNCT"></g></l></v></tfr></token><token id="688884" text="д"><tfr rev_id="4262286" t="д"><v><l id="77935" t="далее"><g v="ADVB"></g><g v="Abbr"></g></l></v></tfr></token><token id="688885" text="."><tfr rev_id="1520749" t="."><v><l id="0" t="."><g v="PNCT"></g></l></v></tfr></token></tokens></sentence><sentence id="38620"><source>Кроме того, наверное немного расширю список упражнений для баланса левой и правой стороны тела (типа сопротивление одной руки/ноги другой).</source><tokens><token id="688886" text="Кроме"><tfr rev_id="1520750" t="Кроме"><v><l id="143259" t="кроме"><g v="PREP"></g></l></v></tfr></token><token id="688887" text="того"><tfr rev_id="4310915" t="того"><v><l id="348430" t="тот"><g v="ADJF"></g><g v="Subx"></g><g v="Apro"></g><g v="Anph"></g><g v="neut"></g><g v="sing"></g><g v="gent"></g></l></v></tfr></token><token id="688888" text=","><tfr rev_id="1520752" t=","><v><l id="0" t=","><g v="PNCT"></g></l></v></tfr></token><token id="688889" text="наверное"><tfr rev_id="4339748" t="наверное"><v><l id="167059" t="наверное"><g v="CONJ"></g><g v="Prnt"></g></l></v></tfr></token><token id="688890" text="немного"><tfr rev_id="4084677" t="немного"><v><l id="184140" t="немного"><g v="ADVB"></g></l></v></tfr></token><token id="688891" text="расширю"><tfr rev_id="1520755" t="расширю"><v><l id="303640" t="расширил"><g v="VERB"></g><g v="perf"></g><g v="tran"></g><g v="sing"></g><g v="1per"></g><g v="futr"></g><g v="indc"></g></l></v></tfr></token><token id="688892" text="список"><tfr rev_id="3488327" t="список"><v><l id="332279" t="список"><g v="NOUN"></g><g v="inan"></g><g v="masc"></g><g v="sing"></g><g v="accs"></g></l></v></tfr></token><token id="688893" text="упражнений"><tfr rev_id="1520757" t="упражнений"><v><l id="359236" t="упражнение"><g v="NOUN"></g><g v="inan"></g><g v="neut"></g><g v="plur"></g><g v="gent"></g></l></v></tfr></token><token id="688894" text="для"><tfr rev_id="3391699" t="для"><v><l id="85032" t="для"><g v="PREP"></g></l></v></tfr></token><token id="688895" text="баланса"><tfr rev_id="1520759" t="баланса"><v><l id="22952" t="баланс"><g v="NOUN"></g><g v="inan"></g><g v="masc"></g><g v="sing"></g><g v="gent"></g></l></v></tfr></token><token id="688896" text="левой"><tfr rev_id="4428522" t="левой"><v><l id="147433" t="левый"><g v="ADJF"></g><g v="Qual"></g><g v="femn"></g><g v="sing"></g><g v="gent"></g></l></v></tfr></token><token id="688897" text="и"><tfr rev_id="1520761" t="и"><v><l id="116949" t="и"><g v="CONJ"></g></l></v><v><l id="116950" t="и"><g v="INTJ"></g></l></v></tfr></token><token id="688898" text="правой"><tfr rev_id="4495187" t="правой"><v><l id="265796" t="правый"><g v="ADJF"></g><g v="Qual"></g><g v="femn"></g><g v="sing"></g><g v="gent"></g></l></v></tfr></token><token id="688899" text="стороны"><tfr rev_id="3482403" t="стороны"><v><l id="336894" t="сторона"><g v="NOUN"></g><g v="inan"></g><g v="femn"></g><g v="sing"></g><g v="gent"></g></l></v></tfr></token><token id="688900" text="тела"><tfr rev_id="3494431" t="тела"><v><l id="344407" t="тело"><g v="NOUN"></g><g v="inan"></g><g v="neut"></g><g v="sing"></g><g v="gent"></g></l></v></tfr></token><token id="688901" text="("><tfr rev_id="1520765" t="("><v><l id="0" t="("><g v="PNCT"></g></l></v></tfr></token><token id="688902" text="типа"><tfr rev_id="4447885" t="типа"><v><l id="346276" t="тип"><g v="NOUN"></g><g v="anim"></g><g v="masc"></g><g v="sing"></g><g v="gent"></g></l></v><v><l id="346276" t="тип"><g v="NOUN"></g><g v="anim"></g><g v="masc"></g><g v="sing"></g><g v="accs"></g></l></v><v><l id="346277" t="тип"><g v="NOUN"></g><g v="inan"></g><g v="masc"></g><g v="sing"></g><g v="gent"></g></l></v><v><l id="388470" t="типа"><g v="PREP"></g></l></v><v><l id="388663" t="типа"><g v="PRCL"></g></l></v></tfr></token><token id="688903" text="сопротивление"><tfr rev_id="3537919" t="сопротивление"><v><l id="329897" t="сопротивление"><g v="NOUN"></g><g v="inan"></g><g v="neut"></g><g v="sing"></g><g v="nomn"></g></l></v></tfr></token><token id="688904" text="одной"><tfr rev_id="4572341" t="одной"><v><l id="203319" t="один"><g v="ADJF"></g><g v="Apro"></g><g v="Anum"></g><g v="femn"></g><g v="sing"></g><g v="gent"></g></l></v></tfr></token><token id="688905" text="руки"><tfr rev_id="3451247" t="руки"><v><l id="309953" t="рука"><g v="NOUN"></g><g v="inan"></g><g v="femn"></g><g v="sing"></g><g v="gent"></g></l></v></tfr></token><token id="688906" text="/"><tfr rev_id="1520770" t="/"><v><l id="0" t="/"><g v="PNCT"></g></l></v></tfr></token><token id="688907" text="ноги"><tfr rev_id="3432801" t="ноги"><v><l id="191924" t="нога"><g v="NOUN"></g><g v="inan"></g><g v="femn"></g><g v="sing"></g><g v="gent"></g></l></v></tfr></token><token id="688908" text="другой"><tfr rev_id="3560062" t="другой"><v><l id="92342" t="другой"><g v="ADJF"></g><g v="Apro"></g><g v="Subx"></g><g v="femn"></g><g v="sing"></g><g v="gent"></g></l></v><v><l id="92342" t="другой"><g v="ADJF"></g><g v="Apro"></g><g v="Subx"></g><g v="femn"></g><g v="sing"></g><g v="datv"></g></l></v><v><l id="92342" t="другой"><g v="ADJF"></g><g v="Apro"></g><g v="Subx"></g><g v="femn"></g><g v="sing"></g><g v="ablt"></g></l></v><v><l id="92342" t="другой"><g v="ADJF"></g><g v="Apro"></g><g v="Subx"></g><g v="femn"></g><g v="sing"></g><g v="loct"></g></l></v></tfr></token><token id="688909" text=")"><tfr rev_id="1520773" t=")"><v><l id="0" t=")"><g v="PNCT"></g></l></v></tfr></token><token id="688910" text="."><tfr rev_id="1520774" t="."><v><l id="0" t="."><g v="PNCT"></g></l></v></tfr></token></tokens></sentence><sentence id="38621"><source>И думаю нужно добавить растяжку. :)</source><tokens><token id="688911" text="И"><tfr rev_id="1520775" t="И"><v><l id="116949" t="и"><g v="CONJ"></g></l></v><v><l id="116950" t="и"><g v="INTJ"></g></l></v></tfr></token><token id="688912" text="думаю"><tfr rev_id="1520776" t="думаю"><v><l id="92996" t="думаю"><g v="VERB"></g><g v="impf"></g><g v="tran"></g><g v="sing"></g><g v="1per"></g><g v="pres"></g><g v="indc"></g></l></v><v><l id="93001" t="думаю"><g v="VERB"></g><g v="impf"></g><g v="intr"></g><g v="sing"></g><g v="1per"></g><g v="pres"></g><g v="indc"></g></l></v></tfr></token><token id="688913" text="нужно"><tfr rev_id="1520777" t="нужно"><v><l id="192579" t="нужно"><g v="PRED"></g><g v="pres"></g></l></v><v><l id="192584" t="нужен"><g v="ADJS"></g><g v="Qual"></g><g v="neut"></g><g v="sing"></g></l></v></tfr></token><token id="688914" text="добавить"><tfr rev_id="1520778" t="добавить"><v><l id="85159" t="добавить"><g v="INFN"></g><g v="perf"></g><g v="tran"></g></l></v></tfr></token><token id="688915" text="растяжку"><tfr rev_id="1520779" t="растяжку"><v><l id="302729" t="растяжка"><g v="NOUN"></g><g v="inan"></g><g v="femn"></g><g v="sing"></g><g v="accs"></g></l></v></tfr></token><token id="688916" text="."><tfr rev_id="1520780" t="."><v><l id="0" t="."><g v="PNCT"></g></l></v></tfr></token><token id="688917" text=":)"><tfr rev_id="1520781" t=":)"><v><l id="0" t=":)"><g v="PNCT"></g></l></v></tfr></token></tokens></sentence></paragraph></paragraphs></text>