<?xml version="1.0" encoding="utf-8"?><text id="1363" parent="226" name="YouTube покажет классику"><tags><tag>url:http://www.chaskor.ru/news/youtube_pokazhet_klassiku</tag><tag>Тема:ЧасКор:Культура/Кино</tag><tag>Тема:ЧасКор:Культура</tag><tag>Год:2009</tag><tag>Дата:20/04</tag></tags><paragraphs><paragraph id="12376"><sentence id="38634"><source>YouTube покажет классику</source><tokens><token id="689235" text="YouTube"><tfr rev_id="2475402" t="YouTube"><v><l id="0" t="YouTube"><g v="LATN"></g></l></v></tfr></token><token id="689236" text="покажет"><tfr rev_id="1521100" t="покажет"><v><l id="253982" t="показал"><g v="VERB"></g><g v="perf"></g><g v="tran"></g><g v="sing"></g><g v="3per"></g><g v="futr"></g><g v="indc"></g></l></v></tfr></token><token id="689237" text="классику"><tfr rev_id="3467431" t="классику"><v><l id="133891" t="классика"><g v="NOUN"></g><g v="inan"></g><g v="femn"></g><g v="sing"></g><g v="accs"></g></l></v></tfr></token></tokens></sentence><sentence id="38635"><source>На видеохостинге YouTube теперь можно посмотреть более сотни классических голливудских фильмов и телесериалов.</source><tokens><token id="689238" text="На"><tfr rev_id="3394220" t="На"><v><l id="166264" t="на"><g v="PREP"></g></l></v></tfr></token><token id="689239" text="видеохостинге"><tfr rev_id="3420741" t="видеохостинге"><v><l id="388958" t="видеохостинг"><g v="NOUN"></g><g v="inan"></g><g v="masc"></g><g v="sing"></g><g v="loct"></g></l></v></tfr></token><token id="689240" text="YouTube"><tfr rev_id="2475403" t="YouTube"><v><l id="0" t="YouTube"><g v="LATN"></g></l></v></tfr></token><token id="689241" text="теперь"><tfr rev_id="1521105" t="теперь"><v><l id="344864" t="теперь"><g v="ADVB"></g></l></v></tfr></token><token id="689242" text="можно"><tfr rev_id="1521106" t="можно"><v><l id="162467" t="можно"><g v="PRED"></g><g v="pres"></g></l></v></tfr></token><token id="689243" text="посмотреть"><tfr rev_id="1521107" t="посмотреть"><v><l id="261791" t="посмотреть"><g v="INFN"></g><g v="perf"></g><g v="tran"></g></l></v></tfr></token><token id="689244" text="более"><tfr rev_id="1521108" t="более"><v><l id="32065" t="более"><g v="ADVB"></g></l></v></tfr></token><token id="689245" text="сотни"><tfr rev_id="3487809" t="сотни"><v><l id="330847" t="сотня"><g v="NOUN"></g><g v="inan"></g><g v="femn"></g><g v="sing"></g><g v="gent"></g></l></v></tfr></token><token id="689246" text="классических"><tfr rev_id="3410967" t="классических"><v><l id="133924" t="классический"><g v="ADJF"></g><g v="plur"></g><g v="gent"></g></l></v></tfr></token><token id="689247" text="голливудских"><tfr rev_id="3553311" t="голливудских"><v><l id="72290" t="голливудский"><g v="ADJF"></g><g v="plur"></g><g v="gent"></g></l></v></tfr></token><token id="689248" text="фильмов"><tfr rev_id="3704345" t="фильмов"><v><l id="366005" t="фильм"><g v="NOUN"></g><g v="inan"></g><g v="masc"></g><g v="plur"></g><g v="gent"></g></l></v></tfr></token><token id="689249" text="и"><tfr rev_id="3529754" t="и"><v><l id="116949" t="и"><g v="CONJ"></g></l></v></tfr></token><token id="689250" text="телесериалов"><tfr rev_id="1521114" t="телесериалов"><v><l id="344283" t="телесериал"><g v="NOUN"></g><g v="inan"></g><g v="masc"></g><g v="plur"></g><g v="gent"></g></l></v></tfr></token><token id="689251" text="."><tfr rev_id="1521115" t="."><v><l id="0" t="."><g v="PNCT"></g></l></v></tfr></token></tokens></sentence></paragraph><paragraph id="12377"><sentence id="38636"><source>Просмотр фильмов и сериалов, включая «Скалолаза» со Сталлоне или оригинальную версию «Казино «Рояль», возможен пока только для американских пользователей, хотя YouTube обещает открыть доступ и для юзеров из других регионов.</source><tokens><token id="689252" text="Просмотр"><tfr rev_id="1521116" t="Просмотр"><v><l id="284681" t="просмотр"><g v="NOUN"></g><g v="inan"></g><g v="masc"></g><g v="sing"></g><g v="nomn"></g></l></v><v><l id="284681" t="просмотр"><g v="NOUN"></g><g v="inan"></g><g v="masc"></g><g v="sing"></g><g v="accs"></g></l></v></tfr></token><token id="689253" text="фильмов"><tfr rev_id="3450741" t="фильмов"><v><l id="366005" t="фильм"><g v="NOUN"></g><g v="inan"></g><g v="masc"></g><g v="plur"></g><g v="gent"></g></l></v></tfr></token><token id="689254" text="и"><tfr rev_id="1521118" t="и"><v><l id="116949" t="и"><g v="CONJ"></g></l></v><v><l id="116950" t="и"><g v="INTJ"></g></l></v></tfr></token><token id="689255" text="сериалов"><tfr rev_id="1521119" t="сериалов"><v><l id="319271" t="сериал"><g v="NOUN"></g><g v="inan"></g><g v="masc"></g><g v="plur"></g><g v="gent"></g></l></v></tfr></token><token id="689256" text=","><tfr rev_id="1521120" t=","><v><l id="0" t=","><g v="PNCT"></g></l></v></tfr></token><token id="689257" text="включая"><tfr rev_id="3452603" t="включая"><v><l id="46206" t="включая"><g v="PREP"></g></l></v></tfr></token><token id="689258" text="«"><tfr rev_id="2446816" t="«"><v><l id="0" t="«"><g v="PNCT"></g></l></v></tfr></token><token id="689259" text="Скалолаза"><tfr rev_id="3417602" t="Скалолаза"><v><l id="321648" t="скалолаз"><g v="NOUN"></g><g v="anim"></g><g v="masc"></g><g v="sing"></g><g v="accs"></g></l></v></tfr></token><token id="689260" text="»"><tfr rev_id="2446817" t="»"><v><l id="0" t="»"><g v="PNCT"></g></l></v></tfr></token><token id="689261" text="со"><tfr rev_id="2919280" t="со"><v><l id="311151" t="с"><g v="PREP"></g><g v="Vpre"></g></l></v></tfr></token><token id="689262" text="Сталлоне"><tfr rev_id="1521126" t="Сталлоне"><v><l id="0" t="сталлоне"><g v="UNKN"></g></l></v></tfr></token><token id="689263" text="или"><tfr rev_id="3787351" t="или"><v><l id="121146" t="или"><g v="CONJ"></g></l></v></tfr></token><token id="689264" text="оригинальную"><tfr rev_id="1521128" t="оригинальную"><v><l id="209029" t="оригинальный"><g v="ADJF"></g><g v="Qual"></g><g v="femn"></g><g v="sing"></g><g v="accs"></g></l></v></tfr></token><token id="689265" text="версию"><tfr rev_id="1521129" t="версию"><v><l id="41566" t="версия"><g v="NOUN"></g><g v="inan"></g><g v="femn"></g><g v="sing"></g><g v="accs"></g></l></v></tfr></token><token id="689266" text="«"><tfr rev_id="2446818" t="«"><v><l id="0" t="«"><g v="PNCT"></g></l></v></tfr></token><token id="689267" text="Казино"><tfr rev_id="4173514" t="Казино"><v><l id="128032" t="казино"><g v="NOUN"></g><g v="inan"></g><g v="neut"></g><g v="Fixd"></g><g v="sing"></g><g v="gent"></g></l></v></tfr></token><token id="689268" text="«"><tfr rev_id="2446819" t="«"><v><l id="0" t="«"><g v="PNCT"></g></l></v></tfr></token><token id="689269" text="Рояль"><tfr rev_id="3409384" t="Рояль"><v><l id="309589" t="рояль"><g v="NOUN"></g><g v="inan"></g><g v="masc"></g><g v="sing"></g><g v="nomn"></g></l></v></tfr></token><token id="689270" text="»"><tfr rev_id="2446820" t="»"><v><l id="0" t="»"><g v="PNCT"></g></l></v></tfr></token><token id="689271" text=","><tfr rev_id="1521135" t=","><v><l id="0" t=","><g v="PNCT"></g></l></v></tfr></token><token id="689272" text="возможен"><tfr rev_id="1521136" t="возможен"><v><l id="49413" t="возможен"><g v="ADJS"></g><g v="Qual"></g><g v="masc"></g><g v="sing"></g></l></v></tfr></token><token id="689273" text="пока"><tfr rev_id="3191004" t="пока"><v><l id="253968" t="пока"><g v="ADVB"></g></l></v><v><l id="253969" t="пока"><g v="CONJ"></g></l></v><v><l id="253970" t="пока"><g v="INTJ"></g></l></v></tfr></token><token id="689274" text="только"><tfr rev_id="3784204" t="только"><v><l id="347395" t="только"><g v="CONJ"></g></l></v><v><l id="347396" t="только"><g v="PRCL"></g></l></v><v><l id="390053" t="только"><g v="ADVB"></g></l></v></tfr></token><token id="689275" text="для"><tfr rev_id="2922710" t="для"><v><l id="85032" t="для"><g v="PREP"></g></l></v></tfr></token><token id="689276" text="американских"><tfr rev_id="2848512" t="американских"><v><l id="11429" t="американский"><g v="ADJF"></g><g v="plur"></g><g v="gent"></g></l></v></tfr></token><token id="689277" text="пользователей"><tfr rev_id="3823154" t="пользователей"><v><l id="257079" t="пользователь"><g v="NOUN"></g><g v="anim"></g><g v="masc"></g><g v="plur"></g><g v="gent"></g></l></v></tfr></token><token id="689278" text=","><tfr rev_id="1521142" t=","><v><l id="0" t=","><g v="PNCT"></g></l></v></tfr></token><token id="689279" text="хотя"><tfr rev_id="3947781" t="хотя"><v><l id="371732" t="хотя"><g v="CONJ"></g></l></v></tfr></token><token id="689280" text="YouTube"><tfr rev_id="2475404" t="YouTube"><v><l id="0" t="YouTube"><g v="LATN"></g></l></v></tfr></token><token id="689281" text="обещает"><tfr rev_id="1521145" t="обещает"><v><l id="195055" t="обещал"><g v="VERB"></g><g v="perf"></g><g v="tran"></g><g v="sing"></g><g v="3per"></g><g v="futr"></g><g v="indc"></g></l></v><v><l id="195056" t="обещаю"><g v="VERB"></g><g v="impf"></g><g v="tran"></g><g v="sing"></g><g v="3per"></g><g v="pres"></g><g v="indc"></g></l></v></tfr></token><token id="689282" text="открыть"><tfr rev_id="1521146" t="открыть"><v><l id="214755" t="открыть"><g v="INFN"></g><g v="perf"></g><g v="tran"></g></l></v></tfr></token><token id="689283" text="доступ"><tfr rev_id="4105222" t="доступ"><v><l id="90727" t="доступ"><g v="NOUN"></g><g v="inan"></g><g v="masc"></g><g v="sing"></g><g v="accs"></g></l></v></tfr></token><token id="689284" text="и"><tfr rev_id="3555660" t="и"><v><l id="116949" t="и"><g v="CONJ"></g></l></v></tfr></token><token id="689285" text="для"><tfr rev_id="3452805" t="для"><v><l id="85032" t="для"><g v="PREP"></g></l></v></tfr></token><token id="689286" text="юзеров"><tfr rev_id="3502278" t="юзеров"><v><l id="386907" t="юзер"><g v="NOUN"></g><g v="anim"></g><g v="masc"></g><g v="Slng"></g><g v="plur"></g><g v="gent"></g></l></v></tfr></token><token id="689287" text="из"><tfr rev_id="2603713" t="из"><v><l id="117677" t="из"><g v="PREP"></g></l></v></tfr></token><token id="689288" text="других"><tfr rev_id="4356247" t="других"><v><l id="92342" t="другой"><g v="ADJF"></g><g v="Apro"></g><g v="Subx"></g><g v="plur"></g><g v="gent"></g></l></v></tfr></token><token id="689289" text="регионов"><tfr rev_id="1521153" t="регионов"><v><l id="304808" t="регион"><g v="NOUN"></g><g v="inan"></g><g v="masc"></g><g v="plur"></g><g v="gent"></g></l></v></tfr></token><token id="689290" text="."><tfr rev_id="1521154" t="."><v><l id="0" t="."><g v="PNCT"></g></l></v></tfr></token></tokens></sentence><sentence id="38637"><source>В данном случае каждая кинокомпания сама будет решать, хочет ли она разрешать просмотр своей продукции людям за пределами Америки.</source><tokens><token id="689291" text="В"><tfr rev_id="1521155" t="В"><v><l id="37409" t="в"><g v="PREP"></g></l></v></tfr></token><token id="689292" text="данном"><tfr rev_id="3663089" t="данном"><v><l id="78303" t="данный"><g v="ADJF"></g><g v="Apro"></g><g v="masc"></g><g v="sing"></g><g v="loct"></g></l></v><v><l id="78303" t="данный"><g v="ADJF"></g><g v="Apro"></g><g v="neut"></g><g v="sing"></g><g v="loct"></g></l></v><v><l id="78549" t="данный"><g v="PRTF"></g><g v="perf"></g><g v="tran"></g><g v="past"></g><g v="pssv"></g><g v="masc"></g><g v="sing"></g><g v="loct"></g></l></v><v><l id="78549" t="данный"><g v="PRTF"></g><g v="perf"></g><g v="tran"></g><g v="past"></g><g v="pssv"></g><g v="neut"></g><g v="sing"></g><g v="loct"></g></l></v></tfr></token><token id="689293" text="случае"><tfr rev_id="1521157" t="случае"><v><l id="325472" t="случай"><g v="NOUN"></g><g v="inan"></g><g v="masc"></g><g v="sing"></g><g v="loct"></g></l></v></tfr></token><token id="689294" text="каждая"><tfr rev_id="4430341" t="каждая"><v><l id="127875" t="каждый"><g v="ADJF"></g><g v="Subx"></g><g v="Apro"></g><g v="femn"></g><g v="sing"></g><g v="nomn"></g></l></v></tfr></token><token id="689295" text="кинокомпания"><tfr rev_id="1521159" t="кинокомпания"><v><l id="133035" t="кинокомпания"><g v="NOUN"></g><g v="inan"></g><g v="femn"></g><g v="sing"></g><g v="nomn"></g></l></v></tfr></token><token id="689296" text="сама"><tfr rev_id="1521160" t="сама"><v><l id="312034" t="сам"><g v="ADJF"></g><g v="Apro"></g><g v="femn"></g><g v="sing"></g><g v="nomn"></g></l></v></tfr></token><token id="689297" text="будет"><tfr rev_id="1521161" t="будет"><v><l id="37265" t="есть"><g v="VERB"></g><g v="impf"></g><g v="intr"></g><g v="sing"></g><g v="3per"></g><g v="futr"></g><g v="indc"></g></l></v></tfr></token><token id="689298" text="решать"><tfr rev_id="1521162" t="решать"><v><l id="307336" t="решать"><g v="INFN"></g><g v="impf"></g><g v="tran"></g></l></v></tfr></token><token id="689299" text=","><tfr rev_id="1521163" t=","><v><l id="0" t=","><g v="PNCT"></g></l></v></tfr></token><token id="689300" text="хочет"><tfr rev_id="1521164" t="хочет"><v><l id="371713" t="хочу"><g v="VERB"></g><g v="impf"></g><g v="tran"></g><g v="sing"></g><g v="3per"></g><g v="pres"></g><g v="indc"></g></l></v></tfr></token><token id="689301" text="ли"><tfr rev_id="4467305" t="ли"><v><l id="148847" t="ли"><g v="CONJ"></g></l></v><v><l id="148848" t="ли"><g v="PRCL"></g></l></v></tfr></token><token id="689302" text="она"><tfr rev_id="3586569" t="она"><v><l id="206544" t="она"><g v="NPRO"></g><g v="femn"></g><g v="3per"></g><g v="Anph"></g><g v="sing"></g><g v="nomn"></g></l></v></tfr></token><token id="689303" text="разрешать"><tfr rev_id="1521167" t="разрешать"><v><l id="296641" t="разрешать"><g v="INFN"></g><g v="impf"></g><g v="tran"></g></l></v></tfr></token><token id="689304" text="просмотр"><tfr rev_id="4099246" t="просмотр"><v><l id="284681" t="просмотр"><g v="NOUN"></g><g v="inan"></g><g v="masc"></g><g v="sing"></g><g v="accs"></g></l></v></tfr></token><token id="689305" text="своей"><tfr rev_id="3631624" t="своей"><v><l id="316379" t="свой"><g v="ADJF"></g><g v="Apro"></g><g v="Anph"></g><g v="femn"></g><g v="sing"></g><g v="gent"></g></l></v></tfr></token><token id="689306" text="продукции"><tfr rev_id="4286346" t="продукции"><v><l id="279370" t="продукция"><g v="NOUN"></g><g v="inan"></g><g v="femn"></g><g v="sing"></g><g v="gent"></g></l></v></tfr></token><token id="689307" text="людям"><tfr rev_id="1521171" t="людям"><v><l id="375073" t="человек"><g v="NOUN"></g><g v="anim"></g><g v="masc"></g><g v="plur"></g><g v="datv"></g></l></v></tfr></token><token id="689308" text="за"><tfr rev_id="1521172" t="за"><v><l id="98043" t="за"><g v="PREP"></g></l></v></tfr></token><token id="689309" text="пределами"><tfr rev_id="1521173" t="пределами"><v><l id="266447" t="предел"><g v="NOUN"></g><g v="inan"></g><g v="masc"></g><g v="plur"></g><g v="ablt"></g></l></v></tfr></token><token id="689310" text="Америки"><tfr rev_id="1521174" t="Америки"><v><l id="11393" t="америка"><g v="NOUN"></g><g v="inan"></g><g v="femn"></g><g v="Sgtm"></g><g v="Geox"></g><g v="sing"></g><g v="gent"></g></l></v></tfr></token><token id="689311" text="."><tfr rev_id="1521175" t="."><v><l id="0" t="."><g v="PNCT"></g></l></v></tfr></token></tokens></sentence></paragraph><paragraph id="12378"><sentence id="38638"><source>Этот проект был осуществлен благодаря соглашениям, которые YouTube заключил с Sony, MGM, Lions Gate, Discovery Communications, National Geographic и рядом других компаний.</source><tokens><token id="689312" text="Этот"><tfr rev_id="4432155" t="Этот"><v><l id="386581" t="этот"><g v="ADJF"></g><g v="Subx"></g><g v="Apro"></g><g v="Anph"></g><g v="masc"></g><g v="sing"></g><g v="nomn"></g></l></v><v><l id="386581" t="этот"><g v="ADJF"></g><g v="Subx"></g><g v="Apro"></g><g v="Anph"></g><g v="inan"></g><g v="masc"></g><g v="sing"></g><g v="accs"></g></l></v></tfr></token><token id="689313" text="проект"><tfr rev_id="1521177" t="проект"><v><l id="279545" t="проект"><g v="NOUN"></g><g v="inan"></g><g v="masc"></g><g v="sing"></g><g v="nomn"></g></l></v><v><l id="279545" t="проект"><g v="NOUN"></g><g v="inan"></g><g v="masc"></g><g v="sing"></g><g v="accs"></g></l></v></tfr></token><token id="689314" text="был"><tfr rev_id="1521178" t="был"><v><l id="37265" t="есть"><g v="VERB"></g><g v="impf"></g><g v="intr"></g><g v="masc"></g><g v="sing"></g><g v="past"></g><g v="indc"></g></l></v></tfr></token><token id="689315" text="осуществлен"><tfr rev_id="1521179" t="осуществлен"><v><l id="211532" t="осуществлён"><g v="PRTS"></g><g v="perf"></g><g v="past"></g><g v="pssv"></g><g v="masc"></g><g v="sing"></g></l></v></tfr></token><token id="689316" text="благодаря"><tfr rev_id="3458825" t="благодаря"><v><l id="30404" t="благодаря"><g v="PREP"></g></l></v></tfr></token><token id="689317" text="соглашениям"><tfr rev_id="1521181" t="соглашениям"><v><l id="328305" t="соглашение"><g v="NOUN"></g><g v="inan"></g><g v="neut"></g><g v="plur"></g><g v="datv"></g></l></v></tfr></token><token id="689318" text=","><tfr rev_id="1521182" t=","><v><l id="0" t=","><g v="PNCT"></g></l></v></tfr></token><token id="689319" text="которые"><tfr rev_id="3751493" t="которые"><v><l id="141203" t="который"><g v="ADJF"></g><g v="Apro"></g><g v="Subx"></g><g v="Anph"></g><g v="inan"></g><g v="plur"></g><g v="accs"></g></l></v></tfr></token><token id="689320" text="YouTube"><tfr rev_id="2475405" t="YouTube"><v><l id="0" t="YouTube"><g v="LATN"></g></l></v></tfr></token><token id="689321" text="заключил"><tfr rev_id="1521185" t="заключил"><v><l id="103485" t="заключил"><g v="VERB"></g><g v="perf"></g><g v="tran"></g><g v="masc"></g><g v="sing"></g><g v="past"></g><g v="indc"></g></l></v></tfr></token><token id="689322" text="с"><tfr rev_id="1521186" t="с"><v><l id="311151" t="с"><g v="PREP"></g></l></v></tfr></token><token id="689323" text="Sony"><tfr rev_id="2475406" t="Sony"><v><l id="0" t="Sony"><g v="LATN"></g></l></v></tfr></token><token id="689324" text=","><tfr rev_id="1521188" t=","><v><l id="0" t=","><g v="PNCT"></g></l></v></tfr></token><token id="689325" text="MGM"><tfr rev_id="2475407" t="MGM"><v><l id="0" t="MGM"><g v="LATN"></g></l></v></tfr></token><token id="689326" text=","><tfr rev_id="1521190" t=","><v><l id="0" t=","><g v="PNCT"></g></l></v></tfr></token><token id="689327" text="Lions"><tfr rev_id="2475408" t="Lions"><v><l id="0" t="Lions"><g v="LATN"></g></l></v></tfr></token><token id="689328" text="Gate"><tfr rev_id="2475409" t="Gate"><v><l id="0" t="Gate"><g v="LATN"></g></l></v></tfr></token><token id="689329" text=","><tfr rev_id="1521193" t=","><v><l id="0" t=","><g v="PNCT"></g></l></v></tfr></token><token id="689330" text="Discovery"><tfr rev_id="2475410" t="Discovery"><v><l id="0" t="Discovery"><g v="LATN"></g></l></v></tfr></token><token id="689331" text="Communications"><tfr rev_id="2475411" t="Communications"><v><l id="0" t="Communications"><g v="LATN"></g></l></v></tfr></token><token id="689332" text=","><tfr rev_id="1521196" t=","><v><l id="0" t=","><g v="PNCT"></g></l></v></tfr></token><token id="689333" text="National"><tfr rev_id="2475412" t="National"><v><l id="0" t="National"><g v="LATN"></g></l></v></tfr></token><token id="689334" text="Geographic"><tfr rev_id="2475413" t="Geographic"><v><l id="0" t="Geographic"><g v="LATN"></g></l></v></tfr></token><token id="689335" text="и"><tfr rev_id="1521199" t="и"><v><l id="116949" t="и"><g v="CONJ"></g></l></v><v><l id="116950" t="и"><g v="INTJ"></g></l></v></tfr></token><token id="689336" text="рядом"><tfr rev_id="4264825" t="рядом"><v><l id="311045" t="ряд"><g v="NOUN"></g><g v="inan"></g><g v="masc"></g><g v="sing"></g><g v="ablt"></g></l></v></tfr></token><token id="689337" text="других"><tfr rev_id="4420610" t="других"><v><l id="92342" t="другой"><g v="ADJF"></g><g v="Apro"></g><g v="Subx"></g><g v="plur"></g><g v="gent"></g></l></v></tfr></token><token id="689338" text="компаний"><tfr rev_id="1521202" t="компаний"><v><l id="137146" t="компания"><g v="NOUN"></g><g v="inan"></g><g v="femn"></g><g v="plur"></g><g v="gent"></g></l></v></tfr></token><token id="689339" text="."><tfr rev_id="1521203" t="."><v><l id="0" t="."><g v="PNCT"></g></l></v></tfr></token></tokens></sentence></paragraph><paragraph id="12379"><sentence id="38639"><source>Для полнометражных лент был выделен специальный канал —  www.youtube.com/movies, сериалы также показывают на отдельной странице  www.youtube.com/shows.</source><tokens><token id="689340" text="Для"><tfr rev_id="2707481" t="Для"><v><l id="85032" t="для"><g v="PREP"></g></l></v></tfr></token><token id="689341" text="полнометражных"><tfr rev_id="4356174" t="полнометражных"><v><l id="256118" t="полнометражный"><g v="ADJF"></g><g v="plur"></g><g v="gent"></g></l></v></tfr></token><token id="689342" text="лент"><tfr rev_id="1521206" t="лент"><v><l id="148138" t="лента"><g v="NOUN"></g><g v="inan"></g><g v="femn"></g><g v="plur"></g><g v="gent"></g></l></v></tfr></token><token id="689343" text="был"><tfr rev_id="1521207" t="был"><v><l id="37265" t="есть"><g v="VERB"></g><g v="impf"></g><g v="intr"></g><g v="masc"></g><g v="sing"></g><g v="past"></g><g v="indc"></g></l></v></tfr></token><token id="689344" text="выделен"><tfr rev_id="1521208" t="выделен"><v><l id="57035" t="выделен"><g v="PRTS"></g><g v="perf"></g><g v="past"></g><g v="pssv"></g><g v="masc"></g><g v="sing"></g></l></v></tfr></token><token id="689345" text="специальный"><tfr rev_id="3880238" t="специальный"><v><l id="331875" t="специальный"><g v="ADJF"></g><g v="masc"></g><g v="sing"></g><g v="nomn"></g></l></v></tfr></token><token id="689346" text="канал"><tfr rev_id="4107971" t="канал"><v><l id="129205" t="канал"><g v="NOUN"></g><g v="inan"></g><g v="masc"></g><g v="sing"></g><g v="nomn"></g></l></v></tfr></token><token id="689347" text="—"><tfr rev_id="2446821" t="—"><v><l id="0" t="—"><g v="PNCT"></g></l></v></tfr></token><token id="689348" text="www.youtube.com/movies"><tfr rev_id="1521212" t="www.youtube.com/movies"><v><l id="0" t="www.youtube.com/movies"><g v="UNKN"></g></l></v></tfr></token><token id="689349" text=","><tfr rev_id="1521213" t=","><v><l id="0" t=","><g v="PNCT"></g></l></v></tfr></token><token id="689350" text="сериалы"><tfr rev_id="3728201" t="сериалы"><v><l id="319271" t="сериал"><g v="NOUN"></g><g v="inan"></g><g v="masc"></g><g v="plur"></g><g v="accs"></g></l></v></tfr></token><token id="689351" text="также"><tfr rev_id="4267836" t="также"><v><l id="342482" t="также"><g v="PRCL"></g></l></v></tfr></token><token id="689352" text="показывают"><tfr rev_id="1521216" t="показывают"><v><l id="253999" t="показываю"><g v="VERB"></g><g v="impf"></g><g v="tran"></g><g v="plur"></g><g v="3per"></g><g v="pres"></g><g v="indc"></g></l></v></tfr></token><token id="689353" text="на"><tfr rev_id="3330586" t="на"><v><l id="166264" t="на"><g v="PREP"></g></l></v></tfr></token><token id="689354" text="отдельной"><tfr rev_id="4315210" t="отдельной"><v><l id="213415" t="отдельный"><g v="ADJF"></g><g v="Qual"></g><g v="femn"></g><g v="sing"></g><g v="loct"></g></l></v></tfr></token><token id="689355" text="странице"><tfr rev_id="3447288" t="странице"><v><l id="337102" t="страница"><g v="NOUN"></g><g v="inan"></g><g v="femn"></g><g v="sing"></g><g v="loct"></g></l></v></tfr></token><token id="689356" text="www.youtube.com/shows"><tfr rev_id="1521220" t="www.youtube.com/shows"><v><l id="0" t="www.youtube.com/shows"><g v="UNKN"></g></l></v></tfr></token><token id="689357" text="."><tfr rev_id="1521221" t="."><v><l id="0" t="."><g v="PNCT"></g></l></v></tfr></token></tokens></sentence></paragraph><paragraph id="12380"><sentence id="38640"><source>Кроме того, YouTube подтвердил, что разрабатывает новую бизнес-модель, которая позволит выдерживать конкуренцию со стороны портала Hulu, сайтов NBC и BBC и других проектов, выкладывающих в Сеть профессиональный видеоконтент.</source><tokens><token id="689358" text="Кроме"><tfr rev_id="1521222" t="Кроме"><v><l id="143259" t="кроме"><g v="PREP"></g></l></v></tfr></token><token id="689359" text="того"><tfr rev_id="4537825" t="того"><v><l id="348430" t="тот"><g v="ADJF"></g><g v="Subx"></g><g v="Apro"></g><g v="Anph"></g><g v="masc"></g><g v="sing"></g><g v="gent"></g></l></v><v><l id="348430" t="тот"><g v="ADJF"></g><g v="Subx"></g><g v="Apro"></g><g v="Anph"></g><g v="neut"></g><g v="sing"></g><g v="gent"></g></l></v></tfr></token><token id="689360" text=","><tfr rev_id="1521224" t=","><v><l id="0" t=","><g v="PNCT"></g></l></v></tfr></token><token id="689361" text="YouTube"><tfr rev_id="2475414" t="YouTube"><v><l id="0" t="YouTube"><g v="LATN"></g></l></v></tfr></token><token id="689362" text="подтвердил"><tfr rev_id="1521226" t="подтвердил"><v><l id="251437" t="подтвердил"><g v="VERB"></g><g v="perf"></g><g v="tran"></g><g v="masc"></g><g v="sing"></g><g v="past"></g><g v="indc"></g></l></v></tfr></token><token id="689363" text=","><tfr rev_id="1521227" t=","><v><l id="0" t=","><g v="PNCT"></g></l></v></tfr></token><token id="689364" text="что"><tfr rev_id="3197677" t="что"><v><l id="377004" t="что"><g v="CONJ"></g></l></v><v><l id="377005" t="что"><g v="NPRO"></g><g v="neut"></g><g v="sing"></g><g v="nomn"></g></l></v><v><l id="377005" t="что"><g v="NPRO"></g><g v="neut"></g><g v="sing"></g><g v="accs"></g></l></v><v><l id="377006" t="что"><g v="ADVB"></g><g v="Ques"></g></l></v><v><l id="388695" t="что"><g v="PRCL"></g></l></v></tfr></token><token id="689365" text="разрабатывает"><tfr rev_id="1521229" t="разрабатывает"><v><l id="296462" t="разрабатываю"><g v="VERB"></g><g v="impf"></g><g v="tran"></g><g v="sing"></g><g v="3per"></g><g v="pres"></g><g v="indc"></g></l></v></tfr></token><token id="689366" text="новую"><tfr rev_id="1521230" t="новую"><v><l id="191918" t="новый"><g v="ADJF"></g><g v="Qual"></g><g v="femn"></g><g v="sing"></g><g v="accs"></g></l></v></tfr></token><token id="689367" text="бизнес-модель"><tfr rev_id="4167973" t="бизнес-модель"><v><l id="388971" t="бизнес-модель"><g v="NOUN"></g><g v="inan"></g><g v="femn"></g><g v="sing"></g><g v="accs"></g></l></v></tfr></token><token id="689368" text=","><tfr rev_id="1521232" t=","><v><l id="0" t=","><g v="PNCT"></g></l></v></tfr></token><token id="689369" text="которая"><tfr rev_id="3639854" t="которая"><v><l id="141203" t="который"><g v="ADJF"></g><g v="Apro"></g><g v="Subx"></g><g v="Anph"></g><g v="femn"></g><g v="sing"></g><g v="nomn"></g></l></v></tfr></token><token id="689370" text="позволит"><tfr rev_id="1521234" t="позволит"><v><l id="253425" t="позволил"><g v="VERB"></g><g v="perf"></g><g v="tran"></g><g v="sing"></g><g v="3per"></g><g v="futr"></g><g v="indc"></g></l></v></tfr></token><token id="689371" text="выдерживать"><tfr rev_id="1521235" t="выдерживать"><v><l id="57086" t="выдерживать"><g v="INFN"></g><g v="impf"></g><g v="tran"></g></l></v></tfr></token><token id="689372" text="конкуренцию"><tfr rev_id="1521236" t="конкуренцию"><v><l id="137909" t="конкуренция"><g v="NOUN"></g><g v="inan"></g><g v="femn"></g><g v="sing"></g><g v="accs"></g></l></v></tfr></token><token id="689373" text="со"><tfr rev_id="2919281" t="со"><v><l id="311151" t="с"><g v="PREP"></g><g v="Vpre"></g></l></v></tfr></token><token id="689374" text="стороны"><tfr rev_id="2693545" t="стороны"><v><l id="336894" t="сторона"><g v="NOUN"></g><g v="inan"></g><g v="femn"></g><g v="sing"></g><g v="gent"></g></l></v></tfr></token><token id="689375" text="портала"><tfr rev_id="1521239" t="портала"><v><l id="260539" t="портал"><g v="NOUN"></g><g v="inan"></g><g v="masc"></g><g v="sing"></g><g v="gent"></g></l></v></tfr></token><token id="689376" text="Hulu"><tfr rev_id="2475415" t="Hulu"><v><l id="0" t="Hulu"><g v="LATN"></g></l></v></tfr></token><token id="689377" text=","><tfr rev_id="1521241" t=","><v><l id="0" t=","><g v="PNCT"></g></l></v></tfr></token><token id="689378" text="сайтов"><tfr rev_id="1521242" t="сайтов"><v><l id="311674" t="сайт"><g v="NOUN"></g><g v="inan"></g><g v="masc"></g><g v="plur"></g><g v="gent"></g></l></v></tfr></token><token id="689379" text="NBC"><tfr rev_id="2475416" t="NBC"><v><l id="0" t="NBC"><g v="LATN"></g></l></v></tfr></token><token id="689380" text="и"><tfr rev_id="3813555" t="и"><v><l id="116949" t="и"><g v="CONJ"></g></l></v></tfr></token><token id="689381" text="BBC"><tfr rev_id="2475417" t="BBC"><v><l id="0" t="BBC"><g v="LATN"></g></l></v></tfr></token><token id="689382" text="и"><tfr rev_id="1521246" t="и"><v><l id="116949" t="и"><g v="CONJ"></g></l></v><v><l id="116950" t="и"><g v="INTJ"></g></l></v></tfr></token><token id="689383" text="других"><tfr rev_id="3562139" t="других"><v><l id="92342" t="другой"><g v="ADJF"></g><g v="Apro"></g><g v="Subx"></g><g v="plur"></g><g v="gent"></g></l></v></tfr></token><token id="689384" text="проектов"><tfr rev_id="1521248" t="проектов"><v><l id="279545" t="проект"><g v="NOUN"></g><g v="inan"></g><g v="masc"></g><g v="plur"></g><g v="gent"></g></l></v></tfr></token><token id="689385" text=","><tfr rev_id="1521249" t=","><v><l id="0" t=","><g v="PNCT"></g></l></v></tfr></token><token id="689386" text="выкладывающих"><tfr rev_id="4427158" t="выкладывающих"><v><l id="58093" t="выкладывающий"><g v="PRTF"></g><g v="impf"></g><g v="tran"></g><g v="pres"></g><g v="actv"></g><g v="plur"></g><g v="gent"></g></l></v></tfr></token><token id="689387" text="в"><tfr rev_id="1521251" t="в"><v><l id="37409" t="в"><g v="PREP"></g></l></v></tfr></token><token id="689388" text="Сеть"><tfr rev_id="3230391" t="Сеть"><v><l id="319643" t="сеть"><g v="NOUN"></g><g v="inan"></g><g v="femn"></g><g v="sing"></g><g v="accs"></g></l></v></tfr></token><token id="689389" text="профессиональный"><tfr rev_id="1521253" t="профессиональный"><v><l id="286921" t="профессиональный"><g v="ADJF"></g><g v="Qual"></g><g v="masc"></g><g v="sing"></g><g v="nomn"></g></l></v><v><l id="286921" t="профессиональный"><g v="ADJF"></g><g v="Qual"></g><g v="inan"></g><g v="masc"></g><g v="sing"></g><g v="accs"></g></l></v></tfr></token><token id="689390" text="видеоконтент"><tfr rev_id="4534974" t="видеоконтент"><v><l id="392371" t="видеоконтент"><g v="NOUN"></g><g v="inan"></g><g v="masc"></g><g v="sing"></g><g v="accs"></g></l></v><v><l id="392371" t="видеоконтент"><g v="NOUN"></g><g v="inan"></g><g v="masc"></g><g v="sing"></g><g v="nomn"></g></l></v></tfr></token><token id="689391" text="."><tfr rev_id="1521255" t="."><v><l id="0" t="."><g v="PNCT"></g></l></v></tfr></token></tokens></sentence></paragraph></paragraphs></text>