<?xml version="1.0" encoding="utf-8"?><text id="1365" parent="570" name="0043866 Тупой жирный заяц..."><tags><tag>url:http://qkowlew.livejournal.com/43866.html</tag><tag>Год:2011</tag><tag>Дата:13/03</tag><tag>Время:00:36</tag><tag>ЖЖ:Метка:кино</tag><tag>ЖЖ:Метка:ловец снов</tag><tag>ЖЖ:Метка:хорошее</tag></tags><paragraphs><paragraph id="12396"><sentence id="38725"><source>Приснился сон.</source><tokens><token id="690849" text="Приснился"><tfr rev_id="1522713" t="Приснился"><v><l id="274366" t="приснился"><g v="VERB"></g><g v="perf"></g><g v="intr"></g><g v="masc"></g><g v="sing"></g><g v="past"></g><g v="indc"></g></l></v></tfr></token><token id="690850" text="сон"><tfr rev_id="1522714" t="сон"><v><l id="329403" t="сон"><g v="NOUN"></g><g v="inan"></g><g v="masc"></g><g v="sing"></g><g v="nomn"></g></l></v><v><l id="329403" t="сон"><g v="NOUN"></g><g v="inan"></g><g v="masc"></g><g v="sing"></g><g v="accs"></g></l></v></tfr></token><token id="690851" text="."><tfr rev_id="1522715" t="."><v><l id="0" t="."><g v="PNCT"></g></l></v></tfr></token></tokens></sentence></paragraph><paragraph id="12397"><sentence id="38726"><source>Съёмки сериала.</source><tokens><token id="690852" text="Съёмки"><tfr rev_id="3743721" t="Съёмки"><v><l id="341465" t="съёмка"><g v="NOUN"></g><g v="inan"></g><g v="femn"></g><g v="plur"></g><g v="nomn"></g></l></v></tfr></token><token id="690853" text="сериала"><tfr rev_id="1522717" t="сериала"><v><l id="319271" t="сериал"><g v="NOUN"></g><g v="inan"></g><g v="masc"></g><g v="sing"></g><g v="gent"></g></l></v></tfr></token><token id="690854" text="."><tfr rev_id="1522718" t="."><v><l id="0" t="."><g v="PNCT"></g></l></v></tfr></token></tokens></sentence><sentence id="38727"><source>Я в техниках на площадке.</source><tokens><token id="690855" text="Я"><tfr rev_id="1522719" t="Я"><v><l id="387317" t="я"><g v="NPRO"></g><g v="1per"></g><g v="sing"></g><g v="nomn"></g></l></v></tfr></token><token id="690856" text="в"><tfr rev_id="1522720" t="в"><v><l id="37409" t="в"><g v="PREP"></g></l></v></tfr></token><token id="690857" text="техниках"><tfr rev_id="3494179" t="техниках"><v><l id="345936" t="техника"><g v="NOUN"></g><g v="inan"></g><g v="femn"></g><g v="plur"></g><g v="loct"></g></l></v></tfr></token><token id="690858" text="на"><tfr rev_id="3396355" t="на"><v><l id="166264" t="на"><g v="PREP"></g></l></v></tfr></token><token id="690859" text="площадке"><tfr rev_id="3447557" t="площадке"><v><l id="240930" t="площадка"><g v="NOUN"></g><g v="inan"></g><g v="femn"></g><g v="sing"></g><g v="loct"></g></l></v></tfr></token><token id="690860" text="."><tfr rev_id="1522724" t="."><v><l id="0" t="."><g v="PNCT"></g></l></v></tfr></token></tokens></sentence><sentence id="38728"><source>Дубли каких-то эпизодических моментов, конвейер чего-то мутного, мыльной оперы какой-то.</source><tokens><token id="690861" text="Дубли"><tfr rev_id="3750098" t="Дубли"><v><l id="92696" t="дубль"><g v="NOUN"></g><g v="inan"></g><g v="masc"></g><g v="plur"></g><g v="nomn"></g></l></v></tfr></token><token id="690862" text="каких-то"><tfr rev_id="3666663" t="каких-то"><v><l id="128227" t="какой-то"><g v="ADJF"></g><g v="Apro"></g><g v="plur"></g><g v="gent"></g></l></v></tfr></token><token id="690863" text="эпизодических"><tfr rev_id="4408016" t="эпизодических"><v><l id="385800" t="эпизодический"><g v="ADJF"></g><g v="plur"></g><g v="gent"></g></l></v></tfr></token><token id="690864" text="моментов"><tfr rev_id="1522728" t="моментов"><v><l id="163050" t="момент"><g v="NOUN"></g><g v="inan"></g><g v="masc"></g><g v="plur"></g><g v="gent"></g></l></v></tfr></token><token id="690865" text=","><tfr rev_id="1522729" t=","><v><l id="0" t=","><g v="PNCT"></g></l></v></tfr></token><token id="690866" text="конвейер"><tfr rev_id="1522730" t="конвейер"><v><l id="137502" t="конвейер"><g v="NOUN"></g><g v="inan"></g><g v="masc"></g><g v="sing"></g><g v="nomn"></g></l></v><v><l id="137502" t="конвейер"><g v="NOUN"></g><g v="inan"></g><g v="masc"></g><g v="sing"></g><g v="accs"></g></l></v></tfr></token><token id="690867" text="чего-то"><tfr rev_id="1522731" t="чего-то"><v><l id="374964" t="чего-то"><g v="ADVB"></g></l></v><v><l id="377010" t="что-то"><g v="NPRO"></g><g v="neut"></g><g v="sing"></g><g v="gent"></g></l></v></tfr></token><token id="690868" text="мутного"><tfr rev_id="3673662" t="мутного"><v><l id="165503" t="мутный"><g v="ADJF"></g><g v="Qual"></g><g v="neut"></g><g v="sing"></g><g v="gent"></g></l></v></tfr></token><token id="690869" text=","><tfr rev_id="1522733" t=","><v><l id="0" t=","><g v="PNCT"></g></l></v></tfr></token><token id="690870" text="мыльной"><tfr rev_id="4424112" t="мыльной"><v><l id="165828" t="мыльный"><g v="ADJF"></g><g v="Qual"></g><g v="femn"></g><g v="sing"></g><g v="gent"></g></l></v></tfr></token><token id="690871" text="оперы"><tfr rev_id="3440136" t="оперы"><v><l id="206930" t="опера"><g v="NOUN"></g><g v="inan"></g><g v="femn"></g><g v="sing"></g><g v="gent"></g></l></v></tfr></token><token id="690872" text="какой-то"><tfr rev_id="2635695" t="какой-то"><v><l id="128227" t="какой-то"><g v="ADJF"></g><g v="Apro"></g><g v="femn"></g><g v="sing"></g><g v="gent"></g></l></v><v><l id="128227" t="какой-то"><g v="ADJF"></g><g v="Apro"></g><g v="femn"></g><g v="sing"></g><g v="datv"></g></l></v><v><l id="128227" t="какой-то"><g v="ADJF"></g><g v="Apro"></g><g v="femn"></g><g v="sing"></g><g v="ablt"></g></l></v><v><l id="128227" t="какой-то"><g v="ADJF"></g><g v="Apro"></g><g v="femn"></g><g v="sing"></g><g v="loct"></g></l></v></tfr></token><token id="690873" text="."><tfr rev_id="1522737" t="."><v><l id="0" t="."><g v="PNCT"></g></l></v></tfr></token></tokens></sentence><sentence id="38729"><source>Актёры в основном пьяные в зюзю, чего-то там перед камерой изображают...</source><tokens><token id="690874" text="Актёры"><tfr rev_id="1522738" t="Актёры"><v><l id="7567" t="актёр"><g v="NOUN"></g><g v="anim"></g><g v="masc"></g><g v="plur"></g><g v="nomn"></g></l></v></tfr></token><token id="690875" text="в"><tfr rev_id="1522739" t="в"><v><l id="37409" t="в"><g v="PREP"></g></l></v></tfr></token><token id="690876" text="основном"><tfr rev_id="4260158" t="основном"><v><l id="210594" t="основное"><g v="NOUN"></g><g v="inan"></g><g v="neut"></g><g v="Sgtm"></g><g v="sing"></g><g v="loct"></g></l></v></tfr></token><token id="690877" text="пьяные"><tfr rev_id="4260159" t="пьяные"><v><l id="290226" t="пьяный"><g v="ADJF"></g><g v="Qual"></g><g v="plur"></g><g v="nomn"></g></l></v><v><l id="290226" t="пьяный"><g v="ADJF"></g><g v="Qual"></g><g v="inan"></g><g v="plur"></g><g v="accs"></g></l></v></tfr></token><token id="690878" text="в"><tfr rev_id="1522742" t="в"><v><l id="37409" t="в"><g v="PREP"></g></l></v></tfr></token><token id="690879" text="зюзю"><tfr rev_id="4527090" t="зюзю"><v><l id="116901" t="зюзя"><g v="NOUN"></g><g v="anim"></g><g v="ms-f"></g><g v="sing"></g><g v="accs"></g></l></v></tfr></token><token id="690880" text=","><tfr rev_id="1522744" t=","><v><l id="0" t=","><g v="PNCT"></g></l></v></tfr></token><token id="690881" text="чего-то"><tfr rev_id="1522745" t="чего-то"><v><l id="374964" t="чего-то"><g v="ADVB"></g></l></v><v><l id="377010" t="что-то"><g v="NPRO"></g><g v="neut"></g><g v="sing"></g><g v="gent"></g></l></v></tfr></token><token id="690882" text="там"><tfr rev_id="1522746" t="там"><v><l id="342752" t="там"><g v="PRCL"></g></l></v><v><l id="342753" t="там"><g v="ADVB"></g><g v="Dmns"></g></l></v></tfr></token><token id="690883" text="перед"><tfr rev_id="2503590" t="перед"><v><l id="228071" t="перед"><g v="PREP"></g></l></v></tfr></token><token id="690884" text="камерой"><tfr rev_id="1522748" t="камерой"><v><l id="128949" t="камера"><g v="NOUN"></g><g v="inan"></g><g v="femn"></g><g v="sing"></g><g v="ablt"></g></l></v></tfr></token><token id="690885" text="изображают"><tfr rev_id="1522749" t="изображают"><v><l id="120136" t="изображаю"><g v="VERB"></g><g v="impf"></g><g v="tran"></g><g v="plur"></g><g v="3per"></g><g v="pres"></g><g v="indc"></g></l></v></tfr></token><token id="690886" text="..."><tfr rev_id="1522750" t="..."><v><l id="0" t="..."><g v="PNCT"></g></l></v></tfr></token></tokens></sentence></paragraph><paragraph id="12398"><sentence id="38730"><source>Наконец все как-то начинают бегать быстрее, кто-то лихорадочно глотает антиполицай, в общем - чуйствуется приближение Начальства.</source><tokens><token id="690887" text="Наконец"><tfr rev_id="1522751" t="Наконец"><v><l id="171303" t="наконец"><g v="ADVB"></g></l></v><v><l id="171304" t="наконец"><g v="CONJ"></g><g v="Prnt"></g></l></v></tfr></token><token id="690888" text="все"><tfr rev_id="4538549" t="все"><v><l id="42156" t="весь"><g v="ADJF"></g><g v="Subx"></g><g v="Apro"></g><g v="inan"></g><g v="plur"></g><g v="accs"></g></l></v><v><l id="42156" t="весь"><g v="ADJF"></g><g v="Subx"></g><g v="Apro"></g><g v="plur"></g><g v="nomn"></g></l></v></tfr></token><token id="690889" text="как-то"><tfr rev_id="1522753" t="как-то"><v><l id="128196" t="как-то"><g v="ADVB"></g></l></v></tfr></token><token id="690890" text="начинают"><tfr rev_id="1522754" t="начинают"><v><l id="178340" t="начинаю"><g v="VERB"></g><g v="impf"></g><g v="tran"></g><g v="plur"></g><g v="3per"></g><g v="pres"></g><g v="indc"></g></l></v></tfr></token><token id="690891" text="бегать"><tfr rev_id="1522755" t="бегать"><v><l id="25251" t="бегать"><g v="INFN"></g><g v="impf"></g><g v="intr"></g></l></v></tfr></token><token id="690892" text="быстрее"><tfr rev_id="1522756" t="быстрее"><v><l id="37235" t="быстрее"><g v="COMP"></g><g v="Qual"></g></l></v></tfr></token><token id="690893" text=","><tfr rev_id="1522757" t=","><v><l id="0" t=","><g v="PNCT"></g></l></v></tfr></token><token id="690894" text="кто-то"><tfr rev_id="1522758" t="кто-то"><v><l id="144219" t="кто-то"><g v="NPRO"></g><g v="masc"></g><g v="sing"></g><g v="nomn"></g></l></v></tfr></token><token id="690895" text="лихорадочно"><tfr rev_id="1522759" t="лихорадочно"><v><l id="150075" t="лихорадочно"><g v="ADVB"></g></l></v><v><l id="150078" t="лихорадочен"><g v="ADJS"></g><g v="neut"></g><g v="sing"></g></l></v></tfr></token><token id="690896" text="глотает"><tfr rev_id="1522760" t="глотает"><v><l id="71394" t="глотаю"><g v="VERB"></g><g v="impf"></g><g v="tran"></g><g v="sing"></g><g v="3per"></g><g v="pres"></g><g v="indc"></g></l></v></tfr></token><token id="690897" text="антиполицай"><tfr rev_id="4540487" t="антиполицай"><v><l id="392685" t="антиполицай"><g v="NOUN"></g><g v="inan"></g><g v="masc"></g><g v="Infr"></g><g v="sing"></g><g v="accs"></g></l></v><v><l id="392685" t="антиполицай"><g v="NOUN"></g><g v="inan"></g><g v="masc"></g><g v="Infr"></g><g v="sing"></g><g v="nomn"></g></l></v></tfr></token><token id="690898" text=","><tfr rev_id="1522762" t=","><v><l id="0" t=","><g v="PNCT"></g></l></v></tfr></token><token id="690899" text="в"><tfr rev_id="1522763" t="в"><v><l id="37409" t="в"><g v="PREP"></g></l></v></tfr></token><token id="690900" text="общем"><tfr rev_id="3673630" t="общем"><v><l id="201663" t="общий"><g v="ADJF"></g><g v="neut"></g><g v="sing"></g><g v="loct"></g></l></v></tfr></token><token id="690901" text="-"><tfr rev_id="1522765" t="-"><v><l id="0" t="-"><g v="PNCT"></g></l></v></tfr></token><token id="690902" text="чуйствуется"><tfr rev_id="1522766" t="чуйствуется"><v><l id="0" t="чуйствуется"><g v="UNKN"></g></l></v></tfr></token><token id="690903" text="приближение"><tfr rev_id="4092698" t="приближение"><v><l id="268837" t="приближение"><g v="NOUN"></g><g v="inan"></g><g v="neut"></g><g v="sing"></g><g v="nomn"></g></l></v></tfr></token><token id="690904" text="Начальства"><tfr rev_id="3470090" t="Начальства"><v><l id="178209" t="начальство"><g v="NOUN"></g><g v="inan"></g><g v="neut"></g><g v="sing"></g><g v="gent"></g></l></v></tfr></token><token id="690905" text="."><tfr rev_id="1522769" t="."><v><l id="0" t="."><g v="PNCT"></g></l></v></tfr></token></tokens></sentence><sentence id="38731"><source>Его.</source><tokens><token id="690906" text="Его"><tfr rev_id="4531917" t="Его"><v><l id="206541" t="он"><g v="NPRO"></g><g v="masc"></g><g v="3per"></g><g v="Anph"></g><g v="sing"></g><g v="gent"></g></l></v><v><l id="206541" t="он"><g v="NPRO"></g><g v="masc"></g><g v="3per"></g><g v="Anph"></g><g v="sing"></g><g v="accs"></g></l></v><v><l id="206649" t="оно"><g v="NPRO"></g><g v="neut"></g><g v="3per"></g><g v="Anph"></g><g v="sing"></g><g v="gent"></g></l></v><v><l id="206649" t="оно"><g v="NPRO"></g><g v="neut"></g><g v="3per"></g><g v="Anph"></g><g v="sing"></g><g v="accs"></g></l></v></tfr></token><token id="690907" text="."><tfr rev_id="1522771" t="."><v><l id="0" t="."><g v="PNCT"></g></l></v></tfr></token></tokens></sentence><sentence id="38732"><source>Он Будет Играть Главную Роль.</source><tokens><token id="690908" text="Он"><tfr rev_id="3575812" t="Он"><v><l id="206541" t="он"><g v="NPRO"></g><g v="masc"></g><g v="3per"></g><g v="Anph"></g><g v="sing"></g><g v="nomn"></g></l></v></tfr></token><token id="690909" text="Будет"><tfr rev_id="1522773" t="Будет"><v><l id="37265" t="есть"><g v="VERB"></g><g v="impf"></g><g v="intr"></g><g v="sing"></g><g v="3per"></g><g v="futr"></g><g v="indc"></g></l></v></tfr></token><token id="690910" text="Играть"><tfr rev_id="1522774" t="Играть"><v><l id="117312" t="играть"><g v="INFN"></g><g v="impf"></g><g v="tran"></g></l></v></tfr></token><token id="690911" text="Главную"><tfr rev_id="1522775" t="Главную"><v><l id="70842" t="главный"><g v="ADJF"></g><g v="Qual"></g><g v="femn"></g><g v="sing"></g><g v="accs"></g></l></v></tfr></token><token id="690912" text="Роль"><tfr rev_id="3506618" t="Роль"><v><l id="308800" t="роль"><g v="NOUN"></g><g v="inan"></g><g v="femn"></g><g v="sing"></g><g v="nomn"></g></l></v><v><l id="308800" t="роль"><g v="NOUN"></g><g v="inan"></g><g v="femn"></g><g v="sing"></g><g v="accs"></g></l></v></tfr></token><token id="690913" text="."><tfr rev_id="1522777" t="."><v><l id="0" t="."><g v="PNCT"></g></l></v></tfr></token></tokens></sentence><sentence id="38733"><source>Тут.</source><tokens><token id="690914" text="Тут"><tfr rev_id="4150682" t="Тут"><v><l id="351923" t="тут"><g v="ADVB"></g><g v="Dmns"></g></l></v></tfr></token><token id="690915" text="."><tfr rev_id="1522779" t="."><v><l id="0" t="."><g v="PNCT"></g></l></v></tfr></token></tokens></sentence></paragraph><paragraph id="12399"><sentence id="38734"><source>И вот, облачённый в костюм зайчика из довольно дурного, но чем-то очень грустного и концептуально-комедийного фильма"Тупой жирный заяц", входит Никита Сергеич св[я|е]т наш Михалков, и со словами"Раз два три четыре пять!"начинает очередной дубль сериала, каждая серия которого - это ещё одна вариация сказочки"Вышел зайчик погулять"</source><tokens><token id="690916" text="И"><tfr rev_id="1522780" t="И"><v><l id="116949" t="и"><g v="CONJ"></g></l></v><v><l id="116950" t="и"><g v="INTJ"></g></l></v></tfr></token><token id="690917" text="вот"><tfr rev_id="3363415" t="вот"><v><l id="52157" t="вот"><g v="PRCL"></g></l></v></tfr></token><token id="690918" text=","><tfr rev_id="1522782" t=","><v><l id="0" t=","><g v="PNCT"></g></l></v></tfr></token><token id="690919" text="облачённый"><tfr rev_id="1522783" t="облачённый"><v><l id="196250" t="облачённый"><g v="PRTF"></g><g v="perf"></g><g v="tran"></g><g v="past"></g><g v="pssv"></g><g v="masc"></g><g v="sing"></g><g v="nomn"></g></l></v><v><l id="196250" t="облачённый"><g v="PRTF"></g><g v="perf"></g><g v="tran"></g><g v="past"></g><g v="pssv"></g><g v="inan"></g><g v="masc"></g><g v="sing"></g><g v="accs"></g></l></v></tfr></token><token id="690920" text="в"><tfr rev_id="1522784" t="в"><v><l id="37409" t="в"><g v="PREP"></g></l></v></tfr></token><token id="690921" text="костюм"><tfr rev_id="3340129" t="костюм"><v><l id="140943" t="костюм"><g v="NOUN"></g><g v="inan"></g><g v="masc"></g><g v="sing"></g><g v="accs"></g></l></v></tfr></token><token id="690922" text="зайчика"><tfr rev_id="4363820" t="зайчика"><v><l id="102815" t="зайчик"><g v="NOUN"></g><g v="anim"></g><g v="masc"></g><g v="sing"></g><g v="gent"></g></l></v><v><l id="102816" t="зайчик"><g v="NOUN"></g><g v="inan"></g><g v="masc"></g><g v="sing"></g><g v="gent"></g></l></v></tfr></token><token id="690923" text="из"><tfr rev_id="2601664" t="из"><v><l id="117677" t="из"><g v="PREP"></g></l></v></tfr></token><token id="690924" text="довольно"><tfr rev_id="1522788" t="довольно"><v><l id="86034" t="довольно"><g v="ADVB"></g><g v="Prdx"></g></l></v><v><l id="86038" t="доволен"><g v="ADJS"></g><g v="Qual"></g><g v="neut"></g><g v="sing"></g></l></v></tfr></token><token id="690925" text="дурного"><tfr rev_id="4426144" t="дурного"><v><l id="93220" t="дурной"><g v="ADJF"></g><g v="Qual"></g><g v="masc"></g><g v="sing"></g><g v="gent"></g></l></v></tfr></token><token id="690926" text=","><tfr rev_id="1522790" t=","><v><l id="0" t=","><g v="PNCT"></g></l></v></tfr></token><token id="690927" text="но"><tfr rev_id="1522791" t="но"><v><l id="191429" t="но"><g v="CONJ"></g></l></v><v><l id="191430" t="но"><g v="INTJ"></g></l></v></tfr></token><token id="690928" text="чем-то"><tfr rev_id="2693992" t="чем-то"><v><l id="377010" t="что-то"><g v="NPRO"></g><g v="neut"></g><g v="sing"></g><g v="ablt"></g></l></v></tfr></token><token id="690929" text="очень"><tfr rev_id="1522793" t="очень"><v><l id="221681" t="очень"><g v="ADVB"></g></l></v></tfr></token><token id="690930" text="грустного"><tfr rev_id="4414871" t="грустного"><v><l id="76132" t="грустный"><g v="ADJF"></g><g v="Qual"></g><g v="masc"></g><g v="sing"></g><g v="gent"></g></l></v></tfr></token><token id="690931" text="и"><tfr rev_id="4082100" t="и"><v><l id="116949" t="и"><g v="CONJ"></g></l></v></tfr></token><token id="690932" text="концептуально-комедийного"><tfr rev_id="1522796" t="концептуально-комедийного"><v><l id="0" t="концептуально-комедийного"><g v="UNKN"></g></l></v></tfr></token><token id="690933" text="фильма"><tfr rev_id="1522797" t="фильма"><v><l id="366005" t="фильм"><g v="NOUN"></g><g v="inan"></g><g v="masc"></g><g v="sing"></g><g v="gent"></g></l></v></tfr></token><token id="690934" text="&quot;"><tfr rev_id="1522798" t="&quot;"><v><l id="0" t="&quot;"><g v="PNCT"></g></l></v></tfr></token><token id="690935" text="Тупой"><tfr rev_id="2635696" t="Тупой"><v><l id="351617" t="тупой"><g v="ADJF"></g><g v="Qual"></g><g v="masc"></g><g v="sing"></g><g v="nomn"></g></l></v><v><l id="351617" t="тупой"><g v="ADJF"></g><g v="Qual"></g><g v="inan"></g><g v="masc"></g><g v="sing"></g><g v="accs"></g></l></v></tfr></token><token id="690936" text="жирный"><tfr rev_id="1522800" t="жирный"><v><l id="97488" t="жирный"><g v="ADJF"></g><g v="Qual"></g><g v="masc"></g><g v="sing"></g><g v="nomn"></g></l></v><v><l id="97488" t="жирный"><g v="ADJF"></g><g v="Qual"></g><g v="inan"></g><g v="masc"></g><g v="sing"></g><g v="accs"></g></l></v></tfr></token><token id="690937" text="заяц"><tfr rev_id="1522801" t="заяц"><v><l id="114339" t="заяц"><g v="NOUN"></g><g v="anim"></g><g v="masc"></g><g v="sing"></g><g v="nomn"></g></l></v></tfr></token><token id="690938" text="&quot;"><tfr rev_id="1522802" t="&quot;"><v><l id="0" t="&quot;"><g v="PNCT"></g></l></v></tfr></token><token id="690939" text=","><tfr rev_id="1522803" t=","><v><l id="0" t=","><g v="PNCT"></g></l></v></tfr></token><token id="690940" text="входит"><tfr rev_id="1522804" t="входит"><v><l id="55354" t="вхожу"><g v="VERB"></g><g v="impf"></g><g v="intr"></g><g v="sing"></g><g v="3per"></g><g v="pres"></g><g v="indc"></g></l></v></tfr></token><token id="690941" text="Никита"><tfr rev_id="1522805" t="Никита"><v><l id="190888" t="никита"><g v="NOUN"></g><g v="anim"></g><g v="masc"></g><g v="Name"></g><g v="sing"></g><g v="nomn"></g></l></v></tfr></token><token id="690942" text="Сергеич"><tfr rev_id="1522806" t="Сергеич"><v><l id="319058" t="сергеич"><g v="NOUN"></g><g v="anim"></g><g v="masc"></g><g v="Patr"></g><g v="Infr"></g><g v="sing"></g><g v="nomn"></g></l></v></tfr></token><token id="690943" text="св"><tfr rev_id="4249329" t="св"><v><l id="0" t="св"><g v="UNKN"></g></l></v></tfr></token><token id="690944" text="["><tfr rev_id="1522808" t="["><v><l id="0" t="["><g v="PNCT"></g></l></v></tfr></token><token id="690945" text="я"><tfr rev_id="4403964" t="я"><v><l id="0" t="я"><g v="UNKN"></g></l></v></tfr></token><token id="690946" text="|"><tfr rev_id="4334358" t="|"><v><l id="0" t="|"><g v="SYMB"></g></l></v></tfr></token><token id="690947" text="е"><tfr rev_id="3543900" t="е"><v><l id="0" t="е"><g v="UNKN"></g></l></v></tfr></token><token id="690948" text="]"><tfr rev_id="1522812" t="]"><v><l id="0" t="]"><g v="PNCT"></g></l></v></tfr></token><token id="690949" text="т"><tfr rev_id="1522813" t="т"><v><l id="0" t="т"><g v="UNKN"></g></l></v></tfr></token><token id="690950" text="наш"><tfr rev_id="1522814" t="наш"><v><l id="178492" t="наш"><g v="ADJF"></g><g v="Apro"></g><g v="masc"></g><g v="sing"></g><g v="nomn"></g></l></v><v><l id="178492" t="наш"><g v="ADJF"></g><g v="Apro"></g><g v="inan"></g><g v="masc"></g><g v="sing"></g><g v="accs"></g></l></v></tfr></token><token id="690951" text="Михалков"><tfr rev_id="1522815" t="Михалков"><v><l id="161232" t="михалков"><g v="NOUN"></g><g v="anim"></g><g v="masc"></g><g v="Sgtm"></g><g v="Surn"></g><g v="sing"></g><g v="nomn"></g></l></v></tfr></token><token id="690952" text=","><tfr rev_id="1522816" t=","><v><l id="0" t=","><g v="PNCT"></g></l></v></tfr></token><token id="690953" text="и"><tfr rev_id="3880476" t="и"><v><l id="116949" t="и"><g v="CONJ"></g></l></v></tfr></token><token id="690954" text="со"><tfr rev_id="2919284" t="со"><v><l id="311151" t="с"><g v="PREP"></g><g v="Vpre"></g></l></v></tfr></token><token id="690955" text="словами"><tfr rev_id="1522819" t="словами"><v><l id="325168" t="слово"><g v="NOUN"></g><g v="inan"></g><g v="neut"></g><g v="plur"></g><g v="ablt"></g></l></v></tfr></token><token id="690956" text="&quot;"><tfr rev_id="1522820" t="&quot;"><v><l id="0" t="&quot;"><g v="PNCT"></g></l></v></tfr></token><token id="690957" text="Раз"><tfr rev_id="4510817" t="Раз"><v><l id="291500" t="раз"><g v="NOUN"></g><g v="inan"></g><g v="masc"></g><g v="sing"></g><g v="nomn"></g></l></v><v><l id="291500" t="раз"><g v="NOUN"></g><g v="inan"></g><g v="masc"></g><g v="sing"></g><g v="accs"></g></l></v></tfr></token><token id="690958" text="два"><tfr rev_id="4450471" t="два"><v><l id="78668" t="два"><g v="NUMR"></g><g v="masc"></g><g v="nomn"></g></l></v><v><l id="78668" t="два"><g v="NUMR"></g><g v="inan"></g><g v="masc"></g><g v="accs"></g></l></v><v><l id="78668" t="два"><g v="NUMR"></g><g v="neut"></g><g v="nomn"></g></l></v><v><l id="78668" t="два"><g v="NUMR"></g><g v="inan"></g><g v="neut"></g><g v="accs"></g></l></v></tfr></token><token id="690959" text="три"><tfr rev_id="2635325" t="три"><v><l id="349973" t="три"><g v="NUMR"></g><g v="nomn"></g></l></v><v><l id="349973" t="три"><g v="NUMR"></g><g v="inan"></g><g v="accs"></g></l></v></tfr></token><token id="690960" text="четыре"><tfr rev_id="1522824" t="четыре"><v><l id="376181" t="четыре"><g v="NUMR"></g><g v="nomn"></g></l></v><v><l id="376181" t="четыре"><g v="NUMR"></g><g v="inan"></g><g v="accs"></g></l></v></tfr></token><token id="690961" text="пять"><tfr rev_id="1522825" t="пять"><v><l id="290440" t="пять"><g v="NUMR"></g><g v="nomn"></g></l></v><v><l id="290440" t="пять"><g v="NUMR"></g><g v="accs"></g></l></v></tfr></token><token id="690962" text="!"><tfr rev_id="1522826" t="!"><v><l id="0" t="!"><g v="PNCT"></g></l></v></tfr></token><token id="690963" text="&quot;"><tfr rev_id="1522827" t="&quot;"><v><l id="0" t="&quot;"><g v="PNCT"></g></l></v></tfr></token><token id="690964" text="начинает"><tfr rev_id="1522828" t="начинает"><v><l id="178340" t="начинаю"><g v="VERB"></g><g v="impf"></g><g v="tran"></g><g v="sing"></g><g v="3per"></g><g v="pres"></g><g v="indc"></g></l></v></tfr></token><token id="690965" text="очередной"><tfr rev_id="2635697" t="очередной"><v><l id="221690" t="очередной"><g v="ADJF"></g><g v="masc"></g><g v="sing"></g><g v="nomn"></g></l></v><v><l id="221690" t="очередной"><g v="ADJF"></g><g v="inan"></g><g v="masc"></g><g v="sing"></g><g v="accs"></g></l></v></tfr></token><token id="690966" text="дубль"><tfr rev_id="1522830" t="дубль"><v><l id="92696" t="дубль"><g v="NOUN"></g><g v="inan"></g><g v="masc"></g><g v="sing"></g><g v="nomn"></g></l></v><v><l id="92696" t="дубль"><g v="NOUN"></g><g v="inan"></g><g v="masc"></g><g v="sing"></g><g v="accs"></g></l></v></tfr></token><token id="690967" text="сериала"><tfr rev_id="1522831" t="сериала"><v><l id="319271" t="сериал"><g v="NOUN"></g><g v="inan"></g><g v="masc"></g><g v="sing"></g><g v="gent"></g></l></v></tfr></token><token id="690968" text=","><tfr rev_id="1522832" t=","><v><l id="0" t=","><g v="PNCT"></g></l></v></tfr></token><token id="690969" text="каждая"><tfr rev_id="4430342" t="каждая"><v><l id="127875" t="каждый"><g v="ADJF"></g><g v="Subx"></g><g v="Apro"></g><g v="femn"></g><g v="sing"></g><g v="nomn"></g></l></v></tfr></token><token id="690970" text="серия"><tfr rev_id="1522834" t="серия"><v><l id="319321" t="серия"><g v="NOUN"></g><g v="inan"></g><g v="femn"></g><g v="sing"></g><g v="nomn"></g></l></v></tfr></token><token id="690971" text="которого"><tfr rev_id="3638381" t="которого"><v><l id="141203" t="который"><g v="ADJF"></g><g v="Apro"></g><g v="Subx"></g><g v="Anph"></g><g v="masc"></g><g v="sing"></g><g v="gent"></g></l></v><v><l id="141203" t="который"><g v="ADJF"></g><g v="Apro"></g><g v="Subx"></g><g v="Anph"></g><g v="anim"></g><g v="masc"></g><g v="sing"></g><g v="accs"></g></l></v></tfr></token><token id="690972" text="-"><tfr rev_id="1522836" t="-"><v><l id="0" t="-"><g v="PNCT"></g></l></v></tfr></token><token id="690973" text="это"><tfr rev_id="4441840" t="это"><v><l id="386574" t="это"><g v="PRCL"></g></l></v><v><l id="386575" t="это"><g v="NPRO"></g><g v="neut"></g><g v="sing"></g><g v="nomn"></g></l></v><v><l id="386575" t="это"><g v="NPRO"></g><g v="neut"></g><g v="sing"></g><g v="accs"></g></l></v><v><l id="386581" t="этот"><g v="ADJF"></g><g v="Subx"></g><g v="Apro"></g><g v="Anph"></g><g v="neut"></g><g v="sing"></g><g v="nomn"></g></l></v><v><l id="386581" t="этот"><g v="ADJF"></g><g v="Subx"></g><g v="Apro"></g><g v="Anph"></g><g v="neut"></g><g v="sing"></g><g v="accs"></g></l></v></tfr></token><token id="690974" text="ещё"><tfr rev_id="1522838" t="ещё"><v><l id="95551" t="ещё"><g v="PRCL"></g></l></v><v><l id="95552" t="ещё"><g v="ADVB"></g></l></v></tfr></token><token id="690975" text="одна"><tfr rev_id="4301882" t="одна"><v><l id="203319" t="один"><g v="ADJF"></g><g v="Apro"></g><g v="Anum"></g><g v="femn"></g><g v="sing"></g><g v="nomn"></g></l></v></tfr></token><token id="690976" text="вариация"><tfr rev_id="1522840" t="вариация"><v><l id="38779" t="вариация"><g v="NOUN"></g><g v="inan"></g><g v="femn"></g><g v="sing"></g><g v="nomn"></g></l></v></tfr></token><token id="690977" text="сказочки"><tfr rev_id="3433866" t="сказочки"><v><l id="321549" t="сказочка"><g v="NOUN"></g><g v="inan"></g><g v="femn"></g><g v="sing"></g><g v="gent"></g></l></v></tfr></token><token id="690978" text="&quot;"><tfr rev_id="1522842" t="&quot;"><v><l id="0" t="&quot;"><g v="PNCT"></g></l></v></tfr></token><token id="690979" text="Вышел"><tfr rev_id="1522843" t="Вышел"><v><l id="57749" t="вышел"><g v="VERB"></g><g v="perf"></g><g v="intr"></g><g v="masc"></g><g v="sing"></g><g v="past"></g><g v="indc"></g></l></v></tfr></token><token id="690980" text="зайчик"><tfr rev_id="1522844" t="зайчик"><v><l id="102815" t="зайчик"><g v="NOUN"></g><g v="anim"></g><g v="masc"></g><g v="sing"></g><g v="nomn"></g></l></v><v><l id="102816" t="зайчик"><g v="NOUN"></g><g v="inan"></g><g v="masc"></g><g v="sing"></g><g v="nomn"></g></l></v><v><l id="102816" t="зайчик"><g v="NOUN"></g><g v="inan"></g><g v="masc"></g><g v="sing"></g><g v="accs"></g></l></v></tfr></token><token id="690981" text="погулять"><tfr rev_id="1522845" t="погулять"><v><l id="243744" t="погулять"><g v="INFN"></g><g v="perf"></g><g v="intr"></g></l></v></tfr></token><token id="690982" text="&quot;"><tfr rev_id="1522846" t="&quot;"><v><l id="0" t="&quot;"><g v="PNCT"></g></l></v></tfr></token></tokens></sentence></paragraph><paragraph id="12400"><sentence id="38735"><source>Вот такое оно!</source><tokens><token id="690983" text="Вот"><tfr rev_id="3363416" t="Вот"><v><l id="52157" t="вот"><g v="PRCL"></g></l></v></tfr></token><token id="690984" text="такое"><tfr rev_id="1522848" t="такое"><v><l id="342491" t="такой"><g v="ADJF"></g><g v="Apro"></g><g v="neut"></g><g v="sing"></g><g v="nomn"></g></l></v><v><l id="342491" t="такой"><g v="ADJF"></g><g v="Apro"></g><g v="neut"></g><g v="sing"></g><g v="accs"></g></l></v></tfr></token><token id="690985" text="оно"><tfr rev_id="3590799" t="оно"><v><l id="206649" t="оно"><g v="NPRO"></g><g v="neut"></g><g v="3per"></g><g v="Anph"></g><g v="sing"></g><g v="nomn"></g></l></v></tfr></token><token id="690986" text="!"><tfr rev_id="1522850" t="!"><v><l id="0" t="!"><g v="PNCT"></g></l></v></tfr></token></tokens></sentence></paragraph></paragraphs></text>