<?xml version="1.0" encoding="utf-8"?><text id="1366" parent="226" name="11112 Интеллектуальный эликсир долголетия"><tags><tag>url:http://www.chaskor.ru/news/intellektualnyj_eliksir_dolgoletiya_11112</tag><tag>Год:2009</tag><tag>Дата:07/10</tag><tag>Тема:ЧасКор:Здоровье</tag><tag>Тема:ЧасКор:Здоровье/ЗОЖ</tag></tags><paragraphs><paragraph id="12401"><sentence id="38736"><source>Интеллектуальный эликсир долголетия</source><tokens><token id="690987" text="Интеллектуальный"><tfr rev_id="1522851" t="Интеллектуальный"><v><l id="123066" t="интеллектуальный"><g v="ADJF"></g><g v="Qual"></g><g v="masc"></g><g v="sing"></g><g v="nomn"></g></l></v><v><l id="123066" t="интеллектуальный"><g v="ADJF"></g><g v="Qual"></g><g v="inan"></g><g v="masc"></g><g v="sing"></g><g v="accs"></g></l></v></tfr></token><token id="690988" text="эликсир"><tfr rev_id="1522852" t="эликсир"><v><l id="384768" t="эликсир"><g v="NOUN"></g><g v="inan"></g><g v="masc"></g><g v="sing"></g><g v="nomn"></g></l></v><v><l id="384768" t="эликсир"><g v="NOUN"></g><g v="inan"></g><g v="masc"></g><g v="sing"></g><g v="accs"></g></l></v></tfr></token><token id="690989" text="долголетия"><tfr rev_id="2722145" t="долголетия"><v><l id="87791" t="долголетие"><g v="NOUN"></g><g v="inan"></g><g v="neut"></g><g v="sing"></g><g v="gent"></g></l></v></tfr></token></tokens></sentence><sentence id="38737"><source>Учёные выяснили: чем умнее жена, тем дольше живёт её супруг.</source><tokens><token id="690990" text="Учёные"><tfr rev_id="4260160" t="Учёные"><v><l id="363100" t="учёный"><g v="NOUN"></g><g v="anim"></g><g v="masc"></g><g v="plur"></g><g v="nomn"></g></l></v></tfr></token><token id="690991" text="выяснили"><tfr rev_id="1522855" t="выяснили"><v><l id="64901" t="выяснил"><g v="VERB"></g><g v="perf"></g><g v="tran"></g><g v="plur"></g><g v="past"></g><g v="indc"></g></l></v></tfr></token><token id="690992" text=":"><tfr rev_id="1522856" t=":"><v><l id="0" t=":"><g v="PNCT"></g></l></v></tfr></token><token id="690993" text="чем"><tfr rev_id="4285006" t="чем"><v><l id="375161" t="чем"><g v="CONJ"></g></l></v></tfr></token><token id="690994" text="умнее"><tfr rev_id="1522858" t="умнее"><v><l id="357866" t="умнее"><g v="COMP"></g><g v="Qual"></g></l></v></tfr></token><token id="690995" text="жена"><tfr rev_id="1522859" t="жена"><v><l id="96662" t="жена"><g v="NOUN"></g><g v="anim"></g><g v="femn"></g><g v="sing"></g><g v="nomn"></g></l></v></tfr></token><token id="690996" text=","><tfr rev_id="1522860" t=","><v><l id="0" t=","><g v="PNCT"></g></l></v></tfr></token><token id="690997" text="тем"><tfr rev_id="3772888" t="тем"><v><l id="344449" t="тем"><g v="CONJ"></g></l></v><v><l id="344450" t="тема"><g v="NOUN"></g><g v="inan"></g><g v="femn"></g><g v="plur"></g><g v="gent"></g></l></v><v><l id="348430" t="тот"><g v="ADJF"></g><g v="Subx"></g><g v="Apro"></g><g v="Anph"></g><g v="masc"></g><g v="sing"></g><g v="ablt"></g></l></v><v><l id="348430" t="тот"><g v="ADJF"></g><g v="Subx"></g><g v="Apro"></g><g v="Anph"></g><g v="neut"></g><g v="sing"></g><g v="ablt"></g></l></v><v><l id="348430" t="тот"><g v="ADJF"></g><g v="Subx"></g><g v="Apro"></g><g v="Anph"></g><g v="plur"></g><g v="datv"></g></l></v><v><l id="352311" t="тьма"><g v="NOUN"></g><g v="inan"></g><g v="femn"></g><g v="plur"></g><g v="gent"></g></l></v></tfr></token><token id="690998" text="дольше"><tfr rev_id="1522862" t="дольше"><v><l id="87738" t="дольше"><g v="COMP"></g><g v="Qual"></g></l></v></tfr></token><token id="690999" text="живёт"><tfr rev_id="1522863" t="живёт"><v><l id="97603" t="живу"><g v="VERB"></g><g v="impf"></g><g v="intr"></g><g v="sing"></g><g v="3per"></g><g v="pres"></g><g v="indc"></g></l></v></tfr></token><token id="691000" text="её"><tfr rev_id="4515011" t="её"><v><l id="94433" t="её"><g v="ADJF"></g><g v="Fixd"></g><g v="Apro"></g><g v="Anph"></g><g v="masc"></g><g v="sing"></g><g v="nomn"></g></l></v><v><l id="94433" t="её"><g v="ADJF"></g><g v="Fixd"></g><g v="Apro"></g><g v="Anph"></g><g v="masc"></g><g v="sing"></g><g v="gent"></g></l></v><v><l id="94433" t="её"><g v="ADJF"></g><g v="Fixd"></g><g v="Apro"></g><g v="Anph"></g><g v="masc"></g><g v="sing"></g><g v="datv"></g></l></v><v><l id="94433" t="её"><g v="ADJF"></g><g v="Fixd"></g><g v="Apro"></g><g v="Anph"></g><g v="masc"></g><g v="sing"></g><g v="accs"></g></l></v><v><l id="94433" t="её"><g v="ADJF"></g><g v="Fixd"></g><g v="Apro"></g><g v="Anph"></g><g v="masc"></g><g v="sing"></g><g v="ablt"></g></l></v><v><l id="94433" t="её"><g v="ADJF"></g><g v="Fixd"></g><g v="Apro"></g><g v="Anph"></g><g v="masc"></g><g v="sing"></g><g v="loct"></g></l></v></tfr></token><token id="691001" text="супруг"><tfr rev_id="3474146" t="супруг"><v><l id="339818" t="супруг"><g v="NOUN"></g><g v="anim"></g><g v="masc"></g><g v="sing"></g><g v="nomn"></g></l></v></tfr></token><token id="691002" text="."><tfr rev_id="1522866" t="."><v><l id="0" t="."><g v="PNCT"></g></l></v></tfr></token></tokens></sentence></paragraph><paragraph id="12402"><sentence id="38738"><source>Учёные из Стокгольмского университета убеждены: умная жена продлевает жизнь своему мужчине.</source><tokens><token id="691003" text="Учёные"><tfr rev_id="4260161" t="Учёные"><v><l id="363100" t="учёный"><g v="NOUN"></g><g v="anim"></g><g v="masc"></g><g v="plur"></g><g v="nomn"></g></l></v></tfr></token><token id="691004" text="из"><tfr rev_id="2603719" t="из"><v><l id="117677" t="из"><g v="PREP"></g></l></v></tfr></token><token id="691005" text="Стокгольмского"><tfr rev_id="3881247" t="Стокгольмского"><v><l id="336501" t="стокгольмский"><g v="ADJF"></g><g v="Geox"></g><g v="masc"></g><g v="sing"></g><g v="gent"></g></l></v><v><l id="336501" t="стокгольмский"><g v="ADJF"></g><g v="Geox"></g><g v="anim"></g><g v="masc"></g><g v="sing"></g><g v="accs"></g></l></v></tfr></token><token id="691006" text="университета"><tfr rev_id="1522870" t="университета"><v><l id="358281" t="университет"><g v="NOUN"></g><g v="inan"></g><g v="masc"></g><g v="sing"></g><g v="gent"></g></l></v></tfr></token><token id="691007" text="убеждены"><tfr rev_id="1522871" t="убеждены"><v><l id="352903" t="убеждён"><g v="PRTS"></g><g v="perf"></g><g v="past"></g><g v="pssv"></g><g v="plur"></g></l></v></tfr></token><token id="691008" text=":"><tfr rev_id="1522872" t=":"><v><l id="0" t=":"><g v="PNCT"></g></l></v></tfr></token><token id="691009" text="умная"><tfr rev_id="1522873" t="умная"><v><l id="357862" t="умный"><g v="ADJF"></g><g v="Qual"></g><g v="femn"></g><g v="sing"></g><g v="nomn"></g></l></v></tfr></token><token id="691010" text="жена"><tfr rev_id="1522874" t="жена"><v><l id="96662" t="жена"><g v="NOUN"></g><g v="anim"></g><g v="femn"></g><g v="sing"></g><g v="nomn"></g></l></v></tfr></token><token id="691011" text="продлевает"><tfr rev_id="1522875" t="продлевает"><v><l id="279147" t="продлеваю"><g v="VERB"></g><g v="impf"></g><g v="tran"></g><g v="sing"></g><g v="3per"></g><g v="pres"></g><g v="indc"></g></l></v></tfr></token><token id="691012" text="жизнь"><tfr rev_id="4101992" t="жизнь"><v><l id="97314" t="жизнь"><g v="NOUN"></g><g v="inan"></g><g v="femn"></g><g v="sing"></g><g v="accs"></g></l></v></tfr></token><token id="691013" text="своему"><tfr rev_id="4094332" t="своему"><v><l id="316379" t="свой"><g v="ADJF"></g><g v="Apro"></g><g v="Anph"></g><g v="masc"></g><g v="sing"></g><g v="datv"></g></l></v></tfr></token><token id="691014" text="мужчине"><tfr rev_id="3226417" t="мужчине"><v><l id="164766" t="мужчина"><g v="NOUN"></g><g v="anim"></g><g v="masc"></g><g v="sing"></g><g v="datv"></g></l></v></tfr></token><token id="691015" text="."><tfr rev_id="1522879" t="."><v><l id="0" t="."><g v="PNCT"></g></l></v></tfr></token></tokens></sentence><sentence id="38739"><source>К этому выводу специалисты пришли, обследовав полтора миллиона семейных пар в возрасте от 30 до 59 лет.</source><tokens><token id="691016" text="К"><tfr rev_id="1522880" t="К"><v><l id="127460" t="к"><g v="PREP"></g></l></v></tfr></token><token id="691017" text="этому"><tfr rev_id="4434543" t="этому"><v><l id="386581" t="этот"><g v="ADJF"></g><g v="Subx"></g><g v="Apro"></g><g v="Anph"></g><g v="masc"></g><g v="sing"></g><g v="datv"></g></l></v></tfr></token><token id="691018" text="выводу"><tfr rev_id="1522882" t="выводу"><v><l id="56345" t="вывод"><g v="NOUN"></g><g v="inan"></g><g v="masc"></g><g v="sing"></g><g v="datv"></g></l></v></tfr></token><token id="691019" text="специалисты"><tfr rev_id="1522883" t="специалисты"><v><l id="331871" t="специалист"><g v="NOUN"></g><g v="anim"></g><g v="masc"></g><g v="plur"></g><g v="nomn"></g></l></v></tfr></token><token id="691020" text="пришли"><tfr rev_id="1522884" t="пришли"><v><l id="270737" t="пришёл"><g v="VERB"></g><g v="perf"></g><g v="intr"></g><g v="plur"></g><g v="past"></g><g v="indc"></g></l></v><v><l id="274244" t="прислал"><g v="VERB"></g><g v="perf"></g><g v="tran"></g><g v="sing"></g><g v="impr"></g><g v="excl"></g></l></v></tfr></token><token id="691021" text=","><tfr rev_id="1522885" t=","><v><l id="0" t=","><g v="PNCT"></g></l></v></tfr></token><token id="691022" text="обследовав"><tfr rev_id="1522886" t="обследовав"><v><l id="199753" t="обследовав"><g v="GRND"></g><g v="perf"></g><g v="tran"></g><g v="past"></g></l></v><v><l id="199754" t="обследуя"><g v="GRND"></g><g v="impf"></g><g v="tran"></g><g v="past"></g></l></v></tfr></token><token id="691023" text="полтора"><tfr rev_id="1522887" t="полтора"><v><l id="256572" t="полтора"><g v="NUMR"></g><g v="masc"></g><g v="nomn"></g></l></v><v><l id="256572" t="полтора"><g v="NUMR"></g><g v="masc"></g><g v="accs"></g></l></v><v><l id="256572" t="полтора"><g v="NUMR"></g><g v="neut"></g><g v="nomn"></g></l></v><v><l id="256572" t="полтора"><g v="NUMR"></g><g v="neut"></g><g v="accs"></g></l></v></tfr></token><token id="691024" text="миллиона"><tfr rev_id="1522888" t="миллиона"><v><l id="160260" t="миллион"><g v="NOUN"></g><g v="inan"></g><g v="masc"></g><g v="sing"></g><g v="gent"></g></l></v></tfr></token><token id="691025" text="семейных"><tfr rev_id="3824203" t="семейных"><v><l id="318495" t="семейный"><g v="ADJF"></g><g v="Qual"></g><g v="plur"></g><g v="gent"></g></l></v></tfr></token><token id="691026" text="пар"><tfr rev_id="3440546" t="пар"><v><l id="223626" t="пара"><g v="NOUN"></g><g v="inan"></g><g v="femn"></g><g v="plur"></g><g v="gent"></g></l></v></tfr></token><token id="691027" text="в"><tfr rev_id="1522891" t="в"><v><l id="37409" t="в"><g v="PREP"></g></l></v></tfr></token><token id="691028" text="возрасте"><tfr rev_id="1522892" t="возрасте"><v><l id="49611" t="возраст"><g v="NOUN"></g><g v="inan"></g><g v="masc"></g><g v="sing"></g><g v="loct"></g></l></v></tfr></token><token id="691029" text="от"><tfr rev_id="1522893" t="от"><v><l id="211644" t="от"><g v="PREP"></g></l></v></tfr></token><token id="691030" text="30"><tfr rev_id="2462809" t="30"><v><l id="0" t="30"><g v="NUMB"></g></l></v></tfr></token><token id="691031" text="до"><tfr rev_id="1522895" t="до"><v><l id="85153" t="до"><g v="PREP"></g></l></v></tfr></token><token id="691032" text="59"><tfr rev_id="2462810" t="59"><v><l id="0" t="59"><g v="NUMB"></g></l></v></tfr></token><token id="691033" text="лет"><tfr rev_id="3469581" t="лет"><v><l id="72149" t="год"><g v="NOUN"></g><g v="inan"></g><g v="masc"></g><g v="plur"></g><g v="gent"></g></l></v></tfr></token><token id="691034" text="."><tfr rev_id="1522898" t="."><v><l id="0" t="."><g v="PNCT"></g></l></v></tfr></token></tokens></sentence><sentence id="38740"><source>Для исследования были использованы статистические данные, собранные на протяжении 13 лет.</source><tokens><token id="691035" text="Для"><tfr rev_id="3452850" t="Для"><v><l id="85032" t="для"><g v="PREP"></g></l></v></tfr></token><token id="691036" text="исследования"><tfr rev_id="3504808" t="исследования"><v><l id="125799" t="исследование"><g v="NOUN"></g><g v="inan"></g><g v="neut"></g><g v="sing"></g><g v="gent"></g></l></v></tfr></token><token id="691037" text="были"><tfr rev_id="1715637" t="были"><v><l id="37265" t="есть"><g v="VERB"></g><g v="impf"></g><g v="intr"></g><g v="plur"></g><g v="past"></g><g v="indc"></g></l></v></tfr></token><token id="691038" text="использованы"><tfr rev_id="1522902" t="использованы"><v><l id="125429" t="использован"><g v="PRTS"></g><g v="perf"></g><g v="past"></g><g v="pssv"></g><g v="plur"></g></l></v><v><l id="125430" t="использован"><g v="PRTS"></g><g v="impf"></g><g v="past"></g><g v="pssv"></g><g v="plur"></g></l></v></tfr></token><token id="691039" text="статистические"><tfr rev_id="3767307" t="статистические"><v><l id="335115" t="статистический"><g v="ADJF"></g><g v="plur"></g><g v="nomn"></g></l></v></tfr></token><token id="691040" text="данные"><tfr rev_id="4535765" t="данные"><v><l id="78302" t="данные"><g v="NOUN"></g><g v="inan"></g><g v="GNdr"></g><g v="Pltm"></g><g v="plur"></g><g v="nomn"></g></l></v><v><l id="78302" t="данные"><g v="NOUN"></g><g v="inan"></g><g v="GNdr"></g><g v="Pltm"></g><g v="plur"></g><g v="accs"></g></l></v></tfr></token><token id="691041" text=","><tfr rev_id="1522905" t=","><v><l id="0" t=","><g v="PNCT"></g></l></v></tfr></token><token id="691042" text="собранные"><tfr rev_id="1522906" t="собранные"><v><l id="327810" t="собранный"><g v="ADJF"></g><g v="Qual"></g><g v="plur"></g><g v="nomn"></g></l></v><v><l id="327810" t="собранный"><g v="ADJF"></g><g v="Qual"></g><g v="inan"></g><g v="plur"></g><g v="accs"></g></l></v><v><l id="327820" t="собранный"><g v="PRTF"></g><g v="perf"></g><g v="tran"></g><g v="past"></g><g v="pssv"></g><g v="plur"></g><g v="nomn"></g></l></v><v><l id="327820" t="собранный"><g v="PRTF"></g><g v="perf"></g><g v="tran"></g><g v="past"></g><g v="pssv"></g><g v="inan"></g><g v="plur"></g><g v="accs"></g></l></v></tfr></token><token id="691043" text="на"><tfr rev_id="2913101" t="на"><v><l id="166264" t="на"><g v="PREP"></g></l></v><v><l id="388676" t="на"><g v="INTJ"></g></l></v></tfr></token><token id="691044" text="протяжении"><tfr rev_id="1522908" t="протяжении"><v><l id="286786" t="протяжение"><g v="NOUN"></g><g v="inan"></g><g v="neut"></g><g v="sing"></g><g v="loct"></g></l></v></tfr></token><token id="691045" text="13"><tfr rev_id="2462811" t="13"><v><l id="0" t="13"><g v="NUMB"></g></l></v></tfr></token><token id="691046" text="лет"><tfr rev_id="3264518" t="лет"><v><l id="72149" t="год"><g v="NOUN"></g><g v="inan"></g><g v="masc"></g><g v="plur"></g><g v="gent"></g></l></v></tfr></token><token id="691047" text="."><tfr rev_id="1522911" t="."><v><l id="0" t="."><g v="PNCT"></g></l></v></tfr></token></tokens></sentence><sentence id="38741"><source>Специалистов интересовали продолжительность жизни и причины смерти супругов.</source><tokens><token id="691048" text="Специалистов"><tfr rev_id="3540922" t="Специалистов"><v><l id="331871" t="специалист"><g v="NOUN"></g><g v="anim"></g><g v="masc"></g><g v="plur"></g><g v="accs"></g></l></v></tfr></token><token id="691049" text="интересовали"><tfr rev_id="1522913" t="интересовали"><v><l id="123176" t="интересую"><g v="VERB"></g><g v="impf"></g><g v="tran"></g><g v="plur"></g><g v="past"></g><g v="indc"></g></l></v><v><l id="123185" t="интересую"><g v="VERB"></g><g v="impf"></g><g v="intr"></g><g v="plur"></g><g v="past"></g><g v="indc"></g></l></v></tfr></token><token id="691050" text="продолжительность"><tfr rev_id="1522914" t="продолжительность"><v><l id="279228" t="продолжительность"><g v="NOUN"></g><g v="inan"></g><g v="femn"></g><g v="sing"></g><g v="nomn"></g></l></v><v><l id="279228" t="продолжительность"><g v="NOUN"></g><g v="inan"></g><g v="femn"></g><g v="sing"></g><g v="accs"></g></l></v></tfr></token><token id="691051" text="жизни"><tfr rev_id="3887763" t="жизни"><v><l id="97314" t="жизнь"><g v="NOUN"></g><g v="inan"></g><g v="femn"></g><g v="sing"></g><g v="gent"></g></l></v></tfr></token><token id="691052" text="и"><tfr rev_id="4092903" t="и"><v><l id="116949" t="и"><g v="CONJ"></g></l></v></tfr></token><token id="691053" text="причины"><tfr rev_id="3797911" t="причины"><v><l id="276522" t="причина"><g v="NOUN"></g><g v="inan"></g><g v="femn"></g><g v="plur"></g><g v="nomn"></g></l></v></tfr></token><token id="691054" text="смерти"><tfr rev_id="4179398" t="смерти"><v><l id="326158" t="смерть"><g v="NOUN"></g><g v="inan"></g><g v="femn"></g><g v="sing"></g><g v="gent"></g></l></v></tfr></token><token id="691055" text="супругов"><tfr rev_id="2928435" t="супругов"><v><l id="339818" t="супруг"><g v="NOUN"></g><g v="anim"></g><g v="masc"></g><g v="plur"></g><g v="gent"></g></l></v><v><l id="339820" t="супруги"><g v="NOUN"></g><g v="anim"></g><g v="GNdr"></g><g v="Pltm"></g><g v="plur"></g><g v="gent"></g></l></v></tfr></token><token id="691056" text="."><tfr rev_id="1522920" t="."><v><l id="0" t="."><g v="PNCT"></g></l></v></tfr></token></tokens></sentence><sentence id="38742"><source>Оказалось, что чем выше интеллект жены, тем дольше живёт муж.</source><tokens><token id="691057" text="Оказалось"><tfr rev_id="1522921" t="Оказалось"><v><l id="204462" t="оказался"><g v="VERB"></g><g v="perf"></g><g v="intr"></g><g v="neut"></g><g v="sing"></g><g v="past"></g><g v="indc"></g></l></v></tfr></token><token id="691058" text=","><tfr rev_id="1522922" t=","><v><l id="0" t=","><g v="PNCT"></g></l></v></tfr></token><token id="691059" text="что"><tfr rev_id="3197688" t="что"><v><l id="377004" t="что"><g v="CONJ"></g></l></v><v><l id="377005" t="что"><g v="NPRO"></g><g v="neut"></g><g v="sing"></g><g v="nomn"></g></l></v><v><l id="377005" t="что"><g v="NPRO"></g><g v="neut"></g><g v="sing"></g><g v="accs"></g></l></v><v><l id="377006" t="что"><g v="ADVB"></g><g v="Ques"></g></l></v><v><l id="388695" t="что"><g v="PRCL"></g></l></v></tfr></token><token id="691060" text="чем"><tfr rev_id="4331941" t="чем"><v><l id="375161" t="чем"><g v="CONJ"></g></l></v></tfr></token><token id="691061" text="выше"><tfr rev_id="1522925" t="выше"><v><l id="62139" t="выше"><g v="COMP"></g><g v="Qual"></g></l></v><v><l id="64413" t="выша"><g v="NOUN"></g><g v="inan"></g><g v="femn"></g><g v="Sgtm"></g><g v="Geox"></g><g v="sing"></g><g v="datv"></g></l></v><v><l id="64413" t="выша"><g v="NOUN"></g><g v="inan"></g><g v="femn"></g><g v="Sgtm"></g><g v="Geox"></g><g v="sing"></g><g v="loct"></g></l></v><v><l id="64505" t="выше"><g v="PREP"></g></l></v><v><l id="64506" t="выше"><g v="ADVB"></g></l></v></tfr></token><token id="691062" text="интеллект"><tfr rev_id="4209689" t="интеллект"><v><l id="123058" t="интеллект"><g v="NOUN"></g><g v="inan"></g><g v="masc"></g><g v="sing"></g><g v="nomn"></g></l></v></tfr></token><token id="691063" text="жены"><tfr rev_id="3503540" t="жены"><v><l id="96662" t="жена"><g v="NOUN"></g><g v="anim"></g><g v="femn"></g><g v="sing"></g><g v="gent"></g></l></v></tfr></token><token id="691064" text=","><tfr rev_id="1522928" t=","><v><l id="0" t=","><g v="PNCT"></g></l></v></tfr></token><token id="691065" text="тем"><tfr rev_id="4492619" t="тем"><v><l id="344449" t="тем"><g v="CONJ"></g></l></v></tfr></token><token id="691066" text="дольше"><tfr rev_id="1522930" t="дольше"><v><l id="87738" t="дольше"><g v="COMP"></g><g v="Qual"></g></l></v></tfr></token><token id="691067" text="живёт"><tfr rev_id="1522931" t="живёт"><v><l id="97603" t="живу"><g v="VERB"></g><g v="impf"></g><g v="intr"></g><g v="sing"></g><g v="3per"></g><g v="pres"></g><g v="indc"></g></l></v></tfr></token><token id="691068" text="муж"><tfr rev_id="4280323" t="муж"><v><l id="164704" t="муж"><g v="NOUN"></g><g v="anim"></g><g v="masc"></g><g v="sing"></g><g v="nomn"></g></l></v></tfr></token><token id="691069" text="."><tfr rev_id="1522933" t="."><v><l id="0" t="."><g v="PNCT"></g></l></v></tfr></token></tokens></sentence><sentence id="38743"><source>При этом его собственный интеллект на продолжительность жизни никакого влияния не оказывает.</source><tokens><token id="691070" text="При"><tfr rev_id="2601303" t="При"><v><l id="268625" t="при"><g v="PREP"></g></l></v></tfr></token><token id="691071" text="этом"><tfr rev_id="3272512" t="этом"><v><l id="386575" t="это"><g v="NPRO"></g><g v="neut"></g><g v="sing"></g><g v="loct"></g></l></v></tfr></token><token id="691072" text="его"><tfr rev_id="4511079" t="его"><v><l id="94208" t="его"><g v="ADJF"></g><g v="Fixd"></g><g v="Apro"></g><g v="Anph"></g><g v="masc"></g><g v="sing"></g><g v="nomn"></g></l></v><v><l id="94208" t="его"><g v="ADJF"></g><g v="Fixd"></g><g v="Apro"></g><g v="Anph"></g><g v="masc"></g><g v="sing"></g><g v="gent"></g></l></v><v><l id="94208" t="его"><g v="ADJF"></g><g v="Fixd"></g><g v="Apro"></g><g v="Anph"></g><g v="masc"></g><g v="sing"></g><g v="datv"></g></l></v><v><l id="94208" t="его"><g v="ADJF"></g><g v="Fixd"></g><g v="Apro"></g><g v="Anph"></g><g v="masc"></g><g v="sing"></g><g v="accs"></g></l></v><v><l id="94208" t="его"><g v="ADJF"></g><g v="Fixd"></g><g v="Apro"></g><g v="Anph"></g><g v="masc"></g><g v="sing"></g><g v="ablt"></g></l></v><v><l id="94208" t="его"><g v="ADJF"></g><g v="Fixd"></g><g v="Apro"></g><g v="Anph"></g><g v="masc"></g><g v="sing"></g><g v="loct"></g></l></v><v><l id="94208" t="его"><g v="ADJF"></g><g v="Fixd"></g><g v="Apro"></g><g v="Anph"></g><g v="femn"></g><g v="sing"></g><g v="nomn"></g></l></v><v><l id="94208" t="его"><g v="ADJF"></g><g v="Fixd"></g><g v="Apro"></g><g v="Anph"></g><g v="femn"></g><g v="sing"></g><g v="gent"></g></l></v><v><l id="94208" t="его"><g v="ADJF"></g><g v="Fixd"></g><g v="Apro"></g><g v="Anph"></g><g v="femn"></g><g v="sing"></g><g v="datv"></g></l></v><v><l id="94208" t="его"><g v="ADJF"></g><g v="Fixd"></g><g v="Apro"></g><g v="Anph"></g><g v="femn"></g><g v="sing"></g><g v="accs"></g></l></v><v><l id="94208" t="его"><g v="ADJF"></g><g v="Fixd"></g><g v="Apro"></g><g v="Anph"></g><g v="femn"></g><g v="sing"></g><g v="ablt"></g></l></v><v><l id="94208" t="его"><g v="ADJF"></g><g v="Fixd"></g><g v="Apro"></g><g v="Anph"></g><g v="femn"></g><g v="sing"></g><g v="loct"></g></l></v><v><l id="94208" t="его"><g v="ADJF"></g><g v="Fixd"></g><g v="Apro"></g><g v="Anph"></g><g v="neut"></g><g v="sing"></g><g v="nomn"></g></l></v><v><l id="94208" t="его"><g v="ADJF"></g><g v="Fixd"></g><g v="Apro"></g><g v="Anph"></g><g v="neut"></g><g v="sing"></g><g v="gent"></g></l></v><v><l id="94208" t="его"><g v="ADJF"></g><g v="Fixd"></g><g v="Apro"></g><g v="Anph"></g><g v="neut"></g><g v="sing"></g><g v="datv"></g></l></v><v><l id="94208" t="его"><g v="ADJF"></g><g v="Fixd"></g><g v="Apro"></g><g v="Anph"></g><g v="neut"></g><g v="sing"></g><g v="accs"></g></l></v><v><l id="94208" t="его"><g v="ADJF"></g><g v="Fixd"></g><g v="Apro"></g><g v="Anph"></g><g v="neut"></g><g v="sing"></g><g v="ablt"></g></l></v><v><l id="94208" t="его"><g v="ADJF"></g><g v="Fixd"></g><g v="Apro"></g><g v="Anph"></g><g v="neut"></g><g v="sing"></g><g v="loct"></g></l></v></tfr></token><token id="691073" text="собственный"><tfr rev_id="1522937" t="собственный"><v><l id="327840" t="собственный"><g v="ADJF"></g><g v="masc"></g><g v="sing"></g><g v="nomn"></g></l></v><v><l id="327840" t="собственный"><g v="ADJF"></g><g v="inan"></g><g v="masc"></g><g v="sing"></g><g v="accs"></g></l></v></tfr></token><token id="691074" text="интеллект"><tfr rev_id="4379948" t="интеллект"><v><l id="123058" t="интеллект"><g v="NOUN"></g><g v="inan"></g><g v="masc"></g><g v="sing"></g><g v="nomn"></g></l></v></tfr></token><token id="691075" text="на"><tfr rev_id="3334414" t="на"><v><l id="166264" t="на"><g v="PREP"></g></l></v></tfr></token><token id="691076" text="продолжительность"><tfr rev_id="2782380" t="продолжительность"><v><l id="279228" t="продолжительность"><g v="NOUN"></g><g v="inan"></g><g v="femn"></g><g v="sing"></g><g v="accs"></g></l></v></tfr></token><token id="691077" text="жизни"><tfr rev_id="4288143" t="жизни"><v><l id="97314" t="жизнь"><g v="NOUN"></g><g v="inan"></g><g v="femn"></g><g v="sing"></g><g v="gent"></g></l></v></tfr></token><token id="691078" text="никакого"><tfr rev_id="4204973" t="никакого"><v><l id="190841" t="никакой"><g v="ADJF"></g><g v="Apro"></g><g v="neut"></g><g v="sing"></g><g v="gent"></g></l></v></tfr></token><token id="691079" text="влияния"><tfr rev_id="3434835" t="влияния"><v><l id="46951" t="влияние"><g v="NOUN"></g><g v="inan"></g><g v="neut"></g><g v="sing"></g><g v="gent"></g></l></v></tfr></token><token id="691080" text="не"><tfr rev_id="1522944" t="не"><v><l id="178876" t="не"><g v="PRCL"></g></l></v></tfr></token><token id="691081" text="оказывает"><tfr rev_id="1522945" t="оказывает"><v><l id="204467" t="оказываю"><g v="VERB"></g><g v="impf"></g><g v="tran"></g><g v="sing"></g><g v="3per"></g><g v="pres"></g><g v="indc"></g></l></v></tfr></token><token id="691082" text="."><tfr rev_id="1522946" t="."><v><l id="0" t="."><g v="PNCT"></g></l></v></tfr></token></tokens></sentence></paragraph><paragraph id="12403"><sentence id="38744"><source>Сами учёные объяснили это следующим образом:</source><tokens><token id="691083" text="Сами"><tfr rev_id="4082769" t="Сами"><v><l id="312034" t="сам"><g v="ADJF"></g><g v="Apro"></g><g v="plur"></g><g v="nomn"></g></l></v></tfr></token><token id="691084" text="учёные"><tfr rev_id="4260162" t="учёные"><v><l id="363100" t="учёный"><g v="NOUN"></g><g v="anim"></g><g v="masc"></g><g v="plur"></g><g v="nomn"></g></l></v></tfr></token><token id="691085" text="объяснили"><tfr rev_id="1522949" t="объяснили"><v><l id="201923" t="объяснил"><g v="VERB"></g><g v="perf"></g><g v="tran"></g><g v="plur"></g><g v="past"></g><g v="indc"></g></l></v></tfr></token><token id="691086" text="это"><tfr rev_id="4441841" t="это"><v><l id="386574" t="это"><g v="PRCL"></g></l></v><v><l id="386575" t="это"><g v="NPRO"></g><g v="neut"></g><g v="sing"></g><g v="nomn"></g></l></v><v><l id="386575" t="это"><g v="NPRO"></g><g v="neut"></g><g v="sing"></g><g v="accs"></g></l></v><v><l id="386581" t="этот"><g v="ADJF"></g><g v="Subx"></g><g v="Apro"></g><g v="Anph"></g><g v="neut"></g><g v="sing"></g><g v="nomn"></g></l></v><v><l id="386581" t="этот"><g v="ADJF"></g><g v="Subx"></g><g v="Apro"></g><g v="Anph"></g><g v="neut"></g><g v="sing"></g><g v="accs"></g></l></v></tfr></token><token id="691087" text="следующим"><tfr rev_id="1522951" t="следующим"><v><l id="324749" t="следующий"><g v="PRTF"></g><g v="impf"></g><g v="intr"></g><g v="pres"></g><g v="actv"></g><g v="masc"></g><g v="sing"></g><g v="ablt"></g></l></v><v><l id="324749" t="следующий"><g v="PRTF"></g><g v="impf"></g><g v="intr"></g><g v="pres"></g><g v="actv"></g><g v="neut"></g><g v="sing"></g><g v="ablt"></g></l></v><v><l id="324749" t="следующий"><g v="PRTF"></g><g v="impf"></g><g v="intr"></g><g v="pres"></g><g v="actv"></g><g v="plur"></g><g v="datv"></g></l></v><v><l id="324769" t="следующий"><g v="ADJF"></g><g v="masc"></g><g v="sing"></g><g v="ablt"></g></l></v><v><l id="324769" t="следующий"><g v="ADJF"></g><g v="neut"></g><g v="sing"></g><g v="ablt"></g></l></v><v><l id="324769" t="следующий"><g v="ADJF"></g><g v="plur"></g><g v="datv"></g></l></v></tfr></token><token id="691088" text="образом"><tfr rev_id="1522952" t="образом"><v><l id="198787" t="образ"><g v="NOUN"></g><g v="inan"></g><g v="masc"></g><g v="sing"></g><g v="ablt"></g></l></v></tfr></token><token id="691089" text=":"><tfr rev_id="1522953" t=":"><v><l id="0" t=":"><g v="PNCT"></g></l></v></tfr></token></tokens></sentence><sentence id="38745"><source>«Традиционно женщина несёт значительно большую часть ответственности за дом, нежели мужчина.</source><tokens><token id="691090" text="«"><tfr rev_id="2446842" t="«"><v><l id="0" t="«"><g v="PNCT"></g></l></v></tfr></token><token id="691091" text="Традиционно"><tfr rev_id="3646884" t="Традиционно"><v><l id="388629" t="традиционно"><g v="ADVB"></g></l></v></tfr></token><token id="691092" text="женщина"><tfr rev_id="1522956" t="женщина"><v><l id="96749" t="женщина"><g v="NOUN"></g><g v="anim"></g><g v="femn"></g><g v="sing"></g><g v="nomn"></g></l></v></tfr></token><token id="691093" text="несёт"><tfr rev_id="1522957" t="несёт"><v><l id="188677" t="несу"><g v="VERB"></g><g v="impf"></g><g v="tran"></g><g v="sing"></g><g v="3per"></g><g v="pres"></g><g v="indc"></g></l></v></tfr></token><token id="691094" text="значительно"><tfr rev_id="1522958" t="значительно"><v><l id="116024" t="значительно"><g v="ADVB"></g></l></v><v><l id="116028" t="значителен"><g v="ADJS"></g><g v="Qual"></g><g v="neut"></g><g v="sing"></g></l></v></tfr></token><token id="691095" text="большую"><tfr rev_id="4534438" t="большую"><v><l id="32439" t="больший"><g v="ADJF"></g><g v="Qual"></g><g v="femn"></g><g v="sing"></g><g v="accs"></g></l></v><v><l id="32445" t="большой"><g v="ADJF"></g><g v="Qual"></g><g v="femn"></g><g v="sing"></g><g v="accs"></g></l></v></tfr></token><token id="691096" text="часть"><tfr rev_id="3949309" t="часть"><v><l id="374820" t="часть"><g v="NOUN"></g><g v="inan"></g><g v="femn"></g><g v="sing"></g><g v="accs"></g></l></v></tfr></token><token id="691097" text="ответственности"><tfr rev_id="4177318" t="ответственности"><v><l id="212442" t="ответственность"><g v="NOUN"></g><g v="inan"></g><g v="femn"></g><g v="sing"></g><g v="gent"></g></l></v></tfr></token><token id="691098" text="за"><tfr rev_id="1522962" t="за"><v><l id="98043" t="за"><g v="PREP"></g></l></v></tfr></token><token id="691099" text="дом"><tfr rev_id="1522963" t="дом"><v><l id="88152" t="дом"><g v="NOUN"></g><g v="inan"></g><g v="masc"></g><g v="sing"></g><g v="nomn"></g></l></v><v><l id="88152" t="дом"><g v="NOUN"></g><g v="inan"></g><g v="masc"></g><g v="sing"></g><g v="accs"></g></l></v></tfr></token><token id="691100" text=","><tfr rev_id="1522964" t=","><v><l id="0" t=","><g v="PNCT"></g></l></v></tfr></token><token id="691101" text="нежели"><tfr rev_id="1522965" t="нежели"><v><l id="182018" t="нежели"><g v="CONJ"></g></l></v></tfr></token><token id="691102" text="мужчина"><tfr rev_id="1522966" t="мужчина"><v><l id="164766" t="мужчина"><g v="NOUN"></g><g v="anim"></g><g v="masc"></g><g v="sing"></g><g v="nomn"></g></l></v></tfr></token><token id="691103" text="."><tfr rev_id="1522967" t="."><v><l id="0" t="."><g v="PNCT"></g></l></v></tfr></token></tokens></sentence><sentence id="38746"><source>В результате образовательный уровень женщины имеет более важное значение, так как именно она принимает решения относительно питания и образа жизни супругов».</source><tokens><token id="691104" text="В"><tfr rev_id="1522968" t="В"><v><l id="37409" t="в"><g v="PREP"></g></l></v></tfr></token><token id="691105" text="результате"><tfr rev_id="1522969" t="результате"><v><l id="305391" t="результат"><g v="NOUN"></g><g v="inan"></g><g v="masc"></g><g v="sing"></g><g v="loct"></g></l></v></tfr></token><token id="691106" text="образовательный"><tfr rev_id="1522970" t="образовательный"><v><l id="198807" t="образовательный"><g v="ADJF"></g><g v="masc"></g><g v="sing"></g><g v="nomn"></g></l></v><v><l id="198807" t="образовательный"><g v="ADJF"></g><g v="inan"></g><g v="masc"></g><g v="sing"></g><g v="accs"></g></l></v></tfr></token><token id="691107" text="уровень"><tfr rev_id="4097920" t="уровень"><v><l id="359953" t="уровень"><g v="NOUN"></g><g v="inan"></g><g v="masc"></g><g v="sing"></g><g v="nomn"></g></l></v></tfr></token><token id="691108" text="женщины"><tfr rev_id="3490855" t="женщины"><v><l id="96749" t="женщина"><g v="NOUN"></g><g v="anim"></g><g v="femn"></g><g v="sing"></g><g v="gent"></g></l></v></tfr></token><token id="691109" text="имеет"><tfr rev_id="1522973" t="имеет"><v><l id="121610" t="имею"><g v="VERB"></g><g v="impf"></g><g v="tran"></g><g v="sing"></g><g v="3per"></g><g v="pres"></g><g v="indc"></g></l></v></tfr></token><token id="691110" text="более"><tfr rev_id="1522974" t="более"><v><l id="32065" t="более"><g v="ADVB"></g></l></v></tfr></token><token id="691111" text="важное"><tfr rev_id="1522975" t="важное"><v><l id="37722" t="важный"><g v="ADJF"></g><g v="Qual"></g><g v="neut"></g><g v="sing"></g><g v="nomn"></g></l></v><v><l id="37722" t="важный"><g v="ADJF"></g><g v="Qual"></g><g v="neut"></g><g v="sing"></g><g v="accs"></g></l></v></tfr></token><token id="691112" text="значение"><tfr rev_id="1522976" t="значение"><v><l id="116016" t="значение"><g v="NOUN"></g><g v="inan"></g><g v="neut"></g><g v="sing"></g><g v="nomn"></g></l></v><v><l id="116016" t="значение"><g v="NOUN"></g><g v="inan"></g><g v="neut"></g><g v="sing"></g><g v="accs"></g></l></v></tfr></token><token id="691113" text=","><tfr rev_id="1522977" t=","><v><l id="0" t=","><g v="PNCT"></g></l></v></tfr></token><token id="691114" text="так"><tfr rev_id="1522978" t="так"><v><l id="342451" t="так"><g v="CONJ"></g></l></v><v><l id="342452" t="так"><g v="PRCL"></g></l></v><v><l id="342453" t="так"><g v="ADVB"></g><g v="Dmns"></g></l></v></tfr></token><token id="691115" text="как"><tfr rev_id="1522979" t="как"><v><l id="128190" t="как"><g v="CONJ"></g></l></v><v><l id="128191" t="как"><g v="PRCL"></g></l></v><v><l id="128192" t="как"><g v="ADVB"></g><g v="Ques"></g></l></v></tfr></token><token id="691116" text="именно"><tfr rev_id="1522980" t="именно"><v><l id="121584" t="именно"><g v="PRCL"></g></l></v></tfr></token><token id="691117" text="она"><tfr rev_id="3586574" t="она"><v><l id="206544" t="она"><g v="NPRO"></g><g v="femn"></g><g v="3per"></g><g v="Anph"></g><g v="sing"></g><g v="nomn"></g></l></v></tfr></token><token id="691118" text="принимает"><tfr rev_id="1522982" t="принимает"><v><l id="272582" t="принимаю"><g v="VERB"></g><g v="impf"></g><g v="tran"></g><g v="sing"></g><g v="3per"></g><g v="pres"></g><g v="indc"></g></l></v></tfr></token><token id="691119" text="решения"><tfr rev_id="3797919" t="решения"><v><l id="307350" t="решение"><g v="NOUN"></g><g v="inan"></g><g v="neut"></g><g v="plur"></g><g v="accs"></g></l></v></tfr></token><token id="691120" text="относительно"><tfr rev_id="4484663" t="относительно"><v><l id="215910" t="относительно"><g v="PREP"></g></l></v></tfr></token><token id="691121" text="питания"><tfr rev_id="3491068" t="питания"><v><l id="239206" t="питание"><g v="NOUN"></g><g v="inan"></g><g v="neut"></g><g v="sing"></g><g v="gent"></g></l></v></tfr></token><token id="691122" text="и"><tfr rev_id="3495549" t="и"><v><l id="116949" t="и"><g v="CONJ"></g></l></v></tfr></token><token id="691123" text="образа"><tfr rev_id="3492348" t="образа"><v><l id="198787" t="образ"><g v="NOUN"></g><g v="inan"></g><g v="masc"></g><g v="sing"></g><g v="gent"></g></l></v></tfr></token><token id="691124" text="жизни"><tfr rev_id="4314259" t="жизни"><v><l id="97314" t="жизнь"><g v="NOUN"></g><g v="inan"></g><g v="femn"></g><g v="sing"></g><g v="gent"></g></l></v></tfr></token><token id="691125" text="супругов"><tfr rev_id="2367431" t="супругов"><v><l id="339818" t="супруг"><g v="NOUN"></g><g v="anim"></g><g v="masc"></g><g v="plur"></g><g v="gent"></g></l></v><v><l id="339820" t="супруги"><g v="NOUN"></g><g v="anim"></g><g v="GNdr"></g><g v="Pltm"></g><g v="plur"></g><g v="gent"></g></l></v></tfr></token><token id="691126" text="»"><tfr rev_id="2446843" t="»"><v><l id="0" t="»"><g v="PNCT"></g></l></v></tfr></token><token id="691127" text="."><tfr rev_id="1522991" t="."><v><l id="0" t="."><g v="PNCT"></g></l></v></tfr></token></tokens></sentence></paragraph><paragraph id="12404"><sentence id="38747"><source>Между тем в России, как и во всём мире, всё чаще появляются новые формы взаимоотношений между супругами.</source><tokens><token id="691128" text="Между"><tfr rev_id="1522992" t="Между"><v><l id="157306" t="между"><g v="PREP"></g></l></v></tfr></token><token id="691129" text="тем"><tfr rev_id="4503037" t="тем"><v><l id="348430" t="тот"><g v="ADJF"></g><g v="Subx"></g><g v="Apro"></g><g v="Anph"></g><g v="neut"></g><g v="sing"></g><g v="ablt"></g></l></v></tfr></token><token id="691130" text="в"><tfr rev_id="1522994" t="в"><v><l id="37409" t="в"><g v="PREP"></g></l></v></tfr></token><token id="691131" text="России"><tfr rev_id="3455653" t="России"><v><l id="309322" t="россия"><g v="NOUN"></g><g v="inan"></g><g v="femn"></g><g v="Sgtm"></g><g v="Geox"></g><g v="sing"></g><g v="loct"></g></l></v></tfr></token><token id="691132" text=","><tfr rev_id="1522996" t=","><v><l id="0" t=","><g v="PNCT"></g></l></v></tfr></token><token id="691133" text="как"><tfr rev_id="1522997" t="как"><v><l id="128190" t="как"><g v="CONJ"></g></l></v><v><l id="128191" t="как"><g v="PRCL"></g></l></v><v><l id="128192" t="как"><g v="ADVB"></g><g v="Ques"></g></l></v></tfr></token><token id="691134" text="и"><tfr rev_id="1522998" t="и"><v><l id="116949" t="и"><g v="CONJ"></g></l></v><v><l id="116950" t="и"><g v="INTJ"></g></l></v></tfr></token><token id="691135" text="во"><tfr rev_id="2920329" t="во"><v><l id="37409" t="в"><g v="PREP"></g><g v="Vpre"></g></l></v></tfr></token><token id="691136" text="всём"><tfr rev_id="4390212" t="всём"><v><l id="42156" t="весь"><g v="ADJF"></g><g v="Subx"></g><g v="Apro"></g><g v="masc"></g><g v="sing"></g><g v="loct"></g></l></v></tfr></token><token id="691137" text="мире"><tfr rev_id="3723454" t="мире"><v><l id="160807" t="мир"><g v="NOUN"></g><g v="inan"></g><g v="masc"></g><g v="sing"></g><g v="loc1"></g></l></v></tfr></token><token id="691138" text=","><tfr rev_id="1523002" t=","><v><l id="0" t=","><g v="PNCT"></g></l></v></tfr></token><token id="691139" text="всё"><tfr rev_id="4419649" t="всё"><v><l id="390209" t="всё"><g v="PRCL"></g></l></v></tfr></token><token id="691140" text="чаще"><tfr rev_id="4224193" t="чаще"><v><l id="374819" t="чаще"><g v="COMP"></g><g v="Qual"></g></l></v></tfr></token><token id="691141" text="появляются"><tfr rev_id="1523005" t="появляются"><v><l id="265513" t="появляюсь"><g v="VERB"></g><g v="impf"></g><g v="intr"></g><g v="plur"></g><g v="3per"></g><g v="pres"></g><g v="indc"></g></l></v></tfr></token><token id="691142" text="новые"><tfr rev_id="4260163" t="новые"><v><l id="191918" t="новый"><g v="ADJF"></g><g v="Qual"></g><g v="plur"></g><g v="nomn"></g></l></v><v><l id="191918" t="новый"><g v="ADJF"></g><g v="Qual"></g><g v="inan"></g><g v="plur"></g><g v="accs"></g></l></v></tfr></token><token id="691143" text="формы"><tfr rev_id="3797841" t="формы"><v><l id="367077" t="форма"><g v="NOUN"></g><g v="inan"></g><g v="femn"></g><g v="plur"></g><g v="nomn"></g></l></v></tfr></token><token id="691144" text="взаимоотношений"><tfr rev_id="4473252" t="взаимоотношений"><v><l id="42662" t="взаимоотношение"><g v="NOUN"></g><g v="inan"></g><g v="neut"></g><g v="plur"></g><g v="gent"></g></l></v></tfr></token><token id="691145" text="между"><tfr rev_id="1523009" t="между"><v><l id="157306" t="между"><g v="PREP"></g></l></v></tfr></token><token id="691146" text="супругами"><tfr rev_id="4505761" t="супругами"><v><l id="339820" t="супруги"><g v="NOUN"></g><g v="anim"></g><g v="GNdr"></g><g v="Pltm"></g><g v="plur"></g><g v="ablt"></g></l></v></tfr></token><token id="691147" text="."><tfr rev_id="1523011" t="."><v><l id="0" t="."><g v="PNCT"></g></l></v></tfr></token></tokens></sentence><sentence id="38748"><source>Какие — читайте в статье «Семья с браком».</source><tokens><token id="691148" text="Какие"><tfr rev_id="3758052" t="Какие"><v><l id="128224" t="какой"><g v="ADJF"></g><g v="Apro"></g><g v="plur"></g><g v="nomn"></g></l></v></tfr></token><token id="691149" text="—"><tfr rev_id="2446844" t="—"><v><l id="0" t="—"><g v="PNCT"></g></l></v></tfr></token><token id="691150" text="читайте"><tfr rev_id="1523014" t="читайте"><v><l id="376719" t="читаю"><g v="VERB"></g><g v="impf"></g><g v="tran"></g><g v="plur"></g><g v="impr"></g><g v="excl"></g></l></v></tfr></token><token id="691151" text="в"><tfr rev_id="1523015" t="в"><v><l id="37409" t="в"><g v="PREP"></g></l></v></tfr></token><token id="691152" text="статье"><tfr rev_id="3551798" t="статье"><v><l id="335173" t="статья"><g v="NOUN"></g><g v="inan"></g><g v="femn"></g><g v="sing"></g><g v="loct"></g></l></v></tfr></token><token id="691153" text="«"><tfr rev_id="2446845" t="«"><v><l id="0" t="«"><g v="PNCT"></g></l></v></tfr></token><token id="691154" text="Семья"><tfr rev_id="1523018" t="Семья"><v><l id="318660" t="семья"><g v="NOUN"></g><g v="inan"></g><g v="femn"></g><g v="sing"></g><g v="nomn"></g></l></v></tfr></token><token id="691155" text="с"><tfr rev_id="1523019" t="с"><v><l id="311151" t="с"><g v="PREP"></g></l></v></tfr></token><token id="691156" text="браком"><tfr rev_id="1523020" t="браком"><v><l id="33431" t="брак"><g v="NOUN"></g><g v="inan"></g><g v="masc"></g><g v="sing"></g><g v="ablt"></g></l></v></tfr></token><token id="691157" text="»"><tfr rev_id="2446846" t="»"><v><l id="0" t="»"><g v="PNCT"></g></l></v></tfr></token><token id="691158" text="."><tfr rev_id="1523022" t="."><v><l id="0" t="."><g v="PNCT"></g></l></v></tfr></token></tokens></sentence></paragraph></paragraphs></text>