<?xml version="1.0" encoding="utf-8"?><text id="1367" parent="226" name="24342 Берлускони пообещал спасти Италию от кризиса"><tags><tag>url:http://www.chaskor.ru/news/berluskoni_poobeshchal_spasti_italiyu_ot_krizisa_24342</tag><tag>Год:2011</tag><tag>Дата:04/08</tag><tag>Тема:ЧасКор:Экономика</tag><tag>Тема:ЧасКор:Экономика/Экономика</tag></tags><paragraphs><paragraph id="12405"><sentence id="38749"><source>Берлускони пообещал спасти Италию от кризиса</source><tokens><token id="691159" text="Берлускони"><tfr rev_id="4326323" t="Берлускони"><v><l id="28001" t="берлускони"><g v="NOUN"></g><g v="anim"></g><g v="ms-f"></g><g v="Fixd"></g><g v="Surn"></g><g v="sing"></g><g v="nomn"></g></l></v></tfr></token><token id="691160" text="пообещал"><tfr rev_id="1523024" t="пообещал"><v><l id="258747" t="пообещал"><g v="VERB"></g><g v="perf"></g><g v="tran"></g><g v="masc"></g><g v="sing"></g><g v="past"></g><g v="indc"></g></l></v></tfr></token><token id="691161" text="спасти"><tfr rev_id="1523025" t="спасти"><v><l id="331593" t="спасти"><g v="INFN"></g><g v="perf"></g><g v="tran"></g></l></v></tfr></token><token id="691162" text="Италию"><tfr rev_id="1523026" t="Италию"><v><l id="127098" t="италия"><g v="NOUN"></g><g v="inan"></g><g v="femn"></g><g v="Sgtm"></g><g v="Geox"></g><g v="sing"></g><g v="accs"></g></l></v></tfr></token><token id="691163" text="от"><tfr rev_id="1523027" t="от"><v><l id="211644" t="от"><g v="PREP"></g></l></v></tfr></token><token id="691164" text="кризиса"><tfr rev_id="1523028" t="кризиса"><v><l id="142725" t="кризис"><g v="NOUN"></g><g v="inan"></g><g v="masc"></g><g v="sing"></g><g v="gent"></g></l></v></tfr></token></tokens></sentence><sentence id="38750"><source>Премьер-министр также заявил, что не покинет свой пост и в течение трёх лет решит все финансовые трудности страны.</source><tokens><token id="691165" text="Премьер-министр"><tfr rev_id="1523029" t="Премьер-министр"><v><l id="267776" t="премьер-министр"><g v="NOUN"></g><g v="anim"></g><g v="masc"></g><g v="sing"></g><g v="nomn"></g></l></v></tfr></token><token id="691166" text="также"><tfr rev_id="4267837" t="также"><v><l id="342482" t="также"><g v="PRCL"></g></l></v></tfr></token><token id="691167" text="заявил"><tfr rev_id="1523031" t="заявил"><v><l id="114300" t="заявил"><g v="VERB"></g><g v="perf"></g><g v="tran"></g><g v="masc"></g><g v="sing"></g><g v="past"></g><g v="indc"></g></l></v></tfr></token><token id="691168" text=","><tfr rev_id="1523032" t=","><v><l id="0" t=","><g v="PNCT"></g></l></v></tfr></token><token id="691169" text="что"><tfr rev_id="3197689" t="что"><v><l id="377004" t="что"><g v="CONJ"></g></l></v><v><l id="377005" t="что"><g v="NPRO"></g><g v="neut"></g><g v="sing"></g><g v="nomn"></g></l></v><v><l id="377005" t="что"><g v="NPRO"></g><g v="neut"></g><g v="sing"></g><g v="accs"></g></l></v><v><l id="377006" t="что"><g v="ADVB"></g><g v="Ques"></g></l></v><v><l id="388695" t="что"><g v="PRCL"></g></l></v></tfr></token><token id="691170" text="не"><tfr rev_id="1523034" t="не"><v><l id="178876" t="не"><g v="PRCL"></g></l></v></tfr></token><token id="691171" text="покинет"><tfr rev_id="1523035" t="покинет"><v><l id="254301" t="покинул"><g v="VERB"></g><g v="perf"></g><g v="tran"></g><g v="sing"></g><g v="3per"></g><g v="futr"></g><g v="indc"></g></l></v></tfr></token><token id="691172" text="свой"><tfr rev_id="3629892" t="свой"><v><l id="316379" t="свой"><g v="ADJF"></g><g v="Apro"></g><g v="Anph"></g><g v="inan"></g><g v="masc"></g><g v="sing"></g><g v="accs"></g></l></v></tfr></token><token id="691173" text="пост"><tfr rev_id="1523037" t="пост"><v><l id="262073" t="пост"><g v="NOUN"></g><g v="inan"></g><g v="masc"></g><g v="sing"></g><g v="nomn"></g></l></v><v><l id="262073" t="пост"><g v="NOUN"></g><g v="inan"></g><g v="masc"></g><g v="sing"></g><g v="accs"></g></l></v></tfr></token><token id="691174" text="и"><tfr rev_id="1523038" t="и"><v><l id="116949" t="и"><g v="CONJ"></g></l></v><v><l id="116950" t="и"><g v="INTJ"></g></l></v></tfr></token><token id="691175" text="в"><tfr rev_id="1523039" t="в"><v><l id="37409" t="в"><g v="PREP"></g></l></v></tfr></token><token id="691176" text="течение"><tfr rev_id="1523040" t="течение"><v><l id="346009" t="течение"><g v="NOUN"></g><g v="inan"></g><g v="neut"></g><g v="sing"></g><g v="nomn"></g></l></v><v><l id="346009" t="течение"><g v="NOUN"></g><g v="inan"></g><g v="neut"></g><g v="sing"></g><g v="accs"></g></l></v></tfr></token><token id="691177" text="трёх"><tfr rev_id="3444989" t="трёх"><v><l id="349973" t="три"><g v="NUMR"></g><g v="gent"></g></l></v></tfr></token><token id="691178" text="лет"><tfr rev_id="3457636" t="лет"><v><l id="72149" t="год"><g v="NOUN"></g><g v="inan"></g><g v="masc"></g><g v="plur"></g><g v="gent"></g></l></v></tfr></token><token id="691179" text="решит"><tfr rev_id="1523043" t="решит"><v><l id="307396" t="решил"><g v="VERB"></g><g v="perf"></g><g v="tran"></g><g v="sing"></g><g v="3per"></g><g v="futr"></g><g v="indc"></g></l></v></tfr></token><token id="691180" text="все"><tfr rev_id="4538384" t="все"><v><l id="42156" t="весь"><g v="ADJF"></g><g v="Subx"></g><g v="Apro"></g><g v="inan"></g><g v="plur"></g><g v="accs"></g></l></v><v><l id="42156" t="весь"><g v="ADJF"></g><g v="Subx"></g><g v="Apro"></g><g v="plur"></g><g v="nomn"></g></l></v></tfr></token><token id="691181" text="финансовые"><tfr rev_id="4075376" t="финансовые"><v><l id="366103" t="финансовый"><g v="ADJF"></g><g v="inan"></g><g v="plur"></g><g v="accs"></g></l></v></tfr></token><token id="691182" text="трудности"><tfr rev_id="3741665" t="трудности"><v><l id="350840" t="трудность"><g v="NOUN"></g><g v="inan"></g><g v="femn"></g><g v="plur"></g><g v="accs"></g></l></v></tfr></token><token id="691183" text="страны"><tfr rev_id="3494142" t="страны"><v><l id="337100" t="страна"><g v="NOUN"></g><g v="inan"></g><g v="femn"></g><g v="sing"></g><g v="gent"></g></l></v></tfr></token><token id="691184" text="."><tfr rev_id="1523048" t="."><v><l id="0" t="."><g v="PNCT"></g></l></v></tfr></token></tokens></sentence></paragraph><paragraph id="12406"><sentence id="38751"><source>Сильвио Берлускони выступил с заявлением о том, что он не собирается покидать свой пост.</source><tokens><token id="691185" text="Сильвио"><tfr rev_id="3499037" t="Сильвио"><v><l id="320506" t="сильвио"><g v="NOUN"></g><g v="anim"></g><g v="masc"></g><g v="Sgtm"></g><g v="Fixd"></g><g v="Name"></g><g v="sing"></g><g v="nomn"></g></l></v></tfr></token><token id="691186" text="Берлускони"><tfr rev_id="4326324" t="Берлускони"><v><l id="28001" t="берлускони"><g v="NOUN"></g><g v="anim"></g><g v="ms-f"></g><g v="Fixd"></g><g v="Surn"></g><g v="sing"></g><g v="nomn"></g></l></v></tfr></token><token id="691187" text="выступил"><tfr rev_id="1523051" t="выступил"><v><l id="62885" t="выступил"><g v="VERB"></g><g v="perf"></g><g v="intr"></g><g v="masc"></g><g v="sing"></g><g v="past"></g><g v="indc"></g></l></v></tfr></token><token id="691188" text="с"><tfr rev_id="1523052" t="с"><v><l id="311151" t="с"><g v="PREP"></g></l></v></tfr></token><token id="691189" text="заявлением"><tfr rev_id="1523053" t="заявлением"><v><l id="114311" t="заявление"><g v="NOUN"></g><g v="inan"></g><g v="neut"></g><g v="sing"></g><g v="ablt"></g></l></v></tfr></token><token id="691190" text="о"><tfr rev_id="2781364" t="о"><v><l id="192977" t="о"><g v="PREP"></g></l></v></tfr></token><token id="691191" text="том"><tfr rev_id="4405410" t="том"><v><l id="348430" t="тот"><g v="ADJF"></g><g v="Subx"></g><g v="Apro"></g><g v="Anph"></g><g v="neut"></g><g v="sing"></g><g v="loct"></g></l></v></tfr></token><token id="691192" text=","><tfr rev_id="1523056" t=","><v><l id="0" t=","><g v="PNCT"></g></l></v></tfr></token><token id="691193" text="что"><tfr rev_id="3197690" t="что"><v><l id="377004" t="что"><g v="CONJ"></g></l></v><v><l id="377005" t="что"><g v="NPRO"></g><g v="neut"></g><g v="sing"></g><g v="nomn"></g></l></v><v><l id="377005" t="что"><g v="NPRO"></g><g v="neut"></g><g v="sing"></g><g v="accs"></g></l></v><v><l id="377006" t="что"><g v="ADVB"></g><g v="Ques"></g></l></v><v><l id="388695" t="что"><g v="PRCL"></g></l></v></tfr></token><token id="691194" text="он"><tfr rev_id="3575813" t="он"><v><l id="206541" t="он"><g v="NPRO"></g><g v="masc"></g><g v="3per"></g><g v="Anph"></g><g v="sing"></g><g v="nomn"></g></l></v></tfr></token><token id="691195" text="не"><tfr rev_id="1523059" t="не"><v><l id="178876" t="не"><g v="PRCL"></g></l></v></tfr></token><token id="691196" text="собирается"><tfr rev_id="1523060" t="собирается"><v><l id="327680" t="собираюсь"><g v="VERB"></g><g v="impf"></g><g v="intr"></g><g v="sing"></g><g v="3per"></g><g v="pres"></g><g v="indc"></g></l></v></tfr></token><token id="691197" text="покидать"><tfr rev_id="1523061" t="покидать"><v><l id="254268" t="покидать"><g v="INFN"></g><g v="impf"></g><g v="tran"></g></l></v><v><l id="254275" t="покидать"><g v="INFN"></g><g v="perf"></g><g v="tran"></g></l></v></tfr></token><token id="691198" text="свой"><tfr rev_id="3629893" t="свой"><v><l id="316379" t="свой"><g v="ADJF"></g><g v="Apro"></g><g v="Anph"></g><g v="masc"></g><g v="sing"></g><g v="nomn"></g></l></v><v><l id="316379" t="свой"><g v="ADJF"></g><g v="Apro"></g><g v="Anph"></g><g v="inan"></g><g v="masc"></g><g v="sing"></g><g v="accs"></g></l></v></tfr></token><token id="691199" text="пост"><tfr rev_id="3544036" t="пост"><v><l id="262073" t="пост"><g v="NOUN"></g><g v="inan"></g><g v="masc"></g><g v="sing"></g><g v="accs"></g></l></v></tfr></token><token id="691200" text="."><tfr rev_id="1523064" t="."><v><l id="0" t="."><g v="PNCT"></g></l></v></tfr></token></tokens></sentence><sentence id="38752"><source>Более того, на посту премьер-министра Италии Берлускони обязался взять курс на экономический рост и стабилизировать ситуацию на финансовых рынках, которые сейчас охвачены беспокойством по поводу того, что Италию постигнет участь Греции.</source><tokens><token id="691201" text="Более"><tfr rev_id="1523065" t="Более"><v><l id="32065" t="более"><g v="ADVB"></g></l></v></tfr></token><token id="691202" text="того"><tfr rev_id="4284235" t="того"><v><l id="348430" t="тот"><g v="ADJF"></g><g v="Subx"></g><g v="Apro"></g><g v="Anph"></g><g v="masc"></g><g v="sing"></g><g v="gent"></g></l></v><v><l id="348430" t="тот"><g v="ADJF"></g><g v="Subx"></g><g v="Apro"></g><g v="Anph"></g><g v="anim"></g><g v="masc"></g><g v="sing"></g><g v="accs"></g></l></v><v><l id="348430" t="тот"><g v="ADJF"></g><g v="Subx"></g><g v="Apro"></g><g v="Anph"></g><g v="neut"></g><g v="sing"></g><g v="gent"></g></l></v></tfr></token><token id="691203" text=","><tfr rev_id="1523067" t=","><v><l id="0" t=","><g v="PNCT"></g></l></v></tfr></token><token id="691204" text="на"><tfr rev_id="3337446" t="на"><v><l id="166264" t="на"><g v="PREP"></g></l></v></tfr></token><token id="691205" text="посту"><tfr rev_id="3046021" t="посту"><v><l id="262073" t="пост"><g v="NOUN"></g><g v="inan"></g><g v="masc"></g><g v="sing"></g><g v="loc2"></g></l></v></tfr></token><token id="691206" text="премьер-министра"><tfr rev_id="4389608" t="премьер-министра"><v><l id="267776" t="премьер-министр"><g v="NOUN"></g><g v="anim"></g><g v="masc"></g><g v="sing"></g><g v="gent"></g></l></v></tfr></token><token id="691207" text="Италии"><tfr rev_id="3455638" t="Италии"><v><l id="127098" t="италия"><g v="NOUN"></g><g v="inan"></g><g v="femn"></g><g v="Sgtm"></g><g v="Geox"></g><g v="sing"></g><g v="gent"></g></l></v></tfr></token><token id="691208" text="Берлускони"><tfr rev_id="4326325" t="Берлускони"><v><l id="28001" t="берлускони"><g v="NOUN"></g><g v="anim"></g><g v="ms-f"></g><g v="Fixd"></g><g v="Surn"></g><g v="sing"></g><g v="nomn"></g></l></v><v><l id="28001" t="берлускони"><g v="NOUN"></g><g v="anim"></g><g v="ms-f"></g><g v="Fixd"></g><g v="Surn"></g><g v="sing"></g><g v="gent"></g></l></v><v><l id="28001" t="берлускони"><g v="NOUN"></g><g v="anim"></g><g v="ms-f"></g><g v="Fixd"></g><g v="Surn"></g><g v="sing"></g><g v="datv"></g></l></v><v><l id="28001" t="берлускони"><g v="NOUN"></g><g v="anim"></g><g v="ms-f"></g><g v="Fixd"></g><g v="Surn"></g><g v="sing"></g><g v="accs"></g></l></v><v><l id="28001" t="берлускони"><g v="NOUN"></g><g v="anim"></g><g v="ms-f"></g><g v="Fixd"></g><g v="Surn"></g><g v="sing"></g><g v="ablt"></g></l></v><v><l id="28001" t="берлускони"><g v="NOUN"></g><g v="anim"></g><g v="ms-f"></g><g v="Fixd"></g><g v="Surn"></g><g v="sing"></g><g v="loct"></g></l></v><v><l id="28001" t="берлускони"><g v="NOUN"></g><g v="anim"></g><g v="ms-f"></g><g v="Fixd"></g><g v="Surn"></g><g v="plur"></g><g v="nomn"></g></l></v><v><l id="28001" t="берлускони"><g v="NOUN"></g><g v="anim"></g><g v="ms-f"></g><g v="Fixd"></g><g v="Surn"></g><g v="plur"></g><g v="gent"></g></l></v><v><l id="28001" t="берлускони"><g v="NOUN"></g><g v="anim"></g><g v="ms-f"></g><g v="Fixd"></g><g v="Surn"></g><g v="plur"></g><g v="datv"></g></l></v><v><l id="28001" t="берлускони"><g v="NOUN"></g><g v="anim"></g><g v="ms-f"></g><g v="Fixd"></g><g v="Surn"></g><g v="plur"></g><g v="accs"></g></l></v><v><l id="28001" t="берлускони"><g v="NOUN"></g><g v="anim"></g><g v="ms-f"></g><g v="Fixd"></g><g v="Surn"></g><g v="plur"></g><g v="ablt"></g></l></v><v><l id="28001" t="берлускони"><g v="NOUN"></g><g v="anim"></g><g v="ms-f"></g><g v="Fixd"></g><g v="Surn"></g><g v="plur"></g><g v="loct"></g></l></v></tfr></token><token id="691209" text="обязался"><tfr rev_id="1523073" t="обязался"><v><l id="202101" t="обязался"><g v="VERB"></g><g v="perf"></g><g v="intr"></g><g v="masc"></g><g v="sing"></g><g v="past"></g><g v="indc"></g></l></v></tfr></token><token id="691210" text="взять"><tfr rev_id="1523074" t="взять"><v><l id="44305" t="взять"><g v="INFN"></g><g v="perf"></g><g v="tran"></g></l></v></tfr></token><token id="691211" text="курс"><tfr rev_id="4108433" t="курс"><v><l id="145471" t="курс"><g v="NOUN"></g><g v="inan"></g><g v="masc"></g><g v="sing"></g><g v="accs"></g></l></v></tfr></token><token id="691212" text="на"><tfr rev_id="3330637" t="на"><v><l id="166264" t="на"><g v="PREP"></g></l></v></tfr></token><token id="691213" text="экономический"><tfr rev_id="1523077" t="экономический"><v><l id="383364" t="экономический"><g v="ADJF"></g><g v="masc"></g><g v="sing"></g><g v="nomn"></g></l></v><v><l id="383364" t="экономический"><g v="ADJF"></g><g v="inan"></g><g v="masc"></g><g v="sing"></g><g v="accs"></g></l></v></tfr></token><token id="691214" text="рост"><tfr rev_id="1523078" t="рост"><v><l id="309343" t="рост"><g v="NOUN"></g><g v="inan"></g><g v="masc"></g><g v="sing"></g><g v="nomn"></g></l></v><v><l id="309343" t="рост"><g v="NOUN"></g><g v="inan"></g><g v="masc"></g><g v="sing"></g><g v="accs"></g></l></v></tfr></token><token id="691215" text="и"><tfr rev_id="1523079" t="и"><v><l id="116949" t="и"><g v="CONJ"></g></l></v><v><l id="116950" t="и"><g v="INTJ"></g></l></v></tfr></token><token id="691216" text="стабилизировать"><tfr rev_id="1523080" t="стабилизировать"><v><l id="334253" t="стабилизировать"><g v="INFN"></g><g v="perf"></g><g v="tran"></g></l></v><v><l id="334254" t="стабилизировать"><g v="INFN"></g><g v="impf"></g><g v="tran"></g></l></v></tfr></token><token id="691217" text="ситуацию"><tfr rev_id="1523081" t="ситуацию"><v><l id="321441" t="ситуация"><g v="NOUN"></g><g v="inan"></g><g v="femn"></g><g v="sing"></g><g v="accs"></g></l></v></tfr></token><token id="691218" text="на"><tfr rev_id="3396121" t="на"><v><l id="166264" t="на"><g v="PREP"></g></l></v></tfr></token><token id="691219" text="финансовых"><tfr rev_id="4197710" t="финансовых"><v><l id="366103" t="финансовый"><g v="ADJF"></g><g v="plur"></g><g v="loct"></g></l></v></tfr></token><token id="691220" text="рынках"><tfr rev_id="1523084" t="рынках"><v><l id="310781" t="рынок"><g v="NOUN"></g><g v="inan"></g><g v="masc"></g><g v="plur"></g><g v="loct"></g></l></v></tfr></token><token id="691221" text=","><tfr rev_id="1523085" t=","><v><l id="0" t=","><g v="PNCT"></g></l></v></tfr></token><token id="691222" text="которые"><tfr rev_id="3817560" t="которые"><v><l id="141203" t="который"><g v="ADJF"></g><g v="Apro"></g><g v="Subx"></g><g v="Anph"></g><g v="plur"></g><g v="nomn"></g></l></v></tfr></token><token id="691223" text="сейчас"><tfr rev_id="1523087" t="сейчас"><v><l id="317975" t="сейчас"><g v="ADVB"></g></l></v></tfr></token><token id="691224" text="охвачены"><tfr rev_id="1523088" t="охвачены"><v><l id="221113" t="охвачен"><g v="PRTS"></g><g v="perf"></g><g v="past"></g><g v="pssv"></g><g v="plur"></g></l></v></tfr></token><token id="691225" text="беспокойством"><tfr rev_id="1523089" t="беспокойством"><v><l id="28442" t="беспокойство"><g v="NOUN"></g><g v="inan"></g><g v="neut"></g><g v="sing"></g><g v="ablt"></g></l></v></tfr></token><token id="691226" text="по"><tfr rev_id="1523090" t="по"><v><l id="241240" t="по"><g v="PREP"></g></l></v></tfr></token><token id="691227" text="поводу"><tfr rev_id="3812039" t="поводу"><v><l id="242551" t="повод"><g v="NOUN"></g><g v="inan"></g><g v="masc"></g><g v="sing"></g><g v="datv"></g></l></v></tfr></token><token id="691228" text="того"><tfr rev_id="4310160" t="того"><v><l id="348430" t="тот"><g v="ADJF"></g><g v="Subx"></g><g v="Apro"></g><g v="Anph"></g><g v="neut"></g><g v="sing"></g><g v="gent"></g></l></v></tfr></token><token id="691229" text=","><tfr rev_id="1523093" t=","><v><l id="0" t=","><g v="PNCT"></g></l></v></tfr></token><token id="691230" text="что"><tfr rev_id="3197691" t="что"><v><l id="377004" t="что"><g v="CONJ"></g></l></v><v><l id="377005" t="что"><g v="NPRO"></g><g v="neut"></g><g v="sing"></g><g v="nomn"></g></l></v><v><l id="377005" t="что"><g v="NPRO"></g><g v="neut"></g><g v="sing"></g><g v="accs"></g></l></v><v><l id="377006" t="что"><g v="ADVB"></g><g v="Ques"></g></l></v><v><l id="388695" t="что"><g v="PRCL"></g></l></v></tfr></token><token id="691231" text="Италию"><tfr rev_id="1523095" t="Италию"><v><l id="127098" t="италия"><g v="NOUN"></g><g v="inan"></g><g v="femn"></g><g v="Sgtm"></g><g v="Geox"></g><g v="sing"></g><g v="accs"></g></l></v></tfr></token><token id="691232" text="постигнет"><tfr rev_id="1523096" t="постигнет"><v><l id="262317" t="постиг"><g v="VERB"></g><g v="perf"></g><g v="tran"></g><g v="sing"></g><g v="3per"></g><g v="futr"></g><g v="indc"></g></l></v></tfr></token><token id="691233" text="участь"><tfr rev_id="4102785" t="участь"><v><l id="363155" t="участь"><g v="NOUN"></g><g v="inan"></g><g v="femn"></g><g v="sing"></g><g v="nomn"></g></l></v></tfr></token><token id="691234" text="Греции"><tfr rev_id="3455490" t="Греции"><v><l id="75122" t="греция"><g v="NOUN"></g><g v="inan"></g><g v="femn"></g><g v="Sgtm"></g><g v="Geox"></g><g v="sing"></g><g v="gent"></g></l></v></tfr></token><token id="691235" text="."><tfr rev_id="1523099" t="."><v><l id="0" t="."><g v="PNCT"></g></l></v></tfr></token></tokens></sentence></paragraph><paragraph id="12407"><sentence id="38753"><source>Как известно, растущее беспокойство на финансовых рынках вызвало незамедлительную реакцию итальянской оппозиции с призывами об отставке Сильвио Берлускони.</source><tokens><token id="691236" text="Как"><tfr rev_id="1523100" t="Как"><v><l id="128190" t="как"><g v="CONJ"></g></l></v><v><l id="128191" t="как"><g v="PRCL"></g></l></v><v><l id="128192" t="как"><g v="ADVB"></g><g v="Ques"></g></l></v></tfr></token><token id="691237" text="известно"><tfr rev_id="1523101" t="известно"><v><l id="118141" t="известно"><g v="CONJ"></g><g v="Prnt"></g></l></v><v><l id="118142" t="известно"><g v="PRED"></g><g v="pres"></g></l></v><v><l id="118146" t="известен"><g v="ADJS"></g><g v="Qual"></g><g v="neut"></g><g v="sing"></g></l></v></tfr></token><token id="691238" text=","><tfr rev_id="1523102" t=","><v><l id="0" t=","><g v="PNCT"></g></l></v></tfr></token><token id="691239" text="растущее"><tfr rev_id="1523103" t="растущее"><v><l id="302043" t="растущий"><g v="PRTF"></g><g v="impf"></g><g v="intr"></g><g v="pres"></g><g v="actv"></g><g v="neut"></g><g v="sing"></g><g v="nomn"></g></l></v><v><l id="302043" t="растущий"><g v="PRTF"></g><g v="impf"></g><g v="intr"></g><g v="pres"></g><g v="actv"></g><g v="neut"></g><g v="sing"></g><g v="accs"></g></l></v></tfr></token><token id="691240" text="беспокойство"><tfr rev_id="3531424" t="беспокойство"><v><l id="28442" t="беспокойство"><g v="NOUN"></g><g v="inan"></g><g v="neut"></g><g v="sing"></g><g v="nomn"></g></l></v></tfr></token><token id="691241" text="на"><tfr rev_id="3330308" t="на"><v><l id="166264" t="на"><g v="PREP"></g></l></v></tfr></token><token id="691242" text="финансовых"><tfr rev_id="3542395" t="финансовых"><v><l id="366103" t="финансовый"><g v="ADJF"></g><g v="plur"></g><g v="loct"></g></l></v></tfr></token><token id="691243" text="рынках"><tfr rev_id="1523107" t="рынках"><v><l id="310781" t="рынок"><g v="NOUN"></g><g v="inan"></g><g v="masc"></g><g v="plur"></g><g v="loct"></g></l></v></tfr></token><token id="691244" text="вызвало"><tfr rev_id="1523108" t="вызвало"><v><l id="57525" t="вызвал"><g v="VERB"></g><g v="perf"></g><g v="tran"></g><g v="neut"></g><g v="sing"></g><g v="past"></g><g v="indc"></g></l></v></tfr></token><token id="691245" text="незамедлительную"><tfr rev_id="1523109" t="незамедлительную"><v><l id="182258" t="незамедлительный"><g v="ADJF"></g><g v="femn"></g><g v="sing"></g><g v="accs"></g></l></v></tfr></token><token id="691246" text="реакцию"><tfr rev_id="1523110" t="реакцию"><v><l id="304401" t="реакция"><g v="NOUN"></g><g v="inan"></g><g v="femn"></g><g v="sing"></g><g v="accs"></g></l></v></tfr></token><token id="691247" text="итальянской"><tfr rev_id="1523111" t="итальянской"><v><l id="127104" t="итальянский"><g v="ADJF"></g><g v="femn"></g><g v="sing"></g><g v="gent"></g></l></v><v><l id="127104" t="итальянский"><g v="ADJF"></g><g v="femn"></g><g v="sing"></g><g v="datv"></g></l></v><v><l id="127104" t="итальянский"><g v="ADJF"></g><g v="femn"></g><g v="sing"></g><g v="ablt"></g></l></v><v><l id="127104" t="итальянский"><g v="ADJF"></g><g v="femn"></g><g v="sing"></g><g v="loct"></g></l></v></tfr></token><token id="691248" text="оппозиции"><tfr rev_id="4269992" t="оппозиции"><v><l id="207895" t="оппозиция"><g v="NOUN"></g><g v="inan"></g><g v="femn"></g><g v="sing"></g><g v="gent"></g></l></v></tfr></token><token id="691249" text="с"><tfr rev_id="1523113" t="с"><v><l id="311151" t="с"><g v="PREP"></g></l></v></tfr></token><token id="691250" text="призывами"><tfr rev_id="1523114" t="призывами"><v><l id="270686" t="призыв"><g v="NOUN"></g><g v="inan"></g><g v="masc"></g><g v="plur"></g><g v="ablt"></g></l></v></tfr></token><token id="691251" text="об"><tfr rev_id="2921283" t="об"><v><l id="192977" t="о"><g v="PREP"></g><g v="Vpre"></g></l></v></tfr></token><token id="691252" text="отставке"><tfr rev_id="3446992" t="отставке"><v><l id="218332" t="отставка"><g v="NOUN"></g><g v="inan"></g><g v="femn"></g><g v="sing"></g><g v="loct"></g></l></v></tfr></token><token id="691253" text="Сильвио"><tfr rev_id="3490547" t="Сильвио"><v><l id="320506" t="сильвио"><g v="NOUN"></g><g v="anim"></g><g v="masc"></g><g v="Sgtm"></g><g v="Fixd"></g><g v="Name"></g><g v="sing"></g><g v="gent"></g></l></v></tfr></token><token id="691254" text="Берлускони"><tfr rev_id="4326326" t="Берлускони"><v><l id="28001" t="берлускони"><g v="NOUN"></g><g v="anim"></g><g v="ms-f"></g><g v="Fixd"></g><g v="Surn"></g><g v="sing"></g><g v="nomn"></g></l></v><v><l id="28001" t="берлускони"><g v="NOUN"></g><g v="anim"></g><g v="ms-f"></g><g v="Fixd"></g><g v="Surn"></g><g v="sing"></g><g v="gent"></g></l></v><v><l id="28001" t="берлускони"><g v="NOUN"></g><g v="anim"></g><g v="ms-f"></g><g v="Fixd"></g><g v="Surn"></g><g v="sing"></g><g v="datv"></g></l></v><v><l id="28001" t="берлускони"><g v="NOUN"></g><g v="anim"></g><g v="ms-f"></g><g v="Fixd"></g><g v="Surn"></g><g v="sing"></g><g v="accs"></g></l></v><v><l id="28001" t="берлускони"><g v="NOUN"></g><g v="anim"></g><g v="ms-f"></g><g v="Fixd"></g><g v="Surn"></g><g v="sing"></g><g v="ablt"></g></l></v><v><l id="28001" t="берлускони"><g v="NOUN"></g><g v="anim"></g><g v="ms-f"></g><g v="Fixd"></g><g v="Surn"></g><g v="sing"></g><g v="loct"></g></l></v></tfr></token><token id="691255" text="."><tfr rev_id="1523119" t="."><v><l id="0" t="."><g v="PNCT"></g></l></v></tfr></token></tokens></sentence><sentence id="38754"><source>Однако премьер твёрд в своём намерении не покидать пост до 2013 года, когда заканчиваются его властные полномочия.</source><tokens><token id="691256" text="Однако"><tfr rev_id="3677786" t="Однако"><v><l id="203387" t="однако"><g v="CONJ"></g><g v="Prnt"></g></l></v></tfr></token><token id="691257" text="премьер"><tfr rev_id="2695654" t="премьер"><v><l id="267774" t="премьер"><g v="NOUN"></g><g v="anim"></g><g v="masc"></g><g v="sing"></g><g v="nomn"></g></l></v></tfr></token><token id="691258" text="твёрд"><tfr rev_id="1523122" t="твёрд"><v><l id="343686" t="твёрд"><g v="ADJS"></g><g v="Qual"></g><g v="masc"></g><g v="sing"></g></l></v></tfr></token><token id="691259" text="в"><tfr rev_id="1523123" t="в"><v><l id="37409" t="в"><g v="PREP"></g></l></v></tfr></token><token id="691260" text="своём"><tfr rev_id="4204818" t="своём"><v><l id="316379" t="свой"><g v="ADJF"></g><g v="Apro"></g><g v="Anph"></g><g v="neut"></g><g v="sing"></g><g v="loct"></g></l></v></tfr></token><token id="691261" text="намерении"><tfr rev_id="1523125" t="намерении"><v><l id="172446" t="намерение"><g v="NOUN"></g><g v="inan"></g><g v="neut"></g><g v="sing"></g><g v="loct"></g></l></v></tfr></token><token id="691262" text="не"><tfr rev_id="1523126" t="не"><v><l id="178876" t="не"><g v="PRCL"></g></l></v></tfr></token><token id="691263" text="покидать"><tfr rev_id="1523127" t="покидать"><v><l id="254268" t="покидать"><g v="INFN"></g><g v="impf"></g><g v="tran"></g></l></v><v><l id="254275" t="покидать"><g v="INFN"></g><g v="perf"></g><g v="tran"></g></l></v></tfr></token><token id="691264" text="пост"><tfr rev_id="1523128" t="пост"><v><l id="262073" t="пост"><g v="NOUN"></g><g v="inan"></g><g v="masc"></g><g v="sing"></g><g v="nomn"></g></l></v><v><l id="262073" t="пост"><g v="NOUN"></g><g v="inan"></g><g v="masc"></g><g v="sing"></g><g v="accs"></g></l></v></tfr></token><token id="691265" text="до"><tfr rev_id="1523129" t="до"><v><l id="85153" t="до"><g v="PREP"></g></l></v></tfr></token><token id="691266" text="2013"><tfr rev_id="2462812" t="2013"><v><l id="0" t="2013"><g v="NUMB"></g></l></v></tfr></token><token id="691267" text="года"><tfr rev_id="3436868" t="года"><v><l id="72149" t="год"><g v="NOUN"></g><g v="inan"></g><g v="masc"></g><g v="sing"></g><g v="gen1"></g></l></v></tfr></token><token id="691268" text=","><tfr rev_id="1523132" t=","><v><l id="0" t=","><g v="PNCT"></g></l></v></tfr></token><token id="691269" text="когда"><tfr rev_id="1523133" t="когда"><v><l id="135239" t="когда"><g v="CONJ"></g></l></v><v><l id="135240" t="когда"><g v="ADVB"></g><g v="Ques"></g></l></v></tfr></token><token id="691270" text="заканчиваются"><tfr rev_id="1523134" t="заканчиваются"><v><l id="103000" t="заканчиваюсь"><g v="VERB"></g><g v="impf"></g><g v="intr"></g><g v="plur"></g><g v="3per"></g><g v="pres"></g><g v="indc"></g></l></v></tfr></token><token id="691271" text="его"><tfr rev_id="4511260" t="его"><v><l id="94208" t="его"><g v="ADJF"></g><g v="Fixd"></g><g v="Apro"></g><g v="Anph"></g><g v="plur"></g><g v="nomn"></g></l></v><v><l id="94208" t="его"><g v="ADJF"></g><g v="Fixd"></g><g v="Apro"></g><g v="Anph"></g><g v="plur"></g><g v="gent"></g></l></v><v><l id="94208" t="его"><g v="ADJF"></g><g v="Fixd"></g><g v="Apro"></g><g v="Anph"></g><g v="plur"></g><g v="datv"></g></l></v><v><l id="94208" t="его"><g v="ADJF"></g><g v="Fixd"></g><g v="Apro"></g><g v="Anph"></g><g v="plur"></g><g v="accs"></g></l></v><v><l id="94208" t="его"><g v="ADJF"></g><g v="Fixd"></g><g v="Apro"></g><g v="Anph"></g><g v="plur"></g><g v="ablt"></g></l></v><v><l id="94208" t="его"><g v="ADJF"></g><g v="Fixd"></g><g v="Apro"></g><g v="Anph"></g><g v="plur"></g><g v="loct"></g></l></v></tfr></token><token id="691272" text="властные"><tfr rev_id="4074830" t="властные"><v><l id="46808" t="властный"><g v="ADJF"></g><g v="Qual"></g><g v="plur"></g><g v="nomn"></g></l></v></tfr></token><token id="691273" text="полномочия"><tfr rev_id="3796952" t="полномочия"><v><l id="256121" t="полномочие"><g v="NOUN"></g><g v="inan"></g><g v="neut"></g><g v="plur"></g><g v="nomn"></g></l></v></tfr></token><token id="691274" text="."><tfr rev_id="1523138" t="."><v><l id="0" t="."><g v="PNCT"></g></l></v></tfr></token></tokens></sentence><sentence id="38755"><source>По словам главы кабинета министров, введение мер строгой экономии сбалансирует бюджет страны уже к 2014 году, а проекты по развитию инфраструктуры лишь поспособствуют экономическому росту.</source><tokens><token id="691275" text="По"><tfr rev_id="1523139" t="По"><v><l id="241240" t="по"><g v="PREP"></g></l></v></tfr></token><token id="691276" text="словам"><tfr rev_id="1523140" t="словам"><v><l id="325168" t="слово"><g v="NOUN"></g><g v="inan"></g><g v="neut"></g><g v="plur"></g><g v="datv"></g></l></v></tfr></token><token id="691277" text="главы"><tfr rev_id="4526242" t="главы"><v><l id="70790" t="глава"><g v="NOUN"></g><g v="anim"></g><g v="ms-f"></g><g v="sing"></g><g v="gent"></g></l></v></tfr></token><token id="691278" text="кабинета"><tfr rev_id="1523142" t="кабинета"><v><l id="127585" t="кабинет"><g v="NOUN"></g><g v="inan"></g><g v="masc"></g><g v="sing"></g><g v="gent"></g></l></v></tfr></token><token id="691279" text="министров"><tfr rev_id="2928328" t="министров"><v><l id="160614" t="министр"><g v="NOUN"></g><g v="anim"></g><g v="masc"></g><g v="plur"></g><g v="gent"></g></l></v></tfr></token><token id="691280" text=","><tfr rev_id="1523144" t=","><v><l id="0" t=","><g v="PNCT"></g></l></v></tfr></token><token id="691281" text="введение"><tfr rev_id="4364025" t="введение"><v><l id="39618" t="введение"><g v="NOUN"></g><g v="inan"></g><g v="neut"></g><g v="sing"></g><g v="nomn"></g></l></v></tfr></token><token id="691282" text="мер"><tfr rev_id="1714277" t="мер"><v><l id="158460" t="мера"><g v="NOUN"></g><g v="inan"></g><g v="femn"></g><g v="plur"></g><g v="gent"></g></l></v></tfr></token><token id="691283" text="строгой"><tfr rev_id="3713985" t="строгой"><v><l id="337642" t="строгий"><g v="ADJF"></g><g v="Qual"></g><g v="femn"></g><g v="sing"></g><g v="gent"></g></l></v></tfr></token><token id="691284" text="экономии"><tfr rev_id="3887849" t="экономии"><v><l id="383370" t="экономия"><g v="NOUN"></g><g v="inan"></g><g v="femn"></g><g v="sing"></g><g v="gent"></g></l></v></tfr></token><token id="691285" text="сбалансирует"><tfr rev_id="1523149" t="сбалансирует"><v><l id="314122" t="сбалансировал"><g v="VERB"></g><g v="perf"></g><g v="tran"></g><g v="sing"></g><g v="3per"></g><g v="futr"></g><g v="indc"></g></l></v></tfr></token><token id="691286" text="бюджет"><tfr rev_id="1523150" t="бюджет"><v><l id="37326" t="бюджет"><g v="NOUN"></g><g v="inan"></g><g v="masc"></g><g v="sing"></g><g v="nomn"></g></l></v><v><l id="37326" t="бюджет"><g v="NOUN"></g><g v="inan"></g><g v="masc"></g><g v="sing"></g><g v="accs"></g></l></v></tfr></token><token id="691287" text="страны"><tfr rev_id="3505414" t="страны"><v><l id="337100" t="страна"><g v="NOUN"></g><g v="inan"></g><g v="femn"></g><g v="sing"></g><g v="gent"></g></l></v></tfr></token><token id="691288" text="уже"><tfr rev_id="2692898" t="уже"><v><l id="355422" t="уж"><g v="NOUN"></g><g v="anim"></g><g v="masc"></g><g v="sing"></g><g v="loct"></g></l></v><v><l id="355498" t="уже"><g v="ADVB"></g></l></v><v><l id="355674" t="уже"><g v="COMP"></g><g v="Qual"></g></l></v><v><l id="388673" t="уже"><g v="PRCL"></g></l></v></tfr></token><token id="691289" text="к"><tfr rev_id="1523153" t="к"><v><l id="127460" t="к"><g v="PREP"></g></l></v></tfr></token><token id="691290" text="2014"><tfr rev_id="2462813" t="2014"><v><l id="0" t="2014"><g v="NUMB"></g></l></v></tfr></token><token id="691291" text="году"><tfr rev_id="2850322" t="году"><v><l id="72149" t="год"><g v="NOUN"></g><g v="inan"></g><g v="masc"></g><g v="sing"></g><g v="datv"></g></l></v></tfr></token><token id="691292" text=","><tfr rev_id="1523156" t=","><v><l id="0" t=","><g v="PNCT"></g></l></v></tfr></token><token id="691293" text="а"><tfr rev_id="4103722" t="а"><v><l id="51" t="а"><g v="CONJ"></g></l></v></tfr></token><token id="691294" text="проекты"><tfr rev_id="3752024" t="проекты"><v><l id="279545" t="проект"><g v="NOUN"></g><g v="inan"></g><g v="masc"></g><g v="plur"></g><g v="nomn"></g></l></v></tfr></token><token id="691295" text="по"><tfr rev_id="1523159" t="по"><v><l id="241240" t="по"><g v="PREP"></g></l></v></tfr></token><token id="691296" text="развитию"><tfr rev_id="1523160" t="развитию"><v><l id="292545" t="развитие"><g v="NOUN"></g><g v="inan"></g><g v="neut"></g><g v="sing"></g><g v="datv"></g></l></v></tfr></token><token id="691297" text="инфраструктуры"><tfr rev_id="3455925" t="инфраструктуры"><v><l id="123617" t="инфраструктура"><g v="NOUN"></g><g v="inan"></g><g v="femn"></g><g v="sing"></g><g v="gent"></g></l></v></tfr></token><token id="691298" text="лишь"><tfr rev_id="1523162" t="лишь"><v><l id="150259" t="лишь"><g v="CONJ"></g></l></v><v><l id="150260" t="лишь"><g v="PRCL"></g></l></v></tfr></token><token id="691299" text="поспособствуют"><tfr rev_id="1523163" t="поспособствуют"><v><l id="261987" t="поспособствовал"><g v="VERB"></g><g v="perf"></g><g v="intr"></g><g v="plur"></g><g v="3per"></g><g v="futr"></g><g v="indc"></g></l></v></tfr></token><token id="691300" text="экономическому"><tfr rev_id="3408079" t="экономическому"><v><l id="383364" t="экономический"><g v="ADJF"></g><g v="masc"></g><g v="sing"></g><g v="datv"></g></l></v></tfr></token><token id="691301" text="росту"><tfr rev_id="4393702" t="росту"><v><l id="309343" t="рост"><g v="NOUN"></g><g v="inan"></g><g v="masc"></g><g v="sing"></g><g v="datv"></g></l></v></tfr></token><token id="691302" text="."><tfr rev_id="1523166" t="."><v><l id="0" t="."><g v="PNCT"></g></l></v></tfr></token></tokens></sentence></paragraph><paragraph id="12408"><sentence id="38756"><source>В конце июля Италия приняла решение о сокращении расходов на 70 млрд евро.</source><tokens><token id="691303" text="В"><tfr rev_id="1523167" t="В"><v><l id="37409" t="в"><g v="PREP"></g></l></v></tfr></token><token id="691304" text="конце"><tfr rev_id="1523168" t="конце"><v><l id="137815" t="конец"><g v="NOUN"></g><g v="inan"></g><g v="masc"></g><g v="sing"></g><g v="loct"></g></l></v></tfr></token><token id="691305" text="июля"><tfr rev_id="1523169" t="июля"><v><l id="127299" t="июль"><g v="NOUN"></g><g v="inan"></g><g v="masc"></g><g v="sing"></g><g v="gent"></g></l></v></tfr></token><token id="691306" text="Италия"><tfr rev_id="1523170" t="Италия"><v><l id="127098" t="италия"><g v="NOUN"></g><g v="inan"></g><g v="femn"></g><g v="Sgtm"></g><g v="Geox"></g><g v="sing"></g><g v="nomn"></g></l></v></tfr></token><token id="691307" text="приняла"><tfr rev_id="1523171" t="приняла"><v><l id="272700" t="принял"><g v="VERB"></g><g v="perf"></g><g v="tran"></g><g v="femn"></g><g v="sing"></g><g v="past"></g><g v="indc"></g></l></v></tfr></token><token id="691308" text="решение"><tfr rev_id="4105275" t="решение"><v><l id="307350" t="решение"><g v="NOUN"></g><g v="inan"></g><g v="neut"></g><g v="sing"></g><g v="accs"></g></l></v></tfr></token><token id="691309" text="о"><tfr rev_id="3326539" t="о"><v><l id="192977" t="о"><g v="PREP"></g></l></v></tfr></token><token id="691310" text="сокращении"><tfr rev_id="1523174" t="сокращении"><v><l id="328844" t="сокращение"><g v="NOUN"></g><g v="inan"></g><g v="neut"></g><g v="sing"></g><g v="loct"></g></l></v></tfr></token><token id="691311" text="расходов"><tfr rev_id="1523175" t="расходов"><v><l id="303036" t="расход"><g v="NOUN"></g><g v="inan"></g><g v="masc"></g><g v="plur"></g><g v="gent"></g></l></v></tfr></token><token id="691312" text="на"><tfr rev_id="3344234" t="на"><v><l id="166264" t="на"><g v="PREP"></g></l></v></tfr></token><token id="691313" text="70"><tfr rev_id="2462814" t="70"><v><l id="0" t="70"><g v="NUMB"></g></l></v></tfr></token><token id="691314" text="млрд"><tfr rev_id="4179015" t="млрд"><v><l id="389048" t="млрд"><g v="NOUN"></g><g v="inan"></g><g v="masc"></g><g v="Fixd"></g><g v="Abbr"></g><g v="plur"></g><g v="gent"></g></l></v></tfr></token><token id="691315" text="евро"><tfr rev_id="3807388" t="евро"><v><l id="94004" t="евро"><g v="NOUN"></g><g v="inan"></g><g v="neut"></g><g v="Fixd"></g><g v="plur"></g><g v="gent"></g></l></v></tfr></token><token id="691316" text="."><tfr rev_id="1523180" t="."><v><l id="0" t="."><g v="PNCT"></g></l></v></tfr></token></tokens></sentence><sentence id="38757"><source>Однако принятые меры не положили конец волнениям на финансовых рынках.</source><tokens><token id="691317" text="Однако"><tfr rev_id="2624617" t="Однако"><v><l id="203386" t="однако"><g v="INTJ"></g></l></v><v><l id="203387" t="однако"><g v="CONJ"></g><g v="Prnt"></g></l></v></tfr></token><token id="691318" text="принятые"><tfr rev_id="1523182" t="принятые"><v><l id="272698" t="принятый"><g v="ADJF"></g><g v="plur"></g><g v="nomn"></g></l></v><v><l id="272698" t="принятый"><g v="ADJF"></g><g v="inan"></g><g v="plur"></g><g v="accs"></g></l></v><v><l id="272703" t="принятый"><g v="PRTF"></g><g v="perf"></g><g v="tran"></g><g v="past"></g><g v="pssv"></g><g v="plur"></g><g v="nomn"></g></l></v><v><l id="272703" t="принятый"><g v="PRTF"></g><g v="perf"></g><g v="tran"></g><g v="past"></g><g v="pssv"></g><g v="inan"></g><g v="plur"></g><g v="accs"></g></l></v></tfr></token><token id="691319" text="меры"><tfr rev_id="3795755" t="меры"><v><l id="158460" t="мера"><g v="NOUN"></g><g v="inan"></g><g v="femn"></g><g v="plur"></g><g v="nomn"></g></l></v></tfr></token><token id="691320" text="не"><tfr rev_id="1523184" t="не"><v><l id="178876" t="не"><g v="PRCL"></g></l></v></tfr></token><token id="691321" text="положили"><tfr rev_id="1523185" t="положили"><v><l id="256270" t="положил"><g v="VERB"></g><g v="perf"></g><g v="tran"></g><g v="plur"></g><g v="past"></g><g v="indc"></g></l></v></tfr></token><token id="691322" text="конец"><tfr rev_id="1523186" t="конец"><v><l id="137815" t="конец"><g v="NOUN"></g><g v="inan"></g><g v="masc"></g><g v="sing"></g><g v="nomn"></g></l></v><v><l id="137815" t="конец"><g v="NOUN"></g><g v="inan"></g><g v="masc"></g><g v="sing"></g><g v="accs"></g></l></v></tfr></token><token id="691323" text="волнениям"><tfr rev_id="1523187" t="волнениям"><v><l id="50018" t="волнение"><g v="NOUN"></g><g v="inan"></g><g v="neut"></g><g v="plur"></g><g v="datv"></g></l></v></tfr></token><token id="691324" text="на"><tfr rev_id="3395946" t="на"><v><l id="166264" t="на"><g v="PREP"></g></l></v></tfr></token><token id="691325" text="финансовых"><tfr rev_id="3410999" t="финансовых"><v><l id="366103" t="финансовый"><g v="ADJF"></g><g v="plur"></g><g v="loct"></g></l></v></tfr></token><token id="691326" text="рынках"><tfr rev_id="1523190" t="рынках"><v><l id="310781" t="рынок"><g v="NOUN"></g><g v="inan"></g><g v="masc"></g><g v="plur"></g><g v="loct"></g></l></v></tfr></token><token id="691327" text="."><tfr rev_id="1523191" t="."><v><l id="0" t="."><g v="PNCT"></g></l></v></tfr></token></tokens></sentence><sentence id="38758"><source>До недавнего времени Италии - третьей экономике Европейского союза по показателям экономического роста - удавалось оставаться незатронутой финансовым кризисом благодаря сравнительно низкому бюджетному дефициту, консервативной финансовой системе и высокому уровню частных сбережений.</source><tokens><token id="691328" text="До"><tfr rev_id="1523192" t="До"><v><l id="85153" t="до"><g v="PREP"></g></l></v></tfr></token><token id="691329" text="недавнего"><tfr rev_id="3549215" t="недавнего"><v><l id="180618" t="недавний"><g v="ADJF"></g><g v="Qual"></g><g v="neut"></g><g v="sing"></g><g v="gent"></g></l></v></tfr></token><token id="691330" text="времени"><tfr rev_id="3545511" t="времени"><v><l id="53149" t="время"><g v="NOUN"></g><g v="inan"></g><g v="neut"></g><g v="sing"></g><g v="gent"></g></l></v></tfr></token><token id="691331" text="Италии"><tfr rev_id="3456998" t="Италии"><v><l id="127098" t="италия"><g v="NOUN"></g><g v="inan"></g><g v="femn"></g><g v="Sgtm"></g><g v="Geox"></g><g v="sing"></g><g v="datv"></g></l></v></tfr></token><token id="691332" text="-"><tfr rev_id="1523196" t="-"><v><l id="0" t="-"><g v="PNCT"></g></l></v></tfr></token><token id="691333" text="третьей"><tfr rev_id="4076523" t="третьей"><v><l id="349855" t="третий"><g v="ADJF"></g><g v="Anum"></g><g v="femn"></g><g v="sing"></g><g v="datv"></g></l></v></tfr></token><token id="691334" text="экономике"><tfr rev_id="3546083" t="экономике"><v><l id="383340" t="экономика"><g v="NOUN"></g><g v="inan"></g><g v="femn"></g><g v="sing"></g><g v="datv"></g></l></v></tfr></token><token id="691335" text="Европейского"><tfr rev_id="3470167" t="Европейского"><v><l id="94034" t="европейский"><g v="ADJF"></g><g v="masc"></g><g v="sing"></g><g v="gent"></g></l></v><v><l id="94034" t="европейский"><g v="ADJF"></g><g v="anim"></g><g v="masc"></g><g v="sing"></g><g v="accs"></g></l></v></tfr></token><token id="691336" text="союза"><tfr rev_id="1523200" t="союза"><v><l id="331314" t="союз"><g v="NOUN"></g><g v="inan"></g><g v="masc"></g><g v="sing"></g><g v="gent"></g></l></v></tfr></token><token id="691337" text="по"><tfr rev_id="1523201" t="по"><v><l id="241240" t="по"><g v="PREP"></g></l></v></tfr></token><token id="691338" text="показателям"><tfr rev_id="1523202" t="показателям"><v><l id="253977" t="показатель"><g v="NOUN"></g><g v="inan"></g><g v="masc"></g><g v="plur"></g><g v="datv"></g></l></v></tfr></token><token id="691339" text="экономического"><tfr rev_id="3881271" t="экономического"><v><l id="383364" t="экономический"><g v="ADJF"></g><g v="masc"></g><g v="sing"></g><g v="gent"></g></l></v><v><l id="383364" t="экономический"><g v="ADJF"></g><g v="anim"></g><g v="masc"></g><g v="sing"></g><g v="accs"></g></l></v></tfr></token><token id="691340" text="роста"><tfr rev_id="3489176" t="роста"><v><l id="309343" t="рост"><g v="NOUN"></g><g v="inan"></g><g v="masc"></g><g v="sing"></g><g v="gen1"></g></l></v></tfr></token><token id="691341" text="-"><tfr rev_id="1523205" t="-"><v><l id="0" t="-"><g v="PNCT"></g></l></v></tfr></token><token id="691342" text="удавалось"><tfr rev_id="1523206" t="удавалось"><v><l id="354599" t="удаюсь"><g v="VERB"></g><g v="impf"></g><g v="intr"></g><g v="neut"></g><g v="sing"></g><g v="past"></g><g v="indc"></g></l></v></tfr></token><token id="691343" text="оставаться"><tfr rev_id="1523207" t="оставаться"><v><l id="210813" t="оставаться"><g v="INFN"></g><g v="impf"></g><g v="intr"></g></l></v></tfr></token><token id="691344" text="незатронутой"><tfr rev_id="4167495" t="незатронутой"><v><l id="182434" t="незатронутый"><g v="ADJF"></g><g v="femn"></g><g v="sing"></g><g v="ablt"></g></l></v></tfr></token><token id="691345" text="финансовым"><tfr rev_id="4462710" t="финансовым"><v><l id="366103" t="финансовый"><g v="ADJF"></g><g v="masc"></g><g v="sing"></g><g v="ablt"></g></l></v></tfr></token><token id="691346" text="кризисом"><tfr rev_id="1523210" t="кризисом"><v><l id="142725" t="кризис"><g v="NOUN"></g><g v="inan"></g><g v="masc"></g><g v="sing"></g><g v="ablt"></g></l></v></tfr></token><token id="691347" text="благодаря"><tfr rev_id="2948589" t="благодаря"><v><l id="30404" t="благодаря"><g v="PREP"></g></l></v></tfr></token><token id="691348" text="сравнительно"><tfr rev_id="1523212" t="сравнительно"><v><l id="333326" t="сравнительно"><g v="ADVB"></g></l></v><v><l id="333329" t="сравнителен"><g v="ADJS"></g><g v="neut"></g><g v="sing"></g></l></v></tfr></token><token id="691349" text="низкому"><tfr rev_id="3881375" t="низкому"><v><l id="190662" t="низкий"><g v="ADJF"></g><g v="Qual"></g><g v="masc"></g><g v="sing"></g><g v="datv"></g></l></v></tfr></token><token id="691350" text="бюджетному"><tfr rev_id="3449129" t="бюджетному"><v><l id="37329" t="бюджетный"><g v="ADJF"></g><g v="Qual"></g><g v="masc"></g><g v="sing"></g><g v="datv"></g></l></v></tfr></token><token id="691351" text="дефициту"><tfr rev_id="1523215" t="дефициту"><v><l id="82328" t="дефицит"><g v="NOUN"></g><g v="inan"></g><g v="masc"></g><g v="sing"></g><g v="datv"></g></l></v></tfr></token><token id="691352" text=","><tfr rev_id="1523216" t=","><v><l id="0" t=","><g v="PNCT"></g></l></v></tfr></token><token id="691353" text="консервативной"><tfr rev_id="3301291" t="консервативной"><v><l id="138047" t="консервативный"><g v="ADJF"></g><g v="Qual"></g><g v="femn"></g><g v="sing"></g><g v="datv"></g></l></v></tfr></token><token id="691354" text="финансовой"><tfr rev_id="4159598" t="финансовой"><v><l id="366103" t="финансовый"><g v="ADJF"></g><g v="femn"></g><g v="sing"></g><g v="datv"></g></l></v></tfr></token><token id="691355" text="системе"><tfr rev_id="3472083" t="системе"><v><l id="321350" t="система"><g v="NOUN"></g><g v="inan"></g><g v="femn"></g><g v="sing"></g><g v="datv"></g></l></v></tfr></token><token id="691356" text="и"><tfr rev_id="1523220" t="и"><v><l id="116949" t="и"><g v="CONJ"></g></l></v><v><l id="116950" t="и"><g v="INTJ"></g></l></v></tfr></token><token id="691357" text="высокому"><tfr rev_id="3453791" t="высокому"><v><l id="62135" t="высокий"><g v="ADJF"></g><g v="Qual"></g><g v="masc"></g><g v="sing"></g><g v="datv"></g></l></v></tfr></token><token id="691358" text="уровню"><tfr rev_id="1523222" t="уровню"><v><l id="359953" t="уровень"><g v="NOUN"></g><g v="inan"></g><g v="masc"></g><g v="sing"></g><g v="datv"></g></l></v></tfr></token><token id="691359" text="частных"><tfr rev_id="4401188" t="частных"><v><l id="374795" t="частный"><g v="ADJF"></g><g v="Qual"></g><g v="plur"></g><g v="gent"></g></l></v></tfr></token><token id="691360" text="сбережений"><tfr rev_id="1523224" t="сбережений"><v><l id="314187" t="сбережение"><g v="NOUN"></g><g v="inan"></g><g v="neut"></g><g v="plur"></g><g v="gent"></g></l></v></tfr></token><token id="691361" text="."><tfr rev_id="1523225" t="."><v><l id="0" t="."><g v="PNCT"></g></l></v></tfr></token></tokens></sentence><sentence id="38759"><source>Однако сейчас ситуация поменялась.</source><tokens><token id="691362" text="Однако"><tfr rev_id="2624618" t="Однако"><v><l id="203386" t="однако"><g v="INTJ"></g></l></v><v><l id="203387" t="однако"><g v="CONJ"></g><g v="Prnt"></g></l></v></tfr></token><token id="691363" text="сейчас"><tfr rev_id="1523227" t="сейчас"><v><l id="317975" t="сейчас"><g v="ADVB"></g></l></v></tfr></token><token id="691364" text="ситуация"><tfr rev_id="1523228" t="ситуация"><v><l id="321441" t="ситуация"><g v="NOUN"></g><g v="inan"></g><g v="femn"></g><g v="sing"></g><g v="nomn"></g></l></v></tfr></token><token id="691365" text="поменялась"><tfr rev_id="1523229" t="поменялась"><v><l id="257513" t="поменялся"><g v="VERB"></g><g v="perf"></g><g v="intr"></g><g v="femn"></g><g v="sing"></g><g v="past"></g><g v="indc"></g></l></v></tfr></token><token id="691366" text="."><tfr rev_id="1523230" t="."><v><l id="0" t="."><g v="PNCT"></g></l></v></tfr></token></tokens></sentence><sentence id="38760"><source>Рейтинговые агентства предупреждают, что могут понизить кредитный рейтинг Италии.</source><tokens><token id="691367" text="Рейтинговые"><tfr rev_id="3746713" t="Рейтинговые"><v><l id="305608" t="рейтинговый"><g v="ADJF"></g><g v="plur"></g><g v="nomn"></g></l></v></tfr></token><token id="691368" text="агентства"><tfr rev_id="3815338" t="агентства"><v><l id="3934" t="агентство"><g v="NOUN"></g><g v="inan"></g><g v="neut"></g><g v="plur"></g><g v="nomn"></g></l></v></tfr></token><token id="691369" text="предупреждают"><tfr rev_id="1523233" t="предупреждают"><v><l id="267280" t="предупреждаю"><g v="VERB"></g><g v="impf"></g><g v="tran"></g><g v="plur"></g><g v="3per"></g><g v="pres"></g><g v="indc"></g></l></v></tfr></token><token id="691370" text=","><tfr rev_id="1523234" t=","><v><l id="0" t=","><g v="PNCT"></g></l></v></tfr></token><token id="691371" text="что"><tfr rev_id="3197692" t="что"><v><l id="377004" t="что"><g v="CONJ"></g></l></v><v><l id="377005" t="что"><g v="NPRO"></g><g v="neut"></g><g v="sing"></g><g v="nomn"></g></l></v><v><l id="377005" t="что"><g v="NPRO"></g><g v="neut"></g><g v="sing"></g><g v="accs"></g></l></v><v><l id="377006" t="что"><g v="ADVB"></g><g v="Ques"></g></l></v><v><l id="388695" t="что"><g v="PRCL"></g></l></v></tfr></token><token id="691372" text="могут"><tfr rev_id="1523236" t="могут"><v><l id="164485" t="могу"><g v="VERB"></g><g v="impf"></g><g v="intr"></g><g v="plur"></g><g v="3per"></g><g v="pres"></g><g v="indc"></g></l></v></tfr></token><token id="691373" text="понизить"><tfr rev_id="1523237" t="понизить"><v><l id="258431" t="понизить"><g v="INFN"></g><g v="perf"></g><g v="tran"></g></l></v></tfr></token><token id="691374" text="кредитный"><tfr rev_id="3806694" t="кредитный"><v><l id="142169" t="кредитный"><g v="ADJF"></g><g v="Qual"></g><g v="inan"></g><g v="masc"></g><g v="sing"></g><g v="accs"></g></l></v></tfr></token><token id="691375" text="рейтинг"><tfr rev_id="4096804" t="рейтинг"><v><l id="305607" t="рейтинг"><g v="NOUN"></g><g v="inan"></g><g v="masc"></g><g v="sing"></g><g v="accs"></g></l></v></tfr></token><token id="691376" text="Италии"><tfr rev_id="1523240" t="Италии"><v><l id="127098" t="италия"><g v="NOUN"></g><g v="inan"></g><g v="femn"></g><g v="Sgtm"></g><g v="Geox"></g><g v="sing"></g><g v="gent"></g></l></v><v><l id="127098" t="италия"><g v="NOUN"></g><g v="inan"></g><g v="femn"></g><g v="Sgtm"></g><g v="Geox"></g><g v="sing"></g><g v="datv"></g></l></v><v><l id="127098" t="италия"><g v="NOUN"></g><g v="inan"></g><g v="femn"></g><g v="Sgtm"></g><g v="Geox"></g><g v="sing"></g><g v="loct"></g></l></v></tfr></token><token id="691377" text="."><tfr rev_id="1523241" t="."><v><l id="0" t="."><g v="PNCT"></g></l></v></tfr></token></tokens></sentence><sentence id="38761"><source>По мнению многих аналитиков, с создавшейся проблемой силами одной страны уже не справиться, однако для такого государства, как Италия, пакет мер экономической помощи должен быть значительно больше, чем для Греции.</source><tokens><token id="691378" text="По"><tfr rev_id="1523242" t="По"><v><l id="241240" t="по"><g v="PREP"></g></l></v></tfr></token><token id="691379" text="мнению"><tfr rev_id="1523243" t="мнению"><v><l id="161395" t="мнение"><g v="NOUN"></g><g v="inan"></g><g v="neut"></g><g v="sing"></g><g v="datv"></g></l></v></tfr></token><token id="691380" text="многих"><tfr rev_id="4408224" t="многих"><v><l id="161427" t="многий"><g v="ADJF"></g><g v="Apro"></g><g v="plur"></g><g v="gent"></g></l></v></tfr></token><token id="691381" text="аналитиков"><tfr rev_id="4098131" t="аналитиков"><v><l id="12228" t="аналитик"><g v="NOUN"></g><g v="anim"></g><g v="masc"></g><g v="plur"></g><g v="gent"></g></l></v></tfr></token><token id="691382" text=","><tfr rev_id="1523246" t=","><v><l id="0" t=","><g v="PNCT"></g></l></v></tfr></token><token id="691383" text="с"><tfr rev_id="1523247" t="с"><v><l id="311151" t="с"><g v="PREP"></g></l></v></tfr></token><token id="691384" text="создавшейся"><tfr rev_id="3445726" t="создавшейся"><v><l id="328593" t="создавшийся"><g v="PRTF"></g><g v="perf"></g><g v="intr"></g><g v="past"></g><g v="actv"></g><g v="femn"></g><g v="sing"></g><g v="ablt"></g></l></v></tfr></token><token id="691385" text="проблемой"><tfr rev_id="1523249" t="проблемой"><v><l id="277255" t="проблема"><g v="NOUN"></g><g v="inan"></g><g v="femn"></g><g v="sing"></g><g v="ablt"></g></l></v></tfr></token><token id="691386" text="силами"><tfr rev_id="1523250" t="силами"><v><l id="320333" t="сила"><g v="NOUN"></g><g v="inan"></g><g v="femn"></g><g v="plur"></g><g v="ablt"></g></l></v></tfr></token><token id="691387" text="одной"><tfr rev_id="4302367" t="одной"><v><l id="203319" t="один"><g v="ADJF"></g><g v="Apro"></g><g v="Anum"></g><g v="femn"></g><g v="sing"></g><g v="gent"></g></l></v></tfr></token><token id="691388" text="страны"><tfr rev_id="3495574" t="страны"><v><l id="337100" t="страна"><g v="NOUN"></g><g v="inan"></g><g v="femn"></g><g v="sing"></g><g v="gent"></g></l></v></tfr></token><token id="691389" text="уже"><tfr rev_id="2692899" t="уже"><v><l id="355422" t="уж"><g v="NOUN"></g><g v="anim"></g><g v="masc"></g><g v="sing"></g><g v="loct"></g></l></v><v><l id="355498" t="уже"><g v="ADVB"></g></l></v><v><l id="355674" t="уже"><g v="COMP"></g><g v="Qual"></g></l></v><v><l id="388673" t="уже"><g v="PRCL"></g></l></v></tfr></token><token id="691390" text="не"><tfr rev_id="1523254" t="не"><v><l id="178876" t="не"><g v="PRCL"></g></l></v></tfr></token><token id="691391" text="справиться"><tfr rev_id="1523255" t="справиться"><v><l id="332900" t="справиться"><g v="INFN"></g><g v="perf"></g><g v="intr"></g></l></v></tfr></token><token id="691392" text=","><tfr rev_id="1523256" t=","><v><l id="0" t=","><g v="PNCT"></g></l></v></tfr></token><token id="691393" text="однако"><tfr rev_id="2624619" t="однако"><v><l id="203386" t="однако"><g v="INTJ"></g></l></v><v><l id="203387" t="однако"><g v="CONJ"></g><g v="Prnt"></g></l></v></tfr></token><token id="691394" text="для"><tfr rev_id="3418322" t="для"><v><l id="85032" t="для"><g v="PREP"></g></l></v></tfr></token><token id="691395" text="такого"><tfr rev_id="3823847" t="такого"><v><l id="342491" t="такой"><g v="ADJF"></g><g v="Apro"></g><g v="neut"></g><g v="sing"></g><g v="gent"></g></l></v></tfr></token><token id="691396" text="государства"><tfr rev_id="3124659" t="государства"><v><l id="74164" t="государство"><g v="NOUN"></g><g v="inan"></g><g v="neut"></g><g v="sing"></g><g v="gent"></g></l></v></tfr></token><token id="691397" text=","><tfr rev_id="1523261" t=","><v><l id="0" t=","><g v="PNCT"></g></l></v></tfr></token><token id="691398" text="как"><tfr rev_id="1523262" t="как"><v><l id="128190" t="как"><g v="CONJ"></g></l></v><v><l id="128191" t="как"><g v="PRCL"></g></l></v><v><l id="128192" t="как"><g v="ADVB"></g><g v="Ques"></g></l></v></tfr></token><token id="691399" text="Италия"><tfr rev_id="1523263" t="Италия"><v><l id="127098" t="италия"><g v="NOUN"></g><g v="inan"></g><g v="femn"></g><g v="Sgtm"></g><g v="Geox"></g><g v="sing"></g><g v="nomn"></g></l></v></tfr></token><token id="691400" text=","><tfr rev_id="1523264" t=","><v><l id="0" t=","><g v="PNCT"></g></l></v></tfr></token><token id="691401" text="пакет"><tfr rev_id="3679180" t="пакет"><v><l id="222645" t="пакет"><g v="NOUN"></g><g v="inan"></g><g v="masc"></g><g v="sing"></g><g v="nomn"></g></l></v></tfr></token><token id="691402" text="мер"><tfr rev_id="1716019" t="мер"><v><l id="158460" t="мера"><g v="NOUN"></g><g v="inan"></g><g v="femn"></g><g v="plur"></g><g v="gent"></g></l></v></tfr></token><token id="691403" text="экономической"><tfr rev_id="2369711" t="экономической"><v><l id="383364" t="экономический"><g v="ADJF"></g><g v="femn"></g><g v="sing"></g><g v="gent"></g></l></v></tfr></token><token id="691404" text="помощи"><tfr rev_id="4178081" t="помощи"><v><l id="257960" t="помощь"><g v="NOUN"></g><g v="inan"></g><g v="femn"></g><g v="sing"></g><g v="gent"></g></l></v></tfr></token><token id="691405" text="должен"><tfr rev_id="2558808" t="должен"><v><l id="87975" t="должен"><g v="ADJS"></g><g v="masc"></g><g v="sing"></g></l></v></tfr></token><token id="691406" text="быть"><tfr rev_id="1523270" t="быть"><v><l id="37266" t="быть"><g v="INFN"></g><g v="impf"></g><g v="intr"></g></l></v></tfr></token><token id="691407" text="значительно"><tfr rev_id="1523271" t="значительно"><v><l id="116024" t="значительно"><g v="ADVB"></g></l></v><v><l id="116028" t="значителен"><g v="ADJS"></g><g v="Qual"></g><g v="neut"></g><g v="sing"></g></l></v></tfr></token><token id="691408" text="больше"><tfr rev_id="2558521" t="больше"><v><l id="32325" t="больше"><g v="ADVB"></g></l></v><v><l id="32447" t="больше"><g v="COMP"></g><g v="Qual"></g></l></v></tfr></token><token id="691409" text=","><tfr rev_id="1523273" t=","><v><l id="0" t=","><g v="PNCT"></g></l></v></tfr></token><token id="691410" text="чем"><tfr rev_id="4307003" t="чем"><v><l id="375161" t="чем"><g v="CONJ"></g></l></v></tfr></token><token id="691411" text="для"><tfr rev_id="2922675" t="для"><v><l id="85032" t="для"><g v="PREP"></g></l></v></tfr></token><token id="691412" text="Греции"><tfr rev_id="3455732" t="Греции"><v><l id="75122" t="греция"><g v="NOUN"></g><g v="inan"></g><g v="femn"></g><g v="Sgtm"></g><g v="Geox"></g><g v="sing"></g><g v="gent"></g></l></v></tfr></token><token id="691413" text="."><tfr rev_id="1523277" t="."><v><l id="0" t="."><g v="PNCT"></g></l></v></tfr></token></tokens></sentence></paragraph></paragraphs></text>