<?xml version="1.0" encoding="utf-8"?><text id="1372" parent="602" name="0069325 интимная переписка"><tags><tag>url:http://l-i-d-y-a.livejournal.com/69325.html</tag><tag>Год:2008</tag><tag>Дата:10/12</tag><tag>Время:23:55</tag><tag>ЖЖ:Метка:семейное</tag></tags><paragraphs><paragraph id="12462"><sentence id="38977"><source>Добрый день!</source><tokens><token id="694839" text="Добрый"><tfr rev_id="1526700" t="Добрый"><v><l id="85552" t="добрый"><g v="ADJF"></g><g v="Qual"></g><g v="masc"></g><g v="sing"></g><g v="nomn"></g></l></v><v><l id="85552" t="добрый"><g v="ADJF"></g><g v="Qual"></g><g v="inan"></g><g v="masc"></g><g v="sing"></g><g v="accs"></g></l></v></tfr></token><token id="694840" text="день"><tfr rev_id="1716305" t="день"><v><l id="81427" t="день"><g v="NOUN"></g><g v="inan"></g><g v="masc"></g><g v="sing"></g><g v="nomn"></g></l></v><v><l id="81427" t="день"><g v="NOUN"></g><g v="inan"></g><g v="masc"></g><g v="sing"></g><g v="accs"></g></l></v></tfr></token><token id="694841" text="!"><tfr rev_id="1526702" t="!"><v><l id="0" t="!"><g v="PNCT"></g></l></v></tfr></token></tokens></sentence></paragraph><paragraph id="12463"><sentence id="38978"><source>Не спится?</source><tokens><token id="694842" text="Не"><tfr rev_id="1526703" t="Не"><v><l id="178876" t="не"><g v="PRCL"></g></l></v></tfr></token><token id="694843" text="спится"><tfr rev_id="1526704" t="спится"><v><l id="331616" t="спалось"><g v="VERB"></g><g v="impf"></g><g v="intr"></g><g v="Impe"></g><g v="sing"></g><g v="pres"></g><g v="indc"></g></l></v></tfr></token><token id="694844" text="?"><tfr rev_id="1526705" t="?"><v><l id="0" t="?"><g v="PNCT"></g></l></v></tfr></token></tokens></sentence></paragraph><paragraph id="12464"><sentence id="38979"><source>Ага.</source><tokens><token id="694845" text="Ага"><tfr rev_id="1526706" t="Ага"><v><l id="3572" t="ага"><g v="NOUN"></g><g v="anim"></g><g v="masc"></g><g v="sing"></g><g v="nomn"></g></l></v><v><l id="3573" t="ага"><g v="PRCL"></g></l></v><v><l id="3574" t="ага"><g v="INTJ"></g></l></v></tfr></token><token id="694846" text="."><tfr rev_id="1526707" t="."><v><l id="0" t="."><g v="PNCT"></g></l></v></tfr></token></tokens></sentence><sentence id="38980"><source>Проснулся, стал искать жену, нашел оладьи, вкусные, спасибо.</source><tokens><token id="694847" text="Проснулся"><tfr rev_id="1526708" t="Проснулся"><v><l id="284691" t="проснулся"><g v="VERB"></g><g v="perf"></g><g v="intr"></g><g v="masc"></g><g v="sing"></g><g v="past"></g><g v="indc"></g></l></v></tfr></token><token id="694848" text=","><tfr rev_id="1526709" t=","><v><l id="0" t=","><g v="PNCT"></g></l></v></tfr></token><token id="694849" text="стал"><tfr rev_id="1526710" t="стал"><v><l id="335164" t="стал"><g v="VERB"></g><g v="perf"></g><g v="intr"></g><g v="masc"></g><g v="sing"></g><g v="past"></g><g v="indc"></g></l></v></tfr></token><token id="694850" text="искать"><tfr rev_id="1526711" t="искать"><v><l id="124300" t="искать"><g v="INFN"></g><g v="impf"></g><g v="tran"></g></l></v></tfr></token><token id="694851" text="жену"><tfr rev_id="1526712" t="жену"><v><l id="96662" t="жена"><g v="NOUN"></g><g v="anim"></g><g v="femn"></g><g v="sing"></g><g v="accs"></g></l></v></tfr></token><token id="694852" text=","><tfr rev_id="1526713" t=","><v><l id="0" t=","><g v="PNCT"></g></l></v></tfr></token><token id="694853" text="нашел"><tfr rev_id="1526714" t="нашел"><v><l id="170611" t="нашёл"><g v="VERB"></g><g v="perf"></g><g v="tran"></g><g v="masc"></g><g v="sing"></g><g v="past"></g><g v="indc"></g></l></v></tfr></token><token id="694854" text="оладьи"><tfr rev_id="3802057" t="оладьи"><v><l id="205955" t="оладья"><g v="NOUN"></g><g v="inan"></g><g v="femn"></g><g v="plur"></g><g v="accs"></g></l></v></tfr></token><token id="694855" text=","><tfr rev_id="1526716" t=","><v><l id="0" t=","><g v="PNCT"></g></l></v></tfr></token><token id="694856" text="вкусные"><tfr rev_id="3742228" t="вкусные"><v><l id="46422" t="вкусный"><g v="ADJF"></g><g v="Qual"></g><g v="inan"></g><g v="plur"></g><g v="accs"></g></l></v></tfr></token><token id="694857" text=","><tfr rev_id="1526718" t=","><v><l id="0" t=","><g v="PNCT"></g></l></v></tfr></token><token id="694858" text="спасибо"><tfr rev_id="3390170" t="спасибо"><v><l id="331558" t="спасибо"><g v="NOUN"></g><g v="inan"></g><g v="neut"></g><g v="Fixd"></g><g v="sing"></g><g v="nomn"></g></l></v><v><l id="331558" t="спасибо"><g v="NOUN"></g><g v="inan"></g><g v="neut"></g><g v="Fixd"></g><g v="sing"></g><g v="gent"></g></l></v><v><l id="331558" t="спасибо"><g v="NOUN"></g><g v="inan"></g><g v="neut"></g><g v="Fixd"></g><g v="sing"></g><g v="datv"></g></l></v><v><l id="331558" t="спасибо"><g v="NOUN"></g><g v="inan"></g><g v="neut"></g><g v="Fixd"></g><g v="sing"></g><g v="accs"></g></l></v><v><l id="331558" t="спасибо"><g v="NOUN"></g><g v="inan"></g><g v="neut"></g><g v="Fixd"></g><g v="sing"></g><g v="ablt"></g></l></v><v><l id="331558" t="спасибо"><g v="NOUN"></g><g v="inan"></g><g v="neut"></g><g v="Fixd"></g><g v="sing"></g><g v="loct"></g></l></v><v><l id="331558" t="спасибо"><g v="NOUN"></g><g v="inan"></g><g v="neut"></g><g v="Fixd"></g><g v="plur"></g><g v="nomn"></g></l></v><v><l id="331558" t="спасибо"><g v="NOUN"></g><g v="inan"></g><g v="neut"></g><g v="Fixd"></g><g v="plur"></g><g v="gent"></g></l></v><v><l id="331558" t="спасибо"><g v="NOUN"></g><g v="inan"></g><g v="neut"></g><g v="Fixd"></g><g v="plur"></g><g v="datv"></g></l></v><v><l id="331558" t="спасибо"><g v="NOUN"></g><g v="inan"></g><g v="neut"></g><g v="Fixd"></g><g v="plur"></g><g v="accs"></g></l></v><v><l id="331558" t="спасибо"><g v="NOUN"></g><g v="inan"></g><g v="neut"></g><g v="Fixd"></g><g v="plur"></g><g v="ablt"></g></l></v><v><l id="331558" t="спасибо"><g v="NOUN"></g><g v="inan"></g><g v="neut"></g><g v="Fixd"></g><g v="plur"></g><g v="loct"></g></l></v><v><l id="331559" t="спасибо"><g v="INTJ"></g></l></v><v><l id="388675" t="спасибо"><g v="PRCL"></g></l></v></tfr></token><token id="694859" text="."><tfr rev_id="1526720" t="."><v><l id="0" t="."><g v="PNCT"></g></l></v></tfr></token></tokens></sentence></paragraph><paragraph id="12465"><sentence id="38981"><source>Пойди в ванну, шкафчик поищи.</source><tokens><token id="694860" text="Пойди"><tfr rev_id="1526721" t="Пойди"><v><l id="253964" t="пошёл"><g v="VERB"></g><g v="perf"></g><g v="intr"></g><g v="sing"></g><g v="impr"></g><g v="excl"></g></l></v></tfr></token><token id="694861" text="в"><tfr rev_id="1526722" t="в"><v><l id="37409" t="в"><g v="PREP"></g></l></v></tfr></token><token id="694862" text="ванну"><tfr rev_id="1526723" t="ванну"><v><l id="38596" t="ванна"><g v="NOUN"></g><g v="inan"></g><g v="femn"></g><g v="sing"></g><g v="accs"></g></l></v></tfr></token><token id="694863" text=","><tfr rev_id="1526724" t=","><v><l id="0" t=","><g v="PNCT"></g></l></v></tfr></token><token id="694864" text="шкафчик"><tfr rev_id="1526725" t="шкафчик"><v><l id="380174" t="шкафчик"><g v="NOUN"></g><g v="inan"></g><g v="masc"></g><g v="sing"></g><g v="nomn"></g></l></v><v><l id="380174" t="шкафчик"><g v="NOUN"></g><g v="inan"></g><g v="masc"></g><g v="sing"></g><g v="accs"></g></l></v></tfr></token><token id="694865" text="поищи"><tfr rev_id="1526726" t="поищи"><v><l id="253881" t="поискал"><g v="VERB"></g><g v="perf"></g><g v="tran"></g><g v="sing"></g><g v="impr"></g><g v="excl"></g></l></v></tfr></token><token id="694866" text="."><tfr rev_id="1526727" t="."><v><l id="0" t="."><g v="PNCT"></g></l></v></tfr></token></tokens></sentence></paragraph><paragraph id="12466"><sentence id="38982"><source>Нашел, но жены там нет - зачем он мне такой нужен - повешу на стену, чтоб меньше места занимал.</source><tokens><token id="694867" text="Нашел"><tfr rev_id="1526728" t="Нашел"><v><l id="170611" t="нашёл"><g v="VERB"></g><g v="perf"></g><g v="tran"></g><g v="masc"></g><g v="sing"></g><g v="past"></g><g v="indc"></g></l></v></tfr></token><token id="694868" text=","><tfr rev_id="1526729" t=","><v><l id="0" t=","><g v="PNCT"></g></l></v></tfr></token><token id="694869" text="но"><tfr rev_id="3688508" t="но"><v><l id="191429" t="но"><g v="CONJ"></g></l></v></tfr></token><token id="694870" text="жены"><tfr rev_id="3495726" t="жены"><v><l id="96662" t="жена"><g v="NOUN"></g><g v="anim"></g><g v="femn"></g><g v="sing"></g><g v="gent"></g></l></v></tfr></token><token id="694871" text="там"><tfr rev_id="1526732" t="там"><v><l id="342752" t="там"><g v="PRCL"></g></l></v><v><l id="342753" t="там"><g v="ADVB"></g><g v="Dmns"></g></l></v></tfr></token><token id="694872" text="нет"><tfr rev_id="4139948" t="нет"><v><l id="188868" t="нет"><g v="PRCL"></g></l></v><v><l id="188869" t="нет"><g v="INTJ"></g></l></v><v><l id="389552" t="нет"><g v="PRED"></g><g v="pres"></g></l></v></tfr></token><token id="694873" text="-"><tfr rev_id="1526734" t="-"><v><l id="0" t="-"><g v="PNCT"></g></l></v></tfr></token><token id="694874" text="зачем"><tfr rev_id="1526735" t="зачем"><v><l id="113274" t="зачем"><g v="ADVB"></g><g v="Ques"></g><g v="Prdx"></g></l></v></tfr></token><token id="694875" text="он"><tfr rev_id="3575820" t="он"><v><l id="206541" t="он"><g v="NPRO"></g><g v="masc"></g><g v="3per"></g><g v="Anph"></g><g v="sing"></g><g v="nomn"></g></l></v></tfr></token><token id="694876" text="мне"><tfr rev_id="4202249" t="мне"><v><l id="387317" t="я"><g v="NPRO"></g><g v="1per"></g><g v="sing"></g><g v="datv"></g></l></v></tfr></token><token id="694877" text="такой"><tfr rev_id="2635705" t="такой"><v><l id="342491" t="такой"><g v="ADJF"></g><g v="Apro"></g><g v="masc"></g><g v="sing"></g><g v="nomn"></g></l></v><v><l id="342491" t="такой"><g v="ADJF"></g><g v="Apro"></g><g v="inan"></g><g v="masc"></g><g v="sing"></g><g v="accs"></g></l></v></tfr></token><token id="694878" text="нужен"><tfr rev_id="1526739" t="нужен"><v><l id="192584" t="нужен"><g v="ADJS"></g><g v="Qual"></g><g v="masc"></g><g v="sing"></g></l></v></tfr></token><token id="694879" text="-"><tfr rev_id="1526740" t="-"><v><l id="0" t="-"><g v="PNCT"></g></l></v></tfr></token><token id="694880" text="повешу"><tfr rev_id="1526741" t="повешу"><v><l id="242299" t="повесил"><g v="VERB"></g><g v="perf"></g><g v="tran"></g><g v="sing"></g><g v="1per"></g><g v="futr"></g><g v="indc"></g></l></v></tfr></token><token id="694881" text="на"><tfr rev_id="3340263" t="на"><v><l id="166264" t="на"><g v="PREP"></g></l></v></tfr></token><token id="694882" text="стену"><tfr rev_id="4175960" t="стену"><v><l id="335683" t="стена"><g v="NOUN"></g><g v="inan"></g><g v="femn"></g><g v="sing"></g><g v="accs"></g></l></v></tfr></token><token id="694883" text=","><tfr rev_id="1526744" t=","><v><l id="0" t=","><g v="PNCT"></g></l></v></tfr></token><token id="694884" text="чтоб"><tfr rev_id="1526745" t="чтоб"><v><l id="377011" t="чтоб"><g v="CONJ"></g></l></v><v><l id="377012" t="чтоб"><g v="PRCL"></g></l></v></tfr></token><token id="694885" text="меньше"><tfr rev_id="4266769" t="меньше"><v><l id="153697" t="меньше"><g v="COMP"></g><g v="Qual"></g></l></v></tfr></token><token id="694886" text="места"><tfr rev_id="3455866" t="места"><v><l id="158822" t="место"><g v="NOUN"></g><g v="inan"></g><g v="neut"></g><g v="sing"></g><g v="gent"></g></l></v></tfr></token><token id="694887" text="занимал"><tfr rev_id="1526748" t="занимал"><v><l id="106412" t="занимаю"><g v="VERB"></g><g v="impf"></g><g v="tran"></g><g v="masc"></g><g v="sing"></g><g v="past"></g><g v="indc"></g></l></v></tfr></token><token id="694888" text="."><tfr rev_id="1526749" t="."><v><l id="0" t="."><g v="PNCT"></g></l></v></tfr></token></tokens></sentence></paragraph><paragraph id="12467"><sentence id="38983"><source>Ну в Интернете поищи.</source><tokens><token id="694889" text="Ну"><tfr rev_id="1526750" t="Ну"><v><l id="192524" t="ну"><g v="INTJ"></g></l></v><v><l id="192525" t="ну"><g v="PRCL"></g></l></v></tfr></token><token id="694890" text="в"><tfr rev_id="1526751" t="в"><v><l id="37409" t="в"><g v="PREP"></g></l></v></tfr></token><token id="694891" text="Интернете"><tfr rev_id="1526752" t="Интернете"><v><l id="123255" t="интернет"><g v="NOUN"></g><g v="inan"></g><g v="masc"></g><g v="sing"></g><g v="loct"></g></l></v></tfr></token><token id="694892" text="поищи"><tfr rev_id="1526753" t="поищи"><v><l id="253881" t="поискал"><g v="VERB"></g><g v="perf"></g><g v="tran"></g><g v="sing"></g><g v="impr"></g><g v="excl"></g></l></v></tfr></token><token id="694893" text="."><tfr rev_id="1526754" t="."><v><l id="0" t="."><g v="PNCT"></g></l></v></tfr></token></tokens></sentence></paragraph><paragraph id="12468"><sentence id="38984"><source>Уже нашел.</source><tokens><token id="694894" text="Уже"><tfr rev_id="2692906" t="Уже"><v><l id="355422" t="уж"><g v="NOUN"></g><g v="anim"></g><g v="masc"></g><g v="sing"></g><g v="loct"></g></l></v><v><l id="355498" t="уже"><g v="ADVB"></g></l></v><v><l id="355674" t="уже"><g v="COMP"></g><g v="Qual"></g></l></v><v><l id="388673" t="уже"><g v="PRCL"></g></l></v></tfr></token><token id="694895" text="нашел"><tfr rev_id="1526756" t="нашел"><v><l id="170611" t="нашёл"><g v="VERB"></g><g v="perf"></g><g v="tran"></g><g v="masc"></g><g v="sing"></g><g v="past"></g><g v="indc"></g></l></v></tfr></token><token id="694896" text="."><tfr rev_id="1526757" t="."><v><l id="0" t="."><g v="PNCT"></g></l></v></tfr></token></tokens></sentence><sentence id="38985"><source>Но она там маленькая и плоская.</source><tokens><token id="694897" text="Но"><tfr rev_id="1526758" t="Но"><v><l id="191429" t="но"><g v="CONJ"></g></l></v><v><l id="191430" t="но"><g v="INTJ"></g></l></v></tfr></token><token id="694898" text="она"><tfr rev_id="3586579" t="она"><v><l id="206544" t="она"><g v="NPRO"></g><g v="femn"></g><g v="3per"></g><g v="Anph"></g><g v="sing"></g><g v="nomn"></g></l></v></tfr></token><token id="694899" text="там"><tfr rev_id="1526760" t="там"><v><l id="342752" t="там"><g v="PRCL"></g></l></v><v><l id="342753" t="там"><g v="ADVB"></g><g v="Dmns"></g></l></v></tfr></token><token id="694900" text="маленькая"><tfr rev_id="4259890" t="маленькая"><v><l id="153694" t="маленький"><g v="ADJF"></g><g v="Qual"></g><g v="femn"></g><g v="sing"></g><g v="nomn"></g></l></v></tfr></token><token id="694901" text="и"><tfr rev_id="1526762" t="и"><v><l id="116949" t="и"><g v="CONJ"></g></l></v><v><l id="116950" t="и"><g v="INTJ"></g></l></v></tfr></token><token id="694902" text="плоская"><tfr rev_id="1526763" t="плоская"><v><l id="240709" t="плоский"><g v="ADJF"></g><g v="Qual"></g><g v="femn"></g><g v="sing"></g><g v="nomn"></g></l></v></tfr></token><token id="694903" text="."><tfr rev_id="1526764" t="."><v><l id="0" t="."><g v="PNCT"></g></l></v></tfr></token></tokens></sentence><sentence id="38986"><source>С утра была больше и в 3D.</source><tokens><token id="694904" text="С"><tfr rev_id="1526765" t="С"><v><l id="311151" t="с"><g v="PREP"></g></l></v></tfr></token><token id="694905" text="утра"><tfr rev_id="4098467" t="утра"><v><l id="362468" t="утро"><g v="NOUN"></g><g v="inan"></g><g v="neut"></g><g v="sing"></g><g v="gent"></g></l></v></tfr></token><token id="694906" text="была"><tfr rev_id="1526767" t="была"><v><l id="37265" t="есть"><g v="VERB"></g><g v="impf"></g><g v="intr"></g><g v="femn"></g><g v="sing"></g><g v="past"></g><g v="indc"></g></l></v></tfr></token><token id="694907" text="больше"><tfr rev_id="2558524" t="больше"><v><l id="32325" t="больше"><g v="ADVB"></g></l></v><v><l id="32447" t="больше"><g v="COMP"></g><g v="Qual"></g></l></v></tfr></token><token id="694908" text="и"><tfr rev_id="4200017" t="и"><v><l id="116949" t="и"><g v="CONJ"></g></l></v></tfr></token><token id="694909" text="в"><tfr rev_id="1526770" t="в"><v><l id="37409" t="в"><g v="PREP"></g></l></v></tfr></token><token id="694910" text="3D"><tfr rev_id="1526771" t="3D"><v><l id="0" t="3D"><g v="UNKN"></g></l></v></tfr></token><token id="694911" text="."><tfr rev_id="1526772" t="."><v><l id="0" t="."><g v="PNCT"></g></l></v></tfr></token></tokens></sentence><sentence id="38987"><source>Буду ждать вечера.</source><tokens><token id="694912" text="Буду"><tfr rev_id="1526773" t="Буду"><v><l id="37265" t="есть"><g v="VERB"></g><g v="impf"></g><g v="intr"></g><g v="sing"></g><g v="1per"></g><g v="futr"></g><g v="indc"></g></l></v></tfr></token><token id="694913" text="ждать"><tfr rev_id="1526774" t="ждать"><v><l id="96196" t="ждать"><g v="INFN"></g><g v="impf"></g><g v="tran"></g></l></v></tfr></token><token id="694914" text="вечера"><tfr rev_id="3439563" t="вечера"><v><l id="42379" t="вечер"><g v="NOUN"></g><g v="inan"></g><g v="masc"></g><g v="sing"></g><g v="gent"></g></l></v></tfr></token><token id="694915" text="."><tfr rev_id="1526776" t="."><v><l id="0" t="."><g v="PNCT"></g></l></v></tfr></token></tokens></sentence></paragraph><paragraph id="12469"><sentence id="38988"><source>Вечером вы получите телефонограмму с указаниями, где и когда забирать жену.</source><tokens><token id="694916" text="Вечером"><tfr rev_id="4263822" t="Вечером"><v><l id="42391" t="вечером"><g v="ADVB"></g></l></v></tfr></token><token id="694917" text="вы"><tfr rev_id="1526778" t="вы"><v><l id="55560" t="вы"><g v="NPRO"></g><g v="2per"></g><g v="plur"></g><g v="nomn"></g></l></v></tfr></token><token id="694918" text="получите"><tfr rev_id="1526779" t="получите"><v><l id="256959" t="получил"><g v="VERB"></g><g v="perf"></g><g v="tran"></g><g v="plur"></g><g v="2per"></g><g v="futr"></g><g v="indc"></g></l></v><v><l id="256959" t="получил"><g v="VERB"></g><g v="perf"></g><g v="tran"></g><g v="plur"></g><g v="impr"></g><g v="excl"></g></l></v></tfr></token><token id="694919" text="телефонограмму"><tfr rev_id="1526780" t="телефонограмму"><v><l id="344365" t="телефонограмма"><g v="NOUN"></g><g v="inan"></g><g v="femn"></g><g v="sing"></g><g v="accs"></g></l></v></tfr></token><token id="694920" text="с"><tfr rev_id="1526781" t="с"><v><l id="311151" t="с"><g v="PREP"></g></l></v></tfr></token><token id="694921" text="указаниями"><tfr rev_id="1526782" t="указаниями"><v><l id="355916" t="указание"><g v="NOUN"></g><g v="inan"></g><g v="neut"></g><g v="plur"></g><g v="ablt"></g></l></v></tfr></token><token id="694922" text=","><tfr rev_id="1526783" t=","><v><l id="0" t=","><g v="PNCT"></g></l></v></tfr></token><token id="694923" text="где"><tfr rev_id="2636518" t="где"><v><l id="67984" t="где"><g v="ADVB"></g><g v="Ques"></g></l></v><v><l id="388669" t="где"><g v="CONJ"></g></l></v></tfr></token><token id="694924" text="и"><tfr rev_id="1526785" t="и"><v><l id="116949" t="и"><g v="CONJ"></g></l></v><v><l id="116950" t="и"><g v="INTJ"></g></l></v></tfr></token><token id="694925" text="когда"><tfr rev_id="1526786" t="когда"><v><l id="135239" t="когда"><g v="CONJ"></g></l></v><v><l id="135240" t="когда"><g v="ADVB"></g><g v="Ques"></g></l></v></tfr></token><token id="694926" text="забирать"><tfr rev_id="1526787" t="забирать"><v><l id="98551" t="забирать"><g v="INFN"></g><g v="impf"></g><g v="tran"></g></l></v></tfr></token><token id="694927" text="жену"><tfr rev_id="1526788" t="жену"><v><l id="96662" t="жена"><g v="NOUN"></g><g v="anim"></g><g v="femn"></g><g v="sing"></g><g v="accs"></g></l></v></tfr></token><token id="694928" text="."><tfr rev_id="1526789" t="."><v><l id="0" t="."><g v="PNCT"></g></l></v></tfr></token></tokens></sentence></paragraph><paragraph id="12470"><sentence id="38989"><source>Спасибо.</source><tokens><token id="694929" text="Спасибо"><tfr rev_id="3390171" t="Спасибо"><v><l id="331558" t="спасибо"><g v="NOUN"></g><g v="inan"></g><g v="neut"></g><g v="Fixd"></g><g v="sing"></g><g v="nomn"></g></l></v><v><l id="331558" t="спасибо"><g v="NOUN"></g><g v="inan"></g><g v="neut"></g><g v="Fixd"></g><g v="sing"></g><g v="gent"></g></l></v><v><l id="331558" t="спасибо"><g v="NOUN"></g><g v="inan"></g><g v="neut"></g><g v="Fixd"></g><g v="sing"></g><g v="datv"></g></l></v><v><l id="331558" t="спасибо"><g v="NOUN"></g><g v="inan"></g><g v="neut"></g><g v="Fixd"></g><g v="sing"></g><g v="accs"></g></l></v><v><l id="331558" t="спасибо"><g v="NOUN"></g><g v="inan"></g><g v="neut"></g><g v="Fixd"></g><g v="sing"></g><g v="ablt"></g></l></v><v><l id="331558" t="спасибо"><g v="NOUN"></g><g v="inan"></g><g v="neut"></g><g v="Fixd"></g><g v="sing"></g><g v="loct"></g></l></v><v><l id="331558" t="спасибо"><g v="NOUN"></g><g v="inan"></g><g v="neut"></g><g v="Fixd"></g><g v="plur"></g><g v="nomn"></g></l></v><v><l id="331558" t="спасибо"><g v="NOUN"></g><g v="inan"></g><g v="neut"></g><g v="Fixd"></g><g v="plur"></g><g v="gent"></g></l></v><v><l id="331558" t="спасибо"><g v="NOUN"></g><g v="inan"></g><g v="neut"></g><g v="Fixd"></g><g v="plur"></g><g v="datv"></g></l></v><v><l id="331558" t="спасибо"><g v="NOUN"></g><g v="inan"></g><g v="neut"></g><g v="Fixd"></g><g v="plur"></g><g v="accs"></g></l></v><v><l id="331558" t="спасибо"><g v="NOUN"></g><g v="inan"></g><g v="neut"></g><g v="Fixd"></g><g v="plur"></g><g v="ablt"></g></l></v><v><l id="331558" t="спасибо"><g v="NOUN"></g><g v="inan"></g><g v="neut"></g><g v="Fixd"></g><g v="plur"></g><g v="loct"></g></l></v><v><l id="331559" t="спасибо"><g v="INTJ"></g></l></v><v><l id="388675" t="спасибо"><g v="PRCL"></g></l></v></tfr></token><token id="694930" text="."><tfr rev_id="1526791" t="."><v><l id="0" t="."><g v="PNCT"></g></l></v></tfr></token></tokens></sentence><sentence id="38990"><source>Обычно в таких случаях просят еще миллион долларов принести.</source><tokens><token id="694931" text="Обычно"><tfr rev_id="3526553" t="Обычно"><v><l id="202047" t="обычно"><g v="ADVB"></g></l></v></tfr></token><token id="694932" text="в"><tfr rev_id="1526793" t="в"><v><l id="37409" t="в"><g v="PREP"></g></l></v></tfr></token><token id="694933" text="таких"><tfr rev_id="4370755" t="таких"><v><l id="342491" t="такой"><g v="ADJF"></g><g v="Apro"></g><g v="plur"></g><g v="loct"></g></l></v></tfr></token><token id="694934" text="случаях"><tfr rev_id="1526795" t="случаях"><v><l id="325472" t="случай"><g v="NOUN"></g><g v="inan"></g><g v="masc"></g><g v="plur"></g><g v="loct"></g></l></v></tfr></token><token id="694935" text="просят"><tfr rev_id="1526796" t="просят"><v><l id="284318" t="прошу"><g v="VERB"></g><g v="impf"></g><g v="tran"></g><g v="plur"></g><g v="3per"></g><g v="pres"></g><g v="indc"></g></l></v></tfr></token><token id="694936" text="еще"><tfr rev_id="1526797" t="еще"><v><l id="95551" t="ещё"><g v="PRCL"></g></l></v><v><l id="95552" t="ещё"><g v="ADVB"></g></l></v></tfr></token><token id="694937" text="миллион"><tfr rev_id="1526798" t="миллион"><v><l id="160260" t="миллион"><g v="NOUN"></g><g v="inan"></g><g v="masc"></g><g v="sing"></g><g v="nomn"></g></l></v><v><l id="160260" t="миллион"><g v="NOUN"></g><g v="inan"></g><g v="masc"></g><g v="sing"></g><g v="accs"></g></l></v></tfr></token><token id="694938" text="долларов"><tfr rev_id="3463525" t="долларов"><v><l id="88047" t="доллар"><g v="NOUN"></g><g v="inan"></g><g v="masc"></g><g v="plur"></g><g v="gent"></g></l></v></tfr></token><token id="694939" text="принести"><tfr rev_id="1526800" t="принести"><v><l id="272526" t="принести"><g v="INFN"></g><g v="perf"></g><g v="tran"></g></l></v></tfr></token><token id="694940" text="."><tfr rev_id="1526801" t="."><v><l id="0" t="."><g v="PNCT"></g></l></v></tfr></token></tokens></sentence><sentence id="38991"><source>У меня сейчас столько нету.</source><tokens><token id="694941" text="У"><tfr rev_id="3301737" t="У"><v><l id="352818" t="у"><g v="PREP"></g></l></v></tfr></token><token id="694942" text="меня"><tfr rev_id="3460680" t="меня"><v><l id="387317" t="я"><g v="NPRO"></g><g v="1per"></g><g v="sing"></g><g v="gent"></g></l></v></tfr></token><token id="694943" text="сейчас"><tfr rev_id="1526804" t="сейчас"><v><l id="317975" t="сейчас"><g v="ADVB"></g></l></v></tfr></token><token id="694944" text="столько"><tfr rev_id="3399182" t="столько"><v><l id="336670" t="столько"><g v="ADVB"></g></l></v><v><l id="336671" t="столько"><g v="NUMR"></g><g v="nomn"></g></l></v><v><l id="336671" t="столько"><g v="NUMR"></g><g v="inan"></g><g v="accs"></g></l></v><v><l id="388693" t="столько"><g v="CONJ"></g></l></v></tfr></token><token id="694945" text="нету"><tfr rev_id="1526806" t="нету"><v><l id="189075" t="нету"><g v="PRED"></g><g v="pres"></g></l></v></tfr></token><token id="694946" text="."><tfr rev_id="1526807" t="."><v><l id="0" t="."><g v="PNCT"></g></l></v></tfr></token></tokens></sentence><sentence id="38992"><source>Могу остаток заплатить натурой - есть шкафчик в хорошем состоянии.</source><tokens><token id="694947" text="Могу"><tfr rev_id="1526808" t="Могу"><v><l id="164485" t="могу"><g v="VERB"></g><g v="impf"></g><g v="intr"></g><g v="sing"></g><g v="1per"></g><g v="pres"></g><g v="indc"></g></l></v></tfr></token><token id="694948" text="остаток"><tfr rev_id="1526809" t="остаток"><v><l id="210892" t="остаток"><g v="NOUN"></g><g v="inan"></g><g v="masc"></g><g v="sing"></g><g v="nomn"></g></l></v><v><l id="210892" t="остаток"><g v="NOUN"></g><g v="inan"></g><g v="masc"></g><g v="sing"></g><g v="accs"></g></l></v></tfr></token><token id="694949" text="заплатить"><tfr rev_id="1526810" t="заплатить"><v><l id="107380" t="заплатить"><g v="INFN"></g><g v="perf"></g><g v="tran"></g></l></v></tfr></token><token id="694950" text="натурой"><tfr rev_id="4138390" t="натурой"><v><l id="177287" t="натура"><g v="NOUN"></g><g v="inan"></g><g v="femn"></g><g v="sing"></g><g v="ablt"></g></l></v></tfr></token><token id="694951" text="-"><tfr rev_id="1526812" t="-"><v><l id="0" t="-"><g v="PNCT"></g></l></v></tfr></token><token id="694952" text="есть"><tfr rev_id="4394931" t="есть"><v><l id="37265" t="есть"><g v="VERB"></g><g v="impf"></g><g v="intr"></g><g v="sing"></g><g v="3per"></g><g v="pres"></g><g v="indc"></g></l></v><v><l id="37265" t="есть"><g v="VERB"></g><g v="impf"></g><g v="intr"></g><g v="plur"></g><g v="3per"></g><g v="pres"></g><g v="indc"></g></l></v></tfr></token><token id="694953" text="шкафчик"><tfr rev_id="1526814" t="шкафчик"><v><l id="380174" t="шкафчик"><g v="NOUN"></g><g v="inan"></g><g v="masc"></g><g v="sing"></g><g v="nomn"></g></l></v><v><l id="380174" t="шкафчик"><g v="NOUN"></g><g v="inan"></g><g v="masc"></g><g v="sing"></g><g v="accs"></g></l></v></tfr></token><token id="694954" text="в"><tfr rev_id="1526815" t="в"><v><l id="37409" t="в"><g v="PREP"></g></l></v></tfr></token><token id="694955" text="хорошем"><tfr rev_id="3302443" t="хорошем"><v><l id="371668" t="хороший"><g v="ADJF"></g><g v="Qual"></g><g v="neut"></g><g v="sing"></g><g v="loct"></g></l></v></tfr></token><token id="694956" text="состоянии"><tfr rev_id="1526817" t="состоянии"><v><l id="330557" t="состояние"><g v="NOUN"></g><g v="inan"></g><g v="neut"></g><g v="sing"></g><g v="loct"></g></l></v></tfr></token><token id="694957" text="."><tfr rev_id="1526818" t="."><v><l id="0" t="."><g v="PNCT"></g></l></v></tfr></token></tokens></sentence><sentence id="38993"><source>Жду вестей.</source><tokens><token id="694958" text="Жду"><tfr rev_id="1526819" t="Жду"><v><l id="96195" t="жду"><g v="VERB"></g><g v="impf"></g><g v="tran"></g><g v="sing"></g><g v="1per"></g><g v="pres"></g><g v="indc"></g></l></v></tfr></token><token id="694959" text="вестей"><tfr rev_id="1526820" t="вестей"><v><l id="42154" t="весть"><g v="NOUN"></g><g v="inan"></g><g v="femn"></g><g v="plur"></g><g v="gent"></g></l></v></tfr></token><token id="694960" text="."><tfr rev_id="1526821" t="."><v><l id="0" t="."><g v="PNCT"></g></l></v></tfr></token></tokens></sentence><sentence id="38994"><source>Жена у меня, между прочим, очень хорошая, я по ней уже соскучился, зато и шкафчик ничего так - с зеркальцем.</source><tokens><token id="694961" text="Жена"><tfr rev_id="1526822" t="Жена"><v><l id="96662" t="жена"><g v="NOUN"></g><g v="anim"></g><g v="femn"></g><g v="sing"></g><g v="nomn"></g></l></v></tfr></token><token id="694962" text="у"><tfr rev_id="3417381" t="у"><v><l id="352818" t="у"><g v="PREP"></g></l></v></tfr></token><token id="694963" text="меня"><tfr rev_id="2850096" t="меня"><v><l id="387317" t="я"><g v="NPRO"></g><g v="1per"></g><g v="sing"></g><g v="gent"></g></l></v></tfr></token><token id="694964" text=","><tfr rev_id="1526825" t=","><v><l id="0" t=","><g v="PNCT"></g></l></v></tfr></token><token id="694965" text="между"><tfr rev_id="1526826" t="между"><v><l id="157306" t="между"><g v="PREP"></g></l></v></tfr></token><token id="694966" text="прочим"><tfr rev_id="1526827" t="прочим"><v><l id="287417" t="прочее"><g v="NPRO"></g><g v="neut"></g><g v="sing"></g><g v="ablt"></g></l></v><v><l id="287474" t="прочий"><g v="ADJF"></g><g v="Apro"></g><g v="masc"></g><g v="sing"></g><g v="ablt"></g></l></v><v><l id="287474" t="прочий"><g v="ADJF"></g><g v="Apro"></g><g v="neut"></g><g v="sing"></g><g v="ablt"></g></l></v><v><l id="287474" t="прочий"><g v="ADJF"></g><g v="Apro"></g><g v="plur"></g><g v="datv"></g></l></v><v><l id="287515" t="прочу"><g v="VERB"></g><g v="impf"></g><g v="tran"></g><g v="plur"></g><g v="1per"></g><g v="pres"></g><g v="indc"></g></l></v><v><l id="287521" t="прочим"><g v="PRTS"></g><g v="impf"></g><g v="pres"></g><g v="pssv"></g><g v="masc"></g><g v="sing"></g></l></v></tfr></token><token id="694967" text=","><tfr rev_id="1526828" t=","><v><l id="0" t=","><g v="PNCT"></g></l></v></tfr></token><token id="694968" text="очень"><tfr rev_id="1526829" t="очень"><v><l id="221681" t="очень"><g v="ADVB"></g></l></v></tfr></token><token id="694969" text="хорошая"><tfr rev_id="1526830" t="хорошая"><v><l id="371668" t="хороший"><g v="ADJF"></g><g v="Qual"></g><g v="femn"></g><g v="sing"></g><g v="nomn"></g></l></v></tfr></token><token id="694970" text=","><tfr rev_id="1526831" t=","><v><l id="0" t=","><g v="PNCT"></g></l></v></tfr></token><token id="694971" text="я"><tfr rev_id="1526832" t="я"><v><l id="387317" t="я"><g v="NPRO"></g><g v="1per"></g><g v="sing"></g><g v="nomn"></g></l></v></tfr></token><token id="694972" text="по"><tfr rev_id="1526833" t="по"><v><l id="241240" t="по"><g v="PREP"></g></l></v></tfr></token><token id="694973" text="ней"><tfr rev_id="4351205" t="ней"><v><l id="206544" t="она"><g v="NPRO"></g><g v="femn"></g><g v="3per"></g><g v="Anph"></g><g v="sing"></g><g v="datv"></g><g v="Af-p"></g></l></v></tfr></token><token id="694974" text="уже"><tfr rev_id="2692907" t="уже"><v><l id="355422" t="уж"><g v="NOUN"></g><g v="anim"></g><g v="masc"></g><g v="sing"></g><g v="loct"></g></l></v><v><l id="355498" t="уже"><g v="ADVB"></g></l></v><v><l id="355674" t="уже"><g v="COMP"></g><g v="Qual"></g></l></v><v><l id="388673" t="уже"><g v="PRCL"></g></l></v></tfr></token><token id="694975" text="соскучился"><tfr rev_id="1526836" t="соскучился"><v><l id="330362" t="соскучился"><g v="VERB"></g><g v="perf"></g><g v="intr"></g><g v="masc"></g><g v="sing"></g><g v="past"></g><g v="indc"></g></l></v></tfr></token><token id="694976" text=","><tfr rev_id="1526837" t=","><v><l id="0" t=","><g v="PNCT"></g></l></v></tfr></token><token id="694977" text="зато"><tfr rev_id="1526838" t="зато"><v><l id="111564" t="зато"><g v="CONJ"></g></l></v></tfr></token><token id="694978" text="и"><tfr rev_id="3945473" t="и"><v><l id="116949" t="и"><g v="CONJ"></g></l></v></tfr></token><token id="694979" text="шкафчик"><tfr rev_id="1526840" t="шкафчик"><v><l id="380174" t="шкафчик"><g v="NOUN"></g><g v="inan"></g><g v="masc"></g><g v="sing"></g><g v="nomn"></g></l></v><v><l id="380174" t="шкафчик"><g v="NOUN"></g><g v="inan"></g><g v="masc"></g><g v="sing"></g><g v="accs"></g></l></v></tfr></token><token id="694980" text="ничего"><tfr rev_id="4465676" t="ничего"><v><l id="191376" t="ничего"><g v="ADVB"></g></l></v><v><l id="191377" t="ничего"><g v="PRCL"></g></l></v><v><l id="191386" t="ничто"><g v="NPRO"></g><g v="neut"></g><g v="sing"></g><g v="gent"></g></l></v><v><l id="390659" t="ничего"><g v="NPRO"></g><g v="neut"></g><g v="sing"></g><g v="nomn"></g></l></v></tfr></token><token id="694981" text="так"><tfr rev_id="1526842" t="так"><v><l id="342451" t="так"><g v="CONJ"></g></l></v><v><l id="342452" t="так"><g v="PRCL"></g></l></v><v><l id="342453" t="так"><g v="ADVB"></g><g v="Dmns"></g></l></v></tfr></token><token id="694982" text="-"><tfr rev_id="1526843" t="-"><v><l id="0" t="-"><g v="PNCT"></g></l></v></tfr></token><token id="694983" text="с"><tfr rev_id="1526844" t="с"><v><l id="311151" t="с"><g v="PREP"></g></l></v></tfr></token><token id="694984" text="зеркальцем"><tfr rev_id="1526845" t="зеркальцем"><v><l id="115220" t="зеркальце"><g v="NOUN"></g><g v="inan"></g><g v="neut"></g><g v="sing"></g><g v="ablt"></g></l></v></tfr></token><token id="694985" text="."><tfr rev_id="1526846" t="."><v><l id="0" t="."><g v="PNCT"></g></l></v></tfr></token></tokens></sentence></paragraph><paragraph id="12471"><sentence id="38995"><source>Шкафчик сегодня к 21-00 должен висеть на стене в ванной, иначе жены вам не видать как своих ушей.</source><tokens><token id="694986" text="Шкафчик"><tfr rev_id="3467271" t="Шкафчик"><v><l id="380174" t="шкафчик"><g v="NOUN"></g><g v="inan"></g><g v="masc"></g><g v="sing"></g><g v="nomn"></g></l></v></tfr></token><token id="694987" text="сегодня"><tfr rev_id="1526848" t="сегодня"><v><l id="317730" t="сегодня"><g v="ADVB"></g></l></v></tfr></token><token id="694988" text="к"><tfr rev_id="1526849" t="к"><v><l id="127460" t="к"><g v="PREP"></g></l></v></tfr></token><token id="694989" text="21-00"><tfr rev_id="4146812" t="21-00"><v><l id="0" t="21-00"><g v="UNKN"></g></l></v></tfr></token><token id="694990" text="должен"><tfr rev_id="2558811" t="должен"><v><l id="87975" t="должен"><g v="ADJS"></g><g v="masc"></g><g v="sing"></g></l></v></tfr></token><token id="694991" text="висеть"><tfr rev_id="1526852" t="висеть"><v><l id="45530" t="висеть"><g v="INFN"></g><g v="impf"></g><g v="intr"></g></l></v></tfr></token><token id="694992" text="на"><tfr rev_id="3397777" t="на"><v><l id="166264" t="на"><g v="PREP"></g></l></v></tfr></token><token id="694993" text="стене"><tfr rev_id="4293519" t="стене"><v><l id="335683" t="стена"><g v="NOUN"></g><g v="inan"></g><g v="femn"></g><g v="sing"></g><g v="loct"></g></l></v></tfr></token><token id="694994" text="в"><tfr rev_id="1526855" t="в"><v><l id="37409" t="в"><g v="PREP"></g></l></v></tfr></token><token id="694995" text="ванной"><tfr rev_id="4354141" t="ванной"><v><l id="38597" t="ванная"><g v="NOUN"></g><g v="inan"></g><g v="femn"></g><g v="sing"></g><g v="loct"></g></l></v></tfr></token><token id="694996" text=","><tfr rev_id="1526857" t=","><v><l id="0" t=","><g v="PNCT"></g></l></v></tfr></token><token id="694997" text="иначе"><tfr rev_id="1526858" t="иначе"><v><l id="121975" t="иначе"><g v="ADVB"></g></l></v><v><l id="121976" t="иначе"><g v="CONJ"></g></l></v></tfr></token><token id="694998" text="жены"><tfr rev_id="3474589" t="жены"><v><l id="96662" t="жена"><g v="NOUN"></g><g v="anim"></g><g v="femn"></g><g v="sing"></g><g v="gent"></g></l></v></tfr></token><token id="694999" text="вам"><tfr rev_id="1526860" t="вам"><v><l id="55560" t="вы"><g v="NPRO"></g><g v="2per"></g><g v="plur"></g><g v="datv"></g></l></v></tfr></token><token id="695000" text="не"><tfr rev_id="1526861" t="не"><v><l id="178876" t="не"><g v="PRCL"></g></l></v></tfr></token><token id="695001" text="видать"><tfr rev_id="1526862" t="видать"><v><l id="44448" t="видать"><g v="CONJ"></g><g v="Prnt"></g></l></v><v><l id="44450" t="видать"><g v="INFN"></g><g v="impf"></g><g v="tran"></g></l></v><v><l id="44458" t="видать"><g v="PRED"></g><g v="pres"></g></l></v></tfr></token><token id="695002" text="как"><tfr rev_id="1526863" t="как"><v><l id="128190" t="как"><g v="CONJ"></g></l></v><v><l id="128191" t="как"><g v="PRCL"></g></l></v><v><l id="128192" t="как"><g v="ADVB"></g><g v="Ques"></g></l></v></tfr></token><token id="695003" text="своих"><tfr rev_id="4198013" t="своих"><v><l id="316379" t="свой"><g v="ADJF"></g><g v="Apro"></g><g v="Anph"></g><g v="plur"></g><g v="gent"></g></l></v></tfr></token><token id="695004" text="ушей"><tfr rev_id="1715991" t="ушей"><v><l id="362933" t="ухо"><g v="NOUN"></g><g v="inan"></g><g v="neut"></g><g v="plur"></g><g v="gent"></g></l></v></tfr></token><token id="695005" text="."><tfr rev_id="1526866" t="."><v><l id="0" t="."><g v="PNCT"></g></l></v></tfr></token></tokens></sentence><sentence id="38996"><source>Миллион долларов можно заменить на тысячу поцелуев.</source><tokens><token id="695006" text="Миллион"><tfr rev_id="3552437" t="Миллион"><v><l id="160260" t="миллион"><g v="NOUN"></g><g v="inan"></g><g v="masc"></g><g v="sing"></g><g v="accs"></g></l></v></tfr></token><token id="695007" text="долларов"><tfr rev_id="2700673" t="долларов"><v><l id="88047" t="доллар"><g v="NOUN"></g><g v="inan"></g><g v="masc"></g><g v="plur"></g><g v="gent"></g></l></v></tfr></token><token id="695008" text="можно"><tfr rev_id="1526869" t="можно"><v><l id="162467" t="можно"><g v="PRED"></g><g v="pres"></g></l></v></tfr></token><token id="695009" text="заменить"><tfr rev_id="1526870" t="заменить"><v><l id="105403" t="заменить"><g v="INFN"></g><g v="perf"></g><g v="tran"></g></l></v></tfr></token><token id="695010" text="на"><tfr rev_id="3342366" t="на"><v><l id="166264" t="на"><g v="PREP"></g></l></v></tfr></token><token id="695011" text="тысячу"><tfr rev_id="1526872" t="тысячу"><v><l id="352230" t="тысяча"><g v="NOUN"></g><g v="inan"></g><g v="femn"></g><g v="sing"></g><g v="accs"></g></l></v></tfr></token><token id="695012" text="поцелуев"><tfr rev_id="3502186" t="поцелуев"><v><l id="264582" t="поцелуй"><g v="NOUN"></g><g v="inan"></g><g v="masc"></g><g v="plur"></g><g v="gent"></g></l></v></tfr></token><token id="695013" text="."><tfr rev_id="1526874" t="."><v><l id="0" t="."><g v="PNCT"></g></l></v></tfr></token></tokens></sentence></paragraph><paragraph id="12472"><sentence id="38997"><source>Спасибо.</source><tokens><token id="695014" text="Спасибо"><tfr rev_id="3390172" t="Спасибо"><v><l id="331558" t="спасибо"><g v="NOUN"></g><g v="inan"></g><g v="neut"></g><g v="Fixd"></g><g v="sing"></g><g v="nomn"></g></l></v><v><l id="331558" t="спасибо"><g v="NOUN"></g><g v="inan"></g><g v="neut"></g><g v="Fixd"></g><g v="sing"></g><g v="gent"></g></l></v><v><l id="331558" t="спасибо"><g v="NOUN"></g><g v="inan"></g><g v="neut"></g><g v="Fixd"></g><g v="sing"></g><g v="datv"></g></l></v><v><l id="331558" t="спасибо"><g v="NOUN"></g><g v="inan"></g><g v="neut"></g><g v="Fixd"></g><g v="sing"></g><g v="accs"></g></l></v><v><l id="331558" t="спасибо"><g v="NOUN"></g><g v="inan"></g><g v="neut"></g><g v="Fixd"></g><g v="sing"></g><g v="ablt"></g></l></v><v><l id="331558" t="спасибо"><g v="NOUN"></g><g v="inan"></g><g v="neut"></g><g v="Fixd"></g><g v="sing"></g><g v="loct"></g></l></v><v><l id="331558" t="спасибо"><g v="NOUN"></g><g v="inan"></g><g v="neut"></g><g v="Fixd"></g><g v="plur"></g><g v="nomn"></g></l></v><v><l id="331558" t="спасибо"><g v="NOUN"></g><g v="inan"></g><g v="neut"></g><g v="Fixd"></g><g v="plur"></g><g v="gent"></g></l></v><v><l id="331558" t="спасибо"><g v="NOUN"></g><g v="inan"></g><g v="neut"></g><g v="Fixd"></g><g v="plur"></g><g v="datv"></g></l></v><v><l id="331558" t="спасибо"><g v="NOUN"></g><g v="inan"></g><g v="neut"></g><g v="Fixd"></g><g v="plur"></g><g v="accs"></g></l></v><v><l id="331558" t="спасибо"><g v="NOUN"></g><g v="inan"></g><g v="neut"></g><g v="Fixd"></g><g v="plur"></g><g v="ablt"></g></l></v><v><l id="331558" t="спасибо"><g v="NOUN"></g><g v="inan"></g><g v="neut"></g><g v="Fixd"></g><g v="plur"></g><g v="loct"></g></l></v><v><l id="331559" t="спасибо"><g v="INTJ"></g></l></v><v><l id="388675" t="спасибо"><g v="PRCL"></g></l></v></tfr></token><token id="695015" text="."><tfr rev_id="1526876" t="."><v><l id="0" t="."><g v="PNCT"></g></l></v></tfr></token></tokens></sentence><sentence id="38998"><source>А уши свои я в зеркале видал, по дороге на кухню.</source><tokens><token id="695016" text="А"><tfr rev_id="3487551" t="А"><v><l id="51" t="а"><g v="CONJ"></g></l></v></tfr></token><token id="695017" text="уши"><tfr rev_id="2757152" t="уши"><v><l id="362933" t="ухо"><g v="NOUN"></g><g v="inan"></g><g v="neut"></g><g v="plur"></g><g v="accs"></g></l></v></tfr></token><token id="695018" text="свои"><tfr rev_id="3633332" t="свои"><v><l id="316379" t="свой"><g v="ADJF"></g><g v="Apro"></g><g v="Anph"></g><g v="inan"></g><g v="plur"></g><g v="accs"></g></l></v></tfr></token><token id="695019" text="я"><tfr rev_id="1526880" t="я"><v><l id="387317" t="я"><g v="NPRO"></g><g v="1per"></g><g v="sing"></g><g v="nomn"></g></l></v></tfr></token><token id="695020" text="в"><tfr rev_id="1526881" t="в"><v><l id="37409" t="в"><g v="PREP"></g></l></v></tfr></token><token id="695021" text="зеркале"><tfr rev_id="1526882" t="зеркале"><v><l id="115209" t="зеркало"><g v="NOUN"></g><g v="inan"></g><g v="neut"></g><g v="sing"></g><g v="loct"></g></l></v></tfr></token><token id="695022" text="видал"><tfr rev_id="4328637" t="видал"><v><l id="44449" t="видаю"><g v="VERB"></g><g v="impf"></g><g v="tran"></g><g v="masc"></g><g v="sing"></g><g v="past"></g><g v="indc"></g></l></v></tfr></token><token id="695023" text=","><tfr rev_id="1526884" t=","><v><l id="0" t=","><g v="PNCT"></g></l></v></tfr></token><token id="695024" text="по"><tfr rev_id="1526885" t="по"><v><l id="241240" t="по"><g v="PREP"></g></l></v></tfr></token><token id="695025" text="дороге"><tfr rev_id="3554191" t="дороге"><v><l id="89707" t="дорога"><g v="NOUN"></g><g v="inan"></g><g v="femn"></g><g v="sing"></g><g v="datv"></g></l></v></tfr></token><token id="695026" text="на"><tfr rev_id="3344668" t="на"><v><l id="166264" t="на"><g v="PREP"></g></l></v></tfr></token><token id="695027" text="кухню"><tfr rev_id="1526888" t="кухню"><v><l id="145818" t="кухня"><g v="NOUN"></g><g v="inan"></g><g v="femn"></g><g v="sing"></g><g v="accs"></g></l></v></tfr></token><token id="695028" text="."><tfr rev_id="1526889" t="."><v><l id="0" t="."><g v="PNCT"></g></l></v></tfr></token></tokens></sentence></paragraph></paragraphs></text>