<?xml version="1.0" encoding="utf-8"?><text id="1381" parent="605" name="0009310 Авторемонт японской мыльницы"><tags><tag>url:http://kika.livejournal.com/9310.html</tag><tag>Год:2006</tag><tag>Дата:02/08</tag><tag>Время:02:51</tag><tag>ЖЖ:Настроение:охуел</tag></tags><paragraphs><paragraph id="12499"><sentence id="39081"><source>Косые жгут нипадецки.</source><tokens><token id="696494" text="Косые"><tfr rev_id="4074762" t="Косые"><v><l id="140694" t="косой"><g v="ADJF"></g><g v="Subx"></g><g v="Qual"></g><g v="plur"></g><g v="nomn"></g></l></v></tfr></token><token id="696495" text="жгут"><tfr rev_id="1715417" t="жгут"><v><l id="96951" t="жгу"><g v="VERB"></g><g v="impf"></g><g v="tran"></g><g v="plur"></g><g v="3per"></g><g v="pres"></g><g v="indc"></g></l></v></tfr></token><token id="696496" text="нипадецки"><tfr rev_id="1528357" t="нипадецки"><v><l id="0" t="нипадецки"><g v="UNKN"></g></l></v></tfr></token><token id="696497" text="."><tfr rev_id="1528358" t="."><v><l id="0" t="."><g v="PNCT"></g></l></v></tfr></token></tokens></sentence><sentence id="39082"><source>Все-таки не умеют люди делать машины, и видимо уже никогда не научатся.</source><tokens><token id="696498" text="Все-таки"><tfr rev_id="4137449" t="Все-таки"><v><l id="53261" t="всё-таки"><g v="PRCL"></g></l></v></tfr></token><token id="696499" text="не"><tfr rev_id="1528360" t="не"><v><l id="178876" t="не"><g v="PRCL"></g></l></v></tfr></token><token id="696500" text="умеют"><tfr rev_id="1528361" t="умеют"><v><l id="357620" t="умею"><g v="VERB"></g><g v="impf"></g><g v="intr"></g><g v="plur"></g><g v="3per"></g><g v="pres"></g><g v="indc"></g></l></v></tfr></token><token id="696501" text="люди"><tfr rev_id="1528362" t="люди"><v><l id="375073" t="человек"><g v="NOUN"></g><g v="anim"></g><g v="masc"></g><g v="plur"></g><g v="nomn"></g></l></v></tfr></token><token id="696502" text="делать"><tfr rev_id="1528363" t="делать"><v><l id="80527" t="делать"><g v="INFN"></g><g v="impf"></g><g v="tran"></g></l></v></tfr></token><token id="696503" text="машины"><tfr rev_id="4333078" t="машины"><v><l id="156690" t="машина"><g v="NOUN"></g><g v="inan"></g><g v="femn"></g><g v="plur"></g><g v="nomn"></g></l></v><v><l id="156690" t="машина"><g v="NOUN"></g><g v="inan"></g><g v="femn"></g><g v="plur"></g><g v="accs"></g></l></v></tfr></token><token id="696504" text=","><tfr rev_id="1528365" t=","><v><l id="0" t=","><g v="PNCT"></g></l></v></tfr></token><token id="696505" text="и"><tfr rev_id="1528366" t="и"><v><l id="116949" t="и"><g v="CONJ"></g></l></v><v><l id="116950" t="и"><g v="INTJ"></g></l></v></tfr></token><token id="696506" text="видимо"><tfr rev_id="1528367" t="видимо"><v><l id="44570" t="видим"><g v="PRTS"></g><g v="impf"></g><g v="pres"></g><g v="pssv"></g><g v="neut"></g><g v="sing"></g></l></v><v><l id="44584" t="видимо"><g v="ADVB"></g></l></v><v><l id="44585" t="видимо"><g v="CONJ"></g><g v="Prnt"></g></l></v><v><l id="44589" t="видим"><g v="ADJS"></g><g v="Qual"></g><g v="neut"></g><g v="sing"></g></l></v></tfr></token><token id="696507" text="уже"><tfr rev_id="2692910" t="уже"><v><l id="355422" t="уж"><g v="NOUN"></g><g v="anim"></g><g v="masc"></g><g v="sing"></g><g v="loct"></g></l></v><v><l id="355498" t="уже"><g v="ADVB"></g></l></v><v><l id="355674" t="уже"><g v="COMP"></g><g v="Qual"></g></l></v><v><l id="388673" t="уже"><g v="PRCL"></g></l></v></tfr></token><token id="696508" text="никогда"><tfr rev_id="1528369" t="никогда"><v><l id="190941" t="никогда"><g v="ADVB"></g></l></v></tfr></token><token id="696509" text="не"><tfr rev_id="1528370" t="не"><v><l id="178876" t="не"><g v="PRCL"></g></l></v></tfr></token><token id="696510" text="научатся"><tfr rev_id="1528371" t="научатся"><v><l id="177526" t="научился"><g v="VERB"></g><g v="perf"></g><g v="intr"></g><g v="plur"></g><g v="3per"></g><g v="futr"></g><g v="indc"></g></l></v></tfr></token><token id="696511" text="."><tfr rev_id="1528372" t="."><v><l id="0" t="."><g v="PNCT"></g></l></v></tfr></token></tokens></sentence><sentence id="39083"><source>Хотя, вот что странно, мотоциклы-то у них вроде получаются.</source><tokens><token id="696512" text="Хотя"><tfr rev_id="3947783" t="Хотя"><v><l id="371732" t="хотя"><g v="CONJ"></g></l></v></tfr></token><token id="696513" text=","><tfr rev_id="1528374" t=","><v><l id="0" t=","><g v="PNCT"></g></l></v></tfr></token><token id="696514" text="вот"><tfr rev_id="3363426" t="вот"><v><l id="52157" t="вот"><g v="PRCL"></g></l></v></tfr></token><token id="696515" text="что"><tfr rev_id="3197741" t="что"><v><l id="377004" t="что"><g v="CONJ"></g></l></v><v><l id="377005" t="что"><g v="NPRO"></g><g v="neut"></g><g v="sing"></g><g v="nomn"></g></l></v><v><l id="377005" t="что"><g v="NPRO"></g><g v="neut"></g><g v="sing"></g><g v="accs"></g></l></v><v><l id="377006" t="что"><g v="ADVB"></g><g v="Ques"></g></l></v><v><l id="388695" t="что"><g v="PRCL"></g></l></v></tfr></token><token id="696516" text="странно"><tfr rev_id="1528377" t="странно"><v><l id="337118" t="странно"><g v="ADVB"></g><g v="Prdx"></g></l></v><v><l id="337135" t="странен"><g v="ADJS"></g><g v="Qual"></g><g v="neut"></g><g v="sing"></g></l></v></tfr></token><token id="696517" text=","><tfr rev_id="1528378" t=","><v><l id="0" t=","><g v="PNCT"></g></l></v></tfr></token><token id="696518" text="мотоциклы"><tfr rev_id="3748159" t="мотоциклы"><v><l id="164276" t="мотоцикл"><g v="NOUN"></g><g v="inan"></g><g v="masc"></g><g v="plur"></g><g v="nomn"></g></l></v></tfr></token><token id="696519" text="-"><tfr rev_id="1528380" t="-"><v><l id="0" t="-"><g v="PNCT"></g></l></v></tfr></token><token id="696520" text="то"><tfr rev_id="4347583" t="то"><v><l id="346836" t="то"><g v="PRCL"></g></l></v></tfr></token><token id="696521" text="у"><tfr rev_id="3301931" t="у"><v><l id="352818" t="у"><g v="PREP"></g></l></v></tfr></token><token id="696522" text="них"><tfr rev_id="4199250" t="них"><v><l id="206619" t="они"><g v="NPRO"></g><g v="3per"></g><g v="Anph"></g><g v="plur"></g><g v="gent"></g><g v="Af-p"></g></l></v></tfr></token><token id="696523" text="вроде"><tfr rev_id="1528384" t="вроде"><v><l id="53158" t="вроде"><g v="PREP"></g></l></v><v><l id="53159" t="вроде"><g v="PRCL"></g></l></v></tfr></token><token id="696524" text="получаются"><tfr rev_id="1528385" t="получаются"><v><l id="256950" t="получаюсь"><g v="VERB"></g><g v="impf"></g><g v="intr"></g><g v="plur"></g><g v="3per"></g><g v="pres"></g><g v="indc"></g></l></v></tfr></token><token id="696525" text="."><tfr rev_id="1528386" t="."><v><l id="0" t="."><g v="PNCT"></g></l></v></tfr></token></tokens></sentence><sentence id="39084"><source>Или это потому мне кажется, что я на мотоцикле не езжу?</source><tokens><token id="696526" text="Или"><tfr rev_id="3787364" t="Или"><v><l id="121146" t="или"><g v="CONJ"></g></l></v></tfr></token><token id="696527" text="это"><tfr rev_id="4441862" t="это"><v><l id="386574" t="это"><g v="PRCL"></g></l></v><v><l id="386575" t="это"><g v="NPRO"></g><g v="neut"></g><g v="sing"></g><g v="nomn"></g></l></v><v><l id="386575" t="это"><g v="NPRO"></g><g v="neut"></g><g v="sing"></g><g v="accs"></g></l></v><v><l id="386581" t="этот"><g v="ADJF"></g><g v="Subx"></g><g v="Apro"></g><g v="Anph"></g><g v="neut"></g><g v="sing"></g><g v="nomn"></g></l></v><v><l id="386581" t="этот"><g v="ADJF"></g><g v="Subx"></g><g v="Apro"></g><g v="Anph"></g><g v="neut"></g><g v="sing"></g><g v="accs"></g></l></v></tfr></token><token id="696528" text="потому"><tfr rev_id="1528389" t="потому"><v><l id="263335" t="потому"><g v="ADVB"></g><g v="Dmns"></g></l></v></tfr></token><token id="696529" text="мне"><tfr rev_id="4201537" t="мне"><v><l id="387317" t="я"><g v="NPRO"></g><g v="1per"></g><g v="sing"></g><g v="datv"></g></l></v></tfr></token><token id="696530" text="кажется"><tfr rev_id="4220634" t="кажется"><v><l id="127940" t="кажусь"><g v="VERB"></g><g v="impf"></g><g v="intr"></g><g v="sing"></g><g v="3per"></g><g v="pres"></g><g v="indc"></g></l></v></tfr></token><token id="696531" text=","><tfr rev_id="1528392" t=","><v><l id="0" t=","><g v="PNCT"></g></l></v></tfr></token><token id="696532" text="что"><tfr rev_id="3197742" t="что"><v><l id="377004" t="что"><g v="CONJ"></g></l></v><v><l id="377005" t="что"><g v="NPRO"></g><g v="neut"></g><g v="sing"></g><g v="nomn"></g></l></v><v><l id="377005" t="что"><g v="NPRO"></g><g v="neut"></g><g v="sing"></g><g v="accs"></g></l></v><v><l id="377006" t="что"><g v="ADVB"></g><g v="Ques"></g></l></v><v><l id="388695" t="что"><g v="PRCL"></g></l></v></tfr></token><token id="696533" text="я"><tfr rev_id="1528394" t="я"><v><l id="387317" t="я"><g v="NPRO"></g><g v="1per"></g><g v="sing"></g><g v="nomn"></g></l></v></tfr></token><token id="696534" text="на"><tfr rev_id="3395762" t="на"><v><l id="166264" t="на"><g v="PREP"></g></l></v></tfr></token><token id="696535" text="мотоцикле"><tfr rev_id="1528396" t="мотоцикле"><v><l id="164276" t="мотоцикл"><g v="NOUN"></g><g v="inan"></g><g v="masc"></g><g v="sing"></g><g v="loct"></g></l></v></tfr></token><token id="696536" text="не"><tfr rev_id="1528397" t="не"><v><l id="178876" t="не"><g v="PRCL"></g></l></v></tfr></token><token id="696537" text="езжу"><tfr rev_id="1528398" t="езжу"><v><l id="94503" t="езжу"><g v="VERB"></g><g v="impf"></g><g v="intr"></g><g v="sing"></g><g v="1per"></g><g v="pres"></g><g v="indc"></g></l></v></tfr></token><token id="696538" text="?"><tfr rev_id="1528399" t="?"><v><l id="0" t="?"><g v="PNCT"></g></l></v></tfr></token></tokens></sentence></paragraph><paragraph id="12500"><sentence id="39085"><source>Потухла в говномазде лампочка габаритов (которая унутре передней фары).</source><tokens><token id="696539" text="Потухла"><tfr rev_id="1528400" t="Потухла"><v><l id="263783" t="потух"><g v="VERB"></g><g v="perf"></g><g v="intr"></g><g v="femn"></g><g v="sing"></g><g v="past"></g><g v="indc"></g></l></v></tfr></token><token id="696540" text="в"><tfr rev_id="1528401" t="в"><v><l id="37409" t="в"><g v="PREP"></g></l></v></tfr></token><token id="696541" text="говномазде"><tfr rev_id="1528402" t="говномазде"><v><l id="0" t="говномазде"><g v="UNKN"></g></l></v></tfr></token><token id="696542" text="лампочка"><tfr rev_id="1528403" t="лампочка"><v><l id="146703" t="лампочка"><g v="NOUN"></g><g v="inan"></g><g v="femn"></g><g v="sing"></g><g v="nomn"></g></l></v></tfr></token><token id="696543" text="габаритов"><tfr rev_id="1528404" t="габаритов"><v><l id="65263" t="габарит"><g v="NOUN"></g><g v="inan"></g><g v="masc"></g><g v="plur"></g><g v="gent"></g></l></v></tfr></token><token id="696544" text="("><tfr rev_id="1528405" t="("><v><l id="0" t="("><g v="PNCT"></g></l></v></tfr></token><token id="696545" text="которая"><tfr rev_id="3639856" t="которая"><v><l id="141203" t="который"><g v="ADJF"></g><g v="Apro"></g><g v="Subx"></g><g v="Anph"></g><g v="femn"></g><g v="sing"></g><g v="nomn"></g></l></v></tfr></token><token id="696546" text="унутре"><tfr rev_id="1528407" t="унутре"><v><l id="0" t="унутре"><g v="UNKN"></g></l></v></tfr></token><token id="696547" text="передней"><tfr rev_id="4454712" t="передней"><v><l id="228361" t="передний"><g v="ADJF"></g><g v="femn"></g><g v="sing"></g><g v="gent"></g></l></v></tfr></token><token id="696548" text="фары"><tfr rev_id="3450357" t="фары"><v><l id="364484" t="фара"><g v="NOUN"></g><g v="inan"></g><g v="femn"></g><g v="sing"></g><g v="gent"></g></l></v></tfr></token><token id="696549" text=")"><tfr rev_id="1528410" t=")"><v><l id="0" t=")"><g v="PNCT"></g></l></v></tfr></token><token id="696550" text="."><tfr rev_id="1528411" t="."><v><l id="0" t="."><g v="PNCT"></g></l></v></tfr></token></tokens></sentence><sentence id="39086"><source>А ехать на техосмотр.</source><tokens><token id="696551" text="А"><tfr rev_id="1528412" t="А"><v><l id="51" t="а"><g v="CONJ"></g></l></v><v><l id="52" t="а"><g v="INTJ"></g></l></v><v><l id="53" t="а"><g v="PRCL"></g></l></v></tfr></token><token id="696552" text="ехать"><tfr rev_id="1528413" t="ехать"><v><l id="95525" t="ехать"><g v="INFN"></g><g v="impf"></g><g v="intr"></g></l></v></tfr></token><token id="696553" text="на"><tfr rev_id="3340458" t="на"><v><l id="166264" t="на"><g v="PREP"></g></l></v></tfr></token><token id="696554" text="техосмотр"><tfr rev_id="1528415" t="техосмотр"><v><l id="345996" t="техосмотр"><g v="NOUN"></g><g v="inan"></g><g v="masc"></g><g v="sing"></g><g v="nomn"></g></l></v><v><l id="345996" t="техосмотр"><g v="NOUN"></g><g v="inan"></g><g v="masc"></g><g v="sing"></g><g v="accs"></g></l></v></tfr></token><token id="696555" text="."><tfr rev_id="1528416" t="."><v><l id="0" t="."><g v="PNCT"></g></l></v></tfr></token></tokens></sentence><sentence id="39087"><source>Ну я как заправский лох (см. юзерпик), беру инструкцию по иксплуатации и читаю там про лампочки.</source><tokens><token id="696556" text="Ну"><tfr rev_id="1528417" t="Ну"><v><l id="192524" t="ну"><g v="INTJ"></g></l></v><v><l id="192525" t="ну"><g v="PRCL"></g></l></v></tfr></token><token id="696557" text="я"><tfr rev_id="1528418" t="я"><v><l id="387317" t="я"><g v="NPRO"></g><g v="1per"></g><g v="sing"></g><g v="nomn"></g></l></v></tfr></token><token id="696558" text="как"><tfr rev_id="1528419" t="как"><v><l id="128190" t="как"><g v="CONJ"></g></l></v><v><l id="128191" t="как"><g v="PRCL"></g></l></v><v><l id="128192" t="как"><g v="ADVB"></g><g v="Ques"></g></l></v></tfr></token><token id="696559" text="заправский"><tfr rev_id="3806615" t="заправский"><v><l id="107865" t="заправский"><g v="ADJF"></g><g v="masc"></g><g v="sing"></g><g v="nomn"></g></l></v></tfr></token><token id="696560" text="лох"><tfr rev_id="4410773" t="лох"><v><l id="151124" t="лох"><g v="NOUN"></g><g v="anim"></g><g v="masc"></g><g v="sing"></g><g v="nomn"></g></l></v></tfr></token><token id="696561" text="("><tfr rev_id="1528422" t="("><v><l id="0" t="("><g v="PNCT"></g></l></v></tfr></token><token id="696562" text="см"><tfr rev_id="3720623" t="см"><v><l id="326798" t="смотрю"><g v="VERB"></g><g v="impf"></g><g v="tran"></g><g v="sing"></g><g v="impr"></g><g v="excl"></g><g v="Abbr"></g></l></v></tfr></token><token id="696563" text="."><tfr rev_id="1528424" t="."><v><l id="0" t="."><g v="PNCT"></g></l></v></tfr></token><token id="696564" text="юзерпик"><tfr rev_id="4540265" t="юзерпик"><v><l id="392671" t="юзерпик"><g v="NOUN"></g><g v="inan"></g><g v="masc"></g><g v="sing"></g><g v="accs"></g></l></v><v><l id="392671" t="юзерпик"><g v="NOUN"></g><g v="inan"></g><g v="masc"></g><g v="sing"></g><g v="nomn"></g></l></v></tfr></token><token id="696565" text=")"><tfr rev_id="1528426" t=")"><v><l id="0" t=")"><g v="PNCT"></g></l></v></tfr></token><token id="696566" text=","><tfr rev_id="1528427" t=","><v><l id="0" t=","><g v="PNCT"></g></l></v></tfr></token><token id="696567" text="беру"><tfr rev_id="1715978" t="беру"><v><l id="33652" t="беру"><g v="VERB"></g><g v="impf"></g><g v="tran"></g><g v="sing"></g><g v="1per"></g><g v="pres"></g><g v="indc"></g></l></v></tfr></token><token id="696568" text="инструкцию"><tfr rev_id="1528429" t="инструкцию"><v><l id="122943" t="инструкция"><g v="NOUN"></g><g v="inan"></g><g v="femn"></g><g v="sing"></g><g v="accs"></g></l></v></tfr></token><token id="696569" text="по"><tfr rev_id="1528430" t="по"><v><l id="241240" t="по"><g v="PREP"></g></l></v></tfr></token><token id="696570" text="иксплуатации"><tfr rev_id="1528431" t="иксплуатации"><v><l id="0" t="иксплуатации"><g v="UNKN"></g></l></v></tfr></token><token id="696571" text="и"><tfr rev_id="1528432" t="и"><v><l id="116949" t="и"><g v="CONJ"></g></l></v><v><l id="116950" t="и"><g v="INTJ"></g></l></v></tfr></token><token id="696572" text="читаю"><tfr rev_id="1528433" t="читаю"><v><l id="376719" t="читаю"><g v="VERB"></g><g v="impf"></g><g v="tran"></g><g v="sing"></g><g v="1per"></g><g v="pres"></g><g v="indc"></g></l></v></tfr></token><token id="696573" text="там"><tfr rev_id="1528434" t="там"><v><l id="342752" t="там"><g v="PRCL"></g></l></v><v><l id="342753" t="там"><g v="ADVB"></g><g v="Dmns"></g></l></v></tfr></token><token id="696574" text="про"><tfr rev_id="1528435" t="про"><v><l id="277024" t="про"><g v="PREP"></g></l></v></tfr></token><token id="696575" text="лампочки"><tfr rev_id="3795670" t="лампочки"><v><l id="146703" t="лампочка"><g v="NOUN"></g><g v="inan"></g><g v="femn"></g><g v="plur"></g><g v="accs"></g></l></v></tfr></token><token id="696576" text="."><tfr rev_id="1528437" t="."><v><l id="0" t="."><g v="PNCT"></g></l></v></tfr></token></tokens></sentence><sentence id="39088"><source>Лампочка 5 ватт, W5W, бесцокольная.</source><tokens><token id="696577" text="Лампочка"><tfr rev_id="1528438" t="Лампочка"><v><l id="146703" t="лампочка"><g v="NOUN"></g><g v="inan"></g><g v="femn"></g><g v="sing"></g><g v="nomn"></g></l></v></tfr></token><token id="696578" text="5"><tfr rev_id="2462850" t="5"><v><l id="0" t="5"><g v="NUMB"></g></l></v></tfr></token><token id="696579" text="ватт"><tfr rev_id="2628446" t="ватт"><v><l id="39251" t="ватт"><g v="NOUN"></g><g v="inan"></g><g v="masc"></g><g v="plur"></g><g v="gent"></g></l></v></tfr></token><token id="696580" text=","><tfr rev_id="1528441" t=","><v><l id="0" t=","><g v="PNCT"></g></l></v></tfr></token><token id="696581" text="W5W"><tfr rev_id="1528442" t="W5W"><v><l id="0" t="W5W"><g v="UNKN"></g></l></v></tfr></token><token id="696582" text=","><tfr rev_id="1528443" t=","><v><l id="0" t=","><g v="PNCT"></g></l></v></tfr></token><token id="696583" text="бесцокольная"><tfr rev_id="1528444" t="бесцокольная"><v><l id="0" t="бесцокольная"><g v="UNKN"></g></l></v></tfr></token><token id="696584" text="."><tfr rev_id="1528445" t="."><v><l id="0" t="."><g v="PNCT"></g></l></v></tfr></token></tokens></sentence><sentence id="39089"><source>Читаю как менять: написано про дальний свет, про ближний, написано что ксенон сам не поменяешь, не влезай - убьет и все такое.</source><tokens><token id="696585" text="Читаю"><tfr rev_id="1528446" t="Читаю"><v><l id="376719" t="читаю"><g v="VERB"></g><g v="impf"></g><g v="tran"></g><g v="sing"></g><g v="1per"></g><g v="pres"></g><g v="indc"></g></l></v></tfr></token><token id="696586" text="как"><tfr rev_id="1528447" t="как"><v><l id="128190" t="как"><g v="CONJ"></g></l></v><v><l id="128191" t="как"><g v="PRCL"></g></l></v><v><l id="128192" t="как"><g v="ADVB"></g><g v="Ques"></g></l></v></tfr></token><token id="696587" text="менять"><tfr rev_id="1528448" t="менять"><v><l id="158447" t="менять"><g v="INFN"></g><g v="impf"></g><g v="tran"></g></l></v></tfr></token><token id="696588" text=":"><tfr rev_id="1528449" t=":"><v><l id="0" t=":"><g v="PNCT"></g></l></v></tfr></token><token id="696589" text="написано"><tfr rev_id="1528450" t="написано"><v><l id="173438" t="написан"><g v="PRTS"></g><g v="perf"></g><g v="past"></g><g v="pssv"></g><g v="neut"></g><g v="sing"></g></l></v></tfr></token><token id="696590" text="про"><tfr rev_id="1528451" t="про"><v><l id="277024" t="про"><g v="PREP"></g></l></v></tfr></token><token id="696591" text="дальний"><tfr rev_id="1528452" t="дальний"><v><l id="78014" t="дальний"><g v="ADJF"></g><g v="masc"></g><g v="sing"></g><g v="nomn"></g></l></v><v><l id="78014" t="дальний"><g v="ADJF"></g><g v="inan"></g><g v="masc"></g><g v="sing"></g><g v="accs"></g></l></v></tfr></token><token id="696592" text="свет"><tfr rev_id="2722669" t="свет"><v><l id="315472" t="свет"><g v="NOUN"></g><g v="inan"></g><g v="masc"></g><g v="Sgtm"></g><g v="sing"></g><g v="nomn"></g></l></v><v><l id="315472" t="свет"><g v="NOUN"></g><g v="inan"></g><g v="masc"></g><g v="Sgtm"></g><g v="sing"></g><g v="accs"></g></l></v></tfr></token><token id="696593" text=","><tfr rev_id="1528454" t=","><v><l id="0" t=","><g v="PNCT"></g></l></v></tfr></token><token id="696594" text="про"><tfr rev_id="1528455" t="про"><v><l id="277024" t="про"><g v="PREP"></g></l></v></tfr></token><token id="696595" text="ближний"><tfr rev_id="4259902" t="ближний"><v><l id="30843" t="ближний"><g v="ADJF"></g><g v="masc"></g><g v="sing"></g><g v="nomn"></g></l></v><v><l id="30843" t="ближний"><g v="ADJF"></g><g v="inan"></g><g v="masc"></g><g v="sing"></g><g v="accs"></g></l></v></tfr></token><token id="696596" text=","><tfr rev_id="1528457" t=","><v><l id="0" t=","><g v="PNCT"></g></l></v></tfr></token><token id="696597" text="написано"><tfr rev_id="1528458" t="написано"><v><l id="173438" t="написан"><g v="PRTS"></g><g v="perf"></g><g v="past"></g><g v="pssv"></g><g v="neut"></g><g v="sing"></g></l></v></tfr></token><token id="696598" text="что"><tfr rev_id="3197743" t="что"><v><l id="377004" t="что"><g v="CONJ"></g></l></v><v><l id="377005" t="что"><g v="NPRO"></g><g v="neut"></g><g v="sing"></g><g v="nomn"></g></l></v><v><l id="377005" t="что"><g v="NPRO"></g><g v="neut"></g><g v="sing"></g><g v="accs"></g></l></v><v><l id="377006" t="что"><g v="ADVB"></g><g v="Ques"></g></l></v><v><l id="388695" t="что"><g v="PRCL"></g></l></v></tfr></token><token id="696599" text="ксенон"><tfr rev_id="4211049" t="ксенон"><v><l id="144147" t="ксенон"><g v="NOUN"></g><g v="inan"></g><g v="masc"></g><g v="sing"></g><g v="accs"></g></l></v></tfr></token><token id="696600" text="сам"><tfr rev_id="1528461" t="сам"><v><l id="312034" t="сам"><g v="ADJF"></g><g v="Apro"></g><g v="masc"></g><g v="sing"></g><g v="nomn"></g></l></v><v><l id="312034" t="сам"><g v="ADJF"></g><g v="Apro"></g><g v="inan"></g><g v="masc"></g><g v="sing"></g><g v="accs"></g></l></v></tfr></token><token id="696601" text="не"><tfr rev_id="1528462" t="не"><v><l id="178876" t="не"><g v="PRCL"></g></l></v></tfr></token><token id="696602" text="поменяешь"><tfr rev_id="1528463" t="поменяешь"><v><l id="257507" t="поменял"><g v="VERB"></g><g v="perf"></g><g v="tran"></g><g v="sing"></g><g v="2per"></g><g v="futr"></g><g v="indc"></g></l></v></tfr></token><token id="696603" text=","><tfr rev_id="1528464" t=","><v><l id="0" t=","><g v="PNCT"></g></l></v></tfr></token><token id="696604" text="не"><tfr rev_id="1528465" t="не"><v><l id="178876" t="не"><g v="PRCL"></g></l></v></tfr></token><token id="696605" text="влезай"><tfr rev_id="1528466" t="влезай"><v><l id="46859" t="влезаю"><g v="VERB"></g><g v="impf"></g><g v="intr"></g><g v="sing"></g><g v="impr"></g><g v="excl"></g></l></v></tfr></token><token id="696606" text="-"><tfr rev_id="1528467" t="-"><v><l id="0" t="-"><g v="PNCT"></g></l></v></tfr></token><token id="696607" text="убьет"><tfr rev_id="1528468" t="убьет"><v><l id="353020" t="убил"><g v="VERB"></g><g v="perf"></g><g v="tran"></g><g v="sing"></g><g v="3per"></g><g v="futr"></g><g v="indc"></g></l></v></tfr></token><token id="696608" text="и"><tfr rev_id="1528469" t="и"><v><l id="116949" t="и"><g v="CONJ"></g></l></v><v><l id="116950" t="и"><g v="INTJ"></g></l></v></tfr></token><token id="696609" text="все"><tfr rev_id="4500013" t="все"><v><l id="42156" t="весь"><g v="ADJF"></g><g v="Subx"></g><g v="Apro"></g><g v="neut"></g><g v="sing"></g><g v="accs"></g></l></v><v><l id="42156" t="весь"><g v="ADJF"></g><g v="Subx"></g><g v="Apro"></g><g v="neut"></g><g v="sing"></g><g v="nomn"></g></l></v></tfr></token><token id="696610" text="такое"><tfr rev_id="1528471" t="такое"><v><l id="342491" t="такой"><g v="ADJF"></g><g v="Apro"></g><g v="neut"></g><g v="sing"></g><g v="nomn"></g></l></v><v><l id="342491" t="такой"><g v="ADJF"></g><g v="Apro"></g><g v="neut"></g><g v="sing"></g><g v="accs"></g></l></v></tfr></token><token id="696611" text="."><tfr rev_id="1528472" t="."><v><l id="0" t="."><g v="PNCT"></g></l></v></tfr></token></tokens></sentence><sentence id="39090"><source>Дальше идут задние фонари.</source><tokens><token id="696612" text="Дальше"><tfr rev_id="1528473" t="Дальше"><v><l id="77926" t="дальше"><g v="COMP"></g><g v="Qual"></g></l></v></tfr></token><token id="696613" text="идут"><tfr rev_id="1528474" t="идут"><v><l id="117566" t="иду"><g v="VERB"></g><g v="impf"></g><g v="intr"></g><g v="plur"></g><g v="3per"></g><g v="pres"></g><g v="indc"></g></l></v></tfr></token><token id="696614" text="задние"><tfr rev_id="3751530" t="задние"><v><l id="101651" t="задний"><g v="ADJF"></g><g v="plur"></g><g v="nomn"></g></l></v></tfr></token><token id="696615" text="фонари"><tfr rev_id="3727895" t="фонари"><v><l id="366943" t="фонарь"><g v="NOUN"></g><g v="inan"></g><g v="masc"></g><g v="plur"></g><g v="nomn"></g></l></v></tfr></token><token id="696616" text="."><tfr rev_id="1528477" t="."><v><l id="0" t="."><g v="PNCT"></g></l></v></tfr></token></tokens></sentence><sentence id="39091"><source>Шозанах, а где габариты-то?</source><tokens><token id="696617" text="Шозанах"><tfr rev_id="1528478" t="Шозанах"><v><l id="0" t="шозанах"><g v="UNKN"></g></l></v></tfr></token><token id="696618" text=","><tfr rev_id="1528479" t=","><v><l id="0" t=","><g v="PNCT"></g></l></v></tfr></token><token id="696619" text="а"><tfr rev_id="1528480" t="а"><v><l id="51" t="а"><g v="CONJ"></g></l></v><v><l id="52" t="а"><g v="INTJ"></g></l></v><v><l id="53" t="а"><g v="PRCL"></g></l></v></tfr></token><token id="696620" text="где"><tfr rev_id="2636519" t="где"><v><l id="67984" t="где"><g v="ADVB"></g><g v="Ques"></g></l></v><v><l id="388669" t="где"><g v="CONJ"></g></l></v></tfr></token><token id="696621" text="габариты"><tfr rev_id="3716305" t="габариты"><v><l id="65263" t="габарит"><g v="NOUN"></g><g v="inan"></g><g v="masc"></g><g v="plur"></g><g v="nomn"></g></l></v></tfr></token><token id="696622" text="-"><tfr rev_id="1528483" t="-"><v><l id="0" t="-"><g v="PNCT"></g></l></v></tfr></token><token id="696623" text="то"><tfr rev_id="3777719" t="то"><v><l id="346835" t="то"><g v="CONJ"></g></l></v><v><l id="346836" t="то"><g v="PRCL"></g></l></v><v><l id="348430" t="тот"><g v="ADJF"></g><g v="Subx"></g><g v="Apro"></g><g v="Anph"></g><g v="neut"></g><g v="sing"></g><g v="nomn"></g></l></v><v><l id="348430" t="тот"><g v="ADJF"></g><g v="Subx"></g><g v="Apro"></g><g v="Anph"></g><g v="neut"></g><g v="sing"></g><g v="accs"></g></l></v></tfr></token><token id="696624" text="?"><tfr rev_id="1528485" t="?"><v><l id="0" t="?"><g v="PNCT"></g></l></v></tfr></token></tokens></sentence><sentence id="39092"><source>Читаю еще раз.</source><tokens><token id="696625" text="Читаю"><tfr rev_id="1528486" t="Читаю"><v><l id="376719" t="читаю"><g v="VERB"></g><g v="impf"></g><g v="tran"></g><g v="sing"></g><g v="1per"></g><g v="pres"></g><g v="indc"></g></l></v></tfr></token><token id="696626" text="еще"><tfr rev_id="1528487" t="еще"><v><l id="95551" t="ещё"><g v="PRCL"></g></l></v><v><l id="95552" t="ещё"><g v="ADVB"></g></l></v></tfr></token><token id="696627" text="раз"><tfr rev_id="4509854" t="раз"><v><l id="291500" t="раз"><g v="NOUN"></g><g v="inan"></g><g v="masc"></g><g v="sing"></g><g v="nomn"></g></l></v><v><l id="291500" t="раз"><g v="NOUN"></g><g v="inan"></g><g v="masc"></g><g v="sing"></g><g v="accs"></g></l></v></tfr></token><token id="696628" text="."><tfr rev_id="1528489" t="."><v><l id="0" t="."><g v="PNCT"></g></l></v></tfr></token></tokens></sentence><sentence id="39093"><source>С третьего раза замечаю в рамке отдельное предупреждение - передние габаритные огни и указатели поворотов самостоятельной замене не подлежат и рекомендуем обратиться в авторизованный сервисный, бла-бла-бла.</source><tokens><token id="696629" text="С"><tfr rev_id="1528490" t="С"><v><l id="311151" t="с"><g v="PREP"></g></l></v></tfr></token><token id="696630" text="третьего"><tfr rev_id="4310820" t="третьего"><v><l id="349855" t="третий"><g v="ADJF"></g><g v="Anum"></g><g v="masc"></g><g v="sing"></g><g v="gent"></g></l></v><v><l id="349855" t="третий"><g v="ADJF"></g><g v="Anum"></g><g v="anim"></g><g v="masc"></g><g v="sing"></g><g v="accs"></g></l></v></tfr></token><token id="696631" text="раза"><tfr rev_id="3421631" t="раза"><v><l id="291500" t="раз"><g v="NOUN"></g><g v="inan"></g><g v="masc"></g><g v="sing"></g><g v="gen1"></g></l></v></tfr></token><token id="696632" text="замечаю"><tfr rev_id="1528493" t="замечаю"><v><l id="105553" t="замечаю"><g v="VERB"></g><g v="impf"></g><g v="tran"></g><g v="sing"></g><g v="1per"></g><g v="pres"></g><g v="indc"></g></l></v></tfr></token><token id="696633" text="в"><tfr rev_id="1528494" t="в"><v><l id="37409" t="в"><g v="PREP"></g></l></v></tfr></token><token id="696634" text="рамке"><tfr rev_id="3500392" t="рамке"><v><l id="297819" t="рамка"><g v="NOUN"></g><g v="inan"></g><g v="femn"></g><g v="sing"></g><g v="loct"></g></l></v></tfr></token><token id="696635" text="отдельное"><tfr rev_id="1528496" t="отдельное"><v><l id="213415" t="отдельный"><g v="ADJF"></g><g v="Qual"></g><g v="neut"></g><g v="sing"></g><g v="nomn"></g></l></v><v><l id="213415" t="отдельный"><g v="ADJF"></g><g v="Qual"></g><g v="neut"></g><g v="sing"></g><g v="accs"></g></l></v></tfr></token><token id="696636" text="предупреждение"><tfr rev_id="1528497" t="предупреждение"><v><l id="267293" t="предупреждение"><g v="NOUN"></g><g v="inan"></g><g v="neut"></g><g v="sing"></g><g v="nomn"></g></l></v><v><l id="267293" t="предупреждение"><g v="NOUN"></g><g v="inan"></g><g v="neut"></g><g v="sing"></g><g v="accs"></g></l></v></tfr></token><token id="696637" text="-"><tfr rev_id="1528498" t="-"><v><l id="0" t="-"><g v="PNCT"></g></l></v></tfr></token><token id="696638" text="передние"><tfr rev_id="4259904" t="передние"><v><l id="228361" t="передний"><g v="ADJF"></g><g v="plur"></g><g v="nomn"></g></l></v><v><l id="228361" t="передний"><g v="ADJF"></g><g v="inan"></g><g v="plur"></g><g v="accs"></g></l></v></tfr></token><token id="696639" text="габаритные"><tfr rev_id="4074900" t="габаритные"><v><l id="65265" t="габаритный"><g v="ADJF"></g><g v="Qual"></g><g v="plur"></g><g v="nomn"></g></l></v></tfr></token><token id="696640" text="огни"><tfr rev_id="3757401" t="огни"><v><l id="202760" t="огонь"><g v="NOUN"></g><g v="inan"></g><g v="masc"></g><g v="plur"></g><g v="nomn"></g></l></v></tfr></token><token id="696641" text="и"><tfr rev_id="1528502" t="и"><v><l id="116949" t="и"><g v="CONJ"></g></l></v><v><l id="116950" t="и"><g v="INTJ"></g></l></v></tfr></token><token id="696642" text="указатели"><tfr rev_id="2757339" t="указатели"><v><l id="355920" t="указатель"><g v="NOUN"></g><g v="inan"></g><g v="masc"></g><g v="plur"></g><g v="nomn"></g></l></v></tfr></token><token id="696643" text="поворотов"><tfr rev_id="1528504" t="поворотов"><v><l id="242676" t="поворот"><g v="NOUN"></g><g v="inan"></g><g v="masc"></g><g v="plur"></g><g v="gent"></g></l></v></tfr></token><token id="696644" text="самостоятельной"><tfr rev_id="2637306" t="самостоятельной"><v><l id="312915" t="самостоятельный"><g v="ADJF"></g><g v="Qual"></g><g v="femn"></g><g v="sing"></g><g v="datv"></g></l></v></tfr></token><token id="696645" text="замене"><tfr rev_id="3447614" t="замене"><v><l id="105396" t="замена"><g v="NOUN"></g><g v="inan"></g><g v="femn"></g><g v="sing"></g><g v="datv"></g></l></v></tfr></token><token id="696646" text="не"><tfr rev_id="1528507" t="не"><v><l id="178876" t="не"><g v="PRCL"></g></l></v></tfr></token><token id="696647" text="подлежат"><tfr rev_id="1528508" t="подлежат"><v><l id="247038" t="подлежу"><g v="VERB"></g><g v="impf"></g><g v="intr"></g><g v="plur"></g><g v="3per"></g><g v="pres"></g><g v="indc"></g></l></v></tfr></token><token id="696648" text="и"><tfr rev_id="4092899" t="и"><v><l id="116949" t="и"><g v="CONJ"></g></l></v></tfr></token><token id="696649" text="рекомендуем"><tfr rev_id="2635149" t="рекомендуем"><v><l id="305730" t="рекомендовал"><g v="VERB"></g><g v="perf"></g><g v="tran"></g><g v="plur"></g><g v="1per"></g><g v="futr"></g><g v="indc"></g></l></v><v><l id="305730" t="рекомендовал"><g v="VERB"></g><g v="perf"></g><g v="tran"></g><g v="sing"></g><g v="impr"></g><g v="incl"></g></l></v><v><l id="305731" t="рекомендую"><g v="VERB"></g><g v="impf"></g><g v="tran"></g><g v="plur"></g><g v="1per"></g><g v="pres"></g><g v="indc"></g></l></v></tfr></token><token id="696650" text="обратиться"><tfr rev_id="1528511" t="обратиться"><v><l id="198929" t="обратиться"><g v="INFN"></g><g v="perf"></g><g v="intr"></g></l></v></tfr></token><token id="696651" text="в"><tfr rev_id="1528512" t="в"><v><l id="37409" t="в"><g v="PREP"></g></l></v></tfr></token><token id="696652" text="авторизованный"><tfr rev_id="1528513" t="авторизованный"><v><l id="3398" t="авторизованный"><g v="ADJF"></g><g v="masc"></g><g v="sing"></g><g v="nomn"></g></l></v><v><l id="3398" t="авторизованный"><g v="ADJF"></g><g v="inan"></g><g v="masc"></g><g v="sing"></g><g v="accs"></g></l></v><v><l id="3409" t="авторизованный"><g v="PRTF"></g><g v="perf"></g><g v="tran"></g><g v="past"></g><g v="pssv"></g><g v="masc"></g><g v="sing"></g><g v="nomn"></g></l></v><v><l id="3409" t="авторизованный"><g v="PRTF"></g><g v="perf"></g><g v="tran"></g><g v="past"></g><g v="pssv"></g><g v="inan"></g><g v="masc"></g><g v="sing"></g><g v="accs"></g></l></v><v><l id="3410" t="авторизованный"><g v="PRTF"></g><g v="impf"></g><g v="tran"></g><g v="past"></g><g v="pssv"></g><g v="masc"></g><g v="sing"></g><g v="nomn"></g></l></v><v><l id="3410" t="авторизованный"><g v="PRTF"></g><g v="impf"></g><g v="tran"></g><g v="past"></g><g v="pssv"></g><g v="inan"></g><g v="masc"></g><g v="sing"></g><g v="accs"></g></l></v></tfr></token><token id="696653" text="сервисный"><tfr rev_id="1528514" t="сервисный"><v><l id="319031" t="сервисный"><g v="ADJF"></g><g v="masc"></g><g v="sing"></g><g v="nomn"></g></l></v><v><l id="319031" t="сервисный"><g v="ADJF"></g><g v="inan"></g><g v="masc"></g><g v="sing"></g><g v="accs"></g></l></v></tfr></token><token id="696654" text=","><tfr rev_id="1528515" t=","><v><l id="0" t=","><g v="PNCT"></g></l></v></tfr></token><token id="696655" text="бла"><tfr rev_id="1528516" t="бла"><v><l id="0" t="бла"><g v="UNKN"></g></l></v></tfr></token><token id="696656" text="-"><tfr rev_id="1528517" t="-"><v><l id="0" t="-"><g v="PNCT"></g></l></v></tfr></token><token id="696657" text="бла"><tfr rev_id="1528518" t="бла"><v><l id="0" t="бла"><g v="UNKN"></g></l></v></tfr></token><token id="696658" text="-"><tfr rev_id="1528519" t="-"><v><l id="0" t="-"><g v="PNCT"></g></l></v></tfr></token><token id="696659" text="бла"><tfr rev_id="1528520" t="бла"><v><l id="0" t="бла"><g v="UNKN"></g></l></v></tfr></token><token id="696660" text="."><tfr rev_id="1528521" t="."><v><l id="0" t="."><g v="PNCT"></g></l></v></tfr></token></tokens></sentence><sentence id="39094"><source>То есть я должен поехать в какое-нибудь сраное скунсово, предварительно как честный фраер записаться (за неделю, небось, как обычно), провести там полдня, поменять лампочку за 15 рублей и поехать на техосмотр.</source><tokens><token id="696661" text="То"><tfr rev_id="3777720" t="То"><v><l id="346835" t="то"><g v="CONJ"></g></l></v><v><l id="346836" t="то"><g v="PRCL"></g></l></v><v><l id="348430" t="тот"><g v="ADJF"></g><g v="Subx"></g><g v="Apro"></g><g v="Anph"></g><g v="neut"></g><g v="sing"></g><g v="nomn"></g></l></v><v><l id="348430" t="тот"><g v="ADJF"></g><g v="Subx"></g><g v="Apro"></g><g v="Anph"></g><g v="neut"></g><g v="sing"></g><g v="accs"></g></l></v></tfr></token><token id="696662" text="есть"><tfr rev_id="4386571" t="есть"><v><l id="37265" t="есть"><g v="VERB"></g><g v="impf"></g><g v="intr"></g><g v="sing"></g><g v="3per"></g><g v="pres"></g><g v="indc"></g></l></v><v><l id="37265" t="есть"><g v="VERB"></g><g v="impf"></g><g v="intr"></g><g v="plur"></g><g v="3per"></g><g v="pres"></g><g v="indc"></g></l></v></tfr></token><token id="696663" text="я"><tfr rev_id="1528524" t="я"><v><l id="387317" t="я"><g v="NPRO"></g><g v="1per"></g><g v="sing"></g><g v="nomn"></g></l></v></tfr></token><token id="696664" text="должен"><tfr rev_id="2558812" t="должен"><v><l id="87975" t="должен"><g v="ADJS"></g><g v="masc"></g><g v="sing"></g></l></v></tfr></token><token id="696665" text="поехать"><tfr rev_id="1528526" t="поехать"><v><l id="252988" t="поехать"><g v="INFN"></g><g v="perf"></g><g v="intr"></g></l></v></tfr></token><token id="696666" text="в"><tfr rev_id="1528527" t="в"><v><l id="37409" t="в"><g v="PREP"></g></l></v></tfr></token><token id="696667" text="какое-нибудь"><tfr rev_id="1528528" t="какое-нибудь"><v><l id="128226" t="какой-нибудь"><g v="ADJF"></g><g v="Apro"></g><g v="neut"></g><g v="sing"></g><g v="nomn"></g></l></v><v><l id="128226" t="какой-нибудь"><g v="ADJF"></g><g v="Apro"></g><g v="neut"></g><g v="sing"></g><g v="accs"></g></l></v></tfr></token><token id="696668" text="сраное"><tfr rev_id="4429231" t="сраное"><v><l id="390634" t="сраный"><g v="ADJF"></g><g v="Slng"></g><g v="neut"></g><g v="sing"></g><g v="accs"></g></l></v><v><l id="390634" t="сраный"><g v="ADJF"></g><g v="Slng"></g><g v="neut"></g><g v="sing"></g><g v="nomn"></g></l></v></tfr></token><token id="696669" text="скунсово"><tfr rev_id="4349329" t="скунсово"><v><l id="0" t="скунсово"><g v="UNKN"></g></l></v></tfr></token><token id="696670" text=","><tfr rev_id="1528531" t=","><v><l id="0" t=","><g v="PNCT"></g></l></v></tfr></token><token id="696671" text="предварительно"><tfr rev_id="1528532" t="предварительно"><v><l id="266246" t="предварительно"><g v="ADVB"></g></l></v><v><l id="266250" t="предварителен"><g v="ADJS"></g><g v="neut"></g><g v="sing"></g></l></v></tfr></token><token id="696672" text="как"><tfr rev_id="1528533" t="как"><v><l id="128190" t="как"><g v="CONJ"></g></l></v><v><l id="128191" t="как"><g v="PRCL"></g></l></v><v><l id="128192" t="как"><g v="ADVB"></g><g v="Ques"></g></l></v></tfr></token><token id="696673" text="честный"><tfr rev_id="3880274" t="честный"><v><l id="376041" t="честный"><g v="ADJF"></g><g v="Qual"></g><g v="masc"></g><g v="sing"></g><g v="nomn"></g></l></v></tfr></token><token id="696674" text="фраер"><tfr rev_id="1528535" t="фраер"><v><l id="367868" t="фраер"><g v="NOUN"></g><g v="anim"></g><g v="masc"></g><g v="sing"></g><g v="nomn"></g></l></v></tfr></token><token id="696675" text="записаться"><tfr rev_id="1528536" t="записаться"><v><l id="107258" t="записаться"><g v="INFN"></g><g v="perf"></g><g v="intr"></g></l></v></tfr></token><token id="696676" text="("><tfr rev_id="1528537" t="("><v><l id="0" t="("><g v="PNCT"></g></l></v></tfr></token><token id="696677" text="за"><tfr rev_id="1528538" t="за"><v><l id="98043" t="за"><g v="PREP"></g></l></v></tfr></token><token id="696678" text="неделю"><tfr rev_id="1528539" t="неделю"><v><l id="180718" t="неделя"><g v="NOUN"></g><g v="inan"></g><g v="femn"></g><g v="sing"></g><g v="accs"></g></l></v></tfr></token><token id="696679" text=","><tfr rev_id="1528540" t=","><v><l id="0" t=","><g v="PNCT"></g></l></v></tfr></token><token id="696680" text="небось"><tfr rev_id="1528541" t="небось"><v><l id="179473" t="небось"><g v="PRCL"></g></l></v><v><l id="179474" t="небось"><g v="CONJ"></g><g v="Prnt"></g></l></v></tfr></token><token id="696681" text=","><tfr rev_id="1528542" t=","><v><l id="0" t=","><g v="PNCT"></g></l></v></tfr></token><token id="696682" text="как"><tfr rev_id="1528543" t="как"><v><l id="128190" t="как"><g v="CONJ"></g></l></v><v><l id="128191" t="как"><g v="PRCL"></g></l></v><v><l id="128192" t="как"><g v="ADVB"></g><g v="Ques"></g></l></v></tfr></token><token id="696683" text="обычно"><tfr rev_id="1528544" t="обычно"><v><l id="202047" t="обычно"><g v="ADVB"></g></l></v><v><l id="202051" t="обычен"><g v="ADJS"></g><g v="Qual"></g><g v="neut"></g><g v="sing"></g></l></v></tfr></token><token id="696684" text=")"><tfr rev_id="1528545" t=")"><v><l id="0" t=")"><g v="PNCT"></g></l></v></tfr></token><token id="696685" text=","><tfr rev_id="1528546" t=","><v><l id="0" t=","><g v="PNCT"></g></l></v></tfr></token><token id="696686" text="провести"><tfr rev_id="1528547" t="провести"><v><l id="277831" t="провести"><g v="INFN"></g><g v="perf"></g><g v="tran"></g></l></v></tfr></token><token id="696687" text="там"><tfr rev_id="1528548" t="там"><v><l id="342752" t="там"><g v="PRCL"></g></l></v><v><l id="342753" t="там"><g v="ADVB"></g><g v="Dmns"></g></l></v></tfr></token><token id="696688" text="полдня"><tfr rev_id="4577096" t="полдня"><v><l id="390507" t="полдня"><g v="NOUN"></g><g v="inan"></g><g v="neut"></g><g v="Sgtm"></g><g v="sing"></g><g v="accs"></g></l></v><v><l id="390507" t="полдня"><g v="NOUN"></g><g v="inan"></g><g v="neut"></g><g v="Sgtm"></g><g v="sing"></g><g v="nomn"></g></l></v></tfr></token><token id="696689" text=","><tfr rev_id="1528550" t=","><v><l id="0" t=","><g v="PNCT"></g></l></v></tfr></token><token id="696690" text="поменять"><tfr rev_id="1528551" t="поменять"><v><l id="257508" t="поменять"><g v="INFN"></g><g v="perf"></g><g v="tran"></g></l></v></tfr></token><token id="696691" text="лампочку"><tfr rev_id="1528552" t="лампочку"><v><l id="146703" t="лампочка"><g v="NOUN"></g><g v="inan"></g><g v="femn"></g><g v="sing"></g><g v="accs"></g></l></v></tfr></token><token id="696692" text="за"><tfr rev_id="1528553" t="за"><v><l id="98043" t="за"><g v="PREP"></g></l></v></tfr></token><token id="696693" text="15"><tfr rev_id="2462851" t="15"><v><l id="0" t="15"><g v="NUMB"></g></l></v></tfr></token><token id="696694" text="рублей"><tfr rev_id="1528555" t="рублей"><v><l id="309744" t="рубль"><g v="NOUN"></g><g v="inan"></g><g v="masc"></g><g v="plur"></g><g v="gent"></g></l></v></tfr></token><token id="696695" text="и"><tfr rev_id="1528556" t="и"><v><l id="116949" t="и"><g v="CONJ"></g></l></v><v><l id="116950" t="и"><g v="INTJ"></g></l></v></tfr></token><token id="696696" text="поехать"><tfr rev_id="1528557" t="поехать"><v><l id="252988" t="поехать"><g v="INFN"></g><g v="perf"></g><g v="intr"></g></l></v></tfr></token><token id="696697" text="на"><tfr rev_id="3335756" t="на"><v><l id="166264" t="на"><g v="PREP"></g></l></v></tfr></token><token id="696698" text="техосмотр"><tfr rev_id="4100861" t="техосмотр"><v><l id="345996" t="техосмотр"><g v="NOUN"></g><g v="inan"></g><g v="masc"></g><g v="sing"></g><g v="accs"></g></l></v></tfr></token><token id="696699" text="."><tfr rev_id="1528560" t="."><v><l id="0" t="."><g v="PNCT"></g></l></v></tfr></token></tokens></sentence><sentence id="39095"><source>Заодно бесплатно помыться.</source><tokens><token id="696700" text="Заодно"><tfr rev_id="1528561" t="Заодно"><v><l id="106598" t="заодно"><g v="ADVB"></g></l></v></tfr></token><token id="696701" text="бесплатно"><tfr rev_id="1528562" t="бесплатно"><v><l id="28391" t="бесплатно"><g v="ADVB"></g></l></v><v><l id="28394" t="бесплатен"><g v="ADJS"></g><g v="Qual"></g><g v="neut"></g><g v="sing"></g></l></v></tfr></token><token id="696702" text="помыться"><tfr rev_id="1528563" t="помыться"><v><l id="258144" t="помыться"><g v="INFN"></g><g v="perf"></g><g v="intr"></g></l></v></tfr></token><token id="696703" text="."><tfr rev_id="1528564" t="."><v><l id="0" t="."><g v="PNCT"></g></l></v></tfr></token></tokens></sentence><sentence id="39096"><source>Странно что там пепельница вынимается вручную, а не на сервисе.</source><tokens><token id="696704" text="Странно"><tfr rev_id="1528565" t="Странно"><v><l id="337118" t="странно"><g v="ADVB"></g><g v="Prdx"></g></l></v><v><l id="337135" t="странен"><g v="ADJS"></g><g v="Qual"></g><g v="neut"></g><g v="sing"></g></l></v></tfr></token><token id="696705" text="что"><tfr rev_id="3197744" t="что"><v><l id="377004" t="что"><g v="CONJ"></g></l></v><v><l id="377005" t="что"><g v="NPRO"></g><g v="neut"></g><g v="sing"></g><g v="nomn"></g></l></v><v><l id="377005" t="что"><g v="NPRO"></g><g v="neut"></g><g v="sing"></g><g v="accs"></g></l></v><v><l id="377006" t="что"><g v="ADVB"></g><g v="Ques"></g></l></v><v><l id="388695" t="что"><g v="PRCL"></g></l></v></tfr></token><token id="696706" text="там"><tfr rev_id="1528567" t="там"><v><l id="342752" t="там"><g v="PRCL"></g></l></v><v><l id="342753" t="там"><g v="ADVB"></g><g v="Dmns"></g></l></v></tfr></token><token id="696707" text="пепельница"><tfr rev_id="1528568" t="пепельница"><v><l id="226155" t="пепельница"><g v="NOUN"></g><g v="inan"></g><g v="femn"></g><g v="sing"></g><g v="nomn"></g></l></v></tfr></token><token id="696708" text="вынимается"><tfr rev_id="1528569" t="вынимается"><v><l id="59914" t="вынимаюсь"><g v="VERB"></g><g v="impf"></g><g v="intr"></g><g v="sing"></g><g v="3per"></g><g v="pres"></g><g v="indc"></g></l></v></tfr></token><token id="696709" text="вручную"><tfr rev_id="1528570" t="вручную"><v><l id="53233" t="вручную"><g v="ADVB"></g></l></v></tfr></token><token id="696710" text=","><tfr rev_id="1528571" t=","><v><l id="0" t=","><g v="PNCT"></g></l></v></tfr></token><token id="696711" text="а"><tfr rev_id="1528572" t="а"><v><l id="51" t="а"><g v="CONJ"></g></l></v><v><l id="52" t="а"><g v="INTJ"></g></l></v><v><l id="53" t="а"><g v="PRCL"></g></l></v></tfr></token><token id="696712" text="не"><tfr rev_id="1528573" t="не"><v><l id="178876" t="не"><g v="PRCL"></g></l></v></tfr></token><token id="696713" text="на"><tfr rev_id="3336739" t="на"><v><l id="166264" t="на"><g v="PREP"></g></l></v></tfr></token><token id="696714" text="сервисе"><tfr rev_id="1528575" t="сервисе"><v><l id="319025" t="сервис"><g v="NOUN"></g><g v="inan"></g><g v="masc"></g><g v="sing"></g><g v="loct"></g></l></v></tfr></token><token id="696715" text="."><tfr rev_id="1528576" t="."><v><l id="0" t="."><g v="PNCT"></g></l></v></tfr></token></tokens></sentence></paragraph><paragraph id="12501"><sentence id="39097"><source>Как в current mood отразить состояние полного охуения до ступора?</source><tokens><token id="696716" text="Как"><tfr rev_id="1528577" t="Как"><v><l id="128190" t="как"><g v="CONJ"></g></l></v><v><l id="128191" t="как"><g v="PRCL"></g></l></v><v><l id="128192" t="как"><g v="ADVB"></g><g v="Ques"></g></l></v></tfr></token><token id="696717" text="в"><tfr rev_id="1528578" t="в"><v><l id="37409" t="в"><g v="PREP"></g></l></v></tfr></token><token id="696718" text="current"><tfr rev_id="2475482" t="current"><v><l id="0" t="current"><g v="LATN"></g></l></v></tfr></token><token id="696719" text="mood"><tfr rev_id="2475483" t="mood"><v><l id="0" t="mood"><g v="LATN"></g></l></v></tfr></token><token id="696720" text="отразить"><tfr rev_id="1528581" t="отразить"><v><l id="217311" t="отразить"><g v="INFN"></g><g v="perf"></g><g v="tran"></g></l></v></tfr></token><token id="696721" text="состояние"><tfr rev_id="4099672" t="состояние"><v><l id="330557" t="состояние"><g v="NOUN"></g><g v="inan"></g><g v="neut"></g><g v="sing"></g><g v="accs"></g></l></v></tfr></token><token id="696722" text="полного"><tfr rev_id="3448886" t="полного"><v><l id="256169" t="полный"><g v="ADJF"></g><g v="Qual"></g><g v="neut"></g><g v="sing"></g><g v="gent"></g></l></v></tfr></token><token id="696723" text="охуения"><tfr rev_id="4533813" t="охуения"><v><l id="392763" t="охуение"><g v="NOUN"></g><g v="inan"></g><g v="neut"></g><g v="Slng"></g><g v="plur"></g><g v="accs"></g></l></v><v><l id="392763" t="охуение"><g v="NOUN"></g><g v="inan"></g><g v="neut"></g><g v="Slng"></g><g v="plur"></g><g v="nomn"></g></l></v><v><l id="392763" t="охуение"><g v="NOUN"></g><g v="inan"></g><g v="neut"></g><g v="Slng"></g><g v="sing"></g><g v="gent"></g></l></v></tfr></token><token id="696724" text="до"><tfr rev_id="1528585" t="до"><v><l id="85153" t="до"><g v="PREP"></g></l></v></tfr></token><token id="696725" text="ступора"><tfr rev_id="1528586" t="ступора"><v><l id="338326" t="ступор"><g v="NOUN"></g><g v="inan"></g><g v="masc"></g><g v="sing"></g><g v="gent"></g></l></v></tfr></token><token id="696726" text="?"><tfr rev_id="1528587" t="?"><v><l id="0" t="?"><g v="PNCT"></g></l></v></tfr></token></tokens></sentence></paragraph></paragraphs></text>