<?xml version="1.0" encoding="utf-8"?><text id="1384" parent="226" name="06928 Нефть выросла до 66,3 доллара"><tags><tag>url:http://www.chaskor.ru/news/neft_vyrosla_do_663_dollara_6928</tag><tag>Год:2009</tag><tag>Тема:ЧасКор:Экономика</tag><tag>Дата:30/05</tag><tag>Тема:ЧасКор:Экономика/Сырье</tag></tags><paragraphs><paragraph id="38549"><sentence id="110347"><source>Нефть выросла до 66,3 доллара</source><tokens><token id="1996281" text="Нефть"><tfr rev_id="4547533" t="Нефть"><v><l id="189857" t="нефть"><g v="NOUN"></g><g v="inan"></g><g v="femn"></g><g v="sing"></g><g v="accs"></g></l></v><v><l id="189857" t="нефть"><g v="NOUN"></g><g v="inan"></g><g v="femn"></g><g v="sing"></g><g v="nomn"></g></l></v></tfr></token><token id="1996282" text="выросла"><tfr rev_id="4547534" t="выросла"><v><l id="61227" t="вырос"><g v="VERB"></g><g v="perf"></g><g v="intr"></g><g v="femn"></g><g v="sing"></g><g v="past"></g><g v="indc"></g></l></v></tfr></token><token id="1996283" text="до"><tfr rev_id="4547535" t="до"><v><l id="85153" t="до"><g v="PREP"></g></l></v></tfr></token><token id="1996284" text="66,3"><tfr rev_id="4547536" t="66,3"><v><l id="0" t="66,3"><g v="NUMB"></g></l></v></tfr></token><token id="1996285" text="доллара"><tfr rev_id="4547537" t="доллара"><v><l id="88047" t="доллар"><g v="NOUN"></g><g v="inan"></g><g v="masc"></g><g v="sing"></g><g v="gent"></g></l></v></tfr></token></tokens></sentence></paragraph><paragraph id="38550"><sentence id="110348"><source>Подорожав за май на 30%, нефть продемонстрировала самый существенный месячный рост за 10 лет.</source><tokens><token id="1996286" text="Подорожав"><tfr rev_id="4547538" t="Подорожав"><v><l id="248573" t="подорожав"><g v="GRND"></g><g v="perf"></g><g v="intr"></g><g v="past"></g></l></v></tfr></token><token id="1996287" text="за"><tfr rev_id="4547539" t="за"><v><l id="98043" t="за"><g v="PREP"></g></l></v></tfr></token><token id="1996288" text="май"><tfr rev_id="4577462" t="май"><v><l id="153142" t="май"><g v="NOUN"></g><g v="inan"></g><g v="masc"></g><g v="Sgtm"></g><g v="sing"></g><g v="accs"></g></l></v><v><l id="153142" t="май"><g v="NOUN"></g><g v="inan"></g><g v="masc"></g><g v="Sgtm"></g><g v="sing"></g><g v="nomn"></g></l></v></tfr></token><token id="1996289" text="на"><tfr rev_id="4547541" t="на"><v><l id="166264" t="на"><g v="PREP"></g></l></v><v><l id="388676" t="на"><g v="INTJ"></g></l></v><v><l id="388734" t="на"><g v="PRCL"></g></l></v></tfr></token><token id="1996290" text="30"><tfr rev_id="4547542" t="30"><v><l id="0" t="30"><g v="NUMB"></g></l></v></tfr></token><token id="1996291" text="%"><tfr rev_id="4547543" t="%"><v><l id="0" t="%"><g v="PNCT"></g></l></v></tfr></token><token id="1996292" text=","><tfr rev_id="4547544" t=","><v><l id="0" t=","><g v="PNCT"></g></l></v></tfr></token><token id="1996293" text="нефть"><tfr rev_id="4547545" t="нефть"><v><l id="189857" t="нефть"><g v="NOUN"></g><g v="inan"></g><g v="femn"></g><g v="sing"></g><g v="accs"></g></l></v><v><l id="189857" t="нефть"><g v="NOUN"></g><g v="inan"></g><g v="femn"></g><g v="sing"></g><g v="nomn"></g></l></v></tfr></token><token id="1996294" text="продемонстрировала"><tfr rev_id="4547546" t="продемонстрировала"><v><l id="279070" t="продемонстрировал"><g v="VERB"></g><g v="perf"></g><g v="tran"></g><g v="femn"></g><g v="sing"></g><g v="past"></g><g v="indc"></g></l></v></tfr></token><token id="1996295" text="самый"><tfr rev_id="4547547" t="самый"><v><l id="313174" t="самый"><g v="ADJF"></g><g v="Apro"></g><g v="inan"></g><g v="masc"></g><g v="sing"></g><g v="accs"></g></l></v><v><l id="313174" t="самый"><g v="ADJF"></g><g v="Apro"></g><g v="masc"></g><g v="sing"></g><g v="nomn"></g></l></v></tfr></token><token id="1996296" text="существенный"><tfr rev_id="4547548" t="существенный"><v><l id="340474" t="существенный"><g v="ADJF"></g><g v="Qual"></g><g v="inan"></g><g v="masc"></g><g v="sing"></g><g v="accs"></g></l></v><v><l id="340474" t="существенный"><g v="ADJF"></g><g v="Qual"></g><g v="masc"></g><g v="sing"></g><g v="nomn"></g></l></v></tfr></token><token id="1996297" text="месячный"><tfr rev_id="4547549" t="месячный"><v><l id="158850" t="месячный"><g v="ADJF"></g><g v="inan"></g><g v="masc"></g><g v="sing"></g><g v="accs"></g></l></v><v><l id="158850" t="месячный"><g v="ADJF"></g><g v="masc"></g><g v="sing"></g><g v="nomn"></g></l></v></tfr></token><token id="1996298" text="рост"><tfr rev_id="4547550" t="рост"><v><l id="309343" t="рост"><g v="NOUN"></g><g v="inan"></g><g v="masc"></g><g v="sing"></g><g v="accs"></g></l></v><v><l id="309343" t="рост"><g v="NOUN"></g><g v="inan"></g><g v="masc"></g><g v="sing"></g><g v="nomn"></g></l></v></tfr></token><token id="1996299" text="за"><tfr rev_id="4547551" t="за"><v><l id="98043" t="за"><g v="PREP"></g></l></v></tfr></token><token id="1996300" text="10"><tfr rev_id="4547552" t="10"><v><l id="0" t="10"><g v="NUMB"></g></l></v></tfr></token><token id="1996301" text="лет"><tfr rev_id="4547553" t="лет"><v><l id="72149" t="год"><g v="NOUN"></g><g v="inan"></g><g v="masc"></g><g v="plur"></g><g v="gent"></g></l></v><v><l id="146077" t="лёт"><g v="NOUN"></g><g v="inan"></g><g v="masc"></g><g v="sing"></g><g v="accs"></g></l></v><v><l id="146077" t="лёт"><g v="NOUN"></g><g v="inan"></g><g v="masc"></g><g v="sing"></g><g v="nomn"></g></l></v></tfr></token><token id="1996302" text="."><tfr rev_id="4547554" t="."><v><l id="0" t="."><g v="PNCT"></g></l></v></tfr></token></tokens></sentence></paragraph><paragraph id="38551"><sentence id="110349"><source>На нью-йоркской бирже NYMEХ стоимость июльских фьючерсов на американскую лёгкую нефть выросла по итогам пятничных торгов на 1,23 доллара.</source><tokens><token id="1996303" text="На"><tfr rev_id="4547555" t="На"><v><l id="166264" t="на"><g v="PREP"></g></l></v><v><l id="388676" t="на"><g v="INTJ"></g></l></v><v><l id="388734" t="на"><g v="PRCL"></g></l></v></tfr></token><token id="1996304" text="нью-йоркской"><tfr rev_id="4547556" t="нью-йоркской"><v><l id="192834" t="нью-йоркский"><g v="ADJF"></g><g v="femn"></g><g v="sing"></g><g v="ablt"></g></l></v><v><l id="192834" t="нью-йоркский"><g v="ADJF"></g><g v="femn"></g><g v="sing"></g><g v="datv"></g></l></v><v><l id="192834" t="нью-йоркский"><g v="ADJF"></g><g v="femn"></g><g v="sing"></g><g v="gent"></g></l></v><v><l id="192834" t="нью-йоркский"><g v="ADJF"></g><g v="femn"></g><g v="sing"></g><g v="loct"></g></l></v></tfr></token><token id="1996305" text="бирже"><tfr rev_id="4579990" t="бирже"><v><l id="29955" t="биржа"><g v="NOUN"></g><g v="inan"></g><g v="femn"></g><g v="sing"></g><g v="loct"></g></l></v></tfr></token><token id="1996306" text="NYMEХ"><tfr rev_id="4547558" t="NYMEХ"><v><l id="0" t="NYMEХ"><g v="UNKN"></g></l></v></tfr></token><token id="1996307" text="стоимость"><tfr rev_id="4547559" t="стоимость"><v><l id="336463" t="стоимость"><g v="NOUN"></g><g v="inan"></g><g v="femn"></g><g v="sing"></g><g v="accs"></g></l></v><v><l id="336463" t="стоимость"><g v="NOUN"></g><g v="inan"></g><g v="femn"></g><g v="sing"></g><g v="nomn"></g></l></v></tfr></token><token id="1996308" text="июльских"><tfr rev_id="4547560" t="июльских"><v><l id="127301" t="июльский"><g v="ADJF"></g><g v="anim"></g><g v="plur"></g><g v="accs"></g></l></v><v><l id="127301" t="июльский"><g v="ADJF"></g><g v="plur"></g><g v="gent"></g></l></v><v><l id="127301" t="июльский"><g v="ADJF"></g><g v="plur"></g><g v="loct"></g></l></v></tfr></token><token id="1996309" text="фьючерсов"><tfr rev_id="4547561" t="фьючерсов"><v><l id="368864" t="фьючерс"><g v="NOUN"></g><g v="inan"></g><g v="masc"></g><g v="plur"></g><g v="gent"></g></l></v></tfr></token><token id="1996310" text="на"><tfr rev_id="4576434" t="на"><v><l id="166264" t="на"><g v="PREP"></g></l></v></tfr></token><token id="1996311" text="американскую"><tfr rev_id="4547563" t="американскую"><v><l id="11429" t="американский"><g v="ADJF"></g><g v="femn"></g><g v="sing"></g><g v="accs"></g></l></v></tfr></token><token id="1996312" text="лёгкую"><tfr rev_id="4547564" t="лёгкую"><v><l id="146051" t="лёгкий"><g v="ADJF"></g><g v="Qual"></g><g v="femn"></g><g v="sing"></g><g v="accs"></g></l></v></tfr></token><token id="1996313" text="нефть"><tfr rev_id="4547565" t="нефть"><v><l id="189857" t="нефть"><g v="NOUN"></g><g v="inan"></g><g v="femn"></g><g v="sing"></g><g v="accs"></g></l></v><v><l id="189857" t="нефть"><g v="NOUN"></g><g v="inan"></g><g v="femn"></g><g v="sing"></g><g v="nomn"></g></l></v></tfr></token><token id="1996314" text="выросла"><tfr rev_id="4547566" t="выросла"><v><l id="61227" t="вырос"><g v="VERB"></g><g v="perf"></g><g v="intr"></g><g v="femn"></g><g v="sing"></g><g v="past"></g><g v="indc"></g></l></v></tfr></token><token id="1996315" text="по"><tfr rev_id="4580184" t="по"><v><l id="241240" t="по"><g v="PREP"></g></l></v></tfr></token><token id="1996316" text="итогам"><tfr rev_id="4547568" t="итогам"><v><l id="127141" t="итог"><g v="NOUN"></g><g v="inan"></g><g v="masc"></g><g v="plur"></g><g v="datv"></g></l></v></tfr></token><token id="1996317" text="пятничных"><tfr rev_id="4547569" t="пятничных"><v><l id="290413" t="пятничный"><g v="ADJF"></g><g v="Qual"></g><g v="anim"></g><g v="plur"></g><g v="accs"></g></l></v><v><l id="290413" t="пятничный"><g v="ADJF"></g><g v="Qual"></g><g v="plur"></g><g v="gent"></g></l></v><v><l id="290413" t="пятничный"><g v="ADJF"></g><g v="Qual"></g><g v="plur"></g><g v="loct"></g></l></v></tfr></token><token id="1996318" text="торгов"><tfr rev_id="4547570" t="торгов"><v><l id="348008" t="торг"><g v="NOUN"></g><g v="inan"></g><g v="masc"></g><g v="plur"></g><g v="gent"></g></l></v></tfr></token><token id="1996319" text="на"><tfr rev_id="4576467" t="на"><v><l id="166264" t="на"><g v="PREP"></g></l></v></tfr></token><token id="1996320" text="1,23"><tfr rev_id="4547572" t="1,23"><v><l id="0" t="1,23"><g v="NUMB"></g></l></v></tfr></token><token id="1996321" text="доллара"><tfr rev_id="4547573" t="доллара"><v><l id="88047" t="доллар"><g v="NOUN"></g><g v="inan"></g><g v="masc"></g><g v="sing"></g><g v="gent"></g></l></v></tfr></token><token id="1996322" text="."><tfr rev_id="4547574" t="."><v><l id="0" t="."><g v="PNCT"></g></l></v></tfr></token></tokens></sentence><sentence id="110350"><source>Таким образом, её цена составила 66,31 доллара за баррель.</source><tokens><token id="1996323" text="Таким"><tfr rev_id="4547575" t="Таким"><v><l id="342491" t="такой"><g v="ADJF"></g><g v="Apro"></g><g v="masc"></g><g v="sing"></g><g v="ablt"></g></l></v><v><l id="342491" t="такой"><g v="ADJF"></g><g v="Apro"></g><g v="neut"></g><g v="sing"></g><g v="ablt"></g></l></v><v><l id="342491" t="такой"><g v="ADJF"></g><g v="Apro"></g><g v="plur"></g><g v="datv"></g></l></v></tfr></token><token id="1996324" text="образом"><tfr rev_id="4547576" t="образом"><v><l id="198787" t="образ"><g v="NOUN"></g><g v="inan"></g><g v="masc"></g><g v="sing"></g><g v="ablt"></g></l></v></tfr></token><token id="1996325" text=","><tfr rev_id="4547577" t=","><v><l id="0" t=","><g v="PNCT"></g></l></v></tfr></token><token id="1996326" text="её"><tfr rev_id="4547578" t="её"><v><l id="94433" t="её"><g v="ADJF"></g><g v="Fixd"></g><g v="Apro"></g><g v="Anph"></g><g v="femn"></g><g v="sing"></g><g v="ablt"></g></l></v><v><l id="94433" t="её"><g v="ADJF"></g><g v="Fixd"></g><g v="Apro"></g><g v="Anph"></g><g v="femn"></g><g v="sing"></g><g v="accs"></g></l></v><v><l id="94433" t="её"><g v="ADJF"></g><g v="Fixd"></g><g v="Apro"></g><g v="Anph"></g><g v="femn"></g><g v="sing"></g><g v="datv"></g></l></v><v><l id="94433" t="её"><g v="ADJF"></g><g v="Fixd"></g><g v="Apro"></g><g v="Anph"></g><g v="femn"></g><g v="sing"></g><g v="gent"></g></l></v><v><l id="94433" t="её"><g v="ADJF"></g><g v="Fixd"></g><g v="Apro"></g><g v="Anph"></g><g v="femn"></g><g v="sing"></g><g v="loct"></g></l></v><v><l id="94433" t="её"><g v="ADJF"></g><g v="Fixd"></g><g v="Apro"></g><g v="Anph"></g><g v="femn"></g><g v="sing"></g><g v="nomn"></g></l></v><v><l id="94433" t="её"><g v="ADJF"></g><g v="Fixd"></g><g v="Apro"></g><g v="Anph"></g><g v="masc"></g><g v="sing"></g><g v="ablt"></g></l></v><v><l id="94433" t="её"><g v="ADJF"></g><g v="Fixd"></g><g v="Apro"></g><g v="Anph"></g><g v="masc"></g><g v="sing"></g><g v="accs"></g></l></v><v><l id="94433" t="её"><g v="ADJF"></g><g v="Fixd"></g><g v="Apro"></g><g v="Anph"></g><g v="masc"></g><g v="sing"></g><g v="datv"></g></l></v><v><l id="94433" t="её"><g v="ADJF"></g><g v="Fixd"></g><g v="Apro"></g><g v="Anph"></g><g v="masc"></g><g v="sing"></g><g v="gent"></g></l></v><v><l id="94433" t="её"><g v="ADJF"></g><g v="Fixd"></g><g v="Apro"></g><g v="Anph"></g><g v="masc"></g><g v="sing"></g><g v="loct"></g></l></v><v><l id="94433" t="её"><g v="ADJF"></g><g v="Fixd"></g><g v="Apro"></g><g v="Anph"></g><g v="masc"></g><g v="sing"></g><g v="nomn"></g></l></v><v><l id="94433" t="её"><g v="ADJF"></g><g v="Fixd"></g><g v="Apro"></g><g v="Anph"></g><g v="neut"></g><g v="sing"></g><g v="ablt"></g></l></v><v><l id="94433" t="её"><g v="ADJF"></g><g v="Fixd"></g><g v="Apro"></g><g v="Anph"></g><g v="neut"></g><g v="sing"></g><g v="accs"></g></l></v><v><l id="94433" t="её"><g v="ADJF"></g><g v="Fixd"></g><g v="Apro"></g><g v="Anph"></g><g v="neut"></g><g v="sing"></g><g v="datv"></g></l></v><v><l id="94433" t="её"><g v="ADJF"></g><g v="Fixd"></g><g v="Apro"></g><g v="Anph"></g><g v="neut"></g><g v="sing"></g><g v="gent"></g></l></v><v><l id="94433" t="её"><g v="ADJF"></g><g v="Fixd"></g><g v="Apro"></g><g v="Anph"></g><g v="neut"></g><g v="sing"></g><g v="loct"></g></l></v><v><l id="94433" t="её"><g v="ADJF"></g><g v="Fixd"></g><g v="Apro"></g><g v="Anph"></g><g v="neut"></g><g v="sing"></g><g v="nomn"></g></l></v><v><l id="94433" t="её"><g v="ADJF"></g><g v="Fixd"></g><g v="Apro"></g><g v="Anph"></g><g v="plur"></g><g v="ablt"></g></l></v><v><l id="94433" t="её"><g v="ADJF"></g><g v="Fixd"></g><g v="Apro"></g><g v="Anph"></g><g v="plur"></g><g v="accs"></g></l></v><v><l id="94433" t="её"><g v="ADJF"></g><g v="Fixd"></g><g v="Apro"></g><g v="Anph"></g><g v="plur"></g><g v="datv"></g></l></v><v><l id="94433" t="её"><g v="ADJF"></g><g v="Fixd"></g><g v="Apro"></g><g v="Anph"></g><g v="plur"></g><g v="gent"></g></l></v><v><l id="94433" t="её"><g v="ADJF"></g><g v="Fixd"></g><g v="Apro"></g><g v="Anph"></g><g v="plur"></g><g v="loct"></g></l></v><v><l id="94433" t="её"><g v="ADJF"></g><g v="Fixd"></g><g v="Apro"></g><g v="Anph"></g><g v="plur"></g><g v="nomn"></g></l></v><v><l id="206544" t="она"><g v="NPRO"></g><g v="femn"></g><g v="3per"></g><g v="Anph"></g><g v="sing"></g><g v="accs"></g></l></v><v><l id="206544" t="она"><g v="NPRO"></g><g v="femn"></g><g v="3per"></g><g v="Anph"></g><g v="sing"></g><g v="gent"></g></l></v></tfr></token><token id="1996327" text="цена"><tfr rev_id="4547579" t="цена"><v><l id="373297" t="цена"><g v="NOUN"></g><g v="inan"></g><g v="femn"></g><g v="sing"></g><g v="nomn"></g></l></v></tfr></token><token id="1996328" text="составила"><tfr rev_id="4547580" t="составила"><v><l id="330483" t="составил"><g v="VERB"></g><g v="perf"></g><g v="tran"></g><g v="femn"></g><g v="sing"></g><g v="past"></g><g v="indc"></g></l></v></tfr></token><token id="1996329" text="66,31"><tfr rev_id="4547581" t="66,31"><v><l id="0" t="66,31"><g v="NUMB"></g></l></v></tfr></token><token id="1996330" text="доллара"><tfr rev_id="4547582" t="доллара"><v><l id="88047" t="доллар"><g v="NOUN"></g><g v="inan"></g><g v="masc"></g><g v="sing"></g><g v="gent"></g></l></v></tfr></token><token id="1996331" text="за"><tfr rev_id="4547583" t="за"><v><l id="98043" t="за"><g v="PREP"></g></l></v></tfr></token><token id="1996332" text="баррель"><tfr rev_id="4547584" t="баррель"><v><l id="24084" t="баррель"><g v="NOUN"></g><g v="inan"></g><g v="masc"></g><g v="sing"></g><g v="accs"></g></l></v><v><l id="24084" t="баррель"><g v="NOUN"></g><g v="inan"></g><g v="masc"></g><g v="sing"></g><g v="nomn"></g></l></v></tfr></token><token id="1996333" text="."><tfr rev_id="4547585" t="."><v><l id="0" t="."><g v="PNCT"></g></l></v></tfr></token></tokens></sentence><sentence id="110351"><source>В результате за май нефть подорожала на 30%, продемонстрировав самый существенный месячный рост за десятилетие.</source><tokens><token id="1996334" text="В"><tfr rev_id="4566429" t="В"><v><l id="37409" t="в"><g v="PREP"></g></l></v></tfr></token><token id="1996335" text="результате"><tfr rev_id="4547587" t="результате"><v><l id="305391" t="результат"><g v="NOUN"></g><g v="inan"></g><g v="masc"></g><g v="sing"></g><g v="loct"></g></l></v></tfr></token><token id="1996336" text="за"><tfr rev_id="4547588" t="за"><v><l id="98043" t="за"><g v="PREP"></g></l></v></tfr></token><token id="1996337" text="май"><tfr rev_id="4577445" t="май"><v><l id="153142" t="май"><g v="NOUN"></g><g v="inan"></g><g v="masc"></g><g v="Sgtm"></g><g v="sing"></g><g v="accs"></g></l></v><v><l id="153142" t="май"><g v="NOUN"></g><g v="inan"></g><g v="masc"></g><g v="Sgtm"></g><g v="sing"></g><g v="nomn"></g></l></v></tfr></token><token id="1996338" text="нефть"><tfr rev_id="4547590" t="нефть"><v><l id="189857" t="нефть"><g v="NOUN"></g><g v="inan"></g><g v="femn"></g><g v="sing"></g><g v="accs"></g></l></v><v><l id="189857" t="нефть"><g v="NOUN"></g><g v="inan"></g><g v="femn"></g><g v="sing"></g><g v="nomn"></g></l></v></tfr></token><token id="1996339" text="подорожала"><tfr rev_id="4547591" t="подорожала"><v><l id="248570" t="подорожал"><g v="VERB"></g><g v="perf"></g><g v="intr"></g><g v="femn"></g><g v="sing"></g><g v="past"></g><g v="indc"></g></l></v></tfr></token><token id="1996340" text="на"><tfr rev_id="4547592" t="на"><v><l id="166264" t="на"><g v="PREP"></g></l></v><v><l id="388676" t="на"><g v="INTJ"></g></l></v><v><l id="388734" t="на"><g v="PRCL"></g></l></v></tfr></token><token id="1996341" text="30"><tfr rev_id="4547593" t="30"><v><l id="0" t="30"><g v="NUMB"></g></l></v></tfr></token><token id="1996342" text="%"><tfr rev_id="4547594" t="%"><v><l id="0" t="%"><g v="PNCT"></g></l></v></tfr></token><token id="1996343" text=","><tfr rev_id="4547595" t=","><v><l id="0" t=","><g v="PNCT"></g></l></v></tfr></token><token id="1996344" text="продемонстрировав"><tfr rev_id="4547596" t="продемонстрировав"><v><l id="279075" t="продемонстрировав"><g v="GRND"></g><g v="perf"></g><g v="tran"></g><g v="past"></g></l></v></tfr></token><token id="1996345" text="самый"><tfr rev_id="4547597" t="самый"><v><l id="313174" t="самый"><g v="ADJF"></g><g v="Apro"></g><g v="inan"></g><g v="masc"></g><g v="sing"></g><g v="accs"></g></l></v><v><l id="313174" t="самый"><g v="ADJF"></g><g v="Apro"></g><g v="masc"></g><g v="sing"></g><g v="nomn"></g></l></v></tfr></token><token id="1996346" text="существенный"><tfr rev_id="4547598" t="существенный"><v><l id="340474" t="существенный"><g v="ADJF"></g><g v="Qual"></g><g v="inan"></g><g v="masc"></g><g v="sing"></g><g v="accs"></g></l></v><v><l id="340474" t="существенный"><g v="ADJF"></g><g v="Qual"></g><g v="masc"></g><g v="sing"></g><g v="nomn"></g></l></v></tfr></token><token id="1996347" text="месячный"><tfr rev_id="4547599" t="месячный"><v><l id="158850" t="месячный"><g v="ADJF"></g><g v="inan"></g><g v="masc"></g><g v="sing"></g><g v="accs"></g></l></v><v><l id="158850" t="месячный"><g v="ADJF"></g><g v="masc"></g><g v="sing"></g><g v="nomn"></g></l></v></tfr></token><token id="1996348" text="рост"><tfr rev_id="4547600" t="рост"><v><l id="309343" t="рост"><g v="NOUN"></g><g v="inan"></g><g v="masc"></g><g v="sing"></g><g v="accs"></g></l></v><v><l id="309343" t="рост"><g v="NOUN"></g><g v="inan"></g><g v="masc"></g><g v="sing"></g><g v="nomn"></g></l></v></tfr></token><token id="1996349" text="за"><tfr rev_id="4547601" t="за"><v><l id="98043" t="за"><g v="PREP"></g></l></v></tfr></token><token id="1996350" text="десятилетие"><tfr rev_id="4547602" t="десятилетие"><v><l id="82084" t="десятилетие"><g v="NOUN"></g><g v="inan"></g><g v="neut"></g><g v="sing"></g><g v="accs"></g></l></v><v><l id="82084" t="десятилетие"><g v="NOUN"></g><g v="inan"></g><g v="neut"></g><g v="sing"></g><g v="nomn"></g></l></v></tfr></token><token id="1996351" text="."><tfr rev_id="4547603" t="."><v><l id="0" t="."><g v="PNCT"></g></l></v></tfr></token></tokens></sentence></paragraph><paragraph id="38552"><sentence id="110352"><source>Вслед за нефтью выросли и фондовые индексы Европы и России.</source><tokens><token id="1996352" text="Вслед"><tfr rev_id="4547604" t="Вслед"><v><l id="53955" t="вслед"><g v="ADVB"></g></l></v><v><l id="53956" t="вслед"><g v="PREP"></g></l></v></tfr></token><token id="1996353" text="за"><tfr rev_id="4547605" t="за"><v><l id="98043" t="за"><g v="PREP"></g></l></v></tfr></token><token id="1996354" text="нефтью"><tfr rev_id="4547606" t="нефтью"><v><l id="189857" t="нефть"><g v="NOUN"></g><g v="inan"></g><g v="femn"></g><g v="sing"></g><g v="ablt"></g></l></v></tfr></token><token id="1996355" text="выросли"><tfr rev_id="4547607" t="выросли"><v><l id="61227" t="вырос"><g v="VERB"></g><g v="perf"></g><g v="intr"></g><g v="plur"></g><g v="past"></g><g v="indc"></g></l></v></tfr></token><token id="1996356" text="и"><tfr rev_id="4565641" t="и"><v><l id="116949" t="и"><g v="CONJ"></g></l></v><v><l id="116950" t="и"><g v="INTJ"></g></l></v><v><l id="388747" t="и"><g v="PRCL"></g></l></v></tfr></token><token id="1996357" text="фондовые"><tfr rev_id="4547609" t="фондовые"><v><l id="366966" t="фондовый"><g v="ADJF"></g><g v="inan"></g><g v="plur"></g><g v="accs"></g></l></v><v><l id="366966" t="фондовый"><g v="ADJF"></g><g v="plur"></g><g v="nomn"></g></l></v></tfr></token><token id="1996358" text="индексы"><tfr rev_id="4547610" t="индексы"><v><l id="122154" t="индекс"><g v="NOUN"></g><g v="inan"></g><g v="masc"></g><g v="plur"></g><g v="accs"></g></l></v><v><l id="122154" t="индекс"><g v="NOUN"></g><g v="inan"></g><g v="masc"></g><g v="plur"></g><g v="nomn"></g></l></v></tfr></token><token id="1996359" text="Европы"><tfr rev_id="4547611" t="Европы"><v><l id="94019" t="европа"><g v="NOUN"></g><g v="inan"></g><g v="femn"></g><g v="Sgtm"></g><g v="Geox"></g><g v="sing"></g><g v="gent"></g></l></v></tfr></token><token id="1996360" text="и"><tfr rev_id="4565793" t="и"><v><l id="116949" t="и"><g v="CONJ"></g></l></v><v><l id="116950" t="и"><g v="INTJ"></g></l></v><v><l id="388747" t="и"><g v="PRCL"></g></l></v></tfr></token><token id="1996361" text="России"><tfr rev_id="4547613" t="России"><v><l id="309322" t="россия"><g v="NOUN"></g><g v="inan"></g><g v="femn"></g><g v="Sgtm"></g><g v="Geox"></g><g v="sing"></g><g v="datv"></g></l></v><v><l id="309322" t="россия"><g v="NOUN"></g><g v="inan"></g><g v="femn"></g><g v="Sgtm"></g><g v="Geox"></g><g v="sing"></g><g v="gent"></g></l></v><v><l id="309322" t="россия"><g v="NOUN"></g><g v="inan"></g><g v="femn"></g><g v="Sgtm"></g><g v="Geox"></g><g v="sing"></g><g v="loct"></g></l></v></tfr></token><token id="1996362" text="."><tfr rev_id="4547614" t="."><v><l id="0" t="."><g v="PNCT"></g></l></v></tfr></token></tokens></sentence></paragraph><paragraph id="38553"><sentence id="110353"><source>Рынки акций Европы закрылись 29 мая ростом большинства ведущих фондовых индексов на фоне роста мировых цен на нефть и базовые металлы.</source><tokens><token id="1996363" text="Рынки"><tfr rev_id="4547615" t="Рынки"><v><l id="310781" t="рынок"><g v="NOUN"></g><g v="inan"></g><g v="masc"></g><g v="plur"></g><g v="accs"></g></l></v><v><l id="310781" t="рынок"><g v="NOUN"></g><g v="inan"></g><g v="masc"></g><g v="plur"></g><g v="nomn"></g></l></v></tfr></token><token id="1996364" text="акций"><tfr rev_id="4547616" t="акций"><v><l id="7961" t="акция"><g v="NOUN"></g><g v="inan"></g><g v="femn"></g><g v="plur"></g><g v="gent"></g></l></v></tfr></token><token id="1996365" text="Европы"><tfr rev_id="4547617" t="Европы"><v><l id="94019" t="европа"><g v="NOUN"></g><g v="inan"></g><g v="femn"></g><g v="Sgtm"></g><g v="Geox"></g><g v="sing"></g><g v="gent"></g></l></v></tfr></token><token id="1996366" text="закрылись"><tfr rev_id="4547618" t="закрылись"><v><l id="104254" t="закрылся"><g v="VERB"></g><g v="perf"></g><g v="intr"></g><g v="plur"></g><g v="past"></g><g v="indc"></g></l></v></tfr></token><token id="1996367" text="29"><tfr rev_id="4547619" t="29"><v><l id="0" t="29"><g v="NUMB"></g></l></v></tfr></token><token id="1996368" text="мая"><tfr rev_id="4547620" t="мая"><v><l id="153142" t="май"><g v="NOUN"></g><g v="inan"></g><g v="masc"></g><g v="Sgtm"></g><g v="sing"></g><g v="gent"></g></l></v><v><l id="156798" t="мая"><g v="NOUN"></g><g v="inan"></g><g v="femn"></g><g v="Sgtm"></g><g v="Geox"></g><g v="sing"></g><g v="nomn"></g></l></v></tfr></token><token id="1996369" text="ростом"><tfr rev_id="4547621" t="ростом"><v><l id="309343" t="рост"><g v="NOUN"></g><g v="inan"></g><g v="masc"></g><g v="sing"></g><g v="ablt"></g></l></v></tfr></token><token id="1996370" text="большинства"><tfr rev_id="4547622" t="большинства"><v><l id="32441" t="большинство"><g v="NOUN"></g><g v="inan"></g><g v="neut"></g><g v="Sgtm"></g><g v="sing"></g><g v="gent"></g></l></v></tfr></token><token id="1996371" text="ведущих"><tfr rev_id="4547623" t="ведущих"><v><l id="40370" t="ведущий"><g v="ADJF"></g><g v="Subx"></g><g v="anim"></g><g v="plur"></g><g v="accs"></g></l></v><v><l id="40370" t="ведущий"><g v="ADJF"></g><g v="Subx"></g><g v="plur"></g><g v="gent"></g></l></v><v><l id="40370" t="ведущий"><g v="ADJF"></g><g v="Subx"></g><g v="plur"></g><g v="loct"></g></l></v><v><l id="42112" t="ведущий"><g v="PRTF"></g><g v="Subx"></g><g v="impf"></g><g v="tran"></g><g v="pres"></g><g v="actv"></g><g v="anim"></g><g v="plur"></g><g v="accs"></g></l></v><v><l id="42112" t="ведущий"><g v="PRTF"></g><g v="Subx"></g><g v="impf"></g><g v="tran"></g><g v="pres"></g><g v="actv"></g><g v="plur"></g><g v="gent"></g></l></v><v><l id="42112" t="ведущий"><g v="PRTF"></g><g v="Subx"></g><g v="impf"></g><g v="tran"></g><g v="pres"></g><g v="actv"></g><g v="plur"></g><g v="loct"></g></l></v></tfr></token><token id="1996372" text="фондовых"><tfr rev_id="4547624" t="фондовых"><v><l id="366966" t="фондовый"><g v="ADJF"></g><g v="anim"></g><g v="plur"></g><g v="accs"></g></l></v><v><l id="366966" t="фондовый"><g v="ADJF"></g><g v="plur"></g><g v="gent"></g></l></v><v><l id="366966" t="фондовый"><g v="ADJF"></g><g v="plur"></g><g v="loct"></g></l></v></tfr></token><token id="1996373" text="индексов"><tfr rev_id="4547625" t="индексов"><v><l id="122154" t="индекс"><g v="NOUN"></g><g v="inan"></g><g v="masc"></g><g v="plur"></g><g v="gent"></g></l></v></tfr></token><token id="1996374" text="на"><tfr rev_id="4576516" t="на"><v><l id="166264" t="на"><g v="PREP"></g></l></v></tfr></token><token id="1996375" text="фоне"><tfr rev_id="4547627" t="фоне"><v><l id="366928" t="фон"><g v="NOUN"></g><g v="inan"></g><g v="masc"></g><g v="sing"></g><g v="loct"></g></l></v></tfr></token><token id="1996376" text="роста"><tfr rev_id="4547628" t="роста"><v><l id="309343" t="рост"><g v="NOUN"></g><g v="inan"></g><g v="masc"></g><g v="plur"></g><g v="accs"></g></l></v><v><l id="309343" t="рост"><g v="NOUN"></g><g v="inan"></g><g v="masc"></g><g v="plur"></g><g v="nomn"></g></l></v><v><l id="309343" t="рост"><g v="NOUN"></g><g v="inan"></g><g v="masc"></g><g v="sing"></g><g v="gen1"></g></l></v></tfr></token><token id="1996377" text="мировых"><tfr rev_id="4577121" t="мировых"><v><l id="160894" t="мировой"><g v="ADJF"></g><g v="anim"></g><g v="plur"></g><g v="accs"></g></l></v><v><l id="160894" t="мировой"><g v="ADJF"></g><g v="plur"></g><g v="gent"></g></l></v><v><l id="160894" t="мировой"><g v="ADJF"></g><g v="plur"></g><g v="loct"></g></l></v></tfr></token><token id="1996378" text="цен"><tfr rev_id="4547630" t="цен"><v><l id="373297" t="цена"><g v="NOUN"></g><g v="inan"></g><g v="femn"></g><g v="plur"></g><g v="gent"></g></l></v></tfr></token><token id="1996379" text="на"><tfr rev_id="4576485" t="на"><v><l id="166264" t="на"><g v="PREP"></g></l></v></tfr></token><token id="1996380" text="нефть"><tfr rev_id="4547632" t="нефть"><v><l id="189857" t="нефть"><g v="NOUN"></g><g v="inan"></g><g v="femn"></g><g v="sing"></g><g v="accs"></g></l></v><v><l id="189857" t="нефть"><g v="NOUN"></g><g v="inan"></g><g v="femn"></g><g v="sing"></g><g v="nomn"></g></l></v></tfr></token><token id="1996381" text="и"><tfr rev_id="4565620" t="и"><v><l id="116949" t="и"><g v="CONJ"></g></l></v><v><l id="116950" t="и"><g v="INTJ"></g></l></v><v><l id="388747" t="и"><g v="PRCL"></g></l></v></tfr></token><token id="1996382" text="базовые"><tfr rev_id="4547634" t="базовые"><v><l id="22258" t="базовый"><g v="ADJF"></g><g v="Qual"></g><g v="inan"></g><g v="plur"></g><g v="accs"></g></l></v><v><l id="22258" t="базовый"><g v="ADJF"></g><g v="Qual"></g><g v="plur"></g><g v="nomn"></g></l></v></tfr></token><token id="1996383" text="металлы"><tfr rev_id="4547635" t="металлы"><v><l id="158887" t="металл"><g v="NOUN"></g><g v="inan"></g><g v="masc"></g><g v="plur"></g><g v="accs"></g></l></v><v><l id="158887" t="металл"><g v="NOUN"></g><g v="inan"></g><g v="masc"></g><g v="plur"></g><g v="nomn"></g></l></v></tfr></token><token id="1996384" text="."><tfr rev_id="4547636" t="."><v><l id="0" t="."><g v="PNCT"></g></l></v></tfr></token></tokens></sentence></paragraph><paragraph id="38554"><sentence id="110354"><source>Панъевропейский индекс FTSEurofirst 300, отражающий весь рынок, вырос за последнюю майскую сессию на 0,2%.</source><tokens><token id="1996385" text="Панъевропейский"><tfr rev_id="4547637" t="Панъевропейский"><v><l id="223512" t="панъевропейский"><g v="ADJF"></g><g v="inan"></g><g v="masc"></g><g v="sing"></g><g v="accs"></g></l></v><v><l id="223512" t="панъевропейский"><g v="ADJF"></g><g v="masc"></g><g v="sing"></g><g v="nomn"></g></l></v></tfr></token><token id="1996386" text="индекс"><tfr rev_id="4547638" t="индекс"><v><l id="122154" t="индекс"><g v="NOUN"></g><g v="inan"></g><g v="masc"></g><g v="sing"></g><g v="accs"></g></l></v><v><l id="122154" t="индекс"><g v="NOUN"></g><g v="inan"></g><g v="masc"></g><g v="sing"></g><g v="nomn"></g></l></v></tfr></token><token id="1996387" text="FTSEurofirst"><tfr rev_id="4547639" t="FTSEurofirst"><v><l id="0" t="FTSEurofirst"><g v="LATN"></g></l></v></tfr></token><token id="1996388" text="300"><tfr rev_id="4547640" t="300"><v><l id="0" t="300"><g v="NUMB"></g></l></v></tfr></token><token id="1996389" text=","><tfr rev_id="4547641" t=","><v><l id="0" t=","><g v="PNCT"></g></l></v></tfr></token><token id="1996390" text="отражающий"><tfr rev_id="4547642" t="отражающий"><v><l id="217298" t="отражающий"><g v="PRTF"></g><g v="impf"></g><g v="tran"></g><g v="pres"></g><g v="actv"></g><g v="inan"></g><g v="masc"></g><g v="sing"></g><g v="accs"></g></l></v><v><l id="217298" t="отражающий"><g v="PRTF"></g><g v="impf"></g><g v="tran"></g><g v="pres"></g><g v="actv"></g><g v="masc"></g><g v="sing"></g><g v="nomn"></g></l></v></tfr></token><token id="1996391" text="весь"><tfr rev_id="4580214" t="весь"><v><l id="42156" t="весь"><g v="ADJF"></g><g v="Subx"></g><g v="Apro"></g><g v="inan"></g><g v="masc"></g><g v="sing"></g><g v="accs"></g></l></v><v><l id="42156" t="весь"><g v="ADJF"></g><g v="Subx"></g><g v="Apro"></g><g v="masc"></g><g v="sing"></g><g v="nomn"></g></l></v></tfr></token><token id="1996392" text="рынок"><tfr rev_id="4547644" t="рынок"><v><l id="310781" t="рынок"><g v="NOUN"></g><g v="inan"></g><g v="masc"></g><g v="sing"></g><g v="accs"></g></l></v><v><l id="310781" t="рынок"><g v="NOUN"></g><g v="inan"></g><g v="masc"></g><g v="sing"></g><g v="nomn"></g></l></v></tfr></token><token id="1996393" text=","><tfr rev_id="4547645" t=","><v><l id="0" t=","><g v="PNCT"></g></l></v></tfr></token><token id="1996394" text="вырос"><tfr rev_id="4547646" t="вырос"><v><l id="61227" t="вырос"><g v="VERB"></g><g v="perf"></g><g v="intr"></g><g v="masc"></g><g v="sing"></g><g v="past"></g><g v="indc"></g></l></v></tfr></token><token id="1996395" text="за"><tfr rev_id="4547647" t="за"><v><l id="98043" t="за"><g v="PREP"></g></l></v></tfr></token><token id="1996396" text="последнюю"><tfr rev_id="4547648" t="последнюю"><v><l id="261565" t="последний"><g v="ADJF"></g><g v="femn"></g><g v="sing"></g><g v="accs"></g></l></v></tfr></token><token id="1996397" text="майскую"><tfr rev_id="4547649" t="майскую"><v><l id="153225" t="майский"><g v="ADJF"></g><g v="femn"></g><g v="sing"></g><g v="accs"></g></l></v></tfr></token><token id="1996398" text="сессию"><tfr rev_id="4547650" t="сессию"><v><l id="319579" t="сессия"><g v="NOUN"></g><g v="inan"></g><g v="femn"></g><g v="sing"></g><g v="accs"></g></l></v></tfr></token><token id="1996399" text="на"><tfr rev_id="4576520" t="на"><v><l id="166264" t="на"><g v="PREP"></g></l></v></tfr></token><token id="1996400" text="0,2"><tfr rev_id="4547652" t="0,2"><v><l id="0" t="0,2"><g v="NUMB"></g></l></v></tfr></token><token id="1996401" text="%"><tfr rev_id="4547653" t="%"><v><l id="0" t="%"><g v="PNCT"></g></l></v></tfr></token><token id="1996402" text="."><tfr rev_id="4547654" t="."><v><l id="0" t="."><g v="PNCT"></g></l></v></tfr></token></tokens></sentence></paragraph><paragraph id="38555"><sentence id="110355"><source>По итогам торгов британский индекс FTSE 100 вырос на 30,40 пункта (+0,69%) — до 4417,94 пункта, немецкий DAX — на 7,94 пункта (+0,16%) — до 4940,82 пункта, французский CAC 40 — на 13,95 пункта (+0,43%) — до 3277,65 пункта.</source><tokens><token id="1996403" text="По"><tfr rev_id="4575008" t="По"><v><l id="241240" t="по"><g v="PREP"></g></l></v></tfr></token><token id="1996404" text="итогам"><tfr rev_id="4547656" t="итогам"><v><l id="127141" t="итог"><g v="NOUN"></g><g v="inan"></g><g v="masc"></g><g v="plur"></g><g v="datv"></g></l></v></tfr></token><token id="1996405" text="торгов"><tfr rev_id="4547657" t="торгов"><v><l id="348008" t="торг"><g v="NOUN"></g><g v="inan"></g><g v="masc"></g><g v="plur"></g><g v="gent"></g></l></v></tfr></token><token id="1996406" text="британский"><tfr rev_id="4547658" t="британский"><v><l id="34021" t="британский"><g v="ADJF"></g><g v="inan"></g><g v="masc"></g><g v="sing"></g><g v="accs"></g></l></v><v><l id="34021" t="британский"><g v="ADJF"></g><g v="masc"></g><g v="sing"></g><g v="nomn"></g></l></v></tfr></token><token id="1996407" text="индекс"><tfr rev_id="4547659" t="индекс"><v><l id="122154" t="индекс"><g v="NOUN"></g><g v="inan"></g><g v="masc"></g><g v="sing"></g><g v="accs"></g></l></v><v><l id="122154" t="индекс"><g v="NOUN"></g><g v="inan"></g><g v="masc"></g><g v="sing"></g><g v="nomn"></g></l></v></tfr></token><token id="1996408" text="FTSE"><tfr rev_id="4547660" t="FTSE"><v><l id="0" t="FTSE"><g v="LATN"></g></l></v></tfr></token><token id="1996409" text="100"><tfr rev_id="4547661" t="100"><v><l id="0" t="100"><g v="NUMB"></g></l></v></tfr></token><token id="1996410" text="вырос"><tfr rev_id="4547662" t="вырос"><v><l id="61227" t="вырос"><g v="VERB"></g><g v="perf"></g><g v="intr"></g><g v="masc"></g><g v="sing"></g><g v="past"></g><g v="indc"></g></l></v></tfr></token><token id="1996411" text="на"><tfr rev_id="4576443" t="на"><v><l id="166264" t="на"><g v="PREP"></g></l></v></tfr></token><token id="1996412" text="30,40"><tfr rev_id="4547664" t="30,40"><v><l id="0" t="30,40"><g v="NUMB"></g></l></v></tfr></token><token id="1996413" text="пункта"><tfr rev_id="4547665" t="пункта"><v><l id="289177" t="пункт"><g v="NOUN"></g><g v="inan"></g><g v="masc"></g><g v="sing"></g><g v="gent"></g></l></v></tfr></token><token id="1996414" text="("><tfr rev_id="4547666" t="("><v><l id="0" t="("><g v="PNCT"></g></l></v></tfr></token><token id="1996415" text="+"><tfr rev_id="4547667" t="+"><v><l id="0" t="+"><g v="SYMB"></g></l></v></tfr></token><token id="1996416" text="0,69"><tfr rev_id="4547668" t="0,69"><v><l id="0" t="0,69"><g v="NUMB"></g></l></v></tfr></token><token id="1996417" text="%"><tfr rev_id="4547669" t="%"><v><l id="0" t="%"><g v="PNCT"></g></l></v></tfr></token><token id="1996418" text=")"><tfr rev_id="4547670" t=")"><v><l id="0" t=")"><g v="PNCT"></g></l></v></tfr></token><token id="1996419" text="—"><tfr rev_id="4547671" t="—"><v><l id="0" t="—"><g v="PNCT"></g></l></v></tfr></token><token id="1996420" text="до"><tfr rev_id="4547672" t="до"><v><l id="85153" t="до"><g v="PREP"></g></l></v></tfr></token><token id="1996421" text="4417,94"><tfr rev_id="4547673" t="4417,94"><v><l id="0" t="4417,94"><g v="NUMB"></g></l></v></tfr></token><token id="1996422" text="пункта"><tfr rev_id="4547674" t="пункта"><v><l id="289177" t="пункт"><g v="NOUN"></g><g v="inan"></g><g v="masc"></g><g v="sing"></g><g v="gent"></g></l></v></tfr></token><token id="1996423" text=","><tfr rev_id="4547675" t=","><v><l id="0" t=","><g v="PNCT"></g></l></v></tfr></token><token id="1996424" text="немецкий"><tfr rev_id="4547676" t="немецкий"><v><l id="184078" t="немецкий"><g v="ADJF"></g><g v="inan"></g><g v="masc"></g><g v="sing"></g><g v="accs"></g></l></v><v><l id="184078" t="немецкий"><g v="ADJF"></g><g v="masc"></g><g v="sing"></g><g v="nomn"></g></l></v></tfr></token><token id="1996425" text="DAX"><tfr rev_id="4547677" t="DAX"><v><l id="0" t="DAX"><g v="LATN"></g></l></v></tfr></token><token id="1996426" text="—"><tfr rev_id="4547678" t="—"><v><l id="0" t="—"><g v="PNCT"></g></l></v></tfr></token><token id="1996427" text="на"><tfr rev_id="4576527" t="на"><v><l id="166264" t="на"><g v="PREP"></g></l></v></tfr></token><token id="1996428" text="7,94"><tfr rev_id="4547680" t="7,94"><v><l id="0" t="7,94"><g v="NUMB"></g></l></v></tfr></token><token id="1996429" text="пункта"><tfr rev_id="4547681" t="пункта"><v><l id="289177" t="пункт"><g v="NOUN"></g><g v="inan"></g><g v="masc"></g><g v="sing"></g><g v="gent"></g></l></v></tfr></token><token id="1996430" text="("><tfr rev_id="4547682" t="("><v><l id="0" t="("><g v="PNCT"></g></l></v></tfr></token><token id="1996431" text="+"><tfr rev_id="4547683" t="+"><v><l id="0" t="+"><g v="SYMB"></g></l></v></tfr></token><token id="1996432" text="0,16"><tfr rev_id="4547684" t="0,16"><v><l id="0" t="0,16"><g v="NUMB"></g></l></v></tfr></token><token id="1996433" text="%"><tfr rev_id="4547685" t="%"><v><l id="0" t="%"><g v="PNCT"></g></l></v></tfr></token><token id="1996434" text=")"><tfr rev_id="4547686" t=")"><v><l id="0" t=")"><g v="PNCT"></g></l></v></tfr></token><token id="1996435" text="—"><tfr rev_id="4547687" t="—"><v><l id="0" t="—"><g v="PNCT"></g></l></v></tfr></token><token id="1996436" text="до"><tfr rev_id="4547688" t="до"><v><l id="85153" t="до"><g v="PREP"></g></l></v></tfr></token><token id="1996437" text="4940,82"><tfr rev_id="4547689" t="4940,82"><v><l id="0" t="4940,82"><g v="NUMB"></g></l></v></tfr></token><token id="1996438" text="пункта"><tfr rev_id="4547690" t="пункта"><v><l id="289177" t="пункт"><g v="NOUN"></g><g v="inan"></g><g v="masc"></g><g v="sing"></g><g v="gent"></g></l></v></tfr></token><token id="1996439" text=","><tfr rev_id="4547691" t=","><v><l id="0" t=","><g v="PNCT"></g></l></v></tfr></token><token id="1996440" text="французский"><tfr rev_id="4547692" t="французский"><v><l id="368078" t="французский"><g v="ADJF"></g><g v="inan"></g><g v="masc"></g><g v="sing"></g><g v="accs"></g></l></v><v><l id="368078" t="французский"><g v="ADJF"></g><g v="masc"></g><g v="sing"></g><g v="nomn"></g></l></v></tfr></token><token id="1996441" text="CAC"><tfr rev_id="4547693" t="CAC"><v><l id="0" t="CAC"><g v="LATN"></g></l></v></tfr></token><token id="1996442" text="40"><tfr rev_id="4547694" t="40"><v><l id="0" t="40"><g v="NUMB"></g></l></v></tfr></token><token id="1996443" text="—"><tfr rev_id="4547695" t="—"><v><l id="0" t="—"><g v="PNCT"></g></l></v></tfr></token><token id="1996444" text="на"><tfr rev_id="4576444" t="на"><v><l id="166264" t="на"><g v="PREP"></g></l></v></tfr></token><token id="1996445" text="13,95"><tfr rev_id="4547697" t="13,95"><v><l id="0" t="13,95"><g v="NUMB"></g></l></v></tfr></token><token id="1996446" text="пункта"><tfr rev_id="4547698" t="пункта"><v><l id="289177" t="пункт"><g v="NOUN"></g><g v="inan"></g><g v="masc"></g><g v="sing"></g><g v="gent"></g></l></v></tfr></token><token id="1996447" text="("><tfr rev_id="4547699" t="("><v><l id="0" t="("><g v="PNCT"></g></l></v></tfr></token><token id="1996448" text="+"><tfr rev_id="4547700" t="+"><v><l id="0" t="+"><g v="SYMB"></g></l></v></tfr></token><token id="1996449" text="0,43"><tfr rev_id="4547701" t="0,43"><v><l id="0" t="0,43"><g v="NUMB"></g></l></v></tfr></token><token id="1996450" text="%"><tfr rev_id="4547702" t="%"><v><l id="0" t="%"><g v="PNCT"></g></l></v></tfr></token><token id="1996451" text=")"><tfr rev_id="4547703" t=")"><v><l id="0" t=")"><g v="PNCT"></g></l></v></tfr></token><token id="1996452" text="—"><tfr rev_id="4547704" t="—"><v><l id="0" t="—"><g v="PNCT"></g></l></v></tfr></token><token id="1996453" text="до"><tfr rev_id="4547705" t="до"><v><l id="85153" t="до"><g v="PREP"></g></l></v></tfr></token><token id="1996454" text="3277,65"><tfr rev_id="4547706" t="3277,65"><v><l id="0" t="3277,65"><g v="NUMB"></g></l></v></tfr></token><token id="1996455" text="пункта"><tfr rev_id="4547707" t="пункта"><v><l id="289177" t="пункт"><g v="NOUN"></g><g v="inan"></g><g v="masc"></g><g v="sing"></g><g v="gent"></g></l></v></tfr></token><token id="1996456" text="."><tfr rev_id="4547708" t="."><v><l id="0" t="."><g v="PNCT"></g></l></v></tfr></token></tokens></sentence></paragraph><paragraph id="38556"><sentence id="110356"><source>В то же время швейцарский SMI опустился на 0,85 пункта (—0,02%), закрывшись на отметке 5349,74 пункта, а амстердамский AEX снизился на 1,45 пункта (—0,56%) — до 259,45 пункта.</source><tokens><token id="1996457" text="В"><tfr rev_id="4566155" t="В"><v><l id="37409" t="в"><g v="PREP"></g></l></v></tfr></token><token id="1996458" text="то"><tfr rev_id="4547710" t="то"><v><l id="346835" t="то"><g v="CONJ"></g></l></v><v><l id="346836" t="то"><g v="PRCL"></g></l></v><v><l id="348430" t="тот"><g v="ADJF"></g><g v="Subx"></g><g v="Apro"></g><g v="Anph"></g><g v="neut"></g><g v="sing"></g><g v="accs"></g></l></v><v><l id="348430" t="тот"><g v="ADJF"></g><g v="Subx"></g><g v="Apro"></g><g v="Anph"></g><g v="neut"></g><g v="sing"></g><g v="nomn"></g></l></v></tfr></token><token id="1996459" text="же"><tfr rev_id="4547711" t="же"><v><l id="96208" t="же"><g v="CONJ"></g></l></v><v><l id="96209" t="же"><g v="PRCL"></g></l></v></tfr></token><token id="1996460" text="время"><tfr rev_id="4547712" t="время"><v><l id="53149" t="время"><g v="NOUN"></g><g v="inan"></g><g v="neut"></g><g v="sing"></g><g v="accs"></g></l></v><v><l id="53149" t="время"><g v="NOUN"></g><g v="inan"></g><g v="neut"></g><g v="sing"></g><g v="nomn"></g></l></v></tfr></token><token id="1996461" text="швейцарский"><tfr rev_id="4547713" t="швейцарский"><v><l id="378783" t="швейцарский"><g v="ADJF"></g><g v="inan"></g><g v="masc"></g><g v="sing"></g><g v="accs"></g></l></v><v><l id="378783" t="швейцарский"><g v="ADJF"></g><g v="masc"></g><g v="sing"></g><g v="nomn"></g></l></v></tfr></token><token id="1996462" text="SMI"><tfr rev_id="4547714" t="SMI"><v><l id="0" t="SMI"><g v="LATN"></g></l></v></tfr></token><token id="1996463" text="опустился"><tfr rev_id="4547715" t="опустился"><v><l id="208421" t="опустился"><g v="VERB"></g><g v="perf"></g><g v="intr"></g><g v="masc"></g><g v="sing"></g><g v="past"></g><g v="indc"></g></l></v></tfr></token><token id="1996464" text="на"><tfr rev_id="4576509" t="на"><v><l id="166264" t="на"><g v="PREP"></g></l></v></tfr></token><token id="1996465" text="0,85"><tfr rev_id="4547717" t="0,85"><v><l id="0" t="0,85"><g v="NUMB"></g></l></v></tfr></token><token id="1996466" text="пункта"><tfr rev_id="4547718" t="пункта"><v><l id="289177" t="пункт"><g v="NOUN"></g><g v="inan"></g><g v="masc"></g><g v="sing"></g><g v="gent"></g></l></v></tfr></token><token id="1996467" text="("><tfr rev_id="4547719" t="("><v><l id="0" t="("><g v="PNCT"></g></l></v></tfr></token><token id="1996468" text="—"><tfr rev_id="4547720" t="—"><v><l id="0" t="—"><g v="PNCT"></g></l></v></tfr></token><token id="1996469" text="0,02"><tfr rev_id="4547721" t="0,02"><v><l id="0" t="0,02"><g v="NUMB"></g></l></v></tfr></token><token id="1996470" text="%"><tfr rev_id="4547722" t="%"><v><l id="0" t="%"><g v="PNCT"></g></l></v></tfr></token><token id="1996471" text=")"><tfr rev_id="4547723" t=")"><v><l id="0" t=")"><g v="PNCT"></g></l></v></tfr></token><token id="1996472" text=","><tfr rev_id="4547724" t=","><v><l id="0" t=","><g v="PNCT"></g></l></v></tfr></token><token id="1996473" text="закрывшись"><tfr rev_id="4547725" t="закрывшись"><v><l id="104257" t="закрывшись"><g v="GRND"></g><g v="perf"></g><g v="intr"></g><g v="past"></g><g v="V-sh"></g></l></v></tfr></token><token id="1996474" text="на"><tfr rev_id="4547726" t="на"><v><l id="166264" t="на"><g v="PREP"></g></l></v><v><l id="388676" t="на"><g v="INTJ"></g></l></v><v><l id="388734" t="на"><g v="PRCL"></g></l></v></tfr></token><token id="1996475" text="отметке"><tfr rev_id="4575795" t="отметке"><v><l id="215594" t="отметка"><g v="NOUN"></g><g v="inan"></g><g v="femn"></g><g v="sing"></g><g v="loct"></g></l></v></tfr></token><token id="1996476" text="5349,74"><tfr rev_id="4547728" t="5349,74"><v><l id="0" t="5349,74"><g v="NUMB"></g></l></v></tfr></token><token id="1996477" text="пункта"><tfr rev_id="4547729" t="пункта"><v><l id="289177" t="пункт"><g v="NOUN"></g><g v="inan"></g><g v="masc"></g><g v="sing"></g><g v="gent"></g></l></v></tfr></token><token id="1996478" text=","><tfr rev_id="4547730" t=","><v><l id="0" t=","><g v="PNCT"></g></l></v></tfr></token><token id="1996479" text="а"><tfr rev_id="4547731" t="а"><v><l id="51" t="а"><g v="CONJ"></g></l></v><v><l id="52" t="а"><g v="INTJ"></g></l></v><v><l id="53" t="а"><g v="PRCL"></g></l></v></tfr></token><token id="1996480" text="амстердамский"><tfr rev_id="4547732" t="амстердамский"><v><l id="11987" t="амстердамский"><g v="ADJF"></g><g v="inan"></g><g v="masc"></g><g v="sing"></g><g v="accs"></g></l></v><v><l id="11987" t="амстердамский"><g v="ADJF"></g><g v="masc"></g><g v="sing"></g><g v="nomn"></g></l></v></tfr></token><token id="1996481" text="AEX"><tfr rev_id="4547733" t="AEX"><v><l id="0" t="AEX"><g v="LATN"></g></l></v></tfr></token><token id="1996482" text="снизился"><tfr rev_id="4547734" t="снизился"><v><l id="327368" t="снизился"><g v="VERB"></g><g v="perf"></g><g v="intr"></g><g v="masc"></g><g v="sing"></g><g v="past"></g><g v="indc"></g></l></v></tfr></token><token id="1996483" text="на"><tfr rev_id="4576494" t="на"><v><l id="166264" t="на"><g v="PREP"></g></l></v></tfr></token><token id="1996484" text="1,45"><tfr rev_id="4547736" t="1,45"><v><l id="0" t="1,45"><g v="NUMB"></g></l></v></tfr></token><token id="1996485" text="пункта"><tfr rev_id="4547737" t="пункта"><v><l id="289177" t="пункт"><g v="NOUN"></g><g v="inan"></g><g v="masc"></g><g v="sing"></g><g v="gent"></g></l></v></tfr></token><token id="1996486" text="("><tfr rev_id="4547738" t="("><v><l id="0" t="("><g v="PNCT"></g></l></v></tfr></token><token id="1996487" text="—"><tfr rev_id="4547739" t="—"><v><l id="0" t="—"><g v="PNCT"></g></l></v></tfr></token><token id="1996488" text="0,56"><tfr rev_id="4547740" t="0,56"><v><l id="0" t="0,56"><g v="NUMB"></g></l></v></tfr></token><token id="1996489" text="%"><tfr rev_id="4547741" t="%"><v><l id="0" t="%"><g v="PNCT"></g></l></v></tfr></token><token id="1996490" text=")"><tfr rev_id="4547742" t=")"><v><l id="0" t=")"><g v="PNCT"></g></l></v></tfr></token><token id="1996491" text="—"><tfr rev_id="4547743" t="—"><v><l id="0" t="—"><g v="PNCT"></g></l></v></tfr></token><token id="1996492" text="до"><tfr rev_id="4547744" t="до"><v><l id="85153" t="до"><g v="PREP"></g></l></v></tfr></token><token id="1996493" text="259,45"><tfr rev_id="4547745" t="259,45"><v><l id="0" t="259,45"><g v="NUMB"></g></l></v></tfr></token><token id="1996494" text="пункта"><tfr rev_id="4547746" t="пункта"><v><l id="289177" t="пункт"><g v="NOUN"></g><g v="inan"></g><g v="masc"></g><g v="sing"></g><g v="gent"></g></l></v></tfr></token><token id="1996495" text="."><tfr rev_id="4547747" t="."><v><l id="0" t="."><g v="PNCT"></g></l></v></tfr></token></tokens></sentence></paragraph><paragraph id="38557"><sentence id="110357"><source>По итогам торговой сессии 29 мая индекс ММВБ вырос на 4,5% — до 1123,38 пункта, индекс РТС — на 3,21%, до 1087,59 пункта, сообщает РБК.</source><tokens><token id="1996496" text="По"><tfr rev_id="4580200" t="По"><v><l id="241240" t="по"><g v="PREP"></g></l></v></tfr></token><token id="1996497" text="итогам"><tfr rev_id="4547749" t="итогам"><v><l id="127141" t="итог"><g v="NOUN"></g><g v="inan"></g><g v="masc"></g><g v="plur"></g><g v="datv"></g></l></v></tfr></token><token id="1996498" text="торговой"><tfr rev_id="4547750" t="торговой"><v><l id="348043" t="торговый"><g v="ADJF"></g><g v="femn"></g><g v="sing"></g><g v="ablt"></g></l></v><v><l id="348043" t="торговый"><g v="ADJF"></g><g v="femn"></g><g v="sing"></g><g v="datv"></g></l></v><v><l id="348043" t="торговый"><g v="ADJF"></g><g v="femn"></g><g v="sing"></g><g v="gent"></g></l></v><v><l id="348043" t="торговый"><g v="ADJF"></g><g v="femn"></g><g v="sing"></g><g v="loct"></g></l></v></tfr></token><token id="1996499" text="сессии"><tfr rev_id="4547751" t="сессии"><v><l id="319579" t="сессия"><g v="NOUN"></g><g v="inan"></g><g v="femn"></g><g v="plur"></g><g v="accs"></g></l></v><v><l id="319579" t="сессия"><g v="NOUN"></g><g v="inan"></g><g v="femn"></g><g v="plur"></g><g v="nomn"></g></l></v><v><l id="319579" t="сессия"><g v="NOUN"></g><g v="inan"></g><g v="femn"></g><g v="sing"></g><g v="datv"></g></l></v><v><l id="319579" t="сессия"><g v="NOUN"></g><g v="inan"></g><g v="femn"></g><g v="sing"></g><g v="gent"></g></l></v><v><l id="319579" t="сессия"><g v="NOUN"></g><g v="inan"></g><g v="femn"></g><g v="sing"></g><g v="loct"></g></l></v></tfr></token><token id="1996500" text="29"><tfr rev_id="4547752" t="29"><v><l id="0" t="29"><g v="NUMB"></g></l></v></tfr></token><token id="1996501" text="мая"><tfr rev_id="4547753" t="мая"><v><l id="153142" t="май"><g v="NOUN"></g><g v="inan"></g><g v="masc"></g><g v="Sgtm"></g><g v="sing"></g><g v="gent"></g></l></v><v><l id="156798" t="мая"><g v="NOUN"></g><g v="inan"></g><g v="femn"></g><g v="Sgtm"></g><g v="Geox"></g><g v="sing"></g><g v="nomn"></g></l></v></tfr></token><token id="1996502" text="индекс"><tfr rev_id="4547754" t="индекс"><v><l id="122154" t="индекс"><g v="NOUN"></g><g v="inan"></g><g v="masc"></g><g v="sing"></g><g v="accs"></g></l></v><v><l id="122154" t="индекс"><g v="NOUN"></g><g v="inan"></g><g v="masc"></g><g v="sing"></g><g v="nomn"></g></l></v></tfr></token><token id="1996503" text="ММВБ"><tfr rev_id="4547755" t="ММВБ"><v><l id="161383" t="ммвб"><g v="NOUN"></g><g v="inan"></g><g v="femn"></g><g v="Sgtm"></g><g v="Fixd"></g><g v="Abbr"></g><g v="Orgn"></g><g v="sing"></g><g v="ablt"></g></l></v><v><l id="161383" t="ммвб"><g v="NOUN"></g><g v="inan"></g><g v="femn"></g><g v="Sgtm"></g><g v="Fixd"></g><g v="Abbr"></g><g v="Orgn"></g><g v="sing"></g><g v="accs"></g></l></v><v><l id="161383" t="ммвб"><g v="NOUN"></g><g v="inan"></g><g v="femn"></g><g v="Sgtm"></g><g v="Fixd"></g><g v="Abbr"></g><g v="Orgn"></g><g v="sing"></g><g v="datv"></g></l></v><v><l id="161383" t="ммвб"><g v="NOUN"></g><g v="inan"></g><g v="femn"></g><g v="Sgtm"></g><g v="Fixd"></g><g v="Abbr"></g><g v="Orgn"></g><g v="sing"></g><g v="gent"></g></l></v><v><l id="161383" t="ммвб"><g v="NOUN"></g><g v="inan"></g><g v="femn"></g><g v="Sgtm"></g><g v="Fixd"></g><g v="Abbr"></g><g v="Orgn"></g><g v="sing"></g><g v="loct"></g></l></v><v><l id="161383" t="ммвб"><g v="NOUN"></g><g v="inan"></g><g v="femn"></g><g v="Sgtm"></g><g v="Fixd"></g><g v="Abbr"></g><g v="Orgn"></g><g v="sing"></g><g v="nomn"></g></l></v></tfr></token><token id="1996504" text="вырос"><tfr rev_id="4547756" t="вырос"><v><l id="61227" t="вырос"><g v="VERB"></g><g v="perf"></g><g v="intr"></g><g v="masc"></g><g v="sing"></g><g v="past"></g><g v="indc"></g></l></v></tfr></token><token id="1996505" text="на"><tfr rev_id="4576499" t="на"><v><l id="166264" t="на"><g v="PREP"></g></l></v></tfr></token><token id="1996506" text="4,5"><tfr rev_id="4547758" t="4,5"><v><l id="0" t="4,5"><g v="NUMB"></g></l></v></tfr></token><token id="1996507" text="%"><tfr rev_id="4547759" t="%"><v><l id="0" t="%"><g v="PNCT"></g></l></v></tfr></token><token id="1996508" text="—"><tfr rev_id="4547760" t="—"><v><l id="0" t="—"><g v="PNCT"></g></l></v></tfr></token><token id="1996509" text="до"><tfr rev_id="4547761" t="до"><v><l id="85153" t="до"><g v="PREP"></g></l></v></tfr></token><token id="1996510" text="1123,38"><tfr rev_id="4547762" t="1123,38"><v><l id="0" t="1123,38"><g v="NUMB"></g></l></v></tfr></token><token id="1996511" text="пункта"><tfr rev_id="4547763" t="пункта"><v><l id="289177" t="пункт"><g v="NOUN"></g><g v="inan"></g><g v="masc"></g><g v="sing"></g><g v="gent"></g></l></v></tfr></token><token id="1996512" text=","><tfr rev_id="4547764" t=","><v><l id="0" t=","><g v="PNCT"></g></l></v></tfr></token><token id="1996513" text="индекс"><tfr rev_id="4547765" t="индекс"><v><l id="122154" t="индекс"><g v="NOUN"></g><g v="inan"></g><g v="masc"></g><g v="sing"></g><g v="accs"></g></l></v><v><l id="122154" t="индекс"><g v="NOUN"></g><g v="inan"></g><g v="masc"></g><g v="sing"></g><g v="nomn"></g></l></v></tfr></token><token id="1996514" text="РТС"><tfr rev_id="4547766" t="РТС"><v><l id="0" t="ртс"><g v="UNKN"></g></l></v></tfr></token><token id="1996515" text="—"><tfr rev_id="4547767" t="—"><v><l id="0" t="—"><g v="PNCT"></g></l></v></tfr></token><token id="1996516" text="на"><tfr rev_id="4576437" t="на"><v><l id="166264" t="на"><g v="PREP"></g></l></v></tfr></token><token id="1996517" text="3,21"><tfr rev_id="4547769" t="3,21"><v><l id="0" t="3,21"><g v="NUMB"></g></l></v></tfr></token><token id="1996518" text="%"><tfr rev_id="4547770" t="%"><v><l id="0" t="%"><g v="PNCT"></g></l></v></tfr></token><token id="1996519" text=","><tfr rev_id="4547771" t=","><v><l id="0" t=","><g v="PNCT"></g></l></v></tfr></token><token id="1996520" text="до"><tfr rev_id="4547772" t="до"><v><l id="85153" t="до"><g v="PREP"></g></l></v></tfr></token><token id="1996521" text="1087,59"><tfr rev_id="4547773" t="1087,59"><v><l id="0" t="1087,59"><g v="NUMB"></g></l></v></tfr></token><token id="1996522" text="пункта"><tfr rev_id="4547774" t="пункта"><v><l id="289177" t="пункт"><g v="NOUN"></g><g v="inan"></g><g v="masc"></g><g v="sing"></g><g v="gent"></g></l></v></tfr></token><token id="1996523" text=","><tfr rev_id="4547775" t=","><v><l id="0" t=","><g v="PNCT"></g></l></v></tfr></token><token id="1996524" text="сообщает"><tfr rev_id="4547776" t="сообщает"><v><l id="329538" t="сообщаю"><g v="VERB"></g><g v="impf"></g><g v="tran"></g><g v="sing"></g><g v="3per"></g><g v="pres"></g><g v="indc"></g></l></v></tfr></token><token id="1996525" text="РБК"><tfr rev_id="4547777" t="РБК"><v><l id="389058" t="рбк"><g v="NOUN"></g><g v="inan"></g><g v="femn"></g><g v="Sgtm"></g><g v="Fixd"></g><g v="Abbr"></g><g v="Orgn"></g><g v="sing"></g><g v="ablt"></g></l></v><v><l id="389058" t="рбк"><g v="NOUN"></g><g v="inan"></g><g v="femn"></g><g v="Sgtm"></g><g v="Fixd"></g><g v="Abbr"></g><g v="Orgn"></g><g v="sing"></g><g v="accs"></g></l></v><v><l id="389058" t="рбк"><g v="NOUN"></g><g v="inan"></g><g v="femn"></g><g v="Sgtm"></g><g v="Fixd"></g><g v="Abbr"></g><g v="Orgn"></g><g v="sing"></g><g v="datv"></g></l></v><v><l id="389058" t="рбк"><g v="NOUN"></g><g v="inan"></g><g v="femn"></g><g v="Sgtm"></g><g v="Fixd"></g><g v="Abbr"></g><g v="Orgn"></g><g v="sing"></g><g v="gent"></g></l></v><v><l id="389058" t="рбк"><g v="NOUN"></g><g v="inan"></g><g v="femn"></g><g v="Sgtm"></g><g v="Fixd"></g><g v="Abbr"></g><g v="Orgn"></g><g v="sing"></g><g v="loct"></g></l></v><v><l id="389058" t="рбк"><g v="NOUN"></g><g v="inan"></g><g v="femn"></g><g v="Sgtm"></g><g v="Fixd"></g><g v="Abbr"></g><g v="Orgn"></g><g v="sing"></g><g v="nomn"></g></l></v></tfr></token><token id="1996526" text="."><tfr rev_id="4547778" t="."><v><l id="0" t="."><g v="PNCT"></g></l></v></tfr></token></tokens></sentence></paragraph></paragraphs></text>