<?xml version="1.0" encoding="utf-8"?><text id="1388" parent="604" name="0053028 Постиндустриальное"><tags><tag>url:http://yakov-sirotkin.livejournal.com/53028.html</tag><tag>Год:2007</tag><tag>Дата:29/07</tag><tag>Время:12:21</tag><tag>ЖЖ:Метка:бизнес</tag></tags><paragraphs><paragraph id="12512"><sentence id="39131"><source>Все знают про кризисы перепроизводства, но суть происходящего в экономике не в них, а в том, что люди научились очень быстро производить.</source><tokens><token id="697041" text="Все"><tfr rev_id="4499997" t="Все"><v><l id="42156" t="весь"><g v="ADJF"></g><g v="Subx"></g><g v="Apro"></g><g v="inan"></g><g v="plur"></g><g v="accs"></g></l></v><v><l id="42156" t="весь"><g v="ADJF"></g><g v="Subx"></g><g v="Apro"></g><g v="plur"></g><g v="nomn"></g></l></v></tfr></token><token id="697042" text="знают"><tfr rev_id="1528903" t="знают"><v><l id="115989" t="знаю"><g v="VERB"></g><g v="impf"></g><g v="tran"></g><g v="plur"></g><g v="3per"></g><g v="pres"></g><g v="indc"></g></l></v></tfr></token><token id="697043" text="про"><tfr rev_id="1528904" t="про"><v><l id="277024" t="про"><g v="PREP"></g></l></v></tfr></token><token id="697044" text="кризисы"><tfr rev_id="3727524" t="кризисы"><v><l id="142725" t="кризис"><g v="NOUN"></g><g v="inan"></g><g v="masc"></g><g v="plur"></g><g v="accs"></g></l></v></tfr></token><token id="697045" text="перепроизводства"><tfr rev_id="3446806" t="перепроизводства"><v><l id="233246" t="перепроизводство"><g v="NOUN"></g><g v="inan"></g><g v="neut"></g><g v="sing"></g><g v="gent"></g></l></v></tfr></token><token id="697046" text=","><tfr rev_id="1528907" t=","><v><l id="0" t=","><g v="PNCT"></g></l></v></tfr></token><token id="697047" text="но"><tfr rev_id="1528908" t="но"><v><l id="191429" t="но"><g v="CONJ"></g></l></v><v><l id="191430" t="но"><g v="INTJ"></g></l></v></tfr></token><token id="697048" text="суть"><tfr rev_id="1716308" t="суть"><v><l id="340178" t="суть"><g v="NOUN"></g><g v="inan"></g><g v="femn"></g><g v="sing"></g><g v="nomn"></g></l></v><v><l id="340178" t="суть"><g v="NOUN"></g><g v="inan"></g><g v="femn"></g><g v="sing"></g><g v="accs"></g></l></v></tfr></token><token id="697049" text="происходящего"><tfr rev_id="3443255" t="происходящего"><v><l id="280288" t="происходящий"><g v="PRTF"></g><g v="impf"></g><g v="intr"></g><g v="pres"></g><g v="actv"></g><g v="neut"></g><g v="sing"></g><g v="gent"></g></l></v></tfr></token><token id="697050" text="в"><tfr rev_id="1528911" t="в"><v><l id="37409" t="в"><g v="PREP"></g></l></v></tfr></token><token id="697051" text="экономике"><tfr rev_id="3447242" t="экономике"><v><l id="383340" t="экономика"><g v="NOUN"></g><g v="inan"></g><g v="femn"></g><g v="sing"></g><g v="loct"></g></l></v></tfr></token><token id="697052" text="не"><tfr rev_id="1528913" t="не"><v><l id="178876" t="не"><g v="PRCL"></g></l></v></tfr></token><token id="697053" text="в"><tfr rev_id="1528914" t="в"><v><l id="37409" t="в"><g v="PREP"></g></l></v></tfr></token><token id="697054" text="них"><tfr rev_id="3603731" t="них"><v><l id="206619" t="они"><g v="NPRO"></g><g v="3per"></g><g v="Anph"></g><g v="plur"></g><g v="loct"></g><g v="Af-p"></g></l></v></tfr></token><token id="697055" text=","><tfr rev_id="1528916" t=","><v><l id="0" t=","><g v="PNCT"></g></l></v></tfr></token><token id="697056" text="а"><tfr rev_id="1528917" t="а"><v><l id="51" t="а"><g v="CONJ"></g></l></v><v><l id="52" t="а"><g v="INTJ"></g></l></v><v><l id="53" t="а"><g v="PRCL"></g></l></v></tfr></token><token id="697057" text="в"><tfr rev_id="1528918" t="в"><v><l id="37409" t="в"><g v="PREP"></g></l></v></tfr></token><token id="697058" text="том"><tfr rev_id="4377799" t="том"><v><l id="348430" t="тот"><g v="ADJF"></g><g v="Subx"></g><g v="Apro"></g><g v="Anph"></g><g v="neut"></g><g v="sing"></g><g v="loct"></g></l></v></tfr></token><token id="697059" text=","><tfr rev_id="1528920" t=","><v><l id="0" t=","><g v="PNCT"></g></l></v></tfr></token><token id="697060" text="что"><tfr rev_id="3197747" t="что"><v><l id="377004" t="что"><g v="CONJ"></g></l></v><v><l id="377005" t="что"><g v="NPRO"></g><g v="neut"></g><g v="sing"></g><g v="nomn"></g></l></v><v><l id="377005" t="что"><g v="NPRO"></g><g v="neut"></g><g v="sing"></g><g v="accs"></g></l></v><v><l id="377006" t="что"><g v="ADVB"></g><g v="Ques"></g></l></v><v><l id="388695" t="что"><g v="PRCL"></g></l></v></tfr></token><token id="697061" text="люди"><tfr rev_id="1528922" t="люди"><v><l id="375073" t="человек"><g v="NOUN"></g><g v="anim"></g><g v="masc"></g><g v="plur"></g><g v="nomn"></g></l></v></tfr></token><token id="697062" text="научились"><tfr rev_id="1528923" t="научились"><v><l id="177526" t="научился"><g v="VERB"></g><g v="perf"></g><g v="intr"></g><g v="plur"></g><g v="past"></g><g v="indc"></g></l></v></tfr></token><token id="697063" text="очень"><tfr rev_id="1528924" t="очень"><v><l id="221681" t="очень"><g v="ADVB"></g></l></v></tfr></token><token id="697064" text="быстро"><tfr rev_id="1528925" t="быстро"><v><l id="37073" t="быстро"><g v="ADVB"></g></l></v><v><l id="37234" t="быстр"><g v="ADJS"></g><g v="Qual"></g><g v="neut"></g><g v="sing"></g></l></v></tfr></token><token id="697065" text="производить"><tfr rev_id="1528926" t="производить"><v><l id="280104" t="производить"><g v="INFN"></g><g v="impf"></g><g v="tran"></g></l></v></tfr></token><token id="697066" text="."><tfr rev_id="1528927" t="."><v><l id="0" t="."><g v="PNCT"></g></l></v></tfr></token></tokens></sentence><sentence id="39132"><source>В целом это очень позитивно, потому что теперь люди имею возможность долго учиться, работать по 40 часов в неделю и меньше, получать в случае чего социальные пособия.</source><tokens><token id="697067" text="В"><tfr rev_id="1528928" t="В"><v><l id="37409" t="в"><g v="PREP"></g></l></v></tfr></token><token id="697068" text="целом"><tfr rev_id="4259908" t="целом"><v><l id="373197" t="целое"><g v="NOUN"></g><g v="inan"></g><g v="neut"></g><g v="sing"></g><g v="loct"></g></l></v></tfr></token><token id="697069" text="это"><tfr rev_id="4342316" t="это"><v><l id="386575" t="это"><g v="NPRO"></g><g v="neut"></g><g v="sing"></g><g v="nomn"></g></l></v><v><l id="386575" t="это"><g v="NPRO"></g><g v="neut"></g><g v="sing"></g><g v="accs"></g></l></v></tfr></token><token id="697070" text="очень"><tfr rev_id="1528931" t="очень"><v><l id="221681" t="очень"><g v="ADVB"></g></l></v></tfr></token><token id="697071" text="позитивно"><tfr rev_id="4092280" t="позитивно"><v><l id="253577" t="позитивен"><g v="ADJS"></g><g v="Qual"></g><g v="neut"></g><g v="sing"></g></l></v></tfr></token><token id="697072" text=","><tfr rev_id="1528933" t=","><v><l id="0" t=","><g v="PNCT"></g></l></v></tfr></token><token id="697073" text="потому"><tfr rev_id="1528934" t="потому"><v><l id="263335" t="потому"><g v="ADVB"></g><g v="Dmns"></g></l></v></tfr></token><token id="697074" text="что"><tfr rev_id="3197748" t="что"><v><l id="377004" t="что"><g v="CONJ"></g></l></v><v><l id="377005" t="что"><g v="NPRO"></g><g v="neut"></g><g v="sing"></g><g v="nomn"></g></l></v><v><l id="377005" t="что"><g v="NPRO"></g><g v="neut"></g><g v="sing"></g><g v="accs"></g></l></v><v><l id="377006" t="что"><g v="ADVB"></g><g v="Ques"></g></l></v><v><l id="388695" t="что"><g v="PRCL"></g></l></v></tfr></token><token id="697075" text="теперь"><tfr rev_id="1528936" t="теперь"><v><l id="344864" t="теперь"><g v="ADVB"></g></l></v></tfr></token><token id="697076" text="люди"><tfr rev_id="1528937" t="люди"><v><l id="375073" t="человек"><g v="NOUN"></g><g v="anim"></g><g v="masc"></g><g v="plur"></g><g v="nomn"></g></l></v></tfr></token><token id="697077" text="имею"><tfr rev_id="1528938" t="имею"><v><l id="121610" t="имею"><g v="VERB"></g><g v="impf"></g><g v="tran"></g><g v="sing"></g><g v="1per"></g><g v="pres"></g><g v="indc"></g></l></v></tfr></token><token id="697078" text="возможность"><tfr rev_id="4098749" t="возможность"><v><l id="49410" t="возможность"><g v="NOUN"></g><g v="inan"></g><g v="femn"></g><g v="sing"></g><g v="accs"></g></l></v></tfr></token><token id="697079" text="долго"><tfr rev_id="1528940" t="долго"><v><l id="87737" t="долог"><g v="ADJS"></g><g v="Qual"></g><g v="neut"></g><g v="sing"></g></l></v><v><l id="87742" t="долго"><g v="ADVB"></g></l></v></tfr></token><token id="697080" text="учиться"><tfr rev_id="1528941" t="учиться"><v><l id="363323" t="учиться"><g v="INFN"></g><g v="impf"></g><g v="intr"></g></l></v></tfr></token><token id="697081" text=","><tfr rev_id="1528942" t=","><v><l id="0" t=","><g v="PNCT"></g></l></v></tfr></token><token id="697082" text="работать"><tfr rev_id="1528943" t="работать"><v><l id="290503" t="работать"><g v="INFN"></g><g v="impf"></g><g v="intr"></g></l></v></tfr></token><token id="697083" text="по"><tfr rev_id="1528944" t="по"><v><l id="241240" t="по"><g v="PREP"></g></l></v></tfr></token><token id="697084" text="40"><tfr rev_id="2462854" t="40"><v><l id="0" t="40"><g v="NUMB"></g></l></v></tfr></token><token id="697085" text="часов"><tfr rev_id="4512813" t="часов"><v><l id="374736" t="час"><g v="NOUN"></g><g v="inan"></g><g v="masc"></g><g v="plur"></g><g v="gent"></g></l></v></tfr></token><token id="697086" text="в"><tfr rev_id="1528947" t="в"><v><l id="37409" t="в"><g v="PREP"></g></l></v></tfr></token><token id="697087" text="неделю"><tfr rev_id="1528948" t="неделю"><v><l id="180718" t="неделя"><g v="NOUN"></g><g v="inan"></g><g v="femn"></g><g v="sing"></g><g v="accs"></g></l></v></tfr></token><token id="697088" text="и"><tfr rev_id="1528949" t="и"><v><l id="116949" t="и"><g v="CONJ"></g></l></v><v><l id="116950" t="и"><g v="INTJ"></g></l></v></tfr></token><token id="697089" text="меньше"><tfr rev_id="4266771" t="меньше"><v><l id="153697" t="меньше"><g v="COMP"></g><g v="Qual"></g></l></v></tfr></token><token id="697090" text=","><tfr rev_id="1528951" t=","><v><l id="0" t=","><g v="PNCT"></g></l></v></tfr></token><token id="697091" text="получать"><tfr rev_id="1528952" t="получать"><v><l id="256944" t="получать"><g v="INFN"></g><g v="impf"></g><g v="tran"></g></l></v></tfr></token><token id="697092" text="в"><tfr rev_id="1528953" t="в"><v><l id="37409" t="в"><g v="PREP"></g></l></v></tfr></token><token id="697093" text="случае"><tfr rev_id="1528954" t="случае"><v><l id="325472" t="случай"><g v="NOUN"></g><g v="inan"></g><g v="masc"></g><g v="sing"></g><g v="loct"></g></l></v></tfr></token><token id="697094" text="чего"><tfr rev_id="1528955" t="чего"><v><l id="374963" t="чего"><g v="ADVB"></g><g v="Ques"></g></l></v><v><l id="377005" t="что"><g v="NPRO"></g><g v="neut"></g><g v="sing"></g><g v="gent"></g></l></v></tfr></token><token id="697095" text="социальные"><tfr rev_id="3860050" t="социальные"><v><l id="331060" t="социальный"><g v="ADJF"></g><g v="Qual"></g><g v="inan"></g><g v="plur"></g><g v="accs"></g></l></v></tfr></token><token id="697096" text="пособия"><tfr rev_id="3815427" t="пособия"><v><l id="261817" t="пособие"><g v="NOUN"></g><g v="inan"></g><g v="neut"></g><g v="plur"></g><g v="accs"></g></l></v></tfr></token><token id="697097" text="."><tfr rev_id="1528958" t="."><v><l id="0" t="."><g v="PNCT"></g></l></v></tfr></token></tokens></sentence></paragraph><paragraph id="12513"><sentence id="39133"><source>Однако, тут мы получаем и совсем другие риски: если для крестьянина с плугом град, побивший весь урожай, представлял хоть и серьёзную, но всё-таки локальную проблему, то аналогичный случай для фермера с комбайном может поставить под угрозу очень большой банковский кредит.</source><tokens><token id="697098" text="Однако"><tfr rev_id="3671931" t="Однако"><v><l id="203387" t="однако"><g v="CONJ"></g><g v="Prnt"></g></l></v></tfr></token><token id="697099" text=","><tfr rev_id="1528960" t=","><v><l id="0" t=","><g v="PNCT"></g></l></v></tfr></token><token id="697100" text="тут"><tfr rev_id="4239763" t="тут"><v><l id="351923" t="тут"><g v="ADVB"></g><g v="Dmns"></g></l></v></tfr></token><token id="697101" text="мы"><tfr rev_id="1528962" t="мы"><v><l id="165750" t="мы"><g v="NPRO"></g><g v="1per"></g><g v="plur"></g><g v="nomn"></g></l></v></tfr></token><token id="697102" text="получаем"><tfr rev_id="2635071" t="получаем"><v><l id="256943" t="получаю"><g v="VERB"></g><g v="impf"></g><g v="tran"></g><g v="plur"></g><g v="1per"></g><g v="pres"></g><g v="indc"></g></l></v></tfr></token><token id="697103" text="и"><tfr rev_id="4104255" t="и"><v><l id="116949" t="и"><g v="CONJ"></g></l></v></tfr></token><token id="697104" text="совсем"><tfr rev_id="1528965" t="совсем"><v><l id="328223" t="совсем"><g v="ADVB"></g></l></v></tfr></token><token id="697105" text="другие"><tfr rev_id="3793935" t="другие"><v><l id="92342" t="другой"><g v="ADJF"></g><g v="Apro"></g><g v="Subx"></g><g v="inan"></g><g v="plur"></g><g v="accs"></g></l></v></tfr></token><token id="697106" text="риски"><tfr rev_id="3812684" t="риски"><v><l id="307762" t="риск"><g v="NOUN"></g><g v="inan"></g><g v="masc"></g><g v="plur"></g><g v="accs"></g></l></v></tfr></token><token id="697107" text=":"><tfr rev_id="1528968" t=":"><v><l id="0" t=":"><g v="PNCT"></g></l></v></tfr></token><token id="697108" text="если"><tfr rev_id="1528969" t="если"><v><l id="95365" t="если"><g v="CONJ"></g></l></v></tfr></token><token id="697109" text="для"><tfr rev_id="2922701" t="для"><v><l id="85032" t="для"><g v="PREP"></g></l></v></tfr></token><token id="697110" text="крестьянина"><tfr rev_id="3886723" t="крестьянина"><v><l id="142556" t="крестьянин"><g v="NOUN"></g><g v="anim"></g><g v="masc"></g><g v="sing"></g><g v="gent"></g></l></v></tfr></token><token id="697111" text="с"><tfr rev_id="1528972" t="с"><v><l id="311151" t="с"><g v="PREP"></g></l></v></tfr></token><token id="697112" text="плугом"><tfr rev_id="1528973" t="плугом"><v><l id="240938" t="плуг"><g v="NOUN"></g><g v="inan"></g><g v="masc"></g><g v="sing"></g><g v="ablt"></g></l></v></tfr></token><token id="697113" text="град"><tfr rev_id="3465854" t="град"><v><l id="74442" t="град"><g v="NOUN"></g><g v="inan"></g><g v="masc"></g><g v="sing"></g><g v="nomn"></g></l></v></tfr></token><token id="697114" text=","><tfr rev_id="1528975" t=","><v><l id="0" t=","><g v="PNCT"></g></l></v></tfr></token><token id="697115" text="побивший"><tfr rev_id="1528976" t="побивший"><v><l id="241619" t="побивший"><g v="PRTF"></g><g v="perf"></g><g v="tran"></g><g v="past"></g><g v="actv"></g><g v="masc"></g><g v="sing"></g><g v="nomn"></g></l></v><v><l id="241619" t="побивший"><g v="PRTF"></g><g v="perf"></g><g v="tran"></g><g v="past"></g><g v="actv"></g><g v="inan"></g><g v="masc"></g><g v="sing"></g><g v="accs"></g></l></v></tfr></token><token id="697116" text="весь"><tfr rev_id="4282721" t="весь"><v><l id="42156" t="весь"><g v="ADJF"></g><g v="Subx"></g><g v="Apro"></g><g v="masc"></g><g v="sing"></g><g v="nomn"></g></l></v><v><l id="42156" t="весь"><g v="ADJF"></g><g v="Subx"></g><g v="Apro"></g><g v="inan"></g><g v="masc"></g><g v="sing"></g><g v="accs"></g></l></v></tfr></token><token id="697117" text="урожай"><tfr rev_id="3549800" t="урожай"><v><l id="360006" t="урожай"><g v="NOUN"></g><g v="inan"></g><g v="masc"></g><g v="sing"></g><g v="accs"></g></l></v></tfr></token><token id="697118" text=","><tfr rev_id="1528979" t=","><v><l id="0" t=","><g v="PNCT"></g></l></v></tfr></token><token id="697119" text="представлял"><tfr rev_id="1528980" t="представлял"><v><l id="267112" t="представляю"><g v="VERB"></g><g v="impf"></g><g v="tran"></g><g v="masc"></g><g v="sing"></g><g v="past"></g><g v="indc"></g></l></v></tfr></token><token id="697120" text="хоть"><tfr rev_id="1528981" t="хоть"><v><l id="371728" t="хоть"><g v="PRCL"></g></l></v><v><l id="371729" t="хоть"><g v="CONJ"></g></l></v></tfr></token><token id="697121" text="и"><tfr rev_id="3671953" t="и"><v><l id="116949" t="и"><g v="CONJ"></g></l></v></tfr></token><token id="697122" text="серьёзную"><tfr rev_id="1528983" t="серьёзную"><v><l id="319559" t="серьёзный"><g v="ADJF"></g><g v="Qual"></g><g v="femn"></g><g v="sing"></g><g v="accs"></g></l></v></tfr></token><token id="697123" text=","><tfr rev_id="1528984" t=","><v><l id="0" t=","><g v="PNCT"></g></l></v></tfr></token><token id="697124" text="но"><tfr rev_id="1528985" t="но"><v><l id="191429" t="но"><g v="CONJ"></g></l></v><v><l id="191430" t="но"><g v="INTJ"></g></l></v></tfr></token><token id="697125" text="всё-таки"><tfr rev_id="4137450" t="всё-таки"><v><l id="53261" t="всё-таки"><g v="PRCL"></g></l></v></tfr></token><token id="697126" text="локальную"><tfr rev_id="1528987" t="локальную"><v><l id="150656" t="локальный"><g v="ADJF"></g><g v="Qual"></g><g v="femn"></g><g v="sing"></g><g v="accs"></g></l></v></tfr></token><token id="697127" text="проблему"><tfr rev_id="1528988" t="проблему"><v><l id="277255" t="проблема"><g v="NOUN"></g><g v="inan"></g><g v="femn"></g><g v="sing"></g><g v="accs"></g></l></v></tfr></token><token id="697128" text=","><tfr rev_id="1528989" t=","><v><l id="0" t=","><g v="PNCT"></g></l></v></tfr></token><token id="697129" text="то"><tfr rev_id="3777721" t="то"><v><l id="346835" t="то"><g v="CONJ"></g></l></v><v><l id="346836" t="то"><g v="PRCL"></g></l></v><v><l id="348430" t="тот"><g v="ADJF"></g><g v="Subx"></g><g v="Apro"></g><g v="Anph"></g><g v="neut"></g><g v="sing"></g><g v="nomn"></g></l></v><v><l id="348430" t="тот"><g v="ADJF"></g><g v="Subx"></g><g v="Apro"></g><g v="Anph"></g><g v="neut"></g><g v="sing"></g><g v="accs"></g></l></v></tfr></token><token id="697130" text="аналогичный"><tfr rev_id="1528991" t="аналогичный"><v><l id="12239" t="аналогичный"><g v="ADJF"></g><g v="masc"></g><g v="sing"></g><g v="nomn"></g></l></v><v><l id="12239" t="аналогичный"><g v="ADJF"></g><g v="inan"></g><g v="masc"></g><g v="sing"></g><g v="accs"></g></l></v></tfr></token><token id="697131" text="случай"><tfr rev_id="3816929" t="случай"><v><l id="325472" t="случай"><g v="NOUN"></g><g v="inan"></g><g v="masc"></g><g v="sing"></g><g v="nomn"></g></l></v></tfr></token><token id="697132" text="для"><tfr rev_id="3452918" t="для"><v><l id="85032" t="для"><g v="PREP"></g></l></v></tfr></token><token id="697133" text="фермера"><tfr rev_id="4397256" t="фермера"><v><l id="365375" t="фермер"><g v="NOUN"></g><g v="anim"></g><g v="masc"></g><g v="sing"></g><g v="gent"></g></l></v></tfr></token><token id="697134" text="с"><tfr rev_id="1528995" t="с"><v><l id="311151" t="с"><g v="PREP"></g></l></v></tfr></token><token id="697135" text="комбайном"><tfr rev_id="1528996" t="комбайном"><v><l id="136779" t="комбайн"><g v="NOUN"></g><g v="inan"></g><g v="masc"></g><g v="sing"></g><g v="ablt"></g></l></v></tfr></token><token id="697136" text="может"><tfr rev_id="4212956" t="может"><v><l id="164485" t="могу"><g v="VERB"></g><g v="impf"></g><g v="intr"></g><g v="sing"></g><g v="3per"></g><g v="pres"></g><g v="indc"></g></l></v></tfr></token><token id="697137" text="поставить"><tfr rev_id="1528998" t="поставить"><v><l id="262089" t="поставить"><g v="INFN"></g><g v="perf"></g><g v="tran"></g></l></v></tfr></token><token id="697138" text="под"><tfr rev_id="2603011" t="под"><v><l id="243755" t="под"><g v="PREP"></g></l></v></tfr></token><token id="697139" text="угрозу"><tfr rev_id="1529000" t="угрозу"><v><l id="354549" t="угроза"><g v="NOUN"></g><g v="inan"></g><g v="femn"></g><g v="sing"></g><g v="accs"></g></l></v></tfr></token><token id="697140" text="очень"><tfr rev_id="1529001" t="очень"><v><l id="221681" t="очень"><g v="ADVB"></g></l></v></tfr></token><token id="697141" text="большой"><tfr rev_id="2635711" t="большой"><v><l id="32445" t="большой"><g v="ADJF"></g><g v="Qual"></g><g v="masc"></g><g v="sing"></g><g v="nomn"></g></l></v><v><l id="32445" t="большой"><g v="ADJF"></g><g v="Qual"></g><g v="inan"></g><g v="masc"></g><g v="sing"></g><g v="accs"></g></l></v></tfr></token><token id="697142" text="банковский"><tfr rev_id="1529003" t="банковский"><v><l id="23592" t="банковский"><g v="ADJF"></g><g v="masc"></g><g v="sing"></g><g v="nomn"></g></l></v><v><l id="23592" t="банковский"><g v="ADJF"></g><g v="inan"></g><g v="masc"></g><g v="sing"></g><g v="accs"></g></l></v></tfr></token><token id="697143" text="кредит"><tfr rev_id="4104079" t="кредит"><v><l id="142158" t="кредит"><g v="NOUN"></g><g v="inan"></g><g v="masc"></g><g v="sing"></g><g v="accs"></g></l></v></tfr></token><token id="697144" text="."><tfr rev_id="1529005" t="."><v><l id="0" t="."><g v="PNCT"></g></l></v></tfr></token></tokens></sentence><sentence id="39134"><source>Другая проблема, что конкуренты могут разместить производство в стране с хорошо сохранившимися традициями эксплуатации человека человеком и будут продавать свои товары по бросовым ценам.</source><tokens><token id="697145" text="Другая"><tfr rev_id="3560936" t="Другая"><v><l id="92342" t="другой"><g v="ADJF"></g><g v="Apro"></g><g v="Subx"></g><g v="femn"></g><g v="sing"></g><g v="nomn"></g></l></v></tfr></token><token id="697146" text="проблема"><tfr rev_id="1529007" t="проблема"><v><l id="277255" t="проблема"><g v="NOUN"></g><g v="inan"></g><g v="femn"></g><g v="sing"></g><g v="nomn"></g></l></v></tfr></token><token id="697147" text=","><tfr rev_id="1529008" t=","><v><l id="0" t=","><g v="PNCT"></g></l></v></tfr></token><token id="697148" text="что"><tfr rev_id="3197749" t="что"><v><l id="377004" t="что"><g v="CONJ"></g></l></v><v><l id="377005" t="что"><g v="NPRO"></g><g v="neut"></g><g v="sing"></g><g v="nomn"></g></l></v><v><l id="377005" t="что"><g v="NPRO"></g><g v="neut"></g><g v="sing"></g><g v="accs"></g></l></v><v><l id="377006" t="что"><g v="ADVB"></g><g v="Ques"></g></l></v><v><l id="388695" t="что"><g v="PRCL"></g></l></v></tfr></token><token id="697149" text="конкуренты"><tfr rev_id="1529010" t="конкуренты"><v><l id="137896" t="конкурент"><g v="NOUN"></g><g v="anim"></g><g v="masc"></g><g v="plur"></g><g v="nomn"></g></l></v></tfr></token><token id="697150" text="могут"><tfr rev_id="1529011" t="могут"><v><l id="164485" t="могу"><g v="VERB"></g><g v="impf"></g><g v="intr"></g><g v="plur"></g><g v="3per"></g><g v="pres"></g><g v="indc"></g></l></v></tfr></token><token id="697151" text="разместить"><tfr rev_id="1529012" t="разместить"><v><l id="295051" t="разместить"><g v="INFN"></g><g v="perf"></g><g v="tran"></g></l></v></tfr></token><token id="697152" text="производство"><tfr rev_id="1529013" t="производство"><v><l id="280127" t="производство"><g v="NOUN"></g><g v="inan"></g><g v="neut"></g><g v="sing"></g><g v="nomn"></g></l></v><v><l id="280127" t="производство"><g v="NOUN"></g><g v="inan"></g><g v="neut"></g><g v="sing"></g><g v="accs"></g></l></v></tfr></token><token id="697153" text="в"><tfr rev_id="1529014" t="в"><v><l id="37409" t="в"><g v="PREP"></g></l></v></tfr></token><token id="697154" text="стране"><tfr rev_id="3447041" t="стране"><v><l id="337100" t="страна"><g v="NOUN"></g><g v="inan"></g><g v="femn"></g><g v="sing"></g><g v="loct"></g></l></v></tfr></token><token id="697155" text="с"><tfr rev_id="1529016" t="с"><v><l id="311151" t="с"><g v="PREP"></g></l></v></tfr></token><token id="697156" text="хорошо"><tfr rev_id="1529017" t="хорошо"><v><l id="371669" t="хорош"><g v="ADJS"></g><g v="Qual"></g><g v="neut"></g><g v="sing"></g></l></v><v><l id="371678" t="хорошо"><g v="ADVB"></g><g v="Prdx"></g></l></v><v><l id="371679" t="хорошо"><g v="PRCL"></g></l></v><v><l id="371680" t="хорошо"><g v="PRED"></g><g v="pres"></g></l></v></tfr></token><token id="697157" text="сохранившимися"><tfr rev_id="1529018" t="сохранившимися"><v><l id="330996" t="сохранившийся"><g v="PRTF"></g><g v="perf"></g><g v="intr"></g><g v="past"></g><g v="actv"></g><g v="plur"></g><g v="ablt"></g></l></v></tfr></token><token id="697158" text="традициями"><tfr rev_id="1529019" t="традициями"><v><l id="348771" t="традиция"><g v="NOUN"></g><g v="inan"></g><g v="femn"></g><g v="plur"></g><g v="ablt"></g></l></v></tfr></token><token id="697159" text="эксплуатации"><tfr rev_id="4345551" t="эксплуатации"><v><l id="383628" t="эксплуатация"><g v="NOUN"></g><g v="inan"></g><g v="femn"></g><g v="sing"></g><g v="gent"></g></l></v></tfr></token><token id="697160" text="человека"><tfr rev_id="4397500" t="человека"><v><l id="375073" t="человек"><g v="NOUN"></g><g v="anim"></g><g v="masc"></g><g v="sing"></g><g v="gent"></g></l></v></tfr></token><token id="697161" text="человеком"><tfr rev_id="1529022" t="человеком"><v><l id="375073" t="человек"><g v="NOUN"></g><g v="anim"></g><g v="masc"></g><g v="sing"></g><g v="ablt"></g></l></v></tfr></token><token id="697162" text="и"><tfr rev_id="1529023" t="и"><v><l id="116949" t="и"><g v="CONJ"></g></l></v><v><l id="116950" t="и"><g v="INTJ"></g></l></v></tfr></token><token id="697163" text="будут"><tfr rev_id="1529024" t="будут"><v><l id="37265" t="есть"><g v="VERB"></g><g v="impf"></g><g v="intr"></g><g v="plur"></g><g v="3per"></g><g v="futr"></g><g v="indc"></g></l></v></tfr></token><token id="697164" text="продавать"><tfr rev_id="1529025" t="продавать"><v><l id="278912" t="продавать"><g v="INFN"></g><g v="impf"></g><g v="tran"></g></l></v></tfr></token><token id="697165" text="свои"><tfr rev_id="3742252" t="свои"><v><l id="316379" t="свой"><g v="ADJF"></g><g v="Apro"></g><g v="Anph"></g><g v="inan"></g><g v="plur"></g><g v="accs"></g></l></v></tfr></token><token id="697166" text="товары"><tfr rev_id="3284849" t="товары"><v><l id="346863" t="товар"><g v="NOUN"></g><g v="inan"></g><g v="masc"></g><g v="plur"></g><g v="accs"></g></l></v></tfr></token><token id="697167" text="по"><tfr rev_id="1529028" t="по"><v><l id="241240" t="по"><g v="PREP"></g></l></v></tfr></token><token id="697168" text="бросовым"><tfr rev_id="1718465" t="бросовым"><v><l id="34345" t="бросовый"><g v="ADJF"></g><g v="Qual"></g><g v="plur"></g><g v="datv"></g></l></v></tfr></token><token id="697169" text="ценам"><tfr rev_id="1529030" t="ценам"><v><l id="373297" t="цена"><g v="NOUN"></g><g v="inan"></g><g v="femn"></g><g v="plur"></g><g v="datv"></g></l></v></tfr></token><token id="697170" text="."><tfr rev_id="1529031" t="."><v><l id="0" t="."><g v="PNCT"></g></l></v></tfr></token></tokens></sentence></paragraph><paragraph id="12514"><sentence id="39135"><source>Таким образом, в современной экономике цель состоит совсем не в повышении производительности труда, а в обеспечении гарантированного результата (чтобы не пришлось списывать все инвестиции в трубу) и в диверсификации бизнеса (чтобы внезапное изменение конъюнктуры не поставило крест на всей компании).</source><tokens><token id="697171" text="Таким"><tfr rev_id="4207535" t="Таким"><v><l id="342491" t="такой"><g v="ADJF"></g><g v="Apro"></g><g v="masc"></g><g v="sing"></g><g v="ablt"></g></l></v></tfr></token><token id="697172" text="образом"><tfr rev_id="1529033" t="образом"><v><l id="198787" t="образ"><g v="NOUN"></g><g v="inan"></g><g v="masc"></g><g v="sing"></g><g v="ablt"></g></l></v></tfr></token><token id="697173" text=","><tfr rev_id="1529034" t=","><v><l id="0" t=","><g v="PNCT"></g></l></v></tfr></token><token id="697174" text="в"><tfr rev_id="1529035" t="в"><v><l id="37409" t="в"><g v="PREP"></g></l></v></tfr></token><token id="697175" text="современной"><tfr rev_id="4170910" t="современной"><v><l id="328217" t="современный"><g v="ADJF"></g><g v="Qual"></g><g v="femn"></g><g v="sing"></g><g v="loct"></g></l></v></tfr></token><token id="697176" text="экономике"><tfr rev_id="3545955" t="экономике"><v><l id="383340" t="экономика"><g v="NOUN"></g><g v="inan"></g><g v="femn"></g><g v="sing"></g><g v="loct"></g></l></v></tfr></token><token id="697177" text="цель"><tfr rev_id="3816882" t="цель"><v><l id="373216" t="цель"><g v="NOUN"></g><g v="inan"></g><g v="femn"></g><g v="sing"></g><g v="nomn"></g></l></v></tfr></token><token id="697178" text="состоит"><tfr rev_id="1529039" t="состоит"><v><l id="330563" t="состою"><g v="VERB"></g><g v="impf"></g><g v="intr"></g><g v="sing"></g><g v="3per"></g><g v="pres"></g><g v="indc"></g></l></v></tfr></token><token id="697179" text="совсем"><tfr rev_id="1529040" t="совсем"><v><l id="328223" t="совсем"><g v="ADVB"></g></l></v></tfr></token><token id="697180" text="не"><tfr rev_id="1529041" t="не"><v><l id="178876" t="не"><g v="PRCL"></g></l></v></tfr></token><token id="697181" text="в"><tfr rev_id="1529042" t="в"><v><l id="37409" t="в"><g v="PREP"></g></l></v></tfr></token><token id="697182" text="повышении"><tfr rev_id="1529043" t="повышении"><v><l id="243063" t="повышение"><g v="NOUN"></g><g v="inan"></g><g v="neut"></g><g v="sing"></g><g v="loct"></g></l></v></tfr></token><token id="697183" text="производительности"><tfr rev_id="4178572" t="производительности"><v><l id="280099" t="производительность"><g v="NOUN"></g><g v="inan"></g><g v="femn"></g><g v="sing"></g><g v="gent"></g></l></v></tfr></token><token id="697184" text="труда"><tfr rev_id="1529045" t="труда"><v><l id="350729" t="труд"><g v="NOUN"></g><g v="inan"></g><g v="masc"></g><g v="sing"></g><g v="gent"></g></l></v></tfr></token><token id="697185" text=","><tfr rev_id="1529046" t=","><v><l id="0" t=","><g v="PNCT"></g></l></v></tfr></token><token id="697186" text="а"><tfr rev_id="1529047" t="а"><v><l id="51" t="а"><g v="CONJ"></g></l></v><v><l id="52" t="а"><g v="INTJ"></g></l></v><v><l id="53" t="а"><g v="PRCL"></g></l></v></tfr></token><token id="697187" text="в"><tfr rev_id="1529048" t="в"><v><l id="37409" t="в"><g v="PREP"></g></l></v></tfr></token><token id="697188" text="обеспечении"><tfr rev_id="1529049" t="обеспечении"><v><l id="194745" t="обеспечение"><g v="NOUN"></g><g v="inan"></g><g v="neut"></g><g v="sing"></g><g v="loct"></g></l></v></tfr></token><token id="697189" text="гарантированного"><tfr rev_id="1529050" t="гарантированного"><v><l id="67207" t="гарантированный"><g v="ADJF"></g><g v="masc"></g><g v="sing"></g><g v="gent"></g></l></v><v><l id="67207" t="гарантированный"><g v="ADJF"></g><g v="anim"></g><g v="masc"></g><g v="sing"></g><g v="accs"></g></l></v><v><l id="67207" t="гарантированный"><g v="ADJF"></g><g v="neut"></g><g v="sing"></g><g v="gent"></g></l></v><v><l id="67218" t="гарантированный"><g v="PRTF"></g><g v="perf"></g><g v="tran"></g><g v="past"></g><g v="pssv"></g><g v="masc"></g><g v="sing"></g><g v="gent"></g></l></v><v><l id="67218" t="гарантированный"><g v="PRTF"></g><g v="perf"></g><g v="tran"></g><g v="past"></g><g v="pssv"></g><g v="anim"></g><g v="masc"></g><g v="sing"></g><g v="accs"></g></l></v><v><l id="67218" t="гарантированный"><g v="PRTF"></g><g v="perf"></g><g v="tran"></g><g v="past"></g><g v="pssv"></g><g v="neut"></g><g v="sing"></g><g v="gent"></g></l></v><v><l id="67219" t="гарантированный"><g v="PRTF"></g><g v="impf"></g><g v="tran"></g><g v="past"></g><g v="pssv"></g><g v="masc"></g><g v="sing"></g><g v="gent"></g></l></v><v><l id="67219" t="гарантированный"><g v="PRTF"></g><g v="impf"></g><g v="tran"></g><g v="past"></g><g v="pssv"></g><g v="anim"></g><g v="masc"></g><g v="sing"></g><g v="accs"></g></l></v><v><l id="67219" t="гарантированный"><g v="PRTF"></g><g v="impf"></g><g v="tran"></g><g v="past"></g><g v="pssv"></g><g v="neut"></g><g v="sing"></g><g v="gent"></g></l></v></tfr></token><token id="697190" text="результата"><tfr rev_id="1529051" t="результата"><v><l id="305391" t="результат"><g v="NOUN"></g><g v="inan"></g><g v="masc"></g><g v="sing"></g><g v="gent"></g></l></v></tfr></token><token id="697191" text="("><tfr rev_id="1529052" t="("><v><l id="0" t="("><g v="PNCT"></g></l></v></tfr></token><token id="697192" text="чтобы"><tfr rev_id="1529053" t="чтобы"><v><l id="377013" t="чтобы"><g v="CONJ"></g></l></v><v><l id="377014" t="чтобы"><g v="PRCL"></g></l></v></tfr></token><token id="697193" text="не"><tfr rev_id="1529054" t="не"><v><l id="178876" t="не"><g v="PRCL"></g></l></v></tfr></token><token id="697194" text="пришлось"><tfr rev_id="1529055" t="пришлось"><v><l id="270741" t="пришёлся"><g v="VERB"></g><g v="perf"></g><g v="intr"></g><g v="neut"></g><g v="sing"></g><g v="past"></g><g v="indc"></g></l></v></tfr></token><token id="697195" text="списывать"><tfr rev_id="1529056" t="списывать"><v><l id="332284" t="списывать"><g v="INFN"></g><g v="impf"></g><g v="tran"></g></l></v></tfr></token><token id="697196" text="все"><tfr rev_id="4538325" t="все"><v><l id="42156" t="весь"><g v="ADJF"></g><g v="Subx"></g><g v="Apro"></g><g v="inan"></g><g v="plur"></g><g v="accs"></g></l></v><v><l id="42156" t="весь"><g v="ADJF"></g><g v="Subx"></g><g v="Apro"></g><g v="plur"></g><g v="nomn"></g></l></v></tfr></token><token id="697197" text="инвестиции"><tfr rev_id="3726619" t="инвестиции"><v><l id="122089" t="инвестиция"><g v="NOUN"></g><g v="inan"></g><g v="femn"></g><g v="plur"></g><g v="accs"></g></l></v></tfr></token><token id="697198" text="в"><tfr rev_id="1529059" t="в"><v><l id="37409" t="в"><g v="PREP"></g></l></v></tfr></token><token id="697199" text="трубу"><tfr rev_id="1529060" t="трубу"><v><l id="350608" t="труба"><g v="NOUN"></g><g v="inan"></g><g v="femn"></g><g v="sing"></g><g v="accs"></g></l></v></tfr></token><token id="697200" text=")"><tfr rev_id="1529061" t=")"><v><l id="0" t=")"><g v="PNCT"></g></l></v></tfr></token><token id="697201" text="и"><tfr rev_id="1529062" t="и"><v><l id="116949" t="и"><g v="CONJ"></g></l></v><v><l id="116950" t="и"><g v="INTJ"></g></l></v></tfr></token><token id="697202" text="в"><tfr rev_id="1529063" t="в"><v><l id="37409" t="в"><g v="PREP"></g></l></v></tfr></token><token id="697203" text="диверсификации"><tfr rev_id="4238850" t="диверсификации"><v><l id="83542" t="диверсификация"><g v="NOUN"></g><g v="inan"></g><g v="femn"></g><g v="sing"></g><g v="loct"></g></l></v></tfr></token><token id="697204" text="бизнеса"><tfr rev_id="1529065" t="бизнеса"><v><l id="29438" t="бизнес"><g v="NOUN"></g><g v="inan"></g><g v="masc"></g><g v="sing"></g><g v="gent"></g></l></v></tfr></token><token id="697205" text="("><tfr rev_id="1529066" t="("><v><l id="0" t="("><g v="PNCT"></g></l></v></tfr></token><token id="697206" text="чтобы"><tfr rev_id="1529067" t="чтобы"><v><l id="377013" t="чтобы"><g v="CONJ"></g></l></v><v><l id="377014" t="чтобы"><g v="PRCL"></g></l></v></tfr></token><token id="697207" text="внезапное"><tfr rev_id="3281871" t="внезапное"><v><l id="47361" t="внезапный"><g v="ADJF"></g><g v="Qual"></g><g v="neut"></g><g v="sing"></g><g v="nomn"></g></l></v></tfr></token><token id="697208" text="изменение"><tfr rev_id="3473939" t="изменение"><v><l id="119487" t="изменение"><g v="NOUN"></g><g v="inan"></g><g v="neut"></g><g v="sing"></g><g v="nomn"></g></l></v></tfr></token><token id="697209" text="конъюнктуры"><tfr rev_id="3487449" t="конъюнктуры"><v><l id="139029" t="конъюнктура"><g v="NOUN"></g><g v="inan"></g><g v="femn"></g><g v="sing"></g><g v="gent"></g></l></v></tfr></token><token id="697210" text="не"><tfr rev_id="1529071" t="не"><v><l id="178876" t="не"><g v="PRCL"></g></l></v></tfr></token><token id="697211" text="поставило"><tfr rev_id="1529072" t="поставило"><v><l id="262088" t="поставил"><g v="VERB"></g><g v="perf"></g><g v="tran"></g><g v="neut"></g><g v="sing"></g><g v="past"></g><g v="indc"></g></l></v></tfr></token><token id="697212" text="крест"><tfr rev_id="1529073" t="крест"><v><l id="142473" t="крест"><g v="NOUN"></g><g v="inan"></g><g v="masc"></g><g v="sing"></g><g v="nomn"></g></l></v><v><l id="142473" t="крест"><g v="NOUN"></g><g v="inan"></g><g v="masc"></g><g v="sing"></g><g v="accs"></g></l></v></tfr></token><token id="697213" text="на"><tfr rev_id="3343488" t="на"><v><l id="166264" t="на"><g v="PREP"></g></l></v></tfr></token><token id="697214" text="всей"><tfr rev_id="4399011" t="всей"><v><l id="42156" t="весь"><g v="ADJF"></g><g v="Subx"></g><g v="Apro"></g><g v="femn"></g><g v="sing"></g><g v="loct"></g></l></v></tfr></token><token id="697215" text="компании"><tfr rev_id="4174697" t="компании"><v><l id="137146" t="компания"><g v="NOUN"></g><g v="inan"></g><g v="femn"></g><g v="sing"></g><g v="loct"></g></l></v></tfr></token><token id="697216" text=")"><tfr rev_id="1529077" t=")"><v><l id="0" t=")"><g v="PNCT"></g></l></v></tfr></token><token id="697217" text="."><tfr rev_id="1529078" t="."><v><l id="0" t="."><g v="PNCT"></g></l></v></tfr></token></tokens></sentence></paragraph><paragraph id="12515"><sentence id="39136"><source>Поэтому компании стремятся к каждой швабре поставить узкоспециализированного менеджера и разрастись до как можно большего размера.</source><tokens><token id="697218" text="Поэтому"><tfr rev_id="1529079" t="Поэтому"><v><l id="265490" t="поэтому"><g v="ADVB"></g></l></v></tfr></token><token id="697219" text="компании"><tfr rev_id="3807613" t="компании"><v><l id="137146" t="компания"><g v="NOUN"></g><g v="inan"></g><g v="femn"></g><g v="plur"></g><g v="nomn"></g></l></v></tfr></token><token id="697220" text="стремятся"><tfr rev_id="1529081" t="стремятся"><v><l id="337460" t="стремлюсь"><g v="VERB"></g><g v="impf"></g><g v="intr"></g><g v="plur"></g><g v="3per"></g><g v="pres"></g><g v="indc"></g></l></v></tfr></token><token id="697221" text="к"><tfr rev_id="1529082" t="к"><v><l id="127460" t="к"><g v="PREP"></g></l></v></tfr></token><token id="697222" text="каждой"><tfr rev_id="4430454" t="каждой"><v><l id="127875" t="каждый"><g v="ADJF"></g><g v="Subx"></g><g v="Apro"></g><g v="femn"></g><g v="sing"></g><g v="datv"></g></l></v></tfr></token><token id="697223" text="швабре"><tfr rev_id="3557833" t="швабре"><v><l id="378684" t="швабра"><g v="NOUN"></g><g v="inan"></g><g v="femn"></g><g v="sing"></g><g v="datv"></g></l></v></tfr></token><token id="697224" text="поставить"><tfr rev_id="1529085" t="поставить"><v><l id="262089" t="поставить"><g v="INFN"></g><g v="perf"></g><g v="tran"></g></l></v></tfr></token><token id="697225" text="узкоспециализированного"><tfr rev_id="3285261" t="узкоспециализированного"><v><l id="355762" t="узкоспециализированный"><g v="ADJF"></g><g v="masc"></g><g v="sing"></g><g v="gent"></g></l></v><v><l id="355762" t="узкоспециализированный"><g v="ADJF"></g><g v="anim"></g><g v="masc"></g><g v="sing"></g><g v="accs"></g></l></v></tfr></token><token id="697226" text="менеджера"><tfr rev_id="2826760" t="менеджера"><v><l id="158340" t="менеджер"><g v="NOUN"></g><g v="anim"></g><g v="masc"></g><g v="sing"></g><g v="accs"></g></l></v></tfr></token><token id="697227" text="и"><tfr rev_id="1529088" t="и"><v><l id="116949" t="и"><g v="CONJ"></g></l></v><v><l id="116950" t="и"><g v="INTJ"></g></l></v></tfr></token><token id="697228" text="разрастись"><tfr rev_id="4360451" t="разрастись"><v><l id="296523" t="разрастись"><g v="INFN"></g><g v="perf"></g><g v="intr"></g></l></v></tfr></token><token id="697229" text="до"><tfr rev_id="1529090" t="до"><v><l id="85153" t="до"><g v="PREP"></g></l></v></tfr></token><token id="697230" text="как"><tfr rev_id="1529091" t="как"><v><l id="128190" t="как"><g v="CONJ"></g></l></v><v><l id="128191" t="как"><g v="PRCL"></g></l></v><v><l id="128192" t="как"><g v="ADVB"></g><g v="Ques"></g></l></v></tfr></token><token id="697231" text="можно"><tfr rev_id="1529092" t="можно"><v><l id="162467" t="можно"><g v="PRED"></g><g v="pres"></g></l></v></tfr></token><token id="697232" text="большего"><tfr rev_id="4534013" t="большего"><v><l id="32439" t="больший"><g v="ADJF"></g><g v="Qual"></g><g v="masc"></g><g v="sing"></g><g v="gent"></g></l></v><v><l id="32439" t="больший"><g v="ADJF"></g><g v="Qual"></g><g v="anim"></g><g v="masc"></g><g v="sing"></g><g v="accs"></g></l></v></tfr></token><token id="697233" text="размера"><tfr rev_id="1529094" t="размера"><v><l id="295006" t="размер"><g v="NOUN"></g><g v="inan"></g><g v="masc"></g><g v="sing"></g><g v="gent"></g></l></v></tfr></token><token id="697234" text="."><tfr rev_id="1529095" t="."><v><l id="0" t="."><g v="PNCT"></g></l></v></tfr></token></tokens></sentence><sentence id="39137"><source>Отсюда имеем практический вывод, что малому бизнесу приходит логический конец: при всём идиотизме больших корпораций, экономически целесообразней продать какую-то свою идею тем, кто сможет растиражировать её в промышленных объёмах, чем пытаться построить маленький бизнес самому от начала и до конца.</source><tokens><token id="697235" text="Отсюда"><tfr rev_id="1529096" t="Отсюда"><v><l id="218812" t="отсюда"><g v="ADVB"></g></l></v></tfr></token><token id="697236" text="имеем"><tfr rev_id="1529097" t="имеем"><v><l id="121610" t="имею"><g v="VERB"></g><g v="impf"></g><g v="tran"></g><g v="plur"></g><g v="1per"></g><g v="pres"></g><g v="indc"></g></l></v></tfr></token><token id="697237" text="практический"><tfr rev_id="3667519" t="практический"><v><l id="265905" t="практический"><g v="ADJF"></g><g v="inan"></g><g v="masc"></g><g v="sing"></g><g v="accs"></g></l></v></tfr></token><token id="697238" text="вывод"><tfr rev_id="4106422" t="вывод"><v><l id="56345" t="вывод"><g v="NOUN"></g><g v="inan"></g><g v="masc"></g><g v="sing"></g><g v="accs"></g></l></v></tfr></token><token id="697239" text=","><tfr rev_id="1529100" t=","><v><l id="0" t=","><g v="PNCT"></g></l></v></tfr></token><token id="697240" text="что"><tfr rev_id="3197750" t="что"><v><l id="377004" t="что"><g v="CONJ"></g></l></v><v><l id="377005" t="что"><g v="NPRO"></g><g v="neut"></g><g v="sing"></g><g v="nomn"></g></l></v><v><l id="377005" t="что"><g v="NPRO"></g><g v="neut"></g><g v="sing"></g><g v="accs"></g></l></v><v><l id="377006" t="что"><g v="ADVB"></g><g v="Ques"></g></l></v><v><l id="388695" t="что"><g v="PRCL"></g></l></v></tfr></token><token id="697241" text="малому"><tfr rev_id="4310800" t="малому"><v><l id="154377" t="малый"><g v="ADJF"></g><g v="Qual"></g><g v="masc"></g><g v="sing"></g><g v="datv"></g></l></v></tfr></token><token id="697242" text="бизнесу"><tfr rev_id="1529103" t="бизнесу"><v><l id="29438" t="бизнес"><g v="NOUN"></g><g v="inan"></g><g v="masc"></g><g v="sing"></g><g v="datv"></g></l></v></tfr></token><token id="697243" text="приходит"><tfr rev_id="1529104" t="приходит"><v><l id="276249" t="прихожу"><g v="VERB"></g><g v="impf"></g><g v="intr"></g><g v="sing"></g><g v="3per"></g><g v="pres"></g><g v="indc"></g></l></v></tfr></token><token id="697244" text="логический"><tfr rev_id="1529105" t="логический"><v><l id="150457" t="логический"><g v="ADJF"></g><g v="masc"></g><g v="sing"></g><g v="nomn"></g></l></v><v><l id="150457" t="логический"><g v="ADJF"></g><g v="inan"></g><g v="masc"></g><g v="sing"></g><g v="accs"></g></l></v></tfr></token><token id="697245" text="конец"><tfr rev_id="1529106" t="конец"><v><l id="137815" t="конец"><g v="NOUN"></g><g v="inan"></g><g v="masc"></g><g v="sing"></g><g v="nomn"></g></l></v><v><l id="137815" t="конец"><g v="NOUN"></g><g v="inan"></g><g v="masc"></g><g v="sing"></g><g v="accs"></g></l></v></tfr></token><token id="697246" text=":"><tfr rev_id="1529107" t=":"><v><l id="0" t=":"><g v="PNCT"></g></l></v></tfr></token><token id="697247" text="при"><tfr rev_id="2699809" t="при"><v><l id="268625" t="при"><g v="PREP"></g></l></v></tfr></token><token id="697248" text="всём"><tfr rev_id="4572329" t="всём"><v><l id="42156" t="весь"><g v="ADJF"></g><g v="Subx"></g><g v="Apro"></g><g v="masc"></g><g v="sing"></g><g v="loct"></g></l></v></tfr></token><token id="697249" text="идиотизме"><tfr rev_id="1529110" t="идиотизме"><v><l id="117530" t="идиотизм"><g v="NOUN"></g><g v="inan"></g><g v="masc"></g><g v="sing"></g><g v="loct"></g></l></v></tfr></token><token id="697250" text="больших"><tfr rev_id="4534722" t="больших"><v><l id="32439" t="больший"><g v="ADJF"></g><g v="Qual"></g><g v="plur"></g><g v="gent"></g></l></v><v><l id="32445" t="большой"><g v="ADJF"></g><g v="Qual"></g><g v="plur"></g><g v="gent"></g></l></v></tfr></token><token id="697251" text="корпораций"><tfr rev_id="1529112" t="корпораций"><v><l id="140149" t="корпорация"><g v="NOUN"></g><g v="inan"></g><g v="femn"></g><g v="plur"></g><g v="gent"></g></l></v></tfr></token><token id="697252" text=","><tfr rev_id="1529113" t=","><v><l id="0" t=","><g v="PNCT"></g></l></v></tfr></token><token id="697253" text="экономически"><tfr rev_id="1529114" t="экономически"><v><l id="383361" t="экономически"><g v="ADVB"></g></l></v></tfr></token><token id="697254" text="целесообразней"><tfr rev_id="1529115" t="целесообразней"><v><l id="373094" t="целесообразнее"><g v="COMP"></g><g v="Qual"></g><g v="V-ej"></g></l></v></tfr></token><token id="697255" text="продать"><tfr rev_id="1529116" t="продать"><v><l id="278967" t="продать"><g v="INFN"></g><g v="perf"></g><g v="tran"></g></l></v></tfr></token><token id="697256" text="какую-то"><tfr rev_id="1529117" t="какую-то"><v><l id="128227" t="какой-то"><g v="ADJF"></g><g v="Apro"></g><g v="femn"></g><g v="sing"></g><g v="accs"></g></l></v></tfr></token><token id="697257" text="свою"><tfr rev_id="3632281" t="свою"><v><l id="316379" t="свой"><g v="ADJF"></g><g v="Apro"></g><g v="Anph"></g><g v="femn"></g><g v="sing"></g><g v="accs"></g></l></v></tfr></token><token id="697258" text="идею"><tfr rev_id="1529119" t="идею"><v><l id="117499" t="идея"><g v="NOUN"></g><g v="inan"></g><g v="femn"></g><g v="sing"></g><g v="accs"></g></l></v></tfr></token><token id="697259" text="тем"><tfr rev_id="4538592" t="тем"><v><l id="348430" t="тот"><g v="ADJF"></g><g v="Subx"></g><g v="Apro"></g><g v="Anph"></g><g v="plur"></g><g v="datv"></g></l></v></tfr></token><token id="697260" text=","><tfr rev_id="1529121" t=","><v><l id="0" t=","><g v="PNCT"></g></l></v></tfr></token><token id="697261" text="кто"><tfr rev_id="1529122" t="кто"><v><l id="144216" t="кто"><g v="NPRO"></g><g v="masc"></g><g v="sing"></g><g v="nomn"></g></l></v></tfr></token><token id="697262" text="сможет"><tfr rev_id="1529123" t="сможет"><v><l id="326830" t="смог"><g v="VERB"></g><g v="perf"></g><g v="intr"></g><g v="sing"></g><g v="3per"></g><g v="futr"></g><g v="indc"></g></l></v></tfr></token><token id="697263" text="растиражировать"><tfr rev_id="1529124" t="растиражировать"><v><l id="0" t="растиражировать"><g v="UNKN"></g></l></v></tfr></token><token id="697264" text="её"><tfr rev_id="4475681" t="её"><v><l id="206544" t="она"><g v="NPRO"></g><g v="femn"></g><g v="3per"></g><g v="Anph"></g><g v="sing"></g><g v="gent"></g></l></v><v><l id="206544" t="она"><g v="NPRO"></g><g v="femn"></g><g v="3per"></g><g v="Anph"></g><g v="sing"></g><g v="accs"></g></l></v></tfr></token><token id="697265" text="в"><tfr rev_id="1529126" t="в"><v><l id="37409" t="в"><g v="PREP"></g></l></v></tfr></token><token id="697266" text="промышленных"><tfr rev_id="4197106" t="промышленных"><v><l id="282338" t="промышленный"><g v="ADJF"></g><g v="plur"></g><g v="loct"></g></l></v></tfr></token><token id="697267" text="объёмах"><tfr rev_id="1529128" t="объёмах"><v><l id="201701" t="объём"><g v="NOUN"></g><g v="inan"></g><g v="masc"></g><g v="plur"></g><g v="loct"></g></l></v></tfr></token><token id="697268" text=","><tfr rev_id="1529129" t=","><v><l id="0" t=","><g v="PNCT"></g></l></v></tfr></token><token id="697269" text="чем"><tfr rev_id="4336393" t="чем"><v><l id="375161" t="чем"><g v="CONJ"></g></l></v></tfr></token><token id="697270" text="пытаться"><tfr rev_id="1529131" t="пытаться"><v><l id="290087" t="пытаться"><g v="INFN"></g><g v="impf"></g><g v="intr"></g></l></v></tfr></token><token id="697271" text="построить"><tfr rev_id="1529132" t="построить"><v><l id="262522" t="построить"><g v="INFN"></g><g v="perf"></g><g v="tran"></g></l></v></tfr></token><token id="697272" text="маленький"><tfr rev_id="1529133" t="маленький"><v><l id="153694" t="маленький"><g v="ADJF"></g><g v="Qual"></g><g v="masc"></g><g v="sing"></g><g v="nomn"></g></l></v><v><l id="153694" t="маленький"><g v="ADJF"></g><g v="Qual"></g><g v="inan"></g><g v="masc"></g><g v="sing"></g><g v="accs"></g></l></v></tfr></token><token id="697273" text="бизнес"><tfr rev_id="4105228" t="бизнес"><v><l id="29438" t="бизнес"><g v="NOUN"></g><g v="inan"></g><g v="masc"></g><g v="sing"></g><g v="accs"></g></l></v></tfr></token><token id="697274" text="самому"><tfr rev_id="4164178" t="самому"><v><l id="312034" t="сам"><g v="ADJF"></g><g v="Apro"></g><g v="masc"></g><g v="sing"></g><g v="datv"></g></l></v><v><l id="313174" t="самый"><g v="ADJF"></g><g v="Apro"></g><g v="masc"></g><g v="sing"></g><g v="datv"></g></l></v></tfr></token><token id="697275" text="от"><tfr rev_id="1529136" t="от"><v><l id="211644" t="от"><g v="PREP"></g></l></v></tfr></token><token id="697276" text="начала"><tfr rev_id="3546486" t="начала"><v><l id="178196" t="начало"><g v="NOUN"></g><g v="inan"></g><g v="neut"></g><g v="sing"></g><g v="gent"></g></l></v></tfr></token><token id="697277" text="и"><tfr rev_id="3945356" t="и"><v><l id="116949" t="и"><g v="CONJ"></g></l></v></tfr></token><token id="697278" text="до"><tfr rev_id="1529139" t="до"><v><l id="85153" t="до"><g v="PREP"></g></l></v></tfr></token><token id="697279" text="конца"><tfr rev_id="1529140" t="конца"><v><l id="137815" t="конец"><g v="NOUN"></g><g v="inan"></g><g v="masc"></g><g v="sing"></g><g v="gent"></g></l></v></tfr></token><token id="697280" text="."><tfr rev_id="1529141" t="."><v><l id="0" t="."><g v="PNCT"></g></l></v></tfr></token></tokens></sentence></paragraph></paragraphs></text>