<?xml version="1.0" encoding="utf-8"?><text id="1389" parent="605" name="0010903 Пингвины поимеют тебя"><tags><tag>url:http://kika.livejournal.com/10903.html</tag><tag>Год:2006</tag><tag>Дата:30/08</tag><tag>Время:16:43</tag></tags><paragraphs><paragraph id="12516"><sentence id="39138"><source>Есть три физических тома по 6 с небольшим терабайт (16 винтов по 500Гб в RAID6).</source><tokens><token id="697281" text="Есть"><tfr rev_id="4386828" t="Есть"><v><l id="37265" t="есть"><g v="VERB"></g><g v="impf"></g><g v="intr"></g><g v="sing"></g><g v="3per"></g><g v="pres"></g><g v="indc"></g></l></v><v><l id="37265" t="есть"><g v="VERB"></g><g v="impf"></g><g v="intr"></g><g v="plur"></g><g v="3per"></g><g v="pres"></g><g v="indc"></g></l></v></tfr></token><token id="697282" text="три"><tfr rev_id="2635437" t="три"><v><l id="349973" t="три"><g v="NUMR"></g><g v="nomn"></g></l></v><v><l id="349973" t="три"><g v="NUMR"></g><g v="inan"></g><g v="accs"></g></l></v></tfr></token><token id="697283" text="физических"><tfr rev_id="4197723" t="физических"><v><l id="365737" t="физический"><g v="ADJF"></g><g v="plur"></g><g v="gent"></g></l></v></tfr></token><token id="697284" text="тома"><tfr rev_id="4377528" t="тома"><v><l id="347413" t="том"><g v="NOUN"></g><g v="inan"></g><g v="masc"></g><g v="sing"></g><g v="gent"></g></l></v></tfr></token><token id="697285" text="по"><tfr rev_id="1529146" t="по"><v><l id="241240" t="по"><g v="PREP"></g></l></v></tfr></token><token id="697286" text="6"><tfr rev_id="2462855" t="6"><v><l id="0" t="6"><g v="NUMB"></g></l></v></tfr></token><token id="697287" text="с"><tfr rev_id="1529148" t="с"><v><l id="311151" t="с"><g v="PREP"></g></l></v></tfr></token><token id="697288" text="небольшим"><tfr rev_id="4298560" t="небольшим"><v><l id="179467" t="небольшой"><g v="ADJF"></g><g v="neut"></g><g v="sing"></g><g v="ablt"></g></l></v></tfr></token><token id="697289" text="терабайт"><tfr rev_id="3797392" t="терабайт"><v><l id="345149" t="терабайт"><g v="NOUN"></g><g v="inan"></g><g v="masc"></g><g v="plur"></g><g v="gent"></g><g v="Coun"></g></l></v></tfr></token><token id="697290" text="("><tfr rev_id="1529151" t="("><v><l id="0" t="("><g v="PNCT"></g></l></v></tfr></token><token id="697291" text="16"><tfr rev_id="2462856" t="16"><v><l id="0" t="16"><g v="NUMB"></g></l></v></tfr></token><token id="697292" text="винтов"><tfr rev_id="1529153" t="винтов"><v><l id="45306" t="винт"><g v="NOUN"></g><g v="inan"></g><g v="masc"></g><g v="plur"></g><g v="gent"></g></l></v></tfr></token><token id="697293" text="по"><tfr rev_id="1529154" t="по"><v><l id="241240" t="по"><g v="PREP"></g></l></v></tfr></token><token id="697294" text="500"><tfr rev_id="2462857" t="500"><v><l id="0" t="500"><g v="NUMB"></g></l></v></tfr></token><token id="697295" text="Гб"><tfr rev_id="4321661" t="Гб"><v><l id="67872" t="гб"><g v="NOUN"></g><g v="inan"></g><g v="masc"></g><g v="Fixd"></g><g v="Abbr"></g><g v="plur"></g><g v="gent"></g></l></v></tfr></token><token id="697296" text="в"><tfr rev_id="1529157" t="в"><v><l id="37409" t="в"><g v="PREP"></g></l></v></tfr></token><token id="697297" text="RAID6"><tfr rev_id="1529158" t="RAID6"><v><l id="0" t="RAID6"><g v="UNKN"></g></l></v></tfr></token><token id="697298" text=")"><tfr rev_id="1529159" t=")"><v><l id="0" t=")"><g v="PNCT"></g></l></v></tfr></token><token id="697299" text="."><tfr rev_id="1529160" t="."><v><l id="0" t="."><g v="PNCT"></g></l></v></tfr></token></tokens></sentence><sentence id="39139"><source>Склеиваем их MD страйпом в один бааальшой том размером почти в 20Тб.</source><tokens><token id="697300" text="Склеиваем"><tfr rev_id="2825249" t="Склеиваем"><v><l id="322483" t="склеиваю"><g v="VERB"></g><g v="impf"></g><g v="tran"></g><g v="plur"></g><g v="1per"></g><g v="pres"></g><g v="indc"></g></l></v></tfr></token><token id="697301" text="их"><tfr rev_id="3706896" t="их"><v><l id="206619" t="они"><g v="NPRO"></g><g v="3per"></g><g v="Anph"></g><g v="plur"></g><g v="gent"></g></l></v><v><l id="206619" t="они"><g v="NPRO"></g><g v="3per"></g><g v="Anph"></g><g v="plur"></g><g v="accs"></g></l></v></tfr></token><token id="697302" text="MD"><tfr rev_id="2475486" t="MD"><v><l id="0" t="MD"><g v="LATN"></g></l></v></tfr></token><token id="697303" text="страйпом"><tfr rev_id="1529164" t="страйпом"><v><l id="0" t="страйпом"><g v="UNKN"></g></l></v></tfr></token><token id="697304" text="в"><tfr rev_id="1529165" t="в"><v><l id="37409" t="в"><g v="PREP"></g></l></v></tfr></token><token id="697305" text="один"><tfr rev_id="4299722" t="один"><v><l id="203319" t="один"><g v="ADJF"></g><g v="Apro"></g><g v="Anum"></g><g v="masc"></g><g v="sing"></g><g v="nomn"></g></l></v><v><l id="203319" t="один"><g v="ADJF"></g><g v="Apro"></g><g v="Anum"></g><g v="inan"></g><g v="masc"></g><g v="sing"></g><g v="accs"></g></l></v></tfr></token><token id="697306" text="бааальшой"><tfr rev_id="1529167" t="бааальшой"><v><l id="0" t="бааальшой"><g v="UNKN"></g></l></v></tfr></token><token id="697307" text="том"><tfr rev_id="4329442" t="том"><v><l id="347413" t="том"><g v="NOUN"></g><g v="inan"></g><g v="masc"></g><g v="sing"></g><g v="nomn"></g></l></v><v><l id="347413" t="том"><g v="NOUN"></g><g v="inan"></g><g v="masc"></g><g v="sing"></g><g v="accs"></g></l></v></tfr></token><token id="697308" text="размером"><tfr rev_id="1529169" t="размером"><v><l id="295006" t="размер"><g v="NOUN"></g><g v="inan"></g><g v="masc"></g><g v="sing"></g><g v="ablt"></g></l></v></tfr></token><token id="697309" text="почти"><tfr rev_id="2691516" t="почти"><v><l id="264793" t="почёл"><g v="VERB"></g><g v="perf"></g><g v="tran"></g><g v="sing"></g><g v="impr"></g><g v="excl"></g></l></v><v><l id="265002" t="почти"><g v="ADVB"></g></l></v><v><l id="265008" t="почтил"><g v="VERB"></g><g v="perf"></g><g v="tran"></g><g v="sing"></g><g v="impr"></g><g v="excl"></g></l></v><v><l id="388672" t="почти"><g v="PRCL"></g></l></v></tfr></token><token id="697310" text="в"><tfr rev_id="1529171" t="в"><v><l id="37409" t="в"><g v="PREP"></g></l></v></tfr></token><token id="697311" text="20"><tfr rev_id="2462858" t="20"><v><l id="0" t="20"><g v="NUMB"></g></l></v></tfr></token><token id="697312" text="Тб"><tfr rev_id="4431055" t="Тб"><v><l id="390006" t="тб"><g v="NOUN"></g><g v="inan"></g><g v="masc"></g><g v="Fixd"></g><g v="Abbr"></g><g v="plur"></g><g v="nomn"></g></l></v><v><l id="390006" t="тб"><g v="NOUN"></g><g v="inan"></g><g v="masc"></g><g v="Fixd"></g><g v="Abbr"></g><g v="plur"></g><g v="gent"></g></l></v><v><l id="390006" t="тб"><g v="NOUN"></g><g v="inan"></g><g v="masc"></g><g v="Fixd"></g><g v="Abbr"></g><g v="plur"></g><g v="datv"></g></l></v><v><l id="390006" t="тб"><g v="NOUN"></g><g v="inan"></g><g v="masc"></g><g v="Fixd"></g><g v="Abbr"></g><g v="plur"></g><g v="accs"></g></l></v><v><l id="390006" t="тб"><g v="NOUN"></g><g v="inan"></g><g v="masc"></g><g v="Fixd"></g><g v="Abbr"></g><g v="plur"></g><g v="ablt"></g></l></v><v><l id="390006" t="тб"><g v="NOUN"></g><g v="inan"></g><g v="masc"></g><g v="Fixd"></g><g v="Abbr"></g><g v="plur"></g><g v="loct"></g></l></v></tfr></token><token id="697313" text="."><tfr rev_id="1529174" t="."><v><l id="0" t="."><g v="PNCT"></g></l></v></tfr></token></tokens></sentence><sentence id="39140"><source>Охуеть, не клеится.</source><tokens><token id="697314" text="Охуеть"><tfr rev_id="1529175" t="Охуеть"><v><l id="0" t="охуеть"><g v="UNKN"></g></l></v></tfr></token><token id="697315" text=","><tfr rev_id="1529176" t=","><v><l id="0" t=","><g v="PNCT"></g></l></v></tfr></token><token id="697316" text="не"><tfr rev_id="1529177" t="не"><v><l id="178876" t="не"><g v="PRCL"></g></l></v></tfr></token><token id="697317" text="клеится"><tfr rev_id="1529178" t="клеится"><v><l id="134074" t="клеюсь"><g v="VERB"></g><g v="impf"></g><g v="intr"></g><g v="sing"></g><g v="3per"></g><g v="pres"></g><g v="indc"></g></l></v></tfr></token><token id="697318" text="."><tfr rev_id="1529179" t="."><v><l id="0" t="."><g v="PNCT"></g></l></v></tfr></token></tokens></sentence><sentence id="39141"><source>Читаем доку, 32-х битный линукс не поддерживает больше 16Тб.</source><tokens><token id="697319" text="Читаем"><tfr rev_id="1529180" t="Читаем"><v><l id="376699" t="читаем"><g v="ADJS"></g><g v="Qual"></g><g v="masc"></g><g v="sing"></g></l></v><v><l id="376719" t="читаю"><g v="VERB"></g><g v="impf"></g><g v="tran"></g><g v="plur"></g><g v="1per"></g><g v="pres"></g><g v="indc"></g></l></v><v><l id="376725" t="читаем"><g v="PRTS"></g><g v="impf"></g><g v="pres"></g><g v="pssv"></g><g v="masc"></g><g v="sing"></g></l></v></tfr></token><token id="697320" text="доку"><tfr rev_id="4337314" t="доку"><v><l id="0" t="доку"><g v="UNKN"></g></l></v></tfr></token><token id="697321" text=","><tfr rev_id="1529182" t=","><v><l id="0" t=","><g v="PNCT"></g></l></v></tfr></token><token id="697322" text="32-х"><tfr rev_id="1529183" t="32-х"><v><l id="0" t="32-х"><g v="UNKN"></g></l></v></tfr></token><token id="697323" text="битный"><tfr rev_id="1529184" t="битный"><v><l id="30121" t="битный"><g v="ADJF"></g><g v="masc"></g><g v="sing"></g><g v="nomn"></g></l></v><v><l id="30121" t="битный"><g v="ADJF"></g><g v="inan"></g><g v="masc"></g><g v="sing"></g><g v="accs"></g></l></v></tfr></token><token id="697324" text="линукс"><tfr rev_id="4100428" t="линукс"><v><l id="149484" t="линукс"><g v="NOUN"></g><g v="inan"></g><g v="masc"></g><g v="sing"></g><g v="nomn"></g></l></v></tfr></token><token id="697325" text="не"><tfr rev_id="1529186" t="не"><v><l id="178876" t="не"><g v="PRCL"></g></l></v></tfr></token><token id="697326" text="поддерживает"><tfr rev_id="1529187" t="поддерживает"><v><l id="245403" t="поддерживаю"><g v="VERB"></g><g v="impf"></g><g v="tran"></g><g v="sing"></g><g v="3per"></g><g v="pres"></g><g v="indc"></g></l></v></tfr></token><token id="697327" text="больше"><tfr rev_id="2558526" t="больше"><v><l id="32325" t="больше"><g v="ADVB"></g></l></v><v><l id="32447" t="больше"><g v="COMP"></g><g v="Qual"></g></l></v></tfr></token><token id="697328" text="16"><tfr rev_id="2462859" t="16"><v><l id="0" t="16"><g v="NUMB"></g></l></v></tfr></token><token id="697329" text="Тб"><tfr rev_id="4431056" t="Тб"><v><l id="390006" t="тб"><g v="NOUN"></g><g v="inan"></g><g v="masc"></g><g v="Fixd"></g><g v="Abbr"></g><g v="plur"></g><g v="nomn"></g></l></v><v><l id="390006" t="тб"><g v="NOUN"></g><g v="inan"></g><g v="masc"></g><g v="Fixd"></g><g v="Abbr"></g><g v="plur"></g><g v="gent"></g></l></v><v><l id="390006" t="тб"><g v="NOUN"></g><g v="inan"></g><g v="masc"></g><g v="Fixd"></g><g v="Abbr"></g><g v="plur"></g><g v="datv"></g></l></v><v><l id="390006" t="тб"><g v="NOUN"></g><g v="inan"></g><g v="masc"></g><g v="Fixd"></g><g v="Abbr"></g><g v="plur"></g><g v="accs"></g></l></v><v><l id="390006" t="тб"><g v="NOUN"></g><g v="inan"></g><g v="masc"></g><g v="Fixd"></g><g v="Abbr"></g><g v="plur"></g><g v="ablt"></g></l></v><v><l id="390006" t="тб"><g v="NOUN"></g><g v="inan"></g><g v="masc"></g><g v="Fixd"></g><g v="Abbr"></g><g v="plur"></g><g v="loct"></g></l></v></tfr></token><token id="697330" text="."><tfr rev_id="1529191" t="."><v><l id="0" t="."><g v="PNCT"></g></l></v></tfr></token></tokens></sentence><sentence id="39142"><source>Говно вопрос, распиливаем каждый том на 5,3Тб и 1.3Тб.</source><tokens><token id="697331" text="Говно"><tfr rev_id="1529192" t="Говно"><v><l id="72042" t="говно"><g v="NOUN"></g><g v="inan"></g><g v="neut"></g><g v="sing"></g><g v="nomn"></g></l></v><v><l id="72042" t="говно"><g v="NOUN"></g><g v="inan"></g><g v="neut"></g><g v="sing"></g><g v="accs"></g></l></v></tfr></token><token id="697332" text="вопрос"><tfr rev_id="3340077" t="вопрос"><v><l id="50830" t="вопрос"><g v="NOUN"></g><g v="inan"></g><g v="masc"></g><g v="sing"></g><g v="nomn"></g></l></v></tfr></token><token id="697333" text=","><tfr rev_id="1529194" t=","><v><l id="0" t=","><g v="PNCT"></g></l></v></tfr></token><token id="697334" text="распиливаем"><tfr rev_id="2825386" t="распиливаем"><v><l id="299685" t="распиливаю"><g v="VERB"></g><g v="impf"></g><g v="tran"></g><g v="plur"></g><g v="1per"></g><g v="pres"></g><g v="indc"></g></l></v></tfr></token><token id="697335" text="каждый"><tfr rev_id="4429609" t="каждый"><v><l id="127875" t="каждый"><g v="ADJF"></g><g v="Subx"></g><g v="Apro"></g><g v="inan"></g><g v="masc"></g><g v="sing"></g><g v="accs"></g></l></v></tfr></token><token id="697336" text="том"><tfr rev_id="4454947" t="том"><v><l id="347413" t="том"><g v="NOUN"></g><g v="inan"></g><g v="masc"></g><g v="sing"></g><g v="accs"></g></l></v></tfr></token><token id="697337" text="на"><tfr rev_id="3336722" t="на"><v><l id="166264" t="на"><g v="PREP"></g></l></v></tfr></token><token id="697338" text="5,3"><tfr rev_id="2462860" t="5,3"><v><l id="0" t="5,3"><g v="NUMB"></g></l></v></tfr></token><token id="697339" text="Тб"><tfr rev_id="4431057" t="Тб"><v><l id="390006" t="тб"><g v="NOUN"></g><g v="inan"></g><g v="masc"></g><g v="Fixd"></g><g v="Abbr"></g><g v="plur"></g><g v="nomn"></g></l></v><v><l id="390006" t="тб"><g v="NOUN"></g><g v="inan"></g><g v="masc"></g><g v="Fixd"></g><g v="Abbr"></g><g v="plur"></g><g v="gent"></g></l></v><v><l id="390006" t="тб"><g v="NOUN"></g><g v="inan"></g><g v="masc"></g><g v="Fixd"></g><g v="Abbr"></g><g v="plur"></g><g v="datv"></g></l></v><v><l id="390006" t="тб"><g v="NOUN"></g><g v="inan"></g><g v="masc"></g><g v="Fixd"></g><g v="Abbr"></g><g v="plur"></g><g v="accs"></g></l></v><v><l id="390006" t="тб"><g v="NOUN"></g><g v="inan"></g><g v="masc"></g><g v="Fixd"></g><g v="Abbr"></g><g v="plur"></g><g v="ablt"></g></l></v><v><l id="390006" t="тб"><g v="NOUN"></g><g v="inan"></g><g v="masc"></g><g v="Fixd"></g><g v="Abbr"></g><g v="plur"></g><g v="loct"></g></l></v></tfr></token><token id="697340" text="и"><tfr rev_id="1529201" t="и"><v><l id="116949" t="и"><g v="CONJ"></g></l></v><v><l id="116950" t="и"><g v="INTJ"></g></l></v></tfr></token><token id="697341" text="1.3"><tfr rev_id="2462861" t="1.3"><v><l id="0" t="1.3"><g v="NUMB"></g></l></v></tfr></token><token id="697342" text="Тб"><tfr rev_id="4431058" t="Тб"><v><l id="390006" t="тб"><g v="NOUN"></g><g v="inan"></g><g v="masc"></g><g v="Fixd"></g><g v="Abbr"></g><g v="sing"></g><g v="nomn"></g></l></v><v><l id="390006" t="тб"><g v="NOUN"></g><g v="inan"></g><g v="masc"></g><g v="Fixd"></g><g v="Abbr"></g><g v="sing"></g><g v="gent"></g></l></v><v><l id="390006" t="тб"><g v="NOUN"></g><g v="inan"></g><g v="masc"></g><g v="Fixd"></g><g v="Abbr"></g><g v="sing"></g><g v="datv"></g></l></v><v><l id="390006" t="тб"><g v="NOUN"></g><g v="inan"></g><g v="masc"></g><g v="Fixd"></g><g v="Abbr"></g><g v="sing"></g><g v="accs"></g></l></v><v><l id="390006" t="тб"><g v="NOUN"></g><g v="inan"></g><g v="masc"></g><g v="Fixd"></g><g v="Abbr"></g><g v="sing"></g><g v="ablt"></g></l></v><v><l id="390006" t="тб"><g v="NOUN"></g><g v="inan"></g><g v="masc"></g><g v="Fixd"></g><g v="Abbr"></g><g v="sing"></g><g v="loct"></g></l></v></tfr></token><token id="697343" text="."><tfr rev_id="1529204" t="."><v><l id="0" t="."><g v="PNCT"></g></l></v></tfr></token></tokens></sentence><sentence id="39143"><source>Склеиваем большие тома в 16Тб, а маленькие - в 3.8Тб.</source><tokens><token id="697344" text="Склеиваем"><tfr rev_id="2635230" t="Склеиваем"><v><l id="322483" t="склеиваю"><g v="VERB"></g><g v="impf"></g><g v="tran"></g><g v="plur"></g><g v="1per"></g><g v="pres"></g><g v="indc"></g></l></v></tfr></token><token id="697345" text="большие"><tfr rev_id="4534612" t="большие"><v><l id="32439" t="больший"><g v="ADJF"></g><g v="Qual"></g><g v="inan"></g><g v="plur"></g><g v="accs"></g></l></v><v><l id="32445" t="большой"><g v="ADJF"></g><g v="Qual"></g><g v="inan"></g><g v="plur"></g><g v="accs"></g></l></v></tfr></token><token id="697346" text="тома"><tfr rev_id="3805777" t="тома"><v><l id="347413" t="том"><g v="NOUN"></g><g v="inan"></g><g v="masc"></g><g v="plur"></g><g v="accs"></g></l></v></tfr></token><token id="697347" text="в"><tfr rev_id="1529208" t="в"><v><l id="37409" t="в"><g v="PREP"></g></l></v></tfr></token><token id="697348" text="16"><tfr rev_id="2462862" t="16"><v><l id="0" t="16"><g v="NUMB"></g></l></v></tfr></token><token id="697349" text="Тб"><tfr rev_id="4431059" t="Тб"><v><l id="390006" t="тб"><g v="NOUN"></g><g v="inan"></g><g v="masc"></g><g v="Fixd"></g><g v="Abbr"></g><g v="plur"></g><g v="nomn"></g></l></v><v><l id="390006" t="тб"><g v="NOUN"></g><g v="inan"></g><g v="masc"></g><g v="Fixd"></g><g v="Abbr"></g><g v="plur"></g><g v="gent"></g></l></v><v><l id="390006" t="тб"><g v="NOUN"></g><g v="inan"></g><g v="masc"></g><g v="Fixd"></g><g v="Abbr"></g><g v="plur"></g><g v="datv"></g></l></v><v><l id="390006" t="тб"><g v="NOUN"></g><g v="inan"></g><g v="masc"></g><g v="Fixd"></g><g v="Abbr"></g><g v="plur"></g><g v="accs"></g></l></v><v><l id="390006" t="тб"><g v="NOUN"></g><g v="inan"></g><g v="masc"></g><g v="Fixd"></g><g v="Abbr"></g><g v="plur"></g><g v="ablt"></g></l></v><v><l id="390006" t="тб"><g v="NOUN"></g><g v="inan"></g><g v="masc"></g><g v="Fixd"></g><g v="Abbr"></g><g v="plur"></g><g v="loct"></g></l></v></tfr></token><token id="697350" text=","><tfr rev_id="1529211" t=","><v><l id="0" t=","><g v="PNCT"></g></l></v></tfr></token><token id="697351" text="а"><tfr rev_id="1529212" t="а"><v><l id="51" t="а"><g v="CONJ"></g></l></v><v><l id="52" t="а"><g v="INTJ"></g></l></v><v><l id="53" t="а"><g v="PRCL"></g></l></v></tfr></token><token id="697352" text="маленькие"><tfr rev_id="4259910" t="маленькие"><v><l id="153694" t="маленький"><g v="ADJF"></g><g v="Qual"></g><g v="plur"></g><g v="nomn"></g></l></v><v><l id="153694" t="маленький"><g v="ADJF"></g><g v="Qual"></g><g v="inan"></g><g v="plur"></g><g v="accs"></g></l></v></tfr></token><token id="697353" text="-"><tfr rev_id="1529214" t="-"><v><l id="0" t="-"><g v="PNCT"></g></l></v></tfr></token><token id="697354" text="в"><tfr rev_id="1529215" t="в"><v><l id="37409" t="в"><g v="PREP"></g></l></v></tfr></token><token id="697355" text="3.8"><tfr rev_id="2462863" t="3.8"><v><l id="0" t="3.8"><g v="NUMB"></g></l></v></tfr></token><token id="697356" text="Тб"><tfr rev_id="4431060" t="Тб"><v><l id="390006" t="тб"><g v="NOUN"></g><g v="inan"></g><g v="masc"></g><g v="Fixd"></g><g v="Abbr"></g><g v="sing"></g><g v="nomn"></g></l></v><v><l id="390006" t="тб"><g v="NOUN"></g><g v="inan"></g><g v="masc"></g><g v="Fixd"></g><g v="Abbr"></g><g v="sing"></g><g v="gent"></g></l></v><v><l id="390006" t="тб"><g v="NOUN"></g><g v="inan"></g><g v="masc"></g><g v="Fixd"></g><g v="Abbr"></g><g v="sing"></g><g v="datv"></g></l></v><v><l id="390006" t="тб"><g v="NOUN"></g><g v="inan"></g><g v="masc"></g><g v="Fixd"></g><g v="Abbr"></g><g v="sing"></g><g v="accs"></g></l></v><v><l id="390006" t="тб"><g v="NOUN"></g><g v="inan"></g><g v="masc"></g><g v="Fixd"></g><g v="Abbr"></g><g v="sing"></g><g v="ablt"></g></l></v><v><l id="390006" t="тб"><g v="NOUN"></g><g v="inan"></g><g v="masc"></g><g v="Fixd"></g><g v="Abbr"></g><g v="sing"></g><g v="loct"></g></l></v></tfr></token><token id="697357" text="."><tfr rev_id="1529218" t="."><v><l id="0" t="."><g v="PNCT"></g></l></v></tfr></token></tokens></sentence><sentence id="39144"><source>Все работает, заебись, 800Мб/сек на чтение, ляпота.</source><tokens><token id="697358" text="Все"><tfr rev_id="4538032" t="Все"><v><l id="42156" t="весь"><g v="ADJF"></g><g v="Subx"></g><g v="Apro"></g><g v="neut"></g><g v="sing"></g><g v="accs"></g></l></v><v><l id="42156" t="весь"><g v="ADJF"></g><g v="Subx"></g><g v="Apro"></g><g v="neut"></g><g v="sing"></g><g v="nomn"></g></l></v></tfr></token><token id="697359" text="работает"><tfr rev_id="1529220" t="работает"><v><l id="290502" t="работаю"><g v="VERB"></g><g v="impf"></g><g v="intr"></g><g v="sing"></g><g v="3per"></g><g v="pres"></g><g v="indc"></g></l></v></tfr></token><token id="697360" text=","><tfr rev_id="1529221" t=","><v><l id="0" t=","><g v="PNCT"></g></l></v></tfr></token><token id="697361" text="заебись"><tfr rev_id="4533612" t="заебись"><v><l id="392804" t="заебись"><g v="ADVB"></g><g v="Slng"></g></l></v></tfr></token><token id="697362" text=","><tfr rev_id="1529223" t=","><v><l id="0" t=","><g v="PNCT"></g></l></v></tfr></token><token id="697363" text="800"><tfr rev_id="2462864" t="800"><v><l id="0" t="800"><g v="NUMB"></g></l></v></tfr></token><token id="697364" text="Мб"><tfr rev_id="4396002" t="Мб"><v><l id="156834" t="мб"><g v="NOUN"></g><g v="inan"></g><g v="masc"></g><g v="Fixd"></g><g v="Abbr"></g><g v="plur"></g><g v="gent"></g></l></v></tfr></token><token id="697365" text="/"><tfr rev_id="1529226" t="/"><v><l id="0" t="/"><g v="PNCT"></g></l></v></tfr></token><token id="697366" text="сек"><tfr rev_id="4196474" t="сек"><v><l id="389611" t="сек"><g v="NOUN"></g><g v="inan"></g><g v="femn"></g><g v="Fixd"></g><g v="Abbr"></g><g v="sing"></g><g v="nomn"></g></l></v><v><l id="389611" t="сек"><g v="NOUN"></g><g v="inan"></g><g v="femn"></g><g v="Fixd"></g><g v="Abbr"></g><g v="sing"></g><g v="gent"></g></l></v><v><l id="389611" t="сек"><g v="NOUN"></g><g v="inan"></g><g v="femn"></g><g v="Fixd"></g><g v="Abbr"></g><g v="sing"></g><g v="datv"></g></l></v><v><l id="389611" t="сек"><g v="NOUN"></g><g v="inan"></g><g v="femn"></g><g v="Fixd"></g><g v="Abbr"></g><g v="sing"></g><g v="accs"></g></l></v><v><l id="389611" t="сек"><g v="NOUN"></g><g v="inan"></g><g v="femn"></g><g v="Fixd"></g><g v="Abbr"></g><g v="sing"></g><g v="ablt"></g></l></v><v><l id="389611" t="сек"><g v="NOUN"></g><g v="inan"></g><g v="femn"></g><g v="Fixd"></g><g v="Abbr"></g><g v="sing"></g><g v="loct"></g></l></v><v><l id="389611" t="сек"><g v="NOUN"></g><g v="inan"></g><g v="femn"></g><g v="Fixd"></g><g v="Abbr"></g><g v="plur"></g><g v="nomn"></g></l></v><v><l id="389611" t="сек"><g v="NOUN"></g><g v="inan"></g><g v="femn"></g><g v="Fixd"></g><g v="Abbr"></g><g v="plur"></g><g v="gent"></g></l></v><v><l id="389611" t="сек"><g v="NOUN"></g><g v="inan"></g><g v="femn"></g><g v="Fixd"></g><g v="Abbr"></g><g v="plur"></g><g v="datv"></g></l></v><v><l id="389611" t="сек"><g v="NOUN"></g><g v="inan"></g><g v="femn"></g><g v="Fixd"></g><g v="Abbr"></g><g v="plur"></g><g v="accs"></g></l></v><v><l id="389611" t="сек"><g v="NOUN"></g><g v="inan"></g><g v="femn"></g><g v="Fixd"></g><g v="Abbr"></g><g v="plur"></g><g v="ablt"></g></l></v><v><l id="389611" t="сек"><g v="NOUN"></g><g v="inan"></g><g v="femn"></g><g v="Fixd"></g><g v="Abbr"></g><g v="plur"></g><g v="loct"></g></l></v></tfr></token><token id="697367" text="на"><tfr rev_id="3338713" t="на"><v><l id="166264" t="на"><g v="PREP"></g></l></v></tfr></token><token id="697368" text="чтение"><tfr rev_id="1529229" t="чтение"><v><l id="376986" t="чтение"><g v="NOUN"></g><g v="inan"></g><g v="neut"></g><g v="sing"></g><g v="nomn"></g></l></v><v><l id="376986" t="чтение"><g v="NOUN"></g><g v="inan"></g><g v="neut"></g><g v="sing"></g><g v="accs"></g></l></v></tfr></token><token id="697369" text=","><tfr rev_id="1529230" t=","><v><l id="0" t=","><g v="PNCT"></g></l></v></tfr></token><token id="697370" text="ляпота"><tfr rev_id="1529231" t="ляпота"><v><l id="0" t="ляпота"><g v="UNKN"></g></l></v></tfr></token><token id="697371" text="."><tfr rev_id="1529232" t="."><v><l id="0" t="."><g v="PNCT"></g></l></v></tfr></token></tokens></sentence><sentence id="39145"><source>Делаем на обоих томах файловые системы (XFS) и заливаем туда кено.</source><tokens><token id="697372" text="Делаем"><tfr rev_id="2635139" t="Делаем"><v><l id="80526" t="делаю"><g v="VERB"></g><g v="impf"></g><g v="tran"></g><g v="plur"></g><g v="1per"></g><g v="pres"></g><g v="indc"></g></l></v></tfr></token><token id="697373" text="на"><tfr rev_id="3333611" t="на"><v><l id="166264" t="на"><g v="PREP"></g></l></v></tfr></token><token id="697374" text="обоих"><tfr rev_id="3445015" t="обоих"><v><l id="193002" t="оба"><g v="NUMR"></g><g v="masc"></g><g v="loct"></g></l></v><v><l id="193002" t="оба"><g v="NUMR"></g><g v="neut"></g><g v="loct"></g></l></v></tfr></token><token id="697375" text="томах"><tfr rev_id="4257871" t="томах"><v><l id="347413" t="том"><g v="NOUN"></g><g v="inan"></g><g v="masc"></g><g v="plur"></g><g v="loct"></g></l></v></tfr></token><token id="697376" text="файловые"><tfr rev_id="3758090" t="файловые"><v><l id="364136" t="файловый"><g v="ADJF"></g><g v="inan"></g><g v="plur"></g><g v="accs"></g></l></v></tfr></token><token id="697377" text="системы"><tfr rev_id="3762441" t="системы"><v><l id="321350" t="система"><g v="NOUN"></g><g v="inan"></g><g v="femn"></g><g v="plur"></g><g v="accs"></g></l></v></tfr></token><token id="697378" text="("><tfr rev_id="1529239" t="("><v><l id="0" t="("><g v="PNCT"></g></l></v></tfr></token><token id="697379" text="XFS"><tfr rev_id="2475487" t="XFS"><v><l id="0" t="XFS"><g v="LATN"></g></l></v></tfr></token><token id="697380" text=")"><tfr rev_id="1529241" t=")"><v><l id="0" t=")"><g v="PNCT"></g></l></v></tfr></token><token id="697381" text="и"><tfr rev_id="1529242" t="и"><v><l id="116949" t="и"><g v="CONJ"></g></l></v><v><l id="116950" t="и"><g v="INTJ"></g></l></v></tfr></token><token id="697382" text="заливаем"><tfr rev_id="2635127" t="заливаем"><v><l id="104723" t="заливаю"><g v="VERB"></g><g v="impf"></g><g v="tran"></g><g v="plur"></g><g v="1per"></g><g v="pres"></g><g v="indc"></g></l></v></tfr></token><token id="697383" text="туда"><tfr rev_id="1529244" t="туда"><v><l id="351285" t="туда"><g v="ADVB"></g><g v="Dmns"></g></l></v></tfr></token><token id="697384" text="кено"><tfr rev_id="4396499" t="кено"><v><l id="132439" t="кено"><g v="NOUN"></g><g v="inan"></g><g v="neut"></g><g v="Sgtm"></g><g v="Fixd"></g><g v="sing"></g><g v="accs"></g></l></v></tfr></token><token id="697385" text="."><tfr rev_id="1529246" t="."><v><l id="0" t="."><g v="PNCT"></g></l></v></tfr></token></tokens></sentence><sentence id="39146"><source>Вернее два кена, каждое кено по 1.4Тб размером.</source><tokens><token id="697386" text="Вернее"><tfr rev_id="1529247" t="Вернее"><v><l id="41452" t="вернее"><g v="CONJ"></g><g v="Prnt"></g></l></v><v><l id="41491" t="вернее"><g v="COMP"></g><g v="Qual"></g></l></v></tfr></token><token id="697387" text="два"><tfr rev_id="4450473" t="два"><v><l id="78668" t="два"><g v="NUMR"></g><g v="masc"></g><g v="nomn"></g></l></v><v><l id="78668" t="два"><g v="NUMR"></g><g v="inan"></g><g v="masc"></g><g v="accs"></g></l></v><v><l id="78668" t="два"><g v="NUMR"></g><g v="neut"></g><g v="nomn"></g></l></v><v><l id="78668" t="два"><g v="NUMR"></g><g v="inan"></g><g v="neut"></g><g v="accs"></g></l></v></tfr></token><token id="697388" text="кена"><tfr rev_id="2922281" t="кена"><v><l id="0" t="кена"><g v="UNKN"></g></l></v></tfr></token><token id="697389" text=","><tfr rev_id="1529250" t=","><v><l id="0" t=","><g v="PNCT"></g></l></v></tfr></token><token id="697390" text="каждое"><tfr rev_id="4430620" t="каждое"><v><l id="127875" t="каждый"><g v="ADJF"></g><g v="Subx"></g><g v="Apro"></g><g v="neut"></g><g v="sing"></g><g v="nomn"></g></l></v></tfr></token><token id="697391" text="кено"><tfr rev_id="3691765" t="кено"><v><l id="132439" t="кено"><g v="NOUN"></g><g v="inan"></g><g v="neut"></g><g v="Sgtm"></g><g v="Fixd"></g><g v="sing"></g><g v="nomn"></g></l></v></tfr></token><token id="697392" text="по"><tfr rev_id="1529253" t="по"><v><l id="241240" t="по"><g v="PREP"></g></l></v></tfr></token><token id="697393" text="1.4"><tfr rev_id="2462865" t="1.4"><v><l id="0" t="1.4"><g v="NUMB"></g></l></v></tfr></token><token id="697394" text="Тб"><tfr rev_id="4431061" t="Тб"><v><l id="390006" t="тб"><g v="NOUN"></g><g v="inan"></g><g v="masc"></g><g v="Fixd"></g><g v="Abbr"></g><g v="sing"></g><g v="nomn"></g></l></v><v><l id="390006" t="тб"><g v="NOUN"></g><g v="inan"></g><g v="masc"></g><g v="Fixd"></g><g v="Abbr"></g><g v="sing"></g><g v="gent"></g></l></v><v><l id="390006" t="тб"><g v="NOUN"></g><g v="inan"></g><g v="masc"></g><g v="Fixd"></g><g v="Abbr"></g><g v="sing"></g><g v="datv"></g></l></v><v><l id="390006" t="тб"><g v="NOUN"></g><g v="inan"></g><g v="masc"></g><g v="Fixd"></g><g v="Abbr"></g><g v="sing"></g><g v="accs"></g></l></v><v><l id="390006" t="тб"><g v="NOUN"></g><g v="inan"></g><g v="masc"></g><g v="Fixd"></g><g v="Abbr"></g><g v="sing"></g><g v="ablt"></g></l></v><v><l id="390006" t="тб"><g v="NOUN"></g><g v="inan"></g><g v="masc"></g><g v="Fixd"></g><g v="Abbr"></g><g v="sing"></g><g v="loct"></g></l></v></tfr></token><token id="697395" text="размером"><tfr rev_id="1529256" t="размером"><v><l id="295006" t="размер"><g v="NOUN"></g><g v="inan"></g><g v="masc"></g><g v="sing"></g><g v="ablt"></g></l></v></tfr></token><token id="697396" text="."><tfr rev_id="1529257" t="."><v><l id="0" t="."><g v="PNCT"></g></l></v></tfr></token></tokens></sentence><sentence id="39147"><source>Где-то в начале копирования второго кена файловая система разваливается к ебеням прям на ходу.</source><tokens><token id="697397" text="Где-то"><tfr rev_id="1529258" t="Где-то"><v><l id="67987" t="где-то"><g v="ADVB"></g></l></v></tfr></token><token id="697398" text="в"><tfr rev_id="1529259" t="в"><v><l id="37409" t="в"><g v="PREP"></g></l></v></tfr></token><token id="697399" text="начале"><tfr rev_id="1529260" t="начале"><v><l id="178196" t="начало"><g v="NOUN"></g><g v="inan"></g><g v="neut"></g><g v="sing"></g><g v="loct"></g></l></v></tfr></token><token id="697400" text="копирования"><tfr rev_id="3450593" t="копирования"><v><l id="139241" t="копирование"><g v="NOUN"></g><g v="inan"></g><g v="neut"></g><g v="sing"></g><g v="gent"></g></l></v></tfr></token><token id="697401" text="второго"><tfr rev_id="4535297" t="второго"><v><l id="55043" t="второй"><g v="ADJF"></g><g v="Anum"></g><g v="masc"></g><g v="sing"></g><g v="gent"></g></l></v><v><l id="55043" t="второй"><g v="ADJF"></g><g v="Anum"></g><g v="neut"></g><g v="sing"></g><g v="gent"></g></l></v></tfr></token><token id="697402" text="кена"><tfr rev_id="4491866" t="кена"><v><l id="0" t="кена"><g v="UNKN"></g></l></v></tfr></token><token id="697403" text="файловая"><tfr rev_id="1529264" t="файловая"><v><l id="364136" t="файловый"><g v="ADJF"></g><g v="femn"></g><g v="sing"></g><g v="nomn"></g></l></v></tfr></token><token id="697404" text="система"><tfr rev_id="1529265" t="система"><v><l id="321350" t="система"><g v="NOUN"></g><g v="inan"></g><g v="femn"></g><g v="sing"></g><g v="nomn"></g></l></v></tfr></token><token id="697405" text="разваливается"><tfr rev_id="1529266" t="разваливается"><v><l id="292105" t="разваливаюсь"><g v="VERB"></g><g v="impf"></g><g v="intr"></g><g v="sing"></g><g v="3per"></g><g v="pres"></g><g v="indc"></g></l></v></tfr></token><token id="697406" text="к"><tfr rev_id="1529267" t="к"><v><l id="127460" t="к"><g v="PREP"></g></l></v></tfr></token><token id="697407" text="ебеням"><tfr rev_id="1529268" t="ебеням"><v><l id="0" t="ебеням"><g v="UNKN"></g></l></v></tfr></token><token id="697408" text="прям"><tfr rev_id="3813680" t="прям"><v><l id="388698" t="прям"><g v="PRCL"></g></l></v></tfr></token><token id="697409" text="на"><tfr rev_id="3330609" t="на"><v><l id="166264" t="на"><g v="PREP"></g></l></v></tfr></token><token id="697410" text="ходу"><tfr rev_id="3465818" t="ходу"><v><l id="371078" t="ход"><g v="NOUN"></g><g v="inan"></g><g v="masc"></g><g v="sing"></g><g v="loc2"></g></l></v></tfr></token><token id="697411" text="."><tfr rev_id="1529272" t="."><v><l id="0" t="."><g v="PNCT"></g></l></v></tfr></token></tokens></sentence><sentence id="39148"><source>Чей-то там не может аллоцировать и вся хуйня.</source><tokens><token id="697412" text="Чей-то"><tfr rev_id="1529273" t="Чей-то"><v><l id="374970" t="чей-то"><g v="ADJF"></g><g v="Apro"></g><g v="masc"></g><g v="sing"></g><g v="nomn"></g></l></v><v><l id="374970" t="чей-то"><g v="ADJF"></g><g v="Apro"></g><g v="inan"></g><g v="masc"></g><g v="sing"></g><g v="accs"></g></l></v></tfr></token><token id="697413" text="там"><tfr rev_id="1529274" t="там"><v><l id="342752" t="там"><g v="PRCL"></g></l></v><v><l id="342753" t="там"><g v="ADVB"></g><g v="Dmns"></g></l></v></tfr></token><token id="697414" text="не"><tfr rev_id="1529275" t="не"><v><l id="178876" t="не"><g v="PRCL"></g></l></v></tfr></token><token id="697415" text="может"><tfr rev_id="3797192" t="может"><v><l id="164485" t="могу"><g v="VERB"></g><g v="impf"></g><g v="intr"></g><g v="sing"></g><g v="3per"></g><g v="pres"></g><g v="indc"></g></l></v></tfr></token><token id="697416" text="аллоцировать"><tfr rev_id="1529277" t="аллоцировать"><v><l id="0" t="аллоцировать"><g v="UNKN"></g></l></v></tfr></token><token id="697417" text="и"><tfr rev_id="4093857" t="и"><v><l id="116949" t="и"><g v="CONJ"></g></l></v></tfr></token><token id="697418" text="вся"><tfr rev_id="4130859" t="вся"><v><l id="42156" t="весь"><g v="ADJF"></g><g v="Subx"></g><g v="Apro"></g><g v="femn"></g><g v="sing"></g><g v="nomn"></g></l></v></tfr></token><token id="697419" text="хуйня"><tfr rev_id="4429107" t="хуйня"><v><l id="390588" t="хуйня"><g v="NOUN"></g><g v="inan"></g><g v="femn"></g><g v="Slng"></g><g v="sing"></g><g v="nomn"></g></l></v></tfr></token><token id="697420" text="."><tfr rev_id="1529281" t="."><v><l id="0" t="."><g v="PNCT"></g></l></v></tfr></token></tokens></sentence><sentence id="39149"><source>xfs_repair складывает 3/4 кена в lost+found с прикольными названиями директорий.</source><tokens><token id="697421" text="xfs_repair"><tfr rev_id="1529282" t="xfs_repair"><v><l id="0" t="xfs_repair"><g v="UNKN"></g></l></v></tfr></token><token id="697422" text="складывает"><tfr rev_id="1529283" t="складывает"><v><l id="322463" t="складываю"><g v="VERB"></g><g v="impf"></g><g v="tran"></g><g v="sing"></g><g v="3per"></g><g v="pres"></g><g v="indc"></g></l></v></tfr></token><token id="697423" text="3/4"><tfr rev_id="1529284" t="3/4"><v><l id="0" t="3/4"><g v="UNKN"></g></l></v></tfr></token><token id="697424" text="кена"><tfr rev_id="2386870" t="кена"><v><l id="0" t="кена"><g v="UNKN"></g></l></v></tfr></token><token id="697425" text="в"><tfr rev_id="1529286" t="в"><v><l id="37409" t="в"><g v="PREP"></g></l></v></tfr></token><token id="697426" text="lost"><tfr rev_id="2475488" t="lost"><v><l id="0" t="lost"><g v="LATN"></g></l></v></tfr></token><token id="697427" text="+"><tfr rev_id="4334362" t="+"><v><l id="0" t="+"><g v="SYMB"></g></l></v></tfr></token><token id="697428" text="found"><tfr rev_id="2475489" t="found"><v><l id="0" t="found"><g v="LATN"></g></l></v></tfr></token><token id="697429" text="с"><tfr rev_id="1529290" t="с"><v><l id="311151" t="с"><g v="PREP"></g></l></v></tfr></token><token id="697430" text="прикольными"><tfr rev_id="4495894" t="прикольными"><v><l id="271168" t="прикольный"><g v="ADJF"></g><g v="Qual"></g><g v="plur"></g><g v="ablt"></g></l></v></tfr></token><token id="697431" text="названиями"><tfr rev_id="1529292" t="названиями"><v><l id="170336" t="название"><g v="NOUN"></g><g v="inan"></g><g v="neut"></g><g v="plur"></g><g v="ablt"></g></l></v></tfr></token><token id="697432" text="директорий"><tfr rev_id="1529293" t="директорий"><v><l id="84216" t="директория"><g v="NOUN"></g><g v="inan"></g><g v="femn"></g><g v="plur"></g><g v="gent"></g></l></v></tfr></token><token id="697433" text="."><tfr rev_id="1529294" t="."><v><l id="0" t="."><g v="PNCT"></g></l></v></tfr></token></tokens></sentence><sentence id="39150"><source>Но содержимое директорий почти сохранено, и я вручную все раскладываю обратно, спасая 3/4 от 3/4.</source><tokens><token id="697434" text="Но"><tfr rev_id="1529295" t="Но"><v><l id="191429" t="но"><g v="CONJ"></g></l></v><v><l id="191430" t="но"><g v="INTJ"></g></l></v></tfr></token><token id="697435" text="содержимое"><tfr rev_id="4259912" t="содержимое"><v><l id="328422" t="содержимое"><g v="NOUN"></g><g v="inan"></g><g v="neut"></g><g v="sing"></g><g v="nomn"></g></l></v><v><l id="328422" t="содержимое"><g v="NOUN"></g><g v="inan"></g><g v="neut"></g><g v="sing"></g><g v="accs"></g></l></v></tfr></token><token id="697436" text="директорий"><tfr rev_id="1529297" t="директорий"><v><l id="84216" t="директория"><g v="NOUN"></g><g v="inan"></g><g v="femn"></g><g v="plur"></g><g v="gent"></g></l></v></tfr></token><token id="697437" text="почти"><tfr rev_id="2691517" t="почти"><v><l id="264793" t="почёл"><g v="VERB"></g><g v="perf"></g><g v="tran"></g><g v="sing"></g><g v="impr"></g><g v="excl"></g></l></v><v><l id="265002" t="почти"><g v="ADVB"></g></l></v><v><l id="265008" t="почтил"><g v="VERB"></g><g v="perf"></g><g v="tran"></g><g v="sing"></g><g v="impr"></g><g v="excl"></g></l></v><v><l id="388672" t="почти"><g v="PRCL"></g></l></v></tfr></token><token id="697438" text="сохранено"><tfr rev_id="1529299" t="сохранено"><v><l id="330992" t="сохранён"><g v="PRTS"></g><g v="perf"></g><g v="past"></g><g v="pssv"></g><g v="neut"></g><g v="sing"></g></l></v></tfr></token><token id="697439" text=","><tfr rev_id="1529300" t=","><v><l id="0" t=","><g v="PNCT"></g></l></v></tfr></token><token id="697440" text="и"><tfr rev_id="1529301" t="и"><v><l id="116949" t="и"><g v="CONJ"></g></l></v><v><l id="116950" t="и"><g v="INTJ"></g></l></v></tfr></token><token id="697441" text="я"><tfr rev_id="1529302" t="я"><v><l id="387317" t="я"><g v="NPRO"></g><g v="1per"></g><g v="sing"></g><g v="nomn"></g></l></v></tfr></token><token id="697442" text="вручную"><tfr rev_id="1529303" t="вручную"><v><l id="53233" t="вручную"><g v="ADVB"></g></l></v></tfr></token><token id="697443" text="все"><tfr rev_id="4499919" t="все"><v><l id="42156" t="весь"><g v="ADJF"></g><g v="Subx"></g><g v="Apro"></g><g v="neut"></g><g v="sing"></g><g v="accs"></g></l></v><v><l id="42156" t="весь"><g v="ADJF"></g><g v="Subx"></g><g v="Apro"></g><g v="neut"></g><g v="sing"></g><g v="nomn"></g></l></v></tfr></token><token id="697444" text="раскладываю"><tfr rev_id="1529305" t="раскладываю"><v><l id="298452" t="раскладываю"><g v="VERB"></g><g v="impf"></g><g v="tran"></g><g v="sing"></g><g v="1per"></g><g v="pres"></g><g v="indc"></g></l></v></tfr></token><token id="697445" text="обратно"><tfr rev_id="1529306" t="обратно"><v><l id="198932" t="обратно"><g v="ADVB"></g></l></v><v><l id="198940" t="обратен"><g v="ADJS"></g><g v="Qual"></g><g v="neut"></g><g v="sing"></g></l></v></tfr></token><token id="697446" text=","><tfr rev_id="1529307" t=","><v><l id="0" t=","><g v="PNCT"></g></l></v></tfr></token><token id="697447" text="спасая"><tfr rev_id="1529308" t="спасая"><v><l id="331550" t="спасая"><g v="GRND"></g><g v="impf"></g><g v="tran"></g><g v="pres"></g></l></v></tfr></token><token id="697448" text="3/4"><tfr rev_id="1529309" t="3/4"><v><l id="0" t="3/4"><g v="UNKN"></g></l></v></tfr></token><token id="697449" text="от"><tfr rev_id="1529310" t="от"><v><l id="211644" t="от"><g v="PREP"></g></l></v></tfr></token><token id="697450" text="3/4"><tfr rev_id="1529311" t="3/4"><v><l id="0" t="3/4"><g v="UNKN"></g></l></v></tfr></token><token id="697451" text="."><tfr rev_id="1529312" t="."><v><l id="0" t="."><g v="PNCT"></g></l></v></tfr></token></tokens></sentence><sentence id="39151"><source>Ставлю докопироваться остальное (а одно кено, на минуточку, это 10-12 часов копирования).</source><tokens><token id="697452" text="Ставлю"><tfr rev_id="1529313" t="Ставлю"><v><l id="334320" t="ставлю"><g v="VERB"></g><g v="impf"></g><g v="tran"></g><g v="sing"></g><g v="1per"></g><g v="pres"></g><g v="indc"></g></l></v></tfr></token><token id="697453" text="докопироваться"><tfr rev_id="1529314" t="докопироваться"><v><l id="0" t="докопироваться"><g v="UNKN"></g></l></v></tfr></token><token id="697454" text="остальное"><tfr rev_id="4137064" t="остальное"><v><l id="210836" t="остальной"><g v="ADJF"></g><g v="Subx"></g><g v="Apro"></g><g v="neut"></g><g v="sing"></g><g v="nomn"></g></l></v><v><l id="210836" t="остальной"><g v="ADJF"></g><g v="Subx"></g><g v="Apro"></g><g v="neut"></g><g v="sing"></g><g v="accs"></g></l></v></tfr></token><token id="697455" text="("><tfr rev_id="1529316" t="("><v><l id="0" t="("><g v="PNCT"></g></l></v></tfr></token><token id="697456" text="а"><tfr rev_id="1529317" t="а"><v><l id="51" t="а"><g v="CONJ"></g></l></v><v><l id="52" t="а"><g v="INTJ"></g></l></v><v><l id="53" t="а"><g v="PRCL"></g></l></v></tfr></token><token id="697457" text="одно"><tfr rev_id="4303094" t="одно"><v><l id="203319" t="один"><g v="ADJF"></g><g v="Apro"></g><g v="Anum"></g><g v="neut"></g><g v="sing"></g><g v="nomn"></g></l></v><v><l id="203319" t="один"><g v="ADJF"></g><g v="Apro"></g><g v="Anum"></g><g v="neut"></g><g v="sing"></g><g v="accs"></g></l></v></tfr></token><token id="697458" text="кено"><tfr rev_id="3489332" t="кено"><v><l id="132439" t="кено"><g v="NOUN"></g><g v="inan"></g><g v="neut"></g><g v="Sgtm"></g><g v="Fixd"></g><g v="sing"></g><g v="nomn"></g></l></v></tfr></token><token id="697459" text=","><tfr rev_id="1529320" t=","><v><l id="0" t=","><g v="PNCT"></g></l></v></tfr></token><token id="697460" text="на"><tfr rev_id="3335689" t="на"><v><l id="166264" t="на"><g v="PREP"></g></l></v></tfr></token><token id="697461" text="минуточку"><tfr rev_id="1529322" t="минуточку"><v><l id="160756" t="минуточка"><g v="NOUN"></g><g v="inan"></g><g v="femn"></g><g v="sing"></g><g v="accs"></g></l></v></tfr></token><token id="697462" text=","><tfr rev_id="1529323" t=","><v><l id="0" t=","><g v="PNCT"></g></l></v></tfr></token><token id="697463" text="это"><tfr rev_id="4342817" t="это"><v><l id="386575" t="это"><g v="NPRO"></g><g v="neut"></g><g v="sing"></g><g v="nomn"></g></l></v><v><l id="386575" t="это"><g v="NPRO"></g><g v="neut"></g><g v="sing"></g><g v="accs"></g></l></v></tfr></token><token id="697464" text="10"><tfr rev_id="2462866" t="10"><v><l id="0" t="10"><g v="NUMB"></g></l></v></tfr></token><token id="697465" text="-"><tfr rev_id="1529326" t="-"><v><l id="0" t="-"><g v="PNCT"></g></l></v></tfr></token><token id="697466" text="12"><tfr rev_id="2462867" t="12"><v><l id="0" t="12"><g v="NUMB"></g></l></v></tfr></token><token id="697467" text="часов"><tfr rev_id="1529328" t="часов"><v><l id="374736" t="час"><g v="NOUN"></g><g v="inan"></g><g v="masc"></g><g v="plur"></g><g v="gent"></g></l></v><v><l id="374822" t="часы"><g v="NOUN"></g><g v="inan"></g><g v="GNdr"></g><g v="Pltm"></g><g v="plur"></g><g v="gent"></g></l></v></tfr></token><token id="697468" text="копирования"><tfr rev_id="2722233" t="копирования"><v><l id="139241" t="копирование"><g v="NOUN"></g><g v="inan"></g><g v="neut"></g><g v="sing"></g><g v="gent"></g></l></v></tfr></token><token id="697469" text=")"><tfr rev_id="1529330" t=")"><v><l id="0" t=")"><g v="PNCT"></g></l></v></tfr></token><token id="697470" text="."><tfr rev_id="1529331" t="."><v><l id="0" t="."><g v="PNCT"></g></l></v></tfr></token></tokens></sentence><sentence id="39152"><source>Через некоторое время все опять разваливается к ебеням.</source><tokens><token id="697471" text="Через"><tfr rev_id="1529332" t="Через"><v><l id="375333" t="через"><g v="PREP"></g></l></v></tfr></token><token id="697472" text="некоторое"><tfr rev_id="1529333" t="некоторое"><v><l id="183542" t="некоторый"><g v="ADJF"></g><g v="Apro"></g><g v="neut"></g><g v="sing"></g><g v="nomn"></g></l></v><v><l id="183542" t="некоторый"><g v="ADJF"></g><g v="Apro"></g><g v="neut"></g><g v="sing"></g><g v="accs"></g></l></v></tfr></token><token id="697473" text="время"><tfr rev_id="1529334" t="время"><v><l id="53149" t="время"><g v="NOUN"></g><g v="inan"></g><g v="neut"></g><g v="sing"></g><g v="nomn"></g></l></v><v><l id="53149" t="время"><g v="NOUN"></g><g v="inan"></g><g v="neut"></g><g v="sing"></g><g v="accs"></g></l></v></tfr></token><token id="697474" text="все"><tfr rev_id="4512150" t="все"><v><l id="42156" t="весь"><g v="ADJF"></g><g v="Subx"></g><g v="Apro"></g><g v="neut"></g><g v="sing"></g><g v="accs"></g></l></v><v><l id="42156" t="весь"><g v="ADJF"></g><g v="Subx"></g><g v="Apro"></g><g v="neut"></g><g v="sing"></g><g v="nomn"></g></l></v></tfr></token><token id="697475" text="опять"><tfr rev_id="1529336" t="опять"><v><l id="208612" t="опять"><g v="ADVB"></g></l></v></tfr></token><token id="697476" text="разваливается"><tfr rev_id="1529337" t="разваливается"><v><l id="292105" t="разваливаюсь"><g v="VERB"></g><g v="impf"></g><g v="intr"></g><g v="sing"></g><g v="3per"></g><g v="pres"></g><g v="indc"></g></l></v></tfr></token><token id="697477" text="к"><tfr rev_id="1529338" t="к"><v><l id="127460" t="к"><g v="PREP"></g></l></v></tfr></token><token id="697478" text="ебеням"><tfr rev_id="1529339" t="ебеням"><v><l id="0" t="ебеням"><g v="UNKN"></g></l></v></tfr></token><token id="697479" text="."><tfr rev_id="1529340" t="."><v><l id="0" t="."><g v="PNCT"></g></l></v></tfr></token></tokens></sentence><sentence id="39153"><source>В общем после трех почти бессонных суток экспериментов выясняется что у MD внутри где-то ошибочка и оно записанное в определенное место первого тома кладет в еще менее определенное место второго.</source><tokens><token id="697480" text="В"><tfr rev_id="1529341" t="В"><v><l id="37409" t="в"><g v="PREP"></g></l></v></tfr></token><token id="697481" text="общем"><tfr rev_id="4205713" t="общем"><v><l id="201663" t="общий"><g v="ADJF"></g><g v="neut"></g><g v="sing"></g><g v="loct"></g></l></v></tfr></token><token id="697482" text="после"><tfr rev_id="4406804" t="после"><v><l id="261542" t="после"><g v="PREP"></g></l></v></tfr></token><token id="697483" text="трех"><tfr rev_id="2781585" t="трех"><v><l id="349973" t="три"><g v="NUMR"></g><g v="gent"></g></l></v></tfr></token><token id="697484" text="почти"><tfr rev_id="2691518" t="почти"><v><l id="264793" t="почёл"><g v="VERB"></g><g v="perf"></g><g v="tran"></g><g v="sing"></g><g v="impr"></g><g v="excl"></g></l></v><v><l id="265002" t="почти"><g v="ADVB"></g></l></v><v><l id="265008" t="почтил"><g v="VERB"></g><g v="perf"></g><g v="tran"></g><g v="sing"></g><g v="impr"></g><g v="excl"></g></l></v><v><l id="388672" t="почти"><g v="PRCL"></g></l></v></tfr></token><token id="697485" text="бессонных"><tfr rev_id="3410938" t="бессонных"><v><l id="28793" t="бессонный"><g v="ADJF"></g><g v="Qual"></g><g v="plur"></g><g v="gent"></g></l></v></tfr></token><token id="697486" text="суток"><tfr rev_id="1529347" t="суток"><v><l id="340123" t="сутки"><g v="NOUN"></g><g v="inan"></g><g v="GNdr"></g><g v="Pltm"></g><g v="plur"></g><g v="gent"></g></l></v></tfr></token><token id="697487" text="экспериментов"><tfr rev_id="1529348" t="экспериментов"><v><l id="383569" t="эксперимент"><g v="NOUN"></g><g v="inan"></g><g v="masc"></g><g v="plur"></g><g v="gent"></g></l></v></tfr></token><token id="697488" text="выясняется"><tfr rev_id="1529349" t="выясняется"><v><l id="64918" t="выясняюсь"><g v="VERB"></g><g v="impf"></g><g v="intr"></g><g v="sing"></g><g v="3per"></g><g v="pres"></g><g v="indc"></g></l></v></tfr></token><token id="697489" text="что"><tfr rev_id="3197751" t="что"><v><l id="377004" t="что"><g v="CONJ"></g></l></v><v><l id="377005" t="что"><g v="NPRO"></g><g v="neut"></g><g v="sing"></g><g v="nomn"></g></l></v><v><l id="377005" t="что"><g v="NPRO"></g><g v="neut"></g><g v="sing"></g><g v="accs"></g></l></v><v><l id="377006" t="что"><g v="ADVB"></g><g v="Ques"></g></l></v><v><l id="388695" t="что"><g v="PRCL"></g></l></v></tfr></token><token id="697490" text="у"><tfr rev_id="3226829" t="у"><v><l id="352818" t="у"><g v="PREP"></g></l></v></tfr></token><token id="697491" text="MD"><tfr rev_id="2475490" t="MD"><v><l id="0" t="MD"><g v="LATN"></g></l></v></tfr></token><token id="697492" text="внутри"><tfr rev_id="4456196" t="внутри"><v><l id="47669" t="внутри"><g v="ADVB"></g></l></v></tfr></token><token id="697493" text="где-то"><tfr rev_id="1529354" t="где-то"><v><l id="67987" t="где-то"><g v="ADVB"></g></l></v></tfr></token><token id="697494" text="ошибочка"><tfr rev_id="1529355" t="ошибочка"><v><l id="222058" t="ошибочка"><g v="NOUN"></g><g v="inan"></g><g v="femn"></g><g v="sing"></g><g v="nomn"></g></l></v></tfr></token><token id="697495" text="и"><tfr rev_id="3409131" t="и"><v><l id="116949" t="и"><g v="CONJ"></g></l></v></tfr></token><token id="697496" text="оно"><tfr rev_id="3590801" t="оно"><v><l id="206649" t="оно"><g v="NPRO"></g><g v="neut"></g><g v="3per"></g><g v="Anph"></g><g v="sing"></g><g v="nomn"></g></l></v></tfr></token><token id="697497" text="записанное"><tfr rev_id="1529358" t="записанное"><v><l id="107248" t="записанный"><g v="PRTF"></g><g v="perf"></g><g v="tran"></g><g v="past"></g><g v="pssv"></g><g v="neut"></g><g v="sing"></g><g v="nomn"></g></l></v><v><l id="107248" t="записанный"><g v="PRTF"></g><g v="perf"></g><g v="tran"></g><g v="past"></g><g v="pssv"></g><g v="neut"></g><g v="sing"></g><g v="accs"></g></l></v><v><l id="107254" t="записанный"><g v="PRTF"></g><g v="perf"></g><g v="tran"></g><g v="past"></g><g v="pssv"></g><g v="neut"></g><g v="sing"></g><g v="nomn"></g></l></v><v><l id="107254" t="записанный"><g v="PRTF"></g><g v="perf"></g><g v="tran"></g><g v="past"></g><g v="pssv"></g><g v="neut"></g><g v="sing"></g><g v="accs"></g></l></v></tfr></token><token id="697498" text="в"><tfr rev_id="1529359" t="в"><v><l id="37409" t="в"><g v="PREP"></g></l></v></tfr></token><token id="697499" text="определенное"><tfr rev_id="1529360" t="определенное"><v><l id="207988" t="определённый"><g v="ADJF"></g><g v="Qual"></g><g v="neut"></g><g v="sing"></g><g v="nomn"></g></l></v><v><l id="207988" t="определённый"><g v="ADJF"></g><g v="Qual"></g><g v="neut"></g><g v="sing"></g><g v="accs"></g></l></v><v><l id="208005" t="определённый"><g v="PRTF"></g><g v="perf"></g><g v="tran"></g><g v="past"></g><g v="pssv"></g><g v="neut"></g><g v="sing"></g><g v="nomn"></g></l></v><v><l id="208005" t="определённый"><g v="PRTF"></g><g v="perf"></g><g v="tran"></g><g v="past"></g><g v="pssv"></g><g v="neut"></g><g v="sing"></g><g v="accs"></g></l></v></tfr></token><token id="697500" text="место"><tfr rev_id="3677123" t="место"><v><l id="158822" t="место"><g v="NOUN"></g><g v="inan"></g><g v="neut"></g><g v="sing"></g><g v="accs"></g></l></v></tfr></token><token id="697501" text="первого"><tfr rev_id="4536852" t="первого"><v><l id="226359" t="первый"><g v="ADJF"></g><g v="Anum"></g><g v="masc"></g><g v="sing"></g><g v="gent"></g></l></v><v><l id="226359" t="первый"><g v="ADJF"></g><g v="Anum"></g><g v="neut"></g><g v="sing"></g><g v="gent"></g></l></v></tfr></token><token id="697502" text="тома"><tfr rev_id="4217813" t="тома"><v><l id="347413" t="том"><g v="NOUN"></g><g v="inan"></g><g v="masc"></g><g v="sing"></g><g v="gent"></g></l></v></tfr></token><token id="697503" text="кладет"><tfr rev_id="1529364" t="кладет"><v><l id="133961" t="кладу"><g v="VERB"></g><g v="impf"></g><g v="tran"></g><g v="sing"></g><g v="3per"></g><g v="pres"></g><g v="indc"></g></l></v></tfr></token><token id="697504" text="в"><tfr rev_id="1529365" t="в"><v><l id="37409" t="в"><g v="PREP"></g></l></v></tfr></token><token id="697505" text="еще"><tfr rev_id="1529366" t="еще"><v><l id="95551" t="ещё"><g v="PRCL"></g></l></v><v><l id="95552" t="ещё"><g v="ADVB"></g></l></v></tfr></token><token id="697506" text="менее"><tfr rev_id="1529367" t="менее"><v><l id="158343" t="менее"><g v="ADVB"></g></l></v></tfr></token><token id="697507" text="определенное"><tfr rev_id="1529368" t="определенное"><v><l id="207988" t="определённый"><g v="ADJF"></g><g v="Qual"></g><g v="neut"></g><g v="sing"></g><g v="nomn"></g></l></v><v><l id="207988" t="определённый"><g v="ADJF"></g><g v="Qual"></g><g v="neut"></g><g v="sing"></g><g v="accs"></g></l></v><v><l id="208005" t="определённый"><g v="PRTF"></g><g v="perf"></g><g v="tran"></g><g v="past"></g><g v="pssv"></g><g v="neut"></g><g v="sing"></g><g v="nomn"></g></l></v><v><l id="208005" t="определённый"><g v="PRTF"></g><g v="perf"></g><g v="tran"></g><g v="past"></g><g v="pssv"></g><g v="neut"></g><g v="sing"></g><g v="accs"></g></l></v></tfr></token><token id="697508" text="место"><tfr rev_id="3497442" t="место"><v><l id="158822" t="место"><g v="NOUN"></g><g v="inan"></g><g v="neut"></g><g v="sing"></g><g v="accs"></g></l></v></tfr></token><token id="697509" text="второго"><tfr rev_id="4536853" t="второго"><v><l id="55043" t="второй"><g v="ADJF"></g><g v="Anum"></g><g v="masc"></g><g v="sing"></g><g v="gent"></g></l></v><v><l id="55043" t="второй"><g v="ADJF"></g><g v="Anum"></g><g v="neut"></g><g v="sing"></g><g v="gent"></g></l></v></tfr></token><token id="697510" text="."><tfr rev_id="1529371" t="."><v><l id="0" t="."><g v="PNCT"></g></l></v></tfr></token></tokens></sentence><sentence id="39154"><source>Ну и соответственно наоборот.</source><tokens><token id="697511" text="Ну"><tfr rev_id="1529372" t="Ну"><v><l id="192524" t="ну"><g v="INTJ"></g></l></v><v><l id="192525" t="ну"><g v="PRCL"></g></l></v></tfr></token><token id="697512" text="и"><tfr rev_id="1529373" t="и"><v><l id="116949" t="и"><g v="CONJ"></g></l></v><v><l id="116950" t="и"><g v="INTJ"></g></l></v></tfr></token><token id="697513" text="соответственно"><tfr rev_id="3664195" t="соответственно"><v><l id="329617" t="соответственно"><g v="ADVB"></g></l></v><v><l id="329618" t="соответственно"><g v="PREP"></g></l></v><v><l id="329621" t="соответствен"><g v="ADJS"></g><g v="neut"></g><g v="sing"></g></l></v><v><l id="388717" t="соответственно"><g v="CONJ"></g><g v="Prnt"></g></l></v></tfr></token><token id="697514" text="наоборот"><tfr rev_id="1529375" t="наоборот"><v><l id="173044" t="наоборот"><g v="ADVB"></g></l></v></tfr></token><token id="697515" text="."><tfr rev_id="1529376" t="."><v><l id="0" t="."><g v="PNCT"></g></l></v></tfr></token></tokens></sentence><sentence id="39155"><source>Заменяем MD на LVM2, корчимся, но плюем что он показывает не 15.6Тб, а 1.28, что считает из 5.3Тб доступными только 4 и так далее, но главное - работает.</source><tokens><token id="697516" text="Заменяем"><tfr rev_id="2635152" t="Заменяем"><v><l id="105413" t="заменяю"><g v="VERB"></g><g v="impf"></g><g v="tran"></g><g v="plur"></g><g v="1per"></g><g v="pres"></g><g v="indc"></g></l></v></tfr></token><token id="697517" text="MD"><tfr rev_id="2475491" t="MD"><v><l id="0" t="MD"><g v="LATN"></g></l></v></tfr></token><token id="697518" text="на"><tfr rev_id="3343637" t="на"><v><l id="166264" t="на"><g v="PREP"></g></l></v></tfr></token><token id="697519" text="LVM2"><tfr rev_id="1529380" t="LVM2"><v><l id="0" t="LVM2"><g v="UNKN"></g></l></v></tfr></token><token id="697520" text=","><tfr rev_id="1529381" t=","><v><l id="0" t=","><g v="PNCT"></g></l></v></tfr></token><token id="697521" text="корчимся"><tfr rev_id="1529382" t="корчимся"><v><l id="140430" t="корчусь"><g v="VERB"></g><g v="impf"></g><g v="intr"></g><g v="plur"></g><g v="1per"></g><g v="pres"></g><g v="indc"></g></l></v></tfr></token><token id="697522" text=","><tfr rev_id="1529383" t=","><v><l id="0" t=","><g v="PNCT"></g></l></v></tfr></token><token id="697523" text="но"><tfr rev_id="1529384" t="но"><v><l id="191429" t="но"><g v="CONJ"></g></l></v><v><l id="191430" t="но"><g v="INTJ"></g></l></v></tfr></token><token id="697524" text="плюем"><tfr rev_id="1529385" t="плюем"><v><l id="240182" t="плюю"><g v="VERB"></g><g v="impf"></g><g v="intr"></g><g v="plur"></g><g v="1per"></g><g v="pres"></g><g v="indc"></g></l></v></tfr></token><token id="697525" text="что"><tfr rev_id="3197752" t="что"><v><l id="377004" t="что"><g v="CONJ"></g></l></v><v><l id="377005" t="что"><g v="NPRO"></g><g v="neut"></g><g v="sing"></g><g v="nomn"></g></l></v><v><l id="377005" t="что"><g v="NPRO"></g><g v="neut"></g><g v="sing"></g><g v="accs"></g></l></v><v><l id="377006" t="что"><g v="ADVB"></g><g v="Ques"></g></l></v><v><l id="388695" t="что"><g v="PRCL"></g></l></v></tfr></token><token id="697526" text="он"><tfr rev_id="3575822" t="он"><v><l id="206541" t="он"><g v="NPRO"></g><g v="masc"></g><g v="3per"></g><g v="Anph"></g><g v="sing"></g><g v="nomn"></g></l></v></tfr></token><token id="697527" text="показывает"><tfr rev_id="1529388" t="показывает"><v><l id="253999" t="показываю"><g v="VERB"></g><g v="impf"></g><g v="tran"></g><g v="sing"></g><g v="3per"></g><g v="pres"></g><g v="indc"></g></l></v></tfr></token><token id="697528" text="не"><tfr rev_id="1529389" t="не"><v><l id="178876" t="не"><g v="PRCL"></g></l></v></tfr></token><token id="697529" text="15.6"><tfr rev_id="2462868" t="15.6"><v><l id="0" t="15.6"><g v="NUMB"></g></l></v></tfr></token><token id="697530" text="Тб"><tfr rev_id="4431062" t="Тб"><v><l id="390006" t="тб"><g v="NOUN"></g><g v="inan"></g><g v="masc"></g><g v="Fixd"></g><g v="Abbr"></g><g v="plur"></g><g v="nomn"></g></l></v><v><l id="390006" t="тб"><g v="NOUN"></g><g v="inan"></g><g v="masc"></g><g v="Fixd"></g><g v="Abbr"></g><g v="plur"></g><g v="gent"></g></l></v><v><l id="390006" t="тб"><g v="NOUN"></g><g v="inan"></g><g v="masc"></g><g v="Fixd"></g><g v="Abbr"></g><g v="plur"></g><g v="datv"></g></l></v><v><l id="390006" t="тб"><g v="NOUN"></g><g v="inan"></g><g v="masc"></g><g v="Fixd"></g><g v="Abbr"></g><g v="plur"></g><g v="accs"></g></l></v><v><l id="390006" t="тб"><g v="NOUN"></g><g v="inan"></g><g v="masc"></g><g v="Fixd"></g><g v="Abbr"></g><g v="plur"></g><g v="ablt"></g></l></v><v><l id="390006" t="тб"><g v="NOUN"></g><g v="inan"></g><g v="masc"></g><g v="Fixd"></g><g v="Abbr"></g><g v="plur"></g><g v="loct"></g></l></v></tfr></token><token id="697531" text=","><tfr rev_id="1529392" t=","><v><l id="0" t=","><g v="PNCT"></g></l></v></tfr></token><token id="697532" text="а"><tfr rev_id="3962293" t="а"><v><l id="51" t="а"><g v="CONJ"></g></l></v></tfr></token><token id="697533" text="1.28"><tfr rev_id="2462869" t="1.28"><v><l id="0" t="1.28"><g v="NUMB"></g></l></v></tfr></token><token id="697534" text=","><tfr rev_id="1529395" t=","><v><l id="0" t=","><g v="PNCT"></g></l></v></tfr></token><token id="697535" text="что"><tfr rev_id="3197753" t="что"><v><l id="377004" t="что"><g v="CONJ"></g></l></v><v><l id="377005" t="что"><g v="NPRO"></g><g v="neut"></g><g v="sing"></g><g v="nomn"></g></l></v><v><l id="377005" t="что"><g v="NPRO"></g><g v="neut"></g><g v="sing"></g><g v="accs"></g></l></v><v><l id="377006" t="что"><g v="ADVB"></g><g v="Ques"></g></l></v><v><l id="388695" t="что"><g v="PRCL"></g></l></v></tfr></token><token id="697536" text="считает"><tfr rev_id="1529397" t="считает"><v><l id="341320" t="считаю"><g v="VERB"></g><g v="impf"></g><g v="tran"></g><g v="sing"></g><g v="3per"></g><g v="pres"></g><g v="indc"></g></l></v><v><l id="341329" t="считал"><g v="VERB"></g><g v="perf"></g><g v="tran"></g><g v="sing"></g><g v="3per"></g><g v="futr"></g><g v="indc"></g></l></v></tfr></token><token id="697537" text="из"><tfr rev_id="2561392" t="из"><v><l id="117677" t="из"><g v="PREP"></g></l></v></tfr></token><token id="697538" text="5.3"><tfr rev_id="2462870" t="5.3"><v><l id="0" t="5.3"><g v="NUMB"></g></l></v></tfr></token><token id="697539" text="Тб"><tfr rev_id="4431063" t="Тб"><v><l id="390006" t="тб"><g v="NOUN"></g><g v="inan"></g><g v="masc"></g><g v="Fixd"></g><g v="Abbr"></g><g v="plur"></g><g v="nomn"></g></l></v><v><l id="390006" t="тб"><g v="NOUN"></g><g v="inan"></g><g v="masc"></g><g v="Fixd"></g><g v="Abbr"></g><g v="plur"></g><g v="gent"></g></l></v><v><l id="390006" t="тб"><g v="NOUN"></g><g v="inan"></g><g v="masc"></g><g v="Fixd"></g><g v="Abbr"></g><g v="plur"></g><g v="datv"></g></l></v><v><l id="390006" t="тб"><g v="NOUN"></g><g v="inan"></g><g v="masc"></g><g v="Fixd"></g><g v="Abbr"></g><g v="plur"></g><g v="accs"></g></l></v><v><l id="390006" t="тб"><g v="NOUN"></g><g v="inan"></g><g v="masc"></g><g v="Fixd"></g><g v="Abbr"></g><g v="plur"></g><g v="ablt"></g></l></v><v><l id="390006" t="тб"><g v="NOUN"></g><g v="inan"></g><g v="masc"></g><g v="Fixd"></g><g v="Abbr"></g><g v="plur"></g><g v="loct"></g></l></v></tfr></token><token id="697540" text="доступными"><tfr rev_id="1529401" t="доступными"><v><l id="90730" t="доступный"><g v="ADJF"></g><g v="Qual"></g><g v="plur"></g><g v="ablt"></g></l></v></tfr></token><token id="697541" text="только"><tfr rev_id="3784216" t="только"><v><l id="347395" t="только"><g v="CONJ"></g></l></v><v><l id="347396" t="только"><g v="PRCL"></g></l></v><v><l id="390053" t="только"><g v="ADVB"></g></l></v></tfr></token><token id="697542" text="4"><tfr rev_id="2462871" t="4"><v><l id="0" t="4"><g v="NUMB"></g></l></v></tfr></token><token id="697543" text="и"><tfr rev_id="1529404" t="и"><v><l id="116949" t="и"><g v="CONJ"></g></l></v><v><l id="116950" t="и"><g v="INTJ"></g></l></v></tfr></token><token id="697544" text="так"><tfr rev_id="1529405" t="так"><v><l id="342451" t="так"><g v="CONJ"></g></l></v><v><l id="342452" t="так"><g v="PRCL"></g></l></v><v><l id="342453" t="так"><g v="ADVB"></g><g v="Dmns"></g></l></v></tfr></token><token id="697545" text="далее"><tfr rev_id="1529406" t="далее"><v><l id="77935" t="далее"><g v="ADVB"></g></l></v></tfr></token><token id="697546" text=","><tfr rev_id="1529407" t=","><v><l id="0" t=","><g v="PNCT"></g></l></v></tfr></token><token id="697547" text="но"><tfr rev_id="3555624" t="но"><v><l id="191429" t="но"><g v="CONJ"></g></l></v></tfr></token><token id="697548" text="главное"><tfr rev_id="1529409" t="главное"><v><l id="70838" t="главное"><g v="CONJ"></g><g v="Prnt"></g></l></v><v><l id="70839" t="главное"><g v="NOUN"></g><g v="inan"></g><g v="neut"></g><g v="sing"></g><g v="nomn"></g></l></v><v><l id="70839" t="главное"><g v="NOUN"></g><g v="inan"></g><g v="neut"></g><g v="sing"></g><g v="accs"></g></l></v><v><l id="70842" t="главный"><g v="ADJF"></g><g v="Qual"></g><g v="neut"></g><g v="sing"></g><g v="nomn"></g></l></v><v><l id="70842" t="главный"><g v="ADJF"></g><g v="Qual"></g><g v="neut"></g><g v="sing"></g><g v="accs"></g></l></v></tfr></token><token id="697549" text="-"><tfr rev_id="1529410" t="-"><v><l id="0" t="-"><g v="PNCT"></g></l></v></tfr></token><token id="697550" text="работает"><tfr rev_id="1529411" t="работает"><v><l id="290502" t="работаю"><g v="VERB"></g><g v="impf"></g><g v="intr"></g><g v="sing"></g><g v="3per"></g><g v="pres"></g><g v="indc"></g></l></v></tfr></token><token id="697551" text="."><tfr rev_id="1529412" t="."><v><l id="0" t="."><g v="PNCT"></g></l></v></tfr></token></tokens></sentence><sentence id="39156"><source>Скорость правда упала с 800мб/сек до 730, но это тоже пережить можно.</source><tokens><token id="697552" text="Скорость"><tfr rev_id="3497421" t="Скорость"><v><l id="323333" t="скорость"><g v="NOUN"></g><g v="inan"></g><g v="femn"></g><g v="sing"></g><g v="nomn"></g></l></v></tfr></token><token id="697553" text="правда"><tfr rev_id="2625163" t="правда"><v><l id="265572" t="правда"><g v="NOUN"></g><g v="inan"></g><g v="femn"></g><g v="sing"></g><g v="nomn"></g></l></v><v><l id="265574" t="правда"><g v="PRCL"></g></l></v><v><l id="265575" t="правда"><g v="CONJ"></g><g v="Prnt"></g></l></v></tfr></token><token id="697554" text="упала"><tfr rev_id="1529415" t="упала"><v><l id="358667" t="упал"><g v="VERB"></g><g v="perf"></g><g v="intr"></g><g v="femn"></g><g v="sing"></g><g v="past"></g><g v="indc"></g></l></v></tfr></token><token id="697555" text="с"><tfr rev_id="1529416" t="с"><v><l id="311151" t="с"><g v="PREP"></g></l></v></tfr></token><token id="697556" text="800"><tfr rev_id="2462872" t="800"><v><l id="0" t="800"><g v="NUMB"></g></l></v></tfr></token><token id="697557" text="мб"><tfr rev_id="4169834" t="мб"><v><l id="156834" t="мб"><g v="NOUN"></g><g v="inan"></g><g v="masc"></g><g v="Fixd"></g><g v="Abbr"></g><g v="plur"></g><g v="gent"></g></l></v></tfr></token><token id="697558" text="/"><tfr rev_id="1529419" t="/"><v><l id="0" t="/"><g v="PNCT"></g></l></v></tfr></token><token id="697559" text="сек"><tfr rev_id="4195722" t="сек"><v><l id="389611" t="сек"><g v="NOUN"></g><g v="inan"></g><g v="femn"></g><g v="Fixd"></g><g v="Abbr"></g><g v="sing"></g><g v="nomn"></g></l></v><v><l id="389611" t="сек"><g v="NOUN"></g><g v="inan"></g><g v="femn"></g><g v="Fixd"></g><g v="Abbr"></g><g v="sing"></g><g v="gent"></g></l></v><v><l id="389611" t="сек"><g v="NOUN"></g><g v="inan"></g><g v="femn"></g><g v="Fixd"></g><g v="Abbr"></g><g v="sing"></g><g v="datv"></g></l></v><v><l id="389611" t="сек"><g v="NOUN"></g><g v="inan"></g><g v="femn"></g><g v="Fixd"></g><g v="Abbr"></g><g v="sing"></g><g v="accs"></g></l></v><v><l id="389611" t="сек"><g v="NOUN"></g><g v="inan"></g><g v="femn"></g><g v="Fixd"></g><g v="Abbr"></g><g v="sing"></g><g v="ablt"></g></l></v><v><l id="389611" t="сек"><g v="NOUN"></g><g v="inan"></g><g v="femn"></g><g v="Fixd"></g><g v="Abbr"></g><g v="sing"></g><g v="loct"></g></l></v><v><l id="389611" t="сек"><g v="NOUN"></g><g v="inan"></g><g v="femn"></g><g v="Fixd"></g><g v="Abbr"></g><g v="plur"></g><g v="nomn"></g></l></v><v><l id="389611" t="сек"><g v="NOUN"></g><g v="inan"></g><g v="femn"></g><g v="Fixd"></g><g v="Abbr"></g><g v="plur"></g><g v="gent"></g></l></v><v><l id="389611" t="сек"><g v="NOUN"></g><g v="inan"></g><g v="femn"></g><g v="Fixd"></g><g v="Abbr"></g><g v="plur"></g><g v="datv"></g></l></v><v><l id="389611" t="сек"><g v="NOUN"></g><g v="inan"></g><g v="femn"></g><g v="Fixd"></g><g v="Abbr"></g><g v="plur"></g><g v="accs"></g></l></v><v><l id="389611" t="сек"><g v="NOUN"></g><g v="inan"></g><g v="femn"></g><g v="Fixd"></g><g v="Abbr"></g><g v="plur"></g><g v="ablt"></g></l></v><v><l id="389611" t="сек"><g v="NOUN"></g><g v="inan"></g><g v="femn"></g><g v="Fixd"></g><g v="Abbr"></g><g v="plur"></g><g v="loct"></g></l></v></tfr></token><token id="697560" text="до"><tfr rev_id="1529421" t="до"><v><l id="85153" t="до"><g v="PREP"></g></l></v></tfr></token><token id="697561" text="730"><tfr rev_id="2462873" t="730"><v><l id="0" t="730"><g v="NUMB"></g></l></v></tfr></token><token id="697562" text=","><tfr rev_id="1529423" t=","><v><l id="0" t=","><g v="PNCT"></g></l></v></tfr></token><token id="697563" text="но"><tfr rev_id="3551131" t="но"><v><l id="191429" t="но"><g v="CONJ"></g></l></v></tfr></token><token id="697564" text="это"><tfr rev_id="4441866" t="это"><v><l id="386574" t="это"><g v="PRCL"></g></l></v><v><l id="386575" t="это"><g v="NPRO"></g><g v="neut"></g><g v="sing"></g><g v="nomn"></g></l></v><v><l id="386575" t="это"><g v="NPRO"></g><g v="neut"></g><g v="sing"></g><g v="accs"></g></l></v><v><l id="386581" t="этот"><g v="ADJF"></g><g v="Subx"></g><g v="Apro"></g><g v="Anph"></g><g v="neut"></g><g v="sing"></g><g v="nomn"></g></l></v><v><l id="386581" t="этот"><g v="ADJF"></g><g v="Subx"></g><g v="Apro"></g><g v="Anph"></g><g v="neut"></g><g v="sing"></g><g v="accs"></g></l></v></tfr></token><token id="697565" text="тоже"><tfr rev_id="4271167" t="тоже"><v><l id="346946" t="тоже"><g v="PRCL"></g></l></v></tfr></token><token id="697566" text="пережить"><tfr rev_id="1529427" t="пережить"><v><l id="228771" t="пережить"><g v="INFN"></g><g v="perf"></g><g v="tran"></g></l></v></tfr></token><token id="697567" text="можно"><tfr rev_id="1529428" t="можно"><v><l id="162467" t="можно"><g v="PRED"></g><g v="pres"></g></l></v></tfr></token><token id="697568" text="."><tfr rev_id="1529429" t="."><v><l id="0" t="."><g v="PNCT"></g></l></v></tfr></token></tokens></sentence><sentence id="39157"><source>А я, бля, ему так верил.</source><tokens><token id="697569" text="А"><tfr rev_id="3410699" t="А"><v><l id="51" t="а"><g v="CONJ"></g></l></v></tfr></token><token id="697570" text="я"><tfr rev_id="1529431" t="я"><v><l id="387317" t="я"><g v="NPRO"></g><g v="1per"></g><g v="sing"></g><g v="nomn"></g></l></v></tfr></token><token id="697571" text=","><tfr rev_id="1529432" t=","><v><l id="0" t=","><g v="PNCT"></g></l></v></tfr></token><token id="697572" text="бля"><tfr rev_id="3669644" t="бля"><v><l id="389769" t="бля"><g v="INTJ"></g></l></v></tfr></token><token id="697573" text=","><tfr rev_id="1529434" t=","><v><l id="0" t=","><g v="PNCT"></g></l></v></tfr></token><token id="697574" text="ему"><tfr rev_id="4528934" t="ему"><v><l id="206541" t="он"><g v="NPRO"></g><g v="masc"></g><g v="3per"></g><g v="Anph"></g><g v="sing"></g><g v="datv"></g></l></v><v><l id="206649" t="оно"><g v="NPRO"></g><g v="neut"></g><g v="3per"></g><g v="Anph"></g><g v="sing"></g><g v="datv"></g></l></v></tfr></token><token id="697575" text="так"><tfr rev_id="1529436" t="так"><v><l id="342451" t="так"><g v="CONJ"></g></l></v><v><l id="342452" t="так"><g v="PRCL"></g></l></v><v><l id="342453" t="так"><g v="ADVB"></g><g v="Dmns"></g></l></v></tfr></token><token id="697576" text="верил"><tfr rev_id="1529437" t="верил"><v><l id="41405" t="верю"><g v="VERB"></g><g v="impf"></g><g v="intr"></g><g v="masc"></g><g v="sing"></g><g v="past"></g><g v="indc"></g></l></v></tfr></token><token id="697577" text="."><tfr rev_id="1529438" t="."><v><l id="0" t="."><g v="PNCT"></g></l></v></tfr></token></tokens></sentence><sentence id="39158"><source>Уж MD-то, которому сто лет в обед, можно было отладить, блядь.</source><tokens><token id="697578" text="Уж"><tfr rev_id="1529439" t="Уж"><v><l id="355420" t="уж"><g v="ADVB"></g></l></v><v><l id="355421" t="уж"><g v="PRCL"></g></l></v><v><l id="355422" t="уж"><g v="NOUN"></g><g v="anim"></g><g v="masc"></g><g v="sing"></g><g v="nomn"></g></l></v></tfr></token><token id="697579" text="MD"><tfr rev_id="2475492" t="MD"><v><l id="0" t="MD"><g v="LATN"></g></l></v></tfr></token><token id="697580" text="-"><tfr rev_id="1529441" t="-"><v><l id="0" t="-"><g v="PNCT"></g></l></v></tfr></token><token id="697581" text="то"><tfr rev_id="4347744" t="то"><v><l id="346836" t="то"><g v="PRCL"></g></l></v></tfr></token><token id="697582" text=","><tfr rev_id="1529443" t=","><v><l id="0" t=","><g v="PNCT"></g></l></v></tfr></token><token id="697583" text="которому"><tfr rev_id="3638769" t="которому"><v><l id="141203" t="который"><g v="ADJF"></g><g v="Apro"></g><g v="Subx"></g><g v="Anph"></g><g v="masc"></g><g v="sing"></g><g v="datv"></g></l></v></tfr></token><token id="697584" text="сто"><tfr rev_id="1529445" t="сто"><v><l id="336375" t="сто"><g v="NUMR"></g><g v="nomn"></g></l></v><v><l id="336375" t="сто"><g v="NUMR"></g><g v="accs"></g></l></v></tfr></token><token id="697585" text="лет"><tfr rev_id="3436017" t="лет"><v><l id="72149" t="год"><g v="NOUN"></g><g v="inan"></g><g v="masc"></g><g v="plur"></g><g v="gent"></g></l></v></tfr></token><token id="697586" text="в"><tfr rev_id="1529447" t="в"><v><l id="37409" t="в"><g v="PREP"></g></l></v></tfr></token><token id="697587" text="обед"><tfr rev_id="4095992" t="обед"><v><l id="194076" t="обед"><g v="NOUN"></g><g v="inan"></g><g v="masc"></g><g v="sing"></g><g v="accs"></g></l></v></tfr></token><token id="697588" text=","><tfr rev_id="1529449" t=","><v><l id="0" t=","><g v="PNCT"></g></l></v></tfr></token><token id="697589" text="можно"><tfr rev_id="1529450" t="можно"><v><l id="162467" t="можно"><g v="PRED"></g><g v="pres"></g></l></v></tfr></token><token id="697590" text="было"><tfr rev_id="3094272" t="было"><v><l id="37265" t="есть"><g v="VERB"></g><g v="impf"></g><g v="intr"></g><g v="neut"></g><g v="sing"></g><g v="past"></g><g v="indc"></g></l></v></tfr></token><token id="697591" text="отладить"><tfr rev_id="1529452" t="отладить"><v><l id="214914" t="отладить"><g v="INFN"></g><g v="perf"></g><g v="tran"></g></l></v></tfr></token><token id="697592" text=","><tfr rev_id="1529453" t=","><v><l id="0" t=","><g v="PNCT"></g></l></v></tfr></token><token id="697593" text="блядь"><tfr rev_id="4576629" t="блядь"><v><l id="31157" t="блядь"><g v="NOUN"></g><g v="anim"></g><g v="femn"></g><g v="Slng"></g><g v="sing"></g><g v="nomn"></g></l></v><v><l id="31157" t="блядь"><g v="NOUN"></g><g v="anim"></g><g v="femn"></g><g v="Slng"></g><g v="sing"></g><g v="accs"></g></l></v><v><l id="389770" t="блядь"><g v="INTJ"></g><g v="Slng"></g></l></v></tfr></token><token id="697594" text="."><tfr rev_id="1529455" t="."><v><l id="0" t="."><g v="PNCT"></g></l></v></tfr></token></tokens></sentence></paragraph><paragraph id="12517"><sentence id="39159"><source>В процессе копирования кина я его просматривал местами, и неожиданно увидел что некоторые сцены сняты в моей собственной квартире :-)</source><tokens><token id="697595" text="В"><tfr rev_id="1529456" t="В"><v><l id="37409" t="в"><g v="PREP"></g></l></v></tfr></token><token id="697596" text="процессе"><tfr rev_id="1529457" t="процессе"><v><l id="287363" t="процесс"><g v="NOUN"></g><g v="inan"></g><g v="masc"></g><g v="sing"></g><g v="loct"></g></l></v></tfr></token><token id="697597" text="копирования"><tfr rev_id="3438452" t="копирования"><v><l id="139241" t="копирование"><g v="NOUN"></g><g v="inan"></g><g v="neut"></g><g v="sing"></g><g v="gent"></g></l></v></tfr></token><token id="697598" text="кина"><tfr rev_id="3760499" t="кина"><v><l id="132966" t="кино"><g v="NOUN"></g><g v="inan"></g><g v="neut"></g><g v="Fixd"></g><g v="sing"></g><g v="gent"></g><g v="Infr"></g></l></v></tfr></token><token id="697599" text="я"><tfr rev_id="1529460" t="я"><v><l id="387317" t="я"><g v="NPRO"></g><g v="1per"></g><g v="sing"></g><g v="nomn"></g></l></v></tfr></token><token id="697600" text="его"><tfr rev_id="4527865" t="его"><v><l id="206541" t="он"><g v="NPRO"></g><g v="masc"></g><g v="3per"></g><g v="Anph"></g><g v="sing"></g><g v="gent"></g></l></v><v><l id="206541" t="он"><g v="NPRO"></g><g v="masc"></g><g v="3per"></g><g v="Anph"></g><g v="sing"></g><g v="accs"></g></l></v><v><l id="206649" t="оно"><g v="NPRO"></g><g v="neut"></g><g v="3per"></g><g v="Anph"></g><g v="sing"></g><g v="gent"></g></l></v><v><l id="206649" t="оно"><g v="NPRO"></g><g v="neut"></g><g v="3per"></g><g v="Anph"></g><g v="sing"></g><g v="accs"></g></l></v></tfr></token><token id="697601" text="просматривал"><tfr rev_id="1529462" t="просматривал"><v><l id="284640" t="просматриваю"><g v="VERB"></g><g v="impf"></g><g v="tran"></g><g v="masc"></g><g v="sing"></g><g v="past"></g><g v="indc"></g></l></v></tfr></token><token id="697602" text="местами"><tfr rev_id="4264034" t="местами"><v><l id="158788" t="местами"><g v="ADVB"></g></l></v></tfr></token><token id="697603" text=","><tfr rev_id="1529464" t=","><v><l id="0" t=","><g v="PNCT"></g></l></v></tfr></token><token id="697604" text="и"><tfr rev_id="1529465" t="и"><v><l id="116949" t="и"><g v="CONJ"></g></l></v><v><l id="116950" t="и"><g v="INTJ"></g></l></v></tfr></token><token id="697605" text="неожиданно"><tfr rev_id="1529466" t="неожиданно"><v><l id="184964" t="неожиданно"><g v="ADVB"></g></l></v><v><l id="184968" t="неожидан"><g v="ADJS"></g><g v="Qual"></g><g v="neut"></g><g v="sing"></g></l></v></tfr></token><token id="697606" text="увидел"><tfr rev_id="1529467" t="увидел"><v><l id="353630" t="увидел"><g v="VERB"></g><g v="perf"></g><g v="tran"></g><g v="masc"></g><g v="sing"></g><g v="past"></g><g v="indc"></g></l></v></tfr></token><token id="697607" text="что"><tfr rev_id="3197754" t="что"><v><l id="377004" t="что"><g v="CONJ"></g></l></v><v><l id="377005" t="что"><g v="NPRO"></g><g v="neut"></g><g v="sing"></g><g v="nomn"></g></l></v><v><l id="377005" t="что"><g v="NPRO"></g><g v="neut"></g><g v="sing"></g><g v="accs"></g></l></v><v><l id="377006" t="что"><g v="ADVB"></g><g v="Ques"></g></l></v><v><l id="388695" t="что"><g v="PRCL"></g></l></v></tfr></token><token id="697608" text="некоторые"><tfr rev_id="3800439" t="некоторые"><v><l id="183542" t="некоторый"><g v="ADJF"></g><g v="Apro"></g><g v="plur"></g><g v="nomn"></g></l></v></tfr></token><token id="697609" text="сцены"><tfr rev_id="3795994" t="сцены"><v><l id="341041" t="сцена"><g v="NOUN"></g><g v="inan"></g><g v="femn"></g><g v="plur"></g><g v="nomn"></g></l></v></tfr></token><token id="697610" text="сняты"><tfr rev_id="1529471" t="сняты"><v><l id="327590" t="снят"><g v="ADJS"></g><g v="Qual"></g><g v="plur"></g></l></v><v><l id="327597" t="снят"><g v="PRTS"></g><g v="perf"></g><g v="past"></g><g v="pssv"></g><g v="plur"></g></l></v></tfr></token><token id="697611" text="в"><tfr rev_id="1529472" t="в"><v><l id="37409" t="в"><g v="PREP"></g></l></v></tfr></token><token id="697612" text="моей"><tfr rev_id="4417629" t="моей"><v><l id="162570" t="мой"><g v="ADJF"></g><g v="Apro"></g><g v="femn"></g><g v="sing"></g><g v="loct"></g></l></v></tfr></token><token id="697613" text="собственной"><tfr rev_id="3714085" t="собственной"><v><l id="327840" t="собственный"><g v="ADJF"></g><g v="femn"></g><g v="sing"></g><g v="loct"></g></l></v></tfr></token><token id="697614" text="квартире"><tfr rev_id="3534847" t="квартире"><v><l id="132025" t="квартира"><g v="NOUN"></g><g v="inan"></g><g v="femn"></g><g v="sing"></g><g v="loct"></g></l></v></tfr></token><token id="697615" text=":-)"><tfr rev_id="1529476" t=":-)"><v><l id="0" t=":-)"><g v="PNCT"></g></l></v></tfr></token></tokens></sentence><sentence id="39160"><source>В смысле вродительской (отец - художник на этом фильме).</source><tokens><token id="697616" text="В"><tfr rev_id="1529477" t="В"><v><l id="37409" t="в"><g v="PREP"></g></l></v></tfr></token><token id="697617" text="смысле"><tfr rev_id="1529478" t="смысле"><v><l id="326999" t="смысл"><g v="NOUN"></g><g v="inan"></g><g v="masc"></g><g v="sing"></g><g v="loct"></g></l></v></tfr></token><token id="697618" text="в"><tfr rev_id="1529479" t="в"><v><l id="37409" t="в"><g v="PREP"></g></l></v></tfr></token><token id="697619" text="родительской"><tfr rev_id="4170960" t="родительской"><v><l id="308308" t="родительский"><g v="ADJF"></g><g v="femn"></g><g v="sing"></g><g v="loct"></g></l></v></tfr></token><token id="697620" text="("><tfr rev_id="1529481" t="("><v><l id="0" t="("><g v="PNCT"></g></l></v></tfr></token><token id="697621" text="отец"><tfr rev_id="1529482" t="отец"><v><l id="213627" t="отец"><g v="NOUN"></g><g v="anim"></g><g v="masc"></g><g v="sing"></g><g v="nomn"></g></l></v></tfr></token><token id="697622" text="-"><tfr rev_id="1529483" t="-"><v><l id="0" t="-"><g v="PNCT"></g></l></v></tfr></token><token id="697623" text="художник"><tfr rev_id="1529484" t="художник"><v><l id="372466" t="художник"><g v="NOUN"></g><g v="anim"></g><g v="masc"></g><g v="sing"></g><g v="nomn"></g></l></v></tfr></token><token id="697624" text="на"><tfr rev_id="3396291" t="на"><v><l id="166264" t="на"><g v="PREP"></g></l></v></tfr></token><token id="697625" text="этом"><tfr rev_id="4486691" t="этом"><v><l id="386581" t="этот"><g v="ADJF"></g><g v="Subx"></g><g v="Apro"></g><g v="Anph"></g><g v="masc"></g><g v="sing"></g><g v="loct"></g></l></v></tfr></token><token id="697626" text="фильме"><tfr rev_id="1529487" t="фильме"><v><l id="366005" t="фильм"><g v="NOUN"></g><g v="inan"></g><g v="masc"></g><g v="sing"></g><g v="loct"></g></l></v></tfr></token><token id="697627" text=")"><tfr rev_id="1529488" t=")"><v><l id="0" t=")"><g v="PNCT"></g></l></v></tfr></token><token id="697628" text="."><tfr rev_id="1529489" t="."><v><l id="0" t="."><g v="PNCT"></g></l></v></tfr></token></tokens></sentence><sentence id="39161"><source>Ощущения довольно своеобразные - смотришь кино, смотришь, и тут вдруг понимаешь...</source><tokens><token id="697629" text="Ощущения"><tfr rev_id="3768629" t="Ощущения"><v><l id="222333" t="ощущение"><g v="NOUN"></g><g v="inan"></g><g v="neut"></g><g v="plur"></g><g v="nomn"></g></l></v></tfr></token><token id="697630" text="довольно"><tfr rev_id="1529491" t="довольно"><v><l id="86034" t="довольно"><g v="ADVB"></g><g v="Prdx"></g></l></v><v><l id="86038" t="доволен"><g v="ADJS"></g><g v="Qual"></g><g v="neut"></g><g v="sing"></g></l></v></tfr></token><token id="697631" text="своеобразные"><tfr rev_id="3795243" t="своеобразные"><v><l id="316344" t="своеобразный"><g v="ADJF"></g><g v="Qual"></g><g v="plur"></g><g v="nomn"></g></l></v></tfr></token><token id="697632" text="-"><tfr rev_id="1529493" t="-"><v><l id="0" t="-"><g v="PNCT"></g></l></v></tfr></token><token id="697633" text="смотришь"><tfr rev_id="1529494" t="смотришь"><v><l id="326798" t="смотрю"><g v="VERB"></g><g v="impf"></g><g v="tran"></g><g v="sing"></g><g v="2per"></g><g v="pres"></g><g v="indc"></g></l></v></tfr></token><token id="697634" text="кино"><tfr rev_id="4169848" t="кино"><v><l id="132966" t="кино"><g v="NOUN"></g><g v="inan"></g><g v="neut"></g><g v="Fixd"></g><g v="sing"></g><g v="accs"></g></l></v></tfr></token><token id="697635" text=","><tfr rev_id="1529496" t=","><v><l id="0" t=","><g v="PNCT"></g></l></v></tfr></token><token id="697636" text="смотришь"><tfr rev_id="1529497" t="смотришь"><v><l id="326798" t="смотрю"><g v="VERB"></g><g v="impf"></g><g v="tran"></g><g v="sing"></g><g v="2per"></g><g v="pres"></g><g v="indc"></g></l></v></tfr></token><token id="697637" text=","><tfr rev_id="1529498" t=","><v><l id="0" t=","><g v="PNCT"></g></l></v></tfr></token><token id="697638" text="и"><tfr rev_id="1529499" t="и"><v><l id="116949" t="и"><g v="CONJ"></g></l></v><v><l id="116950" t="и"><g v="INTJ"></g></l></v></tfr></token><token id="697639" text="тут"><tfr rev_id="4263777" t="тут"><v><l id="351923" t="тут"><g v="ADVB"></g><g v="Dmns"></g></l></v></tfr></token><token id="697640" text="вдруг"><tfr rev_id="1529501" t="вдруг"><v><l id="40194" t="вдруг"><g v="ADVB"></g></l></v></tfr></token><token id="697641" text="понимаешь"><tfr rev_id="4228318" t="понимаешь"><v><l id="258461" t="понимаю"><g v="VERB"></g><g v="impf"></g><g v="tran"></g><g v="sing"></g><g v="2per"></g><g v="pres"></g><g v="indc"></g></l></v></tfr></token><token id="697642" text="..."><tfr rev_id="1529503" t="..."><v><l id="0" t="..."><g v="PNCT"></g></l></v></tfr></token></tokens></sentence></paragraph></paragraphs></text>