<?xml version="1.0" encoding="utf-8"?><text id="1391" parent="600" name="0056055 Чемоданное"><tags><tag>url:http://mashenic.livejournal.com/56055.html</tag><tag>ЖЖ:Заголовок:чемоданное</tag><tag>ЖЖ:Метка:личная жизнь</tag><tag>ЖЖ:Настроение:awake</tag><tag>Год:2007</tag><tag>Дата:31/07</tag></tags><paragraphs><paragraph id="12523"><sentence id="39189"><source>Ну вот, через 3 дня - поезд.</source><tokens><token id="698025" text="Ну"><tfr rev_id="1529886" t="Ну"><v><l id="192524" t="ну"><g v="INTJ"></g></l></v><v><l id="192525" t="ну"><g v="PRCL"></g></l></v></tfr></token><token id="698026" text="вот"><tfr rev_id="3661932" t="вот"><v><l id="52157" t="вот"><g v="PRCL"></g></l></v></tfr></token><token id="698027" text=","><tfr rev_id="1529888" t=","><v><l id="0" t=","><g v="PNCT"></g></l></v></tfr></token><token id="698028" text="через"><tfr rev_id="1529889" t="через"><v><l id="375333" t="через"><g v="PREP"></g></l></v></tfr></token><token id="698029" text="3"><tfr rev_id="2462879" t="3"><v><l id="0" t="3"><g v="NUMB"></g></l></v></tfr></token><token id="698030" text="дня"><tfr rev_id="1529891" t="дня"><v><l id="81427" t="день"><g v="NOUN"></g><g v="inan"></g><g v="masc"></g><g v="sing"></g><g v="gent"></g></l></v></tfr></token><token id="698031" text="-"><tfr rev_id="1529892" t="-"><v><l id="0" t="-"><g v="PNCT"></g></l></v></tfr></token><token id="698032" text="поезд"><tfr rev_id="3488427" t="поезд"><v><l id="252961" t="поезд"><g v="NOUN"></g><g v="inan"></g><g v="masc"></g><g v="sing"></g><g v="nomn"></g></l></v></tfr></token><token id="698033" text="."><tfr rev_id="1529894" t="."><v><l id="0" t="."><g v="PNCT"></g></l></v></tfr></token></tokens></sentence><sentence id="39190"><source>На 2 недели в Геленджик.</source><tokens><token id="698034" text="На"><tfr rev_id="3340304" t="На"><v><l id="166264" t="на"><g v="PREP"></g></l></v></tfr></token><token id="698035" text="2"><tfr rev_id="2462880" t="2"><v><l id="0" t="2"><g v="NUMB"></g></l></v></tfr></token><token id="698036" text="недели"><tfr rev_id="3465668" t="недели"><v><l id="180718" t="неделя"><g v="NOUN"></g><g v="inan"></g><g v="femn"></g><g v="sing"></g><g v="gent"></g></l></v></tfr></token><token id="698037" text="в"><tfr rev_id="1529898" t="в"><v><l id="37409" t="в"><g v="PREP"></g></l></v></tfr></token><token id="698038" text="Геленджик"><tfr rev_id="1529899" t="Геленджик"><v><l id="68243" t="геленджик"><g v="NOUN"></g><g v="inan"></g><g v="masc"></g><g v="Geox"></g><g v="sing"></g><g v="nomn"></g></l></v><v><l id="68243" t="геленджик"><g v="NOUN"></g><g v="inan"></g><g v="masc"></g><g v="Geox"></g><g v="sing"></g><g v="accs"></g></l></v></tfr></token><token id="698039" text="."><tfr rev_id="1529900" t="."><v><l id="0" t="."><g v="PNCT"></g></l></v></tfr></token></tokens></sentence><sentence id="39191"><source>Пожелайте хорошего, а то мои (что характерно, исключительно мои) родственники уже"нажелали": и детей, мол, изжарим, и заболеют непременно, и стресс для бедных крошек и т.д. и т.п.</source><tokens><token id="698040" text="Пожелайте"><tfr rev_id="1529901" t="Пожелайте"><v><l id="253096" t="пожелал"><g v="VERB"></g><g v="perf"></g><g v="tran"></g><g v="plur"></g><g v="impr"></g><g v="excl"></g></l></v></tfr></token><token id="698041" text="хорошего"><tfr rev_id="4161375" t="хорошего"><v><l id="371668" t="хороший"><g v="ADJF"></g><g v="Qual"></g><g v="neut"></g><g v="sing"></g><g v="gent"></g></l></v></tfr></token><token id="698042" text=","><tfr rev_id="1529903" t=","><v><l id="0" t=","><g v="PNCT"></g></l></v></tfr></token><token id="698043" text="а"><tfr rev_id="1529904" t="а"><v><l id="51" t="а"><g v="CONJ"></g></l></v><v><l id="52" t="а"><g v="INTJ"></g></l></v><v><l id="53" t="а"><g v="PRCL"></g></l></v></tfr></token><token id="698044" text="то"><tfr rev_id="3777726" t="то"><v><l id="346835" t="то"><g v="CONJ"></g></l></v><v><l id="346836" t="то"><g v="PRCL"></g></l></v><v><l id="348430" t="тот"><g v="ADJF"></g><g v="Subx"></g><g v="Apro"></g><g v="Anph"></g><g v="neut"></g><g v="sing"></g><g v="nomn"></g></l></v><v><l id="348430" t="тот"><g v="ADJF"></g><g v="Subx"></g><g v="Apro"></g><g v="Anph"></g><g v="neut"></g><g v="sing"></g><g v="accs"></g></l></v></tfr></token><token id="698045" text="мои"><tfr rev_id="3815118" t="мои"><v><l id="162570" t="мой"><g v="ADJF"></g><g v="Apro"></g><g v="plur"></g><g v="nomn"></g></l></v></tfr></token><token id="698046" text="("><tfr rev_id="1529907" t="("><v><l id="0" t="("><g v="PNCT"></g></l></v></tfr></token><token id="698047" text="что"><tfr rev_id="3197761" t="что"><v><l id="377004" t="что"><g v="CONJ"></g></l></v><v><l id="377005" t="что"><g v="NPRO"></g><g v="neut"></g><g v="sing"></g><g v="nomn"></g></l></v><v><l id="377005" t="что"><g v="NPRO"></g><g v="neut"></g><g v="sing"></g><g v="accs"></g></l></v><v><l id="377006" t="что"><g v="ADVB"></g><g v="Ques"></g></l></v><v><l id="388695" t="что"><g v="PRCL"></g></l></v></tfr></token><token id="698048" text="характерно"><tfr rev_id="1529909" t="характерно"><v><l id="369437" t="характерно"><g v="ADVB"></g></l></v><v><l id="369440" t="характерен"><g v="ADJS"></g><g v="Qual"></g><g v="neut"></g><g v="sing"></g></l></v></tfr></token><token id="698049" text=","><tfr rev_id="1529910" t=","><v><l id="0" t=","><g v="PNCT"></g></l></v></tfr></token><token id="698050" text="исключительно"><tfr rev_id="1529911" t="исключительно"><v><l id="124358" t="исключительно"><g v="ADVB"></g></l></v><v><l id="124359" t="исключительно"><g v="PRCL"></g></l></v><v><l id="124362" t="исключителен"><g v="ADJS"></g><g v="neut"></g><g v="sing"></g></l></v></tfr></token><token id="698051" text="мои"><tfr rev_id="4086126" t="мои"><v><l id="162570" t="мой"><g v="ADJF"></g><g v="Apro"></g><g v="plur"></g><g v="nomn"></g></l></v></tfr></token><token id="698052" text=")"><tfr rev_id="1529913" t=")"><v><l id="0" t=")"><g v="PNCT"></g></l></v></tfr></token><token id="698053" text="родственники"><tfr rev_id="1529914" t="родственники"><v><l id="308412" t="родственник"><g v="NOUN"></g><g v="anim"></g><g v="masc"></g><g v="plur"></g><g v="nomn"></g></l></v></tfr></token><token id="698054" text="уже"><tfr rev_id="2692911" t="уже"><v><l id="355422" t="уж"><g v="NOUN"></g><g v="anim"></g><g v="masc"></g><g v="sing"></g><g v="loct"></g></l></v><v><l id="355498" t="уже"><g v="ADVB"></g></l></v><v><l id="355674" t="уже"><g v="COMP"></g><g v="Qual"></g></l></v><v><l id="388673" t="уже"><g v="PRCL"></g></l></v></tfr></token><token id="698055" text="&quot;"><tfr rev_id="1529916" t="&quot;"><v><l id="0" t="&quot;"><g v="PNCT"></g></l></v></tfr></token><token id="698056" text="нажелали"><tfr rev_id="1529917" t="нажелали"><v><l id="0" t="нажелали"><g v="UNKN"></g></l></v></tfr></token><token id="698057" text="&quot;"><tfr rev_id="1529918" t="&quot;"><v><l id="0" t="&quot;"><g v="PNCT"></g></l></v></tfr></token><token id="698058" text=":"><tfr rev_id="1529919" t=":"><v><l id="0" t=":"><g v="PNCT"></g></l></v></tfr></token><token id="698059" text="и"><tfr rev_id="1529920" t="и"><v><l id="116949" t="и"><g v="CONJ"></g></l></v><v><l id="116950" t="и"><g v="INTJ"></g></l></v></tfr></token><token id="698060" text="детей"><tfr rev_id="4358851" t="детей"><v><l id="304488" t="ребёнок"><g v="NOUN"></g><g v="anim"></g><g v="masc"></g><g v="plur"></g><g v="accs"></g></l></v></tfr></token><token id="698061" text=","><tfr rev_id="1529922" t=","><v><l id="0" t=","><g v="PNCT"></g></l></v></tfr></token><token id="698062" text="мол"><tfr rev_id="4454534" t="мол"><v><l id="162652" t="мол"><g v="PRCL"></g></l></v></tfr></token><token id="698063" text=","><tfr rev_id="1529924" t=","><v><l id="0" t=","><g v="PNCT"></g></l></v></tfr></token><token id="698064" text="изжарим"><tfr rev_id="1529925" t="изжарим"><v><l id="118894" t="изжарил"><g v="VERB"></g><g v="perf"></g><g v="tran"></g><g v="plur"></g><g v="1per"></g><g v="futr"></g><g v="indc"></g></l></v><v><l id="118894" t="изжарил"><g v="VERB"></g><g v="perf"></g><g v="tran"></g><g v="sing"></g><g v="impr"></g><g v="incl"></g></l></v></tfr></token><token id="698065" text=","><tfr rev_id="1529926" t=","><v><l id="0" t=","><g v="PNCT"></g></l></v></tfr></token><token id="698066" text="и"><tfr rev_id="1529927" t="и"><v><l id="116949" t="и"><g v="CONJ"></g></l></v><v><l id="116950" t="и"><g v="INTJ"></g></l></v></tfr></token><token id="698067" text="заболеют"><tfr rev_id="1529928" t="заболеют"><v><l id="98710" t="заболел"><g v="VERB"></g><g v="perf"></g><g v="intr"></g><g v="plur"></g><g v="3per"></g><g v="futr"></g><g v="indc"></g></l></v></tfr></token><token id="698068" text="непременно"><tfr rev_id="3654696" t="непременно"><v><l id="186478" t="непременно"><g v="ADVB"></g></l></v><v><l id="186481" t="непременен"><g v="ADJS"></g><g v="neut"></g><g v="sing"></g></l></v><v><l id="389081" t="непременно"><g v="PRCL"></g></l></v></tfr></token><token id="698069" text=","><tfr rev_id="1529930" t=","><v><l id="0" t=","><g v="PNCT"></g></l></v></tfr></token><token id="698070" text="и"><tfr rev_id="1529931" t="и"><v><l id="116949" t="и"><g v="CONJ"></g></l></v><v><l id="116950" t="и"><g v="INTJ"></g></l></v></tfr></token><token id="698071" text="стресс"><tfr rev_id="4105180" t="стресс"><v><l id="337527" t="стресс"><g v="NOUN"></g><g v="inan"></g><g v="masc"></g><g v="sing"></g><g v="nomn"></g></l></v></tfr></token><token id="698072" text="для"><tfr rev_id="2601875" t="для"><v><l id="85032" t="для"><g v="PREP"></g></l></v></tfr></token><token id="698073" text="бедных"><tfr rev_id="4427942" t="бедных"><v><l id="25361" t="бедный"><g v="ADJF"></g><g v="Qual"></g><g v="plur"></g><g v="gent"></g></l></v></tfr></token><token id="698074" text="крошек"><tfr rev_id="4503345" t="крошек"><v><l id="143465" t="крошка"><g v="NOUN"></g><g v="anim"></g><g v="ms-f"></g><g v="plur"></g><g v="gent"></g></l></v></tfr></token><token id="698075" text="и"><tfr rev_id="1529936" t="и"><v><l id="116949" t="и"><g v="CONJ"></g></l></v><v><l id="116950" t="и"><g v="INTJ"></g></l></v></tfr></token><token id="698076" text="т"><tfr rev_id="4265515" t="т"><v><l id="342453" t="так"><g v="ADVB"></g><g v="Dmns"></g><g v="Abbr"></g></l></v></tfr></token><token id="698077" text="."><tfr rev_id="1529938" t="."><v><l id="0" t="."><g v="PNCT"></g></l></v></tfr></token><token id="698078" text="д"><tfr rev_id="4262287" t="д"><v><l id="77935" t="далее"><g v="ADVB"></g><g v="Abbr"></g></l></v></tfr></token><token id="698079" text="."><tfr rev_id="1529940" t="."><v><l id="0" t="."><g v="PNCT"></g></l></v></tfr></token><token id="698080" text="и"><tfr rev_id="1529941" t="и"><v><l id="116949" t="и"><g v="CONJ"></g></l></v><v><l id="116950" t="и"><g v="INTJ"></g></l></v></tfr></token><token id="698081" text="т"><tfr rev_id="4511698" t="т"><v><l id="390035" t="т"><g v="ADJF"></g><g v="Fixd"></g><g v="Abbr"></g><g v="masc"></g><g v="sing"></g><g v="nomn"></g></l></v><v><l id="390035" t="т"><g v="ADJF"></g><g v="Fixd"></g><g v="Abbr"></g><g v="masc"></g><g v="sing"></g><g v="gent"></g></l></v><v><l id="390035" t="т"><g v="ADJF"></g><g v="Fixd"></g><g v="Abbr"></g><g v="masc"></g><g v="sing"></g><g v="datv"></g></l></v><v><l id="390035" t="т"><g v="ADJF"></g><g v="Fixd"></g><g v="Abbr"></g><g v="masc"></g><g v="sing"></g><g v="accs"></g></l></v><v><l id="390035" t="т"><g v="ADJF"></g><g v="Fixd"></g><g v="Abbr"></g><g v="masc"></g><g v="sing"></g><g v="ablt"></g></l></v><v><l id="390035" t="т"><g v="ADJF"></g><g v="Fixd"></g><g v="Abbr"></g><g v="masc"></g><g v="sing"></g><g v="loct"></g></l></v><v><l id="390035" t="т"><g v="ADJF"></g><g v="Fixd"></g><g v="Abbr"></g><g v="femn"></g><g v="sing"></g><g v="nomn"></g></l></v><v><l id="390035" t="т"><g v="ADJF"></g><g v="Fixd"></g><g v="Abbr"></g><g v="femn"></g><g v="sing"></g><g v="gent"></g></l></v><v><l id="390035" t="т"><g v="ADJF"></g><g v="Fixd"></g><g v="Abbr"></g><g v="femn"></g><g v="sing"></g><g v="datv"></g></l></v><v><l id="390035" t="т"><g v="ADJF"></g><g v="Fixd"></g><g v="Abbr"></g><g v="femn"></g><g v="sing"></g><g v="accs"></g></l></v><v><l id="390035" t="т"><g v="ADJF"></g><g v="Fixd"></g><g v="Abbr"></g><g v="femn"></g><g v="sing"></g><g v="ablt"></g></l></v><v><l id="390035" t="т"><g v="ADJF"></g><g v="Fixd"></g><g v="Abbr"></g><g v="femn"></g><g v="sing"></g><g v="loct"></g></l></v><v><l id="390035" t="т"><g v="ADJF"></g><g v="Fixd"></g><g v="Abbr"></g><g v="neut"></g><g v="sing"></g><g v="nomn"></g></l></v><v><l id="390035" t="т"><g v="ADJF"></g><g v="Fixd"></g><g v="Abbr"></g><g v="neut"></g><g v="sing"></g><g v="gent"></g></l></v><v><l id="390035" t="т"><g v="ADJF"></g><g v="Fixd"></g><g v="Abbr"></g><g v="neut"></g><g v="sing"></g><g v="datv"></g></l></v><v><l id="390035" t="т"><g v="ADJF"></g><g v="Fixd"></g><g v="Abbr"></g><g v="neut"></g><g v="sing"></g><g v="accs"></g></l></v><v><l id="390035" t="т"><g v="ADJF"></g><g v="Fixd"></g><g v="Abbr"></g><g v="neut"></g><g v="sing"></g><g v="ablt"></g></l></v><v><l id="390035" t="т"><g v="ADJF"></g><g v="Fixd"></g><g v="Abbr"></g><g v="neut"></g><g v="sing"></g><g v="loct"></g></l></v></tfr></token><token id="698082" text="."><tfr rev_id="1529943" t="."><v><l id="0" t="."><g v="PNCT"></g></l></v></tfr></token><token id="698083" text="п"><tfr rev_id="4502272" t="п"><v><l id="390034" t="п"><g v="ADJF"></g><g v="Fixd"></g><g v="Abbr"></g><g v="masc"></g><g v="sing"></g><g v="nomn"></g></l></v><v><l id="390034" t="п"><g v="ADJF"></g><g v="Fixd"></g><g v="Abbr"></g><g v="masc"></g><g v="sing"></g><g v="gent"></g></l></v><v><l id="390034" t="п"><g v="ADJF"></g><g v="Fixd"></g><g v="Abbr"></g><g v="masc"></g><g v="sing"></g><g v="datv"></g></l></v><v><l id="390034" t="п"><g v="ADJF"></g><g v="Fixd"></g><g v="Abbr"></g><g v="masc"></g><g v="sing"></g><g v="accs"></g></l></v><v><l id="390034" t="п"><g v="ADJF"></g><g v="Fixd"></g><g v="Abbr"></g><g v="masc"></g><g v="sing"></g><g v="ablt"></g></l></v><v><l id="390034" t="п"><g v="ADJF"></g><g v="Fixd"></g><g v="Abbr"></g><g v="masc"></g><g v="sing"></g><g v="loct"></g></l></v><v><l id="390034" t="п"><g v="ADJF"></g><g v="Fixd"></g><g v="Abbr"></g><g v="femn"></g><g v="sing"></g><g v="nomn"></g></l></v><v><l id="390034" t="п"><g v="ADJF"></g><g v="Fixd"></g><g v="Abbr"></g><g v="femn"></g><g v="sing"></g><g v="gent"></g></l></v><v><l id="390034" t="п"><g v="ADJF"></g><g v="Fixd"></g><g v="Abbr"></g><g v="femn"></g><g v="sing"></g><g v="datv"></g></l></v><v><l id="390034" t="п"><g v="ADJF"></g><g v="Fixd"></g><g v="Abbr"></g><g v="femn"></g><g v="sing"></g><g v="accs"></g></l></v><v><l id="390034" t="п"><g v="ADJF"></g><g v="Fixd"></g><g v="Abbr"></g><g v="femn"></g><g v="sing"></g><g v="ablt"></g></l></v><v><l id="390034" t="п"><g v="ADJF"></g><g v="Fixd"></g><g v="Abbr"></g><g v="femn"></g><g v="sing"></g><g v="loct"></g></l></v><v><l id="390034" t="п"><g v="ADJF"></g><g v="Fixd"></g><g v="Abbr"></g><g v="neut"></g><g v="sing"></g><g v="nomn"></g></l></v><v><l id="390034" t="п"><g v="ADJF"></g><g v="Fixd"></g><g v="Abbr"></g><g v="neut"></g><g v="sing"></g><g v="gent"></g></l></v><v><l id="390034" t="п"><g v="ADJF"></g><g v="Fixd"></g><g v="Abbr"></g><g v="neut"></g><g v="sing"></g><g v="datv"></g></l></v><v><l id="390034" t="п"><g v="ADJF"></g><g v="Fixd"></g><g v="Abbr"></g><g v="neut"></g><g v="sing"></g><g v="accs"></g></l></v><v><l id="390034" t="п"><g v="ADJF"></g><g v="Fixd"></g><g v="Abbr"></g><g v="neut"></g><g v="sing"></g><g v="ablt"></g></l></v><v><l id="390034" t="п"><g v="ADJF"></g><g v="Fixd"></g><g v="Abbr"></g><g v="neut"></g><g v="sing"></g><g v="loct"></g></l></v></tfr></token><token id="698084" text="."><tfr rev_id="1529945" t="."><v><l id="0" t="."><g v="PNCT"></g></l></v></tfr></token></tokens></sentence><sentence id="39192"><source>Вот, вроде, уже давно в разводе и даже не общаются, а поют прям хором.</source><tokens><token id="698085" text="Вот"><tfr rev_id="3363430" t="Вот"><v><l id="52157" t="вот"><g v="PRCL"></g></l></v></tfr></token><token id="698086" text=","><tfr rev_id="1529947" t=","><v><l id="0" t=","><g v="PNCT"></g></l></v></tfr></token><token id="698087" text="вроде"><tfr rev_id="1529948" t="вроде"><v><l id="53158" t="вроде"><g v="PREP"></g></l></v><v><l id="53159" t="вроде"><g v="PRCL"></g></l></v></tfr></token><token id="698088" text=","><tfr rev_id="1529949" t=","><v><l id="0" t=","><g v="PNCT"></g></l></v></tfr></token><token id="698089" text="уже"><tfr rev_id="2692912" t="уже"><v><l id="355422" t="уж"><g v="NOUN"></g><g v="anim"></g><g v="masc"></g><g v="sing"></g><g v="loct"></g></l></v><v><l id="355498" t="уже"><g v="ADVB"></g></l></v><v><l id="355674" t="уже"><g v="COMP"></g><g v="Qual"></g></l></v><v><l id="388673" t="уже"><g v="PRCL"></g></l></v></tfr></token><token id="698090" text="давно"><tfr rev_id="1529951" t="давно"><v><l id="77708" t="давно"><g v="ADVB"></g></l></v></tfr></token><token id="698091" text="в"><tfr rev_id="1529952" t="в"><v><l id="37409" t="в"><g v="PREP"></g></l></v></tfr></token><token id="698092" text="разводе"><tfr rev_id="1529953" t="разводе"><v><l id="292594" t="развод"><g v="NOUN"></g><g v="inan"></g><g v="masc"></g><g v="sing"></g><g v="loct"></g></l></v></tfr></token><token id="698093" text="и"><tfr rev_id="3529792" t="и"><v><l id="116949" t="и"><g v="CONJ"></g></l></v></tfr></token><token id="698094" text="даже"><tfr rev_id="4079200" t="даже"><v><l id="77849" t="даже"><g v="PRCL"></g></l></v></tfr></token><token id="698095" text="не"><tfr rev_id="1529956" t="не"><v><l id="178876" t="не"><g v="PRCL"></g></l></v></tfr></token><token id="698096" text="общаются"><tfr rev_id="1529957" t="общаются"><v><l id="201403" t="общаюсь"><g v="VERB"></g><g v="impf"></g><g v="intr"></g><g v="plur"></g><g v="3per"></g><g v="pres"></g><g v="indc"></g></l></v></tfr></token><token id="698097" text=","><tfr rev_id="1529958" t=","><v><l id="0" t=","><g v="PNCT"></g></l></v></tfr></token><token id="698098" text="а"><tfr rev_id="3487506" t="а"><v><l id="51" t="а"><g v="CONJ"></g></l></v></tfr></token><token id="698099" text="поют"><tfr rev_id="1529960" t="поют"><v><l id="238125" t="пою"><g v="VERB"></g><g v="impf"></g><g v="tran"></g><g v="plur"></g><g v="3per"></g><g v="pres"></g><g v="indc"></g></l></v></tfr></token><token id="698100" text="прям"><tfr rev_id="3813907" t="прям"><v><l id="388698" t="прям"><g v="PRCL"></g></l></v></tfr></token><token id="698101" text="хором"><tfr rev_id="4277229" t="хором"><v><l id="371631" t="хором"><g v="ADVB"></g></l></v></tfr></token><token id="698102" text="."><tfr rev_id="1529963" t="."><v><l id="0" t="."><g v="PNCT"></g></l></v></tfr></token></tokens></sentence><sentence id="39193"><source>А мы с Элькой надеемся ухватить хоть кусочек лета, чуть-чуть загореть, поесть фруктов, покупаться и т.д., поскольку за весь июль, проведенный на даче, сделать этого не удалось.</source><tokens><token id="698103" text="А"><tfr rev_id="1529964" t="А"><v><l id="51" t="а"><g v="CONJ"></g></l></v><v><l id="52" t="а"><g v="INTJ"></g></l></v><v><l id="53" t="а"><g v="PRCL"></g></l></v></tfr></token><token id="698104" text="мы"><tfr rev_id="1529965" t="мы"><v><l id="165750" t="мы"><g v="NPRO"></g><g v="1per"></g><g v="plur"></g><g v="nomn"></g></l></v></tfr></token><token id="698105" text="с"><tfr rev_id="1529966" t="с"><v><l id="311151" t="с"><g v="PREP"></g></l></v></tfr></token><token id="698106" text="Элькой"><tfr rev_id="1529967" t="Элькой"><v><l id="0" t="элькой"><g v="UNKN"></g></l></v></tfr></token><token id="698107" text="надеемся"><tfr rev_id="1529968" t="надеемся"><v><l id="168805" t="надеюсь"><g v="VERB"></g><g v="impf"></g><g v="intr"></g><g v="plur"></g><g v="1per"></g><g v="pres"></g><g v="indc"></g></l></v></tfr></token><token id="698108" text="ухватить"><tfr rev_id="1529969" t="ухватить"><v><l id="362771" t="ухватить"><g v="INFN"></g><g v="perf"></g><g v="tran"></g></l></v></tfr></token><token id="698109" text="хоть"><tfr rev_id="1529970" t="хоть"><v><l id="371728" t="хоть"><g v="PRCL"></g></l></v><v><l id="371729" t="хоть"><g v="CONJ"></g></l></v></tfr></token><token id="698110" text="кусочек"><tfr rev_id="1529971" t="кусочек"><v><l id="145670" t="кусочек"><g v="NOUN"></g><g v="inan"></g><g v="masc"></g><g v="sing"></g><g v="nomn"></g></l></v><v><l id="145670" t="кусочек"><g v="NOUN"></g><g v="inan"></g><g v="masc"></g><g v="sing"></g><g v="accs"></g></l></v></tfr></token><token id="698111" text="лета"><tfr rev_id="3723192" t="лета"><v><l id="148693" t="лето"><g v="NOUN"></g><g v="inan"></g><g v="neut"></g><g v="Sgtm"></g><g v="sing"></g><g v="gent"></g></l></v></tfr></token><token id="698112" text=","><tfr rev_id="1529973" t=","><v><l id="0" t=","><g v="PNCT"></g></l></v></tfr></token><token id="698113" text="чуть-чуть"><tfr rev_id="1529974" t="чуть-чуть"><v><l id="377432" t="чуть-чуть"><g v="ADVB"></g></l></v></tfr></token><token id="698114" text="загореть"><tfr rev_id="1529975" t="загореть"><v><l id="100824" t="загореть"><g v="INFN"></g><g v="perf"></g><g v="intr"></g></l></v></tfr></token><token id="698115" text=","><tfr rev_id="1529976" t=","><v><l id="0" t=","><g v="PNCT"></g></l></v></tfr></token><token id="698116" text="поесть"><tfr rev_id="1529977" t="поесть"><v><l id="252982" t="поесть"><g v="INFN"></g><g v="perf"></g><g v="tran"></g></l></v></tfr></token><token id="698117" text="фруктов"><tfr rev_id="4404135" t="фруктов"><v><l id="368388" t="фрукт"><g v="NOUN"></g><g v="inan"></g><g v="masc"></g><g v="plur"></g><g v="gent"></g></l></v></tfr></token><token id="698118" text=","><tfr rev_id="1529979" t=","><v><l id="0" t=","><g v="PNCT"></g></l></v></tfr></token><token id="698119" text="покупаться"><tfr rev_id="1529980" t="покупаться"><v><l id="255016" t="покупаться"><g v="INFN"></g><g v="perf"></g><g v="intr"></g></l></v></tfr></token><token id="698120" text="и"><tfr rev_id="1529981" t="и"><v><l id="116949" t="и"><g v="CONJ"></g></l></v><v><l id="116950" t="и"><g v="INTJ"></g></l></v></tfr></token><token id="698121" text="т"><tfr rev_id="4261140" t="т"><v><l id="342453" t="так"><g v="ADVB"></g><g v="Dmns"></g><g v="Abbr"></g></l></v></tfr></token><token id="698122" text="."><tfr rev_id="1529983" t="."><v><l id="0" t="."><g v="PNCT"></g></l></v></tfr></token><token id="698123" text="д"><tfr rev_id="4262288" t="д"><v><l id="77935" t="далее"><g v="ADVB"></g><g v="Abbr"></g></l></v></tfr></token><token id="698124" text="."><tfr rev_id="1529985" t="."><v><l id="0" t="."><g v="PNCT"></g></l></v></tfr></token><token id="698125" text=","><tfr rev_id="1529986" t=","><v><l id="0" t=","><g v="PNCT"></g></l></v></tfr></token><token id="698126" text="поскольку"><tfr rev_id="1529987" t="поскольку"><v><l id="261429" t="поскольку"><g v="CONJ"></g></l></v></tfr></token><token id="698127" text="за"><tfr rev_id="1529988" t="за"><v><l id="98043" t="за"><g v="PREP"></g></l></v></tfr></token><token id="698128" text="весь"><tfr rev_id="4282784" t="весь"><v><l id="42156" t="весь"><g v="ADJF"></g><g v="Subx"></g><g v="Apro"></g><g v="masc"></g><g v="sing"></g><g v="nomn"></g></l></v><v><l id="42156" t="весь"><g v="ADJF"></g><g v="Subx"></g><g v="Apro"></g><g v="inan"></g><g v="masc"></g><g v="sing"></g><g v="accs"></g></l></v></tfr></token><token id="698129" text="июль"><tfr rev_id="3949229" t="июль"><v><l id="127299" t="июль"><g v="NOUN"></g><g v="inan"></g><g v="masc"></g><g v="sing"></g><g v="accs"></g></l></v></tfr></token><token id="698130" text=","><tfr rev_id="1529991" t=","><v><l id="0" t=","><g v="PNCT"></g></l></v></tfr></token><token id="698131" text="проведенный"><tfr rev_id="1529992" t="проведенный"><v><l id="277833" t="проведённый"><g v="PRTF"></g><g v="perf"></g><g v="tran"></g><g v="past"></g><g v="pssv"></g><g v="masc"></g><g v="sing"></g><g v="nomn"></g></l></v><v><l id="277833" t="проведённый"><g v="PRTF"></g><g v="perf"></g><g v="tran"></g><g v="past"></g><g v="pssv"></g><g v="inan"></g><g v="masc"></g><g v="sing"></g><g v="accs"></g></l></v></tfr></token><token id="698132" text="на"><tfr rev_id="3342968" t="на"><v><l id="166264" t="на"><g v="PREP"></g></l></v></tfr></token><token id="698133" text="даче"><tfr rev_id="3554176" t="даче"><v><l id="78613" t="дача"><g v="NOUN"></g><g v="inan"></g><g v="femn"></g><g v="sing"></g><g v="loct"></g></l></v></tfr></token><token id="698134" text=","><tfr rev_id="1529995" t=","><v><l id="0" t=","><g v="PNCT"></g></l></v></tfr></token><token id="698135" text="сделать"><tfr rev_id="1529996" t="сделать"><v><l id="317247" t="сделать"><g v="INFN"></g><g v="perf"></g><g v="tran"></g></l></v></tfr></token><token id="698136" text="этого"><tfr rev_id="3706994" t="этого"><v><l id="386575" t="это"><g v="NPRO"></g><g v="neut"></g><g v="sing"></g><g v="gent"></g></l></v></tfr></token><token id="698137" text="не"><tfr rev_id="1529998" t="не"><v><l id="178876" t="не"><g v="PRCL"></g></l></v></tfr></token><token id="698138" text="удалось"><tfr rev_id="1529999" t="удалось"><v><l id="354717" t="удался"><g v="VERB"></g><g v="perf"></g><g v="intr"></g><g v="neut"></g><g v="sing"></g><g v="past"></g><g v="indc"></g></l></v></tfr></token><token id="698139" text="."><tfr rev_id="1530000" t="."><v><l id="0" t="."><g v="PNCT"></g></l></v></tfr></token></tokens></sentence><sentence id="39194"><source>Лично я искупалась в озере 1 раз, и выглядело это очень смело.</source><tokens><token id="698140" text="Лично"><tfr rev_id="1530001" t="Лично"><v><l id="150204" t="лично"><g v="ADVB"></g></l></v><v><l id="150212" t="личен"><g v="ADJS"></g><g v="Qual"></g><g v="neut"></g><g v="sing"></g></l></v></tfr></token><token id="698141" text="я"><tfr rev_id="1530002" t="я"><v><l id="387317" t="я"><g v="NPRO"></g><g v="1per"></g><g v="sing"></g><g v="nomn"></g></l></v></tfr></token><token id="698142" text="искупалась"><tfr rev_id="1530003" t="искупалась"><v><l id="124794" t="искупаюсь"><g v="VERB"></g><g v="impf"></g><g v="intr"></g><g v="femn"></g><g v="sing"></g><g v="past"></g><g v="indc"></g></l></v><v><l id="124799" t="искупался"><g v="VERB"></g><g v="perf"></g><g v="intr"></g><g v="femn"></g><g v="sing"></g><g v="past"></g><g v="indc"></g></l></v></tfr></token><token id="698143" text="в"><tfr rev_id="1530004" t="в"><v><l id="37409" t="в"><g v="PREP"></g></l></v></tfr></token><token id="698144" text="озере"><tfr rev_id="1530005" t="озере"><v><l id="204182" t="озеро"><g v="NOUN"></g><g v="inan"></g><g v="neut"></g><g v="sing"></g><g v="loct"></g></l></v></tfr></token><token id="698145" text="1"><tfr rev_id="2462881" t="1"><v><l id="0" t="1"><g v="NUMB"></g></l></v></tfr></token><token id="698146" text="раз"><tfr rev_id="4509796" t="раз"><v><l id="291500" t="раз"><g v="NOUN"></g><g v="inan"></g><g v="masc"></g><g v="sing"></g><g v="nomn"></g></l></v><v><l id="291500" t="раз"><g v="NOUN"></g><g v="inan"></g><g v="masc"></g><g v="sing"></g><g v="accs"></g></l></v></tfr></token><token id="698147" text=","><tfr rev_id="1530008" t=","><v><l id="0" t=","><g v="PNCT"></g></l></v></tfr></token><token id="698148" text="и"><tfr rev_id="1530009" t="и"><v><l id="116949" t="и"><g v="CONJ"></g></l></v><v><l id="116950" t="и"><g v="INTJ"></g></l></v></tfr></token><token id="698149" text="выглядело"><tfr rev_id="1530010" t="выглядело"><v><l id="56595" t="выглядел"><g v="VERB"></g><g v="perf"></g><g v="tran"></g><g v="neut"></g><g v="sing"></g><g v="past"></g><g v="indc"></g></l></v><v><l id="56599" t="выгляжу"><g v="VERB"></g><g v="impf"></g><g v="intr"></g><g v="neut"></g><g v="sing"></g><g v="past"></g><g v="indc"></g></l></v></tfr></token><token id="698150" text="это"><tfr rev_id="4441868" t="это"><v><l id="386574" t="это"><g v="PRCL"></g></l></v><v><l id="386575" t="это"><g v="NPRO"></g><g v="neut"></g><g v="sing"></g><g v="nomn"></g></l></v><v><l id="386575" t="это"><g v="NPRO"></g><g v="neut"></g><g v="sing"></g><g v="accs"></g></l></v><v><l id="386581" t="этот"><g v="ADJF"></g><g v="Subx"></g><g v="Apro"></g><g v="Anph"></g><g v="neut"></g><g v="sing"></g><g v="nomn"></g></l></v><v><l id="386581" t="этот"><g v="ADJF"></g><g v="Subx"></g><g v="Apro"></g><g v="Anph"></g><g v="neut"></g><g v="sing"></g><g v="accs"></g></l></v></tfr></token><token id="698151" text="очень"><tfr rev_id="1530012" t="очень"><v><l id="221681" t="очень"><g v="ADVB"></g></l></v></tfr></token><token id="698152" text="смело"><tfr rev_id="4369360" t="смело"><v><l id="326044" t="смело"><g v="ADVB"></g></l></v></tfr></token><token id="698153" text="."><tfr rev_id="1530014" t="."><v><l id="0" t="."><g v="PNCT"></g></l></v></tfr></token></tokens></sentence></paragraph><paragraph id="12524"><sentence id="39195"><source>Что касается деловой активности, то она так сильно замерла, что, по-моему, моего отсутствия и не заметят.</source><tokens><token id="698154" text="Что"><tfr rev_id="3197762" t="Что"><v><l id="377004" t="что"><g v="CONJ"></g></l></v><v><l id="377005" t="что"><g v="NPRO"></g><g v="neut"></g><g v="sing"></g><g v="nomn"></g></l></v><v><l id="377005" t="что"><g v="NPRO"></g><g v="neut"></g><g v="sing"></g><g v="accs"></g></l></v><v><l id="377006" t="что"><g v="ADVB"></g><g v="Ques"></g></l></v><v><l id="388695" t="что"><g v="PRCL"></g></l></v></tfr></token><token id="698155" text="касается"><tfr rev_id="1530016" t="касается"><v><l id="130961" t="касаюсь"><g v="VERB"></g><g v="impf"></g><g v="intr"></g><g v="sing"></g><g v="3per"></g><g v="pres"></g><g v="indc"></g></l></v></tfr></token><token id="698156" text="деловой"><tfr rev_id="2635715" t="деловой"><v><l id="80633" t="деловой"><g v="ADJF"></g><g v="femn"></g><g v="sing"></g><g v="gent"></g></l></v><v><l id="80633" t="деловой"><g v="ADJF"></g><g v="femn"></g><g v="sing"></g><g v="datv"></g></l></v><v><l id="80633" t="деловой"><g v="ADJF"></g><g v="femn"></g><g v="sing"></g><g v="ablt"></g></l></v><v><l id="80633" t="деловой"><g v="ADJF"></g><g v="femn"></g><g v="sing"></g><g v="loct"></g></l></v></tfr></token><token id="698157" text="активности"><tfr rev_id="4280936" t="активности"><v><l id="7664" t="активность"><g v="NOUN"></g><g v="inan"></g><g v="femn"></g><g v="sing"></g><g v="gent"></g></l></v></tfr></token><token id="698158" text=","><tfr rev_id="1530019" t=","><v><l id="0" t=","><g v="PNCT"></g></l></v></tfr></token><token id="698159" text="то"><tfr rev_id="3777727" t="то"><v><l id="346835" t="то"><g v="CONJ"></g></l></v><v><l id="346836" t="то"><g v="PRCL"></g></l></v><v><l id="348430" t="тот"><g v="ADJF"></g><g v="Subx"></g><g v="Apro"></g><g v="Anph"></g><g v="neut"></g><g v="sing"></g><g v="nomn"></g></l></v><v><l id="348430" t="тот"><g v="ADJF"></g><g v="Subx"></g><g v="Apro"></g><g v="Anph"></g><g v="neut"></g><g v="sing"></g><g v="accs"></g></l></v></tfr></token><token id="698160" text="она"><tfr rev_id="3586583" t="она"><v><l id="206544" t="она"><g v="NPRO"></g><g v="femn"></g><g v="3per"></g><g v="Anph"></g><g v="sing"></g><g v="nomn"></g></l></v></tfr></token><token id="698161" text="так"><tfr rev_id="1530022" t="так"><v><l id="342451" t="так"><g v="CONJ"></g></l></v><v><l id="342452" t="так"><g v="PRCL"></g></l></v><v><l id="342453" t="так"><g v="ADVB"></g><g v="Dmns"></g></l></v></tfr></token><token id="698162" text="сильно"><tfr rev_id="3526760" t="сильно"><v><l id="320515" t="сильно"><g v="ADVB"></g></l></v></tfr></token><token id="698163" text="замерла"><tfr rev_id="1530024" t="замерла"><v><l id="105426" t="замер"><g v="VERB"></g><g v="perf"></g><g v="intr"></g><g v="femn"></g><g v="sing"></g><g v="past"></g><g v="indc"></g></l></v></tfr></token><token id="698164" text=","><tfr rev_id="1530025" t=","><v><l id="0" t=","><g v="PNCT"></g></l></v></tfr></token><token id="698165" text="что"><tfr rev_id="3197763" t="что"><v><l id="377004" t="что"><g v="CONJ"></g></l></v><v><l id="377005" t="что"><g v="NPRO"></g><g v="neut"></g><g v="sing"></g><g v="nomn"></g></l></v><v><l id="377005" t="что"><g v="NPRO"></g><g v="neut"></g><g v="sing"></g><g v="accs"></g></l></v><v><l id="377006" t="что"><g v="ADVB"></g><g v="Ques"></g></l></v><v><l id="388695" t="что"><g v="PRCL"></g></l></v></tfr></token><token id="698166" text=","><tfr rev_id="1530027" t=","><v><l id="0" t=","><g v="PNCT"></g></l></v></tfr></token><token id="698167" text="по-моему"><tfr rev_id="4339621" t="по-моему"><v><l id="241290" t="по-моему"><g v="CONJ"></g><g v="Prnt"></g></l></v></tfr></token><token id="698168" text=","><tfr rev_id="1530029" t=","><v><l id="0" t=","><g v="PNCT"></g></l></v></tfr></token><token id="698169" text="моего"><tfr rev_id="3470324" t="моего"><v><l id="162570" t="мой"><g v="ADJF"></g><g v="Apro"></g><g v="neut"></g><g v="sing"></g><g v="gent"></g></l></v></tfr></token><token id="698170" text="отсутствия"><tfr rev_id="3501269" t="отсутствия"><v><l id="218692" t="отсутствие"><g v="NOUN"></g><g v="inan"></g><g v="neut"></g><g v="sing"></g><g v="gent"></g></l></v></tfr></token><token id="698171" text="и"><tfr rev_id="1530032" t="и"><v><l id="116949" t="и"><g v="CONJ"></g></l></v><v><l id="116950" t="и"><g v="INTJ"></g></l></v></tfr></token><token id="698172" text="не"><tfr rev_id="1530033" t="не"><v><l id="178876" t="не"><g v="PRCL"></g></l></v></tfr></token><token id="698173" text="заметят"><tfr rev_id="1530034" t="заметят"><v><l id="105525" t="заметил"><g v="VERB"></g><g v="perf"></g><g v="tran"></g><g v="plur"></g><g v="3per"></g><g v="futr"></g><g v="indc"></g></l></v></tfr></token><token id="698174" text="."><tfr rev_id="1530035" t="."><v><l id="0" t="."><g v="PNCT"></g></l></v></tfr></token></tokens></sentence><sentence id="39196"><source>Не очень хорошо, но надо жже обратить это к своей пользе.</source><tokens><token id="698175" text="Не"><tfr rev_id="1530036" t="Не"><v><l id="178876" t="не"><g v="PRCL"></g></l></v></tfr></token><token id="698176" text="очень"><tfr rev_id="1530037" t="очень"><v><l id="221681" t="очень"><g v="ADVB"></g></l></v></tfr></token><token id="698177" text="хорошо"><tfr rev_id="1530038" t="хорошо"><v><l id="371669" t="хорош"><g v="ADJS"></g><g v="Qual"></g><g v="neut"></g><g v="sing"></g></l></v><v><l id="371678" t="хорошо"><g v="ADVB"></g><g v="Prdx"></g></l></v><v><l id="371679" t="хорошо"><g v="PRCL"></g></l></v><v><l id="371680" t="хорошо"><g v="PRED"></g><g v="pres"></g></l></v></tfr></token><token id="698178" text=","><tfr rev_id="1530039" t=","><v><l id="0" t=","><g v="PNCT"></g></l></v></tfr></token><token id="698179" text="но"><tfr rev_id="1530040" t="но"><v><l id="191429" t="но"><g v="CONJ"></g></l></v><v><l id="191430" t="но"><g v="INTJ"></g></l></v></tfr></token><token id="698180" text="надо"><tfr rev_id="4316131" t="надо"><v><l id="169144" t="надо"><g v="PRED"></g><g v="pres"></g></l></v></tfr></token><token id="698181" text="жже"><tfr rev_id="1530042" t="жже"><v><l id="0" t="жже"><g v="UNKN"></g></l></v></tfr></token><token id="698182" text="обратить"><tfr rev_id="1530043" t="обратить"><v><l id="198923" t="обратить"><g v="INFN"></g><g v="perf"></g><g v="tran"></g></l></v></tfr></token><token id="698183" text="это"><tfr rev_id="4441869" t="это"><v><l id="386574" t="это"><g v="PRCL"></g></l></v><v><l id="386575" t="это"><g v="NPRO"></g><g v="neut"></g><g v="sing"></g><g v="nomn"></g></l></v><v><l id="386575" t="это"><g v="NPRO"></g><g v="neut"></g><g v="sing"></g><g v="accs"></g></l></v><v><l id="386581" t="этот"><g v="ADJF"></g><g v="Subx"></g><g v="Apro"></g><g v="Anph"></g><g v="neut"></g><g v="sing"></g><g v="nomn"></g></l></v><v><l id="386581" t="этот"><g v="ADJF"></g><g v="Subx"></g><g v="Apro"></g><g v="Anph"></g><g v="neut"></g><g v="sing"></g><g v="accs"></g></l></v></tfr></token><token id="698184" text="к"><tfr rev_id="1530045" t="к"><v><l id="127460" t="к"><g v="PREP"></g></l></v></tfr></token><token id="698185" text="своей"><tfr rev_id="3631634" t="своей"><v><l id="316379" t="свой"><g v="ADJF"></g><g v="Apro"></g><g v="Anph"></g><g v="femn"></g><g v="sing"></g><g v="datv"></g></l></v></tfr></token><token id="698186" text="пользе"><tfr rev_id="3557835" t="пользе"><v><l id="257077" t="польза"><g v="NOUN"></g><g v="inan"></g><g v="femn"></g><g v="sing"></g><g v="datv"></g></l></v></tfr></token><token id="698187" text="."><tfr rev_id="1530048" t="."><v><l id="0" t="."><g v="PNCT"></g></l></v></tfr></token></tokens></sentence></paragraph><paragraph id="12525"><sentence id="39197"><source>Будем ужасно скучать по нашему папе, уже начинаем ;)</source><tokens><token id="698188" text="Будем"><tfr rev_id="1530049" t="Будем"><v><l id="37265" t="есть"><g v="VERB"></g><g v="impf"></g><g v="intr"></g><g v="plur"></g><g v="1per"></g><g v="futr"></g><g v="indc"></g></l></v><v><l id="37265" t="есть"><g v="VERB"></g><g v="impf"></g><g v="intr"></g><g v="sing"></g><g v="impr"></g><g v="incl"></g></l></v></tfr></token><token id="698189" text="ужасно"><tfr rev_id="4239266" t="ужасно"><v><l id="355471" t="ужасно"><g v="ADVB"></g></l></v></tfr></token><token id="698190" text="скучать"><tfr rev_id="1530051" t="скучать"><v><l id="324070" t="скучать"><g v="INFN"></g><g v="impf"></g><g v="intr"></g></l></v></tfr></token><token id="698191" text="по"><tfr rev_id="1530052" t="по"><v><l id="241240" t="по"><g v="PREP"></g></l></v></tfr></token><token id="698192" text="нашему"><tfr rev_id="3285102" t="нашему"><v><l id="178492" t="наш"><g v="ADJF"></g><g v="Apro"></g><g v="masc"></g><g v="sing"></g><g v="datv"></g></l></v></tfr></token><token id="698193" text="папе"><tfr rev_id="2737662" t="папе"><v><l id="223530" t="папа"><g v="NOUN"></g><g v="anim"></g><g v="masc"></g><g v="sing"></g><g v="datv"></g></l></v></tfr></token><token id="698194" text=","><tfr rev_id="1530055" t=","><v><l id="0" t=","><g v="PNCT"></g></l></v></tfr></token><token id="698195" text="уже"><tfr rev_id="2692913" t="уже"><v><l id="355422" t="уж"><g v="NOUN"></g><g v="anim"></g><g v="masc"></g><g v="sing"></g><g v="loct"></g></l></v><v><l id="355498" t="уже"><g v="ADVB"></g></l></v><v><l id="355674" t="уже"><g v="COMP"></g><g v="Qual"></g></l></v><v><l id="388673" t="уже"><g v="PRCL"></g></l></v></tfr></token><token id="698196" text="начинаем"><tfr rev_id="2825398" t="начинаем"><v><l id="178340" t="начинаю"><g v="VERB"></g><g v="impf"></g><g v="tran"></g><g v="plur"></g><g v="1per"></g><g v="pres"></g><g v="indc"></g></l></v></tfr></token><token id="698197" text=";)"><tfr rev_id="1530058" t=";)"><v><l id="0" t=";)"><g v="PNCT"></g></l></v></tfr></token></tokens></sentence></paragraph><paragraph id="12526"><sentence id="39198"><source>Вот.</source><tokens><token id="698198" text="Вот"><tfr rev_id="3363431" t="Вот"><v><l id="52157" t="вот"><g v="PRCL"></g></l></v></tfr></token><token id="698199" text="."><tfr rev_id="1530060" t="."><v><l id="0" t="."><g v="PNCT"></g></l></v></tfr></token></tokens></sentence><sentence id="39199"><source>Если что, пишите.</source><tokens><token id="698200" text="Если"><tfr rev_id="1530061" t="Если"><v><l id="95365" t="если"><g v="CONJ"></g></l></v></tfr></token><token id="698201" text="что"><tfr rev_id="3197764" t="что"><v><l id="377004" t="что"><g v="CONJ"></g></l></v><v><l id="377005" t="что"><g v="NPRO"></g><g v="neut"></g><g v="sing"></g><g v="nomn"></g></l></v><v><l id="377005" t="что"><g v="NPRO"></g><g v="neut"></g><g v="sing"></g><g v="accs"></g></l></v><v><l id="377006" t="что"><g v="ADVB"></g><g v="Ques"></g></l></v><v><l id="388695" t="что"><g v="PRCL"></g></l></v></tfr></token><token id="698202" text=","><tfr rev_id="1530063" t=","><v><l id="0" t=","><g v="PNCT"></g></l></v></tfr></token><token id="698203" text="пишите"><tfr rev_id="1530064" t="пишите"><v><l id="239101" t="пишу"><g v="VERB"></g><g v="impf"></g><g v="tran"></g><g v="plur"></g><g v="impr"></g><g v="excl"></g></l></v></tfr></token><token id="698204" text="."><tfr rev_id="1530065" t="."><v><l id="0" t="."><g v="PNCT"></g></l></v></tfr></token></tokens></sentence><sentence id="39200"><source>Я с вами целых 3 дня ;)</source><tokens><token id="698205" text="Я"><tfr rev_id="1530066" t="Я"><v><l id="387317" t="я"><g v="NPRO"></g><g v="1per"></g><g v="sing"></g><g v="nomn"></g></l></v></tfr></token><token id="698206" text="с"><tfr rev_id="1530067" t="с"><v><l id="311151" t="с"><g v="PREP"></g></l></v></tfr></token><token id="698207" text="вами"><tfr rev_id="1530068" t="вами"><v><l id="55560" t="вы"><g v="NPRO"></g><g v="2per"></g><g v="plur"></g><g v="ablt"></g></l></v></tfr></token><token id="698208" text="целых"><tfr rev_id="4428116" t="целых"><v><l id="373212" t="целый"><g v="ADJF"></g><g v="Qual"></g><g v="plur"></g><g v="gent"></g></l></v></tfr></token><token id="698209" text="3"><tfr rev_id="2462882" t="3"><v><l id="0" t="3"><g v="NUMB"></g></l></v></tfr></token><token id="698210" text="дня"><tfr rev_id="1530071" t="дня"><v><l id="81427" t="день"><g v="NOUN"></g><g v="inan"></g><g v="masc"></g><g v="sing"></g><g v="gent"></g></l></v></tfr></token><token id="698211" text=";)"><tfr rev_id="1530072" t=";)"><v><l id="0" t=";)"><g v="PNCT"></g></l></v></tfr></token></tokens></sentence></paragraph></paragraphs></text>