<?xml version="1.0" encoding="utf-8"?><text id="1406" parent="56" name="Германия озабочена подходом США к развёртыванию противоракетной обороны в Европе"><tags><tag>Автор:http://ru.wikinews.org/wiki/Участник:Ygrek</tag><tag>Дата:19/02</tag><tag>Год:2007</tag><tag>Тема:ВикиКатегория:Политика США</tag><tag>Гео:ВикиКатегория:Германия</tag><tag>Гео:ВикиКатегория:Польша</tag><tag>Гео:ВикиКатегория:Россия</tag><tag>Гео:ВикиКатегория:Чехия</tag><tag>url:http://ru.wikinews.org/w/index.php?title=Германия_озабочена_подходом_США_к_развёртыванию_противоракетной_обороны_в_Европе&amp;oldid=59261</tag></tags><paragraphs><paragraph id="12764"><sentence id="39705"><source>Министр иностранных дел Германии Франк-Вальтер Штайнмайер считает, что США должны провести консультации со всеми заинтересованными сторонами о своих планах по размещению систем противоракетной оборон в Европе.</source><tokens><token id="705920" text="Министр"><tfr rev_id="1537777" t="Министр"><v><l id="160614" t="министр"><g v="NOUN"></g><g v="anim"></g><g v="masc"></g><g v="sing"></g><g v="nomn"></g></l></v></tfr></token><token id="705921" text="иностранных"><tfr rev_id="4360644" t="иностранных"><v><l id="122754" t="иностранный"><g v="ADJF"></g><g v="plur"></g><g v="gent"></g></l></v></tfr></token><token id="705922" text="дел"><tfr rev_id="1716321" t="дел"><v><l id="80628" t="дело"><g v="NOUN"></g><g v="inan"></g><g v="neut"></g><g v="plur"></g><g v="gent"></g></l></v></tfr></token><token id="705923" text="Германии"><tfr rev_id="4181195" t="Германии"><v><l id="69099" t="германия"><g v="NOUN"></g><g v="inan"></g><g v="femn"></g><g v="Sgtm"></g><g v="Geox"></g><g v="sing"></g><g v="gent"></g></l></v></tfr></token><token id="705924" text="Франк"><tfr rev_id="4163088" t="Франк"><v><l id="367959" t="франк"><g v="NOUN"></g><g v="anim"></g><g v="masc"></g><g v="sing"></g><g v="nomn"></g></l></v></tfr></token><token id="705925" text="-"><tfr rev_id="1537782" t="-"><v><l id="0" t="-"><g v="PNCT"></g></l></v></tfr></token><token id="705926" text="Вальтер"><tfr rev_id="1537783" t="Вальтер"><v><l id="38409" t="вальтер"><g v="NOUN"></g><g v="anim"></g><g v="masc"></g><g v="Name"></g><g v="sing"></g><g v="nomn"></g></l></v></tfr></token><token id="705927" text="Штайнмайер"><tfr rev_id="1537784" t="Штайнмайер"><v><l id="0" t="штайнмайер"><g v="UNKN"></g></l></v></tfr></token><token id="705928" text="считает"><tfr rev_id="1537785" t="считает"><v><l id="341320" t="считаю"><g v="VERB"></g><g v="impf"></g><g v="tran"></g><g v="sing"></g><g v="3per"></g><g v="pres"></g><g v="indc"></g></l></v><v><l id="341329" t="считал"><g v="VERB"></g><g v="perf"></g><g v="tran"></g><g v="sing"></g><g v="3per"></g><g v="futr"></g><g v="indc"></g></l></v></tfr></token><token id="705929" text=","><tfr rev_id="1537786" t=","><v><l id="0" t=","><g v="PNCT"></g></l></v></tfr></token><token id="705930" text="что"><tfr rev_id="3197815" t="что"><v><l id="377004" t="что"><g v="CONJ"></g></l></v><v><l id="377005" t="что"><g v="NPRO"></g><g v="neut"></g><g v="sing"></g><g v="nomn"></g></l></v><v><l id="377005" t="что"><g v="NPRO"></g><g v="neut"></g><g v="sing"></g><g v="accs"></g></l></v><v><l id="377006" t="что"><g v="ADVB"></g><g v="Ques"></g></l></v><v><l id="388695" t="что"><g v="PRCL"></g></l></v></tfr></token><token id="705931" text="США"><tfr rev_id="3811449" t="США"><v><l id="341371" t="сша"><g v="NOUN"></g><g v="inan"></g><g v="GNdr"></g><g v="Pltm"></g><g v="Fixd"></g><g v="Abbr"></g><g v="Geox"></g><g v="plur"></g><g v="nomn"></g></l></v><v><l id="341371" t="сша"><g v="NOUN"></g><g v="inan"></g><g v="GNdr"></g><g v="Pltm"></g><g v="Fixd"></g><g v="Abbr"></g><g v="Geox"></g><g v="plur"></g><g v="gent"></g></l></v><v><l id="341371" t="сша"><g v="NOUN"></g><g v="inan"></g><g v="GNdr"></g><g v="Pltm"></g><g v="Fixd"></g><g v="Abbr"></g><g v="Geox"></g><g v="plur"></g><g v="datv"></g></l></v><v><l id="341371" t="сша"><g v="NOUN"></g><g v="inan"></g><g v="GNdr"></g><g v="Pltm"></g><g v="Fixd"></g><g v="Abbr"></g><g v="Geox"></g><g v="plur"></g><g v="accs"></g></l></v><v><l id="341371" t="сша"><g v="NOUN"></g><g v="inan"></g><g v="GNdr"></g><g v="Pltm"></g><g v="Fixd"></g><g v="Abbr"></g><g v="Geox"></g><g v="plur"></g><g v="ablt"></g></l></v><v><l id="341371" t="сша"><g v="NOUN"></g><g v="inan"></g><g v="GNdr"></g><g v="Pltm"></g><g v="Fixd"></g><g v="Abbr"></g><g v="Geox"></g><g v="plur"></g><g v="loct"></g></l></v></tfr></token><token id="705932" text="должны"><tfr rev_id="2559340" t="должны"><v><l id="87975" t="должен"><g v="ADJS"></g><g v="plur"></g></l></v></tfr></token><token id="705933" text="провести"><tfr rev_id="1537790" t="провести"><v><l id="277831" t="провести"><g v="INFN"></g><g v="perf"></g><g v="tran"></g></l></v></tfr></token><token id="705934" text="консультации"><tfr rev_id="3761813" t="консультации"><v><l id="138299" t="консультация"><g v="NOUN"></g><g v="inan"></g><g v="femn"></g><g v="plur"></g><g v="accs"></g></l></v></tfr></token><token id="705935" text="со"><tfr rev_id="2919293" t="со"><v><l id="311151" t="с"><g v="PREP"></g><g v="Vpre"></g></l></v></tfr></token><token id="705936" text="всеми"><tfr rev_id="4136520" t="всеми"><v><l id="42156" t="весь"><g v="ADJF"></g><g v="Subx"></g><g v="Apro"></g><g v="plur"></g><g v="ablt"></g></l></v></tfr></token><token id="705937" text="заинтересованными"><tfr rev_id="1537794" t="заинтересованными"><v><l id="102709" t="заинтересованный"><g v="ADJF"></g><g v="Qual"></g><g v="plur"></g><g v="ablt"></g></l></v><v><l id="102715" t="заинтересованный"><g v="PRTF"></g><g v="perf"></g><g v="tran"></g><g v="past"></g><g v="pssv"></g><g v="plur"></g><g v="ablt"></g></l></v></tfr></token><token id="705938" text="сторонами"><tfr rev_id="1537795" t="сторонами"><v><l id="336894" t="сторона"><g v="NOUN"></g><g v="inan"></g><g v="femn"></g><g v="plur"></g><g v="ablt"></g></l></v></tfr></token><token id="705939" text="о"><tfr rev_id="3328768" t="о"><v><l id="192977" t="о"><g v="PREP"></g></l></v></tfr></token><token id="705940" text="своих"><tfr rev_id="3633860" t="своих"><v><l id="316379" t="свой"><g v="ADJF"></g><g v="Apro"></g><g v="Anph"></g><g v="plur"></g><g v="loct"></g></l></v></tfr></token><token id="705941" text="планах"><tfr rev_id="1537798" t="планах"><v><l id="239677" t="план"><g v="NOUN"></g><g v="inan"></g><g v="masc"></g><g v="plur"></g><g v="loct"></g></l></v></tfr></token><token id="705942" text="по"><tfr rev_id="1537799" t="по"><v><l id="241240" t="по"><g v="PREP"></g></l></v></tfr></token><token id="705943" text="размещению"><tfr rev_id="1537800" t="размещению"><v><l id="295140" t="размещение"><g v="NOUN"></g><g v="inan"></g><g v="neut"></g><g v="sing"></g><g v="datv"></g></l></v></tfr></token><token id="705944" text="систем"><tfr rev_id="1537801" t="систем"><v><l id="321350" t="система"><g v="NOUN"></g><g v="inan"></g><g v="femn"></g><g v="plur"></g><g v="gent"></g></l></v></tfr></token><token id="705945" text="противоракетной"><tfr rev_id="4315997" t="противоракетной"><v><l id="286102" t="противоракетный"><g v="ADJF"></g><g v="femn"></g><g v="sing"></g><g v="gent"></g></l></v></tfr></token><token id="705946" text="оборон"><tfr rev_id="1537803" t="оборон"><v><l id="198479" t="оборона"><g v="NOUN"></g><g v="inan"></g><g v="femn"></g><g v="plur"></g><g v="gent"></g></l></v></tfr></token><token id="705947" text="в"><tfr rev_id="1537804" t="в"><v><l id="37409" t="в"><g v="PREP"></g></l></v></tfr></token><token id="705948" text="Европе"><tfr rev_id="3309801" t="Европе"><v><l id="94019" t="европа"><g v="NOUN"></g><g v="inan"></g><g v="femn"></g><g v="Sgtm"></g><g v="Geox"></g><g v="sing"></g><g v="loct"></g></l></v></tfr></token><token id="705949" text="."><tfr rev_id="1537806" t="."><v><l id="0" t="."><g v="PNCT"></g></l></v></tfr></token></tokens></sentence></paragraph><paragraph id="12765"><sentence id="39706"><source>Планы размещения систем противоракетной обороны в Польше и в Чехии, в непосредственной близости от российской границы, должны стать предметом для консультаций с Москвой.</source><tokens><token id="705950" text="Планы"><tfr rev_id="3757390" t="Планы"><v><l id="239677" t="план"><g v="NOUN"></g><g v="inan"></g><g v="masc"></g><g v="plur"></g><g v="nomn"></g></l></v></tfr></token><token id="705951" text="размещения"><tfr rev_id="3485341" t="размещения"><v><l id="295140" t="размещение"><g v="NOUN"></g><g v="inan"></g><g v="neut"></g><g v="sing"></g><g v="gent"></g></l></v></tfr></token><token id="705952" text="систем"><tfr rev_id="1537809" t="систем"><v><l id="321350" t="система"><g v="NOUN"></g><g v="inan"></g><g v="femn"></g><g v="plur"></g><g v="gent"></g></l></v></tfr></token><token id="705953" text="противоракетной"><tfr rev_id="4343317" t="противоракетной"><v><l id="286102" t="противоракетный"><g v="ADJF"></g><g v="femn"></g><g v="sing"></g><g v="gent"></g></l></v></tfr></token><token id="705954" text="обороны"><tfr rev_id="3460865" t="обороны"><v><l id="198479" t="оборона"><g v="NOUN"></g><g v="inan"></g><g v="femn"></g><g v="sing"></g><g v="gent"></g></l></v></tfr></token><token id="705955" text="в"><tfr rev_id="1537812" t="в"><v><l id="37409" t="в"><g v="PREP"></g></l></v></tfr></token><token id="705956" text="Польше"><tfr rev_id="2737777" t="Польше"><v><l id="257111" t="польша"><g v="NOUN"></g><g v="inan"></g><g v="femn"></g><g v="Sgtm"></g><g v="Geox"></g><g v="sing"></g><g v="loct"></g></l></v></tfr></token><token id="705957" text="и"><tfr rev_id="3551935" t="и"><v><l id="116949" t="и"><g v="CONJ"></g></l></v></tfr></token><token id="705958" text="в"><tfr rev_id="1537815" t="в"><v><l id="37409" t="в"><g v="PREP"></g></l></v></tfr></token><token id="705959" text="Чехии"><tfr rev_id="3455621" t="Чехии"><v><l id="376221" t="чехия"><g v="NOUN"></g><g v="inan"></g><g v="femn"></g><g v="Sgtm"></g><g v="Geox"></g><g v="sing"></g><g v="loct"></g></l></v></tfr></token><token id="705960" text=","><tfr rev_id="1537817" t=","><v><l id="0" t=","><g v="PNCT"></g></l></v></tfr></token><token id="705961" text="в"><tfr rev_id="1537818" t="в"><v><l id="37409" t="в"><g v="PREP"></g></l></v></tfr></token><token id="705962" text="непосредственной"><tfr rev_id="4170840" t="непосредственной"><v><l id="186235" t="непосредственный"><g v="ADJF"></g><g v="Qual"></g><g v="femn"></g><g v="sing"></g><g v="loct"></g></l></v></tfr></token><token id="705963" text="близости"><tfr rev_id="4101693" t="близости"><v><l id="30881" t="близость"><g v="NOUN"></g><g v="inan"></g><g v="femn"></g><g v="sing"></g><g v="loct"></g></l></v></tfr></token><token id="705964" text="от"><tfr rev_id="1537821" t="от"><v><l id="211644" t="от"><g v="PREP"></g></l></v></tfr></token><token id="705965" text="российской"><tfr rev_id="4317232" t="российской"><v><l id="309319" t="российский"><g v="ADJF"></g><g v="femn"></g><g v="sing"></g><g v="gent"></g></l></v></tfr></token><token id="705966" text="границы"><tfr rev_id="3468860" t="границы"><v><l id="74687" t="граница"><g v="NOUN"></g><g v="inan"></g><g v="femn"></g><g v="sing"></g><g v="gent"></g></l></v></tfr></token><token id="705967" text=","><tfr rev_id="1537824" t=","><v><l id="0" t=","><g v="PNCT"></g></l></v></tfr></token><token id="705968" text="должны"><tfr rev_id="2559341" t="должны"><v><l id="87975" t="должен"><g v="ADJS"></g><g v="plur"></g></l></v></tfr></token><token id="705969" text="стать"><tfr rev_id="1712989" t="стать"><v><l id="335165" t="стать"><g v="INFN"></g><g v="perf"></g><g v="intr"></g></l></v></tfr></token><token id="705970" text="предметом"><tfr rev_id="1537827" t="предметом"><v><l id="266555" t="предмет"><g v="NOUN"></g><g v="inan"></g><g v="masc"></g><g v="sing"></g><g v="ablt"></g></l></v></tfr></token><token id="705971" text="для"><tfr rev_id="3408546" t="для"><v><l id="85032" t="для"><g v="PREP"></g></l></v></tfr></token><token id="705972" text="консультаций"><tfr rev_id="1537829" t="консультаций"><v><l id="138299" t="консультация"><g v="NOUN"></g><g v="inan"></g><g v="femn"></g><g v="plur"></g><g v="gent"></g></l></v></tfr></token><token id="705973" text="с"><tfr rev_id="1537830" t="с"><v><l id="311151" t="с"><g v="PREP"></g></l></v></tfr></token><token id="705974" text="Москвой"><tfr rev_id="1537831" t="Москвой"><v><l id="163901" t="москва"><g v="NOUN"></g><g v="inan"></g><g v="femn"></g><g v="Sgtm"></g><g v="Geox"></g><g v="sing"></g><g v="ablt"></g></l></v></tfr></token><token id="705975" text="."><tfr rev_id="1537832" t="."><v><l id="0" t="."><g v="PNCT"></g></l></v></tfr></token></tokens></sentence></paragraph><paragraph id="12766"><sentence id="39707"><source>«Учитывая стратегическую природу таких проектов, я призываю к благоразумному подходу и интенсивному диалогу со всеми заинтересованными партнёрами», говорит Штайнмайер.</source><tokens><token id="705976" text="«"><tfr rev_id="2447444" t="«"><v><l id="0" t="«"><g v="PNCT"></g></l></v></tfr></token><token id="705977" text="Учитывая"><tfr rev_id="1537834" t="Учитывая"><v><l id="363307" t="учитывая"><g v="GRND"></g><g v="impf"></g><g v="tran"></g><g v="pres"></g></l></v></tfr></token><token id="705978" text="стратегическую"><tfr rev_id="1537835" t="стратегическую"><v><l id="337167" t="стратегический"><g v="ADJF"></g><g v="femn"></g><g v="sing"></g><g v="accs"></g></l></v></tfr></token><token id="705979" text="природу"><tfr rev_id="1537836" t="природу"><v><l id="273925" t="природа"><g v="NOUN"></g><g v="inan"></g><g v="femn"></g><g v="sing"></g><g v="accs"></g></l></v></tfr></token><token id="705980" text="таких"><tfr rev_id="4099745" t="таких"><v><l id="342491" t="такой"><g v="ADJF"></g><g v="Apro"></g><g v="plur"></g><g v="gent"></g></l></v></tfr></token><token id="705981" text="проектов"><tfr rev_id="1537838" t="проектов"><v><l id="279545" t="проект"><g v="NOUN"></g><g v="inan"></g><g v="masc"></g><g v="plur"></g><g v="gent"></g></l></v></tfr></token><token id="705982" text=","><tfr rev_id="1537839" t=","><v><l id="0" t=","><g v="PNCT"></g></l></v></tfr></token><token id="705983" text="я"><tfr rev_id="1537840" t="я"><v><l id="387317" t="я"><g v="NPRO"></g><g v="1per"></g><g v="sing"></g><g v="nomn"></g></l></v></tfr></token><token id="705984" text="призываю"><tfr rev_id="1537841" t="призываю"><v><l id="270689" t="призываю"><g v="VERB"></g><g v="impf"></g><g v="tran"></g><g v="sing"></g><g v="1per"></g><g v="pres"></g><g v="indc"></g></l></v></tfr></token><token id="705985" text="к"><tfr rev_id="1537842" t="к"><v><l id="127460" t="к"><g v="PREP"></g></l></v></tfr></token><token id="705986" text="благоразумному"><tfr rev_id="4204900" t="благоразумному"><v><l id="30521" t="благоразумный"><g v="ADJF"></g><g v="Qual"></g><g v="masc"></g><g v="sing"></g><g v="datv"></g></l></v></tfr></token><token id="705987" text="подходу"><tfr rev_id="1537844" t="подходу"><v><l id="252171" t="подход"><g v="NOUN"></g><g v="inan"></g><g v="masc"></g><g v="sing"></g><g v="datv"></g></l></v></tfr></token><token id="705988" text="и"><tfr rev_id="1537845" t="и"><v><l id="116949" t="и"><g v="CONJ"></g></l></v><v><l id="116950" t="и"><g v="INTJ"></g></l></v></tfr></token><token id="705989" text="интенсивному"><tfr rev_id="3302475" t="интенсивному"><v><l id="123091" t="интенсивный"><g v="ADJF"></g><g v="Qual"></g><g v="masc"></g><g v="sing"></g><g v="datv"></g></l></v></tfr></token><token id="705990" text="диалогу"><tfr rev_id="1537847" t="диалогу"><v><l id="83393" t="диалог"><g v="NOUN"></g><g v="inan"></g><g v="masc"></g><g v="sing"></g><g v="datv"></g></l></v></tfr></token><token id="705991" text="со"><tfr rev_id="2919294" t="со"><v><l id="311151" t="с"><g v="PREP"></g><g v="Vpre"></g></l></v></tfr></token><token id="705992" text="всеми"><tfr rev_id="4136521" t="всеми"><v><l id="42156" t="весь"><g v="ADJF"></g><g v="Subx"></g><g v="Apro"></g><g v="plur"></g><g v="ablt"></g></l></v></tfr></token><token id="705993" text="заинтересованными"><tfr rev_id="1537850" t="заинтересованными"><v><l id="102709" t="заинтересованный"><g v="ADJF"></g><g v="Qual"></g><g v="plur"></g><g v="ablt"></g></l></v><v><l id="102715" t="заинтересованный"><g v="PRTF"></g><g v="perf"></g><g v="tran"></g><g v="past"></g><g v="pssv"></g><g v="plur"></g><g v="ablt"></g></l></v></tfr></token><token id="705994" text="партнёрами"><tfr rev_id="1537851" t="партнёрами"><v><l id="224438" t="партнёр"><g v="NOUN"></g><g v="anim"></g><g v="masc"></g><g v="plur"></g><g v="ablt"></g></l></v></tfr></token><token id="705995" text="»"><tfr rev_id="2447445" t="»"><v><l id="0" t="»"><g v="PNCT"></g></l></v></tfr></token><token id="705996" text=","><tfr rev_id="1537853" t=","><v><l id="0" t=","><g v="PNCT"></g></l></v></tfr></token><token id="705997" text="говорит"><tfr rev_id="1537854" t="говорит"><v><l id="72053" t="говорю"><g v="VERB"></g><g v="impf"></g><g v="tran"></g><g v="sing"></g><g v="3per"></g><g v="pres"></g><g v="indc"></g></l></v></tfr></token><token id="705998" text="Штайнмайер"><tfr rev_id="1537855" t="Штайнмайер"><v><l id="0" t="штайнмайер"><g v="UNKN"></g></l></v></tfr></token><token id="705999" text="."><tfr rev_id="1537856" t="."><v><l id="0" t="."><g v="PNCT"></g></l></v></tfr></token></tokens></sentence></paragraph><paragraph id="12767"><sentence id="39708"><source>Американский Министр обороны Роберт Гейтс утверждает, что новая система противоракетной обороны, которая подразумевает размещение 10 ракет-перехватчиков в Польше и в Чехии, не направлена против России, но предназначена защищать Европу от ракет, запущенных на Ближнем Востоке.</source><tokens><token id="706000" text="Американский"><tfr rev_id="1537857" t="Американский"><v><l id="11429" t="американский"><g v="ADJF"></g><g v="masc"></g><g v="sing"></g><g v="nomn"></g></l></v><v><l id="11429" t="американский"><g v="ADJF"></g><g v="inan"></g><g v="masc"></g><g v="sing"></g><g v="accs"></g></l></v></tfr></token><token id="706001" text="Министр"><tfr rev_id="1537858" t="Министр"><v><l id="160614" t="министр"><g v="NOUN"></g><g v="anim"></g><g v="masc"></g><g v="sing"></g><g v="nomn"></g></l></v></tfr></token><token id="706002" text="обороны"><tfr rev_id="3488269" t="обороны"><v><l id="198479" t="оборона"><g v="NOUN"></g><g v="inan"></g><g v="femn"></g><g v="sing"></g><g v="gent"></g></l></v></tfr></token><token id="706003" text="Роберт"><tfr rev_id="3484653" t="Роберт"><v><l id="308039" t="роберт"><g v="NOUN"></g><g v="anim"></g><g v="masc"></g><g v="Name"></g><g v="sing"></g><g v="nomn"></g></l></v></tfr></token><token id="706004" text="Гейтс"><tfr rev_id="3783015" t="Гейтс"><v><l id="68164" t="гейтс"><g v="NOUN"></g><g v="anim"></g><g v="masc"></g><g v="Sgtm"></g><g v="Surn"></g><g v="sing"></g><g v="nomn"></g></l></v></tfr></token><token id="706005" text="утверждает"><tfr rev_id="1537862" t="утверждает"><v><l id="361706" t="утверждаю"><g v="VERB"></g><g v="impf"></g><g v="tran"></g><g v="sing"></g><g v="3per"></g><g v="pres"></g><g v="indc"></g></l></v><v><l id="361713" t="утверждаю"><g v="VERB"></g><g v="impf"></g><g v="intr"></g><g v="sing"></g><g v="3per"></g><g v="pres"></g><g v="indc"></g></l></v></tfr></token><token id="706006" text=","><tfr rev_id="1537863" t=","><v><l id="0" t=","><g v="PNCT"></g></l></v></tfr></token><token id="706007" text="что"><tfr rev_id="3197816" t="что"><v><l id="377004" t="что"><g v="CONJ"></g></l></v><v><l id="377005" t="что"><g v="NPRO"></g><g v="neut"></g><g v="sing"></g><g v="nomn"></g></l></v><v><l id="377005" t="что"><g v="NPRO"></g><g v="neut"></g><g v="sing"></g><g v="accs"></g></l></v><v><l id="377006" t="что"><g v="ADVB"></g><g v="Ques"></g></l></v><v><l id="388695" t="что"><g v="PRCL"></g></l></v></tfr></token><token id="706008" text="новая"><tfr rev_id="1537865" t="новая"><v><l id="191918" t="новый"><g v="ADJF"></g><g v="Qual"></g><g v="femn"></g><g v="sing"></g><g v="nomn"></g></l></v></tfr></token><token id="706009" text="система"><tfr rev_id="1537866" t="система"><v><l id="321350" t="система"><g v="NOUN"></g><g v="inan"></g><g v="femn"></g><g v="sing"></g><g v="nomn"></g></l></v></tfr></token><token id="706010" text="противоракетной"><tfr rev_id="4167446" t="противоракетной"><v><l id="286102" t="противоракетный"><g v="ADJF"></g><g v="femn"></g><g v="sing"></g><g v="gent"></g></l></v></tfr></token><token id="706011" text="обороны"><tfr rev_id="3504703" t="обороны"><v><l id="198479" t="оборона"><g v="NOUN"></g><g v="inan"></g><g v="femn"></g><g v="sing"></g><g v="gent"></g></l></v></tfr></token><token id="706012" text=","><tfr rev_id="1537869" t=","><v><l id="0" t=","><g v="PNCT"></g></l></v></tfr></token><token id="706013" text="которая"><tfr rev_id="3639860" t="которая"><v><l id="141203" t="который"><g v="ADJF"></g><g v="Apro"></g><g v="Subx"></g><g v="Anph"></g><g v="femn"></g><g v="sing"></g><g v="nomn"></g></l></v></tfr></token><token id="706014" text="подразумевает"><tfr rev_id="1537871" t="подразумевает"><v><l id="249533" t="подразумеваю"><g v="VERB"></g><g v="impf"></g><g v="tran"></g><g v="sing"></g><g v="3per"></g><g v="pres"></g><g v="indc"></g></l></v></tfr></token><token id="706015" text="размещение"><tfr rev_id="4108122" t="размещение"><v><l id="295140" t="размещение"><g v="NOUN"></g><g v="inan"></g><g v="neut"></g><g v="sing"></g><g v="accs"></g></l></v></tfr></token><token id="706016" text="10"><tfr rev_id="2462936" t="10"><v><l id="0" t="10"><g v="NUMB"></g></l></v></tfr></token><token id="706017" text="ракет"><tfr rev_id="1537874" t="ракет"><v><l id="297650" t="ракета"><g v="NOUN"></g><g v="inan"></g><g v="femn"></g><g v="plur"></g><g v="gent"></g></l></v></tfr></token><token id="706018" text="-"><tfr rev_id="1537875" t="-"><v><l id="0" t="-"><g v="PNCT"></g></l></v></tfr></token><token id="706019" text="перехватчиков"><tfr rev_id="4342711" t="перехватчиков"><v><l id="236296" t="перехватчик"><g v="NOUN"></g><g v="inan"></g><g v="masc"></g><g v="plur"></g><g v="gent"></g></l></v></tfr></token><token id="706020" text="в"><tfr rev_id="1537877" t="в"><v><l id="37409" t="в"><g v="PREP"></g></l></v></tfr></token><token id="706021" text="Польше"><tfr rev_id="3447108" t="Польше"><v><l id="257111" t="польша"><g v="NOUN"></g><g v="inan"></g><g v="femn"></g><g v="Sgtm"></g><g v="Geox"></g><g v="sing"></g><g v="loct"></g></l></v></tfr></token><token id="706022" text="и"><tfr rev_id="3462513" t="и"><v><l id="116949" t="и"><g v="CONJ"></g></l></v></tfr></token><token id="706023" text="в"><tfr rev_id="1537880" t="в"><v><l id="37409" t="в"><g v="PREP"></g></l></v></tfr></token><token id="706024" text="Чехии"><tfr rev_id="3455179" t="Чехии"><v><l id="376221" t="чехия"><g v="NOUN"></g><g v="inan"></g><g v="femn"></g><g v="Sgtm"></g><g v="Geox"></g><g v="sing"></g><g v="loct"></g></l></v></tfr></token><token id="706025" text=","><tfr rev_id="1537882" t=","><v><l id="0" t=","><g v="PNCT"></g></l></v></tfr></token><token id="706026" text="не"><tfr rev_id="1537883" t="не"><v><l id="178876" t="не"><g v="PRCL"></g></l></v></tfr></token><token id="706027" text="направлена"><tfr rev_id="1537884" t="направлена"><v><l id="173956" t="направлен"><g v="PRTS"></g><g v="perf"></g><g v="past"></g><g v="pssv"></g><g v="femn"></g><g v="sing"></g></l></v></tfr></token><token id="706028" text="против"><tfr rev_id="4485056" t="против"><v><l id="285790" t="против"><g v="PREP"></g></l></v></tfr></token><token id="706029" text="России"><tfr rev_id="2934933" t="России"><v><l id="309322" t="россия"><g v="NOUN"></g><g v="inan"></g><g v="femn"></g><g v="Sgtm"></g><g v="Geox"></g><g v="sing"></g><g v="gent"></g></l></v></tfr></token><token id="706030" text=","><tfr rev_id="1537887" t=","><v><l id="0" t=","><g v="PNCT"></g></l></v></tfr></token><token id="706031" text="но"><tfr rev_id="1537888" t="но"><v><l id="191429" t="но"><g v="CONJ"></g></l></v><v><l id="191430" t="но"><g v="INTJ"></g></l></v></tfr></token><token id="706032" text="предназначена"><tfr rev_id="1537889" t="предназначена"><v><l id="266587" t="предназначен"><g v="PRTS"></g><g v="perf"></g><g v="past"></g><g v="pssv"></g><g v="femn"></g><g v="sing"></g></l></v></tfr></token><token id="706033" text="защищать"><tfr rev_id="1537890" t="защищать"><v><l id="114260" t="защищать"><g v="INFN"></g><g v="impf"></g><g v="tran"></g></l></v></tfr></token><token id="706034" text="Европу"><tfr rev_id="1537891" t="Европу"><v><l id="94019" t="европа"><g v="NOUN"></g><g v="inan"></g><g v="femn"></g><g v="Sgtm"></g><g v="Geox"></g><g v="sing"></g><g v="accs"></g></l></v></tfr></token><token id="706035" text="от"><tfr rev_id="1537892" t="от"><v><l id="211644" t="от"><g v="PREP"></g></l></v></tfr></token><token id="706036" text="ракет"><tfr rev_id="1537893" t="ракет"><v><l id="297650" t="ракета"><g v="NOUN"></g><g v="inan"></g><g v="femn"></g><g v="plur"></g><g v="gent"></g></l></v></tfr></token><token id="706037" text=","><tfr rev_id="1537894" t=","><v><l id="0" t=","><g v="PNCT"></g></l></v></tfr></token><token id="706038" text="запущенных"><tfr rev_id="1537895" t="запущенных"><v><l id="108329" t="запущенный"><g v="PRTF"></g><g v="perf"></g><g v="tran"></g><g v="past"></g><g v="pssv"></g><g v="plur"></g><g v="gent"></g></l></v><v><l id="108329" t="запущенный"><g v="PRTF"></g><g v="perf"></g><g v="tran"></g><g v="past"></g><g v="pssv"></g><g v="anim"></g><g v="plur"></g><g v="accs"></g></l></v><v><l id="108329" t="запущенный"><g v="PRTF"></g><g v="perf"></g><g v="tran"></g><g v="past"></g><g v="pssv"></g><g v="plur"></g><g v="loct"></g></l></v><v><l id="108383" t="запущенный"><g v="ADJF"></g><g v="Qual"></g><g v="plur"></g><g v="gent"></g></l></v><v><l id="108383" t="запущенный"><g v="ADJF"></g><g v="Qual"></g><g v="anim"></g><g v="plur"></g><g v="accs"></g></l></v><v><l id="108383" t="запущенный"><g v="ADJF"></g><g v="Qual"></g><g v="plur"></g><g v="loct"></g></l></v></tfr></token><token id="706039" text="на"><tfr rev_id="3334844" t="на"><v><l id="166264" t="на"><g v="PREP"></g></l></v></tfr></token><token id="706040" text="Ближнем"><tfr rev_id="4234422" t="Ближнем"><v><l id="30843" t="ближний"><g v="ADJF"></g><g v="masc"></g><g v="sing"></g><g v="loct"></g></l></v><v><l id="30843" t="ближний"><g v="ADJF"></g><g v="neut"></g><g v="sing"></g><g v="loct"></g></l></v></tfr></token><token id="706041" text="Востоке"><tfr rev_id="4506275" t="Востоке"><v><l id="51910" t="восток"><g v="NOUN"></g><g v="inan"></g><g v="masc"></g><g v="sing"></g><g v="loct"></g></l></v></tfr></token><token id="706042" text="."><tfr rev_id="1537899" t="."><v><l id="0" t="."><g v="PNCT"></g></l></v></tfr></token></tokens></sentence></paragraph><paragraph id="12768"><sentence id="39709"><source>Штайнмайер, однако, отрицает существование какой-либо потенциальной угрозы со стороны иранских ракет, так как Тегеран не обладал технологией, чтобы осуществить такую атаку.</source><tokens><token id="706043" text="Штайнмайер"><tfr rev_id="1537900" t="Штайнмайер"><v><l id="0" t="штайнмайер"><g v="UNKN"></g></l></v></tfr></token><token id="706044" text=","><tfr rev_id="1537901" t=","><v><l id="0" t=","><g v="PNCT"></g></l></v></tfr></token><token id="706045" text="однако"><tfr rev_id="3486626" t="однако"><v><l id="203387" t="однако"><g v="CONJ"></g><g v="Prnt"></g></l></v></tfr></token><token id="706046" text=","><tfr rev_id="1537903" t=","><v><l id="0" t=","><g v="PNCT"></g></l></v></tfr></token><token id="706047" text="отрицает"><tfr rev_id="1537904" t="отрицает"><v><l id="217583" t="отрицаю"><g v="VERB"></g><g v="impf"></g><g v="tran"></g><g v="sing"></g><g v="3per"></g><g v="pres"></g><g v="indc"></g></l></v></tfr></token><token id="706048" text="существование"><tfr rev_id="4107221" t="существование"><v><l id="340482" t="существование"><g v="NOUN"></g><g v="inan"></g><g v="neut"></g><g v="sing"></g><g v="accs"></g></l></v></tfr></token><token id="706049" text="какой-либо"><tfr rev_id="2635736" t="какой-либо"><v><l id="128225" t="какой-либо"><g v="ADJF"></g><g v="Apro"></g><g v="femn"></g><g v="sing"></g><g v="gent"></g></l></v><v><l id="128225" t="какой-либо"><g v="ADJF"></g><g v="Apro"></g><g v="femn"></g><g v="sing"></g><g v="datv"></g></l></v><v><l id="128225" t="какой-либо"><g v="ADJF"></g><g v="Apro"></g><g v="femn"></g><g v="sing"></g><g v="ablt"></g></l></v><v><l id="128225" t="какой-либо"><g v="ADJF"></g><g v="Apro"></g><g v="femn"></g><g v="sing"></g><g v="loct"></g></l></v></tfr></token><token id="706050" text="потенциальной"><tfr rev_id="2948681" t="потенциальной"><v><l id="263091" t="потенциальный"><g v="ADJF"></g><g v="femn"></g><g v="sing"></g><g v="gent"></g></l></v></tfr></token><token id="706051" text="угрозы"><tfr rev_id="1537908" t="угрозы"><v><l id="354549" t="угроза"><g v="NOUN"></g><g v="inan"></g><g v="femn"></g><g v="sing"></g><g v="gent"></g></l></v><v><l id="354549" t="угроза"><g v="NOUN"></g><g v="inan"></g><g v="femn"></g><g v="plur"></g><g v="nomn"></g></l></v><v><l id="354549" t="угроза"><g v="NOUN"></g><g v="inan"></g><g v="femn"></g><g v="plur"></g><g v="accs"></g></l></v></tfr></token><token id="706052" text="со"><tfr rev_id="2919295" t="со"><v><l id="311151" t="с"><g v="PREP"></g><g v="Vpre"></g></l></v></tfr></token><token id="706053" text="стороны"><tfr rev_id="3501802" t="стороны"><v><l id="336894" t="сторона"><g v="NOUN"></g><g v="inan"></g><g v="femn"></g><g v="sing"></g><g v="gent"></g></l></v></tfr></token><token id="706054" text="иранских"><tfr rev_id="3945597" t="иранских"><v><l id="123920" t="иранский"><g v="ADJF"></g><g v="plur"></g><g v="gent"></g></l></v></tfr></token><token id="706055" text="ракет"><tfr rev_id="1537912" t="ракет"><v><l id="297650" t="ракета"><g v="NOUN"></g><g v="inan"></g><g v="femn"></g><g v="plur"></g><g v="gent"></g></l></v></tfr></token><token id="706056" text=","><tfr rev_id="1537913" t=","><v><l id="0" t=","><g v="PNCT"></g></l></v></tfr></token><token id="706057" text="так"><tfr rev_id="1537914" t="так"><v><l id="342451" t="так"><g v="CONJ"></g></l></v><v><l id="342452" t="так"><g v="PRCL"></g></l></v><v><l id="342453" t="так"><g v="ADVB"></g><g v="Dmns"></g></l></v></tfr></token><token id="706058" text="как"><tfr rev_id="1537915" t="как"><v><l id="128190" t="как"><g v="CONJ"></g></l></v><v><l id="128191" t="как"><g v="PRCL"></g></l></v><v><l id="128192" t="как"><g v="ADVB"></g><g v="Ques"></g></l></v></tfr></token><token id="706059" text="Тегеран"><tfr rev_id="4379955" t="Тегеран"><v><l id="343909" t="тегеран"><g v="NOUN"></g><g v="inan"></g><g v="masc"></g><g v="Geox"></g><g v="sing"></g><g v="nomn"></g></l></v></tfr></token><token id="706060" text="не"><tfr rev_id="1537917" t="не"><v><l id="178876" t="не"><g v="PRCL"></g></l></v></tfr></token><token id="706061" text="обладал"><tfr rev_id="1537918" t="обладал"><v><l id="196101" t="обладаю"><g v="VERB"></g><g v="impf"></g><g v="intr"></g><g v="masc"></g><g v="sing"></g><g v="past"></g><g v="indc"></g></l></v></tfr></token><token id="706062" text="технологией"><tfr rev_id="1537919" t="технологией"><v><l id="345970" t="технология"><g v="NOUN"></g><g v="inan"></g><g v="femn"></g><g v="sing"></g><g v="ablt"></g></l></v></tfr></token><token id="706063" text=","><tfr rev_id="1537920" t=","><v><l id="0" t=","><g v="PNCT"></g></l></v></tfr></token><token id="706064" text="чтобы"><tfr rev_id="1537921" t="чтобы"><v><l id="377013" t="чтобы"><g v="CONJ"></g></l></v><v><l id="377014" t="чтобы"><g v="PRCL"></g></l></v></tfr></token><token id="706065" text="осуществить"><tfr rev_id="1537922" t="осуществить"><v><l id="211529" t="осуществить"><g v="INFN"></g><g v="perf"></g><g v="tran"></g></l></v></tfr></token><token id="706066" text="такую"><tfr rev_id="1537923" t="такую"><v><l id="342491" t="такой"><g v="ADJF"></g><g v="Apro"></g><g v="femn"></g><g v="sing"></g><g v="accs"></g></l></v></tfr></token><token id="706067" text="атаку"><tfr rev_id="1537924" t="атаку"><v><l id="19312" t="атака"><g v="NOUN"></g><g v="inan"></g><g v="femn"></g><g v="sing"></g><g v="accs"></g></l></v></tfr></token><token id="706068" text="."><tfr rev_id="1537925" t="."><v><l id="0" t="."><g v="PNCT"></g></l></v></tfr></token></tokens></sentence><sentence id="39710"><source>Он также высказался против любых непосредственных новых санкций против Ирана в противовес его ядерной политики.</source><tokens><token id="706069" text="Он"><tfr rev_id="3575877" t="Он"><v><l id="206541" t="он"><g v="NPRO"></g><g v="masc"></g><g v="3per"></g><g v="Anph"></g><g v="sing"></g><g v="nomn"></g></l></v></tfr></token><token id="706070" text="также"><tfr rev_id="4267850" t="также"><v><l id="342482" t="также"><g v="PRCL"></g></l></v></tfr></token><token id="706071" text="высказался"><tfr rev_id="1537928" t="высказался"><v><l id="61882" t="высказался"><g v="VERB"></g><g v="perf"></g><g v="intr"></g><g v="masc"></g><g v="sing"></g><g v="past"></g><g v="indc"></g></l></v></tfr></token><token id="706072" text="против"><tfr rev_id="4485119" t="против"><v><l id="285790" t="против"><g v="PREP"></g></l></v></tfr></token><token id="706073" text="любых"><tfr rev_id="3285308" t="любых"><v><l id="152026" t="любой"><g v="ADJF"></g><g v="Apro"></g><g v="plur"></g><g v="gent"></g></l></v></tfr></token><token id="706074" text="непосредственных"><tfr rev_id="4356062" t="непосредственных"><v><l id="186235" t="непосредственный"><g v="ADJF"></g><g v="Qual"></g><g v="plur"></g><g v="gent"></g></l></v></tfr></token><token id="706075" text="новых"><tfr rev_id="4427933" t="новых"><v><l id="191918" t="новый"><g v="ADJF"></g><g v="Qual"></g><g v="plur"></g><g v="gent"></g></l></v></tfr></token><token id="706076" text="санкций"><tfr rev_id="1537933" t="санкций"><v><l id="313373" t="санкция"><g v="NOUN"></g><g v="inan"></g><g v="femn"></g><g v="plur"></g><g v="gent"></g></l></v></tfr></token><token id="706077" text="против"><tfr rev_id="4464762" t="против"><v><l id="285790" t="против"><g v="PREP"></g></l></v></tfr></token><token id="706078" text="Ирана"><tfr rev_id="1537935" t="Ирана"><v><l id="123907" t="иран"><g v="NOUN"></g><g v="inan"></g><g v="masc"></g><g v="Geox"></g><g v="sing"></g><g v="gent"></g></l></v></tfr></token><token id="706079" text="в"><tfr rev_id="1537936" t="в"><v><l id="37409" t="в"><g v="PREP"></g></l></v></tfr></token><token id="706080" text="противовес"><tfr rev_id="1537937" t="противовес"><v><l id="285838" t="противовес"><g v="NOUN"></g><g v="inan"></g><g v="masc"></g><g v="sing"></g><g v="nomn"></g></l></v><v><l id="285838" t="противовес"><g v="NOUN"></g><g v="inan"></g><g v="masc"></g><g v="sing"></g><g v="accs"></g></l></v></tfr></token><token id="706081" text="его"><tfr rev_id="4512959" t="его"><v><l id="94208" t="его"><g v="ADJF"></g><g v="Fixd"></g><g v="Apro"></g><g v="Anph"></g><g v="femn"></g><g v="sing"></g><g v="nomn"></g></l></v><v><l id="94208" t="его"><g v="ADJF"></g><g v="Fixd"></g><g v="Apro"></g><g v="Anph"></g><g v="femn"></g><g v="sing"></g><g v="gent"></g></l></v><v><l id="94208" t="его"><g v="ADJF"></g><g v="Fixd"></g><g v="Apro"></g><g v="Anph"></g><g v="femn"></g><g v="sing"></g><g v="datv"></g></l></v><v><l id="94208" t="его"><g v="ADJF"></g><g v="Fixd"></g><g v="Apro"></g><g v="Anph"></g><g v="femn"></g><g v="sing"></g><g v="accs"></g></l></v><v><l id="94208" t="его"><g v="ADJF"></g><g v="Fixd"></g><g v="Apro"></g><g v="Anph"></g><g v="femn"></g><g v="sing"></g><g v="ablt"></g></l></v><v><l id="94208" t="его"><g v="ADJF"></g><g v="Fixd"></g><g v="Apro"></g><g v="Anph"></g><g v="femn"></g><g v="sing"></g><g v="loct"></g></l></v></tfr></token><token id="706082" text="ядерной"><tfr rev_id="4173120" t="ядерной"><v><l id="387483" t="ядерный"><g v="ADJF"></g><g v="Qual"></g><g v="femn"></g><g v="sing"></g><g v="gent"></g></l></v></tfr></token><token id="706083" text="политики"><tfr rev_id="3476094" t="политики"><v><l id="255853" t="политика"><g v="NOUN"></g><g v="inan"></g><g v="femn"></g><g v="sing"></g><g v="gent"></g></l></v></tfr></token><token id="706084" text="."><tfr rev_id="1537941" t="."><v><l id="0" t="."><g v="PNCT"></g></l></v></tfr></token></tokens></sentence><sentence id="39711"><source>«Последняя резолюция Совета Безопасности ООН не содержит никакого автоматического механизма в случае, если Иран не выполняет предъявленных к нему требований», сказал он.</source><tokens><token id="706085" text="«"><tfr rev_id="2447446" t="«"><v><l id="0" t="«"><g v="PNCT"></g></l></v></tfr></token><token id="706086" text="Последняя"><tfr rev_id="1537943" t="Последняя"><v><l id="261565" t="последний"><g v="ADJF"></g><g v="femn"></g><g v="sing"></g><g v="nomn"></g></l></v></tfr></token><token id="706087" text="резолюция"><tfr rev_id="1537944" t="резолюция"><v><l id="305353" t="резолюция"><g v="NOUN"></g><g v="inan"></g><g v="femn"></g><g v="sing"></g><g v="nomn"></g></l></v></tfr></token><token id="706088" text="Совета"><tfr rev_id="1537945" t="Совета"><v><l id="327955" t="совет"><g v="NOUN"></g><g v="inan"></g><g v="masc"></g><g v="sing"></g><g v="gent"></g></l></v></tfr></token><token id="706089" text="Безопасности"><tfr rev_id="4345569" t="Безопасности"><v><l id="26215" t="безопасность"><g v="NOUN"></g><g v="inan"></g><g v="femn"></g><g v="sing"></g><g v="gent"></g></l></v></tfr></token><token id="706090" text="ООН"><tfr rev_id="4138834" t="ООН"><v><l id="206695" t="оон"><g v="NOUN"></g><g v="inan"></g><g v="femn"></g><g v="Sgtm"></g><g v="Fixd"></g><g v="Abbr"></g><g v="Orgn"></g><g v="sing"></g><g v="gent"></g></l></v></tfr></token><token id="706091" text="не"><tfr rev_id="1537948" t="не"><v><l id="178876" t="не"><g v="PRCL"></g></l></v></tfr></token><token id="706092" text="содержит"><tfr rev_id="1537949" t="содержит"><v><l id="328412" t="содержу"><g v="VERB"></g><g v="impf"></g><g v="tran"></g><g v="sing"></g><g v="3per"></g><g v="pres"></g><g v="indc"></g></l></v></tfr></token><token id="706093" text="никакого"><tfr rev_id="4414863" t="никакого"><v><l id="190841" t="никакой"><g v="ADJF"></g><g v="Apro"></g><g v="masc"></g><g v="sing"></g><g v="gent"></g></l></v></tfr></token><token id="706094" text="автоматического"><tfr rev_id="3539073" t="автоматического"><v><l id="3240" t="автоматический"><g v="ADJF"></g><g v="masc"></g><g v="sing"></g><g v="gent"></g></l></v><v><l id="3240" t="автоматический"><g v="ADJF"></g><g v="anim"></g><g v="masc"></g><g v="sing"></g><g v="accs"></g></l></v></tfr></token><token id="706095" text="механизма"><tfr rev_id="1537952" t="механизма"><v><l id="159378" t="механизм"><g v="NOUN"></g><g v="inan"></g><g v="masc"></g><g v="sing"></g><g v="gent"></g></l></v></tfr></token><token id="706096" text="в"><tfr rev_id="1537953" t="в"><v><l id="37409" t="в"><g v="PREP"></g></l></v></tfr></token><token id="706097" text="случае"><tfr rev_id="1537954" t="случае"><v><l id="325472" t="случай"><g v="NOUN"></g><g v="inan"></g><g v="masc"></g><g v="sing"></g><g v="loct"></g></l></v></tfr></token><token id="706098" text=","><tfr rev_id="1537955" t=","><v><l id="0" t=","><g v="PNCT"></g></l></v></tfr></token><token id="706099" text="если"><tfr rev_id="1537956" t="если"><v><l id="95365" t="если"><g v="CONJ"></g></l></v></tfr></token><token id="706100" text="Иран"><tfr rev_id="1537957" t="Иран"><v><l id="123907" t="иран"><g v="NOUN"></g><g v="inan"></g><g v="masc"></g><g v="Geox"></g><g v="sing"></g><g v="nomn"></g></l></v><v><l id="123907" t="иран"><g v="NOUN"></g><g v="inan"></g><g v="masc"></g><g v="Geox"></g><g v="sing"></g><g v="accs"></g></l></v></tfr></token><token id="706101" text="не"><tfr rev_id="1537958" t="не"><v><l id="178876" t="не"><g v="PRCL"></g></l></v></tfr></token><token id="706102" text="выполняет"><tfr rev_id="1537959" t="выполняет"><v><l id="60636" t="выполняю"><g v="VERB"></g><g v="impf"></g><g v="tran"></g><g v="sing"></g><g v="3per"></g><g v="pres"></g><g v="indc"></g></l></v></tfr></token><token id="706103" text="предъявленных"><tfr rev_id="4427221" t="предъявленных"><v><l id="267367" t="предъявленный"><g v="PRTF"></g><g v="perf"></g><g v="tran"></g><g v="past"></g><g v="pssv"></g><g v="plur"></g><g v="gent"></g></l></v></tfr></token><token id="706104" text="к"><tfr rev_id="1537961" t="к"><v><l id="127460" t="к"><g v="PREP"></g></l></v></tfr></token><token id="706105" text="нему"><tfr rev_id="4529603" t="нему"><v><l id="206541" t="он"><g v="NPRO"></g><g v="masc"></g><g v="3per"></g><g v="Anph"></g><g v="sing"></g><g v="datv"></g><g v="Af-p"></g></l></v><v><l id="206649" t="оно"><g v="NPRO"></g><g v="neut"></g><g v="3per"></g><g v="Anph"></g><g v="sing"></g><g v="datv"></g><g v="Af-p"></g></l></v></tfr></token><token id="706106" text="требований"><tfr rev_id="1537963" t="требований"><v><l id="349461" t="требование"><g v="NOUN"></g><g v="inan"></g><g v="neut"></g><g v="plur"></g><g v="gent"></g></l></v></tfr></token><token id="706107" text="»"><tfr rev_id="2447447" t="»"><v><l id="0" t="»"><g v="PNCT"></g></l></v></tfr></token><token id="706108" text=","><tfr rev_id="1537965" t=","><v><l id="0" t=","><g v="PNCT"></g></l></v></tfr></token><token id="706109" text="сказал"><tfr rev_id="1537966" t="сказал"><v><l id="321532" t="сказал"><g v="VERB"></g><g v="perf"></g><g v="tran"></g><g v="masc"></g><g v="sing"></g><g v="past"></g><g v="indc"></g></l></v></tfr></token><token id="706110" text="он"><tfr rev_id="3575878" t="он"><v><l id="206541" t="он"><g v="NPRO"></g><g v="masc"></g><g v="3per"></g><g v="Anph"></g><g v="sing"></g><g v="nomn"></g></l></v></tfr></token><token id="706111" text="."><tfr rev_id="1537968" t="."><v><l id="0" t="."><g v="PNCT"></g></l></v></tfr></token></tokens></sentence></paragraph><paragraph id="12769"><sentence id="39712"><source>Лидер оппозиционной партии «Зелёных» Германии Фритц Кун (Fritz Kuhn) считает, что правительство Германии должно прояснить американскому Госсекретарю Кондолизе Райс, которая посетит Берлин на этой неделе, что Германия не поддержит планы размещение новых ракет в двух государствах, членах ЕС и НАТО.</source><tokens><token id="706112" text="Лидер"><tfr rev_id="1537969" t="Лидер"><v><l id="149007" t="лидер"><g v="NOUN"></g><g v="anim"></g><g v="masc"></g><g v="sing"></g><g v="nomn"></g></l></v></tfr></token><token id="706113" text="оппозиционной"><tfr rev_id="4317260" t="оппозиционной"><v><l id="207892" t="оппозиционный"><g v="ADJF"></g><g v="femn"></g><g v="sing"></g><g v="gent"></g></l></v></tfr></token><token id="706114" text="партии"><tfr rev_id="4177225" t="партии"><v><l id="224431" t="партия"><g v="NOUN"></g><g v="inan"></g><g v="femn"></g><g v="sing"></g><g v="gent"></g></l></v></tfr></token><token id="706115" text="«"><tfr rev_id="2447448" t="«"><v><l id="0" t="«"><g v="PNCT"></g></l></v></tfr></token><token id="706116" text="Зелёных"><tfr rev_id="4394113" t="Зелёных"><v><l id="114879" t="зелёный"><g v="ADJF"></g><g v="Qual"></g><g v="plur"></g><g v="gent"></g></l></v></tfr></token><token id="706117" text="»"><tfr rev_id="2447449" t="»"><v><l id="0" t="»"><g v="PNCT"></g></l></v></tfr></token><token id="706118" text="Германии"><tfr rev_id="3557395" t="Германии"><v><l id="69099" t="германия"><g v="NOUN"></g><g v="inan"></g><g v="femn"></g><g v="Sgtm"></g><g v="Geox"></g><g v="sing"></g><g v="gent"></g></l></v></tfr></token><token id="706119" text="Фритц"><tfr rev_id="1537976" t="Фритц"><v><l id="0" t="фритц"><g v="UNKN"></g></l></v></tfr></token><token id="706120" text="Кун"><tfr rev_id="3460928" t="Кун"><v><l id="0" t="Кун"><g v="UNKN"></g></l></v></tfr></token><token id="706121" text="("><tfr rev_id="1537978" t="("><v><l id="0" t="("><g v="PNCT"></g></l></v></tfr></token><token id="706122" text="Fritz"><tfr rev_id="2475547" t="Fritz"><v><l id="0" t="Fritz"><g v="LATN"></g></l></v></tfr></token><token id="706123" text="Kuhn"><tfr rev_id="2475548" t="Kuhn"><v><l id="0" t="Kuhn"><g v="LATN"></g></l></v></tfr></token><token id="706124" text=")"><tfr rev_id="1537981" t=")"><v><l id="0" t=")"><g v="PNCT"></g></l></v></tfr></token><token id="706125" text="считает"><tfr rev_id="1537982" t="считает"><v><l id="341320" t="считаю"><g v="VERB"></g><g v="impf"></g><g v="tran"></g><g v="sing"></g><g v="3per"></g><g v="pres"></g><g v="indc"></g></l></v><v><l id="341329" t="считал"><g v="VERB"></g><g v="perf"></g><g v="tran"></g><g v="sing"></g><g v="3per"></g><g v="futr"></g><g v="indc"></g></l></v></tfr></token><token id="706126" text=","><tfr rev_id="1537983" t=","><v><l id="0" t=","><g v="PNCT"></g></l></v></tfr></token><token id="706127" text="что"><tfr rev_id="3197817" t="что"><v><l id="377004" t="что"><g v="CONJ"></g></l></v><v><l id="377005" t="что"><g v="NPRO"></g><g v="neut"></g><g v="sing"></g><g v="nomn"></g></l></v><v><l id="377005" t="что"><g v="NPRO"></g><g v="neut"></g><g v="sing"></g><g v="accs"></g></l></v><v><l id="377006" t="что"><g v="ADVB"></g><g v="Ques"></g></l></v><v><l id="388695" t="что"><g v="PRCL"></g></l></v></tfr></token><token id="706128" text="правительство"><tfr rev_id="3531367" t="правительство"><v><l id="265638" t="правительство"><g v="NOUN"></g><g v="inan"></g><g v="neut"></g><g v="sing"></g><g v="nomn"></g></l></v></tfr></token><token id="706129" text="Германии"><tfr rev_id="4288244" t="Германии"><v><l id="69099" t="германия"><g v="NOUN"></g><g v="inan"></g><g v="femn"></g><g v="Sgtm"></g><g v="Geox"></g><g v="sing"></g><g v="gent"></g></l></v></tfr></token><token id="706130" text="должно"><tfr rev_id="2559068" t="должно"><v><l id="87969" t="должно"><g v="PRED"></g><g v="pres"></g></l></v><v><l id="87975" t="должен"><g v="ADJS"></g><g v="neut"></g><g v="sing"></g></l></v></tfr></token><token id="706131" text="прояснить"><tfr rev_id="1537988" t="прояснить"><v><l id="287991" t="прояснить"><g v="INFN"></g><g v="perf"></g><g v="tran"></g></l></v><v><l id="287997" t="прояснить"><g v="INFN"></g><g v="perf"></g><g v="intr"></g></l></v></tfr></token><token id="706132" text="американскому"><tfr rev_id="3448805" t="американскому"><v><l id="11429" t="американский"><g v="ADJF"></g><g v="masc"></g><g v="sing"></g><g v="datv"></g></l></v></tfr></token><token id="706133" text="Госсекретарю"><tfr rev_id="1537990" t="Госсекретарю"><v><l id="74072" t="госсекретарь"><g v="NOUN"></g><g v="anim"></g><g v="masc"></g><g v="sing"></g><g v="datv"></g></l></v></tfr></token><token id="706134" text="Кондолизе"><tfr rev_id="3537282" t="Кондолизе"><v><l id="137744" t="кондолиза"><g v="NOUN"></g><g v="anim"></g><g v="femn"></g><g v="Name"></g><g v="sing"></g><g v="datv"></g></l></v></tfr></token><token id="706135" text="Райс"><tfr rev_id="1537992" t="Райс"><v><l id="0" t="райс"><g v="UNKN"></g></l></v></tfr></token><token id="706136" text=","><tfr rev_id="1537993" t=","><v><l id="0" t=","><g v="PNCT"></g></l></v></tfr></token><token id="706137" text="которая"><tfr rev_id="3639861" t="которая"><v><l id="141203" t="который"><g v="ADJF"></g><g v="Apro"></g><g v="Subx"></g><g v="Anph"></g><g v="femn"></g><g v="sing"></g><g v="nomn"></g></l></v></tfr></token><token id="706138" text="посетит"><tfr rev_id="1537995" t="посетит"><v><l id="261300" t="посетил"><g v="VERB"></g><g v="perf"></g><g v="tran"></g><g v="sing"></g><g v="3per"></g><g v="futr"></g><g v="indc"></g></l></v></tfr></token><token id="706139" text="Берлин"><tfr rev_id="2695524" t="Берлин"><v><l id="27989" t="берлин"><g v="NOUN"></g><g v="inan"></g><g v="masc"></g><g v="Geox"></g><g v="sing"></g><g v="nomn"></g></l></v><v><l id="27989" t="берлин"><g v="NOUN"></g><g v="inan"></g><g v="masc"></g><g v="Geox"></g><g v="sing"></g><g v="accs"></g></l></v></tfr></token><token id="706140" text="на"><tfr rev_id="3395385" t="на"><v><l id="166264" t="на"><g v="PREP"></g></l></v></tfr></token><token id="706141" text="этой"><tfr rev_id="4438051" t="этой"><v><l id="386581" t="этот"><g v="ADJF"></g><g v="Subx"></g><g v="Apro"></g><g v="Anph"></g><g v="femn"></g><g v="sing"></g><g v="loct"></g></l></v></tfr></token><token id="706142" text="неделе"><tfr rev_id="3534826" t="неделе"><v><l id="180718" t="неделя"><g v="NOUN"></g><g v="inan"></g><g v="femn"></g><g v="sing"></g><g v="loct"></g></l></v></tfr></token><token id="706143" text=","><tfr rev_id="1538000" t=","><v><l id="0" t=","><g v="PNCT"></g></l></v></tfr></token><token id="706144" text="что"><tfr rev_id="3197818" t="что"><v><l id="377004" t="что"><g v="CONJ"></g></l></v><v><l id="377005" t="что"><g v="NPRO"></g><g v="neut"></g><g v="sing"></g><g v="nomn"></g></l></v><v><l id="377005" t="что"><g v="NPRO"></g><g v="neut"></g><g v="sing"></g><g v="accs"></g></l></v><v><l id="377006" t="что"><g v="ADVB"></g><g v="Ques"></g></l></v><v><l id="388695" t="что"><g v="PRCL"></g></l></v></tfr></token><token id="706145" text="Германия"><tfr rev_id="4496791" t="Германия"><v><l id="69099" t="германия"><g v="NOUN"></g><g v="inan"></g><g v="femn"></g><g v="Sgtm"></g><g v="Geox"></g><g v="sing"></g><g v="nomn"></g></l></v></tfr></token><token id="706146" text="не"><tfr rev_id="1538003" t="не"><v><l id="178876" t="не"><g v="PRCL"></g></l></v></tfr></token><token id="706147" text="поддержит"><tfr rev_id="1538004" t="поддержит"><v><l id="245396" t="поддержал"><g v="VERB"></g><g v="perf"></g><g v="tran"></g><g v="sing"></g><g v="3per"></g><g v="futr"></g><g v="indc"></g></l></v></tfr></token><token id="706148" text="планы"><tfr rev_id="3409623" t="планы"><v><l id="239677" t="план"><g v="NOUN"></g><g v="inan"></g><g v="masc"></g><g v="plur"></g><g v="accs"></g></l></v></tfr></token><token id="706149" text="размещение"><tfr rev_id="1538006" t="размещение"><v><l id="295140" t="размещение"><g v="NOUN"></g><g v="inan"></g><g v="neut"></g><g v="sing"></g><g v="nomn"></g></l></v><v><l id="295140" t="размещение"><g v="NOUN"></g><g v="inan"></g><g v="neut"></g><g v="sing"></g><g v="accs"></g></l></v></tfr></token><token id="706150" text="новых"><tfr rev_id="4426726" t="новых"><v><l id="191918" t="новый"><g v="ADJF"></g><g v="Qual"></g><g v="plur"></g><g v="gent"></g></l></v></tfr></token><token id="706151" text="ракет"><tfr rev_id="1538008" t="ракет"><v><l id="297650" t="ракета"><g v="NOUN"></g><g v="inan"></g><g v="femn"></g><g v="plur"></g><g v="gent"></g></l></v></tfr></token><token id="706152" text="в"><tfr rev_id="1538009" t="в"><v><l id="37409" t="в"><g v="PREP"></g></l></v></tfr></token><token id="706153" text="двух"><tfr rev_id="4449712" t="двух"><v><l id="78668" t="два"><g v="NUMR"></g><g v="anim"></g><g v="accs"></g></l></v><v><l id="78668" t="два"><g v="NUMR"></g><g v="gent"></g></l></v><v><l id="78668" t="два"><g v="NUMR"></g><g v="loct"></g></l></v></tfr></token><token id="706154" text="государствах"><tfr rev_id="1538011" t="государствах"><v><l id="74164" t="государство"><g v="NOUN"></g><g v="inan"></g><g v="neut"></g><g v="plur"></g><g v="loct"></g></l></v></tfr></token><token id="706155" text=","><tfr rev_id="1538012" t=","><v><l id="0" t=","><g v="PNCT"></g></l></v></tfr></token><token id="706156" text="членах"><tfr rev_id="3494362" t="членах"><v><l id="376827" t="член"><g v="NOUN"></g><g v="anim"></g><g v="masc"></g><g v="plur"></g><g v="loct"></g></l></v></tfr></token><token id="706157" text="ЕС"><tfr rev_id="3509302" t="ЕС"><v><l id="95327" t="ес"><g v="NOUN"></g><g v="inan"></g><g v="masc"></g><g v="Sgtm"></g><g v="Fixd"></g><g v="Abbr"></g><g v="Orgn"></g><g v="sing"></g><g v="gent"></g></l></v></tfr></token><token id="706158" text="и"><tfr rev_id="1538015" t="и"><v><l id="116949" t="и"><g v="CONJ"></g></l></v><v><l id="116950" t="и"><g v="INTJ"></g></l></v></tfr></token><token id="706159" text="НАТО"><tfr rev_id="4322153" t="НАТО"><v><l id="176969" t="нато"><g v="NOUN"></g><g v="inan"></g><g v="femn"></g><g v="Sgtm"></g><g v="Fixd"></g><g v="Abbr"></g><g v="Orgn"></g><g v="sing"></g><g v="gent"></g></l></v></tfr></token><token id="706160" text="."><tfr rev_id="1538017" t="."><v><l id="0" t="."><g v="PNCT"></g></l></v></tfr></token></tokens></sentence><sentence id="39713"><source>«То, что делают США, в России может быть воспринято как провокация», сказал Кун.</source><tokens><token id="706161" text="«"><tfr rev_id="2447450" t="«"><v><l id="0" t="«"><g v="PNCT"></g></l></v></tfr></token><token id="706162" text="То"><tfr rev_id="4347757" t="То"><v><l id="348430" t="тот"><g v="ADJF"></g><g v="Subx"></g><g v="Apro"></g><g v="Anph"></g><g v="neut"></g><g v="sing"></g><g v="nomn"></g></l></v><v><l id="348430" t="тот"><g v="ADJF"></g><g v="Subx"></g><g v="Apro"></g><g v="Anph"></g><g v="neut"></g><g v="sing"></g><g v="accs"></g></l></v></tfr></token><token id="706163" text=","><tfr rev_id="1538020" t=","><v><l id="0" t=","><g v="PNCT"></g></l></v></tfr></token><token id="706164" text="что"><tfr rev_id="3197819" t="что"><v><l id="377004" t="что"><g v="CONJ"></g></l></v><v><l id="377005" t="что"><g v="NPRO"></g><g v="neut"></g><g v="sing"></g><g v="nomn"></g></l></v><v><l id="377005" t="что"><g v="NPRO"></g><g v="neut"></g><g v="sing"></g><g v="accs"></g></l></v><v><l id="377006" t="что"><g v="ADVB"></g><g v="Ques"></g></l></v><v><l id="388695" t="что"><g v="PRCL"></g></l></v></tfr></token><token id="706165" text="делают"><tfr rev_id="1538022" t="делают"><v><l id="80526" t="делаю"><g v="VERB"></g><g v="impf"></g><g v="tran"></g><g v="plur"></g><g v="3per"></g><g v="pres"></g><g v="indc"></g></l></v></tfr></token><token id="706166" text="США"><tfr rev_id="3811450" t="США"><v><l id="341371" t="сша"><g v="NOUN"></g><g v="inan"></g><g v="GNdr"></g><g v="Pltm"></g><g v="Fixd"></g><g v="Abbr"></g><g v="Geox"></g><g v="plur"></g><g v="nomn"></g></l></v></tfr></token><token id="706167" text=","><tfr rev_id="1538024" t=","><v><l id="0" t=","><g v="PNCT"></g></l></v></tfr></token><token id="706168" text="в"><tfr rev_id="1538025" t="в"><v><l id="37409" t="в"><g v="PREP"></g></l></v></tfr></token><token id="706169" text="России"><tfr rev_id="3455300" t="России"><v><l id="309322" t="россия"><g v="NOUN"></g><g v="inan"></g><g v="femn"></g><g v="Sgtm"></g><g v="Geox"></g><g v="sing"></g><g v="loct"></g></l></v></tfr></token><token id="706170" text="может"><tfr rev_id="4231988" t="может"><v><l id="164485" t="могу"><g v="VERB"></g><g v="impf"></g><g v="intr"></g><g v="sing"></g><g v="3per"></g><g v="pres"></g><g v="indc"></g></l></v></tfr></token><token id="706171" text="быть"><tfr rev_id="1538028" t="быть"><v><l id="37266" t="быть"><g v="INFN"></g><g v="impf"></g><g v="intr"></g></l></v></tfr></token><token id="706172" text="воспринято"><tfr rev_id="1538029" t="воспринято"><v><l id="51702" t="воспринят"><g v="PRTS"></g><g v="perf"></g><g v="past"></g><g v="pssv"></g><g v="neut"></g><g v="sing"></g></l></v></tfr></token><token id="706173" text="как"><tfr rev_id="1538030" t="как"><v><l id="128190" t="как"><g v="CONJ"></g></l></v><v><l id="128191" t="как"><g v="PRCL"></g></l></v><v><l id="128192" t="как"><g v="ADVB"></g><g v="Ques"></g></l></v></tfr></token><token id="706174" text="провокация"><tfr rev_id="1538031" t="провокация"><v><l id="278126" t="провокация"><g v="NOUN"></g><g v="inan"></g><g v="femn"></g><g v="sing"></g><g v="nomn"></g></l></v></tfr></token><token id="706175" text="»"><tfr rev_id="2447451" t="»"><v><l id="0" t="»"><g v="PNCT"></g></l></v></tfr></token><token id="706176" text=","><tfr rev_id="1538033" t=","><v><l id="0" t=","><g v="PNCT"></g></l></v></tfr></token><token id="706177" text="сказал"><tfr rev_id="1538034" t="сказал"><v><l id="321532" t="сказал"><g v="VERB"></g><g v="perf"></g><g v="tran"></g><g v="masc"></g><g v="sing"></g><g v="past"></g><g v="indc"></g></l></v></tfr></token><token id="706178" text="Кун"><tfr rev_id="3439908" t="Кун"><v><l id="0" t="Кун"><g v="UNKN"></g></l></v></tfr></token><token id="706179" text="."><tfr rev_id="1538036" t="."><v><l id="0" t="."><g v="PNCT"></g></l></v></tfr></token></tokens></sentence></paragraph><paragraph id="12770"><sentence id="39714"><source>В настоящий момент США ожидают ответа от Польши и Чехии.</source><tokens><token id="706180" text="В"><tfr rev_id="1538037" t="В"><v><l id="37409" t="в"><g v="PREP"></g></l></v></tfr></token><token id="706181" text="настоящий"><tfr rev_id="1538038" t="настоящий"><v><l id="176151" t="настоящий"><g v="ADJF"></g><g v="masc"></g><g v="sing"></g><g v="nomn"></g></l></v><v><l id="176151" t="настоящий"><g v="ADJF"></g><g v="inan"></g><g v="masc"></g><g v="sing"></g><g v="accs"></g></l></v></tfr></token><token id="706182" text="момент"><tfr rev_id="4233369" t="момент"><v><l id="163050" t="момент"><g v="NOUN"></g><g v="inan"></g><g v="masc"></g><g v="sing"></g><g v="accs"></g></l></v></tfr></token><token id="706183" text="США"><tfr rev_id="4285547" t="США"><v><l id="341371" t="сша"><g v="NOUN"></g><g v="inan"></g><g v="GNdr"></g><g v="Pltm"></g><g v="Fixd"></g><g v="Abbr"></g><g v="Geox"></g><g v="plur"></g><g v="nomn"></g></l></v></tfr></token><token id="706184" text="ожидают"><tfr rev_id="1538041" t="ожидают"><v><l id="203945" t="ожидаю"><g v="VERB"></g><g v="impf"></g><g v="tran"></g><g v="plur"></g><g v="3per"></g><g v="pres"></g><g v="indc"></g></l></v></tfr></token><token id="706185" text="ответа"><tfr rev_id="1538042" t="ответа"><v><l id="212408" t="ответ"><g v="NOUN"></g><g v="inan"></g><g v="masc"></g><g v="sing"></g><g v="gent"></g></l></v></tfr></token><token id="706186" text="от"><tfr rev_id="1538043" t="от"><v><l id="211644" t="от"><g v="PREP"></g></l></v></tfr></token><token id="706187" text="Польши"><tfr rev_id="1538044" t="Польши"><v><l id="257111" t="польша"><g v="NOUN"></g><g v="inan"></g><g v="femn"></g><g v="Sgtm"></g><g v="Geox"></g><g v="sing"></g><g v="gent"></g></l></v></tfr></token><token id="706188" text="и"><tfr rev_id="1538045" t="и"><v><l id="116949" t="и"><g v="CONJ"></g></l></v><v><l id="116950" t="и"><g v="INTJ"></g></l></v></tfr></token><token id="706189" text="Чехии"><tfr rev_id="2602197" t="Чехии"><v><l id="376221" t="чехия"><g v="NOUN"></g><g v="inan"></g><g v="femn"></g><g v="Sgtm"></g><g v="Geox"></g><g v="sing"></g><g v="gent"></g></l></v></tfr></token><token id="706190" text="."><tfr rev_id="1538047" t="."><v><l id="0" t="."><g v="PNCT"></g></l></v></tfr></token></tokens></sentence><sentence id="39715"><source>Польский министр обороны Александр Сжигло (Aleksander Szczyglo) сказал, что они дадут ответ американцам в течение двух недель.</source><tokens><token id="706191" text="Польский"><tfr rev_id="1538048" t="Польский"><v><l id="257099" t="польский"><g v="ADJF"></g><g v="masc"></g><g v="sing"></g><g v="nomn"></g></l></v><v><l id="257099" t="польский"><g v="ADJF"></g><g v="inan"></g><g v="masc"></g><g v="sing"></g><g v="accs"></g></l></v></tfr></token><token id="706192" text="министр"><tfr rev_id="1538049" t="министр"><v><l id="160614" t="министр"><g v="NOUN"></g><g v="anim"></g><g v="masc"></g><g v="sing"></g><g v="nomn"></g></l></v></tfr></token><token id="706193" text="обороны"><tfr rev_id="3503176" t="обороны"><v><l id="198479" t="оборона"><g v="NOUN"></g><g v="inan"></g><g v="femn"></g><g v="sing"></g><g v="gent"></g></l></v></tfr></token><token id="706194" text="Александр"><tfr rev_id="3461572" t="Александр"><v><l id="8527" t="александр"><g v="NOUN"></g><g v="anim"></g><g v="masc"></g><g v="Name"></g><g v="sing"></g><g v="nomn"></g></l></v></tfr></token><token id="706195" text="Сжигло"><tfr rev_id="1538052" t="Сжигло"><v><l id="0" t="сжигло"><g v="UNKN"></g></l></v></tfr></token><token id="706196" text="("><tfr rev_id="1538053" t="("><v><l id="0" t="("><g v="PNCT"></g></l></v></tfr></token><token id="706197" text="Aleksander"><tfr rev_id="2475549" t="Aleksander"><v><l id="0" t="Aleksander"><g v="LATN"></g></l></v></tfr></token><token id="706198" text="Szczyglo"><tfr rev_id="2475550" t="Szczyglo"><v><l id="0" t="Szczyglo"><g v="LATN"></g></l></v></tfr></token><token id="706199" text=")"><tfr rev_id="1538056" t=")"><v><l id="0" t=")"><g v="PNCT"></g></l></v></tfr></token><token id="706200" text="сказал"><tfr rev_id="1538057" t="сказал"><v><l id="321532" t="сказал"><g v="VERB"></g><g v="perf"></g><g v="tran"></g><g v="masc"></g><g v="sing"></g><g v="past"></g><g v="indc"></g></l></v></tfr></token><token id="706201" text=","><tfr rev_id="1538058" t=","><v><l id="0" t=","><g v="PNCT"></g></l></v></tfr></token><token id="706202" text="что"><tfr rev_id="3197820" t="что"><v><l id="377004" t="что"><g v="CONJ"></g></l></v><v><l id="377005" t="что"><g v="NPRO"></g><g v="neut"></g><g v="sing"></g><g v="nomn"></g></l></v><v><l id="377005" t="что"><g v="NPRO"></g><g v="neut"></g><g v="sing"></g><g v="accs"></g></l></v><v><l id="377006" t="что"><g v="ADVB"></g><g v="Ques"></g></l></v><v><l id="388695" t="что"><g v="PRCL"></g></l></v></tfr></token><token id="706203" text="они"><tfr rev_id="3599491" t="они"><v><l id="206619" t="они"><g v="NPRO"></g><g v="3per"></g><g v="Anph"></g><g v="plur"></g><g v="nomn"></g></l></v></tfr></token><token id="706204" text="дадут"><tfr rev_id="1538061" t="дадут"><v><l id="78546" t="дал"><g v="VERB"></g><g v="perf"></g><g v="tran"></g><g v="plur"></g><g v="3per"></g><g v="futr"></g><g v="indc"></g></l></v></tfr></token><token id="706205" text="ответ"><tfr rev_id="4213496" t="ответ"><v><l id="212408" t="ответ"><g v="NOUN"></g><g v="inan"></g><g v="masc"></g><g v="sing"></g><g v="accs"></g></l></v></tfr></token><token id="706206" text="американцам"><tfr rev_id="1538063" t="американцам"><v><l id="11394" t="американец"><g v="NOUN"></g><g v="anim"></g><g v="masc"></g><g v="plur"></g><g v="datv"></g></l></v></tfr></token><token id="706207" text="в"><tfr rev_id="1538064" t="в"><v><l id="37409" t="в"><g v="PREP"></g></l></v></tfr></token><token id="706208" text="течение"><tfr rev_id="3430725" t="течение"><v><l id="346009" t="течение"><g v="NOUN"></g><g v="inan"></g><g v="neut"></g><g v="sing"></g><g v="accs"></g></l></v></tfr></token><token id="706209" text="двух"><tfr rev_id="4449713" t="двух"><v><l id="78668" t="два"><g v="NUMR"></g><g v="anim"></g><g v="accs"></g></l></v><v><l id="78668" t="два"><g v="NUMR"></g><g v="gent"></g></l></v><v><l id="78668" t="два"><g v="NUMR"></g><g v="loct"></g></l></v></tfr></token><token id="706210" text="недель"><tfr rev_id="1538067" t="недель"><v><l id="180718" t="неделя"><g v="NOUN"></g><g v="inan"></g><g v="femn"></g><g v="plur"></g><g v="gent"></g></l></v></tfr></token><token id="706211" text="."><tfr rev_id="1538068" t="."><v><l id="0" t="."><g v="PNCT"></g></l></v></tfr></token></tokens></sentence></paragraph></paragraphs></text>