<?xml version="1.0" encoding="utf-8"?><text id="1417" parent="226" name="12308 Цензура не пропустила"><tags><tag>url:http://www.chaskor.ru/news/tsenzura_ne_propustila_12308</tag><tag>Год:2009</tag><tag>Дата:11/11</tag><tag>Тема:ЧасКор:Культура</tag><tag>Тема:ЧасКор:Культура/Музыка</tag></tags><paragraphs><paragraph id="12828"><sentence id="39872"><source>Цензура не пропустила</source><tokens><token id="709051" text="Цензура"><tfr rev_id="1540908" t="Цензура"><v><l id="373306" t="цензура"><g v="NOUN"></g><g v="inan"></g><g v="femn"></g><g v="sing"></g><g v="nomn"></g></l></v></tfr></token><token id="709052" text="не"><tfr rev_id="1540909" t="не"><v><l id="178876" t="не"><g v="PRCL"></g></l></v></tfr></token><token id="709053" text="пропустила"><tfr rev_id="1540910" t="пропустила"><v><l id="283470" t="пропустил"><g v="VERB"></g><g v="perf"></g><g v="tran"></g><g v="femn"></g><g v="sing"></g><g v="past"></g><g v="indc"></g></l></v></tfr></token></tokens></sentence><sentence id="39873"><source>В Германии запретили продавать лицам моложе 18 лет новый альбом группы Rammstein «Liebe ist Fuer Alle Da».</source><tokens><token id="709054" text="В"><tfr rev_id="1540911" t="В"><v><l id="37409" t="в"><g v="PREP"></g></l></v></tfr></token><token id="709055" text="Германии"><tfr rev_id="4198473" t="Германии"><v><l id="69099" t="германия"><g v="NOUN"></g><g v="inan"></g><g v="femn"></g><g v="Sgtm"></g><g v="Geox"></g><g v="sing"></g><g v="gent"></g></l></v><v><l id="69099" t="германия"><g v="NOUN"></g><g v="inan"></g><g v="femn"></g><g v="Sgtm"></g><g v="Geox"></g><g v="sing"></g><g v="datv"></g></l></v><v><l id="69099" t="германия"><g v="NOUN"></g><g v="inan"></g><g v="femn"></g><g v="Sgtm"></g><g v="Geox"></g><g v="sing"></g><g v="loct"></g></l></v></tfr></token><token id="709056" text="запретили"><tfr rev_id="1540913" t="запретили"><v><l id="107928" t="запретил"><g v="VERB"></g><g v="perf"></g><g v="tran"></g><g v="plur"></g><g v="past"></g><g v="indc"></g></l></v></tfr></token><token id="709057" text="продавать"><tfr rev_id="1540914" t="продавать"><v><l id="278912" t="продавать"><g v="INFN"></g><g v="impf"></g><g v="tran"></g></l></v></tfr></token><token id="709058" text="лицам"><tfr rev_id="4337489" t="лицам"><v><l id="150189" t="лицо"><g v="NOUN"></g><g v="anim"></g><g v="neut"></g><g v="plur"></g><g v="datv"></g></l></v></tfr></token><token id="709059" text="моложе"><tfr rev_id="4495879" t="моложе"><v><l id="162848" t="моложе"><g v="COMP"></g><g v="Qual"></g></l></v></tfr></token><token id="709060" text="18"><tfr rev_id="2462992" t="18"><v><l id="0" t="18"><g v="NUMB"></g></l></v></tfr></token><token id="709061" text="лет"><tfr rev_id="3460971" t="лет"><v><l id="72149" t="год"><g v="NOUN"></g><g v="inan"></g><g v="masc"></g><g v="plur"></g><g v="gent"></g></l></v></tfr></token><token id="709062" text="новый"><tfr rev_id="3281774" t="новый"><v><l id="191918" t="новый"><g v="ADJF"></g><g v="Qual"></g><g v="inan"></g><g v="masc"></g><g v="sing"></g><g v="accs"></g></l></v></tfr></token><token id="709063" text="альбом"><tfr rev_id="3467376" t="альбом"><v><l id="10413" t="альбом"><g v="NOUN"></g><g v="inan"></g><g v="masc"></g><g v="sing"></g><g v="accs"></g></l></v></tfr></token><token id="709064" text="группы"><tfr rev_id="1717669" t="группы"><v><l id="76092" t="группа"><g v="NOUN"></g><g v="inan"></g><g v="femn"></g><g v="sing"></g><g v="gent"></g></l></v></tfr></token><token id="709065" text="Rammstein"><tfr rev_id="2475569" t="Rammstein"><v><l id="0" t="Rammstein"><g v="LATN"></g></l></v></tfr></token><token id="709066" text="«"><tfr rev_id="2447527" t="«"><v><l id="0" t="«"><g v="PNCT"></g></l></v></tfr></token><token id="709067" text="Liebe"><tfr rev_id="2475570" t="Liebe"><v><l id="0" t="Liebe"><g v="LATN"></g></l></v></tfr></token><token id="709068" text="ist"><tfr rev_id="2475571" t="ist"><v><l id="0" t="ist"><g v="LATN"></g></l></v></tfr></token><token id="709069" text="Fuer"><tfr rev_id="2475572" t="Fuer"><v><l id="0" t="Fuer"><g v="LATN"></g></l></v></tfr></token><token id="709070" text="Alle"><tfr rev_id="2475573" t="Alle"><v><l id="0" t="Alle"><g v="LATN"></g></l></v></tfr></token><token id="709071" text="Da"><tfr rev_id="2475574" t="Da"><v><l id="0" t="Da"><g v="LATN"></g></l></v></tfr></token><token id="709072" text="»"><tfr rev_id="2447528" t="»"><v><l id="0" t="»"><g v="PNCT"></g></l></v></tfr></token><token id="709073" text="."><tfr rev_id="1540930" t="."><v><l id="0" t="."><g v="PNCT"></g></l></v></tfr></token></tokens></sentence></paragraph><paragraph id="12829"><sentence id="39874"><source>«В мире есть любовь для всех!» — эту пластинку самой эпатажной немецкой группы руководство Германии запретило ставить на прилавки магазинов и продавать лицам моложе 18 лет.</source><tokens><token id="709074" text="«"><tfr rev_id="2447529" t="«"><v><l id="0" t="«"><g v="PNCT"></g></l></v></tfr></token><token id="709075" text="В"><tfr rev_id="1540932" t="В"><v><l id="37409" t="в"><g v="PREP"></g></l></v></tfr></token><token id="709076" text="мире"><tfr rev_id="3723336" t="мире"><v><l id="160807" t="мир"><g v="NOUN"></g><g v="inan"></g><g v="masc"></g><g v="sing"></g><g v="loc1"></g></l></v></tfr></token><token id="709077" text="есть"><tfr rev_id="4394697" t="есть"><v><l id="37265" t="есть"><g v="VERB"></g><g v="impf"></g><g v="intr"></g><g v="sing"></g><g v="3per"></g><g v="pres"></g><g v="indc"></g></l></v><v><l id="37265" t="есть"><g v="VERB"></g><g v="impf"></g><g v="intr"></g><g v="plur"></g><g v="3per"></g><g v="pres"></g><g v="indc"></g></l></v></tfr></token><token id="709078" text="любовь"><tfr rev_id="1540935" t="любовь"><v><l id="152019" t="любовь"><g v="NOUN"></g><g v="inan"></g><g v="femn"></g><g v="sing"></g><g v="nomn"></g></l></v><v><l id="152019" t="любовь"><g v="NOUN"></g><g v="inan"></g><g v="femn"></g><g v="sing"></g><g v="accs"></g></l></v><v><l id="152020" t="любовь"><g v="NOUN"></g><g v="anim"></g><g v="femn"></g><g v="Name"></g><g v="sing"></g><g v="nomn"></g></l></v><v><l id="152020" t="любовь"><g v="NOUN"></g><g v="anim"></g><g v="femn"></g><g v="Name"></g><g v="sing"></g><g v="accs"></g></l></v></tfr></token><token id="709079" text="для"><tfr rev_id="3445686" t="для"><v><l id="85032" t="для"><g v="PREP"></g></l></v></tfr></token><token id="709080" text="всех"><tfr rev_id="4400585" t="всех"><v><l id="42156" t="весь"><g v="ADJF"></g><g v="Subx"></g><g v="Apro"></g><g v="plur"></g><g v="gent"></g></l></v></tfr></token><token id="709081" text="!"><tfr rev_id="1540938" t="!"><v><l id="0" t="!"><g v="PNCT"></g></l></v></tfr></token><token id="709082" text="»"><tfr rev_id="2447530" t="»"><v><l id="0" t="»"><g v="PNCT"></g></l></v></tfr></token><token id="709083" text="—"><tfr rev_id="2447531" t="—"><v><l id="0" t="—"><g v="PNCT"></g></l></v></tfr></token><token id="709084" text="эту"><tfr rev_id="4438951" t="эту"><v><l id="386581" t="этот"><g v="ADJF"></g><g v="Subx"></g><g v="Apro"></g><g v="Anph"></g><g v="femn"></g><g v="sing"></g><g v="accs"></g></l></v></tfr></token><token id="709085" text="пластинку"><tfr rev_id="1540942" t="пластинку"><v><l id="239844" t="пластинка"><g v="NOUN"></g><g v="inan"></g><g v="femn"></g><g v="sing"></g><g v="accs"></g></l></v></tfr></token><token id="709086" text="самой"><tfr rev_id="4423905" t="самой"><v><l id="312034" t="сам"><g v="ADJF"></g><g v="Apro"></g><g v="femn"></g><g v="sing"></g><g v="gent"></g></l></v><v><l id="313174" t="самый"><g v="ADJF"></g><g v="Apro"></g><g v="femn"></g><g v="sing"></g><g v="gent"></g></l></v></tfr></token><token id="709087" text="эпатажной"><tfr rev_id="4579531" t="эпатажной"><v><l id="394640" t="эпатажный"><g v="ADJF"></g><g v="sing"></g><g v="femn"></g><g v="ablt"></g></l></v><v><l id="394640" t="эпатажный"><g v="ADJF"></g><g v="sing"></g><g v="femn"></g><g v="datv"></g></l></v><v><l id="394640" t="эпатажный"><g v="ADJF"></g><g v="sing"></g><g v="femn"></g><g v="gent"></g></l></v><v><l id="394640" t="эпатажный"><g v="ADJF"></g><g v="sing"></g><g v="femn"></g><g v="loct"></g></l></v></tfr></token><token id="709088" text="немецкой"><tfr rev_id="4166069" t="немецкой"><v><l id="184078" t="немецкий"><g v="ADJF"></g><g v="femn"></g><g v="sing"></g><g v="gent"></g></l></v></tfr></token><token id="709089" text="группы"><tfr rev_id="3410029" t="группы"><v><l id="76092" t="группа"><g v="NOUN"></g><g v="inan"></g><g v="femn"></g><g v="sing"></g><g v="gent"></g></l></v></tfr></token><token id="709090" text="руководство"><tfr rev_id="1540947" t="руководство"><v><l id="310004" t="руководство"><g v="NOUN"></g><g v="inan"></g><g v="neut"></g><g v="sing"></g><g v="nomn"></g></l></v><v><l id="310004" t="руководство"><g v="NOUN"></g><g v="inan"></g><g v="neut"></g><g v="sing"></g><g v="accs"></g></l></v></tfr></token><token id="709091" text="Германии"><tfr rev_id="4277661" t="Германии"><v><l id="69099" t="германия"><g v="NOUN"></g><g v="inan"></g><g v="femn"></g><g v="Sgtm"></g><g v="Geox"></g><g v="sing"></g><g v="gent"></g></l></v></tfr></token><token id="709092" text="запретило"><tfr rev_id="1540949" t="запретило"><v><l id="107928" t="запретил"><g v="VERB"></g><g v="perf"></g><g v="tran"></g><g v="neut"></g><g v="sing"></g><g v="past"></g><g v="indc"></g></l></v></tfr></token><token id="709093" text="ставить"><tfr rev_id="1540950" t="ставить"><v><l id="334321" t="ставить"><g v="INFN"></g><g v="impf"></g><g v="tran"></g></l></v></tfr></token><token id="709094" text="на"><tfr rev_id="3393876" t="на"><v><l id="166264" t="на"><g v="PREP"></g></l></v></tfr></token><token id="709095" text="прилавки"><tfr rev_id="3728298" t="прилавки"><v><l id="271448" t="прилавок"><g v="NOUN"></g><g v="inan"></g><g v="masc"></g><g v="plur"></g><g v="accs"></g></l></v></tfr></token><token id="709096" text="магазинов"><tfr rev_id="1540953" t="магазинов"><v><l id="152545" t="магазин"><g v="NOUN"></g><g v="inan"></g><g v="masc"></g><g v="plur"></g><g v="gent"></g></l></v></tfr></token><token id="709097" text="и"><tfr rev_id="3544594" t="и"><v><l id="116949" t="и"><g v="CONJ"></g></l></v></tfr></token><token id="709098" text="продавать"><tfr rev_id="1540955" t="продавать"><v><l id="278912" t="продавать"><g v="INFN"></g><g v="impf"></g><g v="tran"></g></l></v></tfr></token><token id="709099" text="лицам"><tfr rev_id="3470574" t="лицам"><v><l id="150189" t="лицо"><g v="NOUN"></g><g v="anim"></g><g v="neut"></g><g v="plur"></g><g v="datv"></g></l></v></tfr></token><token id="709100" text="моложе"><tfr rev_id="4495880" t="моложе"><v><l id="162848" t="моложе"><g v="COMP"></g><g v="Qual"></g></l></v></tfr></token><token id="709101" text="18"><tfr rev_id="2462993" t="18"><v><l id="0" t="18"><g v="NUMB"></g></l></v></tfr></token><token id="709102" text="лет"><tfr rev_id="3438110" t="лет"><v><l id="72149" t="год"><g v="NOUN"></g><g v="inan"></g><g v="masc"></g><g v="plur"></g><g v="gent"></g></l></v></tfr></token><token id="709103" text="."><tfr rev_id="1540960" t="."><v><l id="0" t="."><g v="PNCT"></g></l></v></tfr></token></tokens></sentence><sentence id="39875"><source>По мнению многих немцев, сборник Liebe ist Fuer Alle Da пропагандирует порнографию, насилие и незащищённый секс.</source><tokens><token id="709104" text="По"><tfr rev_id="1540961" t="По"><v><l id="241240" t="по"><g v="PREP"></g></l></v></tfr></token><token id="709105" text="мнению"><tfr rev_id="1540962" t="мнению"><v><l id="161395" t="мнение"><g v="NOUN"></g><g v="inan"></g><g v="neut"></g><g v="sing"></g><g v="datv"></g></l></v></tfr></token><token id="709106" text="многих"><tfr rev_id="4471424" t="многих"><v><l id="161427" t="многий"><g v="ADJF"></g><g v="Apro"></g><g v="plur"></g><g v="gent"></g></l></v><v><l id="161427" t="многий"><g v="ADJF"></g><g v="Apro"></g><g v="anim"></g><g v="plur"></g><g v="accs"></g></l></v><v><l id="161427" t="многий"><g v="ADJF"></g><g v="Apro"></g><g v="plur"></g><g v="loct"></g></l></v></tfr></token><token id="709107" text="немцев"><tfr rev_id="3944940" t="немцев"><v><l id="184077" t="немец"><g v="NOUN"></g><g v="anim"></g><g v="masc"></g><g v="plur"></g><g v="gent"></g></l></v></tfr></token><token id="709108" text=","><tfr rev_id="1540965" t=","><v><l id="0" t=","><g v="PNCT"></g></l></v></tfr></token><token id="709109" text="сборник"><tfr rev_id="3473765" t="сборник"><v><l id="314368" t="сборник"><g v="NOUN"></g><g v="inan"></g><g v="masc"></g><g v="sing"></g><g v="nomn"></g></l></v></tfr></token><token id="709110" text="Liebe"><tfr rev_id="2475575" t="Liebe"><v><l id="0" t="Liebe"><g v="LATN"></g></l></v></tfr></token><token id="709111" text="ist"><tfr rev_id="2475576" t="ist"><v><l id="0" t="ist"><g v="LATN"></g></l></v></tfr></token><token id="709112" text="Fuer"><tfr rev_id="2475577" t="Fuer"><v><l id="0" t="Fuer"><g v="LATN"></g></l></v></tfr></token><token id="709113" text="Alle"><tfr rev_id="2475578" t="Alle"><v><l id="0" t="Alle"><g v="LATN"></g></l></v></tfr></token><token id="709114" text="Da"><tfr rev_id="2475579" t="Da"><v><l id="0" t="Da"><g v="LATN"></g></l></v></tfr></token><token id="709115" text="пропагандирует"><tfr rev_id="1540972" t="пропагандирует"><v><l id="282706" t="пропагандирую"><g v="VERB"></g><g v="impf"></g><g v="tran"></g><g v="sing"></g><g v="3per"></g><g v="pres"></g><g v="indc"></g></l></v></tfr></token><token id="709116" text="порнографию"><tfr rev_id="1540973" t="порнографию"><v><l id="260303" t="порнография"><g v="NOUN"></g><g v="inan"></g><g v="femn"></g><g v="sing"></g><g v="accs"></g></l></v></tfr></token><token id="709117" text=","><tfr rev_id="1540974" t=","><v><l id="0" t=","><g v="PNCT"></g></l></v></tfr></token><token id="709118" text="насилие"><tfr rev_id="4213337" t="насилие"><v><l id="175295" t="насилие"><g v="NOUN"></g><g v="inan"></g><g v="neut"></g><g v="sing"></g><g v="accs"></g></l></v></tfr></token><token id="709119" text="и"><tfr rev_id="1540976" t="и"><v><l id="116949" t="и"><g v="CONJ"></g></l></v><v><l id="116950" t="и"><g v="INTJ"></g></l></v></tfr></token><token id="709120" text="незащищённый"><tfr rev_id="3880315" t="незащищённый"><v><l id="182477" t="незащищенный"><g v="ADJF"></g><g v="inan"></g><g v="masc"></g><g v="sing"></g><g v="accs"></g></l></v></tfr></token><token id="709121" text="секс"><tfr rev_id="4360125" t="секс"><v><l id="318071" t="секс"><g v="NOUN"></g><g v="inan"></g><g v="masc"></g><g v="sing"></g><g v="accs"></g></l></v></tfr></token><token id="709122" text="."><tfr rev_id="1540979" t="."><v><l id="0" t="."><g v="PNCT"></g></l></v></tfr></token></tokens></sentence><sentence id="39876"><source>Причём ханжами немецких чиновников в этом случае явно не назовёшь.</source><tokens><token id="709123" text="Причём"><tfr rev_id="1540980" t="Причём"><v><l id="276410" t="причём"><g v="CONJ"></g></l></v></tfr></token><token id="709124" text="ханжами"><tfr rev_id="4527651" t="ханжами"><v><l id="369327" t="ханжа"><g v="NOUN"></g><g v="anim"></g><g v="ms-f"></g><g v="plur"></g><g v="ablt"></g></l></v></tfr></token><token id="709125" text="немецких"><tfr rev_id="3703417" t="немецких"><v><l id="184078" t="немецкий"><g v="ADJF"></g><g v="anim"></g><g v="plur"></g><g v="accs"></g></l></v></tfr></token><token id="709126" text="чиновников"><tfr rev_id="3645364" t="чиновников"><v><l id="376482" t="чиновник"><g v="NOUN"></g><g v="anim"></g><g v="masc"></g><g v="plur"></g><g v="accs"></g></l></v></tfr></token><token id="709127" text="в"><tfr rev_id="1540984" t="в"><v><l id="37409" t="в"><g v="PREP"></g></l></v></tfr></token><token id="709128" text="этом"><tfr rev_id="4435821" t="этом"><v><l id="386581" t="этот"><g v="ADJF"></g><g v="Subx"></g><g v="Apro"></g><g v="Anph"></g><g v="masc"></g><g v="sing"></g><g v="loct"></g></l></v></tfr></token><token id="709129" text="случае"><tfr rev_id="1540986" t="случае"><v><l id="325472" t="случай"><g v="NOUN"></g><g v="inan"></g><g v="masc"></g><g v="sing"></g><g v="loct"></g></l></v></tfr></token><token id="709130" text="явно"><tfr rev_id="1540987" t="явно"><v><l id="387390" t="явно"><g v="ADVB"></g></l></v><v><l id="387394" t="явен"><g v="ADJS"></g><g v="Qual"></g><g v="neut"></g><g v="sing"></g></l></v></tfr></token><token id="709131" text="не"><tfr rev_id="1540988" t="не"><v><l id="178876" t="не"><g v="PRCL"></g></l></v></tfr></token><token id="709132" text="назовёшь"><tfr rev_id="1540989" t="назовёшь"><v><l id="170342" t="назвал"><g v="VERB"></g><g v="perf"></g><g v="tran"></g><g v="sing"></g><g v="2per"></g><g v="futr"></g><g v="indc"></g></l></v></tfr></token><token id="709133" text="."><tfr rev_id="1540990" t="."><v><l id="0" t="."><g v="PNCT"></g></l></v></tfr></token></tokens></sentence></paragraph><paragraph id="12830"><sentence id="39877"><source>Последнее детище Rammstein будит нездоровые ассоциации и по форме, и по содержанию.</source><tokens><token id="709134" text="Последнее"><tfr rev_id="3809312" t="Последнее"><v><l id="261565" t="последний"><g v="ADJF"></g><g v="neut"></g><g v="sing"></g><g v="nomn"></g></l></v><v><l id="261565" t="последний"><g v="ADJF"></g><g v="neut"></g><g v="sing"></g><g v="accs"></g></l></v></tfr></token><token id="709135" text="детище"><tfr rev_id="4470487" t="детище"><v><l id="82213" t="детище"><g v="NOUN"></g><g v="inan"></g><g v="neut"></g><g v="sing"></g><g v="nomn"></g></l></v></tfr></token><token id="709136" text="Rammstein"><tfr rev_id="2475580" t="Rammstein"><v><l id="0" t="Rammstein"><g v="LATN"></g></l></v></tfr></token><token id="709137" text="будит"><tfr rev_id="1540994" t="будит"><v><l id="35072" t="бужу"><g v="VERB"></g><g v="impf"></g><g v="tran"></g><g v="sing"></g><g v="3per"></g><g v="pres"></g><g v="indc"></g></l></v></tfr></token><token id="709138" text="нездоровые"><tfr rev_id="3820169" t="нездоровые"><v><l id="182497" t="нездоровый"><g v="ADJF"></g><g v="Qual"></g><g v="inan"></g><g v="plur"></g><g v="accs"></g></l></v></tfr></token><token id="709139" text="ассоциации"><tfr rev_id="3793345" t="ассоциации"><v><l id="18836" t="ассоциация"><g v="NOUN"></g><g v="inan"></g><g v="femn"></g><g v="plur"></g><g v="accs"></g></l></v></tfr></token><token id="709140" text="и"><tfr rev_id="1540997" t="и"><v><l id="116949" t="и"><g v="CONJ"></g></l></v><v><l id="116950" t="и"><g v="INTJ"></g></l></v></tfr></token><token id="709141" text="по"><tfr rev_id="1540998" t="по"><v><l id="241240" t="по"><g v="PREP"></g></l></v></tfr></token><token id="709142" text="форме"><tfr rev_id="3534811" t="форме"><v><l id="367077" t="форма"><g v="NOUN"></g><g v="inan"></g><g v="femn"></g><g v="sing"></g><g v="datv"></g></l></v></tfr></token><token id="709143" text=","><tfr rev_id="1541000" t=","><v><l id="0" t=","><g v="PNCT"></g></l></v></tfr></token><token id="709144" text="и"><tfr rev_id="3410526" t="и"><v><l id="116949" t="и"><g v="CONJ"></g></l></v></tfr></token><token id="709145" text="по"><tfr rev_id="1541002" t="по"><v><l id="241240" t="по"><g v="PREP"></g></l></v></tfr></token><token id="709146" text="содержанию"><tfr rev_id="1541003" t="содержанию"><v><l id="328404" t="содержание"><g v="NOUN"></g><g v="inan"></g><g v="neut"></g><g v="sing"></g><g v="datv"></g></l></v></tfr></token><token id="709147" text="."><tfr rev_id="1541004" t="."><v><l id="0" t="."><g v="PNCT"></g></l></v></tfr></token></tokens></sentence><sentence id="39878"><source>На обложке диска размещено фото, где все члены коллектива собрались разделать обнажённую женщину.</source><tokens><token id="709148" text="На"><tfr rev_id="3340230" t="На"><v><l id="166264" t="на"><g v="PREP"></g></l></v></tfr></token><token id="709149" text="обложке"><tfr rev_id="3557855" t="обложке"><v><l id="196668" t="обложка"><g v="NOUN"></g><g v="inan"></g><g v="femn"></g><g v="sing"></g><g v="loct"></g></l></v></tfr></token><token id="709150" text="диска"><tfr rev_id="1541007" t="диска"><v><l id="84267" t="диск"><g v="NOUN"></g><g v="inan"></g><g v="masc"></g><g v="sing"></g><g v="gent"></g></l></v></tfr></token><token id="709151" text="размещено"><tfr rev_id="1541008" t="размещено"><v><l id="295054" t="размещён"><g v="PRTS"></g><g v="perf"></g><g v="past"></g><g v="pssv"></g><g v="neut"></g><g v="sing"></g></l></v></tfr></token><token id="709152" text="фото"><tfr rev_id="4173473" t="фото"><v><l id="367426" t="фото"><g v="NOUN"></g><g v="inan"></g><g v="neut"></g><g v="Fixd"></g><g v="sing"></g><g v="nomn"></g></l></v></tfr></token><token id="709153" text=","><tfr rev_id="1541010" t=","><v><l id="0" t=","><g v="PNCT"></g></l></v></tfr></token><token id="709154" text="где"><tfr rev_id="2636530" t="где"><v><l id="67984" t="где"><g v="ADVB"></g><g v="Ques"></g></l></v><v><l id="388669" t="где"><g v="CONJ"></g></l></v></tfr></token><token id="709155" text="все"><tfr rev_id="4538400" t="все"><v><l id="42156" t="весь"><g v="ADJF"></g><g v="Subx"></g><g v="Apro"></g><g v="inan"></g><g v="plur"></g><g v="accs"></g></l></v><v><l id="42156" t="весь"><g v="ADJF"></g><g v="Subx"></g><g v="Apro"></g><g v="plur"></g><g v="nomn"></g></l></v></tfr></token><token id="709156" text="члены"><tfr rev_id="4282648" t="члены"><v><l id="376827" t="член"><g v="NOUN"></g><g v="anim"></g><g v="masc"></g><g v="plur"></g><g v="nomn"></g></l></v></tfr></token><token id="709157" text="коллектива"><tfr rev_id="1541014" t="коллектива"><v><l id="136019" t="коллектив"><g v="NOUN"></g><g v="inan"></g><g v="masc"></g><g v="sing"></g><g v="gent"></g></l></v></tfr></token><token id="709158" text="собрались"><tfr rev_id="1541015" t="собрались"><v><l id="327823" t="собрался"><g v="VERB"></g><g v="perf"></g><g v="intr"></g><g v="plur"></g><g v="past"></g><g v="indc"></g></l></v></tfr></token><token id="709159" text="разделать"><tfr rev_id="1541016" t="разделать"><v><l id="293549" t="разделать"><g v="INFN"></g><g v="perf"></g><g v="tran"></g></l></v></tfr></token><token id="709160" text="обнажённую"><tfr rev_id="1541017" t="обнажённую"><v><l id="197720" t="обнажённый"><g v="ADJF"></g><g v="Qual"></g><g v="femn"></g><g v="sing"></g><g v="accs"></g></l></v><v><l id="197739" t="обнажённый"><g v="PRTF"></g><g v="perf"></g><g v="tran"></g><g v="past"></g><g v="pssv"></g><g v="femn"></g><g v="sing"></g><g v="accs"></g></l></v></tfr></token><token id="709161" text="женщину"><tfr rev_id="1541018" t="женщину"><v><l id="96749" t="женщина"><g v="NOUN"></g><g v="anim"></g><g v="femn"></g><g v="sing"></g><g v="accs"></g></l></v></tfr></token><token id="709162" text="."><tfr rev_id="1541019" t="."><v><l id="0" t="."><g v="PNCT"></g></l></v></tfr></token></tokens></sentence><sentence id="39879"><source>Потрясают и некоторые композиции альбома, в частности песня Ich tun dir weh («Я хочу сделать тебе больно»).</source><tokens><token id="709163" text="Потрясают"><tfr rev_id="1541020" t="Потрясают"><v><l id="263669" t="потрясаю"><g v="VERB"></g><g v="impf"></g><g v="tran"></g><g v="plur"></g><g v="3per"></g><g v="pres"></g><g v="indc"></g></l></v></tfr></token><token id="709164" text="и"><tfr rev_id="1541021" t="и"><v><l id="116949" t="и"><g v="CONJ"></g></l></v><v><l id="116950" t="и"><g v="INTJ"></g></l></v></tfr></token><token id="709165" text="некоторые"><tfr rev_id="4467518" t="некоторые"><v><l id="183542" t="некоторый"><g v="ADJF"></g><g v="Apro"></g><g v="plur"></g><g v="nomn"></g></l></v><v><l id="183542" t="некоторый"><g v="ADJF"></g><g v="Apro"></g><g v="inan"></g><g v="plur"></g><g v="accs"></g></l></v></tfr></token><token id="709166" text="композиции"><tfr rev_id="3757741" t="композиции"><v><l id="137305" t="композиция"><g v="NOUN"></g><g v="inan"></g><g v="femn"></g><g v="plur"></g><g v="nomn"></g></l></v></tfr></token><token id="709167" text="альбома"><tfr rev_id="1541024" t="альбома"><v><l id="10413" t="альбом"><g v="NOUN"></g><g v="inan"></g><g v="masc"></g><g v="sing"></g><g v="gent"></g></l></v></tfr></token><token id="709168" text=","><tfr rev_id="1541025" t=","><v><l id="0" t=","><g v="PNCT"></g></l></v></tfr></token><token id="709169" text="в"><tfr rev_id="1541026" t="в"><v><l id="37409" t="в"><g v="PREP"></g></l></v></tfr></token><token id="709170" text="частности"><tfr rev_id="4271777" t="частности"><v><l id="374794" t="частность"><g v="NOUN"></g><g v="inan"></g><g v="femn"></g><g v="sing"></g><g v="loct"></g></l></v></tfr></token><token id="709171" text="песня"><tfr rev_id="1541028" t="песня"><v><l id="237705" t="песня"><g v="NOUN"></g><g v="inan"></g><g v="femn"></g><g v="sing"></g><g v="nomn"></g></l></v></tfr></token><token id="709172" text="Ich"><tfr rev_id="2475581" t="Ich"><v><l id="0" t="Ich"><g v="LATN"></g></l></v></tfr></token><token id="709173" text="tun"><tfr rev_id="2475582" t="tun"><v><l id="0" t="tun"><g v="LATN"></g></l></v></tfr></token><token id="709174" text="dir"><tfr rev_id="2475583" t="dir"><v><l id="0" t="dir"><g v="LATN"></g></l></v></tfr></token><token id="709175" text="weh"><tfr rev_id="2475584" t="weh"><v><l id="0" t="weh"><g v="LATN"></g></l></v></tfr></token><token id="709176" text="("><tfr rev_id="1541033" t="("><v><l id="0" t="("><g v="PNCT"></g></l></v></tfr></token><token id="709177" text="«"><tfr rev_id="2447532" t="«"><v><l id="0" t="«"><g v="PNCT"></g></l></v></tfr></token><token id="709178" text="Я"><tfr rev_id="1541035" t="Я"><v><l id="387317" t="я"><g v="NPRO"></g><g v="1per"></g><g v="sing"></g><g v="nomn"></g></l></v></tfr></token><token id="709179" text="хочу"><tfr rev_id="1541036" t="хочу"><v><l id="371713" t="хочу"><g v="VERB"></g><g v="impf"></g><g v="tran"></g><g v="sing"></g><g v="1per"></g><g v="pres"></g><g v="indc"></g></l></v></tfr></token><token id="709180" text="сделать"><tfr rev_id="1541037" t="сделать"><v><l id="317247" t="сделать"><g v="INFN"></g><g v="perf"></g><g v="tran"></g></l></v></tfr></token><token id="709181" text="тебе"><tfr rev_id="4236590" t="тебе"><v><l id="352128" t="ты"><g v="NPRO"></g><g v="2per"></g><g v="sing"></g><g v="datv"></g></l></v></tfr></token><token id="709182" text="больно"><tfr rev_id="4502017" t="больно"><v><l id="32310" t="больно"><g v="ADVB"></g><g v="Prdx"></g></l></v><v><l id="32313" t="болен"><g v="ADJS"></g><g v="Qual"></g><g v="neut"></g><g v="sing"></g></l></v></tfr></token><token id="709183" text="»"><tfr rev_id="2447533" t="»"><v><l id="0" t="»"><g v="PNCT"></g></l></v></tfr></token><token id="709184" text=")"><tfr rev_id="1541041" t=")"><v><l id="0" t=")"><g v="PNCT"></g></l></v></tfr></token><token id="709185" text="."><tfr rev_id="1541042" t="."><v><l id="0" t="."><g v="PNCT"></g></l></v></tfr></token></tokens></sentence><sentence id="39880"><source>Вот лишь одна цитата из неё:</source><tokens><token id="709186" text="Вот"><tfr rev_id="3363442" t="Вот"><v><l id="52157" t="вот"><g v="PRCL"></g></l></v></tfr></token><token id="709187" text="лишь"><tfr rev_id="1541044" t="лишь"><v><l id="150259" t="лишь"><g v="CONJ"></g></l></v><v><l id="150260" t="лишь"><g v="PRCL"></g></l></v></tfr></token><token id="709188" text="одна"><tfr rev_id="4301888" t="одна"><v><l id="203319" t="один"><g v="ADJF"></g><g v="Apro"></g><g v="Anum"></g><g v="femn"></g><g v="sing"></g><g v="nomn"></g></l></v></tfr></token><token id="709189" text="цитата"><tfr rev_id="1541046" t="цитата"><v><l id="374090" t="цитата"><g v="NOUN"></g><g v="inan"></g><g v="femn"></g><g v="sing"></g><g v="nomn"></g></l></v></tfr></token><token id="709190" text="из"><tfr rev_id="2604156" t="из"><v><l id="117677" t="из"><g v="PREP"></g></l></v></tfr></token><token id="709191" text="неё"><tfr rev_id="3726357" t="неё"><v><l id="206544" t="она"><g v="NPRO"></g><g v="femn"></g><g v="3per"></g><g v="Anph"></g><g v="sing"></g><g v="gent"></g><g v="Af-p"></g></l></v><v><l id="206544" t="она"><g v="NPRO"></g><g v="femn"></g><g v="3per"></g><g v="Anph"></g><g v="sing"></g><g v="accs"></g><g v="Af-p"></g></l></v></tfr></token><token id="709192" text=":"><tfr rev_id="1541049" t=":"><v><l id="0" t=":"><g v="PNCT"></g></l></v></tfr></token></tokens></sentence><sentence id="39881"><source>«Укусы, пинки, тяжёлые удары, гвозди, щипцы, тупые пилы — скажи мне, что ты хочешь?»</source><tokens><token id="709193" text="«"><tfr rev_id="2447534" t="«"><v><l id="0" t="«"><g v="PNCT"></g></l></v></tfr></token><token id="709194" text="Укусы"><tfr rev_id="1541051" t="Укусы"><v><l id="356619" t="укус"><g v="NOUN"></g><g v="inan"></g><g v="masc"></g><g v="plur"></g><g v="nomn"></g></l></v><v><l id="356619" t="укус"><g v="NOUN"></g><g v="inan"></g><g v="masc"></g><g v="plur"></g><g v="accs"></g></l></v></tfr></token><token id="709195" text=","><tfr rev_id="1541052" t=","><v><l id="0" t=","><g v="PNCT"></g></l></v></tfr></token><token id="709196" text="пинки"><tfr rev_id="3750162" t="пинки"><v><l id="238834" t="пинок"><g v="NOUN"></g><g v="inan"></g><g v="masc"></g><g v="plur"></g><g v="nomn"></g></l></v><v><l id="238834" t="пинок"><g v="NOUN"></g><g v="inan"></g><g v="masc"></g><g v="plur"></g><g v="accs"></g></l></v></tfr></token><token id="709197" text=","><tfr rev_id="1541054" t=","><v><l id="0" t=","><g v="PNCT"></g></l></v></tfr></token><token id="709198" text="тяжёлые"><tfr rev_id="1541055" t="тяжёлые"><v><l id="352656" t="тяжёлый"><g v="ADJF"></g><g v="Qual"></g><g v="plur"></g><g v="nomn"></g></l></v><v><l id="352656" t="тяжёлый"><g v="ADJF"></g><g v="Qual"></g><g v="inan"></g><g v="plur"></g><g v="accs"></g></l></v></tfr></token><token id="709199" text="удары"><tfr rev_id="1541056" t="удары"><v><l id="354672" t="удар"><g v="NOUN"></g><g v="inan"></g><g v="masc"></g><g v="plur"></g><g v="nomn"></g></l></v><v><l id="354672" t="удар"><g v="NOUN"></g><g v="inan"></g><g v="masc"></g><g v="plur"></g><g v="accs"></g></l></v></tfr></token><token id="709200" text=","><tfr rev_id="1541057" t=","><v><l id="0" t=","><g v="PNCT"></g></l></v></tfr></token><token id="709201" text="гвозди"><tfr rev_id="1714683" t="гвозди"><v><l id="67976" t="гвоздь"><g v="NOUN"></g><g v="inan"></g><g v="masc"></g><g v="plur"></g><g v="nomn"></g></l></v><v><l id="67976" t="гвоздь"><g v="NOUN"></g><g v="inan"></g><g v="masc"></g><g v="plur"></g><g v="accs"></g></l></v></tfr></token><token id="709202" text=","><tfr rev_id="1541059" t=","><v><l id="0" t=","><g v="PNCT"></g></l></v></tfr></token><token id="709203" text="щипцы"><tfr rev_id="1541060" t="щипцы"><v><l id="382539" t="щипец"><g v="NOUN"></g><g v="inan"></g><g v="masc"></g><g v="plur"></g><g v="nomn"></g></l></v><v><l id="382539" t="щипец"><g v="NOUN"></g><g v="inan"></g><g v="masc"></g><g v="plur"></g><g v="accs"></g></l></v></tfr></token><token id="709204" text=","><tfr rev_id="1541061" t=","><v><l id="0" t=","><g v="PNCT"></g></l></v></tfr></token><token id="709205" text="тупые"><tfr rev_id="1541062" t="тупые"><v><l id="351617" t="тупой"><g v="ADJF"></g><g v="Qual"></g><g v="plur"></g><g v="nomn"></g></l></v><v><l id="351617" t="тупой"><g v="ADJF"></g><g v="Qual"></g><g v="inan"></g><g v="plur"></g><g v="accs"></g></l></v></tfr></token><token id="709206" text="пилы"><tfr rev_id="3453248" t="пилы"><v><l id="238642" t="пила"><g v="NOUN"></g><g v="inan"></g><g v="femn"></g><g v="plur"></g><g v="nomn"></g></l></v><v><l id="238642" t="пила"><g v="NOUN"></g><g v="inan"></g><g v="femn"></g><g v="plur"></g><g v="accs"></g></l></v></tfr></token><token id="709207" text="—"><tfr rev_id="2447535" t="—"><v><l id="0" t="—"><g v="PNCT"></g></l></v></tfr></token><token id="709208" text="скажи"><tfr rev_id="1541065" t="скажи"><v><l id="321532" t="сказал"><g v="VERB"></g><g v="perf"></g><g v="tran"></g><g v="sing"></g><g v="impr"></g><g v="excl"></g></l></v></tfr></token><token id="709209" text="мне"><tfr rev_id="4201536" t="мне"><v><l id="387317" t="я"><g v="NPRO"></g><g v="1per"></g><g v="sing"></g><g v="datv"></g></l></v></tfr></token><token id="709210" text=","><tfr rev_id="1541067" t=","><v><l id="0" t=","><g v="PNCT"></g></l></v></tfr></token><token id="709211" text="что"><tfr rev_id="3197839" t="что"><v><l id="377004" t="что"><g v="CONJ"></g></l></v><v><l id="377005" t="что"><g v="NPRO"></g><g v="neut"></g><g v="sing"></g><g v="nomn"></g></l></v><v><l id="377005" t="что"><g v="NPRO"></g><g v="neut"></g><g v="sing"></g><g v="accs"></g></l></v><v><l id="377006" t="что"><g v="ADVB"></g><g v="Ques"></g></l></v><v><l id="388695" t="что"><g v="PRCL"></g></l></v></tfr></token><token id="709212" text="ты"><tfr rev_id="1541069" t="ты"><v><l id="352128" t="ты"><g v="NPRO"></g><g v="2per"></g><g v="sing"></g><g v="nomn"></g></l></v></tfr></token><token id="709213" text="хочешь"><tfr rev_id="1541070" t="хочешь"><v><l id="371713" t="хочу"><g v="VERB"></g><g v="impf"></g><g v="tran"></g><g v="sing"></g><g v="2per"></g><g v="pres"></g><g v="indc"></g></l></v></tfr></token><token id="709214" text="?"><tfr rev_id="1541071" t="?"><v><l id="0" t="?"><g v="PNCT"></g></l></v></tfr></token><token id="709215" text="»"><tfr rev_id="2447536" t="»"><v><l id="0" t="»"><g v="PNCT"></g></l></v></tfr></token></tokens></sentence><sentence id="39882"><source>Критики моралистов не выдерживает и сингл Pussy, пропагандирующий незащищённый секс.</source><tokens><token id="709216" text="Критики"><tfr rev_id="3490262" t="Критики"><v><l id="142954" t="критика"><g v="NOUN"></g><g v="inan"></g><g v="femn"></g><g v="sing"></g><g v="gent"></g></l></v></tfr></token><token id="709217" text="моралистов"><tfr rev_id="4098231" t="моралистов"><v><l id="163456" t="моралист"><g v="NOUN"></g><g v="anim"></g><g v="masc"></g><g v="plur"></g><g v="gent"></g></l></v></tfr></token><token id="709218" text="не"><tfr rev_id="1541075" t="не"><v><l id="178876" t="не"><g v="PRCL"></g></l></v></tfr></token><token id="709219" text="выдерживает"><tfr rev_id="1541076" t="выдерживает"><v><l id="57085" t="выдерживаю"><g v="VERB"></g><g v="impf"></g><g v="tran"></g><g v="sing"></g><g v="3per"></g><g v="pres"></g><g v="indc"></g></l></v></tfr></token><token id="709220" text="и"><tfr rev_id="1541077" t="и"><v><l id="116949" t="и"><g v="CONJ"></g></l></v><v><l id="116950" t="и"><g v="INTJ"></g></l></v></tfr></token><token id="709221" text="сингл"><tfr rev_id="3708199" t="сингл"><v><l id="320837" t="сингл"><g v="NOUN"></g><g v="inan"></g><g v="masc"></g><g v="sing"></g><g v="nomn"></g></l></v></tfr></token><token id="709222" text="Pussy"><tfr rev_id="2475585" t="Pussy"><v><l id="0" t="Pussy"><g v="LATN"></g></l></v></tfr></token><token id="709223" text=","><tfr rev_id="1541080" t=","><v><l id="0" t=","><g v="PNCT"></g></l></v></tfr></token><token id="709224" text="пропагандирующий"><tfr rev_id="1541081" t="пропагандирующий"><v><l id="282708" t="пропагандирующий"><g v="PRTF"></g><g v="impf"></g><g v="tran"></g><g v="pres"></g><g v="actv"></g><g v="masc"></g><g v="sing"></g><g v="nomn"></g></l></v><v><l id="282708" t="пропагандирующий"><g v="PRTF"></g><g v="impf"></g><g v="tran"></g><g v="pres"></g><g v="actv"></g><g v="inan"></g><g v="masc"></g><g v="sing"></g><g v="accs"></g></l></v></tfr></token><token id="709225" text="незащищённый"><tfr rev_id="2782725" t="незащищённый"><v><l id="182477" t="незащищенный"><g v="ADJF"></g><g v="inan"></g><g v="masc"></g><g v="sing"></g><g v="accs"></g></l></v></tfr></token><token id="709226" text="секс"><tfr rev_id="1541083" t="секс"><v><l id="318071" t="секс"><g v="NOUN"></g><g v="inan"></g><g v="masc"></g><g v="sing"></g><g v="nomn"></g></l></v><v><l id="318071" t="секс"><g v="NOUN"></g><g v="inan"></g><g v="masc"></g><g v="sing"></g><g v="accs"></g></l></v></tfr></token><token id="709227" text="."><tfr rev_id="1541084" t="."><v><l id="0" t="."><g v="PNCT"></g></l></v></tfr></token></tokens></sentence><sentence id="39883"><source>Ещё большее возмущение общественности вызвал клип на эту песню, в котором использованы кадры реальных половых актов с участием членов группы.</source><tokens><token id="709228" text="Ещё"><tfr rev_id="1541085" t="Ещё"><v><l id="95551" t="ещё"><g v="PRCL"></g></l></v><v><l id="95552" t="ещё"><g v="ADVB"></g></l></v></tfr></token><token id="709229" text="большее"><tfr rev_id="4534538" t="большее"><v><l id="32439" t="больший"><g v="ADJF"></g><g v="Qual"></g><g v="neut"></g><g v="sing"></g><g v="nomn"></g></l></v><v><l id="32439" t="больший"><g v="ADJF"></g><g v="Qual"></g><g v="neut"></g><g v="sing"></g><g v="accs"></g></l></v></tfr></token><token id="709230" text="возмущение"><tfr rev_id="1541087" t="возмущение"><v><l id="49457" t="возмущение"><g v="NOUN"></g><g v="inan"></g><g v="neut"></g><g v="sing"></g><g v="nomn"></g></l></v><v><l id="49457" t="возмущение"><g v="NOUN"></g><g v="inan"></g><g v="neut"></g><g v="sing"></g><g v="accs"></g></l></v></tfr></token><token id="709231" text="общественности"><tfr rev_id="4313992" t="общественности"><v><l id="201611" t="общественность"><g v="NOUN"></g><g v="inan"></g><g v="femn"></g><g v="sing"></g><g v="gent"></g></l></v></tfr></token><token id="709232" text="вызвал"><tfr rev_id="1541089" t="вызвал"><v><l id="57525" t="вызвал"><g v="VERB"></g><g v="perf"></g><g v="tran"></g><g v="masc"></g><g v="sing"></g><g v="past"></g><g v="indc"></g></l></v></tfr></token><token id="709233" text="клип"><tfr rev_id="1541090" t="клип"><v><l id="134471" t="клип"><g v="NOUN"></g><g v="inan"></g><g v="masc"></g><g v="sing"></g><g v="nomn"></g></l></v><v><l id="134471" t="клип"><g v="NOUN"></g><g v="inan"></g><g v="masc"></g><g v="sing"></g><g v="accs"></g></l></v></tfr></token><token id="709234" text="на"><tfr rev_id="3394532" t="на"><v><l id="166264" t="на"><g v="PREP"></g></l></v></tfr></token><token id="709235" text="эту"><tfr rev_id="4438952" t="эту"><v><l id="386581" t="этот"><g v="ADJF"></g><g v="Subx"></g><g v="Apro"></g><g v="Anph"></g><g v="femn"></g><g v="sing"></g><g v="accs"></g></l></v></tfr></token><token id="709236" text="песню"><tfr rev_id="1541093" t="песню"><v><l id="237705" t="песня"><g v="NOUN"></g><g v="inan"></g><g v="femn"></g><g v="sing"></g><g v="accs"></g></l></v></tfr></token><token id="709237" text=","><tfr rev_id="1541094" t=","><v><l id="0" t=","><g v="PNCT"></g></l></v></tfr></token><token id="709238" text="в"><tfr rev_id="1541095" t="в"><v><l id="37409" t="в"><g v="PREP"></g></l></v></tfr></token><token id="709239" text="котором"><tfr rev_id="4412449" t="котором"><v><l id="141203" t="который"><g v="ADJF"></g><g v="Apro"></g><g v="Subx"></g><g v="Anph"></g><g v="masc"></g><g v="sing"></g><g v="loct"></g></l></v></tfr></token><token id="709240" text="использованы"><tfr rev_id="1541097" t="использованы"><v><l id="125429" t="использован"><g v="PRTS"></g><g v="perf"></g><g v="past"></g><g v="pssv"></g><g v="plur"></g></l></v><v><l id="125430" t="использован"><g v="PRTS"></g><g v="impf"></g><g v="past"></g><g v="pssv"></g><g v="plur"></g></l></v></tfr></token><token id="709241" text="кадры"><tfr rev_id="4473294" t="кадры"><v><l id="127826" t="кадр"><g v="NOUN"></g><g v="inan"></g><g v="masc"></g><g v="plur"></g><g v="nomn"></g></l></v></tfr></token><token id="709242" text="реальных"><tfr rev_id="3646621" t="реальных"><v><l id="304458" t="реальный"><g v="ADJF"></g><g v="Qual"></g><g v="plur"></g><g v="gent"></g></l></v></tfr></token><token id="709243" text="половых"><tfr rev_id="4262580" t="половых"><v><l id="256228" t="половой"><g v="ADJF"></g><g v="plur"></g><g v="gent"></g></l></v><v><l id="256228" t="половой"><g v="ADJF"></g><g v="anim"></g><g v="plur"></g><g v="accs"></g></l></v><v><l id="256228" t="половой"><g v="ADJF"></g><g v="plur"></g><g v="loct"></g></l></v><v><l id="256236" t="половый"><g v="ADJF"></g><g v="Qual"></g><g v="plur"></g><g v="gent"></g></l></v><v><l id="256236" t="половый"><g v="ADJF"></g><g v="Qual"></g><g v="anim"></g><g v="plur"></g><g v="accs"></g></l></v><v><l id="256236" t="половый"><g v="ADJF"></g><g v="Qual"></g><g v="plur"></g><g v="loct"></g></l></v></tfr></token><token id="709244" text="актов"><tfr rev_id="3450887" t="актов"><v><l id="7566" t="акт"><g v="NOUN"></g><g v="inan"></g><g v="masc"></g><g v="plur"></g><g v="gent"></g></l></v></tfr></token><token id="709245" text="с"><tfr rev_id="1541102" t="с"><v><l id="311151" t="с"><g v="PREP"></g></l></v></tfr></token><token id="709246" text="участием"><tfr rev_id="1541103" t="участием"><v><l id="363132" t="участие"><g v="NOUN"></g><g v="inan"></g><g v="neut"></g><g v="sing"></g><g v="ablt"></g></l></v></tfr></token><token id="709247" text="членов"><tfr rev_id="4328173" t="членов"><v><l id="376827" t="член"><g v="NOUN"></g><g v="anim"></g><g v="masc"></g><g v="plur"></g><g v="gent"></g></l></v></tfr></token><token id="709248" text="группы"><tfr rev_id="3491644" t="группы"><v><l id="76092" t="группа"><g v="NOUN"></g><g v="inan"></g><g v="femn"></g><g v="sing"></g><g v="gent"></g></l></v></tfr></token><token id="709249" text="."><tfr rev_id="1541106" t="."><v><l id="0" t="."><g v="PNCT"></g></l></v></tfr></token></tokens></sentence></paragraph></paragraphs></text>