<?xml version="1.0" encoding="utf-8"?><text id="1418" parent="226" name="23525 Лидеры G8 просят Москву стать посредником в конфликте с Ливией"><tags><tag>url:http://www.chaskor.ru/news/lidery_g8_prosyat_moskvu_stat_posrednikom_v_konflikte_s_liviej_23525</tag><tag>Год:2011</tag><tag>Дата:27/05</tag><tag>Тема:ЧасКор:В мире</tag><tag>Тема:ЧасКор:В мире/Мировые проблемы</tag></tags><paragraphs><paragraph id="12831"><sentence id="39884"><source>Лидеры G8 просят Москву стать посредником в конфликте с Ливией</source><tokens><token id="709250" text="Лидеры"><tfr rev_id="1541107" t="Лидеры"><v><l id="149007" t="лидер"><g v="NOUN"></g><g v="anim"></g><g v="masc"></g><g v="plur"></g><g v="nomn"></g></l></v></tfr></token><token id="709251" text="G8"><tfr rev_id="1541108" t="G8"><v><l id="0" t="G8"><g v="UNKN"></g></l></v></tfr></token><token id="709252" text="просят"><tfr rev_id="1541109" t="просят"><v><l id="284318" t="прошу"><g v="VERB"></g><g v="impf"></g><g v="tran"></g><g v="plur"></g><g v="3per"></g><g v="pres"></g><g v="indc"></g></l></v></tfr></token><token id="709253" text="Москву"><tfr rev_id="1541110" t="Москву"><v><l id="163901" t="москва"><g v="NOUN"></g><g v="inan"></g><g v="femn"></g><g v="Sgtm"></g><g v="Geox"></g><g v="sing"></g><g v="accs"></g></l></v></tfr></token><token id="709254" text="стать"><tfr rev_id="1671419" t="стать"><v><l id="335165" t="стать"><g v="INFN"></g><g v="perf"></g><g v="intr"></g></l></v></tfr></token><token id="709255" text="посредником"><tfr rev_id="1541112" t="посредником"><v><l id="262036" t="посредник"><g v="NOUN"></g><g v="anim"></g><g v="masc"></g><g v="sing"></g><g v="ablt"></g></l></v></tfr></token><token id="709256" text="в"><tfr rev_id="1541113" t="в"><v><l id="37409" t="в"><g v="PREP"></g></l></v></tfr></token><token id="709257" text="конфликте"><tfr rev_id="1541114" t="конфликте"><v><l id="138849" t="конфликт"><g v="NOUN"></g><g v="inan"></g><g v="masc"></g><g v="sing"></g><g v="loct"></g></l></v></tfr></token><token id="709258" text="с"><tfr rev_id="1541115" t="с"><v><l id="311151" t="с"><g v="PREP"></g></l></v></tfr></token><token id="709259" text="Ливией"><tfr rev_id="1541116" t="Ливией"><v><l id="148960" t="ливия"><g v="NOUN"></g><g v="inan"></g><g v="femn"></g><g v="Sgtm"></g><g v="Geox"></g><g v="sing"></g><g v="ablt"></g></l></v></tfr></token></tokens></sentence><sentence id="39885"><source>Ранее с аналогичной просьбой выступал и Муамар Каддафи.</source><tokens><token id="709260" text="Ранее"><tfr rev_id="1541117" t="Ранее"><v><l id="297884" t="ранее"><g v="ADVB"></g></l></v></tfr></token><token id="709261" text="с"><tfr rev_id="1541118" t="с"><v><l id="311151" t="с"><g v="PREP"></g></l></v></tfr></token><token id="709262" text="аналогичной"><tfr rev_id="4423838" t="аналогичной"><v><l id="12239" t="аналогичный"><g v="ADJF"></g><g v="femn"></g><g v="sing"></g><g v="ablt"></g></l></v></tfr></token><token id="709263" text="просьбой"><tfr rev_id="1541120" t="просьбой"><v><l id="285462" t="просьба"><g v="NOUN"></g><g v="inan"></g><g v="femn"></g><g v="sing"></g><g v="ablt"></g></l></v></tfr></token><token id="709264" text="выступал"><tfr rev_id="1541121" t="выступал"><v><l id="62880" t="выступаю"><g v="VERB"></g><g v="impf"></g><g v="intr"></g><g v="masc"></g><g v="sing"></g><g v="past"></g><g v="indc"></g></l></v></tfr></token><token id="709265" text="и"><tfr rev_id="3551022" t="и"><v><l id="116949" t="и"><g v="CONJ"></g></l></v></tfr></token><token id="709266" text="Муамар"><tfr rev_id="1541123" t="Муамар"><v><l id="164630" t="муамар"><g v="NOUN"></g><g v="anim"></g><g v="masc"></g><g v="Name"></g><g v="sing"></g><g v="nomn"></g></l></v></tfr></token><token id="709267" text="Каддафи"><tfr rev_id="4327244" t="Каддафи"><v><l id="388626" t="каддафи"><g v="NOUN"></g><g v="anim"></g><g v="ms-f"></g><g v="Fixd"></g><g v="Surn"></g><g v="sing"></g><g v="nomn"></g></l></v><v><l id="388626" t="каддафи"><g v="NOUN"></g><g v="anim"></g><g v="ms-f"></g><g v="Fixd"></g><g v="Surn"></g><g v="sing"></g><g v="gent"></g></l></v><v><l id="388626" t="каддафи"><g v="NOUN"></g><g v="anim"></g><g v="ms-f"></g><g v="Fixd"></g><g v="Surn"></g><g v="sing"></g><g v="datv"></g></l></v><v><l id="388626" t="каддафи"><g v="NOUN"></g><g v="anim"></g><g v="ms-f"></g><g v="Fixd"></g><g v="Surn"></g><g v="sing"></g><g v="accs"></g></l></v><v><l id="388626" t="каддафи"><g v="NOUN"></g><g v="anim"></g><g v="ms-f"></g><g v="Fixd"></g><g v="Surn"></g><g v="sing"></g><g v="ablt"></g></l></v><v><l id="388626" t="каддафи"><g v="NOUN"></g><g v="anim"></g><g v="ms-f"></g><g v="Fixd"></g><g v="Surn"></g><g v="sing"></g><g v="loct"></g></l></v></tfr></token><token id="709268" text="."><tfr rev_id="1541125" t="."><v><l id="0" t="."><g v="PNCT"></g></l></v></tfr></token></tokens></sentence></paragraph><paragraph id="12832"><sentence id="39886"><source>Итогом вчерашнего заседания «Большой восьмёрки» стал призыв стран-партнёров к России с просьбой стать посредником по ситуации в Ливии.</source><tokens><token id="709269" text="Итогом"><tfr rev_id="1541126" t="Итогом"><v><l id="127141" t="итог"><g v="NOUN"></g><g v="inan"></g><g v="masc"></g><g v="sing"></g><g v="ablt"></g></l></v></tfr></token><token id="709270" text="вчерашнего"><tfr rev_id="4204986" t="вчерашнего"><v><l id="55403" t="вчерашний"><g v="ADJF"></g><g v="neut"></g><g v="sing"></g><g v="gent"></g></l></v></tfr></token><token id="709271" text="заседания"><tfr rev_id="3435886" t="заседания"><v><l id="109402" t="заседание"><g v="NOUN"></g><g v="inan"></g><g v="neut"></g><g v="sing"></g><g v="gent"></g></l></v></tfr></token><token id="709272" text="«"><tfr rev_id="2447537" t="«"><v><l id="0" t="«"><g v="PNCT"></g></l></v></tfr></token><token id="709273" text="Большой"><tfr rev_id="2635742" t="Большой"><v><l id="32445" t="большой"><g v="ADJF"></g><g v="Qual"></g><g v="femn"></g><g v="sing"></g><g v="gent"></g></l></v><v><l id="32445" t="большой"><g v="ADJF"></g><g v="Qual"></g><g v="femn"></g><g v="sing"></g><g v="datv"></g></l></v><v><l id="32445" t="большой"><g v="ADJF"></g><g v="Qual"></g><g v="femn"></g><g v="sing"></g><g v="ablt"></g></l></v><v><l id="32445" t="большой"><g v="ADJF"></g><g v="Qual"></g><g v="femn"></g><g v="sing"></g><g v="loct"></g></l></v></tfr></token><token id="709274" text="восьмёрки"><tfr rev_id="2695578" t="восьмёрки"><v><l id="52128" t="восьмёрка"><g v="NOUN"></g><g v="inan"></g><g v="femn"></g><g v="sing"></g><g v="gent"></g></l></v></tfr></token><token id="709275" text="»"><tfr rev_id="2447538" t="»"><v><l id="0" t="»"><g v="PNCT"></g></l></v></tfr></token><token id="709276" text="стал"><tfr rev_id="1541133" t="стал"><v><l id="335164" t="стал"><g v="VERB"></g><g v="perf"></g><g v="intr"></g><g v="masc"></g><g v="sing"></g><g v="past"></g><g v="indc"></g></l></v></tfr></token><token id="709277" text="призыв"><tfr rev_id="4096721" t="призыв"><v><l id="270686" t="призыв"><g v="NOUN"></g><g v="inan"></g><g v="masc"></g><g v="sing"></g><g v="nomn"></g></l></v></tfr></token><token id="709278" text="стран"><tfr rev_id="1541135" t="стран"><v><l id="337100" t="страна"><g v="NOUN"></g><g v="inan"></g><g v="femn"></g><g v="plur"></g><g v="gent"></g></l></v></tfr></token><token id="709279" text="-"><tfr rev_id="1541136" t="-"><v><l id="0" t="-"><g v="PNCT"></g></l></v></tfr></token><token id="709280" text="партнёров"><tfr rev_id="2866510" t="партнёров"><v><l id="224438" t="партнёр"><g v="NOUN"></g><g v="anim"></g><g v="masc"></g><g v="plur"></g><g v="gent"></g></l></v></tfr></token><token id="709281" text="к"><tfr rev_id="1541138" t="к"><v><l id="127460" t="к"><g v="PREP"></g></l></v></tfr></token><token id="709282" text="России"><tfr rev_id="2627662" t="России"><v><l id="309322" t="россия"><g v="NOUN"></g><g v="inan"></g><g v="femn"></g><g v="Sgtm"></g><g v="Geox"></g><g v="sing"></g><g v="datv"></g></l></v></tfr></token><token id="709283" text="с"><tfr rev_id="1541140" t="с"><v><l id="311151" t="с"><g v="PREP"></g></l></v></tfr></token><token id="709284" text="просьбой"><tfr rev_id="1541141" t="просьбой"><v><l id="285462" t="просьба"><g v="NOUN"></g><g v="inan"></g><g v="femn"></g><g v="sing"></g><g v="ablt"></g></l></v></tfr></token><token id="709285" text="стать"><tfr rev_id="1712992" t="стать"><v><l id="335165" t="стать"><g v="INFN"></g><g v="perf"></g><g v="intr"></g></l></v></tfr></token><token id="709286" text="посредником"><tfr rev_id="1541143" t="посредником"><v><l id="262036" t="посредник"><g v="NOUN"></g><g v="anim"></g><g v="masc"></g><g v="sing"></g><g v="ablt"></g></l></v></tfr></token><token id="709287" text="по"><tfr rev_id="1541144" t="по"><v><l id="241240" t="по"><g v="PREP"></g></l></v></tfr></token><token id="709288" text="ситуации"><tfr rev_id="4286295" t="ситуации"><v><l id="321441" t="ситуация"><g v="NOUN"></g><g v="inan"></g><g v="femn"></g><g v="sing"></g><g v="datv"></g></l></v></tfr></token><token id="709289" text="в"><tfr rev_id="1541146" t="в"><v><l id="37409" t="в"><g v="PREP"></g></l></v></tfr></token><token id="709290" text="Ливии"><tfr rev_id="3457034" t="Ливии"><v><l id="148960" t="ливия"><g v="NOUN"></g><g v="inan"></g><g v="femn"></g><g v="Sgtm"></g><g v="Geox"></g><g v="sing"></g><g v="loct"></g></l></v></tfr></token><token id="709291" text="."><tfr rev_id="1541148" t="."><v><l id="0" t="."><g v="PNCT"></g></l></v></tfr></token></tokens></sentence><sentence id="39887"><source>С таким предложением к Дмитрию Медведеву обращались Николя Саркози, Барак Обама и Дэвид Кэмерон.</source><tokens><token id="709292" text="С"><tfr rev_id="1541149" t="С"><v><l id="311151" t="с"><g v="PREP"></g></l></v></tfr></token><token id="709293" text="таким"><tfr rev_id="4206799" t="таким"><v><l id="342491" t="такой"><g v="ADJF"></g><g v="Apro"></g><g v="neut"></g><g v="sing"></g><g v="ablt"></g></l></v></tfr></token><token id="709294" text="предложением"><tfr rev_id="1541151" t="предложением"><v><l id="266539" t="предложение"><g v="NOUN"></g><g v="inan"></g><g v="neut"></g><g v="sing"></g><g v="ablt"></g></l></v></tfr></token><token id="709295" text="к"><tfr rev_id="1541152" t="к"><v><l id="127460" t="к"><g v="PREP"></g></l></v></tfr></token><token id="709296" text="Дмитрию"><tfr rev_id="4292888" t="Дмитрию"><v><l id="85055" t="дмитрий"><g v="NOUN"></g><g v="anim"></g><g v="masc"></g><g v="Name"></g><g v="sing"></g><g v="datv"></g></l></v></tfr></token><token id="709297" text="Медведеву"><tfr rev_id="4282130" t="Медведеву"><v><l id="156959" t="медведев"><g v="NOUN"></g><g v="anim"></g><g v="masc"></g><g v="Sgtm"></g><g v="Surn"></g><g v="sing"></g><g v="datv"></g></l></v></tfr></token><token id="709298" text="обращались"><tfr rev_id="1541155" t="обращались"><v><l id="198950" t="обращаюсь"><g v="VERB"></g><g v="impf"></g><g v="intr"></g><g v="plur"></g><g v="past"></g><g v="indc"></g></l></v></tfr></token><token id="709299" text="Николя"><tfr rev_id="3466458" t="Николя"><v><l id="190987" t="николя"><g v="NOUN"></g><g v="anim"></g><g v="masc"></g><g v="Sgtm"></g><g v="Fixd"></g><g v="Name"></g><g v="sing"></g><g v="nomn"></g></l></v></tfr></token><token id="709300" text="Саркози"><tfr rev_id="4327274" t="Саркози"><v><l id="388917" t="саркози"><g v="NOUN"></g><g v="anim"></g><g v="ms-f"></g><g v="Fixd"></g><g v="Surn"></g><g v="sing"></g><g v="nomn"></g></l></v><v><l id="388917" t="саркози"><g v="NOUN"></g><g v="anim"></g><g v="ms-f"></g><g v="Fixd"></g><g v="Surn"></g><g v="sing"></g><g v="gent"></g></l></v><v><l id="388917" t="саркози"><g v="NOUN"></g><g v="anim"></g><g v="ms-f"></g><g v="Fixd"></g><g v="Surn"></g><g v="sing"></g><g v="datv"></g></l></v><v><l id="388917" t="саркози"><g v="NOUN"></g><g v="anim"></g><g v="ms-f"></g><g v="Fixd"></g><g v="Surn"></g><g v="sing"></g><g v="accs"></g></l></v><v><l id="388917" t="саркози"><g v="NOUN"></g><g v="anim"></g><g v="ms-f"></g><g v="Fixd"></g><g v="Surn"></g><g v="sing"></g><g v="ablt"></g></l></v><v><l id="388917" t="саркози"><g v="NOUN"></g><g v="anim"></g><g v="ms-f"></g><g v="Fixd"></g><g v="Surn"></g><g v="sing"></g><g v="loct"></g></l></v></tfr></token><token id="709301" text=","><tfr rev_id="1541158" t=","><v><l id="0" t=","><g v="PNCT"></g></l></v></tfr></token><token id="709302" text="Барак"><tfr rev_id="3492885" t="Барак"><v><l id="23706" t="барак"><g v="NOUN"></g><g v="anim"></g><g v="masc"></g><g v="Name"></g><g v="sing"></g><g v="nomn"></g></l></v></tfr></token><token id="709303" text="Обама"><tfr rev_id="4576075" t="Обама"><v><l id="388472" t="обама"><g v="NOUN"></g><g v="anim"></g><g v="ms-f"></g><g v="Sgtm"></g><g v="Surn"></g><g v="sing"></g><g v="nomn"></g></l></v></tfr></token><token id="709304" text="и"><tfr rev_id="1541161" t="и"><v><l id="116949" t="и"><g v="CONJ"></g></l></v><v><l id="116950" t="и"><g v="INTJ"></g></l></v></tfr></token><token id="709305" text="Дэвид"><tfr rev_id="1541162" t="Дэвид"><v><l id="93657" t="дэвид"><g v="NOUN"></g><g v="anim"></g><g v="masc"></g><g v="Name"></g><g v="sing"></g><g v="nomn"></g></l></v></tfr></token><token id="709306" text="Кэмерон"><tfr rev_id="4312052" t="Кэмерон"><v><l id="390317" t="кэмерон"><g v="NOUN"></g><g v="anim"></g><g v="masc"></g><g v="Sgtm"></g><g v="Surn"></g><g v="sing"></g><g v="nomn"></g></l></v></tfr></token><token id="709307" text="."><tfr rev_id="1541164" t="."><v><l id="0" t="."><g v="PNCT"></g></l></v></tfr></token></tokens></sentence><sentence id="39888"><source>«На всех двусторонних встречах, которые проводил президент, звучали просьбы, чтобы Россия взяла на себя посредническую миссию для урегулирования ситуации в Ливии»,</source><tokens><token id="709308" text="«"><tfr rev_id="2447539" t="«"><v><l id="0" t="«"><g v="PNCT"></g></l></v></tfr></token><token id="709309" text="На"><tfr rev_id="3343164" t="На"><v><l id="166264" t="на"><g v="PREP"></g></l></v></tfr></token><token id="709310" text="всех"><tfr rev_id="4135883" t="всех"><v><l id="42156" t="весь"><g v="ADJF"></g><g v="Subx"></g><g v="Apro"></g><g v="plur"></g><g v="loct"></g></l></v></tfr></token><token id="709311" text="двусторонних"><tfr rev_id="4416837" t="двусторонних"><v><l id="388902" t="двусторонний"><g v="ADJF"></g><g v="plur"></g><g v="loct"></g></l></v></tfr></token><token id="709312" text="встречах"><tfr rev_id="1541169" t="встречах"><v><l id="54530" t="встреча"><g v="NOUN"></g><g v="inan"></g><g v="femn"></g><g v="plur"></g><g v="loct"></g></l></v></tfr></token><token id="709313" text=","><tfr rev_id="1541170" t=","><v><l id="0" t=","><g v="PNCT"></g></l></v></tfr></token><token id="709314" text="которые"><tfr rev_id="3758168" t="которые"><v><l id="141203" t="который"><g v="ADJF"></g><g v="Apro"></g><g v="Subx"></g><g v="Anph"></g><g v="inan"></g><g v="plur"></g><g v="accs"></g></l></v></tfr></token><token id="709315" text="проводил"><tfr rev_id="1541172" t="проводил"><v><l id="278002" t="провожу"><g v="VERB"></g><g v="impf"></g><g v="tran"></g><g v="masc"></g><g v="sing"></g><g v="past"></g><g v="indc"></g></l></v><v><l id="278009" t="проводил"><g v="VERB"></g><g v="perf"></g><g v="tran"></g><g v="masc"></g><g v="sing"></g><g v="past"></g><g v="indc"></g></l></v></tfr></token><token id="709316" text="президент"><tfr rev_id="1541173" t="президент"><v><l id="267449" t="президент"><g v="NOUN"></g><g v="anim"></g><g v="masc"></g><g v="sing"></g><g v="nomn"></g></l></v></tfr></token><token id="709317" text=","><tfr rev_id="1541174" t=","><v><l id="0" t=","><g v="PNCT"></g></l></v></tfr></token><token id="709318" text="звучали"><tfr rev_id="1541175" t="звучали"><v><l id="114663" t="звучу"><g v="VERB"></g><g v="impf"></g><g v="intr"></g><g v="plur"></g><g v="past"></g><g v="indc"></g></l></v></tfr></token><token id="709319" text="просьбы"><tfr rev_id="3768795" t="просьбы"><v><l id="285462" t="просьба"><g v="NOUN"></g><g v="inan"></g><g v="femn"></g><g v="plur"></g><g v="nomn"></g></l></v></tfr></token><token id="709320" text=","><tfr rev_id="1541177" t=","><v><l id="0" t=","><g v="PNCT"></g></l></v></tfr></token><token id="709321" text="чтобы"><tfr rev_id="1541178" t="чтобы"><v><l id="377013" t="чтобы"><g v="CONJ"></g></l></v><v><l id="377014" t="чтобы"><g v="PRCL"></g></l></v></tfr></token><token id="709322" text="Россия"><tfr rev_id="1541179" t="Россия"><v><l id="309322" t="россия"><g v="NOUN"></g><g v="inan"></g><g v="femn"></g><g v="Sgtm"></g><g v="Geox"></g><g v="sing"></g><g v="nomn"></g></l></v></tfr></token><token id="709323" text="взяла"><tfr rev_id="1541180" t="взяла"><v><l id="44304" t="взял"><g v="VERB"></g><g v="perf"></g><g v="tran"></g><g v="femn"></g><g v="sing"></g><g v="past"></g><g v="indc"></g></l></v></tfr></token><token id="709324" text="на"><tfr rev_id="3345969" t="на"><v><l id="166264" t="на"><g v="PREP"></g></l></v></tfr></token><token id="709325" text="себя"><tfr rev_id="3635012" t="себя"><v><l id="317456" t="себя"><g v="NPRO"></g><g v="Anph"></g><g v="sing"></g><g v="accs"></g></l></v></tfr></token><token id="709326" text="посредническую"><tfr rev_id="1541183" t="посредническую"><v><l id="262043" t="посреднический"><g v="ADJF"></g><g v="femn"></g><g v="sing"></g><g v="accs"></g></l></v></tfr></token><token id="709327" text="миссию"><tfr rev_id="1541184" t="миссию"><v><l id="161045" t="миссия"><g v="NOUN"></g><g v="inan"></g><g v="femn"></g><g v="sing"></g><g v="accs"></g></l></v></tfr></token><token id="709328" text="для"><tfr rev_id="2707392" t="для"><v><l id="85032" t="для"><g v="PREP"></g></l></v></tfr></token><token id="709329" text="урегулирования"><tfr rev_id="3438950" t="урегулирования"><v><l id="359827" t="урегулирование"><g v="NOUN"></g><g v="inan"></g><g v="neut"></g><g v="sing"></g><g v="gent"></g></l></v></tfr></token><token id="709330" text="ситуации"><tfr rev_id="4313984" t="ситуации"><v><l id="321441" t="ситуация"><g v="NOUN"></g><g v="inan"></g><g v="femn"></g><g v="sing"></g><g v="gent"></g></l></v></tfr></token><token id="709331" text="в"><tfr rev_id="1541188" t="в"><v><l id="37409" t="в"><g v="PREP"></g></l></v></tfr></token><token id="709332" text="Ливии"><tfr rev_id="2922549" t="Ливии"><v><l id="148960" t="ливия"><g v="NOUN"></g><g v="inan"></g><g v="femn"></g><g v="Sgtm"></g><g v="Geox"></g><g v="sing"></g><g v="loct"></g></l></v></tfr></token><token id="709333" text="»"><tfr rev_id="2447540" t="»"><v><l id="0" t="»"><g v="PNCT"></g></l></v></tfr></token><token id="709334" text=","><tfr rev_id="1541191" t=","><v><l id="0" t=","><g v="PNCT"></g></l></v></tfr></token></tokens></sentence><sentence id="39889"><source>— цитирует РБК пресс-секретаря президента РФ Наталью Тимакову.</source><tokens><token id="709335" text="—"><tfr rev_id="2447541" t="—"><v><l id="0" t="—"><g v="PNCT"></g></l></v></tfr></token><token id="709336" text="цитирует"><tfr rev_id="1541193" t="цитирует"><v><l id="374102" t="цитирую"><g v="VERB"></g><g v="impf"></g><g v="tran"></g><g v="sing"></g><g v="3per"></g><g v="pres"></g><g v="indc"></g></l></v></tfr></token><token id="709337" text="РБК"><tfr rev_id="4573782" t="РБК"><v><l id="389058" t="рбк"><g v="NOUN"></g><g v="inan"></g><g v="femn"></g><g v="Sgtm"></g><g v="Fixd"></g><g v="Abbr"></g><g v="Orgn"></g><g v="sing"></g><g v="nomn"></g></l></v></tfr></token><token id="709338" text="пресс-секретаря"><tfr rev_id="3721575" t="пресс-секретаря"><v><l id="268249" t="пресс-секретарь"><g v="NOUN"></g><g v="anim"></g><g v="masc"></g><g v="sing"></g><g v="accs"></g></l></v></tfr></token><token id="709339" text="президента"><tfr rev_id="4215127" t="президента"><v><l id="267449" t="президент"><g v="NOUN"></g><g v="anim"></g><g v="masc"></g><g v="sing"></g><g v="gent"></g></l></v></tfr></token><token id="709340" text="РФ"><tfr rev_id="2781210" t="РФ"><v><l id="310486" t="рф"><g v="NOUN"></g><g v="inan"></g><g v="femn"></g><g v="Sgtm"></g><g v="Fixd"></g><g v="Abbr"></g><g v="Geox"></g><g v="sing"></g><g v="gent"></g></l></v></tfr></token><token id="709341" text="Наталью"><tfr rev_id="1541198" t="Наталью"><v><l id="176736" t="наталья"><g v="NOUN"></g><g v="anim"></g><g v="femn"></g><g v="Name"></g><g v="sing"></g><g v="accs"></g></l></v></tfr></token><token id="709342" text="Тимакову"><tfr rev_id="1541199" t="Тимакову"><v><l id="0" t="тимакову"><g v="UNKN"></g></l></v></tfr></token><token id="709343" text="."><tfr rev_id="1541200" t="."><v><l id="0" t="."><g v="PNCT"></g></l></v></tfr></token></tokens></sentence></paragraph><paragraph id="12833"><sentence id="39890"><source>Тимакова также подчеркнула, что лидеры мировых держав поблагодарили российского коллегу за его конструктивную позицию по Ливии.</source><tokens><token id="709344" text="Тимакова"><tfr rev_id="1541201" t="Тимакова"><v><l id="0" t="тимакова"><g v="UNKN"></g></l></v></tfr></token><token id="709345" text="также"><tfr rev_id="4267857" t="также"><v><l id="342482" t="также"><g v="PRCL"></g></l></v></tfr></token><token id="709346" text="подчеркнула"><tfr rev_id="1541203" t="подчеркнула"><v><l id="252370" t="подчеркнул"><g v="VERB"></g><g v="perf"></g><g v="tran"></g><g v="femn"></g><g v="sing"></g><g v="past"></g><g v="indc"></g></l></v></tfr></token><token id="709347" text=","><tfr rev_id="1541204" t=","><v><l id="0" t=","><g v="PNCT"></g></l></v></tfr></token><token id="709348" text="что"><tfr rev_id="3197840" t="что"><v><l id="377004" t="что"><g v="CONJ"></g></l></v><v><l id="377005" t="что"><g v="NPRO"></g><g v="neut"></g><g v="sing"></g><g v="nomn"></g></l></v><v><l id="377005" t="что"><g v="NPRO"></g><g v="neut"></g><g v="sing"></g><g v="accs"></g></l></v><v><l id="377006" t="что"><g v="ADVB"></g><g v="Ques"></g></l></v><v><l id="388695" t="что"><g v="PRCL"></g></l></v></tfr></token><token id="709349" text="лидеры"><tfr rev_id="1541206" t="лидеры"><v><l id="149007" t="лидер"><g v="NOUN"></g><g v="anim"></g><g v="masc"></g><g v="plur"></g><g v="nomn"></g></l></v></tfr></token><token id="709350" text="мировых"><tfr rev_id="4262581" t="мировых"><v><l id="160894" t="мировой"><g v="ADJF"></g><g v="plur"></g><g v="gent"></g></l></v><v><l id="160894" t="мировой"><g v="ADJF"></g><g v="anim"></g><g v="plur"></g><g v="accs"></g></l></v><v><l id="160894" t="мировой"><g v="ADJF"></g><g v="plur"></g><g v="loct"></g></l></v></tfr></token><token id="709351" text="держав"><tfr rev_id="2634582" t="держав"><v><l id="81717" t="держава"><g v="NOUN"></g><g v="inan"></g><g v="femn"></g><g v="plur"></g><g v="gent"></g></l></v></tfr></token><token id="709352" text="поблагодарили"><tfr rev_id="1541209" t="поблагодарили"><v><l id="241634" t="поблагодарил"><g v="VERB"></g><g v="perf"></g><g v="tran"></g><g v="plur"></g><g v="past"></g><g v="indc"></g></l></v></tfr></token><token id="709353" text="российского"><tfr rev_id="4165311" t="российского"><v><l id="309319" t="российский"><g v="ADJF"></g><g v="masc"></g><g v="sing"></g><g v="gent"></g></l></v><v><l id="309319" t="российский"><g v="ADJF"></g><g v="anim"></g><g v="masc"></g><g v="sing"></g><g v="accs"></g></l></v></tfr></token><token id="709354" text="коллегу"><tfr rev_id="4527122" t="коллегу"><v><l id="136008" t="коллега"><g v="NOUN"></g><g v="anim"></g><g v="ms-f"></g><g v="sing"></g><g v="accs"></g></l></v></tfr></token><token id="709355" text="за"><tfr rev_id="1541212" t="за"><v><l id="98043" t="за"><g v="PREP"></g></l></v></tfr></token><token id="709356" text="его"><tfr rev_id="4512919" t="его"><v><l id="94208" t="его"><g v="ADJF"></g><g v="Fixd"></g><g v="Apro"></g><g v="Anph"></g><g v="femn"></g><g v="sing"></g><g v="nomn"></g></l></v><v><l id="94208" t="его"><g v="ADJF"></g><g v="Fixd"></g><g v="Apro"></g><g v="Anph"></g><g v="femn"></g><g v="sing"></g><g v="gent"></g></l></v><v><l id="94208" t="его"><g v="ADJF"></g><g v="Fixd"></g><g v="Apro"></g><g v="Anph"></g><g v="femn"></g><g v="sing"></g><g v="datv"></g></l></v><v><l id="94208" t="его"><g v="ADJF"></g><g v="Fixd"></g><g v="Apro"></g><g v="Anph"></g><g v="femn"></g><g v="sing"></g><g v="accs"></g></l></v><v><l id="94208" t="его"><g v="ADJF"></g><g v="Fixd"></g><g v="Apro"></g><g v="Anph"></g><g v="femn"></g><g v="sing"></g><g v="ablt"></g></l></v><v><l id="94208" t="его"><g v="ADJF"></g><g v="Fixd"></g><g v="Apro"></g><g v="Anph"></g><g v="femn"></g><g v="sing"></g><g v="loct"></g></l></v></tfr></token><token id="709357" text="конструктивную"><tfr rev_id="1541214" t="конструктивную"><v><l id="138266" t="конструктивный"><g v="ADJF"></g><g v="Qual"></g><g v="femn"></g><g v="sing"></g><g v="accs"></g></l></v></tfr></token><token id="709358" text="позицию"><tfr rev_id="1541215" t="позицию"><v><l id="253607" t="позиция"><g v="NOUN"></g><g v="inan"></g><g v="femn"></g><g v="sing"></g><g v="accs"></g></l></v></tfr></token><token id="709359" text="по"><tfr rev_id="1541216" t="по"><v><l id="241240" t="по"><g v="PREP"></g></l></v></tfr></token><token id="709360" text="Ливии"><tfr rev_id="3456934" t="Ливии"><v><l id="148960" t="ливия"><g v="NOUN"></g><g v="inan"></g><g v="femn"></g><g v="Sgtm"></g><g v="Geox"></g><g v="sing"></g><g v="datv"></g></l></v></tfr></token><token id="709361" text="."><tfr rev_id="1541218" t="."><v><l id="0" t="."><g v="PNCT"></g></l></v></tfr></token></tokens></sentence><sentence id="39891"><source>«Никаких разногласий по этому вопросу нет.</source><tokens><token id="709362" text="«"><tfr rev_id="2447542" t="«"><v><l id="0" t="«"><g v="PNCT"></g></l></v></tfr></token><token id="709363" text="Никаких"><tfr rev_id="4408871" t="Никаких"><v><l id="190841" t="никакой"><g v="ADJF"></g><g v="Apro"></g><g v="plur"></g><g v="gent"></g></l></v></tfr></token><token id="709364" text="разногласий"><tfr rev_id="1541221" t="разногласий"><v><l id="295756" t="разногласие"><g v="NOUN"></g><g v="inan"></g><g v="neut"></g><g v="plur"></g><g v="gent"></g></l></v></tfr></token><token id="709365" text="по"><tfr rev_id="1541222" t="по"><v><l id="241240" t="по"><g v="PREP"></g></l></v></tfr></token><token id="709366" text="этому"><tfr rev_id="4477818" t="этому"><v><l id="386581" t="этот"><g v="ADJF"></g><g v="Subx"></g><g v="Apro"></g><g v="Anph"></g><g v="masc"></g><g v="sing"></g><g v="datv"></g></l></v></tfr></token><token id="709367" text="вопросу"><tfr rev_id="1541224" t="вопросу"><v><l id="50830" t="вопрос"><g v="NOUN"></g><g v="inan"></g><g v="masc"></g><g v="sing"></g><g v="datv"></g></l></v></tfr></token><token id="709368" text="нет"><tfr rev_id="3746985" t="нет"><v><l id="389552" t="нет"><g v="PRED"></g><g v="pres"></g></l></v></tfr></token><token id="709369" text="."><tfr rev_id="1541226" t="."><v><l id="0" t="."><g v="PNCT"></g></l></v></tfr></token></tokens></sentence><sentence id="39892"><source>Что касается темы Сирии, то здесь выражалась общая озабоченность тем, что там сейчас происходит»,</source><tokens><token id="709370" text="Что"><tfr rev_id="3197841" t="Что"><v><l id="377004" t="что"><g v="CONJ"></g></l></v><v><l id="377005" t="что"><g v="NPRO"></g><g v="neut"></g><g v="sing"></g><g v="nomn"></g></l></v><v><l id="377005" t="что"><g v="NPRO"></g><g v="neut"></g><g v="sing"></g><g v="accs"></g></l></v><v><l id="377006" t="что"><g v="ADVB"></g><g v="Ques"></g></l></v><v><l id="388695" t="что"><g v="PRCL"></g></l></v></tfr></token><token id="709371" text="касается"><tfr rev_id="1541228" t="касается"><v><l id="130961" t="касаюсь"><g v="VERB"></g><g v="impf"></g><g v="intr"></g><g v="sing"></g><g v="3per"></g><g v="pres"></g><g v="indc"></g></l></v></tfr></token><token id="709372" text="темы"><tfr rev_id="3500764" t="темы"><v><l id="344450" t="тема"><g v="NOUN"></g><g v="inan"></g><g v="femn"></g><g v="sing"></g><g v="gent"></g></l></v></tfr></token><token id="709373" text="Сирии"><tfr rev_id="3455201" t="Сирии"><v><l id="321288" t="сирия"><g v="NOUN"></g><g v="inan"></g><g v="femn"></g><g v="Sgtm"></g><g v="Geox"></g><g v="sing"></g><g v="gent"></g></l></v></tfr></token><token id="709374" text=","><tfr rev_id="1541231" t=","><v><l id="0" t=","><g v="PNCT"></g></l></v></tfr></token><token id="709375" text="то"><tfr rev_id="3777758" t="то"><v><l id="346835" t="то"><g v="CONJ"></g></l></v><v><l id="346836" t="то"><g v="PRCL"></g></l></v><v><l id="348430" t="тот"><g v="ADJF"></g><g v="Subx"></g><g v="Apro"></g><g v="Anph"></g><g v="neut"></g><g v="sing"></g><g v="nomn"></g></l></v><v><l id="348430" t="тот"><g v="ADJF"></g><g v="Subx"></g><g v="Apro"></g><g v="Anph"></g><g v="neut"></g><g v="sing"></g><g v="accs"></g></l></v></tfr></token><token id="709376" text="здесь"><tfr rev_id="1541233" t="здесь"><v><l id="114703" t="здесь"><g v="ADVB"></g><g v="Prdx"></g></l></v></tfr></token><token id="709377" text="выражалась"><tfr rev_id="1541234" t="выражалась"><v><l id="61192" t="выражаюсь"><g v="VERB"></g><g v="impf"></g><g v="intr"></g><g v="femn"></g><g v="sing"></g><g v="past"></g><g v="indc"></g></l></v></tfr></token><token id="709378" text="общая"><tfr rev_id="1541235" t="общая"><v><l id="201663" t="общий"><g v="ADJF"></g><g v="femn"></g><g v="sing"></g><g v="nomn"></g></l></v></tfr></token><token id="709379" text="озабоченность"><tfr rev_id="1541236" t="озабоченность"><v><l id="203995" t="озабоченность"><g v="NOUN"></g><g v="inan"></g><g v="femn"></g><g v="sing"></g><g v="nomn"></g></l></v><v><l id="203995" t="озабоченность"><g v="NOUN"></g><g v="inan"></g><g v="femn"></g><g v="sing"></g><g v="accs"></g></l></v></tfr></token><token id="709380" text="тем"><tfr rev_id="4503057" t="тем"><v><l id="348430" t="тот"><g v="ADJF"></g><g v="Subx"></g><g v="Apro"></g><g v="Anph"></g><g v="neut"></g><g v="sing"></g><g v="ablt"></g></l></v></tfr></token><token id="709381" text=","><tfr rev_id="1541238" t=","><v><l id="0" t=","><g v="PNCT"></g></l></v></tfr></token><token id="709382" text="что"><tfr rev_id="4204140" t="что"><v><l id="377005" t="что"><g v="NPRO"></g><g v="neut"></g><g v="sing"></g><g v="nomn"></g></l></v><v><l id="377005" t="что"><g v="NPRO"></g><g v="neut"></g><g v="sing"></g><g v="accs"></g></l></v></tfr></token><token id="709383" text="там"><tfr rev_id="1541240" t="там"><v><l id="342752" t="там"><g v="PRCL"></g></l></v><v><l id="342753" t="там"><g v="ADVB"></g><g v="Dmns"></g></l></v></tfr></token><token id="709384" text="сейчас"><tfr rev_id="1541241" t="сейчас"><v><l id="317975" t="сейчас"><g v="ADVB"></g></l></v></tfr></token><token id="709385" text="происходит"><tfr rev_id="1541242" t="происходит"><v><l id="280286" t="происхожу"><g v="VERB"></g><g v="impf"></g><g v="intr"></g><g v="sing"></g><g v="3per"></g><g v="pres"></g><g v="indc"></g></l></v></tfr></token><token id="709386" text="»"><tfr rev_id="2447543" t="»"><v><l id="0" t="»"><g v="PNCT"></g></l></v></tfr></token><token id="709387" text=","><tfr rev_id="1541244" t=","><v><l id="0" t=","><g v="PNCT"></g></l></v></tfr></token></tokens></sentence><sentence id="39893"><source>— подчеркнула пресс-секретарь.</source><tokens><token id="709388" text="—"><tfr rev_id="2447544" t="—"><v><l id="0" t="—"><g v="PNCT"></g></l></v></tfr></token><token id="709389" text="подчеркнула"><tfr rev_id="1541246" t="подчеркнула"><v><l id="252370" t="подчеркнул"><g v="VERB"></g><g v="perf"></g><g v="tran"></g><g v="femn"></g><g v="sing"></g><g v="past"></g><g v="indc"></g></l></v></tfr></token><token id="709390" text="пресс-секретарь"><tfr rev_id="1541247" t="пресс-секретарь"><v><l id="268249" t="пресс-секретарь"><g v="NOUN"></g><g v="anim"></g><g v="masc"></g><g v="sing"></g><g v="nomn"></g></l></v></tfr></token><token id="709391" text="."><tfr rev_id="1541248" t="."><v><l id="0" t="."><g v="PNCT"></g></l></v></tfr></token></tokens></sentence></paragraph><paragraph id="12834"><sentence id="39894"><source>Отметим также, что полковник Каддафи также обращался к Москве с просьбой стать медиатором в боевом конфликте.</source><tokens><token id="709392" text="Отметим"><tfr rev_id="1541249" t="Отметим"><v><l id="215584" t="отметил"><g v="VERB"></g><g v="perf"></g><g v="tran"></g><g v="plur"></g><g v="1per"></g><g v="futr"></g><g v="indc"></g></l></v><v><l id="215584" t="отметил"><g v="VERB"></g><g v="perf"></g><g v="tran"></g><g v="sing"></g><g v="impr"></g><g v="incl"></g></l></v></tfr></token><token id="709393" text="также"><tfr rev_id="4267858" t="также"><v><l id="342482" t="также"><g v="PRCL"></g></l></v></tfr></token><token id="709394" text=","><tfr rev_id="1541251" t=","><v><l id="0" t=","><g v="PNCT"></g></l></v></tfr></token><token id="709395" text="что"><tfr rev_id="3197843" t="что"><v><l id="377004" t="что"><g v="CONJ"></g></l></v><v><l id="377005" t="что"><g v="NPRO"></g><g v="neut"></g><g v="sing"></g><g v="nomn"></g></l></v><v><l id="377005" t="что"><g v="NPRO"></g><g v="neut"></g><g v="sing"></g><g v="accs"></g></l></v><v><l id="377006" t="что"><g v="ADVB"></g><g v="Ques"></g></l></v><v><l id="388695" t="что"><g v="PRCL"></g></l></v></tfr></token><token id="709396" text="полковник"><tfr rev_id="1541253" t="полковник"><v><l id="256010" t="полковник"><g v="NOUN"></g><g v="anim"></g><g v="masc"></g><g v="sing"></g><g v="nomn"></g></l></v></tfr></token><token id="709397" text="Каддафи"><tfr rev_id="4327245" t="Каддафи"><v><l id="388626" t="каддафи"><g v="NOUN"></g><g v="anim"></g><g v="ms-f"></g><g v="Fixd"></g><g v="Surn"></g><g v="sing"></g><g v="nomn"></g></l></v></tfr></token><token id="709398" text="также"><tfr rev_id="4267859" t="также"><v><l id="342482" t="также"><g v="PRCL"></g></l></v></tfr></token><token id="709399" text="обращался"><tfr rev_id="1541256" t="обращался"><v><l id="198950" t="обращаюсь"><g v="VERB"></g><g v="impf"></g><g v="intr"></g><g v="masc"></g><g v="sing"></g><g v="past"></g><g v="indc"></g></l></v></tfr></token><token id="709400" text="к"><tfr rev_id="1541257" t="к"><v><l id="127460" t="к"><g v="PREP"></g></l></v></tfr></token><token id="709401" text="Москве"><tfr rev_id="2737640" t="Москве"><v><l id="163901" t="москва"><g v="NOUN"></g><g v="inan"></g><g v="femn"></g><g v="Sgtm"></g><g v="Geox"></g><g v="sing"></g><g v="datv"></g></l></v></tfr></token><token id="709402" text="с"><tfr rev_id="1541259" t="с"><v><l id="311151" t="с"><g v="PREP"></g></l></v></tfr></token><token id="709403" text="просьбой"><tfr rev_id="1541260" t="просьбой"><v><l id="285462" t="просьба"><g v="NOUN"></g><g v="inan"></g><g v="femn"></g><g v="sing"></g><g v="ablt"></g></l></v></tfr></token><token id="709404" text="стать"><tfr rev_id="1712993" t="стать"><v><l id="335165" t="стать"><g v="INFN"></g><g v="perf"></g><g v="intr"></g></l></v></tfr></token><token id="709405" text="медиатором"><tfr rev_id="1541262" t="медиатором"><v><l id="157021" t="медиатор"><g v="NOUN"></g><g v="inan"></g><g v="masc"></g><g v="sing"></g><g v="ablt"></g></l></v></tfr></token><token id="709406" text="в"><tfr rev_id="1541263" t="в"><v><l id="37409" t="в"><g v="PREP"></g></l></v></tfr></token><token id="709407" text="боевом"><tfr rev_id="4096935" t="боевом"><v><l id="31835" t="боевой"><g v="ADJF"></g><g v="masc"></g><g v="sing"></g><g v="loct"></g></l></v></tfr></token><token id="709408" text="конфликте"><tfr rev_id="1541265" t="конфликте"><v><l id="138849" t="конфликт"><g v="NOUN"></g><g v="inan"></g><g v="masc"></g><g v="sing"></g><g v="loct"></g></l></v></tfr></token><token id="709409" text="."><tfr rev_id="1541266" t="."><v><l id="0" t="."><g v="PNCT"></g></l></v></tfr></token></tokens></sentence><sentence id="39895"><source>Кроме того, ливийское руководство направило правительствам большинства стран Европы предложение о прекращении огня.</source><tokens><token id="709410" text="Кроме"><tfr rev_id="1541267" t="Кроме"><v><l id="143259" t="кроме"><g v="PREP"></g></l></v></tfr></token><token id="709411" text="того"><tfr rev_id="4537820" t="того"><v><l id="348430" t="тот"><g v="ADJF"></g><g v="Subx"></g><g v="Apro"></g><g v="Anph"></g><g v="masc"></g><g v="sing"></g><g v="gent"></g></l></v><v><l id="348430" t="тот"><g v="ADJF"></g><g v="Subx"></g><g v="Apro"></g><g v="Anph"></g><g v="neut"></g><g v="sing"></g><g v="gent"></g></l></v></tfr></token><token id="709412" text=","><tfr rev_id="1541269" t=","><v><l id="0" t=","><g v="PNCT"></g></l></v></tfr></token><token id="709413" text="ливийское"><tfr rev_id="1541270" t="ливийское"><v><l id="148956" t="ливийский"><g v="ADJF"></g><g v="neut"></g><g v="sing"></g><g v="nomn"></g></l></v><v><l id="148956" t="ливийский"><g v="ADJF"></g><g v="neut"></g><g v="sing"></g><g v="accs"></g></l></v></tfr></token><token id="709414" text="руководство"><tfr rev_id="3677043" t="руководство"><v><l id="310004" t="руководство"><g v="NOUN"></g><g v="inan"></g><g v="neut"></g><g v="sing"></g><g v="nomn"></g></l></v></tfr></token><token id="709415" text="направило"><tfr rev_id="1541272" t="направило"><v><l id="173952" t="направил"><g v="VERB"></g><g v="perf"></g><g v="tran"></g><g v="neut"></g><g v="sing"></g><g v="past"></g><g v="indc"></g></l></v></tfr></token><token id="709416" text="правительствам"><tfr rev_id="1541273" t="правительствам"><v><l id="265638" t="правительство"><g v="NOUN"></g><g v="inan"></g><g v="neut"></g><g v="plur"></g><g v="datv"></g></l></v></tfr></token><token id="709417" text="большинства"><tfr rev_id="1541274" t="большинства"><v><l id="32441" t="большинство"><g v="NOUN"></g><g v="inan"></g><g v="neut"></g><g v="Sgtm"></g><g v="sing"></g><g v="gent"></g></l></v></tfr></token><token id="709418" text="стран"><tfr rev_id="1541275" t="стран"><v><l id="337100" t="страна"><g v="NOUN"></g><g v="inan"></g><g v="femn"></g><g v="plur"></g><g v="gent"></g></l></v></tfr></token><token id="709419" text="Европы"><tfr rev_id="1541276" t="Европы"><v><l id="94019" t="европа"><g v="NOUN"></g><g v="inan"></g><g v="femn"></g><g v="Sgtm"></g><g v="Geox"></g><g v="sing"></g><g v="gent"></g></l></v></tfr></token><token id="709420" text="предложение"><tfr rev_id="4102416" t="предложение"><v><l id="266539" t="предложение"><g v="NOUN"></g><g v="inan"></g><g v="neut"></g><g v="sing"></g><g v="accs"></g></l></v></tfr></token><token id="709421" text="о"><tfr rev_id="3282038" t="о"><v><l id="192977" t="о"><g v="PREP"></g></l></v></tfr></token><token id="709422" text="прекращении"><tfr rev_id="1541279" t="прекращении"><v><l id="267615" t="прекращение"><g v="NOUN"></g><g v="inan"></g><g v="neut"></g><g v="sing"></g><g v="loct"></g></l></v></tfr></token><token id="709423" text="огня"><tfr rev_id="1541280" t="огня"><v><l id="202760" t="огонь"><g v="NOUN"></g><g v="inan"></g><g v="masc"></g><g v="sing"></g><g v="gent"></g></l></v></tfr></token><token id="709424" text="."><tfr rev_id="1541281" t="."><v><l id="0" t="."><g v="PNCT"></g></l></v></tfr></token></tokens></sentence><sentence id="39896"><source>Однако большинство стран коалиции, в том числе США, пока не склонны доверять предложению официального Триполи.</source><tokens><token id="709425" text="Однако"><tfr rev_id="4572813" t="Однако"><v><l id="203387" t="однако"><g v="CONJ"></g><g v="Prnt"></g></l></v></tfr></token><token id="709426" text="большинство"><tfr rev_id="3301236" t="большинство"><v><l id="32441" t="большинство"><g v="NOUN"></g><g v="inan"></g><g v="neut"></g><g v="Sgtm"></g><g v="sing"></g><g v="nomn"></g></l></v></tfr></token><token id="709427" text="стран"><tfr rev_id="1541284" t="стран"><v><l id="337100" t="страна"><g v="NOUN"></g><g v="inan"></g><g v="femn"></g><g v="plur"></g><g v="gent"></g></l></v></tfr></token><token id="709428" text="коалиции"><tfr rev_id="4240246" t="коалиции"><v><l id="134963" t="коалиция"><g v="NOUN"></g><g v="inan"></g><g v="femn"></g><g v="sing"></g><g v="gent"></g></l></v></tfr></token><token id="709429" text=","><tfr rev_id="1541286" t=","><v><l id="0" t=","><g v="PNCT"></g></l></v></tfr></token><token id="709430" text="в"><tfr rev_id="1541287" t="в"><v><l id="37409" t="в"><g v="PREP"></g></l></v></tfr></token><token id="709431" text="том"><tfr rev_id="4414736" t="том"><v><l id="348430" t="тот"><g v="ADJF"></g><g v="Subx"></g><g v="Apro"></g><g v="Anph"></g><g v="neut"></g><g v="sing"></g><g v="loct"></g></l></v></tfr></token><token id="709432" text="числе"><tfr rev_id="1541289" t="числе"><v><l id="376585" t="число"><g v="NOUN"></g><g v="inan"></g><g v="neut"></g><g v="sing"></g><g v="loct"></g></l></v></tfr></token><token id="709433" text="США"><tfr rev_id="3811454" t="США"><v><l id="341371" t="сша"><g v="NOUN"></g><g v="inan"></g><g v="GNdr"></g><g v="Pltm"></g><g v="Fixd"></g><g v="Abbr"></g><g v="Geox"></g><g v="plur"></g><g v="nomn"></g></l></v></tfr></token><token id="709434" text=","><tfr rev_id="1541291" t=","><v><l id="0" t=","><g v="PNCT"></g></l></v></tfr></token><token id="709435" text="пока"><tfr rev_id="4455546" t="пока"><v><l id="253968" t="пока"><g v="ADVB"></g></l></v></tfr></token><token id="709436" text="не"><tfr rev_id="1541293" t="не"><v><l id="178876" t="не"><g v="PRCL"></g></l></v></tfr></token><token id="709437" text="склонны"><tfr rev_id="1541294" t="склонны"><v><l id="322595" t="склонен"><g v="ADJS"></g><g v="Qual"></g><g v="plur"></g></l></v></tfr></token><token id="709438" text="доверять"><tfr rev_id="1541295" t="доверять"><v><l id="85794" t="доверять"><g v="INFN"></g><g v="impf"></g><g v="tran"></g></l></v></tfr></token><token id="709439" text="предложению"><tfr rev_id="1541296" t="предложению"><v><l id="266539" t="предложение"><g v="NOUN"></g><g v="inan"></g><g v="neut"></g><g v="sing"></g><g v="datv"></g></l></v></tfr></token><token id="709440" text="официального"><tfr rev_id="4205096" t="официального"><v><l id="220939" t="официальный"><g v="ADJF"></g><g v="masc"></g><g v="sing"></g><g v="gent"></g></l></v><v><l id="220939" t="официальный"><g v="ADJF"></g><g v="anim"></g><g v="masc"></g><g v="sing"></g><g v="accs"></g></l></v></tfr></token><token id="709441" text="Триполи"><tfr rev_id="4098611" t="Триполи"><v><l id="350178" t="триполи"><g v="NOUN"></g><g v="inan"></g><g v="masc"></g><g v="Sgtm"></g><g v="Fixd"></g><g v="Geox"></g><g v="sing"></g><g v="gent"></g></l></v></tfr></token><token id="709442" text="."><tfr rev_id="1541299" t="."><v><l id="0" t="."><g v="PNCT"></g></l></v></tfr></token></tokens></sentence></paragraph></paragraphs></text>