<?xml version="1.0" encoding="utf-8"?><text id="1420" parent="226" name="09031 МГУ и СПбГУ станут особенными"><tags><tag>url:http://www.chaskor.ru/news/mgu_i_spbgu_stanut_osobennymi_9031</tag><tag>Год:2009</tag><tag>Дата:05/08</tag><tag>Тема:ЧасКор:Общество</tag><tag>Тема:ЧасКор:Общество/Образование</tag></tags><paragraphs><paragraph id="12839"><sentence id="39905"><source>МГУ и СПбГУ станут особенными</source><tokens><token id="709591" text="МГУ"><tfr rev_id="4153725" t="МГУ"><v><l id="156869" t="мгу"><g v="NOUN"></g><g v="inan"></g><g v="masc"></g><g v="Sgtm"></g><g v="Fixd"></g><g v="Abbr"></g><g v="Orgn"></g><g v="sing"></g><g v="nomn"></g></l></v></tfr></token><token id="709592" text="и"><tfr rev_id="1541449" t="и"><v><l id="116949" t="и"><g v="CONJ"></g></l></v><v><l id="116950" t="и"><g v="INTJ"></g></l></v></tfr></token><token id="709593" text="СПбГУ"><tfr rev_id="4098660" t="СПбГУ"><v><l id="388641" t="спбгу"><g v="NOUN"></g><g v="inan"></g><g v="masc"></g><g v="Sgtm"></g><g v="Fixd"></g><g v="Abbr"></g><g v="Orgn"></g><g v="sing"></g><g v="nomn"></g></l></v></tfr></token><token id="709594" text="станут"><tfr rev_id="1541451" t="станут"><v><l id="335164" t="стал"><g v="VERB"></g><g v="perf"></g><g v="intr"></g><g v="plur"></g><g v="3per"></g><g v="futr"></g><g v="indc"></g></l></v></tfr></token><token id="709595" text="особенными"><tfr rev_id="1541452" t="особенными"><v><l id="210629" t="особенный"><g v="ADJF"></g><g v="Qual"></g><g v="plur"></g><g v="ablt"></g></l></v></tfr></token></tokens></sentence><sentence id="39906"><source>Дмитрий Медведев предлагает наделить оба вуза особым статусом.</source><tokens><token id="709596" text="Дмитрий"><tfr rev_id="3450232" t="Дмитрий"><v><l id="85055" t="дмитрий"><g v="NOUN"></g><g v="anim"></g><g v="masc"></g><g v="Name"></g><g v="sing"></g><g v="nomn"></g></l></v></tfr></token><token id="709597" text="Медведев"><tfr rev_id="1541454" t="Медведев"><v><l id="156959" t="медведев"><g v="NOUN"></g><g v="anim"></g><g v="masc"></g><g v="Sgtm"></g><g v="Surn"></g><g v="sing"></g><g v="nomn"></g></l></v></tfr></token><token id="709598" text="предлагает"><tfr rev_id="1541455" t="предлагает"><v><l id="266518" t="предлагаю"><g v="VERB"></g><g v="impf"></g><g v="tran"></g><g v="sing"></g><g v="3per"></g><g v="pres"></g><g v="indc"></g></l></v></tfr></token><token id="709599" text="наделить"><tfr rev_id="1541456" t="наделить"><v><l id="168763" t="наделить"><g v="INFN"></g><g v="perf"></g><g v="tran"></g></l></v></tfr></token><token id="709600" text="оба"><tfr rev_id="1541457" t="оба"><v><l id="193002" t="оба"><g v="NUMR"></g><g v="masc"></g><g v="nomn"></g></l></v><v><l id="193002" t="оба"><g v="NUMR"></g><g v="inan"></g><g v="masc"></g><g v="accs"></g></l></v><v><l id="193002" t="оба"><g v="NUMR"></g><g v="neut"></g><g v="nomn"></g></l></v><v><l id="193002" t="оба"><g v="NUMR"></g><g v="inan"></g><g v="neut"></g><g v="accs"></g></l></v></tfr></token><token id="709601" text="вуза"><tfr rev_id="4318839" t="вуза"><v><l id="55240" t="вуз"><g v="NOUN"></g><g v="inan"></g><g v="masc"></g><g v="Abbr"></g><g v="sing"></g><g v="gent"></g></l></v></tfr></token><token id="709602" text="особым"><tfr rev_id="4414435" t="особым"><v><l id="210653" t="особый"><g v="ADJF"></g><g v="masc"></g><g v="sing"></g><g v="ablt"></g></l></v></tfr></token><token id="709603" text="статусом"><tfr rev_id="1541460" t="статусом"><v><l id="335151" t="статус"><g v="NOUN"></g><g v="inan"></g><g v="masc"></g><g v="sing"></g><g v="ablt"></g></l></v></tfr></token><token id="709604" text="."><tfr rev_id="1541461" t="."><v><l id="0" t="."><g v="PNCT"></g></l></v></tfr></token></tokens></sentence></paragraph><paragraph id="12840"><sentence id="39907"><source>Если Госдума примет предложение президента РФ, то Московский государственный университет им. М.В. Ломоносова и Санкт-Петербургский государственный университет будут выгодно отличаться от всех остальных вузов страны.</source><tokens><token id="709605" text="Если"><tfr rev_id="1541462" t="Если"><v><l id="95365" t="если"><g v="CONJ"></g></l></v></tfr></token><token id="709606" text="Госдума"><tfr rev_id="3478406" t="Госдума"><v><l id="73922" t="госдума"><g v="NOUN"></g><g v="inan"></g><g v="femn"></g><g v="Orgn"></g><g v="Sgtm"></g><g v="sing"></g><g v="nomn"></g></l></v></tfr></token><token id="709607" text="примет"><tfr rev_id="1714796" t="примет"><v><l id="272700" t="принял"><g v="VERB"></g><g v="perf"></g><g v="tran"></g><g v="sing"></g><g v="3per"></g><g v="futr"></g><g v="indc"></g></l></v></tfr></token><token id="709608" text="предложение"><tfr rev_id="4097941" t="предложение"><v><l id="266539" t="предложение"><g v="NOUN"></g><g v="inan"></g><g v="neut"></g><g v="sing"></g><g v="accs"></g></l></v></tfr></token><token id="709609" text="президента"><tfr rev_id="3886578" t="президента"><v><l id="267449" t="президент"><g v="NOUN"></g><g v="anim"></g><g v="masc"></g><g v="sing"></g><g v="gent"></g></l></v></tfr></token><token id="709610" text="РФ"><tfr rev_id="2781131" t="РФ"><v><l id="310486" t="рф"><g v="NOUN"></g><g v="inan"></g><g v="femn"></g><g v="Sgtm"></g><g v="Fixd"></g><g v="Abbr"></g><g v="Geox"></g><g v="sing"></g><g v="gent"></g></l></v></tfr></token><token id="709611" text=","><tfr rev_id="1541468" t=","><v><l id="0" t=","><g v="PNCT"></g></l></v></tfr></token><token id="709612" text="то"><tfr rev_id="3777759" t="то"><v><l id="346835" t="то"><g v="CONJ"></g></l></v><v><l id="346836" t="то"><g v="PRCL"></g></l></v><v><l id="348430" t="тот"><g v="ADJF"></g><g v="Subx"></g><g v="Apro"></g><g v="Anph"></g><g v="neut"></g><g v="sing"></g><g v="nomn"></g></l></v><v><l id="348430" t="тот"><g v="ADJF"></g><g v="Subx"></g><g v="Apro"></g><g v="Anph"></g><g v="neut"></g><g v="sing"></g><g v="accs"></g></l></v></tfr></token><token id="709613" text="Московский"><tfr rev_id="4175046" t="Московский"><v><l id="163933" t="московский"><g v="ADJF"></g><g v="masc"></g><g v="sing"></g><g v="nomn"></g></l></v><v><l id="163933" t="московский"><g v="ADJF"></g><g v="inan"></g><g v="masc"></g><g v="sing"></g><g v="accs"></g></l></v></tfr></token><token id="709614" text="государственный"><tfr rev_id="1541471" t="государственный"><v><l id="74161" t="государственный"><g v="ADJF"></g><g v="masc"></g><g v="sing"></g><g v="nomn"></g></l></v><v><l id="74161" t="государственный"><g v="ADJF"></g><g v="inan"></g><g v="masc"></g><g v="sing"></g><g v="accs"></g></l></v></tfr></token><token id="709615" text="университет"><tfr rev_id="1541472" t="университет"><v><l id="358281" t="университет"><g v="NOUN"></g><g v="inan"></g><g v="masc"></g><g v="sing"></g><g v="nomn"></g></l></v><v><l id="358281" t="университет"><g v="NOUN"></g><g v="inan"></g><g v="masc"></g><g v="sing"></g><g v="accs"></g></l></v></tfr></token><token id="709616" text="им"><tfr rev_id="3726358" t="им"><v><l id="121947" t="имя"><g v="NOUN"></g><g v="inan"></g><g v="neut"></g><g v="sing"></g><g v="gent"></g><g v="Abbr"></g></l></v></tfr></token><token id="709617" text="."><tfr rev_id="1541474" t="."><v><l id="0" t="."><g v="PNCT"></g></l></v></tfr></token><token id="709618" text="М"><tfr rev_id="4571908" t="М"><v><l id="390193" t="м"><g v="NOUN"></g><g v="anim"></g><g v="ms-f"></g><g v="Sgtm"></g><g v="Fixd"></g><g v="Abbr"></g><g v="Name"></g><g v="Init"></g><g v="sing"></g><g v="gent"></g></l></v></tfr></token><token id="709619" text="."><tfr rev_id="1541476" t="."><v><l id="0" t="."><g v="PNCT"></g></l></v></tfr></token><token id="709620" text="В"><tfr rev_id="4521819" t="В"><v><l id="389612" t="в"><g v="NOUN"></g><g v="inan"></g><g v="masc"></g><g v="Fixd"></g><g v="Abbr"></g><g v="plur"></g><g v="ablt"></g></l></v><v><l id="389612" t="в"><g v="NOUN"></g><g v="inan"></g><g v="masc"></g><g v="Fixd"></g><g v="Abbr"></g><g v="plur"></g><g v="accs"></g></l></v><v><l id="389612" t="в"><g v="NOUN"></g><g v="inan"></g><g v="masc"></g><g v="Fixd"></g><g v="Abbr"></g><g v="plur"></g><g v="datv"></g></l></v><v><l id="389612" t="в"><g v="NOUN"></g><g v="inan"></g><g v="masc"></g><g v="Fixd"></g><g v="Abbr"></g><g v="plur"></g><g v="gent"></g></l></v><v><l id="389612" t="в"><g v="NOUN"></g><g v="inan"></g><g v="masc"></g><g v="Fixd"></g><g v="Abbr"></g><g v="plur"></g><g v="loct"></g></l></v><v><l id="389612" t="в"><g v="NOUN"></g><g v="inan"></g><g v="masc"></g><g v="Fixd"></g><g v="Abbr"></g><g v="plur"></g><g v="nomn"></g></l></v><v><l id="389612" t="в"><g v="NOUN"></g><g v="inan"></g><g v="masc"></g><g v="Fixd"></g><g v="Abbr"></g><g v="sing"></g><g v="ablt"></g></l></v><v><l id="389612" t="в"><g v="NOUN"></g><g v="inan"></g><g v="masc"></g><g v="Fixd"></g><g v="Abbr"></g><g v="sing"></g><g v="accs"></g></l></v><v><l id="389612" t="в"><g v="NOUN"></g><g v="inan"></g><g v="masc"></g><g v="Fixd"></g><g v="Abbr"></g><g v="sing"></g><g v="datv"></g></l></v><v><l id="389612" t="в"><g v="NOUN"></g><g v="inan"></g><g v="masc"></g><g v="Fixd"></g><g v="Abbr"></g><g v="sing"></g><g v="gent"></g></l></v><v><l id="389612" t="в"><g v="NOUN"></g><g v="inan"></g><g v="masc"></g><g v="Fixd"></g><g v="Abbr"></g><g v="sing"></g><g v="loct"></g></l></v><v><l id="389612" t="в"><g v="NOUN"></g><g v="inan"></g><g v="masc"></g><g v="Fixd"></g><g v="Abbr"></g><g v="sing"></g><g v="nomn"></g></l></v><v><l id="390182" t="в"><g v="NOUN"></g><g v="anim"></g><g v="ms-f"></g><g v="Sgtm"></g><g v="Fixd"></g><g v="Abbr"></g><g v="Name"></g><g v="Init"></g><g v="sing"></g><g v="ablt"></g></l></v><v><l id="390182" t="в"><g v="NOUN"></g><g v="anim"></g><g v="ms-f"></g><g v="Sgtm"></g><g v="Fixd"></g><g v="Abbr"></g><g v="Name"></g><g v="Init"></g><g v="sing"></g><g v="accs"></g></l></v><v><l id="390182" t="в"><g v="NOUN"></g><g v="anim"></g><g v="ms-f"></g><g v="Sgtm"></g><g v="Fixd"></g><g v="Abbr"></g><g v="Name"></g><g v="Init"></g><g v="sing"></g><g v="datv"></g></l></v><v><l id="390182" t="в"><g v="NOUN"></g><g v="anim"></g><g v="ms-f"></g><g v="Sgtm"></g><g v="Fixd"></g><g v="Abbr"></g><g v="Name"></g><g v="Init"></g><g v="sing"></g><g v="gent"></g></l></v><v><l id="390182" t="в"><g v="NOUN"></g><g v="anim"></g><g v="ms-f"></g><g v="Sgtm"></g><g v="Fixd"></g><g v="Abbr"></g><g v="Name"></g><g v="Init"></g><g v="sing"></g><g v="loct"></g></l></v><v><l id="390182" t="в"><g v="NOUN"></g><g v="anim"></g><g v="ms-f"></g><g v="Sgtm"></g><g v="Fixd"></g><g v="Abbr"></g><g v="Name"></g><g v="Init"></g><g v="sing"></g><g v="nomn"></g></l></v><v><l id="390183" t="в"><g v="NOUN"></g><g v="anim"></g><g v="ms-f"></g><g v="Sgtm"></g><g v="Fixd"></g><g v="Abbr"></g><g v="Patr"></g><g v="Init"></g><g v="sing"></g><g v="ablt"></g></l></v><v><l id="390183" t="в"><g v="NOUN"></g><g v="anim"></g><g v="ms-f"></g><g v="Sgtm"></g><g v="Fixd"></g><g v="Abbr"></g><g v="Patr"></g><g v="Init"></g><g v="sing"></g><g v="accs"></g></l></v><v><l id="390183" t="в"><g v="NOUN"></g><g v="anim"></g><g v="ms-f"></g><g v="Sgtm"></g><g v="Fixd"></g><g v="Abbr"></g><g v="Patr"></g><g v="Init"></g><g v="sing"></g><g v="datv"></g></l></v><v><l id="390183" t="в"><g v="NOUN"></g><g v="anim"></g><g v="ms-f"></g><g v="Sgtm"></g><g v="Fixd"></g><g v="Abbr"></g><g v="Patr"></g><g v="Init"></g><g v="sing"></g><g v="gent"></g></l></v><v><l id="390183" t="в"><g v="NOUN"></g><g v="anim"></g><g v="ms-f"></g><g v="Sgtm"></g><g v="Fixd"></g><g v="Abbr"></g><g v="Patr"></g><g v="Init"></g><g v="sing"></g><g v="loct"></g></l></v><v><l id="390183" t="в"><g v="NOUN"></g><g v="anim"></g><g v="ms-f"></g><g v="Sgtm"></g><g v="Fixd"></g><g v="Abbr"></g><g v="Patr"></g><g v="Init"></g><g v="sing"></g><g v="nomn"></g></l></v></tfr></token><token id="709621" text="."><tfr rev_id="1541478" t="."><v><l id="0" t="."><g v="PNCT"></g></l></v></tfr></token><token id="709622" text="Ломоносова"><tfr rev_id="4398344" t="Ломоносова"><v><l id="150802" t="ломоносов"><g v="NOUN"></g><g v="anim"></g><g v="masc"></g><g v="Sgtm"></g><g v="Surn"></g><g v="sing"></g><g v="gent"></g></l></v></tfr></token><token id="709623" text="и"><tfr rev_id="3410633" t="и"><v><l id="116949" t="и"><g v="CONJ"></g></l></v></tfr></token><token id="709624" text="Санкт-Петербургский"><tfr rev_id="1541481" t="Санкт-Петербургский"><v><l id="313347" t="санкт-петербургский"><g v="ADJF"></g><g v="masc"></g><g v="sing"></g><g v="nomn"></g></l></v><v><l id="313347" t="санкт-петербургский"><g v="ADJF"></g><g v="inan"></g><g v="masc"></g><g v="sing"></g><g v="accs"></g></l></v></tfr></token><token id="709625" text="государственный"><tfr rev_id="1541482" t="государственный"><v><l id="74161" t="государственный"><g v="ADJF"></g><g v="masc"></g><g v="sing"></g><g v="nomn"></g></l></v><v><l id="74161" t="государственный"><g v="ADJF"></g><g v="inan"></g><g v="masc"></g><g v="sing"></g><g v="accs"></g></l></v></tfr></token><token id="709626" text="университет"><tfr rev_id="4213493" t="университет"><v><l id="358281" t="университет"><g v="NOUN"></g><g v="inan"></g><g v="masc"></g><g v="sing"></g><g v="nomn"></g></l></v></tfr></token><token id="709627" text="будут"><tfr rev_id="1541484" t="будут"><v><l id="37265" t="есть"><g v="VERB"></g><g v="impf"></g><g v="intr"></g><g v="plur"></g><g v="3per"></g><g v="futr"></g><g v="indc"></g></l></v></tfr></token><token id="709628" text="выгодно"><tfr rev_id="3657123" t="выгодно"><v><l id="56670" t="выгодно"><g v="ADVB"></g><g v="Prdx"></g></l></v></tfr></token><token id="709629" text="отличаться"><tfr rev_id="1541486" t="отличаться"><v><l id="215152" t="отличаться"><g v="INFN"></g><g v="impf"></g><g v="intr"></g></l></v></tfr></token><token id="709630" text="от"><tfr rev_id="1541487" t="от"><v><l id="211644" t="от"><g v="PREP"></g></l></v></tfr></token><token id="709631" text="всех"><tfr rev_id="4420631" t="всех"><v><l id="42156" t="весь"><g v="ADJF"></g><g v="Subx"></g><g v="Apro"></g><g v="plur"></g><g v="gent"></g></l></v></tfr></token><token id="709632" text="остальных"><tfr rev_id="4409051" t="остальных"><v><l id="210836" t="остальной"><g v="ADJF"></g><g v="Subx"></g><g v="Apro"></g><g v="plur"></g><g v="gent"></g></l></v></tfr></token><token id="709633" text="вузов"><tfr rev_id="4318900" t="вузов"><v><l id="55240" t="вуз"><g v="NOUN"></g><g v="inan"></g><g v="masc"></g><g v="Abbr"></g><g v="plur"></g><g v="gent"></g></l></v></tfr></token><token id="709634" text="страны"><tfr rev_id="3490144" t="страны"><v><l id="337100" t="страна"><g v="NOUN"></g><g v="inan"></g><g v="femn"></g><g v="sing"></g><g v="gent"></g></l></v></tfr></token><token id="709635" text="."><tfr rev_id="1541492" t="."><v><l id="0" t="."><g v="PNCT"></g></l></v></tfr></token></tokens></sentence></paragraph><paragraph id="12841"><sentence id="39908"><source>Во-первых, назначать и снимать ректоров МГУ и СПбГУ будет уже не общее собрание вуза или Минобразования, а лично президент России.</source><tokens><token id="709636" text="Во-первых"><tfr rev_id="3407727" t="Во-первых"><v><l id="47927" t="во-первых"><g v="CONJ"></g><g v="Prnt"></g></l></v></tfr></token><token id="709637" text=","><tfr rev_id="1541494" t=","><v><l id="0" t=","><g v="PNCT"></g></l></v></tfr></token><token id="709638" text="назначать"><tfr rev_id="1541495" t="назначать"><v><l id="170409" t="назначать"><g v="INFN"></g><g v="impf"></g><g v="tran"></g></l></v></tfr></token><token id="709639" text="и"><tfr rev_id="1541496" t="и"><v><l id="116949" t="и"><g v="CONJ"></g></l></v><v><l id="116950" t="и"><g v="INTJ"></g></l></v></tfr></token><token id="709640" text="снимать"><tfr rev_id="1541497" t="снимать"><v><l id="327402" t="снимать"><g v="INFN"></g><g v="impf"></g><g v="tran"></g></l></v></tfr></token><token id="709641" text="ректоров"><tfr rev_id="4382587" t="ректоров"><v><l id="305898" t="ректор"><g v="NOUN"></g><g v="anim"></g><g v="masc"></g><g v="plur"></g><g v="accs"></g></l></v></tfr></token><token id="709642" text="МГУ"><tfr rev_id="3496440" t="МГУ"><v><l id="156869" t="мгу"><g v="NOUN"></g><g v="inan"></g><g v="masc"></g><g v="Sgtm"></g><g v="Fixd"></g><g v="Abbr"></g><g v="Orgn"></g><g v="sing"></g><g v="gent"></g></l></v></tfr></token><token id="709643" text="и"><tfr rev_id="1541500" t="и"><v><l id="116949" t="и"><g v="CONJ"></g></l></v><v><l id="116950" t="и"><g v="INTJ"></g></l></v></tfr></token><token id="709644" text="СПбГУ"><tfr rev_id="3496433" t="СПбГУ"><v><l id="388641" t="спбгу"><g v="NOUN"></g><g v="inan"></g><g v="masc"></g><g v="Sgtm"></g><g v="Fixd"></g><g v="Abbr"></g><g v="Orgn"></g><g v="sing"></g><g v="gent"></g></l></v></tfr></token><token id="709645" text="будет"><tfr rev_id="1541502" t="будет"><v><l id="37265" t="есть"><g v="VERB"></g><g v="impf"></g><g v="intr"></g><g v="sing"></g><g v="3per"></g><g v="futr"></g><g v="indc"></g></l></v></tfr></token><token id="709646" text="уже"><tfr rev_id="2692935" t="уже"><v><l id="355422" t="уж"><g v="NOUN"></g><g v="anim"></g><g v="masc"></g><g v="sing"></g><g v="loct"></g></l></v><v><l id="355498" t="уже"><g v="ADVB"></g></l></v><v><l id="355674" t="уже"><g v="COMP"></g><g v="Qual"></g></l></v><v><l id="388673" t="уже"><g v="PRCL"></g></l></v></tfr></token><token id="709647" text="не"><tfr rev_id="1541504" t="не"><v><l id="178876" t="не"><g v="PRCL"></g></l></v></tfr></token><token id="709648" text="общее"><tfr rev_id="3812212" t="общее"><v><l id="201663" t="общий"><g v="ADJF"></g><g v="neut"></g><g v="sing"></g><g v="nomn"></g></l></v><v><l id="201663" t="общий"><g v="ADJF"></g><g v="neut"></g><g v="sing"></g><g v="accs"></g></l></v></tfr></token><token id="709649" text="собрание"><tfr rev_id="1541506" t="собрание"><v><l id="327807" t="собрание"><g v="NOUN"></g><g v="inan"></g><g v="neut"></g><g v="sing"></g><g v="nomn"></g></l></v><v><l id="327807" t="собрание"><g v="NOUN"></g><g v="inan"></g><g v="neut"></g><g v="sing"></g><g v="accs"></g></l></v></tfr></token><token id="709650" text="вуза"><tfr rev_id="4318840" t="вуза"><v><l id="55240" t="вуз"><g v="NOUN"></g><g v="inan"></g><g v="masc"></g><g v="Abbr"></g><g v="sing"></g><g v="gent"></g></l></v></tfr></token><token id="709651" text="или"><tfr rev_id="3787375" t="или"><v><l id="121146" t="или"><g v="CONJ"></g></l></v></tfr></token><token id="709652" text="Минобразования"><tfr rev_id="3491369" t="Минобразования"><v><l id="160647" t="минобразования"><g v="NOUN"></g><g v="inan"></g><g v="neut"></g><g v="Sgtm"></g><g v="Fixd"></g><g v="Orgn"></g><g v="sing"></g><g v="nomn"></g></l></v></tfr></token><token id="709653" text=","><tfr rev_id="1541510" t=","><v><l id="0" t=","><g v="PNCT"></g></l></v></tfr></token><token id="709654" text="а"><tfr rev_id="4103617" t="а"><v><l id="51" t="а"><g v="CONJ"></g></l></v></tfr></token><token id="709655" text="лично"><tfr rev_id="1541512" t="лично"><v><l id="150204" t="лично"><g v="ADVB"></g></l></v><v><l id="150212" t="личен"><g v="ADJS"></g><g v="Qual"></g><g v="neut"></g><g v="sing"></g></l></v></tfr></token><token id="709656" text="президент"><tfr rev_id="1541513" t="президент"><v><l id="267449" t="президент"><g v="NOUN"></g><g v="anim"></g><g v="masc"></g><g v="sing"></g><g v="nomn"></g></l></v></tfr></token><token id="709657" text="России"><tfr rev_id="3454882" t="России"><v><l id="309322" t="россия"><g v="NOUN"></g><g v="inan"></g><g v="femn"></g><g v="Sgtm"></g><g v="Geox"></g><g v="sing"></g><g v="gent"></g></l></v></tfr></token><token id="709658" text="."><tfr rev_id="1541515" t="."><v><l id="0" t="."><g v="PNCT"></g></l></v></tfr></token></tokens></sentence><sentence id="39909"><source>Получается, что преподаватели уже не смогут выразить своё недоверие руководителю, если ему уже оказано высочайшее доверие.</source><tokens><token id="709659" text="Получается"><tfr rev_id="1541516" t="Получается"><v><l id="256950" t="получаюсь"><g v="VERB"></g><g v="impf"></g><g v="intr"></g><g v="sing"></g><g v="3per"></g><g v="pres"></g><g v="indc"></g></l></v></tfr></token><token id="709660" text=","><tfr rev_id="1541517" t=","><v><l id="0" t=","><g v="PNCT"></g></l></v></tfr></token><token id="709661" text="что"><tfr rev_id="3197847" t="что"><v><l id="377004" t="что"><g v="CONJ"></g></l></v><v><l id="377005" t="что"><g v="NPRO"></g><g v="neut"></g><g v="sing"></g><g v="nomn"></g></l></v><v><l id="377005" t="что"><g v="NPRO"></g><g v="neut"></g><g v="sing"></g><g v="accs"></g></l></v><v><l id="377006" t="что"><g v="ADVB"></g><g v="Ques"></g></l></v><v><l id="388695" t="что"><g v="PRCL"></g></l></v></tfr></token><token id="709662" text="преподаватели"><tfr rev_id="1541519" t="преподаватели"><v><l id="267948" t="преподаватель"><g v="NOUN"></g><g v="anim"></g><g v="masc"></g><g v="plur"></g><g v="nomn"></g></l></v></tfr></token><token id="709663" text="уже"><tfr rev_id="2692936" t="уже"><v><l id="355422" t="уж"><g v="NOUN"></g><g v="anim"></g><g v="masc"></g><g v="sing"></g><g v="loct"></g></l></v><v><l id="355498" t="уже"><g v="ADVB"></g></l></v><v><l id="355674" t="уже"><g v="COMP"></g><g v="Qual"></g></l></v><v><l id="388673" t="уже"><g v="PRCL"></g></l></v></tfr></token><token id="709664" text="не"><tfr rev_id="1541521" t="не"><v><l id="178876" t="не"><g v="PRCL"></g></l></v></tfr></token><token id="709665" text="смогут"><tfr rev_id="1541522" t="смогут"><v><l id="326830" t="смог"><g v="VERB"></g><g v="perf"></g><g v="intr"></g><g v="plur"></g><g v="3per"></g><g v="futr"></g><g v="indc"></g></l></v></tfr></token><token id="709666" text="выразить"><tfr rev_id="1541523" t="выразить"><v><l id="61212" t="выразить"><g v="INFN"></g><g v="perf"></g><g v="tran"></g></l></v></tfr></token><token id="709667" text="своё"><tfr rev_id="3632832" t="своё"><v><l id="316379" t="свой"><g v="ADJF"></g><g v="Apro"></g><g v="Anph"></g><g v="neut"></g><g v="sing"></g><g v="nomn"></g></l></v><v><l id="316379" t="свой"><g v="ADJF"></g><g v="Apro"></g><g v="Anph"></g><g v="neut"></g><g v="sing"></g><g v="accs"></g></l></v></tfr></token><token id="709668" text="недоверие"><tfr rev_id="3300327" t="недоверие"><v><l id="180896" t="недоверие"><g v="NOUN"></g><g v="inan"></g><g v="neut"></g><g v="sing"></g><g v="accs"></g></l></v></tfr></token><token id="709669" text="руководителю"><tfr rev_id="1541526" t="руководителю"><v><l id="309980" t="руководитель"><g v="NOUN"></g><g v="anim"></g><g v="masc"></g><g v="sing"></g><g v="datv"></g></l></v></tfr></token><token id="709670" text=","><tfr rev_id="1541527" t=","><v><l id="0" t=","><g v="PNCT"></g></l></v></tfr></token><token id="709671" text="если"><tfr rev_id="1541528" t="если"><v><l id="95365" t="если"><g v="CONJ"></g></l></v></tfr></token><token id="709672" text="ему"><tfr rev_id="4528943" t="ему"><v><l id="206541" t="он"><g v="NPRO"></g><g v="masc"></g><g v="3per"></g><g v="Anph"></g><g v="sing"></g><g v="datv"></g></l></v><v><l id="206649" t="оно"><g v="NPRO"></g><g v="neut"></g><g v="3per"></g><g v="Anph"></g><g v="sing"></g><g v="datv"></g></l></v></tfr></token><token id="709673" text="уже"><tfr rev_id="2692937" t="уже"><v><l id="355422" t="уж"><g v="NOUN"></g><g v="anim"></g><g v="masc"></g><g v="sing"></g><g v="loct"></g></l></v><v><l id="355498" t="уже"><g v="ADVB"></g></l></v><v><l id="355674" t="уже"><g v="COMP"></g><g v="Qual"></g></l></v><v><l id="388673" t="уже"><g v="PRCL"></g></l></v></tfr></token><token id="709674" text="оказано"><tfr rev_id="1541531" t="оказано"><v><l id="204460" t="оказан"><g v="PRTS"></g><g v="perf"></g><g v="past"></g><g v="pssv"></g><g v="neut"></g><g v="sing"></g></l></v></tfr></token><token id="709675" text="высочайшее"><tfr rev_id="1541532" t="высочайшее"><v><l id="62136" t="высочайший"><g v="ADJF"></g><g v="Supr"></g><g v="Qual"></g><g v="neut"></g><g v="sing"></g><g v="nomn"></g></l></v><v><l id="62136" t="высочайший"><g v="ADJF"></g><g v="Supr"></g><g v="Qual"></g><g v="neut"></g><g v="sing"></g><g v="accs"></g></l></v></tfr></token><token id="709676" text="доверие"><tfr rev_id="4107003" t="доверие"><v><l id="85719" t="доверие"><g v="NOUN"></g><g v="inan"></g><g v="neut"></g><g v="sing"></g><g v="nomn"></g></l></v></tfr></token><token id="709677" text="."><tfr rev_id="1541534" t="."><v><l id="0" t="."><g v="PNCT"></g></l></v></tfr></token></tokens></sentence><sentence id="39910"><source>Глава государства будет утверждать кандидатуру на срок до пяти лет.</source><tokens><token id="709678" text="Глава"><tfr rev_id="4525735" t="Глава"><v><l id="70790" t="глава"><g v="NOUN"></g><g v="anim"></g><g v="ms-f"></g><g v="sing"></g><g v="nomn"></g></l></v></tfr></token><token id="709679" text="государства"><tfr rev_id="3476319" t="государства"><v><l id="74164" t="государство"><g v="NOUN"></g><g v="inan"></g><g v="neut"></g><g v="sing"></g><g v="gent"></g></l></v></tfr></token><token id="709680" text="будет"><tfr rev_id="1541537" t="будет"><v><l id="37265" t="есть"><g v="VERB"></g><g v="impf"></g><g v="intr"></g><g v="sing"></g><g v="3per"></g><g v="futr"></g><g v="indc"></g></l></v></tfr></token><token id="709681" text="утверждать"><tfr rev_id="1541538" t="утверждать"><v><l id="361707" t="утверждать"><g v="INFN"></g><g v="impf"></g><g v="tran"></g></l></v><v><l id="361714" t="утверждать"><g v="INFN"></g><g v="impf"></g><g v="intr"></g></l></v></tfr></token><token id="709682" text="кандидатуру"><tfr rev_id="4331825" t="кандидатуру"><v><l id="129329" t="кандидатура"><g v="NOUN"></g><g v="inan"></g><g v="femn"></g><g v="sing"></g><g v="accs"></g></l></v></tfr></token><token id="709683" text="на"><tfr rev_id="3340925" t="на"><v><l id="166264" t="на"><g v="PREP"></g></l></v></tfr></token><token id="709684" text="срок"><tfr rev_id="1541541" t="срок"><v><l id="333848" t="срок"><g v="NOUN"></g><g v="inan"></g><g v="masc"></g><g v="sing"></g><g v="nomn"></g></l></v><v><l id="333848" t="срок"><g v="NOUN"></g><g v="inan"></g><g v="masc"></g><g v="sing"></g><g v="accs"></g></l></v></tfr></token><token id="709685" text="до"><tfr rev_id="1541542" t="до"><v><l id="85153" t="до"><g v="PREP"></g></l></v></tfr></token><token id="709686" text="пяти"><tfr rev_id="4361540" t="пяти"><v><l id="290440" t="пять"><g v="NUMR"></g><g v="gent"></g></l></v></tfr></token><token id="709687" text="лет"><tfr rev_id="3504685" t="лет"><v><l id="72149" t="год"><g v="NOUN"></g><g v="inan"></g><g v="masc"></g><g v="plur"></g><g v="gent"></g></l></v></tfr></token><token id="709688" text="."><tfr rev_id="1541545" t="."><v><l id="0" t="."><g v="PNCT"></g></l></v></tfr></token></tokens></sentence></paragraph><paragraph id="12842"><sentence id="39911"><source>Во-вторых, МГУ и СПбГУ получат исключительное право на формирование собственных образовательных стандартов.</source><tokens><token id="709689" text="Во-вторых"><tfr rev_id="3407639" t="Во-вторых"><v><l id="47925" t="во-вторых"><g v="CONJ"></g><g v="Prnt"></g></l></v></tfr></token><token id="709690" text=","><tfr rev_id="1541547" t=","><v><l id="0" t=","><g v="PNCT"></g></l></v></tfr></token><token id="709691" text="МГУ"><tfr rev_id="3657383" t="МГУ"><v><l id="156869" t="мгу"><g v="NOUN"></g><g v="inan"></g><g v="masc"></g><g v="Sgtm"></g><g v="Fixd"></g><g v="Abbr"></g><g v="Orgn"></g><g v="sing"></g><g v="nomn"></g></l></v></tfr></token><token id="709692" text="и"><tfr rev_id="1541549" t="и"><v><l id="116949" t="и"><g v="CONJ"></g></l></v><v><l id="116950" t="и"><g v="INTJ"></g></l></v></tfr></token><token id="709693" text="СПбГУ"><tfr rev_id="4138345" t="СПбГУ"><v><l id="388641" t="спбгу"><g v="NOUN"></g><g v="inan"></g><g v="masc"></g><g v="Sgtm"></g><g v="Fixd"></g><g v="Abbr"></g><g v="Orgn"></g><g v="sing"></g><g v="nomn"></g></l></v></tfr></token><token id="709694" text="получат"><tfr rev_id="1541551" t="получат"><v><l id="256959" t="получил"><g v="VERB"></g><g v="perf"></g><g v="tran"></g><g v="plur"></g><g v="3per"></g><g v="futr"></g><g v="indc"></g></l></v></tfr></token><token id="709695" text="исключительное"><tfr rev_id="1541552" t="исключительное"><v><l id="124361" t="исключительный"><g v="ADJF"></g><g v="neut"></g><g v="sing"></g><g v="nomn"></g></l></v><v><l id="124361" t="исключительный"><g v="ADJF"></g><g v="neut"></g><g v="sing"></g><g v="accs"></g></l></v></tfr></token><token id="709696" text="право"><tfr rev_id="4387964" t="право"><v><l id="265680" t="право"><g v="NOUN"></g><g v="inan"></g><g v="neut"></g><g v="sing"></g><g v="nomn"></g></l></v><v><l id="265680" t="право"><g v="NOUN"></g><g v="inan"></g><g v="neut"></g><g v="sing"></g><g v="accs"></g></l></v></tfr></token><token id="709697" text="на"><tfr rev_id="3341951" t="на"><v><l id="166264" t="на"><g v="PREP"></g></l></v></tfr></token><token id="709698" text="формирование"><tfr rev_id="3340171" t="формирование"><v><l id="367174" t="формирование"><g v="NOUN"></g><g v="inan"></g><g v="neut"></g><g v="sing"></g><g v="accs"></g></l></v></tfr></token><token id="709699" text="собственных"><tfr rev_id="3285368" t="собственных"><v><l id="327840" t="собственный"><g v="ADJF"></g><g v="plur"></g><g v="gent"></g></l></v></tfr></token><token id="709700" text="образовательных"><tfr rev_id="4361124" t="образовательных"><v><l id="198807" t="образовательный"><g v="ADJF"></g><g v="plur"></g><g v="gent"></g></l></v></tfr></token><token id="709701" text="стандартов"><tfr rev_id="1541558" t="стандартов"><v><l id="334571" t="стандарт"><g v="NOUN"></g><g v="inan"></g><g v="masc"></g><g v="plur"></g><g v="gent"></g></l></v></tfr></token><token id="709702" text="."><tfr rev_id="1541559" t="."><v><l id="0" t="."><g v="PNCT"></g></l></v></tfr></token></tokens></sentence><sentence id="39912"><source>Другими словами, эти вузы даже смогут отказаться от пресловутого ЕГЭ (кстати, их руководство никогда не приветствовало введение единого госэкзамена).</source><tokens><token id="709703" text="Другими"><tfr rev_id="3562730" t="Другими"><v><l id="92342" t="другой"><g v="ADJF"></g><g v="Apro"></g><g v="Subx"></g><g v="plur"></g><g v="ablt"></g></l></v></tfr></token><token id="709704" text="словами"><tfr rev_id="1541561" t="словами"><v><l id="325168" t="слово"><g v="NOUN"></g><g v="inan"></g><g v="neut"></g><g v="plur"></g><g v="ablt"></g></l></v></tfr></token><token id="709705" text=","><tfr rev_id="1541562" t=","><v><l id="0" t=","><g v="PNCT"></g></l></v></tfr></token><token id="709706" text="эти"><tfr rev_id="4446192" t="эти"><v><l id="386581" t="этот"><g v="ADJF"></g><g v="Subx"></g><g v="Apro"></g><g v="Anph"></g><g v="plur"></g><g v="nomn"></g></l></v></tfr></token><token id="709707" text="вузы"><tfr rev_id="4318876" t="вузы"><v><l id="55240" t="вуз"><g v="NOUN"></g><g v="inan"></g><g v="masc"></g><g v="Abbr"></g><g v="plur"></g><g v="nomn"></g></l></v></tfr></token><token id="709708" text="даже"><tfr rev_id="4079205" t="даже"><v><l id="77849" t="даже"><g v="PRCL"></g></l></v></tfr></token><token id="709709" text="смогут"><tfr rev_id="1541566" t="смогут"><v><l id="326830" t="смог"><g v="VERB"></g><g v="perf"></g><g v="intr"></g><g v="plur"></g><g v="3per"></g><g v="futr"></g><g v="indc"></g></l></v></tfr></token><token id="709710" text="отказаться"><tfr rev_id="1541567" t="отказаться"><v><l id="213939" t="отказаться"><g v="INFN"></g><g v="perf"></g><g v="intr"></g></l></v></tfr></token><token id="709711" text="от"><tfr rev_id="1541568" t="от"><v><l id="211644" t="от"><g v="PREP"></g></l></v></tfr></token><token id="709712" text="пресловутого"><tfr rev_id="4205675" t="пресловутого"><v><l id="268201" t="пресловутый"><g v="ADJF"></g><g v="masc"></g><g v="sing"></g><g v="gent"></g></l></v><v><l id="268201" t="пресловутый"><g v="ADJF"></g><g v="anim"></g><g v="masc"></g><g v="sing"></g><g v="accs"></g></l></v></tfr></token><token id="709713" text="ЕГЭ"><tfr rev_id="4163418" t="ЕГЭ"><v><l id="388942" t="егэ"><g v="NOUN"></g><g v="inan"></g><g v="masc"></g><g v="Sgtm"></g><g v="Fixd"></g><g v="Abbr"></g><g v="sing"></g><g v="gent"></g></l></v></tfr></token><token id="709714" text="("><tfr rev_id="1541571" t="("><v><l id="0" t="("><g v="PNCT"></g></l></v></tfr></token><token id="709715" text="кстати"><tfr rev_id="1541572" t="кстати"><v><l id="144209" t="кстати"><g v="ADVB"></g></l></v><v><l id="144210" t="кстати"><g v="CONJ"></g><g v="Prnt"></g></l></v></tfr></token><token id="709716" text=","><tfr rev_id="1541573" t=","><v><l id="0" t=","><g v="PNCT"></g></l></v></tfr></token><token id="709717" text="их"><tfr rev_id="4457495" t="их"><v><l id="127205" t="их"><g v="ADJF"></g><g v="Fixd"></g><g v="Apro"></g><g v="Anph"></g><g v="neut"></g><g v="sing"></g><g v="nomn"></g></l></v><v><l id="127205" t="их"><g v="ADJF"></g><g v="Fixd"></g><g v="Apro"></g><g v="Anph"></g><g v="neut"></g><g v="sing"></g><g v="gent"></g></l></v><v><l id="127205" t="их"><g v="ADJF"></g><g v="Fixd"></g><g v="Apro"></g><g v="Anph"></g><g v="neut"></g><g v="sing"></g><g v="datv"></g></l></v><v><l id="127205" t="их"><g v="ADJF"></g><g v="Fixd"></g><g v="Apro"></g><g v="Anph"></g><g v="neut"></g><g v="sing"></g><g v="accs"></g></l></v><v><l id="127205" t="их"><g v="ADJF"></g><g v="Fixd"></g><g v="Apro"></g><g v="Anph"></g><g v="neut"></g><g v="sing"></g><g v="ablt"></g></l></v><v><l id="127205" t="их"><g v="ADJF"></g><g v="Fixd"></g><g v="Apro"></g><g v="Anph"></g><g v="neut"></g><g v="sing"></g><g v="loct"></g></l></v></tfr></token><token id="709718" text="руководство"><tfr rev_id="1541575" t="руководство"><v><l id="310004" t="руководство"><g v="NOUN"></g><g v="inan"></g><g v="neut"></g><g v="sing"></g><g v="nomn"></g></l></v><v><l id="310004" t="руководство"><g v="NOUN"></g><g v="inan"></g><g v="neut"></g><g v="sing"></g><g v="accs"></g></l></v></tfr></token><token id="709719" text="никогда"><tfr rev_id="1541576" t="никогда"><v><l id="190941" t="никогда"><g v="ADVB"></g></l></v></tfr></token><token id="709720" text="не"><tfr rev_id="1541577" t="не"><v><l id="178876" t="не"><g v="PRCL"></g></l></v></tfr></token><token id="709721" text="приветствовало"><tfr rev_id="1541578" t="приветствовало"><v><l id="269235" t="приветствовал"><g v="VERB"></g><g v="perf"></g><g v="tran"></g><g v="neut"></g><g v="sing"></g><g v="past"></g><g v="indc"></g></l></v><v><l id="269236" t="приветствую"><g v="VERB"></g><g v="impf"></g><g v="tran"></g><g v="neut"></g><g v="sing"></g><g v="past"></g><g v="indc"></g></l></v></tfr></token><token id="709722" text="введение"><tfr rev_id="4107441" t="введение"><v><l id="39618" t="введение"><g v="NOUN"></g><g v="inan"></g><g v="neut"></g><g v="sing"></g><g v="accs"></g></l></v></tfr></token><token id="709723" text="единого"><tfr rev_id="3453871" t="единого"><v><l id="94410" t="единый"><g v="ADJF"></g><g v="Qual"></g><g v="masc"></g><g v="sing"></g><g v="gent"></g></l></v><v><l id="94410" t="единый"><g v="ADJF"></g><g v="Qual"></g><g v="anim"></g><g v="masc"></g><g v="sing"></g><g v="accs"></g></l></v></tfr></token><token id="709724" text="госэкзамена"><tfr rev_id="1541581" t="госэкзамена"><v><l id="74184" t="госэкзамен"><g v="NOUN"></g><g v="inan"></g><g v="masc"></g><g v="sing"></g><g v="gent"></g></l></v></tfr></token><token id="709725" text=")"><tfr rev_id="1541582" t=")"><v><l id="0" t=")"><g v="PNCT"></g></l></v></tfr></token><token id="709726" text="."><tfr rev_id="1541583" t="."><v><l id="0" t="."><g v="PNCT"></g></l></v></tfr></token></tokens></sentence><sentence id="39913"><source>Более того, вузы смогут выдавать собственные дипломы, а не общие — гособразца, как в других образовательных учреждениях страны.</source><tokens><token id="709727" text="Более"><tfr rev_id="1541584" t="Более"><v><l id="32065" t="более"><g v="ADVB"></g></l></v></tfr></token><token id="709728" text="того"><tfr rev_id="4405167" t="того"><v><l id="348430" t="тот"><g v="ADJF"></g><g v="Subx"></g><g v="Apro"></g><g v="Anph"></g><g v="neut"></g><g v="sing"></g><g v="gent"></g></l></v></tfr></token><token id="709729" text=","><tfr rev_id="1541586" t=","><v><l id="0" t=","><g v="PNCT"></g></l></v></tfr></token><token id="709730" text="вузы"><tfr rev_id="4318877" t="вузы"><v><l id="55240" t="вуз"><g v="NOUN"></g><g v="inan"></g><g v="masc"></g><g v="Abbr"></g><g v="plur"></g><g v="nomn"></g></l></v></tfr></token><token id="709731" text="смогут"><tfr rev_id="1541588" t="смогут"><v><l id="326830" t="смог"><g v="VERB"></g><g v="perf"></g><g v="intr"></g><g v="plur"></g><g v="3per"></g><g v="futr"></g><g v="indc"></g></l></v></tfr></token><token id="709732" text="выдавать"><tfr rev_id="1541589" t="выдавать"><v><l id="56896" t="выдавать"><g v="INFN"></g><g v="impf"></g><g v="tran"></g></l></v></tfr></token><token id="709733" text="собственные"><tfr rev_id="3746865" t="собственные"><v><l id="327840" t="собственный"><g v="ADJF"></g><g v="inan"></g><g v="plur"></g><g v="accs"></g></l></v></tfr></token><token id="709734" text="дипломы"><tfr rev_id="3749087" t="дипломы"><v><l id="84139" t="диплом"><g v="NOUN"></g><g v="inan"></g><g v="masc"></g><g v="plur"></g><g v="accs"></g></l></v></tfr></token><token id="709735" text=","><tfr rev_id="1541592" t=","><v><l id="0" t=","><g v="PNCT"></g></l></v></tfr></token><token id="709736" text="а"><tfr rev_id="3962280" t="а"><v><l id="51" t="а"><g v="CONJ"></g></l></v></tfr></token><token id="709737" text="не"><tfr rev_id="1541594" t="не"><v><l id="178876" t="не"><g v="PRCL"></g></l></v></tfr></token><token id="709738" text="общие"><tfr rev_id="4085440" t="общие"><v><l id="201663" t="общий"><g v="ADJF"></g><g v="inan"></g><g v="plur"></g><g v="accs"></g></l></v></tfr></token><token id="709739" text="—"><tfr rev_id="2447548" t="—"><v><l id="0" t="—"><g v="PNCT"></g></l></v></tfr></token><token id="709740" text="гособразца"><tfr rev_id="1541597" t="гособразца"><v><l id="0" t="гособразца"><g v="UNKN"></g></l></v></tfr></token><token id="709741" text=","><tfr rev_id="1541598" t=","><v><l id="0" t=","><g v="PNCT"></g></l></v></tfr></token><token id="709742" text="как"><tfr rev_id="1541599" t="как"><v><l id="128190" t="как"><g v="CONJ"></g></l></v><v><l id="128191" t="как"><g v="PRCL"></g></l></v><v><l id="128192" t="как"><g v="ADVB"></g><g v="Ques"></g></l></v></tfr></token><token id="709743" text="в"><tfr rev_id="1541600" t="в"><v><l id="37409" t="в"><g v="PREP"></g></l></v></tfr></token><token id="709744" text="других"><tfr rev_id="3562149" t="других"><v><l id="92342" t="другой"><g v="ADJF"></g><g v="Apro"></g><g v="Subx"></g><g v="plur"></g><g v="loct"></g></l></v></tfr></token><token id="709745" text="образовательных"><tfr rev_id="4394087" t="образовательных"><v><l id="198807" t="образовательный"><g v="ADJF"></g><g v="plur"></g><g v="loct"></g></l></v></tfr></token><token id="709746" text="учреждениях"><tfr rev_id="1541603" t="учреждениях"><v><l id="363361" t="учреждение"><g v="NOUN"></g><g v="inan"></g><g v="neut"></g><g v="plur"></g><g v="loct"></g></l></v></tfr></token><token id="709747" text="страны"><tfr rev_id="3501608" t="страны"><v><l id="337100" t="страна"><g v="NOUN"></g><g v="inan"></g><g v="femn"></g><g v="sing"></g><g v="gent"></g></l></v></tfr></token><token id="709748" text="."><tfr rev_id="1541605" t="."><v><l id="0" t="."><g v="PNCT"></g></l></v></tfr></token></tokens></sentence></paragraph><paragraph id="12843"><sentence id="39914"><source>В-третьих, на базе этих вузов можно будет создавать отдельные предприятия под конкретные проекты.</source><tokens><token id="709749" text="В-третьих"><tfr rev_id="3407586" t="В-третьих"><v><l id="37423" t="в-третьих"><g v="CONJ"></g><g v="Prnt"></g></l></v></tfr></token><token id="709750" text=","><tfr rev_id="1541607" t=","><v><l id="0" t=","><g v="PNCT"></g></l></v></tfr></token><token id="709751" text="на"><tfr rev_id="3340813" t="на"><v><l id="166264" t="на"><g v="PREP"></g></l></v></tfr></token><token id="709752" text="базе"><tfr rev_id="4195812" t="базе"><v><l id="22146" t="база"><g v="NOUN"></g><g v="inan"></g><g v="femn"></g><g v="sing"></g><g v="loct"></g></l></v></tfr></token><token id="709753" text="этих"><tfr rev_id="4447121" t="этих"><v><l id="386581" t="этот"><g v="ADJF"></g><g v="Subx"></g><g v="Apro"></g><g v="Anph"></g><g v="plur"></g><g v="gent"></g></l></v></tfr></token><token id="709754" text="вузов"><tfr rev_id="4318901" t="вузов"><v><l id="55240" t="вуз"><g v="NOUN"></g><g v="inan"></g><g v="masc"></g><g v="Abbr"></g><g v="plur"></g><g v="gent"></g></l></v></tfr></token><token id="709755" text="можно"><tfr rev_id="1541612" t="можно"><v><l id="162467" t="можно"><g v="PRED"></g><g v="pres"></g></l></v></tfr></token><token id="709756" text="будет"><tfr rev_id="1541613" t="будет"><v><l id="37265" t="есть"><g v="VERB"></g><g v="impf"></g><g v="intr"></g><g v="sing"></g><g v="3per"></g><g v="futr"></g><g v="indc"></g></l></v></tfr></token><token id="709757" text="создавать"><tfr rev_id="1541614" t="создавать"><v><l id="328569" t="создавать"><g v="INFN"></g><g v="impf"></g><g v="tran"></g></l></v></tfr></token><token id="709758" text="отдельные"><tfr rev_id="4092584" t="отдельные"><v><l id="213415" t="отдельный"><g v="ADJF"></g><g v="Qual"></g><g v="inan"></g><g v="plur"></g><g v="accs"></g></l></v></tfr></token><token id="709759" text="предприятия"><tfr rev_id="3757695" t="предприятия"><v><l id="266920" t="предприятие"><g v="NOUN"></g><g v="inan"></g><g v="neut"></g><g v="plur"></g><g v="accs"></g></l></v></tfr></token><token id="709760" text="под"><tfr rev_id="1671239" t="под"><v><l id="243755" t="под"><g v="PREP"></g></l></v></tfr></token><token id="709761" text="конкретные"><tfr rev_id="3814823" t="конкретные"><v><l id="137888" t="конкретный"><g v="ADJF"></g><g v="Qual"></g><g v="inan"></g><g v="plur"></g><g v="accs"></g></l></v></tfr></token><token id="709762" text="проекты"><tfr rev_id="3749787" t="проекты"><v><l id="279545" t="проект"><g v="NOUN"></g><g v="inan"></g><g v="masc"></g><g v="plur"></g><g v="accs"></g></l></v></tfr></token><token id="709763" text="."><tfr rev_id="1541620" t="."><v><l id="0" t="."><g v="PNCT"></g></l></v></tfr></token></tokens></sentence><sentence id="39915"><source>Их учредителем будет выступать уполномоченный федеральный орган, а дирекцию будет утверждать и снимать ректорат.</source><tokens><token id="709764" text="Их"><tfr rev_id="4096154" t="Их"><v><l id="206619" t="они"><g v="NPRO"></g><g v="3per"></g><g v="Anph"></g><g v="plur"></g><g v="gent"></g></l></v><v><l id="206619" t="они"><g v="NPRO"></g><g v="3per"></g><g v="Anph"></g><g v="plur"></g><g v="accs"></g></l></v></tfr></token><token id="709765" text="учредителем"><tfr rev_id="1541622" t="учредителем"><v><l id="363332" t="учредитель"><g v="NOUN"></g><g v="anim"></g><g v="masc"></g><g v="sing"></g><g v="ablt"></g></l></v></tfr></token><token id="709766" text="будет"><tfr rev_id="1541623" t="будет"><v><l id="37265" t="есть"><g v="VERB"></g><g v="impf"></g><g v="intr"></g><g v="sing"></g><g v="3per"></g><g v="futr"></g><g v="indc"></g></l></v></tfr></token><token id="709767" text="выступать"><tfr rev_id="1541624" t="выступать"><v><l id="62881" t="выступать"><g v="INFN"></g><g v="impf"></g><g v="intr"></g></l></v></tfr></token><token id="709768" text="уполномоченный"><tfr rev_id="1541625" t="уполномоченный"><v><l id="359054" t="уполномоченный"><g v="ADJF"></g><g v="masc"></g><g v="sing"></g><g v="nomn"></g></l></v><v><l id="359054" t="уполномоченный"><g v="ADJF"></g><g v="inan"></g><g v="masc"></g><g v="sing"></g><g v="accs"></g></l></v><v><l id="359072" t="уполномоченный"><g v="PRTF"></g><g v="perf"></g><g v="tran"></g><g v="past"></g><g v="pssv"></g><g v="masc"></g><g v="sing"></g><g v="nomn"></g></l></v><v><l id="359072" t="уполномоченный"><g v="PRTF"></g><g v="perf"></g><g v="tran"></g><g v="past"></g><g v="pssv"></g><g v="inan"></g><g v="masc"></g><g v="sing"></g><g v="accs"></g></l></v></tfr></token><token id="709769" text="федеральный"><tfr rev_id="1541626" t="федеральный"><v><l id="364933" t="федеральный"><g v="ADJF"></g><g v="masc"></g><g v="sing"></g><g v="nomn"></g></l></v><v><l id="364933" t="федеральный"><g v="ADJF"></g><g v="inan"></g><g v="masc"></g><g v="sing"></g><g v="accs"></g></l></v></tfr></token><token id="709770" text="орган"><tfr rev_id="1541627" t="орган"><v><l id="208736" t="орган"><g v="NOUN"></g><g v="inan"></g><g v="masc"></g><g v="sing"></g><g v="nomn"></g></l></v><v><l id="208736" t="орган"><g v="NOUN"></g><g v="inan"></g><g v="masc"></g><g v="sing"></g><g v="accs"></g></l></v></tfr></token><token id="709771" text=","><tfr rev_id="1541628" t=","><v><l id="0" t=","><g v="PNCT"></g></l></v></tfr></token><token id="709772" text="а"><tfr rev_id="1541629" t="а"><v><l id="51" t="а"><g v="CONJ"></g></l></v><v><l id="52" t="а"><g v="INTJ"></g></l></v><v><l id="53" t="а"><g v="PRCL"></g></l></v></tfr></token><token id="709773" text="дирекцию"><tfr rev_id="1541630" t="дирекцию"><v><l id="84229" t="дирекция"><g v="NOUN"></g><g v="inan"></g><g v="femn"></g><g v="sing"></g><g v="accs"></g></l></v></tfr></token><token id="709774" text="будет"><tfr rev_id="1541631" t="будет"><v><l id="37265" t="есть"><g v="VERB"></g><g v="impf"></g><g v="intr"></g><g v="sing"></g><g v="3per"></g><g v="futr"></g><g v="indc"></g></l></v></tfr></token><token id="709775" text="утверждать"><tfr rev_id="1541632" t="утверждать"><v><l id="361707" t="утверждать"><g v="INFN"></g><g v="impf"></g><g v="tran"></g></l></v><v><l id="361714" t="утверждать"><g v="INFN"></g><g v="impf"></g><g v="intr"></g></l></v></tfr></token><token id="709776" text="и"><tfr rev_id="1541633" t="и"><v><l id="116949" t="и"><g v="CONJ"></g></l></v><v><l id="116950" t="и"><g v="INTJ"></g></l></v></tfr></token><token id="709777" text="снимать"><tfr rev_id="1541634" t="снимать"><v><l id="327402" t="снимать"><g v="INFN"></g><g v="impf"></g><g v="tran"></g></l></v></tfr></token><token id="709778" text="ректорат"><tfr rev_id="1541635" t="ректорат"><v><l id="305899" t="ректорат"><g v="NOUN"></g><g v="inan"></g><g v="masc"></g><g v="sing"></g><g v="nomn"></g></l></v><v><l id="305899" t="ректорат"><g v="NOUN"></g><g v="inan"></g><g v="masc"></g><g v="sing"></g><g v="accs"></g></l></v></tfr></token><token id="709779" text="."><tfr rev_id="1541636" t="."><v><l id="0" t="."><g v="PNCT"></g></l></v></tfr></token></tokens></sentence></paragraph><paragraph id="12844"><sentence id="39916"><source>Ну и последнее, пожалуй, самое главное.</source><tokens><token id="709780" text="Ну"><tfr rev_id="1541637" t="Ну"><v><l id="192524" t="ну"><g v="INTJ"></g></l></v><v><l id="192525" t="ну"><g v="PRCL"></g></l></v></tfr></token><token id="709781" text="и"><tfr rev_id="3542344" t="и"><v><l id="116949" t="и"><g v="CONJ"></g></l></v></tfr></token><token id="709782" text="последнее"><tfr rev_id="3809313" t="последнее"><v><l id="261565" t="последний"><g v="ADJF"></g><g v="neut"></g><g v="sing"></g><g v="nomn"></g></l></v><v><l id="261565" t="последний"><g v="ADJF"></g><g v="neut"></g><g v="sing"></g><g v="accs"></g></l></v></tfr></token><token id="709783" text=","><tfr rev_id="1541640" t=","><v><l id="0" t=","><g v="PNCT"></g></l></v></tfr></token><token id="709784" text="пожалуй"><tfr rev_id="1541641" t="пожалуй"><v><l id="253022" t="пожаловал"><g v="VERB"></g><g v="perf"></g><g v="tran"></g><g v="sing"></g><g v="impr"></g><g v="excl"></g></l></v><v><l id="253032" t="пожалуй"><g v="PRCL"></g></l></v><v><l id="253033" t="пожалуй"><g v="CONJ"></g><g v="Prnt"></g></l></v></tfr></token><token id="709785" text=","><tfr rev_id="1541642" t=","><v><l id="0" t=","><g v="PNCT"></g></l></v></tfr></token><token id="709786" text="самое"><tfr rev_id="1541643" t="самое"><v><l id="312034" t="сам"><g v="ADJF"></g><g v="Apro"></g><g v="femn"></g><g v="sing"></g><g v="accs"></g><g v="Arch"></g></l></v><v><l id="313174" t="самый"><g v="ADJF"></g><g v="Apro"></g><g v="neut"></g><g v="sing"></g><g v="nomn"></g></l></v><v><l id="313174" t="самый"><g v="ADJF"></g><g v="Apro"></g><g v="neut"></g><g v="sing"></g><g v="accs"></g></l></v></tfr></token><token id="709787" text="главное"><tfr rev_id="4501003" t="главное"><v><l id="70839" t="главное"><g v="NOUN"></g><g v="inan"></g><g v="neut"></g><g v="sing"></g><g v="nomn"></g></l></v><v><l id="70839" t="главное"><g v="NOUN"></g><g v="inan"></g><g v="neut"></g><g v="sing"></g><g v="accs"></g></l></v></tfr></token><token id="709788" text="."><tfr rev_id="1541645" t="."><v><l id="0" t="."><g v="PNCT"></g></l></v></tfr></token></tokens></sentence><sentence id="39917"><source>Финансирование наделённых особым статусом вузов будет прописано в госбюджете отдельным пунктом.</source><tokens><token id="709789" text="Финансирование"><tfr rev_id="1541646" t="Финансирование"><v><l id="366074" t="финансирование"><g v="NOUN"></g><g v="inan"></g><g v="neut"></g><g v="sing"></g><g v="nomn"></g></l></v><v><l id="366074" t="финансирование"><g v="NOUN"></g><g v="inan"></g><g v="neut"></g><g v="sing"></g><g v="accs"></g></l></v></tfr></token><token id="709790" text="наделённых"><tfr rev_id="1541647" t="наделённых"><v><l id="168765" t="наделённый"><g v="PRTF"></g><g v="perf"></g><g v="tran"></g><g v="past"></g><g v="pssv"></g><g v="plur"></g><g v="gent"></g></l></v><v><l id="168765" t="наделённый"><g v="PRTF"></g><g v="perf"></g><g v="tran"></g><g v="past"></g><g v="pssv"></g><g v="anim"></g><g v="plur"></g><g v="accs"></g></l></v><v><l id="168765" t="наделённый"><g v="PRTF"></g><g v="perf"></g><g v="tran"></g><g v="past"></g><g v="pssv"></g><g v="plur"></g><g v="loct"></g></l></v></tfr></token><token id="709791" text="особым"><tfr rev_id="4317990" t="особым"><v><l id="210653" t="особый"><g v="ADJF"></g><g v="masc"></g><g v="sing"></g><g v="ablt"></g></l></v></tfr></token><token id="709792" text="статусом"><tfr rev_id="1541649" t="статусом"><v><l id="335151" t="статус"><g v="NOUN"></g><g v="inan"></g><g v="masc"></g><g v="sing"></g><g v="ablt"></g></l></v></tfr></token><token id="709793" text="вузов"><tfr rev_id="4318902" t="вузов"><v><l id="55240" t="вуз"><g v="NOUN"></g><g v="inan"></g><g v="masc"></g><g v="Abbr"></g><g v="plur"></g><g v="gent"></g></l></v></tfr></token><token id="709794" text="будет"><tfr rev_id="1541651" t="будет"><v><l id="37265" t="есть"><g v="VERB"></g><g v="impf"></g><g v="intr"></g><g v="sing"></g><g v="3per"></g><g v="futr"></g><g v="indc"></g></l></v></tfr></token><token id="709795" text="прописано"><tfr rev_id="1541652" t="прописано"><v><l id="283061" t="прописан"><g v="PRTS"></g><g v="perf"></g><g v="past"></g><g v="pssv"></g><g v="neut"></g><g v="sing"></g></l></v></tfr></token><token id="709796" text="в"><tfr rev_id="1541653" t="в"><v><l id="37409" t="в"><g v="PREP"></g></l></v></tfr></token><token id="709797" text="госбюджете"><tfr rev_id="1541654" t="госбюджете"><v><l id="73911" t="госбюджет"><g v="NOUN"></g><g v="inan"></g><g v="masc"></g><g v="sing"></g><g v="loct"></g></l></v></tfr></token><token id="709798" text="отдельным"><tfr rev_id="4308978" t="отдельным"><v><l id="213415" t="отдельный"><g v="ADJF"></g><g v="Qual"></g><g v="masc"></g><g v="sing"></g><g v="ablt"></g></l></v></tfr></token><token id="709799" text="пунктом"><tfr rev_id="1541656" t="пунктом"><v><l id="289177" t="пункт"><g v="NOUN"></g><g v="inan"></g><g v="masc"></g><g v="sing"></g><g v="ablt"></g></l></v></tfr></token><token id="709800" text="."><tfr rev_id="1541657" t="."><v><l id="0" t="."><g v="PNCT"></g></l></v></tfr></token></tokens></sentence><sentence id="39918"><source>Другими словами, руководство университетов будет само решать, на что распределять выделенные средства, сообщает NEWSru.com.</source><tokens><token id="709801" text="Другими"><tfr rev_id="3562731" t="Другими"><v><l id="92342" t="другой"><g v="ADJF"></g><g v="Apro"></g><g v="Subx"></g><g v="plur"></g><g v="ablt"></g></l></v></tfr></token><token id="709802" text="словами"><tfr rev_id="1541659" t="словами"><v><l id="325168" t="слово"><g v="NOUN"></g><g v="inan"></g><g v="neut"></g><g v="plur"></g><g v="ablt"></g></l></v></tfr></token><token id="709803" text=","><tfr rev_id="1541660" t=","><v><l id="0" t=","><g v="PNCT"></g></l></v></tfr></token><token id="709804" text="руководство"><tfr rev_id="4104942" t="руководство"><v><l id="310004" t="руководство"><g v="NOUN"></g><g v="inan"></g><g v="neut"></g><g v="sing"></g><g v="nomn"></g></l></v></tfr></token><token id="709805" text="университетов"><tfr rev_id="1541662" t="университетов"><v><l id="358281" t="университет"><g v="NOUN"></g><g v="inan"></g><g v="masc"></g><g v="plur"></g><g v="gent"></g></l></v></tfr></token><token id="709806" text="будет"><tfr rev_id="1541663" t="будет"><v><l id="37265" t="есть"><g v="VERB"></g><g v="impf"></g><g v="intr"></g><g v="sing"></g><g v="3per"></g><g v="futr"></g><g v="indc"></g></l></v></tfr></token><token id="709807" text="само"><tfr rev_id="1541664" t="само"><v><l id="312034" t="сам"><g v="ADJF"></g><g v="Apro"></g><g v="neut"></g><g v="sing"></g><g v="nomn"></g></l></v><v><l id="312034" t="сам"><g v="ADJF"></g><g v="Apro"></g><g v="neut"></g><g v="sing"></g><g v="accs"></g></l></v></tfr></token><token id="709808" text="решать"><tfr rev_id="1541665" t="решать"><v><l id="307336" t="решать"><g v="INFN"></g><g v="impf"></g><g v="tran"></g></l></v></tfr></token><token id="709809" text=","><tfr rev_id="1541666" t=","><v><l id="0" t=","><g v="PNCT"></g></l></v></tfr></token><token id="709810" text="на"><tfr rev_id="3475471" t="на"><v><l id="166264" t="на"><g v="PREP"></g></l></v></tfr></token><token id="709811" text="что"><tfr rev_id="3197848" t="что"><v><l id="377004" t="что"><g v="CONJ"></g></l></v><v><l id="377005" t="что"><g v="NPRO"></g><g v="neut"></g><g v="sing"></g><g v="nomn"></g></l></v><v><l id="377005" t="что"><g v="NPRO"></g><g v="neut"></g><g v="sing"></g><g v="accs"></g></l></v><v><l id="377006" t="что"><g v="ADVB"></g><g v="Ques"></g></l></v><v><l id="388695" t="что"><g v="PRCL"></g></l></v></tfr></token><token id="709812" text="распределять"><tfr rev_id="1541669" t="распределять"><v><l id="300255" t="распределять"><g v="INFN"></g><g v="impf"></g><g v="tran"></g></l></v></tfr></token><token id="709813" text="выделенные"><tfr rev_id="1541670" t="выделенные"><v><l id="57034" t="выделенный"><g v="PRTF"></g><g v="perf"></g><g v="tran"></g><g v="past"></g><g v="pssv"></g><g v="plur"></g><g v="nomn"></g></l></v><v><l id="57034" t="выделенный"><g v="PRTF"></g><g v="perf"></g><g v="tran"></g><g v="past"></g><g v="pssv"></g><g v="inan"></g><g v="plur"></g><g v="accs"></g></l></v></tfr></token><token id="709814" text="средства"><tfr rev_id="3795626" t="средства"><v><l id="333716" t="средство"><g v="NOUN"></g><g v="inan"></g><g v="neut"></g><g v="plur"></g><g v="accs"></g></l></v></tfr></token><token id="709815" text=","><tfr rev_id="1541672" t=","><v><l id="0" t=","><g v="PNCT"></g></l></v></tfr></token><token id="709816" text="сообщает"><tfr rev_id="1541673" t="сообщает"><v><l id="329538" t="сообщаю"><g v="VERB"></g><g v="impf"></g><g v="tran"></g><g v="sing"></g><g v="3per"></g><g v="pres"></g><g v="indc"></g></l></v></tfr></token><token id="709817" text="NEWSru.com"><tfr rev_id="2475602" t="NEWSru.com"><v><l id="0" t="NEWSru.com"><g v="LATN"></g></l></v></tfr></token><token id="709818" text="."><tfr rev_id="1541675" t="."><v><l id="0" t="."><g v="PNCT"></g></l></v></tfr></token></tokens></sentence></paragraph></paragraphs></text>