<?xml version="1.0" encoding="utf-8"?><text id="1426" parent="56" name="17 миллионов номеров немецких мобильников попали в руки мошенников"><tags><tag>Автор:http://ru.wikinews.org/wiki/Участник:Potupin</tag><tag>Дата:04/10</tag><tag>Год:2008</tag><tag>Тема:ВикиКатегория:Экономика</tag><tag>url:http://ru.wikinews.org/w/index.php?title=17_миллионов_номеров_немецких_мобильников_попали_в_руки_мошенников&amp;oldid=16460</tag></tags><paragraphs><paragraph id="12874"><sentence id="39996"><source>Очередной громкий скандал назрел в ФРГ.</source><tokens><token id="711327" text="Очередной"><tfr rev_id="2635746" t="Очередной"><v><l id="221690" t="очередной"><g v="ADJF"></g><g v="masc"></g><g v="sing"></g><g v="nomn"></g></l></v><v><l id="221690" t="очередной"><g v="ADJF"></g><g v="inan"></g><g v="masc"></g><g v="sing"></g><g v="accs"></g></l></v></tfr></token><token id="711328" text="громкий"><tfr rev_id="1543185" t="громкий"><v><l id="75662" t="громкий"><g v="ADJF"></g><g v="Qual"></g><g v="masc"></g><g v="sing"></g><g v="nomn"></g></l></v><v><l id="75662" t="громкий"><g v="ADJF"></g><g v="Qual"></g><g v="inan"></g><g v="masc"></g><g v="sing"></g><g v="accs"></g></l></v></tfr></token><token id="711329" text="скандал"><tfr rev_id="4107173" t="скандал"><v><l id="321718" t="скандал"><g v="NOUN"></g><g v="inan"></g><g v="masc"></g><g v="sing"></g><g v="nomn"></g></l></v></tfr></token><token id="711330" text="назрел"><tfr rev_id="1543187" t="назрел"><v><l id="170442" t="назрел"><g v="VERB"></g><g v="perf"></g><g v="intr"></g><g v="masc"></g><g v="sing"></g><g v="past"></g><g v="indc"></g></l></v></tfr></token><token id="711331" text="в"><tfr rev_id="1543188" t="в"><v><l id="37409" t="в"><g v="PREP"></g></l></v></tfr></token><token id="711332" text="ФРГ"><tfr rev_id="4322053" t="ФРГ"><v><l id="368135" t="фрг"><g v="NOUN"></g><g v="inan"></g><g v="femn"></g><g v="Sgtm"></g><g v="Fixd"></g><g v="Geox"></g><g v="Abbr"></g><g v="sing"></g><g v="loct"></g></l></v></tfr></token><token id="711333" text="."><tfr rev_id="1543190" t="."><v><l id="0" t="."><g v="PNCT"></g></l></v></tfr></token></tokens></sentence><sentence id="39997"><source>И вновь, как уже стало привычным, в нём оказался замешан концерн Deutsche Telekom, точнее - его дочерняя фирма T-Mobile.</source><tokens><token id="711334" text="И"><tfr rev_id="1543191" t="И"><v><l id="116949" t="и"><g v="CONJ"></g></l></v><v><l id="116950" t="и"><g v="INTJ"></g></l></v></tfr></token><token id="711335" text="вновь"><tfr rev_id="1543192" t="вновь"><v><l id="47640" t="вновь"><g v="ADVB"></g></l></v></tfr></token><token id="711336" text=","><tfr rev_id="1543193" t=","><v><l id="0" t=","><g v="PNCT"></g></l></v></tfr></token><token id="711337" text="как"><tfr rev_id="1543194" t="как"><v><l id="128190" t="как"><g v="CONJ"></g></l></v><v><l id="128191" t="как"><g v="PRCL"></g></l></v><v><l id="128192" t="как"><g v="ADVB"></g><g v="Ques"></g></l></v></tfr></token><token id="711338" text="уже"><tfr rev_id="2692942" t="уже"><v><l id="355422" t="уж"><g v="NOUN"></g><g v="anim"></g><g v="masc"></g><g v="sing"></g><g v="loct"></g></l></v><v><l id="355498" t="уже"><g v="ADVB"></g></l></v><v><l id="355674" t="уже"><g v="COMP"></g><g v="Qual"></g></l></v><v><l id="388673" t="уже"><g v="PRCL"></g></l></v></tfr></token><token id="711339" text="стало"><tfr rev_id="1543196" t="стало"><v><l id="335164" t="стал"><g v="VERB"></g><g v="perf"></g><g v="intr"></g><g v="neut"></g><g v="sing"></g><g v="past"></g><g v="indc"></g></l></v></tfr></token><token id="711340" text="привычным"><tfr rev_id="4376943" t="привычным"><v><l id="269600" t="привычный"><g v="ADJF"></g><g v="Qual"></g><g v="neut"></g><g v="sing"></g><g v="ablt"></g></l></v></tfr></token><token id="711341" text=","><tfr rev_id="1543198" t=","><v><l id="0" t=","><g v="PNCT"></g></l></v></tfr></token><token id="711342" text="в"><tfr rev_id="1543199" t="в"><v><l id="37409" t="в"><g v="PREP"></g></l></v></tfr></token><token id="711343" text="нём"><tfr rev_id="4530168" t="нём"><v><l id="206541" t="он"><g v="NPRO"></g><g v="masc"></g><g v="3per"></g><g v="Anph"></g><g v="sing"></g><g v="loct"></g><g v="Af-p"></g></l></v><v><l id="206649" t="оно"><g v="NPRO"></g><g v="neut"></g><g v="3per"></g><g v="Anph"></g><g v="sing"></g><g v="loct"></g><g v="Af-p"></g></l></v></tfr></token><token id="711344" text="оказался"><tfr rev_id="1543201" t="оказался"><v><l id="204462" t="оказался"><g v="VERB"></g><g v="perf"></g><g v="intr"></g><g v="masc"></g><g v="sing"></g><g v="past"></g><g v="indc"></g></l></v></tfr></token><token id="711345" text="замешан"><tfr rev_id="1543202" t="замешан"><v><l id="105579" t="замешан"><g v="PRTS"></g><g v="perf"></g><g v="past"></g><g v="pssv"></g><g v="masc"></g><g v="sing"></g></l></v></tfr></token><token id="711346" text="концерн"><tfr rev_id="4094020" t="концерн"><v><l id="138953" t="концерн"><g v="NOUN"></g><g v="inan"></g><g v="masc"></g><g v="sing"></g><g v="nomn"></g></l></v></tfr></token><token id="711347" text="Deutsche"><tfr rev_id="2475621" t="Deutsche"><v><l id="0" t="Deutsche"><g v="LATN"></g></l></v></tfr></token><token id="711348" text="Telekom"><tfr rev_id="2475622" t="Telekom"><v><l id="0" t="Telekom"><g v="LATN"></g></l></v></tfr></token><token id="711349" text=","><tfr rev_id="1543206" t=","><v><l id="0" t=","><g v="PNCT"></g></l></v></tfr></token><token id="711350" text="точнее"><tfr rev_id="3422771" t="точнее"><v><l id="348522" t="точнее"><g v="COMP"></g><g v="Qual"></g></l></v><v><l id="388715" t="точнее"><g v="CONJ"></g><g v="Prnt"></g></l></v></tfr></token><token id="711351" text="-"><tfr rev_id="1543208" t="-"><v><l id="0" t="-"><g v="PNCT"></g></l></v></tfr></token><token id="711352" text="его"><tfr rev_id="4535994" t="его"><v><l id="94208" t="его"><g v="ADJF"></g><g v="Fixd"></g><g v="Apro"></g><g v="Anph"></g><g v="femn"></g><g v="sing"></g><g v="nomn"></g></l></v><v><l id="94208" t="его"><g v="ADJF"></g><g v="Fixd"></g><g v="Apro"></g><g v="Anph"></g><g v="femn"></g><g v="sing"></g><g v="gent"></g></l></v><v><l id="94208" t="его"><g v="ADJF"></g><g v="Fixd"></g><g v="Apro"></g><g v="Anph"></g><g v="femn"></g><g v="sing"></g><g v="datv"></g></l></v><v><l id="94208" t="его"><g v="ADJF"></g><g v="Fixd"></g><g v="Apro"></g><g v="Anph"></g><g v="femn"></g><g v="sing"></g><g v="accs"></g></l></v><v><l id="94208" t="его"><g v="ADJF"></g><g v="Fixd"></g><g v="Apro"></g><g v="Anph"></g><g v="femn"></g><g v="sing"></g><g v="ablt"></g></l></v><v><l id="94208" t="его"><g v="ADJF"></g><g v="Fixd"></g><g v="Apro"></g><g v="Anph"></g><g v="femn"></g><g v="sing"></g><g v="loct"></g></l></v></tfr></token><token id="711353" text="дочерняя"><tfr rev_id="1543210" t="дочерняя"><v><l id="91284" t="дочерний"><g v="ADJF"></g><g v="femn"></g><g v="sing"></g><g v="nomn"></g></l></v></tfr></token><token id="711354" text="фирма"><tfr rev_id="1543211" t="фирма"><v><l id="366226" t="фирма"><g v="NOUN"></g><g v="inan"></g><g v="femn"></g><g v="sing"></g><g v="nomn"></g></l></v></tfr></token><token id="711355" text="T-Mobile"><tfr rev_id="2475623" t="T-Mobile"><v><l id="0" t="T-Mobile"><g v="LATN"></g></l></v></tfr></token><token id="711356" text="."><tfr rev_id="1543213" t="."><v><l id="0" t="."><g v="PNCT"></g></l></v></tfr></token></tokens></sentence></paragraph><paragraph id="12875"><sentence id="39998"><source>По сообщению онлайнового сетевого издания Spiegel, опубликованного 4 октября, из клиентской базы данных оператора мобильной связи T-Mobile были похищены более 17 миллионов единиц конфиденциальной информации частного характера.</source><tokens><token id="711357" text="По"><tfr rev_id="1543214" t="По"><v><l id="241240" t="по"><g v="PREP"></g></l></v></tfr></token><token id="711358" text="сообщению"><tfr rev_id="1543215" t="сообщению"><v><l id="329550" t="сообщение"><g v="NOUN"></g><g v="inan"></g><g v="neut"></g><g v="sing"></g><g v="datv"></g></l></v></tfr></token><token id="711359" text="онлайнового"><tfr rev_id="4161257" t="онлайнового"><v><l id="206647" t="онлайновый"><g v="ADJF"></g><g v="neut"></g><g v="sing"></g><g v="gent"></g></l></v></tfr></token><token id="711360" text="сетевого"><tfr rev_id="4205079" t="сетевого"><v><l id="319601" t="сетевой"><g v="ADJF"></g><g v="neut"></g><g v="sing"></g><g v="gent"></g></l></v></tfr></token><token id="711361" text="издания"><tfr rev_id="3437975" t="издания"><v><l id="118742" t="издание"><g v="NOUN"></g><g v="inan"></g><g v="neut"></g><g v="sing"></g><g v="gent"></g></l></v></tfr></token><token id="711362" text="Spiegel"><tfr rev_id="2475624" t="Spiegel"><v><l id="0" t="Spiegel"><g v="LATN"></g></l></v></tfr></token><token id="711363" text=","><tfr rev_id="1543220" t=","><v><l id="0" t=","><g v="PNCT"></g></l></v></tfr></token><token id="711364" text="опубликованного"><tfr rev_id="3443277" t="опубликованного"><v><l id="208372" t="опубликованный"><g v="PRTF"></g><g v="perf"></g><g v="tran"></g><g v="past"></g><g v="pssv"></g><g v="neut"></g><g v="sing"></g><g v="gent"></g></l></v></tfr></token><token id="711365" text="4"><tfr rev_id="2463040" t="4"><v><l id="0" t="4"><g v="NUMB"></g></l></v></tfr></token><token id="711366" text="октября"><tfr rev_id="1543223" t="октября"><v><l id="205725" t="октябрь"><g v="NOUN"></g><g v="inan"></g><g v="masc"></g><g v="sing"></g><g v="gent"></g></l></v></tfr></token><token id="711367" text=","><tfr rev_id="1543224" t=","><v><l id="0" t=","><g v="PNCT"></g></l></v></tfr></token><token id="711368" text="из"><tfr rev_id="2601677" t="из"><v><l id="117677" t="из"><g v="PREP"></g></l></v></tfr></token><token id="711369" text="клиентской"><tfr rev_id="4076519" t="клиентской"><v><l id="134289" t="клиентский"><g v="ADJF"></g><g v="femn"></g><g v="sing"></g><g v="gent"></g></l></v></tfr></token><token id="711370" text="базы"><tfr rev_id="3494068" t="базы"><v><l id="22146" t="база"><g v="NOUN"></g><g v="inan"></g><g v="femn"></g><g v="sing"></g><g v="gent"></g></l></v></tfr></token><token id="711371" text="данных"><tfr rev_id="4576735" t="данных"><v><l id="78302" t="данные"><g v="NOUN"></g><g v="inan"></g><g v="GNdr"></g><g v="Pltm"></g><g v="plur"></g><g v="gent"></g></l></v><v><l id="78302" t="данные"><g v="NOUN"></g><g v="inan"></g><g v="GNdr"></g><g v="Pltm"></g><g v="plur"></g><g v="loct"></g></l></v></tfr></token><token id="711372" text="оператора"><tfr rev_id="4397400" t="оператора"><v><l id="206946" t="оператор"><g v="NOUN"></g><g v="anim"></g><g v="masc"></g><g v="sing"></g><g v="gent"></g></l></v><v><l id="206947" t="оператор"><g v="NOUN"></g><g v="inan"></g><g v="masc"></g><g v="sing"></g><g v="gent"></g></l></v></tfr></token><token id="711373" text="мобильной"><tfr rev_id="4170837" t="мобильной"><v><l id="162202" t="мобильный"><g v="ADJF"></g><g v="Qual"></g><g v="femn"></g><g v="sing"></g><g v="gent"></g></l></v></tfr></token><token id="711374" text="связи"><tfr rev_id="4393773" t="связи"><v><l id="316572" t="связь"><g v="NOUN"></g><g v="inan"></g><g v="femn"></g><g v="sing"></g><g v="gent"></g></l></v></tfr></token><token id="711375" text="T-Mobile"><tfr rev_id="2475625" t="T-Mobile"><v><l id="0" t="T-Mobile"><g v="LATN"></g></l></v></tfr></token><token id="711376" text="были"><tfr rev_id="1714610" t="были"><v><l id="37265" t="есть"><g v="VERB"></g><g v="impf"></g><g v="intr"></g><g v="plur"></g><g v="past"></g><g v="indc"></g></l></v></tfr></token><token id="711377" text="похищены"><tfr rev_id="1543234" t="похищены"><v><l id="264242" t="похищен"><g v="PRTS"></g><g v="perf"></g><g v="past"></g><g v="pssv"></g><g v="plur"></g></l></v></tfr></token><token id="711378" text="более"><tfr rev_id="1543235" t="более"><v><l id="32065" t="более"><g v="ADVB"></g></l></v></tfr></token><token id="711379" text="17"><tfr rev_id="2463041" t="17"><v><l id="0" t="17"><g v="NUMB"></g></l></v></tfr></token><token id="711380" text="миллионов"><tfr rev_id="1543237" t="миллионов"><v><l id="160260" t="миллион"><g v="NOUN"></g><g v="inan"></g><g v="masc"></g><g v="plur"></g><g v="gent"></g></l></v></tfr></token><token id="711381" text="единиц"><tfr rev_id="3719537" t="единиц"><v><l id="94305" t="единица"><g v="NOUN"></g><g v="inan"></g><g v="femn"></g><g v="Inmx"></g><g v="plur"></g><g v="gent"></g></l></v></tfr></token><token id="711382" text="конфиденциальной"><tfr rev_id="4423655" t="конфиденциальной"><v><l id="138781" t="конфиденциальный"><g v="ADJF"></g><g v="femn"></g><g v="sing"></g><g v="gent"></g></l></v></tfr></token><token id="711383" text="информации"><tfr rev_id="4178517" t="информации"><v><l id="123576" t="информация"><g v="NOUN"></g><g v="inan"></g><g v="femn"></g><g v="sing"></g><g v="gent"></g></l></v></tfr></token><token id="711384" text="частного"><tfr rev_id="4537541" t="частного"><v><l id="374795" t="частный"><g v="ADJF"></g><g v="Qual"></g><g v="masc"></g><g v="sing"></g><g v="gent"></g></l></v><v><l id="374795" t="частный"><g v="ADJF"></g><g v="Qual"></g><g v="neut"></g><g v="sing"></g><g v="gent"></g></l></v></tfr></token><token id="711385" text="характера"><tfr rev_id="3421801" t="характера"><v><l id="369409" t="характер"><g v="NOUN"></g><g v="inan"></g><g v="masc"></g><g v="sing"></g><g v="gen1"></g></l></v></tfr></token><token id="711386" text="."><tfr rev_id="1543243" t="."><v><l id="0" t="."><g v="PNCT"></g></l></v></tfr></token></tokens></sentence></paragraph><paragraph id="12876"><sentence id="39999"><source>Это мошенничество привело к тому, что стали известными номера телефонов (а также домашние адреса, дни рождения, адреса электронной почты) крупных политических деятелей страны, бизнесменов, федеральных и региональных министров, телезвезд.</source><tokens><token id="711387" text="Это"><tfr rev_id="4441905" t="Это"><v><l id="386574" t="это"><g v="PRCL"></g></l></v><v><l id="386575" t="это"><g v="NPRO"></g><g v="neut"></g><g v="sing"></g><g v="nomn"></g></l></v><v><l id="386575" t="это"><g v="NPRO"></g><g v="neut"></g><g v="sing"></g><g v="accs"></g></l></v><v><l id="386581" t="этот"><g v="ADJF"></g><g v="Subx"></g><g v="Apro"></g><g v="Anph"></g><g v="neut"></g><g v="sing"></g><g v="nomn"></g></l></v><v><l id="386581" t="этот"><g v="ADJF"></g><g v="Subx"></g><g v="Apro"></g><g v="Anph"></g><g v="neut"></g><g v="sing"></g><g v="accs"></g></l></v></tfr></token><token id="711388" text="мошенничество"><tfr rev_id="1543245" t="мошенничество"><v><l id="164503" t="мошенничество"><g v="NOUN"></g><g v="inan"></g><g v="neut"></g><g v="sing"></g><g v="nomn"></g></l></v><v><l id="164503" t="мошенничество"><g v="NOUN"></g><g v="inan"></g><g v="neut"></g><g v="sing"></g><g v="accs"></g></l></v></tfr></token><token id="711389" text="привело"><tfr rev_id="1543246" t="привело"><v><l id="269205" t="привёл"><g v="VERB"></g><g v="perf"></g><g v="tran"></g><g v="neut"></g><g v="sing"></g><g v="past"></g><g v="indc"></g></l></v></tfr></token><token id="711390" text="к"><tfr rev_id="1543247" t="к"><v><l id="127460" t="к"><g v="PREP"></g></l></v></tfr></token><token id="711391" text="тому"><tfr rev_id="4373507" t="тому"><v><l id="348430" t="тот"><g v="ADJF"></g><g v="Subx"></g><g v="Apro"></g><g v="Anph"></g><g v="neut"></g><g v="sing"></g><g v="datv"></g></l></v></tfr></token><token id="711392" text=","><tfr rev_id="1543249" t=","><v><l id="0" t=","><g v="PNCT"></g></l></v></tfr></token><token id="711393" text="что"><tfr rev_id="3197869" t="что"><v><l id="377004" t="что"><g v="CONJ"></g></l></v><v><l id="377005" t="что"><g v="NPRO"></g><g v="neut"></g><g v="sing"></g><g v="nomn"></g></l></v><v><l id="377005" t="что"><g v="NPRO"></g><g v="neut"></g><g v="sing"></g><g v="accs"></g></l></v><v><l id="377006" t="что"><g v="ADVB"></g><g v="Ques"></g></l></v><v><l id="388695" t="что"><g v="PRCL"></g></l></v></tfr></token><token id="711394" text="стали"><tfr rev_id="1715711" t="стали"><v><l id="335164" t="стал"><g v="VERB"></g><g v="perf"></g><g v="intr"></g><g v="plur"></g><g v="past"></g><g v="indc"></g></l></v></tfr></token><token id="711395" text="известными"><tfr rev_id="1543252" t="известными"><v><l id="118144" t="известный"><g v="ADJF"></g><g v="Qual"></g><g v="plur"></g><g v="ablt"></g></l></v></tfr></token><token id="711396" text="номера"><tfr rev_id="3793070" t="номера"><v><l id="192067" t="номер"><g v="NOUN"></g><g v="inan"></g><g v="masc"></g><g v="plur"></g><g v="nomn"></g></l></v></tfr></token><token id="711397" text="телефонов"><tfr rev_id="1543254" t="телефонов"><v><l id="344325" t="телефон"><g v="NOUN"></g><g v="inan"></g><g v="masc"></g><g v="plur"></g><g v="gent"></g></l></v></tfr></token><token id="711398" text="("><tfr rev_id="1543255" t="("><v><l id="0" t="("><g v="PNCT"></g></l></v></tfr></token><token id="711399" text="а"><tfr rev_id="3411423" t="а"><v><l id="51" t="а"><g v="CONJ"></g></l></v></tfr></token><token id="711400" text="также"><tfr rev_id="4267862" t="также"><v><l id="342482" t="также"><g v="PRCL"></g></l></v></tfr></token><token id="711401" text="домашние"><tfr rev_id="4262601" t="домашние"><v><l id="88216" t="домашний"><g v="ADJF"></g><g v="plur"></g><g v="nomn"></g></l></v><v><l id="88216" t="домашний"><g v="ADJF"></g><g v="inan"></g><g v="plur"></g><g v="accs"></g></l></v></tfr></token><token id="711402" text="адреса"><tfr rev_id="3797839" t="адреса"><v><l id="5167" t="адрес"><g v="NOUN"></g><g v="inan"></g><g v="masc"></g><g v="plur"></g><g v="nomn"></g></l></v></tfr></token><token id="711403" text=","><tfr rev_id="1543260" t=","><v><l id="0" t=","><g v="PNCT"></g></l></v></tfr></token><token id="711404" text="дни"><tfr rev_id="3701239" t="дни"><v><l id="81427" t="день"><g v="NOUN"></g><g v="inan"></g><g v="masc"></g><g v="plur"></g><g v="nomn"></g></l></v></tfr></token><token id="711405" text="рождения"><tfr rev_id="3483426" t="рождения"><v><l id="308457" t="рождение"><g v="NOUN"></g><g v="inan"></g><g v="neut"></g><g v="sing"></g><g v="gent"></g></l></v></tfr></token><token id="711406" text=","><tfr rev_id="1543263" t=","><v><l id="0" t=","><g v="PNCT"></g></l></v></tfr></token><token id="711407" text="адреса"><tfr rev_id="3795902" t="адреса"><v><l id="5167" t="адрес"><g v="NOUN"></g><g v="inan"></g><g v="masc"></g><g v="plur"></g><g v="nomn"></g></l></v></tfr></token><token id="711408" text="электронной"><tfr rev_id="4417361" t="электронной"><v><l id="384368" t="электронный"><g v="ADJF"></g><g v="femn"></g><g v="sing"></g><g v="gent"></g></l></v></tfr></token><token id="711409" text="почты"><tfr rev_id="3264262" t="почты"><v><l id="264988" t="почта"><g v="NOUN"></g><g v="inan"></g><g v="femn"></g><g v="sing"></g><g v="gent"></g></l></v></tfr></token><token id="711410" text=")"><tfr rev_id="1543267" t=")"><v><l id="0" t=")"><g v="PNCT"></g></l></v></tfr></token><token id="711411" text="крупных"><tfr rev_id="4357525" t="крупных"><v><l id="143763" t="крупный"><g v="ADJF"></g><g v="Qual"></g><g v="plur"></g><g v="gent"></g></l></v></tfr></token><token id="711412" text="политических"><tfr rev_id="4356153" t="политических"><v><l id="255870" t="политический"><g v="ADJF"></g><g v="plur"></g><g v="gent"></g></l></v></tfr></token><token id="711413" text="деятелей"><tfr rev_id="4459009" t="деятелей"><v><l id="82509" t="деятель"><g v="NOUN"></g><g v="anim"></g><g v="masc"></g><g v="plur"></g><g v="gent"></g></l></v></tfr></token><token id="711414" text="страны"><tfr rev_id="3495661" t="страны"><v><l id="337100" t="страна"><g v="NOUN"></g><g v="inan"></g><g v="femn"></g><g v="sing"></g><g v="gent"></g></l></v></tfr></token><token id="711415" text=","><tfr rev_id="1543272" t=","><v><l id="0" t=","><g v="PNCT"></g></l></v></tfr></token><token id="711416" text="бизнесменов"><tfr rev_id="4098138" t="бизнесменов"><v><l id="29450" t="бизнесмен"><g v="NOUN"></g><g v="anim"></g><g v="masc"></g><g v="plur"></g><g v="gent"></g></l></v></tfr></token><token id="711417" text=","><tfr rev_id="1543274" t=","><v><l id="0" t=","><g v="PNCT"></g></l></v></tfr></token><token id="711418" text="федеральных"><tfr rev_id="4409163" t="федеральных"><v><l id="364933" t="федеральный"><g v="ADJF"></g><g v="plur"></g><g v="gent"></g></l></v></tfr></token><token id="711419" text="и"><tfr rev_id="3557605" t="и"><v><l id="116949" t="и"><g v="CONJ"></g></l></v></tfr></token><token id="711420" text="региональных"><tfr rev_id="2762338" t="региональных"><v><l id="304836" t="региональный"><g v="ADJF"></g><g v="plur"></g><g v="gent"></g></l></v></tfr></token><token id="711421" text="министров"><tfr rev_id="4200103" t="министров"><v><l id="160614" t="министр"><g v="NOUN"></g><g v="anim"></g><g v="masc"></g><g v="plur"></g><g v="gent"></g></l></v></tfr></token><token id="711422" text=","><tfr rev_id="1543279" t=","><v><l id="0" t=","><g v="PNCT"></g></l></v></tfr></token><token id="711423" text="телезвезд"><tfr rev_id="3645372" t="телезвезд"><v><l id="344155" t="телезвезда"><g v="NOUN"></g><g v="anim"></g><g v="femn"></g><g v="plur"></g><g v="gent"></g></l></v></tfr></token><token id="711424" text="."><tfr rev_id="1543281" t="."><v><l id="0" t="."><g v="PNCT"></g></l></v></tfr></token></tokens></sentence><sentence id="40000"><source>Эти данные уже активно продаются в интернете.</source><tokens><token id="711425" text="Эти"><tfr rev_id="4446194" t="Эти"><v><l id="386581" t="этот"><g v="ADJF"></g><g v="Subx"></g><g v="Apro"></g><g v="Anph"></g><g v="plur"></g><g v="nomn"></g></l></v></tfr></token><token id="711426" text="данные"><tfr rev_id="4535614" t="данные"><v><l id="78302" t="данные"><g v="NOUN"></g><g v="inan"></g><g v="GNdr"></g><g v="Pltm"></g><g v="plur"></g><g v="nomn"></g></l></v><v><l id="78302" t="данные"><g v="NOUN"></g><g v="inan"></g><g v="GNdr"></g><g v="Pltm"></g><g v="plur"></g><g v="accs"></g></l></v></tfr></token><token id="711427" text="уже"><tfr rev_id="2692943" t="уже"><v><l id="355422" t="уж"><g v="NOUN"></g><g v="anim"></g><g v="masc"></g><g v="sing"></g><g v="loct"></g></l></v><v><l id="355498" t="уже"><g v="ADVB"></g></l></v><v><l id="355674" t="уже"><g v="COMP"></g><g v="Qual"></g></l></v><v><l id="388673" t="уже"><g v="PRCL"></g></l></v></tfr></token><token id="711428" text="активно"><tfr rev_id="3526780" t="активно"><v><l id="7661" t="активно"><g v="ADVB"></g></l></v></tfr></token><token id="711429" text="продаются"><tfr rev_id="1543286" t="продаются"><v><l id="278918" t="продаюсь"><g v="VERB"></g><g v="impf"></g><g v="intr"></g><g v="plur"></g><g v="3per"></g><g v="pres"></g><g v="indc"></g></l></v></tfr></token><token id="711430" text="в"><tfr rev_id="1543287" t="в"><v><l id="37409" t="в"><g v="PREP"></g></l></v></tfr></token><token id="711431" text="интернете"><tfr rev_id="1543288" t="интернете"><v><l id="123255" t="интернет"><g v="NOUN"></g><g v="inan"></g><g v="masc"></g><g v="sing"></g><g v="loct"></g></l></v></tfr></token><token id="711432" text="."><tfr rev_id="1543289" t="."><v><l id="0" t="."><g v="PNCT"></g></l></v></tfr></token></tokens></sentence><sentence id="40001"><source>Службы безопасности Германии подняты на ноги и проводят операции по пресечению продажи похищенных данных и поимке преступников.</source><tokens><token id="711433" text="Службы"><tfr rev_id="3805525" t="Службы"><v><l id="325377" t="служба"><g v="NOUN"></g><g v="inan"></g><g v="femn"></g><g v="plur"></g><g v="nomn"></g></l></v></tfr></token><token id="711434" text="безопасности"><tfr rev_id="4179480" t="безопасности"><v><l id="26215" t="безопасность"><g v="NOUN"></g><g v="inan"></g><g v="femn"></g><g v="sing"></g><g v="gent"></g></l></v></tfr></token><token id="711435" text="Германии"><tfr rev_id="4178343" t="Германии"><v><l id="69099" t="германия"><g v="NOUN"></g><g v="inan"></g><g v="femn"></g><g v="Sgtm"></g><g v="Geox"></g><g v="sing"></g><g v="gent"></g></l></v></tfr></token><token id="711436" text="подняты"><tfr rev_id="1543293" t="подняты"><v><l id="248250" t="поднят"><g v="PRTS"></g><g v="perf"></g><g v="past"></g><g v="pssv"></g><g v="plur"></g></l></v></tfr></token><token id="711437" text="на"><tfr rev_id="3341125" t="на"><v><l id="166264" t="на"><g v="PREP"></g></l></v></tfr></token><token id="711438" text="ноги"><tfr rev_id="3805139" t="ноги"><v><l id="191924" t="нога"><g v="NOUN"></g><g v="inan"></g><g v="femn"></g><g v="plur"></g><g v="accs"></g></l></v></tfr></token><token id="711439" text="и"><tfr rev_id="1543296" t="и"><v><l id="116949" t="и"><g v="CONJ"></g></l></v><v><l id="116950" t="и"><g v="INTJ"></g></l></v></tfr></token><token id="711440" text="проводят"><tfr rev_id="1543297" t="проводят"><v><l id="278002" t="провожу"><g v="VERB"></g><g v="impf"></g><g v="tran"></g><g v="plur"></g><g v="3per"></g><g v="pres"></g><g v="indc"></g></l></v><v><l id="278009" t="проводил"><g v="VERB"></g><g v="perf"></g><g v="tran"></g><g v="plur"></g><g v="3per"></g><g v="futr"></g><g v="indc"></g></l></v></tfr></token><token id="711441" text="операции"><tfr rev_id="3766551" t="операции"><v><l id="206957" t="операция"><g v="NOUN"></g><g v="inan"></g><g v="femn"></g><g v="plur"></g><g v="accs"></g></l></v></tfr></token><token id="711442" text="по"><tfr rev_id="1543299" t="по"><v><l id="241240" t="по"><g v="PREP"></g></l></v></tfr></token><token id="711443" text="пресечению"><tfr rev_id="1543300" t="пресечению"><v><l id="268163" t="пресечение"><g v="NOUN"></g><g v="inan"></g><g v="neut"></g><g v="sing"></g><g v="datv"></g></l></v></tfr></token><token id="711444" text="продажи"><tfr rev_id="3489795" t="продажи"><v><l id="278949" t="продажа"><g v="NOUN"></g><g v="inan"></g><g v="femn"></g><g v="sing"></g><g v="gent"></g></l></v></tfr></token><token id="711445" text="похищенных"><tfr rev_id="4427173" t="похищенных"><v><l id="264241" t="похищенный"><g v="PRTF"></g><g v="perf"></g><g v="tran"></g><g v="past"></g><g v="pssv"></g><g v="plur"></g><g v="gent"></g></l></v></tfr></token><token id="711446" text="данных"><tfr rev_id="4576653" t="данных"><v><l id="78302" t="данные"><g v="NOUN"></g><g v="inan"></g><g v="GNdr"></g><g v="Pltm"></g><g v="plur"></g><g v="gent"></g></l></v><v><l id="78302" t="данные"><g v="NOUN"></g><g v="inan"></g><g v="GNdr"></g><g v="Pltm"></g><g v="plur"></g><g v="loct"></g></l></v></tfr></token><token id="711447" text="и"><tfr rev_id="1543304" t="и"><v><l id="116949" t="и"><g v="CONJ"></g></l></v><v><l id="116950" t="и"><g v="INTJ"></g></l></v></tfr></token><token id="711448" text="поимке"><tfr rev_id="3447291" t="поимке"><v><l id="253862" t="поимка"><g v="NOUN"></g><g v="inan"></g><g v="femn"></g><g v="sing"></g><g v="datv"></g></l></v></tfr></token><token id="711449" text="преступников"><tfr rev_id="4096578" t="преступников"><v><l id="268346" t="преступник"><g v="NOUN"></g><g v="anim"></g><g v="masc"></g><g v="plur"></g><g v="gent"></g></l></v></tfr></token><token id="711450" text="."><tfr rev_id="1543307" t="."><v><l id="0" t="."><g v="PNCT"></g></l></v></tfr></token></tokens></sentence></paragraph><paragraph id="12877"><sentence id="40002"><source>Ясно, что этот скандал затрагивает интересы объединённой Европы.</source><tokens><token id="711451" text="Ясно"><tfr rev_id="3709854" t="Ясно"><v><l id="388260" t="ясно"><g v="ADVB"></g><g v="Prdx"></g></l></v></tfr></token><token id="711452" text=","><tfr rev_id="1543309" t=","><v><l id="0" t=","><g v="PNCT"></g></l></v></tfr></token><token id="711453" text="что"><tfr rev_id="3197870" t="что"><v><l id="377004" t="что"><g v="CONJ"></g></l></v><v><l id="377005" t="что"><g v="NPRO"></g><g v="neut"></g><g v="sing"></g><g v="nomn"></g></l></v><v><l id="377005" t="что"><g v="NPRO"></g><g v="neut"></g><g v="sing"></g><g v="accs"></g></l></v><v><l id="377006" t="что"><g v="ADVB"></g><g v="Ques"></g></l></v><v><l id="388695" t="что"><g v="PRCL"></g></l></v></tfr></token><token id="711454" text="этот"><tfr rev_id="4432164" t="этот"><v><l id="386581" t="этот"><g v="ADJF"></g><g v="Subx"></g><g v="Apro"></g><g v="Anph"></g><g v="masc"></g><g v="sing"></g><g v="nomn"></g></l></v><v><l id="386581" t="этот"><g v="ADJF"></g><g v="Subx"></g><g v="Apro"></g><g v="Anph"></g><g v="inan"></g><g v="masc"></g><g v="sing"></g><g v="accs"></g></l></v></tfr></token><token id="711455" text="скандал"><tfr rev_id="1543312" t="скандал"><v><l id="321718" t="скандал"><g v="NOUN"></g><g v="inan"></g><g v="masc"></g><g v="sing"></g><g v="nomn"></g></l></v><v><l id="321718" t="скандал"><g v="NOUN"></g><g v="inan"></g><g v="masc"></g><g v="sing"></g><g v="accs"></g></l></v></tfr></token><token id="711456" text="затрагивает"><tfr rev_id="1543313" t="затрагивает"><v><l id="111877" t="затрагиваю"><g v="VERB"></g><g v="impf"></g><g v="tran"></g><g v="sing"></g><g v="3per"></g><g v="pres"></g><g v="indc"></g></l></v></tfr></token><token id="711457" text="интересы"><tfr rev_id="3748057" t="интересы"><v><l id="123163" t="интерес"><g v="NOUN"></g><g v="inan"></g><g v="masc"></g><g v="plur"></g><g v="accs"></g></l></v></tfr></token><token id="711458" text="объединённой"><tfr rev_id="4342033" t="объединённой"><v><l id="201759" t="объединённый"><g v="PRTF"></g><g v="perf"></g><g v="tran"></g><g v="past"></g><g v="pssv"></g><g v="femn"></g><g v="sing"></g><g v="gent"></g></l></v></tfr></token><token id="711459" text="Европы"><tfr rev_id="1543316" t="Европы"><v><l id="94019" t="европа"><g v="NOUN"></g><g v="inan"></g><g v="femn"></g><g v="Sgtm"></g><g v="Geox"></g><g v="sing"></g><g v="gent"></g></l></v></tfr></token><token id="711460" text="."><tfr rev_id="1543317" t="."><v><l id="0" t="."><g v="PNCT"></g></l></v></tfr></token></tokens></sentence><sentence id="40003"><source>Уже не однажды в Германии разгораются крупные скандалы, связанные с махинациями не только мелких мошенников, но и высокопоставленных чиновников.</source><tokens><token id="711461" text="Уже"><tfr rev_id="2692944" t="Уже"><v><l id="355422" t="уж"><g v="NOUN"></g><g v="anim"></g><g v="masc"></g><g v="sing"></g><g v="loct"></g></l></v><v><l id="355498" t="уже"><g v="ADVB"></g></l></v><v><l id="355674" t="уже"><g v="COMP"></g><g v="Qual"></g></l></v><v><l id="388673" t="уже"><g v="PRCL"></g></l></v></tfr></token><token id="711462" text="не"><tfr rev_id="1543319" t="не"><v><l id="178876" t="не"><g v="PRCL"></g></l></v></tfr></token><token id="711463" text="однажды"><tfr rev_id="1543320" t="однажды"><v><l id="203385" t="однажды"><g v="ADVB"></g></l></v></tfr></token><token id="711464" text="в"><tfr rev_id="1543321" t="в"><v><l id="37409" t="в"><g v="PREP"></g></l></v></tfr></token><token id="711465" text="Германии"><tfr rev_id="4289079" t="Германии"><v><l id="69099" t="германия"><g v="NOUN"></g><g v="inan"></g><g v="femn"></g><g v="Sgtm"></g><g v="Geox"></g><g v="sing"></g><g v="loct"></g></l></v></tfr></token><token id="711466" text="разгораются"><tfr rev_id="1543323" t="разгораются"><v><l id="293077" t="разгораюсь"><g v="VERB"></g><g v="impf"></g><g v="intr"></g><g v="plur"></g><g v="3per"></g><g v="pres"></g><g v="indc"></g></l></v></tfr></token><token id="711467" text="крупные"><tfr rev_id="3818882" t="крупные"><v><l id="143763" t="крупный"><g v="ADJF"></g><g v="Qual"></g><g v="plur"></g><g v="nomn"></g></l></v></tfr></token><token id="711468" text="скандалы"><tfr rev_id="3409737" t="скандалы"><v><l id="321718" t="скандал"><g v="NOUN"></g><g v="inan"></g><g v="masc"></g><g v="plur"></g><g v="nomn"></g></l></v></tfr></token><token id="711469" text=","><tfr rev_id="1543326" t=","><v><l id="0" t=","><g v="PNCT"></g></l></v></tfr></token><token id="711470" text="связанные"><tfr rev_id="1543327" t="связанные"><v><l id="316527" t="связанный"><g v="ADJF"></g><g v="Qual"></g><g v="plur"></g><g v="nomn"></g></l></v><v><l id="316527" t="связанный"><g v="ADJF"></g><g v="Qual"></g><g v="inan"></g><g v="plur"></g><g v="accs"></g></l></v><v><l id="316533" t="связанный"><g v="PRTF"></g><g v="perf"></g><g v="tran"></g><g v="past"></g><g v="pssv"></g><g v="plur"></g><g v="nomn"></g></l></v><v><l id="316533" t="связанный"><g v="PRTF"></g><g v="perf"></g><g v="tran"></g><g v="past"></g><g v="pssv"></g><g v="inan"></g><g v="plur"></g><g v="accs"></g></l></v></tfr></token><token id="711471" text="с"><tfr rev_id="1543328" t="с"><v><l id="311151" t="с"><g v="PREP"></g></l></v></tfr></token><token id="711472" text="махинациями"><tfr rev_id="1543329" t="махинациями"><v><l id="156550" t="махинация"><g v="NOUN"></g><g v="inan"></g><g v="femn"></g><g v="plur"></g><g v="ablt"></g></l></v></tfr></token><token id="711473" text="не"><tfr rev_id="1543330" t="не"><v><l id="178876" t="не"><g v="PRCL"></g></l></v></tfr></token><token id="711474" text="только"><tfr rev_id="3784236" t="только"><v><l id="347395" t="только"><g v="CONJ"></g></l></v><v><l id="347396" t="только"><g v="PRCL"></g></l></v><v><l id="390053" t="только"><g v="ADVB"></g></l></v></tfr></token><token id="711475" text="мелких"><tfr rev_id="4349650" t="мелких"><v><l id="157961" t="мелкий"><g v="ADJF"></g><g v="Qual"></g><g v="plur"></g><g v="gent"></g></l></v></tfr></token><token id="711476" text="мошенников"><tfr rev_id="4382663" t="мошенников"><v><l id="164495" t="мошенник"><g v="NOUN"></g><g v="anim"></g><g v="masc"></g><g v="plur"></g><g v="gent"></g></l></v></tfr></token><token id="711477" text=","><tfr rev_id="1543334" t=","><v><l id="0" t=","><g v="PNCT"></g></l></v></tfr></token><token id="711478" text="но"><tfr rev_id="4199937" t="но"><v><l id="191429" t="но"><g v="CONJ"></g></l></v></tfr></token><token id="711479" text="и"><tfr rev_id="1543336" t="и"><v><l id="116949" t="и"><g v="CONJ"></g></l></v><v><l id="116950" t="и"><g v="INTJ"></g></l></v></tfr></token><token id="711480" text="высокопоставленных"><tfr rev_id="1543337" t="высокопоставленных"><v><l id="62325" t="высокопоставленный"><g v="ADJF"></g><g v="plur"></g><g v="gent"></g></l></v><v><l id="62325" t="высокопоставленный"><g v="ADJF"></g><g v="anim"></g><g v="plur"></g><g v="accs"></g></l></v><v><l id="62325" t="высокопоставленный"><g v="ADJF"></g><g v="plur"></g><g v="loct"></g></l></v></tfr></token><token id="711481" text="чиновников"><tfr rev_id="4383007" t="чиновников"><v><l id="376482" t="чиновник"><g v="NOUN"></g><g v="anim"></g><g v="masc"></g><g v="plur"></g><g v="gent"></g></l></v></tfr></token><token id="711482" text="."><tfr rev_id="1543339" t="."><v><l id="0" t="."><g v="PNCT"></g></l></v></tfr></token></tokens></sentence><sentence id="40004"><source>На карту вновь поставлен престиж Германии, как одной из ведущих государств в Западной Европе.</source><tokens><token id="711483" text="На"><tfr rev_id="3334971" t="На"><v><l id="166264" t="на"><g v="PREP"></g></l></v></tfr></token><token id="711484" text="карту"><tfr rev_id="1543341" t="карту"><v><l id="130719" t="карта"><g v="NOUN"></g><g v="inan"></g><g v="femn"></g><g v="sing"></g><g v="accs"></g></l></v></tfr></token><token id="711485" text="вновь"><tfr rev_id="1543342" t="вновь"><v><l id="47640" t="вновь"><g v="ADVB"></g></l></v></tfr></token><token id="711486" text="поставлен"><tfr rev_id="1543343" t="поставлен"><v><l id="262092" t="поставлен"><g v="PRTS"></g><g v="perf"></g><g v="past"></g><g v="pssv"></g><g v="masc"></g><g v="sing"></g></l></v></tfr></token><token id="711487" text="престиж"><tfr rev_id="4105235" t="престиж"><v><l id="268310" t="престиж"><g v="NOUN"></g><g v="inan"></g><g v="masc"></g><g v="sing"></g><g v="nomn"></g></l></v></tfr></token><token id="711488" text="Германии"><tfr rev_id="3887843" t="Германии"><v><l id="69099" t="германия"><g v="NOUN"></g><g v="inan"></g><g v="femn"></g><g v="Sgtm"></g><g v="Geox"></g><g v="sing"></g><g v="gent"></g></l></v></tfr></token><token id="711489" text=","><tfr rev_id="1543346" t=","><v><l id="0" t=","><g v="PNCT"></g></l></v></tfr></token><token id="711490" text="как"><tfr rev_id="1543347" t="как"><v><l id="128190" t="как"><g v="CONJ"></g></l></v><v><l id="128191" t="как"><g v="PRCL"></g></l></v><v><l id="128192" t="как"><g v="ADVB"></g><g v="Ques"></g></l></v></tfr></token><token id="711491" text="одной"><tfr rev_id="4302373" t="одной"><v><l id="203319" t="один"><g v="ADJF"></g><g v="Apro"></g><g v="Anum"></g><g v="femn"></g><g v="sing"></g><g v="gent"></g></l></v></tfr></token><token id="711492" text="из"><tfr rev_id="2604190" t="из"><v><l id="117677" t="из"><g v="PREP"></g></l></v></tfr></token><token id="711493" text="ведущих"><tfr rev_id="1543350" t="ведущих"><v><l id="40370" t="ведущий"><g v="ADJF"></g><g v="Subx"></g><g v="plur"></g><g v="gent"></g></l></v><v><l id="40370" t="ведущий"><g v="ADJF"></g><g v="Subx"></g><g v="anim"></g><g v="plur"></g><g v="accs"></g></l></v><v><l id="40370" t="ведущий"><g v="ADJF"></g><g v="Subx"></g><g v="plur"></g><g v="loct"></g></l></v><v><l id="42112" t="ведущий"><g v="PRTF"></g><g v="Subx"></g><g v="impf"></g><g v="tran"></g><g v="pres"></g><g v="actv"></g><g v="plur"></g><g v="gent"></g></l></v><v><l id="42112" t="ведущий"><g v="PRTF"></g><g v="Subx"></g><g v="impf"></g><g v="tran"></g><g v="pres"></g><g v="actv"></g><g v="anim"></g><g v="plur"></g><g v="accs"></g></l></v><v><l id="42112" t="ведущий"><g v="PRTF"></g><g v="Subx"></g><g v="impf"></g><g v="tran"></g><g v="pres"></g><g v="actv"></g><g v="plur"></g><g v="loct"></g></l></v></tfr></token><token id="711494" text="государств"><tfr rev_id="1543351" t="государств"><v><l id="74164" t="государство"><g v="NOUN"></g><g v="inan"></g><g v="neut"></g><g v="plur"></g><g v="gent"></g></l></v></tfr></token><token id="711495" text="в"><tfr rev_id="1543352" t="в"><v><l id="37409" t="в"><g v="PREP"></g></l></v></tfr></token><token id="711496" text="Западной"><tfr rev_id="4095135" t="Западной"><v><l id="106682" t="западный"><g v="ADJF"></g><g v="Qual"></g><g v="femn"></g><g v="sing"></g><g v="loct"></g></l></v></tfr></token><token id="711497" text="Европе"><tfr rev_id="3550901" t="Европе"><v><l id="94019" t="европа"><g v="NOUN"></g><g v="inan"></g><g v="femn"></g><g v="Sgtm"></g><g v="Geox"></g><g v="sing"></g><g v="loct"></g></l></v></tfr></token><token id="711498" text="."><tfr rev_id="1543355" t="."><v><l id="0" t="."><g v="PNCT"></g></l></v></tfr></token></tokens></sentence></paragraph></paragraphs></text>