<?xml version="1.0" encoding="utf-8"?><text id="1435" parent="56" name="В Евфрате почти не осталось воды"><tags><tag>Автор:http://ru.wikinews.org/wiki/Участник:Ruslik0</tag><tag>Дата:14/07</tag><tag>Год:2009</tag><tag>Гео:ВикиКатегория:Ирак</tag><tag>Тема:ВикиКатегория:Экология</tag><tag>Тема:ВикиКатегория:Экономика</tag><tag>url:http://ru.wikinews.org/w/index.php?title=В_Евфрате_почти_не_осталось_воды&amp;oldid=59576</tag></tags><paragraphs><paragraph id="12919"><sentence id="40133"><source>Вторая по величине река в Ираке — Евфрат наполовину пересохла.</source><tokens><token id="714269" text="Вторая"><tfr rev_id="1546125" t="Вторая"><v><l id="55043" t="второй"><g v="ADJF"></g><g v="Anum"></g><g v="femn"></g><g v="sing"></g><g v="nomn"></g></l></v></tfr></token><token id="714270" text="по"><tfr rev_id="1546126" t="по"><v><l id="241240" t="по"><g v="PREP"></g></l></v></tfr></token><token id="714271" text="величине"><tfr rev_id="3472026" t="величине"><v><l id="40744" t="величина"><g v="NOUN"></g><g v="inan"></g><g v="femn"></g><g v="sing"></g><g v="datv"></g></l></v></tfr></token><token id="714272" text="река"><tfr rev_id="1546128" t="река"><v><l id="305624" t="река"><g v="NOUN"></g><g v="inan"></g><g v="femn"></g><g v="sing"></g><g v="nomn"></g></l></v></tfr></token><token id="714273" text="в"><tfr rev_id="1546129" t="в"><v><l id="37409" t="в"><g v="PREP"></g></l></v></tfr></token><token id="714274" text="Ираке"><tfr rev_id="1546130" t="Ираке"><v><l id="123896" t="ирак"><g v="NOUN"></g><g v="inan"></g><g v="masc"></g><g v="Geox"></g><g v="sing"></g><g v="loct"></g></l></v></tfr></token><token id="714275" text="—"><tfr rev_id="2447706" t="—"><v><l id="0" t="—"><g v="PNCT"></g></l></v></tfr></token><token id="714276" text="Евфрат"><tfr rev_id="3710467" t="Евфрат"><v><l id="94171" t="евфрат"><g v="NOUN"></g><g v="inan"></g><g v="masc"></g><g v="Geox"></g><g v="sing"></g><g v="nomn"></g></l></v></tfr></token><token id="714277" text="наполовину"><tfr rev_id="1546133" t="наполовину"><v><l id="173838" t="наполовину"><g v="ADVB"></g></l></v></tfr></token><token id="714278" text="пересохла"><tfr rev_id="4577177" t="пересохла"><v><l id="234494" t="пересох"><g v="VERB"></g><g v="perf"></g><g v="intr"></g><g v="femn"></g><g v="sing"></g><g v="past"></g><g v="indc"></g></l></v></tfr></token><token id="714279" text="."><tfr rev_id="1546135" t="."><v><l id="0" t="."><g v="PNCT"></g></l></v></tfr></token></tokens></sentence><sentence id="40134"><source>Это произошло из-за продолжающейся вот уже два года засухи, а также из-за увеличившегося забора воды в соседних с Ираком странах — Турции и Сирия.</source><tokens><token id="714280" text="Это"><tfr rev_id="4441916" t="Это"><v><l id="386574" t="это"><g v="PRCL"></g></l></v><v><l id="386575" t="это"><g v="NPRO"></g><g v="neut"></g><g v="sing"></g><g v="nomn"></g></l></v><v><l id="386575" t="это"><g v="NPRO"></g><g v="neut"></g><g v="sing"></g><g v="accs"></g></l></v><v><l id="386581" t="этот"><g v="ADJF"></g><g v="Subx"></g><g v="Apro"></g><g v="Anph"></g><g v="neut"></g><g v="sing"></g><g v="nomn"></g></l></v><v><l id="386581" t="этот"><g v="ADJF"></g><g v="Subx"></g><g v="Apro"></g><g v="Anph"></g><g v="neut"></g><g v="sing"></g><g v="accs"></g></l></v></tfr></token><token id="714281" text="произошло"><tfr rev_id="1546137" t="произошло"><v><l id="280162" t="произошёл"><g v="VERB"></g><g v="perf"></g><g v="intr"></g><g v="neut"></g><g v="sing"></g><g v="past"></g><g v="indc"></g></l></v></tfr></token><token id="714282" text="из-за"><tfr rev_id="1546138" t="из-за"><v><l id="117678" t="из-за"><g v="PREP"></g></l></v></tfr></token><token id="714283" text="продолжающейся"><tfr rev_id="4342050" t="продолжающейся"><v><l id="279224" t="продолжающийся"><g v="PRTF"></g><g v="impf"></g><g v="intr"></g><g v="pres"></g><g v="actv"></g><g v="femn"></g><g v="sing"></g><g v="gent"></g></l></v></tfr></token><token id="714284" text="вот"><tfr rev_id="3363445" t="вот"><v><l id="52157" t="вот"><g v="PRCL"></g></l></v></tfr></token><token id="714285" text="уже"><tfr rev_id="2692949" t="уже"><v><l id="355422" t="уж"><g v="NOUN"></g><g v="anim"></g><g v="masc"></g><g v="sing"></g><g v="loct"></g></l></v><v><l id="355498" t="уже"><g v="ADVB"></g></l></v><v><l id="355674" t="уже"><g v="COMP"></g><g v="Qual"></g></l></v><v><l id="388673" t="уже"><g v="PRCL"></g></l></v></tfr></token><token id="714286" text="два"><tfr rev_id="4450492" t="два"><v><l id="78668" t="два"><g v="NUMR"></g><g v="masc"></g><g v="nomn"></g></l></v><v><l id="78668" t="два"><g v="NUMR"></g><g v="inan"></g><g v="masc"></g><g v="accs"></g></l></v><v><l id="78668" t="два"><g v="NUMR"></g><g v="neut"></g><g v="nomn"></g></l></v><v><l id="78668" t="два"><g v="NUMR"></g><g v="inan"></g><g v="neut"></g><g v="accs"></g></l></v></tfr></token><token id="714287" text="года"><tfr rev_id="3415611" t="года"><v><l id="72149" t="год"><g v="NOUN"></g><g v="inan"></g><g v="masc"></g><g v="sing"></g><g v="gen1"></g></l></v></tfr></token><token id="714288" text="засухи"><tfr rev_id="3450502" t="засухи"><v><l id="110840" t="засуха"><g v="NOUN"></g><g v="inan"></g><g v="femn"></g><g v="sing"></g><g v="gent"></g></l></v></tfr></token><token id="714289" text=","><tfr rev_id="1546145" t=","><v><l id="0" t=","><g v="PNCT"></g></l></v></tfr></token><token id="714290" text="а"><tfr rev_id="1546146" t="а"><v><l id="51" t="а"><g v="CONJ"></g></l></v><v><l id="52" t="а"><g v="INTJ"></g></l></v><v><l id="53" t="а"><g v="PRCL"></g></l></v></tfr></token><token id="714291" text="также"><tfr rev_id="4267870" t="также"><v><l id="342482" t="также"><g v="PRCL"></g></l></v></tfr></token><token id="714292" text="из-за"><tfr rev_id="1546148" t="из-за"><v><l id="117678" t="из-за"><g v="PREP"></g></l></v></tfr></token><token id="714293" text="увеличившегося"><tfr rev_id="3443285" t="увеличившегося"><v><l id="353404" t="увеличившийся"><g v="PRTF"></g><g v="perf"></g><g v="intr"></g><g v="past"></g><g v="actv"></g><g v="masc"></g><g v="sing"></g><g v="gent"></g></l></v><v><l id="353404" t="увеличившийся"><g v="PRTF"></g><g v="perf"></g><g v="intr"></g><g v="past"></g><g v="actv"></g><g v="anim"></g><g v="masc"></g><g v="sing"></g><g v="accs"></g></l></v></tfr></token><token id="714294" text="забора"><tfr rev_id="1546150" t="забора"><v><l id="98757" t="забор"><g v="NOUN"></g><g v="inan"></g><g v="masc"></g><g v="sing"></g><g v="gent"></g></l></v></tfr></token><token id="714295" text="воды"><tfr rev_id="3264118" t="воды"><v><l id="48014" t="вода"><g v="NOUN"></g><g v="inan"></g><g v="femn"></g><g v="sing"></g><g v="gent"></g></l></v></tfr></token><token id="714296" text="в"><tfr rev_id="1546152" t="в"><v><l id="37409" t="в"><g v="PREP"></g></l></v></tfr></token><token id="714297" text="соседних"><tfr rev_id="4403177" t="соседних"><v><l id="330239" t="соседний"><g v="ADJF"></g><g v="plur"></g><g v="loct"></g></l></v></tfr></token><token id="714298" text="с"><tfr rev_id="1546154" t="с"><v><l id="311151" t="с"><g v="PREP"></g></l></v></tfr></token><token id="714299" text="Ираком"><tfr rev_id="1546155" t="Ираком"><v><l id="123896" t="ирак"><g v="NOUN"></g><g v="inan"></g><g v="masc"></g><g v="Geox"></g><g v="sing"></g><g v="ablt"></g></l></v></tfr></token><token id="714300" text="странах"><tfr rev_id="1546156" t="странах"><v><l id="337100" t="страна"><g v="NOUN"></g><g v="inan"></g><g v="femn"></g><g v="plur"></g><g v="loct"></g></l></v></tfr></token><token id="714301" text="—"><tfr rev_id="2447707" t="—"><v><l id="0" t="—"><g v="PNCT"></g></l></v></tfr></token><token id="714302" text="Турции"><tfr rev_id="2627748" t="Турции"><v><l id="351881" t="турция"><g v="NOUN"></g><g v="inan"></g><g v="femn"></g><g v="Sgtm"></g><g v="Geox"></g><g v="sing"></g><g v="loct"></g></l></v></tfr></token><token id="714303" text="и"><tfr rev_id="1546159" t="и"><v><l id="116949" t="и"><g v="CONJ"></g></l></v><v><l id="116950" t="и"><g v="INTJ"></g></l></v></tfr></token><token id="714304" text="Сирия"><tfr rev_id="1546160" t="Сирия"><v><l id="321288" t="сирия"><g v="NOUN"></g><g v="inan"></g><g v="femn"></g><g v="Sgtm"></g><g v="Geox"></g><g v="sing"></g><g v="nomn"></g></l></v></tfr></token><token id="714305" text="."><tfr rev_id="1546161" t="."><v><l id="0" t="."><g v="PNCT"></g></l></v></tfr></token></tokens></sentence><sentence id="40135"><source>(Евфрат начинается в Турции и далее течет через Сирию прежде, чем попадает в Ирак.)</source><tokens><token id="714306" text="("><tfr rev_id="1546162" t="("><v><l id="0" t="("><g v="PNCT"></g></l></v></tfr></token><token id="714307" text="Евфрат"><tfr rev_id="1546163" t="Евфрат"><v><l id="94171" t="евфрат"><g v="NOUN"></g><g v="inan"></g><g v="masc"></g><g v="Geox"></g><g v="sing"></g><g v="nomn"></g></l></v><v><l id="94171" t="евфрат"><g v="NOUN"></g><g v="inan"></g><g v="masc"></g><g v="Geox"></g><g v="sing"></g><g v="accs"></g></l></v></tfr></token><token id="714308" text="начинается"><tfr rev_id="1546164" t="начинается"><v><l id="178347" t="начинаюсь"><g v="VERB"></g><g v="impf"></g><g v="intr"></g><g v="sing"></g><g v="3per"></g><g v="pres"></g><g v="indc"></g></l></v></tfr></token><token id="714309" text="в"><tfr rev_id="1546165" t="в"><v><l id="37409" t="в"><g v="PREP"></g></l></v></tfr></token><token id="714310" text="Турции"><tfr rev_id="2934790" t="Турции"><v><l id="351881" t="турция"><g v="NOUN"></g><g v="inan"></g><g v="femn"></g><g v="Sgtm"></g><g v="Geox"></g><g v="sing"></g><g v="loct"></g></l></v></tfr></token><token id="714311" text="и"><tfr rev_id="1546167" t="и"><v><l id="116949" t="и"><g v="CONJ"></g></l></v><v><l id="116950" t="и"><g v="INTJ"></g></l></v></tfr></token><token id="714312" text="далее"><tfr rev_id="1546168" t="далее"><v><l id="77935" t="далее"><g v="ADVB"></g></l></v></tfr></token><token id="714313" text="течет"><tfr rev_id="1546169" t="течет"><v><l id="346012" t="теку"><g v="VERB"></g><g v="impf"></g><g v="intr"></g><g v="sing"></g><g v="3per"></g><g v="pres"></g><g v="indc"></g></l></v></tfr></token><token id="714314" text="через"><tfr rev_id="1546170" t="через"><v><l id="375333" t="через"><g v="PREP"></g></l></v></tfr></token><token id="714315" text="Сирию"><tfr rev_id="1546171" t="Сирию"><v><l id="321288" t="сирия"><g v="NOUN"></g><g v="inan"></g><g v="femn"></g><g v="Sgtm"></g><g v="Geox"></g><g v="sing"></g><g v="accs"></g></l></v></tfr></token><token id="714316" text="прежде"><tfr rev_id="4485539" t="прежде"><v><l id="267401" t="прежде"><g v="ADVB"></g></l></v></tfr></token><token id="714317" text=","><tfr rev_id="1546173" t=","><v><l id="0" t=","><g v="PNCT"></g></l></v></tfr></token><token id="714318" text="чем"><tfr rev_id="4285017" t="чем"><v><l id="375161" t="чем"><g v="CONJ"></g></l></v></tfr></token><token id="714319" text="попадает"><tfr rev_id="1546175" t="попадает"><v><l id="258942" t="попадаю"><g v="VERB"></g><g v="impf"></g><g v="intr"></g><g v="sing"></g><g v="3per"></g><g v="pres"></g><g v="indc"></g></l></v><v><l id="258947" t="попадал"><g v="VERB"></g><g v="perf"></g><g v="intr"></g><g v="sing"></g><g v="3per"></g><g v="futr"></g><g v="indc"></g></l></v></tfr></token><token id="714320" text="в"><tfr rev_id="1546176" t="в"><v><l id="37409" t="в"><g v="PREP"></g></l></v></tfr></token><token id="714321" text="Ирак"><tfr rev_id="4099224" t="Ирак"><v><l id="123896" t="ирак"><g v="NOUN"></g><g v="inan"></g><g v="masc"></g><g v="Geox"></g><g v="sing"></g><g v="accs"></g></l></v></tfr></token><token id="714322" text="."><tfr rev_id="1546178" t="."><v><l id="0" t="."><g v="PNCT"></g></l></v></tfr></token><token id="714323" text=")"><tfr rev_id="1546179" t=")"><v><l id="0" t=")"><g v="PNCT"></g></l></v></tfr></token></tokens></sentence><sentence id="40136"><source>Свой вклад в обмеление великой реки, которая вскормила месопотамскую цивилизацию в прошлом, вносит и нерациональное использование воды в самом Ираке — большое количество воды уходит в землю или испаряется из каналов оросительной системы не доходя до полей.</source><tokens><token id="714324" text="Свой"><tfr rev_id="3629900" t="Свой"><v><l id="316379" t="свой"><g v="ADJF"></g><g v="Apro"></g><g v="Anph"></g><g v="masc"></g><g v="sing"></g><g v="nomn"></g></l></v><v><l id="316379" t="свой"><g v="ADJF"></g><g v="Apro"></g><g v="Anph"></g><g v="inan"></g><g v="masc"></g><g v="sing"></g><g v="accs"></g></l></v></tfr></token><token id="714325" text="вклад"><tfr rev_id="1546181" t="вклад"><v><l id="46109" t="вклад"><g v="NOUN"></g><g v="inan"></g><g v="masc"></g><g v="sing"></g><g v="nomn"></g></l></v><v><l id="46109" t="вклад"><g v="NOUN"></g><g v="inan"></g><g v="masc"></g><g v="sing"></g><g v="accs"></g></l></v></tfr></token><token id="714326" text="в"><tfr rev_id="1546182" t="в"><v><l id="37409" t="в"><g v="PREP"></g></l></v></tfr></token><token id="714327" text="обмеление"><tfr rev_id="1546183" t="обмеление"><v><l id="197121" t="обмеление"><g v="NOUN"></g><g v="inan"></g><g v="neut"></g><g v="sing"></g><g v="nomn"></g></l></v><v><l id="197121" t="обмеление"><g v="NOUN"></g><g v="inan"></g><g v="neut"></g><g v="sing"></g><g v="accs"></g></l></v></tfr></token><token id="714328" text="великой"><tfr rev_id="4173111" t="великой"><v><l id="40614" t="великий"><g v="ADJF"></g><g v="femn"></g><g v="sing"></g><g v="gent"></g></l></v></tfr></token><token id="714329" text="реки"><tfr rev_id="3450499" t="реки"><v><l id="305624" t="река"><g v="NOUN"></g><g v="inan"></g><g v="femn"></g><g v="sing"></g><g v="gent"></g></l></v></tfr></token><token id="714330" text=","><tfr rev_id="1546186" t=","><v><l id="0" t=","><g v="PNCT"></g></l></v></tfr></token><token id="714331" text="которая"><tfr rev_id="3639870" t="которая"><v><l id="141203" t="который"><g v="ADJF"></g><g v="Apro"></g><g v="Subx"></g><g v="Anph"></g><g v="femn"></g><g v="sing"></g><g v="nomn"></g></l></v></tfr></token><token id="714332" text="вскормила"><tfr rev_id="1546188" t="вскормила"><v><l id="53850" t="вскормил"><g v="VERB"></g><g v="perf"></g><g v="tran"></g><g v="femn"></g><g v="sing"></g><g v="past"></g><g v="indc"></g></l></v></tfr></token><token id="714333" text="месопотамскую"><tfr rev_id="1546189" t="месопотамскую"><v><l id="158772" t="месопотамский"><g v="ADJF"></g><g v="femn"></g><g v="sing"></g><g v="accs"></g></l></v></tfr></token><token id="714334" text="цивилизацию"><tfr rev_id="1546190" t="цивилизацию"><v><l id="373767" t="цивилизация"><g v="NOUN"></g><g v="inan"></g><g v="femn"></g><g v="sing"></g><g v="accs"></g></l></v></tfr></token><token id="714335" text="в"><tfr rev_id="1546191" t="в"><v><l id="37409" t="в"><g v="PREP"></g></l></v></tfr></token><token id="714336" text="прошлом"><tfr rev_id="4235243" t="прошлом"><v><l id="287714" t="прошлое"><g v="NOUN"></g><g v="inan"></g><g v="neut"></g><g v="sing"></g><g v="loct"></g></l></v></tfr></token><token id="714337" text=","><tfr rev_id="1546193" t=","><v><l id="0" t=","><g v="PNCT"></g></l></v></tfr></token><token id="714338" text="вносит"><tfr rev_id="1546194" t="вносит"><v><l id="47642" t="вношу"><g v="VERB"></g><g v="impf"></g><g v="tran"></g><g v="sing"></g><g v="3per"></g><g v="pres"></g><g v="indc"></g></l></v></tfr></token><token id="714339" text="и"><tfr rev_id="1546195" t="и"><v><l id="116949" t="и"><g v="CONJ"></g></l></v><v><l id="116950" t="и"><g v="INTJ"></g></l></v></tfr></token><token id="714340" text="нерациональное"><tfr rev_id="3281797" t="нерациональное"><v><l id="187475" t="нерациональный"><g v="ADJF"></g><g v="neut"></g><g v="sing"></g><g v="nomn"></g></l></v></tfr></token><token id="714341" text="использование"><tfr rev_id="4104166" t="использование"><v><l id="125417" t="использование"><g v="NOUN"></g><g v="inan"></g><g v="neut"></g><g v="sing"></g><g v="nomn"></g></l></v></tfr></token><token id="714342" text="воды"><tfr rev_id="3494021" t="воды"><v><l id="48014" t="вода"><g v="NOUN"></g><g v="inan"></g><g v="femn"></g><g v="sing"></g><g v="gent"></g></l></v></tfr></token><token id="714343" text="в"><tfr rev_id="1546199" t="в"><v><l id="37409" t="в"><g v="PREP"></g></l></v></tfr></token><token id="714344" text="самом"><tfr rev_id="3430963" t="самом"><v><l id="312034" t="сам"><g v="ADJF"></g><g v="Apro"></g><g v="masc"></g><g v="sing"></g><g v="loct"></g></l></v><v><l id="313174" t="самый"><g v="ADJF"></g><g v="Apro"></g><g v="masc"></g><g v="sing"></g><g v="loct"></g></l></v></tfr></token><token id="714345" text="Ираке"><tfr rev_id="1546201" t="Ираке"><v><l id="123896" t="ирак"><g v="NOUN"></g><g v="inan"></g><g v="masc"></g><g v="Geox"></g><g v="sing"></g><g v="loct"></g></l></v></tfr></token><token id="714346" text="—"><tfr rev_id="2447708" t="—"><v><l id="0" t="—"><g v="PNCT"></g></l></v></tfr></token><token id="714347" text="большое"><tfr rev_id="1546203" t="большое"><v><l id="32445" t="большой"><g v="ADJF"></g><g v="Qual"></g><g v="neut"></g><g v="sing"></g><g v="nomn"></g></l></v><v><l id="32445" t="большой"><g v="ADJF"></g><g v="Qual"></g><g v="neut"></g><g v="sing"></g><g v="accs"></g></l></v></tfr></token><token id="714348" text="количество"><tfr rev_id="3547602" t="количество"><v><l id="135983" t="количество"><g v="NOUN"></g><g v="inan"></g><g v="neut"></g><g v="sing"></g><g v="nomn"></g></l></v></tfr></token><token id="714349" text="воды"><tfr rev_id="3433232" t="воды"><v><l id="48014" t="вода"><g v="NOUN"></g><g v="inan"></g><g v="femn"></g><g v="sing"></g><g v="gent"></g></l></v></tfr></token><token id="714350" text="уходит"><tfr rev_id="1546206" t="уходит"><v><l id="362937" t="ухожу"><g v="VERB"></g><g v="impf"></g><g v="intr"></g><g v="sing"></g><g v="3per"></g><g v="pres"></g><g v="indc"></g></l></v><v><l id="362942" t="уходил"><g v="VERB"></g><g v="perf"></g><g v="tran"></g><g v="sing"></g><g v="3per"></g><g v="futr"></g><g v="indc"></g></l></v></tfr></token><token id="714351" text="в"><tfr rev_id="1546207" t="в"><v><l id="37409" t="в"><g v="PREP"></g></l></v></tfr></token><token id="714352" text="землю"><tfr rev_id="1546208" t="землю"><v><l id="115091" t="земля"><g v="NOUN"></g><g v="inan"></g><g v="femn"></g><g v="sing"></g><g v="accs"></g></l></v></tfr></token><token id="714353" text="или"><tfr rev_id="3787378" t="или"><v><l id="121146" t="или"><g v="CONJ"></g></l></v></tfr></token><token id="714354" text="испаряется"><tfr rev_id="1546210" t="испаряется"><v><l id="125038" t="испаряюсь"><g v="VERB"></g><g v="impf"></g><g v="intr"></g><g v="sing"></g><g v="3per"></g><g v="pres"></g><g v="indc"></g></l></v></tfr></token><token id="714355" text="из"><tfr rev_id="2603911" t="из"><v><l id="117677" t="из"><g v="PREP"></g></l></v></tfr></token><token id="714356" text="каналов"><tfr rev_id="1546212" t="каналов"><v><l id="129205" t="канал"><g v="NOUN"></g><g v="inan"></g><g v="masc"></g><g v="plur"></g><g v="gent"></g></l></v></tfr></token><token id="714357" text="оросительной"><tfr rev_id="4495099" t="оросительной"><v><l id="209234" t="оросительный"><g v="ADJF"></g><g v="femn"></g><g v="sing"></g><g v="gent"></g></l></v></tfr></token><token id="714358" text="системы"><tfr rev_id="3225307" t="системы"><v><l id="321350" t="система"><g v="NOUN"></g><g v="inan"></g><g v="femn"></g><g v="sing"></g><g v="gent"></g></l></v></tfr></token><token id="714359" text="не"><tfr rev_id="1546215" t="не"><v><l id="178876" t="не"><g v="PRCL"></g></l></v></tfr></token><token id="714360" text="доходя"><tfr rev_id="1546216" t="доходя"><v><l id="91234" t="доходя"><g v="GRND"></g><g v="impf"></g><g v="intr"></g><g v="pres"></g></l></v></tfr></token><token id="714361" text="до"><tfr rev_id="1546217" t="до"><v><l id="85153" t="до"><g v="PREP"></g></l></v></tfr></token><token id="714362" text="полей"><tfr rev_id="4469504" t="полей"><v><l id="255256" t="поле"><g v="NOUN"></g><g v="inan"></g><g v="neut"></g><g v="plur"></g><g v="gent"></g></l></v></tfr></token><token id="714363" text="."><tfr rev_id="1546219" t="."><v><l id="0" t="."><g v="PNCT"></g></l></v></tfr></token></tokens></sentence><sentence id="40137"><source>Во многих местах земля засолена настолько, что местные жители добывают соль на продажу.</source><tokens><token id="714364" text="Во"><tfr rev_id="2920359" t="Во"><v><l id="37409" t="в"><g v="PREP"></g><g v="Vpre"></g></l></v></tfr></token><token id="714365" text="многих"><tfr rev_id="4346782" t="многих"><v><l id="161427" t="многий"><g v="ADJF"></g><g v="Apro"></g><g v="plur"></g><g v="loct"></g></l></v></tfr></token><token id="714366" text="местах"><tfr rev_id="1546222" t="местах"><v><l id="158822" t="место"><g v="NOUN"></g><g v="inan"></g><g v="neut"></g><g v="plur"></g><g v="loct"></g></l></v></tfr></token><token id="714367" text="земля"><tfr rev_id="1546223" t="земля"><v><l id="115091" t="земля"><g v="NOUN"></g><g v="inan"></g><g v="femn"></g><g v="sing"></g><g v="nomn"></g></l></v></tfr></token><token id="714368" text="засолена"><tfr rev_id="1546224" t="засолена"><v><l id="110045" t="засолен"><g v="PRTS"></g><g v="perf"></g><g v="past"></g><g v="pssv"></g><g v="femn"></g><g v="sing"></g></l></v></tfr></token><token id="714369" text="настолько"><tfr rev_id="1546225" t="настолько"><v><l id="176093" t="настолько"><g v="ADVB"></g><g v="Dmns"></g></l></v></tfr></token><token id="714370" text=","><tfr rev_id="1546226" t=","><v><l id="0" t=","><g v="PNCT"></g></l></v></tfr></token><token id="714371" text="что"><tfr rev_id="3197895" t="что"><v><l id="377004" t="что"><g v="CONJ"></g></l></v><v><l id="377005" t="что"><g v="NPRO"></g><g v="neut"></g><g v="sing"></g><g v="nomn"></g></l></v><v><l id="377005" t="что"><g v="NPRO"></g><g v="neut"></g><g v="sing"></g><g v="accs"></g></l></v><v><l id="377006" t="что"><g v="ADVB"></g><g v="Ques"></g></l></v><v><l id="388695" t="что"><g v="PRCL"></g></l></v></tfr></token><token id="714372" text="местные"><tfr rev_id="4085720" t="местные"><v><l id="158819" t="местный"><g v="ADJF"></g><g v="Qual"></g><g v="plur"></g><g v="nomn"></g></l></v></tfr></token><token id="714373" text="жители"><tfr rev_id="1546229" t="жители"><v><l id="97562" t="житель"><g v="NOUN"></g><g v="anim"></g><g v="masc"></g><g v="plur"></g><g v="nomn"></g></l></v></tfr></token><token id="714374" text="добывают"><tfr rev_id="1546230" t="добывают"><v><l id="85590" t="добываю"><g v="VERB"></g><g v="impf"></g><g v="tran"></g><g v="plur"></g><g v="3per"></g><g v="pres"></g><g v="indc"></g></l></v></tfr></token><token id="714375" text="соль"><tfr rev_id="4555628" t="соль"><v><l id="329277" t="соль"><g v="NOUN"></g><g v="inan"></g><g v="femn"></g><g v="sing"></g><g v="accs"></g></l></v></tfr></token><token id="714376" text="на"><tfr rev_id="3394489" t="на"><v><l id="166264" t="на"><g v="PREP"></g></l></v></tfr></token><token id="714377" text="продажу"><tfr rev_id="1546233" t="продажу"><v><l id="278949" t="продажа"><g v="NOUN"></g><g v="inan"></g><g v="femn"></g><g v="sing"></g><g v="accs"></g></l></v></tfr></token><token id="714378" text="."><tfr rev_id="1546234" t="."><v><l id="0" t="."><g v="PNCT"></g></l></v></tfr></token></tokens></sentence></paragraph><paragraph id="12920"><sentence id="40138"><source>Недостаток воды уже привел к угрожающим последствиям для сельского хозяйства страны.</source><tokens><token id="714379" text="Недостаток"><tfr rev_id="1546235" t="Недостаток"><v><l id="181678" t="недостаток"><g v="NOUN"></g><g v="inan"></g><g v="masc"></g><g v="sing"></g><g v="nomn"></g></l></v><v><l id="181678" t="недостаток"><g v="NOUN"></g><g v="inan"></g><g v="masc"></g><g v="sing"></g><g v="accs"></g></l></v></tfr></token><token id="714380" text="воды"><tfr rev_id="3501382" t="воды"><v><l id="48014" t="вода"><g v="NOUN"></g><g v="inan"></g><g v="femn"></g><g v="sing"></g><g v="gent"></g></l></v></tfr></token><token id="714381" text="уже"><tfr rev_id="2692950" t="уже"><v><l id="355422" t="уж"><g v="NOUN"></g><g v="anim"></g><g v="masc"></g><g v="sing"></g><g v="loct"></g></l></v><v><l id="355498" t="уже"><g v="ADVB"></g></l></v><v><l id="355674" t="уже"><g v="COMP"></g><g v="Qual"></g></l></v><v><l id="388673" t="уже"><g v="PRCL"></g></l></v></tfr></token><token id="714382" text="привел"><tfr rev_id="1546238" t="привел"><v><l id="269205" t="привёл"><g v="VERB"></g><g v="perf"></g><g v="tran"></g><g v="masc"></g><g v="sing"></g><g v="past"></g><g v="indc"></g></l></v></tfr></token><token id="714383" text="к"><tfr rev_id="1546239" t="к"><v><l id="127460" t="к"><g v="PREP"></g></l></v></tfr></token><token id="714384" text="угрожающим"><tfr rev_id="1546240" t="угрожающим"><v><l id="354542" t="угрожающий"><g v="PRTF"></g><g v="impf"></g><g v="intr"></g><g v="pres"></g><g v="actv"></g><g v="masc"></g><g v="sing"></g><g v="ablt"></g></l></v><v><l id="354542" t="угрожающий"><g v="PRTF"></g><g v="impf"></g><g v="intr"></g><g v="pres"></g><g v="actv"></g><g v="neut"></g><g v="sing"></g><g v="ablt"></g></l></v><v><l id="354542" t="угрожающий"><g v="PRTF"></g><g v="impf"></g><g v="intr"></g><g v="pres"></g><g v="actv"></g><g v="plur"></g><g v="datv"></g></l></v><v><l id="354546" t="угрожающий"><g v="ADJF"></g><g v="masc"></g><g v="sing"></g><g v="ablt"></g></l></v><v><l id="354546" t="угрожающий"><g v="ADJF"></g><g v="neut"></g><g v="sing"></g><g v="ablt"></g></l></v><v><l id="354546" t="угрожающий"><g v="ADJF"></g><g v="plur"></g><g v="datv"></g></l></v></tfr></token><token id="714385" text="последствиям"><tfr rev_id="1546241" t="последствиям"><v><l id="261587" t="последствие"><g v="NOUN"></g><g v="inan"></g><g v="neut"></g><g v="plur"></g><g v="datv"></g></l></v></tfr></token><token id="714386" text="для"><tfr rev_id="2844699" t="для"><v><l id="85032" t="для"><g v="PREP"></g></l></v></tfr></token><token id="714387" text="сельского"><tfr rev_id="4162016" t="сельского"><v><l id="318399" t="сельский"><g v="ADJF"></g><g v="neut"></g><g v="sing"></g><g v="gent"></g></l></v></tfr></token><token id="714388" text="хозяйства"><tfr rev_id="2756901" t="хозяйства"><v><l id="371203" t="хозяйство"><g v="NOUN"></g><g v="inan"></g><g v="neut"></g><g v="sing"></g><g v="gent"></g></l></v></tfr></token><token id="714389" text="страны"><tfr rev_id="2636965" t="страны"><v><l id="337100" t="страна"><g v="NOUN"></g><g v="inan"></g><g v="femn"></g><g v="sing"></g><g v="gent"></g></l></v></tfr></token><token id="714390" text="."><tfr rev_id="1546246" t="."><v><l id="0" t="."><g v="PNCT"></g></l></v></tfr></token></tokens></sentence><sentence id="40139"><source>Поля, где еще совсем недавно выращивали рис, пшеницу, ячмень и финики, превратились в пустыню.</source><tokens><token id="714391" text="Поля"><tfr rev_id="3815456" t="Поля"><v><l id="255256" t="поле"><g v="NOUN"></g><g v="inan"></g><g v="neut"></g><g v="plur"></g><g v="nomn"></g></l></v></tfr></token><token id="714392" text=","><tfr rev_id="1546248" t=","><v><l id="0" t=","><g v="PNCT"></g></l></v></tfr></token><token id="714393" text="где"><tfr rev_id="2636534" t="где"><v><l id="67984" t="где"><g v="ADVB"></g><g v="Ques"></g></l></v><v><l id="388669" t="где"><g v="CONJ"></g></l></v></tfr></token><token id="714394" text="еще"><tfr rev_id="1546250" t="еще"><v><l id="95551" t="ещё"><g v="PRCL"></g></l></v><v><l id="95552" t="ещё"><g v="ADVB"></g></l></v></tfr></token><token id="714395" text="совсем"><tfr rev_id="1546251" t="совсем"><v><l id="328223" t="совсем"><g v="ADVB"></g></l></v></tfr></token><token id="714396" text="недавно"><tfr rev_id="1546252" t="недавно"><v><l id="180623" t="недавно"><g v="ADVB"></g></l></v></tfr></token><token id="714397" text="выращивали"><tfr rev_id="1546253" t="выращивали"><v><l id="61238" t="выращиваю"><g v="VERB"></g><g v="impf"></g><g v="tran"></g><g v="plur"></g><g v="past"></g><g v="indc"></g></l></v></tfr></token><token id="714398" text="рис"><tfr rev_id="3458060" t="рис"><v><l id="307760" t="рис"><g v="NOUN"></g><g v="inan"></g><g v="masc"></g><g v="sing"></g><g v="accs"></g></l></v></tfr></token><token id="714399" text=","><tfr rev_id="1546255" t=","><v><l id="0" t=","><g v="PNCT"></g></l></v></tfr></token><token id="714400" text="пшеницу"><tfr rev_id="1546256" t="пшеницу"><v><l id="289879" t="пшеница"><g v="NOUN"></g><g v="inan"></g><g v="femn"></g><g v="sing"></g><g v="accs"></g></l></v></tfr></token><token id="714401" text=","><tfr rev_id="1546257" t=","><v><l id="0" t=","><g v="PNCT"></g></l></v></tfr></token><token id="714402" text="ячмень"><tfr rev_id="4108162" t="ячмень"><v><l id="388415" t="ячмень"><g v="NOUN"></g><g v="inan"></g><g v="masc"></g><g v="sing"></g><g v="accs"></g></l></v></tfr></token><token id="714403" text="и"><tfr rev_id="3488624" t="и"><v><l id="116949" t="и"><g v="CONJ"></g></l></v></tfr></token><token id="714404" text="финики"><tfr rev_id="3756566" t="финики"><v><l id="366115" t="финик"><g v="NOUN"></g><g v="inan"></g><g v="masc"></g><g v="plur"></g><g v="accs"></g></l></v></tfr></token><token id="714405" text=","><tfr rev_id="1546261" t=","><v><l id="0" t=","><g v="PNCT"></g></l></v></tfr></token><token id="714406" text="превратились"><tfr rev_id="1546262" t="превратились"><v><l id="266128" t="превратился"><g v="VERB"></g><g v="perf"></g><g v="intr"></g><g v="plur"></g><g v="past"></g><g v="indc"></g></l></v></tfr></token><token id="714407" text="в"><tfr rev_id="1546263" t="в"><v><l id="37409" t="в"><g v="PREP"></g></l></v></tfr></token><token id="714408" text="пустыню"><tfr rev_id="1546264" t="пустыню"><v><l id="289470" t="пустыня"><g v="NOUN"></g><g v="inan"></g><g v="femn"></g><g v="sing"></g><g v="accs"></g></l></v></tfr></token><token id="714409" text="."><tfr rev_id="1546265" t="."><v><l id="0" t="."><g v="PNCT"></g></l></v></tfr></token></tokens></sentence><sentence id="40140"><source>Например, посевы пшеницы и ячменя на севере Ирака сократились на 95 % по сравнению с тем, что обычно было в прошлом, а многие сады финиковых пальм и цитрусовых на востоке страны высохли.</source><tokens><token id="714410" text="Например"><tfr rev_id="1546266" t="Например"><v><l id="174036" t="например"><g v="CONJ"></g><g v="Prnt"></g></l></v></tfr></token><token id="714411" text=","><tfr rev_id="1546267" t=","><v><l id="0" t=","><g v="PNCT"></g></l></v></tfr></token><token id="714412" text="посевы"><tfr rev_id="3750025" t="посевы"><v><l id="261173" t="посев"><g v="NOUN"></g><g v="inan"></g><g v="masc"></g><g v="plur"></g><g v="nomn"></g></l></v></tfr></token><token id="714413" text="пшеницы"><tfr rev_id="3473699" t="пшеницы"><v><l id="289879" t="пшеница"><g v="NOUN"></g><g v="inan"></g><g v="femn"></g><g v="sing"></g><g v="gent"></g></l></v></tfr></token><token id="714414" text="и"><tfr rev_id="1546270" t="и"><v><l id="116949" t="и"><g v="CONJ"></g></l></v><v><l id="116950" t="и"><g v="INTJ"></g></l></v></tfr></token><token id="714415" text="ячменя"><tfr rev_id="1546271" t="ячменя"><v><l id="388415" t="ячмень"><g v="NOUN"></g><g v="inan"></g><g v="masc"></g><g v="sing"></g><g v="gent"></g></l></v></tfr></token><token id="714416" text="на"><tfr rev_id="3344906" t="на"><v><l id="166264" t="на"><g v="PREP"></g></l></v></tfr></token><token id="714417" text="севере"><tfr rev_id="1546273" t="севере"><v><l id="317502" t="север"><g v="NOUN"></g><g v="inan"></g><g v="masc"></g><g v="sing"></g><g v="loct"></g></l></v></tfr></token><token id="714418" text="Ирака"><tfr rev_id="1546274" t="Ирака"><v><l id="123896" t="ирак"><g v="NOUN"></g><g v="inan"></g><g v="masc"></g><g v="Geox"></g><g v="sing"></g><g v="gent"></g></l></v></tfr></token><token id="714419" text="сократились"><tfr rev_id="1546275" t="сократились"><v><l id="328824" t="сократился"><g v="VERB"></g><g v="perf"></g><g v="intr"></g><g v="plur"></g><g v="past"></g><g v="indc"></g></l></v></tfr></token><token id="714420" text="на"><tfr rev_id="3394591" t="на"><v><l id="166264" t="на"><g v="PREP"></g></l></v></tfr></token><token id="714421" text="95"><tfr rev_id="2463088" t="95"><v><l id="0" t="95"><g v="NUMB"></g></l></v></tfr></token><token id="714422" text="%"><tfr rev_id="2447709" t="%"><v><l id="0" t="%"><g v="PNCT"></g></l></v></tfr></token><token id="714423" text="по"><tfr rev_id="1546279" t="по"><v><l id="241240" t="по"><g v="PREP"></g></l></v></tfr></token><token id="714424" text="сравнению"><tfr rev_id="1546280" t="сравнению"><v><l id="333307" t="сравнение"><g v="NOUN"></g><g v="inan"></g><g v="neut"></g><g v="sing"></g><g v="datv"></g></l></v></tfr></token><token id="714425" text="с"><tfr rev_id="1546281" t="с"><v><l id="311151" t="с"><g v="PREP"></g></l></v></tfr></token><token id="714426" text="тем"><tfr rev_id="4504418" t="тем"><v><l id="348430" t="тот"><g v="ADJF"></g><g v="Subx"></g><g v="Apro"></g><g v="Anph"></g><g v="masc"></g><g v="sing"></g><g v="ablt"></g></l></v><v><l id="348430" t="тот"><g v="ADJF"></g><g v="Subx"></g><g v="Apro"></g><g v="Anph"></g><g v="neut"></g><g v="sing"></g><g v="ablt"></g></l></v></tfr></token><token id="714427" text=","><tfr rev_id="1546283" t=","><v><l id="0" t=","><g v="PNCT"></g></l></v></tfr></token><token id="714428" text="что"><tfr rev_id="3197896" t="что"><v><l id="377004" t="что"><g v="CONJ"></g></l></v><v><l id="377005" t="что"><g v="NPRO"></g><g v="neut"></g><g v="sing"></g><g v="nomn"></g></l></v><v><l id="377005" t="что"><g v="NPRO"></g><g v="neut"></g><g v="sing"></g><g v="accs"></g></l></v><v><l id="377006" t="что"><g v="ADVB"></g><g v="Ques"></g></l></v><v><l id="388695" t="что"><g v="PRCL"></g></l></v></tfr></token><token id="714429" text="обычно"><tfr rev_id="1546285" t="обычно"><v><l id="202047" t="обычно"><g v="ADVB"></g></l></v><v><l id="202051" t="обычен"><g v="ADJS"></g><g v="Qual"></g><g v="neut"></g><g v="sing"></g></l></v></tfr></token><token id="714430" text="было"><tfr rev_id="4256708" t="было"><v><l id="37265" t="есть"><g v="VERB"></g><g v="impf"></g><g v="intr"></g><g v="neut"></g><g v="sing"></g><g v="past"></g><g v="indc"></g></l></v></tfr></token><token id="714431" text="в"><tfr rev_id="1546287" t="в"><v><l id="37409" t="в"><g v="PREP"></g></l></v></tfr></token><token id="714432" text="прошлом"><tfr rev_id="4235244" t="прошлом"><v><l id="287714" t="прошлое"><g v="NOUN"></g><g v="inan"></g><g v="neut"></g><g v="sing"></g><g v="loct"></g></l></v></tfr></token><token id="714433" text=","><tfr rev_id="1546289" t=","><v><l id="0" t=","><g v="PNCT"></g></l></v></tfr></token><token id="714434" text="а"><tfr rev_id="3410802" t="а"><v><l id="51" t="а"><g v="CONJ"></g></l></v></tfr></token><token id="714435" text="многие"><tfr rev_id="3272821" t="многие"><v><l id="161427" t="многий"><g v="ADJF"></g><g v="Apro"></g><g v="plur"></g><g v="nomn"></g></l></v><v><l id="161427" t="многий"><g v="ADJF"></g><g v="Apro"></g><g v="inan"></g><g v="plur"></g><g v="accs"></g></l></v></tfr></token><token id="714436" text="сады"><tfr rev_id="3756934" t="сады"><v><l id="311391" t="сад"><g v="NOUN"></g><g v="inan"></g><g v="masc"></g><g v="plur"></g><g v="nomn"></g></l></v></tfr></token><token id="714437" text="финиковых"><tfr rev_id="4360536" t="финиковых"><v><l id="366121" t="финиковый"><g v="ADJF"></g><g v="Qual"></g><g v="plur"></g><g v="gent"></g></l></v></tfr></token><token id="714438" text="пальм"><tfr rev_id="1546294" t="пальм"><v><l id="223036" t="пальма"><g v="NOUN"></g><g v="inan"></g><g v="femn"></g><g v="plur"></g><g v="gent"></g></l></v></tfr></token><token id="714439" text="и"><tfr rev_id="1546295" t="и"><v><l id="116949" t="и"><g v="CONJ"></g></l></v><v><l id="116950" t="и"><g v="INTJ"></g></l></v></tfr></token><token id="714440" text="цитрусовых"><tfr rev_id="4357556" t="цитрусовых"><v><l id="374153" t="цитрусовый"><g v="ADJF"></g><g v="Qual"></g><g v="plur"></g><g v="gent"></g></l></v></tfr></token><token id="714441" text="на"><tfr rev_id="3395513" t="на"><v><l id="166264" t="на"><g v="PREP"></g></l></v></tfr></token><token id="714442" text="востоке"><tfr rev_id="4468271" t="востоке"><v><l id="51910" t="восток"><g v="NOUN"></g><g v="inan"></g><g v="masc"></g><g v="sing"></g><g v="loct"></g></l></v></tfr></token><token id="714443" text="страны"><tfr rev_id="3264181" t="страны"><v><l id="337100" t="страна"><g v="NOUN"></g><g v="inan"></g><g v="femn"></g><g v="sing"></g><g v="gent"></g></l></v></tfr></token><token id="714444" text="высохли"><tfr rev_id="1546300" t="высохли"><v><l id="62507" t="высох"><g v="VERB"></g><g v="perf"></g><g v="intr"></g><g v="plur"></g><g v="past"></g><g v="indc"></g></l></v></tfr></token><token id="714445" text="."><tfr rev_id="1546301" t="."><v><l id="0" t="."><g v="PNCT"></g></l></v></tfr></token></tokens></sentence><sentence id="40141"><source>Обмеление реки также привело к существенному сокращению вылова рыбы.</source><tokens><token id="714446" text="Обмеление"><tfr rev_id="3708172" t="Обмеление"><v><l id="197121" t="обмеление"><g v="NOUN"></g><g v="inan"></g><g v="neut"></g><g v="sing"></g><g v="nomn"></g></l></v></tfr></token><token id="714447" text="реки"><tfr rev_id="3485295" t="реки"><v><l id="305624" t="река"><g v="NOUN"></g><g v="inan"></g><g v="femn"></g><g v="sing"></g><g v="gent"></g></l></v></tfr></token><token id="714448" text="также"><tfr rev_id="4267871" t="также"><v><l id="342482" t="также"><g v="PRCL"></g></l></v></tfr></token><token id="714449" text="привело"><tfr rev_id="1546305" t="привело"><v><l id="269205" t="привёл"><g v="VERB"></g><g v="perf"></g><g v="tran"></g><g v="neut"></g><g v="sing"></g><g v="past"></g><g v="indc"></g></l></v></tfr></token><token id="714450" text="к"><tfr rev_id="1546306" t="к"><v><l id="127460" t="к"><g v="PREP"></g></l></v></tfr></token><token id="714451" text="существенному"><tfr rev_id="3302457" t="существенному"><v><l id="340474" t="существенный"><g v="ADJF"></g><g v="Qual"></g><g v="neut"></g><g v="sing"></g><g v="datv"></g></l></v></tfr></token><token id="714452" text="сокращению"><tfr rev_id="1546308" t="сокращению"><v><l id="328844" t="сокращение"><g v="NOUN"></g><g v="inan"></g><g v="neut"></g><g v="sing"></g><g v="datv"></g></l></v></tfr></token><token id="714453" text="вылова"><tfr rev_id="1546309" t="вылова"><v><l id="59026" t="вылов"><g v="NOUN"></g><g v="inan"></g><g v="masc"></g><g v="sing"></g><g v="gent"></g></l></v></tfr></token><token id="714454" text="рыбы"><tfr rev_id="3446528" t="рыбы"><v><l id="310490" t="рыба"><g v="NOUN"></g><g v="anim"></g><g v="femn"></g><g v="sing"></g><g v="gent"></g></l></v></tfr></token><token id="714455" text="."><tfr rev_id="1546311" t="."><v><l id="0" t="."><g v="PNCT"></g></l></v></tfr></token></tokens></sentence><sentence id="40142"><source>По прогнозам американских экспертов урожай зерна в этом году будет не более 50 % от урожая два года назад.</source><tokens><token id="714456" text="По"><tfr rev_id="1546312" t="По"><v><l id="241240" t="по"><g v="PREP"></g></l></v></tfr></token><token id="714457" text="прогнозам"><tfr rev_id="1546313" t="прогнозам"><v><l id="278534" t="прогноз"><g v="NOUN"></g><g v="inan"></g><g v="masc"></g><g v="plur"></g><g v="datv"></g></l></v></tfr></token><token id="714458" text="американских"><tfr rev_id="4409043" t="американских"><v><l id="11429" t="американский"><g v="ADJF"></g><g v="plur"></g><g v="gent"></g></l></v></tfr></token><token id="714459" text="экспертов"><tfr rev_id="4355681" t="экспертов"><v><l id="383582" t="эксперт"><g v="NOUN"></g><g v="anim"></g><g v="masc"></g><g v="plur"></g><g v="gent"></g></l></v></tfr></token><token id="714460" text="урожай"><tfr rev_id="3300817" t="урожай"><v><l id="360006" t="урожай"><g v="NOUN"></g><g v="inan"></g><g v="masc"></g><g v="sing"></g><g v="nomn"></g></l></v></tfr></token><token id="714461" text="зерна"><tfr rev_id="3283169" t="зерна"><v><l id="115245" t="зерно"><g v="NOUN"></g><g v="inan"></g><g v="neut"></g><g v="sing"></g><g v="gent"></g></l></v></tfr></token><token id="714462" text="в"><tfr rev_id="1546318" t="в"><v><l id="37409" t="в"><g v="PREP"></g></l></v></tfr></token><token id="714463" text="этом"><tfr rev_id="4487020" t="этом"><v><l id="386581" t="этот"><g v="ADJF"></g><g v="Subx"></g><g v="Apro"></g><g v="Anph"></g><g v="masc"></g><g v="sing"></g><g v="loct"></g></l></v></tfr></token><token id="714464" text="году"><tfr rev_id="2850282" t="году"><v><l id="72149" t="год"><g v="NOUN"></g><g v="inan"></g><g v="masc"></g><g v="sing"></g><g v="loc2"></g></l></v></tfr></token><token id="714465" text="будет"><tfr rev_id="1546321" t="будет"><v><l id="37265" t="есть"><g v="VERB"></g><g v="impf"></g><g v="intr"></g><g v="sing"></g><g v="3per"></g><g v="futr"></g><g v="indc"></g></l></v></tfr></token><token id="714466" text="не"><tfr rev_id="1546322" t="не"><v><l id="178876" t="не"><g v="PRCL"></g></l></v></tfr></token><token id="714467" text="более"><tfr rev_id="1546323" t="более"><v><l id="32065" t="более"><g v="ADVB"></g></l></v></tfr></token><token id="714468" text="50"><tfr rev_id="2463089" t="50"><v><l id="0" t="50"><g v="NUMB"></g></l></v></tfr></token><token id="714469" text="%"><tfr rev_id="2447710" t="%"><v><l id="0" t="%"><g v="PNCT"></g></l></v></tfr></token><token id="714470" text="от"><tfr rev_id="1546326" t="от"><v><l id="211644" t="от"><g v="PREP"></g></l></v></tfr></token><token id="714471" text="урожая"><tfr rev_id="1546327" t="урожая"><v><l id="360006" t="урожай"><g v="NOUN"></g><g v="inan"></g><g v="masc"></g><g v="sing"></g><g v="gent"></g></l></v></tfr></token><token id="714472" text="два"><tfr rev_id="4450493" t="два"><v><l id="78668" t="два"><g v="NUMR"></g><g v="masc"></g><g v="nomn"></g></l></v><v><l id="78668" t="два"><g v="NUMR"></g><g v="inan"></g><g v="masc"></g><g v="accs"></g></l></v><v><l id="78668" t="два"><g v="NUMR"></g><g v="neut"></g><g v="nomn"></g></l></v><v><l id="78668" t="два"><g v="NUMR"></g><g v="inan"></g><g v="neut"></g><g v="accs"></g></l></v></tfr></token><token id="714473" text="года"><tfr rev_id="3446073" t="года"><v><l id="72149" t="год"><g v="NOUN"></g><g v="inan"></g><g v="masc"></g><g v="sing"></g><g v="gen1"></g></l></v></tfr></token><token id="714474" text="назад"><tfr rev_id="1546330" t="назад"><v><l id="170252" t="назад"><g v="ADVB"></g></l></v></tfr></token><token id="714475" text="."><tfr rev_id="1546331" t="."><v><l id="0" t="."><g v="PNCT"></g></l></v></tfr></token></tokens></sentence></paragraph><paragraph id="12921"><sentence id="40143"><source>Многие крестьянские хозяйства разоряются и их бывшие владельцы с семьями переселяются в города, увеличивая и без того напряженную ситуацию там.</source><tokens><token id="714476" text="Многие"><tfr rev_id="3282112" t="Многие"><v><l id="161427" t="многий"><g v="ADJF"></g><g v="Apro"></g><g v="plur"></g><g v="nomn"></g></l></v><v><l id="161427" t="многий"><g v="ADJF"></g><g v="Apro"></g><g v="inan"></g><g v="plur"></g><g v="accs"></g></l></v></tfr></token><token id="714477" text="крестьянские"><tfr rev_id="3758116" t="крестьянские"><v><l id="142562" t="крестьянский"><g v="ADJF"></g><g v="plur"></g><g v="nomn"></g></l></v></tfr></token><token id="714478" text="хозяйства"><tfr rev_id="3805388" t="хозяйства"><v><l id="371203" t="хозяйство"><g v="NOUN"></g><g v="inan"></g><g v="neut"></g><g v="plur"></g><g v="nomn"></g></l></v></tfr></token><token id="714479" text="разоряются"><tfr rev_id="1546335" t="разоряются"><v><l id="296375" t="разоряюсь"><g v="VERB"></g><g v="impf"></g><g v="intr"></g><g v="plur"></g><g v="3per"></g><g v="pres"></g><g v="indc"></g></l></v></tfr></token><token id="714480" text="и"><tfr rev_id="1546336" t="и"><v><l id="116949" t="и"><g v="CONJ"></g></l></v><v><l id="116950" t="и"><g v="INTJ"></g></l></v></tfr></token><token id="714481" text="их"><tfr rev_id="4478842" t="их"><v><l id="127205" t="их"><g v="ADJF"></g><g v="Fixd"></g><g v="Apro"></g><g v="Anph"></g><g v="plur"></g><g v="nomn"></g></l></v><v><l id="127205" t="их"><g v="ADJF"></g><g v="Fixd"></g><g v="Apro"></g><g v="Anph"></g><g v="plur"></g><g v="gent"></g></l></v><v><l id="127205" t="их"><g v="ADJF"></g><g v="Fixd"></g><g v="Apro"></g><g v="Anph"></g><g v="plur"></g><g v="datv"></g></l></v><v><l id="127205" t="их"><g v="ADJF"></g><g v="Fixd"></g><g v="Apro"></g><g v="Anph"></g><g v="plur"></g><g v="accs"></g></l></v><v><l id="127205" t="их"><g v="ADJF"></g><g v="Fixd"></g><g v="Apro"></g><g v="Anph"></g><g v="plur"></g><g v="ablt"></g></l></v><v><l id="127205" t="их"><g v="ADJF"></g><g v="Fixd"></g><g v="Apro"></g><g v="Anph"></g><g v="plur"></g><g v="loct"></g></l></v></tfr></token><token id="714482" text="бывшие"><tfr rev_id="1546338" t="бывшие"><v><l id="37002" t="бывший"><g v="ADJF"></g><g v="plur"></g><g v="nomn"></g></l></v><v><l id="37002" t="бывший"><g v="ADJF"></g><g v="inan"></g><g v="plur"></g><g v="accs"></g></l></v><v><l id="37267" t="бывший"><g v="PRTF"></g><g v="impf"></g><g v="intr"></g><g v="past"></g><g v="actv"></g><g v="plur"></g><g v="nomn"></g></l></v><v><l id="37267" t="бывший"><g v="PRTF"></g><g v="impf"></g><g v="intr"></g><g v="past"></g><g v="actv"></g><g v="inan"></g><g v="plur"></g><g v="accs"></g></l></v></tfr></token><token id="714483" text="владельцы"><tfr rev_id="1546339" t="владельцы"><v><l id="46517" t="владелец"><g v="NOUN"></g><g v="anim"></g><g v="masc"></g><g v="plur"></g><g v="nomn"></g></l></v></tfr></token><token id="714484" text="с"><tfr rev_id="1546340" t="с"><v><l id="311151" t="с"><g v="PREP"></g></l></v></tfr></token><token id="714485" text="семьями"><tfr rev_id="1546341" t="семьями"><v><l id="318660" t="семья"><g v="NOUN"></g><g v="inan"></g><g v="femn"></g><g v="plur"></g><g v="ablt"></g></l></v></tfr></token><token id="714486" text="переселяются"><tfr rev_id="1546342" t="переселяются"><v><l id="234045" t="переселяюсь"><g v="VERB"></g><g v="impf"></g><g v="intr"></g><g v="plur"></g><g v="3per"></g><g v="pres"></g><g v="indc"></g></l></v></tfr></token><token id="714487" text="в"><tfr rev_id="1546343" t="в"><v><l id="37409" t="в"><g v="PREP"></g></l></v></tfr></token><token id="714488" text="города"><tfr rev_id="3796048" t="города"><v><l id="73547" t="город"><g v="NOUN"></g><g v="inan"></g><g v="masc"></g><g v="plur"></g><g v="accs"></g></l></v></tfr></token><token id="714489" text=","><tfr rev_id="1546345" t=","><v><l id="0" t=","><g v="PNCT"></g></l></v></tfr></token><token id="714490" text="увеличивая"><tfr rev_id="1546346" t="увеличивая"><v><l id="353387" t="увеличивая"><g v="GRND"></g><g v="impf"></g><g v="tran"></g><g v="pres"></g></l></v></tfr></token><token id="714491" text="и"><tfr rev_id="1546347" t="и"><v><l id="116949" t="и"><g v="CONJ"></g></l></v><v><l id="116950" t="и"><g v="INTJ"></g></l></v></tfr></token><token id="714492" text="без"><tfr rev_id="1546348" t="без"><v><l id="25481" t="без"><g v="PREP"></g></l></v></tfr></token><token id="714493" text="того"><tfr rev_id="3770918" t="того"><v><l id="348430" t="тот"><g v="ADJF"></g><g v="Subx"></g><g v="Apro"></g><g v="Anph"></g><g v="masc"></g><g v="sing"></g><g v="gent"></g></l></v><v><l id="348430" t="тот"><g v="ADJF"></g><g v="Subx"></g><g v="Apro"></g><g v="Anph"></g><g v="anim"></g><g v="masc"></g><g v="sing"></g><g v="accs"></g></l></v><v><l id="348430" t="тот"><g v="ADJF"></g><g v="Subx"></g><g v="Apro"></g><g v="Anph"></g><g v="neut"></g><g v="sing"></g><g v="gent"></g></l></v></tfr></token><token id="714494" text="напряженную"><tfr rev_id="1546350" t="напряженную"><v><l id="174191" t="напряжённый"><g v="ADJF"></g><g v="Qual"></g><g v="femn"></g><g v="sing"></g><g v="accs"></g></l></v><v><l id="174217" t="напряжённый"><g v="PRTF"></g><g v="perf"></g><g v="tran"></g><g v="past"></g><g v="pssv"></g><g v="femn"></g><g v="sing"></g><g v="accs"></g></l></v></tfr></token><token id="714495" text="ситуацию"><tfr rev_id="1546351" t="ситуацию"><v><l id="321441" t="ситуация"><g v="NOUN"></g><g v="inan"></g><g v="femn"></g><g v="sing"></g><g v="accs"></g></l></v></tfr></token><token id="714496" text="там"><tfr rev_id="1546352" t="там"><v><l id="342752" t="там"><g v="PRCL"></g></l></v><v><l id="342753" t="там"><g v="ADVB"></g><g v="Dmns"></g></l></v></tfr></token><token id="714497" text="."><tfr rev_id="1546353" t="."><v><l id="0" t="."><g v="PNCT"></g></l></v></tfr></token></tokens></sentence><sentence id="40144"><source>Министр планирования Ирака Али Бабан говорит, что если ничего не изменится, сельское хозяйство может совсем умереть, а вслед за ним увянут и города.</source><tokens><token id="714498" text="Министр"><tfr rev_id="1546354" t="Министр"><v><l id="160614" t="министр"><g v="NOUN"></g><g v="anim"></g><g v="masc"></g><g v="sing"></g><g v="nomn"></g></l></v></tfr></token><token id="714499" text="планирования"><tfr rev_id="3436175" t="планирования"><v><l id="239712" t="планирование"><g v="NOUN"></g><g v="inan"></g><g v="neut"></g><g v="sing"></g><g v="gent"></g></l></v></tfr></token><token id="714500" text="Ирака"><tfr rev_id="1546356" t="Ирака"><v><l id="123896" t="ирак"><g v="NOUN"></g><g v="inan"></g><g v="masc"></g><g v="Geox"></g><g v="sing"></g><g v="gent"></g></l></v></tfr></token><token id="714501" text="Али"><tfr rev_id="4469726" t="Али"><v><l id="8885" t="али"><g v="NOUN"></g><g v="anim"></g><g v="masc"></g><g v="Fixd"></g><g v="Name"></g><g v="sing"></g><g v="nomn"></g></l></v><v><l id="8885" t="али"><g v="NOUN"></g><g v="anim"></g><g v="masc"></g><g v="Fixd"></g><g v="Name"></g><g v="sing"></g><g v="gent"></g></l></v><v><l id="8885" t="али"><g v="NOUN"></g><g v="anim"></g><g v="masc"></g><g v="Fixd"></g><g v="Name"></g><g v="sing"></g><g v="datv"></g></l></v><v><l id="8885" t="али"><g v="NOUN"></g><g v="anim"></g><g v="masc"></g><g v="Fixd"></g><g v="Name"></g><g v="sing"></g><g v="accs"></g></l></v><v><l id="8885" t="али"><g v="NOUN"></g><g v="anim"></g><g v="masc"></g><g v="Fixd"></g><g v="Name"></g><g v="sing"></g><g v="ablt"></g></l></v><v><l id="8885" t="али"><g v="NOUN"></g><g v="anim"></g><g v="masc"></g><g v="Fixd"></g><g v="Name"></g><g v="sing"></g><g v="loct"></g></l></v><v><l id="8885" t="али"><g v="NOUN"></g><g v="anim"></g><g v="masc"></g><g v="Fixd"></g><g v="Name"></g><g v="plur"></g><g v="nomn"></g></l></v><v><l id="8885" t="али"><g v="NOUN"></g><g v="anim"></g><g v="masc"></g><g v="Fixd"></g><g v="Name"></g><g v="plur"></g><g v="gent"></g></l></v><v><l id="8885" t="али"><g v="NOUN"></g><g v="anim"></g><g v="masc"></g><g v="Fixd"></g><g v="Name"></g><g v="plur"></g><g v="datv"></g></l></v><v><l id="8885" t="али"><g v="NOUN"></g><g v="anim"></g><g v="masc"></g><g v="Fixd"></g><g v="Name"></g><g v="plur"></g><g v="accs"></g></l></v><v><l id="8885" t="али"><g v="NOUN"></g><g v="anim"></g><g v="masc"></g><g v="Fixd"></g><g v="Name"></g><g v="plur"></g><g v="ablt"></g></l></v><v><l id="8885" t="али"><g v="NOUN"></g><g v="anim"></g><g v="masc"></g><g v="Fixd"></g><g v="Name"></g><g v="plur"></g><g v="loct"></g></l></v><v><l id="10958" t="аля"><g v="NOUN"></g><g v="anim"></g><g v="femn"></g><g v="Name"></g><g v="sing"></g><g v="gent"></g></l></v><v><l id="10958" t="аля"><g v="NOUN"></g><g v="anim"></g><g v="femn"></g><g v="Name"></g><g v="plur"></g><g v="nomn"></g></l></v></tfr></token><token id="714502" text="Бабан"><tfr rev_id="1546358" t="Бабан"><v><l id="0" t="бабан"><g v="UNKN"></g></l></v></tfr></token><token id="714503" text="говорит"><tfr rev_id="1546359" t="говорит"><v><l id="72053" t="говорю"><g v="VERB"></g><g v="impf"></g><g v="tran"></g><g v="sing"></g><g v="3per"></g><g v="pres"></g><g v="indc"></g></l></v></tfr></token><token id="714504" text=","><tfr rev_id="1546360" t=","><v><l id="0" t=","><g v="PNCT"></g></l></v></tfr></token><token id="714505" text="что"><tfr rev_id="3197897" t="что"><v><l id="377004" t="что"><g v="CONJ"></g></l></v><v><l id="377005" t="что"><g v="NPRO"></g><g v="neut"></g><g v="sing"></g><g v="nomn"></g></l></v><v><l id="377005" t="что"><g v="NPRO"></g><g v="neut"></g><g v="sing"></g><g v="accs"></g></l></v><v><l id="377006" t="что"><g v="ADVB"></g><g v="Ques"></g></l></v><v><l id="388695" t="что"><g v="PRCL"></g></l></v></tfr></token><token id="714506" text="если"><tfr rev_id="1546362" t="если"><v><l id="95365" t="если"><g v="CONJ"></g></l></v></tfr></token><token id="714507" text="ничего"><tfr rev_id="4465684" t="ничего"><v><l id="191376" t="ничего"><g v="ADVB"></g></l></v><v><l id="191377" t="ничего"><g v="PRCL"></g></l></v><v><l id="191386" t="ничто"><g v="NPRO"></g><g v="neut"></g><g v="sing"></g><g v="gent"></g></l></v><v><l id="390659" t="ничего"><g v="NPRO"></g><g v="neut"></g><g v="sing"></g><g v="nomn"></g></l></v></tfr></token><token id="714508" text="не"><tfr rev_id="1546364" t="не"><v><l id="178876" t="не"><g v="PRCL"></g></l></v></tfr></token><token id="714509" text="изменится"><tfr rev_id="1546365" t="изменится"><v><l id="119498" t="изменился"><g v="VERB"></g><g v="perf"></g><g v="intr"></g><g v="sing"></g><g v="3per"></g><g v="futr"></g><g v="indc"></g></l></v></tfr></token><token id="714510" text=","><tfr rev_id="1546366" t=","><v><l id="0" t=","><g v="PNCT"></g></l></v></tfr></token><token id="714511" text="сельское"><tfr rev_id="3281734" t="сельское"><v><l id="318399" t="сельский"><g v="ADJF"></g><g v="neut"></g><g v="sing"></g><g v="nomn"></g></l></v></tfr></token><token id="714512" text="хозяйство"><tfr rev_id="1546368" t="хозяйство"><v><l id="371203" t="хозяйство"><g v="NOUN"></g><g v="inan"></g><g v="neut"></g><g v="sing"></g><g v="nomn"></g></l></v><v><l id="371203" t="хозяйство"><g v="NOUN"></g><g v="inan"></g><g v="neut"></g><g v="sing"></g><g v="accs"></g></l></v></tfr></token><token id="714513" text="может"><tfr rev_id="3797088" t="может"><v><l id="164485" t="могу"><g v="VERB"></g><g v="impf"></g><g v="intr"></g><g v="sing"></g><g v="3per"></g><g v="pres"></g><g v="indc"></g></l></v></tfr></token><token id="714514" text="совсем"><tfr rev_id="1546370" t="совсем"><v><l id="328223" t="совсем"><g v="ADVB"></g></l></v></tfr></token><token id="714515" text="умереть"><tfr rev_id="1546371" t="умереть"><v><l id="357521" t="умереть"><g v="INFN"></g><g v="perf"></g><g v="intr"></g></l></v></tfr></token><token id="714516" text=","><tfr rev_id="1546372" t=","><v><l id="0" t=","><g v="PNCT"></g></l></v></tfr></token><token id="714517" text="а"><tfr rev_id="4103618" t="а"><v><l id="51" t="а"><g v="CONJ"></g></l></v></tfr></token><token id="714518" text="вслед"><tfr rev_id="4421838" t="вслед"><v><l id="53956" t="вслед"><g v="PREP"></g></l></v></tfr></token><token id="714519" text="за"><tfr rev_id="1546375" t="за"><v><l id="98043" t="за"><g v="PREP"></g></l></v></tfr></token><token id="714520" text="ним"><tfr rev_id="4530543" t="ним"><v><l id="206541" t="он"><g v="NPRO"></g><g v="masc"></g><g v="3per"></g><g v="Anph"></g><g v="sing"></g><g v="ablt"></g><g v="Af-p"></g></l></v><v><l id="206649" t="оно"><g v="NPRO"></g><g v="neut"></g><g v="3per"></g><g v="Anph"></g><g v="sing"></g><g v="ablt"></g><g v="Af-p"></g></l></v></tfr></token><token id="714521" text="увянут"><tfr rev_id="1546377" t="увянут"><v><l id="353945" t="увял"><g v="VERB"></g><g v="perf"></g><g v="intr"></g><g v="plur"></g><g v="3per"></g><g v="futr"></g><g v="indc"></g></l></v></tfr></token><token id="714522" text="и"><tfr rev_id="3542280" t="и"><v><l id="116949" t="и"><g v="CONJ"></g></l></v></tfr></token><token id="714523" text="города"><tfr rev_id="3796017" t="города"><v><l id="73547" t="город"><g v="NOUN"></g><g v="inan"></g><g v="masc"></g><g v="plur"></g><g v="nomn"></g></l></v></tfr></token><token id="714524" text="."><tfr rev_id="1546380" t="."><v><l id="0" t="."><g v="PNCT"></g></l></v></tfr></token></tokens></sentence></paragraph></paragraphs></text>