<?xml version="1.0" encoding="utf-8"?><text id="1437" parent="56" name="С ударом молнии закончился праздник"><tags><tag>Автор:http://ru.wikinews.org/wiki/Участник:Velopilger</tag><tag>Дата:29/06</tag><tag>Год:2009</tag><tag>Тема:ВикиКатегория:Происшествия</tag><tag>Гео:ВикиКатегория:Северный Рейн — Вестфалия</tag><tag>Гео:ВикиКатегория:Германия</tag><tag>url:http://ru.wikinews.org/w/index.php?title=С_ударом_молнии_закончился_праздник&amp;oldid=45879</tag></tags><paragraphs><paragraph id="12930"><sentence id="40157"><source>В этом году самое большое театрализованное действо Европы закончилось печально.</source><tokens><token id="714841" text="В"><tfr rev_id="1546697" t="В"><v><l id="37409" t="в"><g v="PREP"></g></l></v></tfr></token><token id="714842" text="этом"><tfr rev_id="4435829" t="этом"><v><l id="386581" t="этот"><g v="ADJF"></g><g v="Subx"></g><g v="Apro"></g><g v="Anph"></g><g v="masc"></g><g v="sing"></g><g v="loct"></g></l></v></tfr></token><token id="714843" text="году"><tfr rev_id="2699176" t="году"><v><l id="72149" t="год"><g v="NOUN"></g><g v="inan"></g><g v="masc"></g><g v="sing"></g><g v="loc2"></g></l></v></tfr></token><token id="714844" text="самое"><tfr rev_id="1546700" t="самое"><v><l id="312034" t="сам"><g v="ADJF"></g><g v="Apro"></g><g v="femn"></g><g v="sing"></g><g v="accs"></g><g v="Arch"></g></l></v><v><l id="313174" t="самый"><g v="ADJF"></g><g v="Apro"></g><g v="neut"></g><g v="sing"></g><g v="nomn"></g></l></v><v><l id="313174" t="самый"><g v="ADJF"></g><g v="Apro"></g><g v="neut"></g><g v="sing"></g><g v="accs"></g></l></v></tfr></token><token id="714845" text="большое"><tfr rev_id="3756476" t="большое"><v><l id="32445" t="большой"><g v="ADJF"></g><g v="Qual"></g><g v="neut"></g><g v="sing"></g><g v="nomn"></g></l></v></tfr></token><token id="714846" text="театрализованное"><tfr rev_id="1546702" t="театрализованное"><v><l id="343865" t="театрализованный"><g v="ADJF"></g><g v="neut"></g><g v="sing"></g><g v="nomn"></g></l></v><v><l id="343865" t="театрализованный"><g v="ADJF"></g><g v="neut"></g><g v="sing"></g><g v="accs"></g></l></v><v><l id="343876" t="театрализованный"><g v="PRTF"></g><g v="perf"></g><g v="tran"></g><g v="past"></g><g v="pssv"></g><g v="neut"></g><g v="sing"></g><g v="nomn"></g></l></v><v><l id="343876" t="театрализованный"><g v="PRTF"></g><g v="perf"></g><g v="tran"></g><g v="past"></g><g v="pssv"></g><g v="neut"></g><g v="sing"></g><g v="accs"></g></l></v><v><l id="343877" t="театрализованный"><g v="PRTF"></g><g v="impf"></g><g v="tran"></g><g v="past"></g><g v="pssv"></g><g v="neut"></g><g v="sing"></g><g v="nomn"></g></l></v><v><l id="343877" t="театрализованный"><g v="PRTF"></g><g v="impf"></g><g v="tran"></g><g v="past"></g><g v="pssv"></g><g v="neut"></g><g v="sing"></g><g v="accs"></g></l></v></tfr></token><token id="714847" text="действо"><tfr rev_id="1546703" t="действо"><v><l id="80101" t="действо"><g v="NOUN"></g><g v="inan"></g><g v="neut"></g><g v="sing"></g><g v="nomn"></g></l></v><v><l id="80101" t="действо"><g v="NOUN"></g><g v="inan"></g><g v="neut"></g><g v="sing"></g><g v="accs"></g></l></v></tfr></token><token id="714848" text="Европы"><tfr rev_id="1546704" t="Европы"><v><l id="94019" t="европа"><g v="NOUN"></g><g v="inan"></g><g v="femn"></g><g v="Sgtm"></g><g v="Geox"></g><g v="sing"></g><g v="gent"></g></l></v></tfr></token><token id="714849" text="закончилось"><tfr rev_id="1546705" t="закончилось"><v><l id="103837" t="закончился"><g v="VERB"></g><g v="perf"></g><g v="intr"></g><g v="neut"></g><g v="sing"></g><g v="past"></g><g v="indc"></g></l></v></tfr></token><token id="714850" text="печально"><tfr rev_id="1546706" t="печально"><v><l id="238188" t="печально"><g v="ADVB"></g><g v="Prdx"></g></l></v><v><l id="238192" t="печален"><g v="ADJS"></g><g v="Qual"></g><g v="neut"></g><g v="sing"></g></l></v></tfr></token><token id="714851" text="."><tfr rev_id="1546707" t="."><v><l id="0" t="."><g v="PNCT"></g></l></v></tfr></token></tokens></sentence><sentence id="40158"><source>Вернее, оно вообще не закончилось, а было прекращено в связи с массовым несчастным случаем.</source><tokens><token id="714852" text="Вернее"><tfr rev_id="1546708" t="Вернее"><v><l id="41452" t="вернее"><g v="CONJ"></g><g v="Prnt"></g></l></v><v><l id="41491" t="вернее"><g v="COMP"></g><g v="Qual"></g></l></v></tfr></token><token id="714853" text=","><tfr rev_id="1546709" t=","><v><l id="0" t=","><g v="PNCT"></g></l></v></tfr></token><token id="714854" text="оно"><tfr rev_id="3590806" t="оно"><v><l id="206649" t="оно"><g v="NPRO"></g><g v="neut"></g><g v="3per"></g><g v="Anph"></g><g v="sing"></g><g v="nomn"></g></l></v></tfr></token><token id="714855" text="вообще"><tfr rev_id="1546711" t="вообще"><v><l id="50732" t="вообще"><g v="CONJ"></g><g v="Prnt"></g></l></v><v><l id="50733" t="вообще"><g v="ADVB"></g></l></v></tfr></token><token id="714856" text="не"><tfr rev_id="1546712" t="не"><v><l id="178876" t="не"><g v="PRCL"></g></l></v></tfr></token><token id="714857" text="закончилось"><tfr rev_id="1546713" t="закончилось"><v><l id="103837" t="закончился"><g v="VERB"></g><g v="perf"></g><g v="intr"></g><g v="neut"></g><g v="sing"></g><g v="past"></g><g v="indc"></g></l></v></tfr></token><token id="714858" text=","><tfr rev_id="1546714" t=","><v><l id="0" t=","><g v="PNCT"></g></l></v></tfr></token><token id="714859" text="а"><tfr rev_id="1546715" t="а"><v><l id="51" t="а"><g v="CONJ"></g></l></v><v><l id="52" t="а"><g v="INTJ"></g></l></v><v><l id="53" t="а"><g v="PRCL"></g></l></v></tfr></token><token id="714860" text="было"><tfr rev_id="3946914" t="было"><v><l id="37265" t="есть"><g v="VERB"></g><g v="impf"></g><g v="intr"></g><g v="neut"></g><g v="sing"></g><g v="past"></g><g v="indc"></g></l></v></tfr></token><token id="714861" text="прекращено"><tfr rev_id="1546717" t="прекращено"><v><l id="267597" t="прекращён"><g v="PRTS"></g><g v="perf"></g><g v="past"></g><g v="pssv"></g><g v="neut"></g><g v="sing"></g></l></v></tfr></token><token id="714862" text="в"><tfr rev_id="1546718" t="в"><v><l id="37409" t="в"><g v="PREP"></g></l></v></tfr></token><token id="714863" text="связи"><tfr rev_id="4392974" t="связи"><v><l id="316572" t="связь"><g v="NOUN"></g><g v="inan"></g><g v="femn"></g><g v="sing"></g><g v="loc1"></g></l></v><v><l id="316572" t="связь"><g v="NOUN"></g><g v="inan"></g><g v="femn"></g><g v="sing"></g><g v="loc2"></g></l></v></tfr></token><token id="714864" text="с"><tfr rev_id="1546720" t="с"><v><l id="311151" t="с"><g v="PREP"></g></l></v></tfr></token><token id="714865" text="массовым"><tfr rev_id="4414421" t="массовым"><v><l id="156047" t="массовый"><g v="ADJF"></g><g v="masc"></g><g v="sing"></g><g v="ablt"></g></l></v></tfr></token><token id="714866" text="несчастным"><tfr rev_id="3544767" t="несчастным"><v><l id="188841" t="несчастный"><g v="ADJF"></g><g v="Subx"></g><g v="Qual"></g><g v="masc"></g><g v="sing"></g><g v="ablt"></g></l></v></tfr></token><token id="714867" text="случаем"><tfr rev_id="1546723" t="случаем"><v><l id="325470" t="случаем"><g v="ADVB"></g></l></v><v><l id="325471" t="случаем"><g v="CONJ"></g><g v="Prnt"></g></l></v><v><l id="325472" t="случай"><g v="NOUN"></g><g v="inan"></g><g v="masc"></g><g v="sing"></g><g v="ablt"></g></l></v><v><l id="325480" t="случаю"><g v="VERB"></g><g v="impf"></g><g v="tran"></g><g v="plur"></g><g v="1per"></g><g v="pres"></g><g v="indc"></g></l></v><v><l id="325485" t="случаем"><g v="PRTS"></g><g v="impf"></g><g v="pres"></g><g v="pssv"></g><g v="masc"></g><g v="sing"></g></l></v></tfr></token><token id="714868" text="."><tfr rev_id="1546724" t="."><v><l id="0" t="."><g v="PNCT"></g></l></v></tfr></token></tokens></sentence></paragraph><paragraph id="12931"><sentence id="40159"><source>В прошедшую субботу с утра события развивались нормально.</source><tokens><token id="714869" text="В"><tfr rev_id="1546725" t="В"><v><l id="37409" t="в"><g v="PREP"></g></l></v></tfr></token><token id="714870" text="прошедшую"><tfr rev_id="3695239" t="прошедшую"><v><l id="287612" t="прошедший"><g v="ADJF"></g><g v="femn"></g><g v="sing"></g><g v="accs"></g></l></v></tfr></token><token id="714871" text="субботу"><tfr rev_id="1546727" t="субботу"><v><l id="338556" t="суббота"><g v="NOUN"></g><g v="inan"></g><g v="femn"></g><g v="sing"></g><g v="accs"></g></l></v></tfr></token><token id="714872" text="с"><tfr rev_id="1546728" t="с"><v><l id="311151" t="с"><g v="PREP"></g></l></v></tfr></token><token id="714873" text="утра"><tfr rev_id="3496140" t="утра"><v><l id="362468" t="утро"><g v="NOUN"></g><g v="inan"></g><g v="neut"></g><g v="sing"></g><g v="gent"></g></l></v></tfr></token><token id="714874" text="события"><tfr rev_id="3795285" t="события"><v><l id="327850" t="событие"><g v="NOUN"></g><g v="inan"></g><g v="neut"></g><g v="plur"></g><g v="nomn"></g></l></v></tfr></token><token id="714875" text="развивались"><tfr rev_id="1546731" t="развивались"><v><l id="292486" t="развиваюсь"><g v="VERB"></g><g v="impf"></g><g v="intr"></g><g v="plur"></g><g v="past"></g><g v="indc"></g></l></v></tfr></token><token id="714876" text="нормально"><tfr rev_id="1546732" t="нормально"><v><l id="192216" t="нормально"><g v="ADVB"></g></l></v><v><l id="192219" t="нормален"><g v="ADJS"></g><g v="Qual"></g><g v="neut"></g><g v="sing"></g></l></v></tfr></token><token id="714877" text="."><tfr rev_id="1546733" t="."><v><l id="0" t="."><g v="PNCT"></g></l></v></tfr></token></tokens></sentence><sentence id="40160"><source>На поле в районе Археологического памятника римской эпохи в немецком Ксантене (Северный Рейн-Вестфалия) собралось, как обычно примерно 400 актеров и любителей, переодетых в форму римских легионеров, гладиаторов, ремесленников и обслуги периода начала первого тысячелетия.</source><tokens><token id="714878" text="На"><tfr rev_id="3340791" t="На"><v><l id="166264" t="на"><g v="PREP"></g></l></v></tfr></token><token id="714879" text="поле"><tfr rev_id="4485907" t="поле"><v><l id="255256" t="поле"><g v="NOUN"></g><g v="inan"></g><g v="neut"></g><g v="sing"></g><g v="loct"></g></l></v></tfr></token><token id="714880" text="в"><tfr rev_id="1546736" t="в"><v><l id="37409" t="в"><g v="PREP"></g></l></v></tfr></token><token id="714881" text="районе"><tfr rev_id="1546737" t="районе"><v><l id="297595" t="район"><g v="NOUN"></g><g v="inan"></g><g v="masc"></g><g v="sing"></g><g v="loct"></g></l></v></tfr></token><token id="714882" text="Археологического"><tfr rev_id="3655261" t="Археологического"><v><l id="17749" t="археологический"><g v="ADJF"></g><g v="masc"></g><g v="sing"></g><g v="gent"></g></l></v></tfr></token><token id="714883" text="памятника"><tfr rev_id="1546739" t="памятника"><v><l id="223152" t="памятник"><g v="NOUN"></g><g v="inan"></g><g v="masc"></g><g v="sing"></g><g v="gent"></g></l></v></tfr></token><token id="714884" text="римской"><tfr rev_id="4397813" t="римской"><v><l id="307710" t="римский"><g v="ADJF"></g><g v="femn"></g><g v="sing"></g><g v="gent"></g></l></v></tfr></token><token id="714885" text="эпохи"><tfr rev_id="3225260" t="эпохи"><v><l id="385893" t="эпоха"><g v="NOUN"></g><g v="inan"></g><g v="femn"></g><g v="sing"></g><g v="gent"></g></l></v></tfr></token><token id="714886" text="в"><tfr rev_id="1546742" t="в"><v><l id="37409" t="в"><g v="PREP"></g></l></v></tfr></token><token id="714887" text="немецком"><tfr rev_id="3408094" t="немецком"><v><l id="184078" t="немецкий"><g v="ADJF"></g><g v="masc"></g><g v="sing"></g><g v="loct"></g></l></v></tfr></token><token id="714888" text="Ксантене"><tfr rev_id="1546744" t="Ксантене"><v><l id="0" t="ксантене"><g v="UNKN"></g></l></v></tfr></token><token id="714889" text="("><tfr rev_id="1546745" t="("><v><l id="0" t="("><g v="PNCT"></g></l></v></tfr></token><token id="714890" text="Северный"><tfr rev_id="1546746" t="Северный"><v><l id="317517" t="северный"><g v="ADJF"></g><g v="Qual"></g><g v="masc"></g><g v="sing"></g><g v="nomn"></g></l></v><v><l id="317517" t="северный"><g v="ADJF"></g><g v="Qual"></g><g v="inan"></g><g v="masc"></g><g v="sing"></g><g v="accs"></g></l></v></tfr></token><token id="714891" text="Рейн"><tfr rev_id="2371048" t="Рейн"><v><l id="305544" t="рейн"><g v="NOUN"></g><g v="inan"></g><g v="masc"></g><g v="Geox"></g><g v="sing"></g><g v="nomn"></g></l></v><v><l id="305544" t="рейн"><g v="NOUN"></g><g v="inan"></g><g v="masc"></g><g v="Geox"></g><g v="sing"></g><g v="accs"></g></l></v></tfr></token><token id="714892" text="-"><tfr rev_id="1546748" t="-"><v><l id="0" t="-"><g v="PNCT"></g></l></v></tfr></token><token id="714893" text="Вестфалия"><tfr rev_id="1546749" t="Вестфалия"><v><l id="0" t="вестфалия"><g v="UNKN"></g></l></v></tfr></token><token id="714894" text=")"><tfr rev_id="1546750" t=")"><v><l id="0" t=")"><g v="PNCT"></g></l></v></tfr></token><token id="714895" text="собралось"><tfr rev_id="1546751" t="собралось"><v><l id="327823" t="собрался"><g v="VERB"></g><g v="perf"></g><g v="intr"></g><g v="neut"></g><g v="sing"></g><g v="past"></g><g v="indc"></g></l></v></tfr></token><token id="714896" text=","><tfr rev_id="1546752" t=","><v><l id="0" t=","><g v="PNCT"></g></l></v></tfr></token><token id="714897" text="как"><tfr rev_id="1546753" t="как"><v><l id="128190" t="как"><g v="CONJ"></g></l></v><v><l id="128191" t="как"><g v="PRCL"></g></l></v><v><l id="128192" t="как"><g v="ADVB"></g><g v="Ques"></g></l></v></tfr></token><token id="714898" text="обычно"><tfr rev_id="4093579" t="обычно"><v><l id="202047" t="обычно"><g v="ADVB"></g></l></v></tfr></token><token id="714899" text="примерно"><tfr rev_id="2691032" t="примерно"><v><l id="272014" t="примерно"><g v="ADVB"></g></l></v><v><l id="272017" t="примерен"><g v="ADJS"></g><g v="Qual"></g><g v="neut"></g><g v="sing"></g></l></v><v><l id="388671" t="примерно"><g v="PRCL"></g></l></v></tfr></token><token id="714900" text="400"><tfr rev_id="2463094" t="400"><v><l id="0" t="400"><g v="NUMB"></g></l></v></tfr></token><token id="714901" text="актеров"><tfr rev_id="2866469" t="актеров"><v><l id="7567" t="актёр"><g v="NOUN"></g><g v="anim"></g><g v="masc"></g><g v="plur"></g><g v="gent"></g></l></v></tfr></token><token id="714902" text="и"><tfr rev_id="1546758" t="и"><v><l id="116949" t="и"><g v="CONJ"></g></l></v><v><l id="116950" t="и"><g v="INTJ"></g></l></v></tfr></token><token id="714903" text="любителей"><tfr rev_id="3645267" t="любителей"><v><l id="151965" t="любитель"><g v="NOUN"></g><g v="anim"></g><g v="masc"></g><g v="plur"></g><g v="gent"></g></l></v></tfr></token><token id="714904" text=","><tfr rev_id="1546760" t=","><v><l id="0" t=","><g v="PNCT"></g></l></v></tfr></token><token id="714905" text="переодетых"><tfr rev_id="1546761" t="переодетых"><v><l id="232062" t="переодетый"><g v="ADJF"></g><g v="Qual"></g><g v="plur"></g><g v="gent"></g></l></v><v><l id="232062" t="переодетый"><g v="ADJF"></g><g v="Qual"></g><g v="anim"></g><g v="plur"></g><g v="accs"></g></l></v><v><l id="232062" t="переодетый"><g v="ADJF"></g><g v="Qual"></g><g v="plur"></g><g v="loct"></g></l></v><v><l id="232068" t="переодетый"><g v="PRTF"></g><g v="perf"></g><g v="tran"></g><g v="past"></g><g v="pssv"></g><g v="plur"></g><g v="gent"></g></l></v><v><l id="232068" t="переодетый"><g v="PRTF"></g><g v="perf"></g><g v="tran"></g><g v="past"></g><g v="pssv"></g><g v="anim"></g><g v="plur"></g><g v="accs"></g></l></v><v><l id="232068" t="переодетый"><g v="PRTF"></g><g v="perf"></g><g v="tran"></g><g v="past"></g><g v="pssv"></g><g v="plur"></g><g v="loct"></g></l></v></tfr></token><token id="714906" text="в"><tfr rev_id="1546762" t="в"><v><l id="37409" t="в"><g v="PREP"></g></l></v></tfr></token><token id="714907" text="форму"><tfr rev_id="1546763" t="форму"><v><l id="367077" t="форма"><g v="NOUN"></g><g v="inan"></g><g v="femn"></g><g v="sing"></g><g v="accs"></g></l></v></tfr></token><token id="714908" text="римских"><tfr rev_id="4426668" t="римских"><v><l id="307710" t="римский"><g v="ADJF"></g><g v="plur"></g><g v="gent"></g></l></v></tfr></token><token id="714909" text="легионеров"><tfr rev_id="4383029" t="легионеров"><v><l id="147508" t="легионер"><g v="NOUN"></g><g v="anim"></g><g v="masc"></g><g v="plur"></g><g v="gent"></g></l></v></tfr></token><token id="714910" text=","><tfr rev_id="1546766" t=","><v><l id="0" t=","><g v="PNCT"></g></l></v></tfr></token><token id="714911" text="гладиаторов"><tfr rev_id="4096589" t="гладиаторов"><v><l id="70908" t="гладиатор"><g v="NOUN"></g><g v="anim"></g><g v="masc"></g><g v="plur"></g><g v="gent"></g></l></v></tfr></token><token id="714912" text=","><tfr rev_id="1546768" t=","><v><l id="0" t=","><g v="PNCT"></g></l></v></tfr></token><token id="714913" text="ремесленников"><tfr rev_id="3547143" t="ремесленников"><v><l id="306057" t="ремесленник"><g v="NOUN"></g><g v="anim"></g><g v="masc"></g><g v="plur"></g><g v="gent"></g></l></v></tfr></token><token id="714914" text="и"><tfr rev_id="3557761" t="и"><v><l id="116949" t="и"><g v="CONJ"></g></l></v></tfr></token><token id="714915" text="обслуги"><tfr rev_id="3669370" t="обслуги"><v><l id="199764" t="обслуга"><g v="NOUN"></g><g v="inan"></g><g v="femn"></g><g v="Sgtm"></g><g v="sing"></g><g v="gent"></g></l></v></tfr></token><token id="714916" text="периода"><tfr rev_id="1546772" t="периода"><v><l id="237159" t="период"><g v="NOUN"></g><g v="inan"></g><g v="masc"></g><g v="sing"></g><g v="gent"></g></l></v></tfr></token><token id="714917" text="начала"><tfr rev_id="3545777" t="начала"><v><l id="178196" t="начало"><g v="NOUN"></g><g v="inan"></g><g v="neut"></g><g v="sing"></g><g v="gent"></g></l></v></tfr></token><token id="714918" text="первого"><tfr rev_id="4349858" t="первого"><v><l id="226359" t="первый"><g v="ADJF"></g><g v="Anum"></g><g v="neut"></g><g v="sing"></g><g v="gent"></g></l></v></tfr></token><token id="714919" text="тысячелетия"><tfr rev_id="3508725" t="тысячелетия"><v><l id="352256" t="тысячелетие"><g v="NOUN"></g><g v="inan"></g><g v="neut"></g><g v="sing"></g><g v="gent"></g></l></v></tfr></token><token id="714920" text="."><tfr rev_id="1546776" t="."><v><l id="0" t="."><g v="PNCT"></g></l></v></tfr></token></tokens></sentence><sentence id="40161"><source>Соответственно, зрителей было намного больше.</source><tokens><token id="714921" text="Соответственно"><tfr rev_id="3664196" t="Соответственно"><v><l id="329617" t="соответственно"><g v="ADVB"></g></l></v><v><l id="329618" t="соответственно"><g v="PREP"></g></l></v><v><l id="329621" t="соответствен"><g v="ADJS"></g><g v="neut"></g><g v="sing"></g></l></v><v><l id="388717" t="соответственно"><g v="CONJ"></g><g v="Prnt"></g></l></v></tfr></token><token id="714922" text=","><tfr rev_id="1546778" t=","><v><l id="0" t=","><g v="PNCT"></g></l></v></tfr></token><token id="714923" text="зрителей"><tfr rev_id="4202465" t="зрителей"><v><l id="116577" t="зритель"><g v="NOUN"></g><g v="anim"></g><g v="masc"></g><g v="plur"></g><g v="gent"></g></l></v></tfr></token><token id="714924" text="было"><tfr rev_id="2780902" t="было"><v><l id="37265" t="есть"><g v="VERB"></g><g v="impf"></g><g v="intr"></g><g v="neut"></g><g v="sing"></g><g v="past"></g><g v="indc"></g></l></v></tfr></token><token id="714925" text="намного"><tfr rev_id="1546781" t="намного"><v><l id="172603" t="намного"><g v="ADVB"></g></l></v></tfr></token><token id="714926" text="больше"><tfr rev_id="2558531" t="больше"><v><l id="32325" t="больше"><g v="ADVB"></g></l></v><v><l id="32447" t="больше"><g v="COMP"></g><g v="Qual"></g></l></v></tfr></token><token id="714927" text="."><tfr rev_id="1546783" t="."><v><l id="0" t="."><g v="PNCT"></g></l></v></tfr></token></tokens></sentence><sentence id="40162"><source>На это представление традиционно приезжают не только немцы, но и жители соседних стран.</source><tokens><token id="714928" text="На"><tfr rev_id="3475620" t="На"><v><l id="166264" t="на"><g v="PREP"></g></l></v></tfr></token><token id="714929" text="это"><tfr rev_id="4441919" t="это"><v><l id="386581" t="этот"><g v="ADJF"></g><g v="Subx"></g><g v="Apro"></g><g v="Anph"></g><g v="neut"></g><g v="sing"></g><g v="nomn"></g></l></v><v><l id="386581" t="этот"><g v="ADJF"></g><g v="Subx"></g><g v="Apro"></g><g v="Anph"></g><g v="neut"></g><g v="sing"></g><g v="accs"></g></l></v></tfr></token><token id="714930" text="представление"><tfr rev_id="4099569" t="представление"><v><l id="267110" t="представление"><g v="NOUN"></g><g v="inan"></g><g v="neut"></g><g v="sing"></g><g v="accs"></g></l></v></tfr></token><token id="714931" text="традиционно"><tfr rev_id="3646886" t="традиционно"><v><l id="388629" t="традиционно"><g v="ADVB"></g></l></v></tfr></token><token id="714932" text="приезжают"><tfr rev_id="1546788" t="приезжают"><v><l id="270333" t="приезжаю"><g v="VERB"></g><g v="impf"></g><g v="intr"></g><g v="plur"></g><g v="3per"></g><g v="pres"></g><g v="indc"></g></l></v></tfr></token><token id="714933" text="не"><tfr rev_id="1546789" t="не"><v><l id="178876" t="не"><g v="PRCL"></g></l></v></tfr></token><token id="714934" text="только"><tfr rev_id="3784239" t="только"><v><l id="347395" t="только"><g v="CONJ"></g></l></v><v><l id="347396" t="только"><g v="PRCL"></g></l></v><v><l id="390053" t="только"><g v="ADVB"></g></l></v></tfr></token><token id="714935" text="немцы"><tfr rev_id="1546791" t="немцы"><v><l id="184077" t="немец"><g v="NOUN"></g><g v="anim"></g><g v="masc"></g><g v="plur"></g><g v="nomn"></g></l></v></tfr></token><token id="714936" text=","><tfr rev_id="1546792" t=","><v><l id="0" t=","><g v="PNCT"></g></l></v></tfr></token><token id="714937" text="но"><tfr rev_id="4093009" t="но"><v><l id="191429" t="но"><g v="CONJ"></g></l></v></tfr></token><token id="714938" text="и"><tfr rev_id="3486681" t="и"><v><l id="116949" t="и"><g v="CONJ"></g></l></v></tfr></token><token id="714939" text="жители"><tfr rev_id="1546795" t="жители"><v><l id="97562" t="житель"><g v="NOUN"></g><g v="anim"></g><g v="masc"></g><g v="plur"></g><g v="nomn"></g></l></v></tfr></token><token id="714940" text="соседних"><tfr rev_id="4349536" t="соседних"><v><l id="330239" t="соседний"><g v="ADJF"></g><g v="plur"></g><g v="gent"></g></l></v></tfr></token><token id="714941" text="стран"><tfr rev_id="1546797" t="стран"><v><l id="337100" t="страна"><g v="NOUN"></g><g v="inan"></g><g v="femn"></g><g v="plur"></g><g v="gent"></g></l></v></tfr></token><token id="714942" text="."><tfr rev_id="1546798" t="."><v><l id="0" t="."><g v="PNCT"></g></l></v></tfr></token></tokens></sentence></paragraph><paragraph id="12932"><sentence id="40163"><source>К полудню небо покрылось грозовыми облаками и представление было приостановлено.</source><tokens><token id="714943" text="К"><tfr rev_id="1546799" t="К"><v><l id="127460" t="к"><g v="PREP"></g></l></v></tfr></token><token id="714944" text="полудню"><tfr rev_id="1546800" t="полудню"><v><l id="255238" t="полдень"><g v="NOUN"></g><g v="inan"></g><g v="masc"></g><g v="sing"></g><g v="datv"></g></l></v></tfr></token><token id="714945" text="небо"><tfr rev_id="3282280" t="небо"><v><l id="179438" t="небо"><g v="NOUN"></g><g v="inan"></g><g v="neut"></g><g v="sing"></g><g v="nomn"></g></l></v></tfr></token><token id="714946" text="покрылось"><tfr rev_id="1546802" t="покрылось"><v><l id="254944" t="покрылся"><g v="VERB"></g><g v="perf"></g><g v="intr"></g><g v="neut"></g><g v="sing"></g><g v="past"></g><g v="indc"></g></l></v></tfr></token><token id="714947" text="грозовыми"><tfr rev_id="1546803" t="грозовыми"><v><l id="75619" t="грозовой"><g v="ADJF"></g><g v="plur"></g><g v="ablt"></g></l></v></tfr></token><token id="714948" text="облаками"><tfr rev_id="1546804" t="облаками"><v><l id="196150" t="облако"><g v="NOUN"></g><g v="inan"></g><g v="neut"></g><g v="plur"></g><g v="ablt"></g></l></v></tfr></token><token id="714949" text="и"><tfr rev_id="3551016" t="и"><v><l id="116949" t="и"><g v="CONJ"></g></l></v></tfr></token><token id="714950" text="представление"><tfr rev_id="4211246" t="представление"><v><l id="267110" t="представление"><g v="NOUN"></g><g v="inan"></g><g v="neut"></g><g v="sing"></g><g v="nomn"></g></l></v></tfr></token><token id="714951" text="было"><tfr rev_id="3946836" t="было"><v><l id="37265" t="есть"><g v="VERB"></g><g v="impf"></g><g v="intr"></g><g v="neut"></g><g v="sing"></g><g v="past"></g><g v="indc"></g></l></v></tfr></token><token id="714952" text="приостановлено"><tfr rev_id="1546808" t="приостановлено"><v><l id="272861" t="приостановлен"><g v="PRTS"></g><g v="perf"></g><g v="past"></g><g v="pssv"></g><g v="neut"></g><g v="sing"></g></l></v></tfr></token><token id="714953" text="."><tfr rev_id="1546809" t="."><v><l id="0" t="."><g v="PNCT"></g></l></v></tfr></token></tokens></sentence><sentence id="40164"><source>В 15:15 грянул первый болезненный удар молнии в километре от театра.</source><tokens><token id="714954" text="В"><tfr rev_id="1546810" t="В"><v><l id="37409" t="в"><g v="PREP"></g></l></v></tfr></token><token id="714955" text="15:15"><tfr rev_id="4567416" t="15:15"><v><l id="0" t="15:15"><g v="TIME"></g></l></v></tfr></token><token id="714956" text="грянул"><tfr rev_id="1546812" t="грянул"><v><l id="76328" t="грянул"><g v="VERB"></g><g v="perf"></g><g v="intr"></g><g v="masc"></g><g v="sing"></g><g v="past"></g><g v="indc"></g></l></v></tfr></token><token id="714957" text="первый"><tfr rev_id="1546813" t="первый"><v><l id="226359" t="первый"><g v="ADJF"></g><g v="Anum"></g><g v="masc"></g><g v="sing"></g><g v="nomn"></g></l></v><v><l id="226359" t="первый"><g v="ADJF"></g><g v="Anum"></g><g v="inan"></g><g v="masc"></g><g v="sing"></g><g v="accs"></g></l></v></tfr></token><token id="714958" text="болезненный"><tfr rev_id="1546814" t="болезненный"><v><l id="32071" t="болезненный"><g v="ADJF"></g><g v="Qual"></g><g v="masc"></g><g v="sing"></g><g v="nomn"></g></l></v><v><l id="32071" t="болезненный"><g v="ADJF"></g><g v="Qual"></g><g v="inan"></g><g v="masc"></g><g v="sing"></g><g v="accs"></g></l></v></tfr></token><token id="714959" text="удар"><tfr rev_id="1546815" t="удар"><v><l id="354672" t="удар"><g v="NOUN"></g><g v="inan"></g><g v="masc"></g><g v="sing"></g><g v="nomn"></g></l></v><v><l id="354672" t="удар"><g v="NOUN"></g><g v="inan"></g><g v="masc"></g><g v="sing"></g><g v="accs"></g></l></v></tfr></token><token id="714960" text="молнии"><tfr rev_id="4164393" t="молнии"><v><l id="162795" t="молния"><g v="NOUN"></g><g v="inan"></g><g v="femn"></g><g v="sing"></g><g v="gent"></g></l></v></tfr></token><token id="714961" text="в"><tfr rev_id="1546817" t="в"><v><l id="37409" t="в"><g v="PREP"></g></l></v></tfr></token><token id="714962" text="километре"><tfr rev_id="1546818" t="километре"><v><l id="132850" t="километр"><g v="NOUN"></g><g v="inan"></g><g v="masc"></g><g v="sing"></g><g v="loct"></g></l></v></tfr></token><token id="714963" text="от"><tfr rev_id="1546819" t="от"><v><l id="211644" t="от"><g v="PREP"></g></l></v></tfr></token><token id="714964" text="театра"><tfr rev_id="1546820" t="театра"><v><l id="343862" t="театр"><g v="NOUN"></g><g v="inan"></g><g v="masc"></g><g v="sing"></g><g v="gent"></g></l></v></tfr></token><token id="714965" text="."><tfr rev_id="1546821" t="."><v><l id="0" t="."><g v="PNCT"></g></l></v></tfr></token></tokens></sentence><sentence id="40165"><source>Он пришёлся в крышу двухэтажного дома.</source><tokens><token id="714966" text="Он"><tfr rev_id="3575899" t="Он"><v><l id="206541" t="он"><g v="NPRO"></g><g v="masc"></g><g v="3per"></g><g v="Anph"></g><g v="sing"></g><g v="nomn"></g></l></v></tfr></token><token id="714967" text="пришёлся"><tfr rev_id="1546823" t="пришёлся"><v><l id="270741" t="пришёлся"><g v="VERB"></g><g v="perf"></g><g v="intr"></g><g v="masc"></g><g v="sing"></g><g v="past"></g><g v="indc"></g></l></v></tfr></token><token id="714968" text="в"><tfr rev_id="1546824" t="в"><v><l id="37409" t="в"><g v="PREP"></g></l></v></tfr></token><token id="714969" text="крышу"><tfr rev_id="1546825" t="крышу"><v><l id="144000" t="крыша"><g v="NOUN"></g><g v="inan"></g><g v="femn"></g><g v="sing"></g><g v="accs"></g></l></v></tfr></token><token id="714970" text="двухэтажного"><tfr rev_id="4464389" t="двухэтажного"><v><l id="390612" t="двухэтажный"><g v="ADJF"></g><g v="anim"></g><g v="masc"></g><g v="sing"></g><g v="accs"></g></l></v><v><l id="390612" t="двухэтажный"><g v="ADJF"></g><g v="masc"></g><g v="sing"></g><g v="gent"></g></l></v></tfr></token><token id="714971" text="дома"><tfr rev_id="4286709" t="дома"><v><l id="88152" t="дом"><g v="NOUN"></g><g v="inan"></g><g v="masc"></g><g v="sing"></g><g v="gen1"></g></l></v></tfr></token><token id="714972" text="."><tfr rev_id="1546828" t="."><v><l id="0" t="."><g v="PNCT"></g></l></v></tfr></token></tokens></sentence><sentence id="40166"><source>Стропила вспыхнули и начался пожар.</source><tokens><token id="714973" text="Стропила"><tfr rev_id="3798345" t="Стропила"><v><l id="337828" t="стропило"><g v="NOUN"></g><g v="inan"></g><g v="neut"></g><g v="plur"></g><g v="nomn"></g></l></v></tfr></token><token id="714974" text="вспыхнули"><tfr rev_id="1546830" t="вспыхнули"><v><l id="54373" t="вспыхнул"><g v="VERB"></g><g v="perf"></g><g v="intr"></g><g v="plur"></g><g v="past"></g><g v="indc"></g></l></v></tfr></token><token id="714975" text="и"><tfr rev_id="1546831" t="и"><v><l id="116949" t="и"><g v="CONJ"></g></l></v><v><l id="116950" t="и"><g v="INTJ"></g></l></v></tfr></token><token id="714976" text="начался"><tfr rev_id="1546832" t="начался"><v><l id="178230" t="начался"><g v="VERB"></g><g v="perf"></g><g v="intr"></g><g v="masc"></g><g v="sing"></g><g v="past"></g><g v="indc"></g></l></v></tfr></token><token id="714977" text="пожар"><tfr rev_id="3497447" t="пожар"><v><l id="253036" t="пожар"><g v="NOUN"></g><g v="inan"></g><g v="masc"></g><g v="sing"></g><g v="nomn"></g></l></v></tfr></token><token id="714978" text="."><tfr rev_id="1546834" t="."><v><l id="0" t="."><g v="PNCT"></g></l></v></tfr></token></tokens></sentence></paragraph><paragraph id="12933"><sentence id="40167"><source>в 15:30 грозовой фронт приблизился к праздничной толпе.</source><tokens><token id="714979" text="в"><tfr rev_id="1546835" t="в"><v><l id="37409" t="в"><g v="PREP"></g></l></v></tfr></token><token id="714980" text="15:30"><tfr rev_id="4567417" t="15:30"><v><l id="0" t="15:30"><g v="TIME"></g></l></v></tfr></token><token id="714981" text="грозовой"><tfr rev_id="3282725" t="грозовой"><v><l id="75619" t="грозовой"><g v="ADJF"></g><g v="masc"></g><g v="sing"></g><g v="nomn"></g></l></v></tfr></token><token id="714982" text="фронт"><tfr rev_id="4211005" t="фронт"><v><l id="368357" t="фронт"><g v="NOUN"></g><g v="inan"></g><g v="masc"></g><g v="sing"></g><g v="nomn"></g></l></v></tfr></token><token id="714983" text="приблизился"><tfr rev_id="1546839" t="приблизился"><v><l id="268851" t="приблизился"><g v="VERB"></g><g v="perf"></g><g v="intr"></g><g v="masc"></g><g v="sing"></g><g v="past"></g><g v="indc"></g></l></v></tfr></token><token id="714984" text="к"><tfr rev_id="1546840" t="к"><v><l id="127460" t="к"><g v="PREP"></g></l></v></tfr></token><token id="714985" text="праздничной"><tfr rev_id="4166023" t="праздничной"><v><l id="265831" t="праздничный"><g v="ADJF"></g><g v="Qual"></g><g v="femn"></g><g v="sing"></g><g v="datv"></g></l></v></tfr></token><token id="714986" text="толпе"><tfr rev_id="3446931" t="толпе"><v><l id="347211" t="толпа"><g v="NOUN"></g><g v="inan"></g><g v="femn"></g><g v="sing"></g><g v="datv"></g></l></v></tfr></token><token id="714987" text="."><tfr rev_id="1546843" t="."><v><l id="0" t="."><g v="PNCT"></g></l></v></tfr></token></tokens></sentence><sentence id="40168"><source>Люди попрятались везде, куда было возможно, в том числе и под деревья.</source><tokens><token id="714988" text="Люди"><tfr rev_id="1546844" t="Люди"><v><l id="375073" t="человек"><g v="NOUN"></g><g v="anim"></g><g v="masc"></g><g v="plur"></g><g v="nomn"></g></l></v></tfr></token><token id="714989" text="попрятались"><tfr rev_id="1546845" t="попрятались"><v><l id="259692" t="попрятался"><g v="VERB"></g><g v="perf"></g><g v="intr"></g><g v="plur"></g><g v="past"></g><g v="indc"></g></l></v></tfr></token><token id="714990" text="везде"><tfr rev_id="1546846" t="везде"><v><l id="40406" t="везде"><g v="ADVB"></g></l></v></tfr></token><token id="714991" text=","><tfr rev_id="1546847" t=","><v><l id="0" t=","><g v="PNCT"></g></l></v></tfr></token><token id="714992" text="куда"><tfr rev_id="4508667" t="куда"><v><l id="144374" t="куда"><g v="ADVB"></g><g v="Ques"></g></l></v><v><l id="144375" t="куда"><g v="NOUN"></g><g v="inan"></g><g v="femn"></g><g v="Sgtm"></g><g v="Geox"></g><g v="sing"></g><g v="nomn"></g></l></v><v><l id="390062" t="куда"><g v="PRCL"></g></l></v><v><l id="390962" t="куда"><g v="CONJ"></g></l></v></tfr></token><token id="714993" text="было"><tfr rev_id="3335560" t="было"><v><l id="37265" t="есть"><g v="VERB"></g><g v="impf"></g><g v="intr"></g><g v="neut"></g><g v="sing"></g><g v="past"></g><g v="indc"></g></l></v></tfr></token><token id="714994" text="возможно"><tfr rev_id="1546850" t="возможно"><v><l id="49408" t="возможно"><g v="ADVB"></g><g v="Prdx"></g></l></v><v><l id="49409" t="возможно"><g v="CONJ"></g><g v="Prnt"></g></l></v><v><l id="49413" t="возможен"><g v="ADJS"></g><g v="Qual"></g><g v="neut"></g><g v="sing"></g></l></v></tfr></token><token id="714995" text=","><tfr rev_id="1546851" t=","><v><l id="0" t=","><g v="PNCT"></g></l></v></tfr></token><token id="714996" text="в"><tfr rev_id="1546852" t="в"><v><l id="37409" t="в"><g v="PREP"></g></l></v></tfr></token><token id="714997" text="том"><tfr rev_id="4362688" t="том"><v><l id="348430" t="тот"><g v="ADJF"></g><g v="Subx"></g><g v="Apro"></g><g v="Anph"></g><g v="neut"></g><g v="sing"></g><g v="loct"></g></l></v></tfr></token><token id="714998" text="числе"><tfr rev_id="1546854" t="числе"><v><l id="376585" t="число"><g v="NOUN"></g><g v="inan"></g><g v="neut"></g><g v="sing"></g><g v="loct"></g></l></v></tfr></token><token id="714999" text="и"><tfr rev_id="1546855" t="и"><v><l id="116949" t="и"><g v="CONJ"></g></l></v><v><l id="116950" t="и"><g v="INTJ"></g></l></v></tfr></token><token id="715000" text="под"><tfr rev_id="2560312" t="под"><v><l id="243755" t="под"><g v="PREP"></g></l></v></tfr></token><token id="715001" text="деревья"><tfr rev_id="3727483" t="деревья"><v><l id="81658" t="дерево"><g v="NOUN"></g><g v="inan"></g><g v="neut"></g><g v="plur"></g><g v="accs"></g></l></v></tfr></token><token id="715002" text="."><tfr rev_id="1546858" t="."><v><l id="0" t="."><g v="PNCT"></g></l></v></tfr></token></tokens></sentence><sentence id="40169"><source>Сильнейший удар молнии пришелся как раз между деревьями, под которыми скрывалось несколько десятков человек.</source><tokens><token id="715003" text="Сильнейший"><tfr rev_id="4579846" t="Сильнейший"><v><l id="320513" t="сильнейший"><g v="ADJF"></g><g v="Supr"></g><g v="Qual"></g><g v="masc"></g><g v="sing"></g><g v="nomn"></g></l></v><v><l id="320513" t="сильнейший"><g v="ADJF"></g><g v="Supr"></g><g v="Qual"></g><g v="inan"></g><g v="masc"></g><g v="sing"></g><g v="accs"></g></l></v></tfr></token><token id="715004" text="удар"><tfr rev_id="3269509" t="удар"><v><l id="354672" t="удар"><g v="NOUN"></g><g v="inan"></g><g v="masc"></g><g v="sing"></g><g v="nomn"></g></l></v></tfr></token><token id="715005" text="молнии"><tfr rev_id="4164392" t="молнии"><v><l id="162795" t="молния"><g v="NOUN"></g><g v="inan"></g><g v="femn"></g><g v="sing"></g><g v="gent"></g></l></v></tfr></token><token id="715006" text="пришелся"><tfr rev_id="1546862" t="пришелся"><v><l id="270741" t="пришёлся"><g v="VERB"></g><g v="perf"></g><g v="intr"></g><g v="masc"></g><g v="sing"></g><g v="past"></g><g v="indc"></g></l></v></tfr></token><token id="715007" text="как"><tfr rev_id="1546863" t="как"><v><l id="128190" t="как"><g v="CONJ"></g></l></v><v><l id="128191" t="как"><g v="PRCL"></g></l></v><v><l id="128192" t="как"><g v="ADVB"></g><g v="Ques"></g></l></v></tfr></token><token id="715008" text="раз"><tfr rev_id="4507790" t="раз"><v><l id="291499" t="раз"><g v="ADVB"></g></l></v></tfr></token><token id="715009" text="между"><tfr rev_id="1546865" t="между"><v><l id="157306" t="между"><g v="PREP"></g></l></v></tfr></token><token id="715010" text="деревьями"><tfr rev_id="1546866" t="деревьями"><v><l id="81658" t="дерево"><g v="NOUN"></g><g v="inan"></g><g v="neut"></g><g v="plur"></g><g v="ablt"></g></l></v></tfr></token><token id="715011" text=","><tfr rev_id="1546867" t=","><v><l id="0" t=","><g v="PNCT"></g></l></v></tfr></token><token id="715012" text="под"><tfr rev_id="1717994" t="под"><v><l id="243755" t="под"><g v="PREP"></g></l></v></tfr></token><token id="715013" text="которыми"><tfr rev_id="3644524" t="которыми"><v><l id="141203" t="который"><g v="ADJF"></g><g v="Apro"></g><g v="Subx"></g><g v="Anph"></g><g v="plur"></g><g v="ablt"></g></l></v></tfr></token><token id="715014" text="скрывалось"><tfr rev_id="1546870" t="скрывалось"><v><l id="323795" t="скрываюсь"><g v="VERB"></g><g v="impf"></g><g v="intr"></g><g v="neut"></g><g v="sing"></g><g v="past"></g><g v="indc"></g></l></v></tfr></token><token id="715015" text="несколько"><tfr rev_id="4170671" t="несколько"><v><l id="188126" t="несколько"><g v="NUMR"></g><g v="nomn"></g></l></v><v><l id="188126" t="несколько"><g v="NUMR"></g><g v="inan"></g><g v="accs"></g></l></v></tfr></token><token id="715016" text="десятков"><tfr rev_id="4323961" t="десятков"><v><l id="82106" t="десяток"><g v="NOUN"></g><g v="inan"></g><g v="masc"></g><g v="plur"></g><g v="gent"></g></l></v></tfr></token><token id="715017" text="человек"><tfr rev_id="3225331" t="человек"><v><l id="375073" t="человек"><g v="NOUN"></g><g v="anim"></g><g v="masc"></g><g v="plur"></g><g v="gent"></g></l></v></tfr></token><token id="715018" text="."><tfr rev_id="1546874" t="."><v><l id="0" t="."><g v="PNCT"></g></l></v></tfr></token></tokens></sentence><sentence id="40170"><source>Специалисты потом не могли понять, почему молния ударила не в деревья, а в землю между ними.</source><tokens><token id="715019" text="Специалисты"><tfr rev_id="1546875" t="Специалисты"><v><l id="331871" t="специалист"><g v="NOUN"></g><g v="anim"></g><g v="masc"></g><g v="plur"></g><g v="nomn"></g></l></v></tfr></token><token id="715020" text="потом"><tfr rev_id="4264048" t="потом"><v><l id="263319" t="потом"><g v="ADVB"></g></l></v></tfr></token><token id="715021" text="не"><tfr rev_id="1546877" t="не"><v><l id="178876" t="не"><g v="PRCL"></g></l></v></tfr></token><token id="715022" text="могли"><tfr rev_id="1546878" t="могли"><v><l id="164485" t="могу"><g v="VERB"></g><g v="impf"></g><g v="intr"></g><g v="plur"></g><g v="past"></g><g v="indc"></g></l></v></tfr></token><token id="715023" text="понять"><tfr rev_id="1546879" t="понять"><v><l id="258712" t="понять"><g v="INFN"></g><g v="perf"></g><g v="tran"></g></l></v></tfr></token><token id="715024" text=","><tfr rev_id="1546880" t=","><v><l id="0" t=","><g v="PNCT"></g></l></v></tfr></token><token id="715025" text="почему"><tfr rev_id="1546881" t="почему"><v><l id="264705" t="почему"><g v="ADVB"></g><g v="Ques"></g></l></v></tfr></token><token id="715026" text="молния"><tfr rev_id="1546882" t="молния"><v><l id="162795" t="молния"><g v="NOUN"></g><g v="inan"></g><g v="femn"></g><g v="sing"></g><g v="nomn"></g></l></v></tfr></token><token id="715027" text="ударила"><tfr rev_id="1546883" t="ударила"><v><l id="354677" t="ударил"><g v="VERB"></g><g v="perf"></g><g v="tran"></g><g v="femn"></g><g v="sing"></g><g v="past"></g><g v="indc"></g></l></v></tfr></token><token id="715028" text="не"><tfr rev_id="1546884" t="не"><v><l id="178876" t="не"><g v="PRCL"></g></l></v></tfr></token><token id="715029" text="в"><tfr rev_id="1546885" t="в"><v><l id="37409" t="в"><g v="PREP"></g></l></v></tfr></token><token id="715030" text="деревья"><tfr rev_id="3751685" t="деревья"><v><l id="81658" t="дерево"><g v="NOUN"></g><g v="inan"></g><g v="neut"></g><g v="plur"></g><g v="accs"></g></l></v></tfr></token><token id="715031" text=","><tfr rev_id="1546887" t=","><v><l id="0" t=","><g v="PNCT"></g></l></v></tfr></token><token id="715032" text="а"><tfr rev_id="1546888" t="а"><v><l id="51" t="а"><g v="CONJ"></g></l></v><v><l id="52" t="а"><g v="INTJ"></g></l></v><v><l id="53" t="а"><g v="PRCL"></g></l></v></tfr></token><token id="715033" text="в"><tfr rev_id="1546889" t="в"><v><l id="37409" t="в"><g v="PREP"></g></l></v></tfr></token><token id="715034" text="землю"><tfr rev_id="1546890" t="землю"><v><l id="115091" t="земля"><g v="NOUN"></g><g v="inan"></g><g v="femn"></g><g v="sing"></g><g v="accs"></g></l></v></tfr></token><token id="715035" text="между"><tfr rev_id="1546891" t="между"><v><l id="157306" t="между"><g v="PREP"></g></l></v></tfr></token><token id="715036" text="ними"><tfr rev_id="3605745" t="ними"><v><l id="206619" t="они"><g v="NPRO"></g><g v="3per"></g><g v="Anph"></g><g v="plur"></g><g v="ablt"></g><g v="Af-p"></g></l></v></tfr></token><token id="715037" text="."><tfr rev_id="1546893" t="."><v><l id="0" t="."><g v="PNCT"></g></l></v></tfr></token></tokens></sentence><sentence id="40171"><source>В результате было тяжело ранено 13 человек.</source><tokens><token id="715038" text="В"><tfr rev_id="1546894" t="В"><v><l id="37409" t="в"><g v="PREP"></g></l></v></tfr></token><token id="715039" text="результате"><tfr rev_id="1546895" t="результате"><v><l id="305391" t="результат"><g v="NOUN"></g><g v="inan"></g><g v="masc"></g><g v="sing"></g><g v="loct"></g></l></v></tfr></token><token id="715040" text="было"><tfr rev_id="2781043" t="было"><v><l id="37265" t="есть"><g v="VERB"></g><g v="impf"></g><g v="intr"></g><g v="neut"></g><g v="sing"></g><g v="past"></g><g v="indc"></g></l></v></tfr></token><token id="715041" text="тяжело"><tfr rev_id="1546897" t="тяжело"><v><l id="352657" t="тяжёл"><g v="ADJS"></g><g v="Qual"></g><g v="neut"></g><g v="sing"></g></l></v><v><l id="352689" t="тяжело"><g v="ADVB"></g><g v="Prdx"></g></l></v></tfr></token><token id="715042" text="ранено"><tfr rev_id="4347959" t="ранено"><v><l id="297935" t="ранен"><g v="PRTS"></g><g v="perf"></g><g v="past"></g><g v="pssv"></g><g v="neut"></g><g v="sing"></g></l></v><v><l id="297936" t="ранен"><g v="PRTS"></g><g v="impf"></g><g v="past"></g><g v="pssv"></g><g v="neut"></g><g v="sing"></g></l></v></tfr></token><token id="715043" text="13"><tfr rev_id="2463097" t="13"><v><l id="0" t="13"><g v="NUMB"></g></l></v></tfr></token><token id="715044" text="человек"><tfr rev_id="3473208" t="человек"><v><l id="375073" t="человек"><g v="NOUN"></g><g v="anim"></g><g v="masc"></g><g v="plur"></g><g v="gent"></g></l></v></tfr></token><token id="715045" text="."><tfr rev_id="1546901" t="."><v><l id="0" t="."><g v="PNCT"></g></l></v></tfr></token></tokens></sentence><sentence id="40172"><source>Большинство получили сильные ожоги.</source><tokens><token id="715046" text="Большинство"><tfr rev_id="4233511" t="Большинство"><v><l id="32441" t="большинство"><g v="NOUN"></g><g v="inan"></g><g v="neut"></g><g v="Sgtm"></g><g v="sing"></g><g v="nomn"></g></l></v></tfr></token><token id="715047" text="получили"><tfr rev_id="1546903" t="получили"><v><l id="256959" t="получил"><g v="VERB"></g><g v="perf"></g><g v="tran"></g><g v="plur"></g><g v="past"></g><g v="indc"></g></l></v></tfr></token><token id="715048" text="сильные"><tfr rev_id="3750283" t="сильные"><v><l id="320610" t="сильный"><g v="ADJF"></g><g v="Qual"></g><g v="inan"></g><g v="plur"></g><g v="accs"></g></l></v></tfr></token><token id="715049" text="ожоги"><tfr rev_id="3757425" t="ожоги"><v><l id="203972" t="ожог"><g v="NOUN"></g><g v="inan"></g><g v="masc"></g><g v="plur"></g><g v="accs"></g></l></v></tfr></token><token id="715050" text="."><tfr rev_id="1546906" t="."><v><l id="0" t="."><g v="PNCT"></g></l></v></tfr></token></tokens></sentence><sentence id="40173"><source>особенно пострадала девочка 14-летнего возраста и взрослый мужчина.</source><tokens><token id="715051" text="особенно"><tfr rev_id="3426616" t="особенно"><v><l id="210627" t="особенно"><g v="ADVB"></g></l></v><v><l id="210630" t="особен"><g v="ADJS"></g><g v="Qual"></g><g v="neut"></g><g v="sing"></g></l></v><v><l id="388746" t="особенно"><g v="PRCL"></g></l></v></tfr></token><token id="715052" text="пострадала"><tfr rev_id="1546908" t="пострадала"><v><l id="262435" t="пострадал"><g v="VERB"></g><g v="perf"></g><g v="intr"></g><g v="femn"></g><g v="sing"></g><g v="past"></g><g v="indc"></g></l></v></tfr></token><token id="715053" text="девочка"><tfr rev_id="1546909" t="девочка"><v><l id="79375" t="девочка"><g v="NOUN"></g><g v="anim"></g><g v="femn"></g><g v="sing"></g><g v="nomn"></g></l></v></tfr></token><token id="715054" text="14-летнего"><tfr rev_id="1546910" t="14-летнего"><v><l id="0" t="14-летнего"><g v="UNKN"></g></l></v></tfr></token><token id="715055" text="возраста"><tfr rev_id="1546911" t="возраста"><v><l id="49611" t="возраст"><g v="NOUN"></g><g v="inan"></g><g v="masc"></g><g v="sing"></g><g v="gent"></g></l></v></tfr></token><token id="715056" text="и"><tfr rev_id="1546912" t="и"><v><l id="116949" t="и"><g v="CONJ"></g></l></v><v><l id="116950" t="и"><g v="INTJ"></g></l></v></tfr></token><token id="715057" text="взрослый"><tfr rev_id="4407006" t="взрослый"><v><l id="44098" t="взрослый"><g v="ADJF"></g><g v="Qual"></g><g v="masc"></g><g v="sing"></g><g v="nomn"></g></l></v></tfr></token><token id="715058" text="мужчина"><tfr rev_id="1546914" t="мужчина"><v><l id="164766" t="мужчина"><g v="NOUN"></g><g v="anim"></g><g v="masc"></g><g v="sing"></g><g v="nomn"></g></l></v></tfr></token><token id="715059" text="."><tfr rev_id="1546915" t="."><v><l id="0" t="."><g v="PNCT"></g></l></v></tfr></token></tokens></sentence><sentence id="40174"><source>Оба упали замертво и только усиленная реанимация вернула их к жизни.</source><tokens><token id="715060" text="Оба"><tfr rev_id="1546916" t="Оба"><v><l id="193002" t="оба"><g v="NUMR"></g><g v="masc"></g><g v="nomn"></g></l></v><v><l id="193002" t="оба"><g v="NUMR"></g><g v="inan"></g><g v="masc"></g><g v="accs"></g></l></v><v><l id="193002" t="оба"><g v="NUMR"></g><g v="neut"></g><g v="nomn"></g></l></v><v><l id="193002" t="оба"><g v="NUMR"></g><g v="inan"></g><g v="neut"></g><g v="accs"></g></l></v></tfr></token><token id="715061" text="упали"><tfr rev_id="1546917" t="упали"><v><l id="358667" t="упал"><g v="VERB"></g><g v="perf"></g><g v="intr"></g><g v="plur"></g><g v="past"></g><g v="indc"></g></l></v></tfr></token><token id="715062" text="замертво"><tfr rev_id="1546918" t="замертво"><v><l id="105457" t="замертво"><g v="ADVB"></g></l></v></tfr></token><token id="715063" text="и"><tfr rev_id="1546919" t="и"><v><l id="116949" t="и"><g v="CONJ"></g></l></v><v><l id="116950" t="и"><g v="INTJ"></g></l></v></tfr></token><token id="715064" text="только"><tfr rev_id="3784240" t="только"><v><l id="347395" t="только"><g v="CONJ"></g></l></v><v><l id="347396" t="только"><g v="PRCL"></g></l></v><v><l id="390053" t="только"><g v="ADVB"></g></l></v></tfr></token><token id="715065" text="усиленная"><tfr rev_id="1546921" t="усиленная"><v><l id="360391" t="усиленный"><g v="ADJF"></g><g v="Qual"></g><g v="femn"></g><g v="sing"></g><g v="nomn"></g></l></v><v><l id="360414" t="усиленный"><g v="PRTF"></g><g v="perf"></g><g v="tran"></g><g v="past"></g><g v="pssv"></g><g v="femn"></g><g v="sing"></g><g v="nomn"></g></l></v></tfr></token><token id="715066" text="реанимация"><tfr rev_id="1546922" t="реанимация"><v><l id="304466" t="реанимация"><g v="NOUN"></g><g v="inan"></g><g v="femn"></g><g v="sing"></g><g v="nomn"></g></l></v></tfr></token><token id="715067" text="вернула"><tfr rev_id="1546923" t="вернула"><v><l id="41479" t="вернул"><g v="VERB"></g><g v="perf"></g><g v="tran"></g><g v="femn"></g><g v="sing"></g><g v="past"></g><g v="indc"></g></l></v></tfr></token><token id="715068" text="их"><tfr rev_id="4476404" t="их"><v><l id="206619" t="они"><g v="NPRO"></g><g v="3per"></g><g v="Anph"></g><g v="plur"></g><g v="gent"></g></l></v><v><l id="206619" t="они"><g v="NPRO"></g><g v="3per"></g><g v="Anph"></g><g v="plur"></g><g v="accs"></g></l></v></tfr></token><token id="715069" text="к"><tfr rev_id="1546925" t="к"><v><l id="127460" t="к"><g v="PREP"></g></l></v></tfr></token><token id="715070" text="жизни"><tfr rev_id="3947494" t="жизни"><v><l id="97314" t="жизнь"><g v="NOUN"></g><g v="inan"></g><g v="femn"></g><g v="sing"></g><g v="datv"></g></l></v></tfr></token><token id="715071" text="."><tfr rev_id="1546927" t="."><v><l id="0" t="."><g v="PNCT"></g></l></v></tfr></token></tokens></sentence><sentence id="40175"><source>Все пострадавшие были эвакуированы на вертолётах и машинах скорой помощи в больницы.</source><tokens><token id="715072" text="Все"><tfr rev_id="4410159" t="Все"><v><l id="42156" t="весь"><g v="ADJF"></g><g v="Subx"></g><g v="Apro"></g><g v="inan"></g><g v="plur"></g><g v="accs"></g></l></v><v><l id="42156" t="весь"><g v="ADJF"></g><g v="Subx"></g><g v="Apro"></g><g v="neut"></g><g v="sing"></g><g v="accs"></g></l></v><v><l id="42156" t="весь"><g v="ADJF"></g><g v="Subx"></g><g v="Apro"></g><g v="neut"></g><g v="sing"></g><g v="nomn"></g></l></v><v><l id="42156" t="весь"><g v="ADJF"></g><g v="Subx"></g><g v="Apro"></g><g v="plur"></g><g v="nomn"></g></l></v></tfr></token><token id="715073" text="пострадавшие"><tfr rev_id="4319698" t="пострадавшие"><v><l id="262437" t="пострадавший"><g v="PRTF"></g><g v="Subx"></g><g v="perf"></g><g v="intr"></g><g v="past"></g><g v="actv"></g><g v="plur"></g><g v="nomn"></g></l></v><v><l id="262437" t="пострадавший"><g v="PRTF"></g><g v="Subx"></g><g v="perf"></g><g v="intr"></g><g v="past"></g><g v="actv"></g><g v="inan"></g><g v="plur"></g><g v="accs"></g></l></v></tfr></token><token id="715074" text="были"><tfr rev_id="1715101" t="были"><v><l id="37265" t="есть"><g v="VERB"></g><g v="impf"></g><g v="intr"></g><g v="plur"></g><g v="past"></g><g v="indc"></g></l></v></tfr></token><token id="715075" text="эвакуированы"><tfr rev_id="1546931" t="эвакуированы"><v><l id="382728" t="эвакуирован"><g v="PRTS"></g><g v="perf"></g><g v="past"></g><g v="pssv"></g><g v="plur"></g></l></v><v><l id="382729" t="эвакуирован"><g v="PRTS"></g><g v="impf"></g><g v="past"></g><g v="pssv"></g><g v="plur"></g></l></v></tfr></token><token id="715076" text="на"><tfr rev_id="3338445" t="на"><v><l id="166264" t="на"><g v="PREP"></g></l></v></tfr></token><token id="715077" text="вертолётах"><tfr rev_id="1546933" t="вертолётах"><v><l id="41653" t="вертолёт"><g v="NOUN"></g><g v="inan"></g><g v="masc"></g><g v="plur"></g><g v="loct"></g></l></v></tfr></token><token id="715078" text="и"><tfr rev_id="1546934" t="и"><v><l id="116949" t="и"><g v="CONJ"></g></l></v><v><l id="116950" t="и"><g v="INTJ"></g></l></v></tfr></token><token id="715079" text="машинах"><tfr rev_id="1546935" t="машинах"><v><l id="156690" t="машина"><g v="NOUN"></g><g v="inan"></g><g v="femn"></g><g v="plur"></g><g v="loct"></g></l></v></tfr></token><token id="715080" text="скорой"><tfr rev_id="4423179" t="скорой"><v><l id="323375" t="скорый"><g v="ADJF"></g><g v="Qual"></g><g v="femn"></g><g v="sing"></g><g v="gent"></g></l></v></tfr></token><token id="715081" text="помощи"><tfr rev_id="4314095" t="помощи"><v><l id="257960" t="помощь"><g v="NOUN"></g><g v="inan"></g><g v="femn"></g><g v="sing"></g><g v="gent"></g></l></v></tfr></token><token id="715082" text="в"><tfr rev_id="1546938" t="в"><v><l id="37409" t="в"><g v="PREP"></g></l></v></tfr></token><token id="715083" text="больницы"><tfr rev_id="3795665" t="больницы"><v><l id="32305" t="больница"><g v="NOUN"></g><g v="inan"></g><g v="femn"></g><g v="plur"></g><g v="accs"></g></l></v></tfr></token><token id="715084" text="."><tfr rev_id="1546940" t="."><v><l id="0" t="."><g v="PNCT"></g></l></v></tfr></token></tokens></sentence></paragraph><paragraph id="12934"><sentence id="40176"><source>Изучая место происшествия, следственная группа обнаружила между деревьями в почве дыру от молнии, глубиной 60 см.</source><tokens><token id="715085" text="Изучая"><tfr rev_id="1546941" t="Изучая"><v><l id="120788" t="изучая"><g v="GRND"></g><g v="impf"></g><g v="tran"></g><g v="pres"></g></l></v></tfr></token><token id="715086" text="место"><tfr rev_id="3689147" t="место"><v><l id="158822" t="место"><g v="NOUN"></g><g v="inan"></g><g v="neut"></g><g v="sing"></g><g v="accs"></g></l></v></tfr></token><token id="715087" text="происшествия"><tfr rev_id="3450091" t="происшествия"><v><l id="280293" t="происшествие"><g v="NOUN"></g><g v="inan"></g><g v="neut"></g><g v="sing"></g><g v="gent"></g></l></v></tfr></token><token id="715088" text=","><tfr rev_id="1546944" t=","><v><l id="0" t=","><g v="PNCT"></g></l></v></tfr></token><token id="715089" text="следственная"><tfr rev_id="1546945" t="следственная"><v><l id="324762" t="следственный"><g v="ADJF"></g><g v="femn"></g><g v="sing"></g><g v="nomn"></g></l></v></tfr></token><token id="715090" text="группа"><tfr rev_id="1546946" t="группа"><v><l id="76092" t="группа"><g v="NOUN"></g><g v="inan"></g><g v="femn"></g><g v="sing"></g><g v="nomn"></g></l></v></tfr></token><token id="715091" text="обнаружила"><tfr rev_id="1546947" t="обнаружила"><v><l id="197779" t="обнаружил"><g v="VERB"></g><g v="perf"></g><g v="tran"></g><g v="femn"></g><g v="sing"></g><g v="past"></g><g v="indc"></g></l></v></tfr></token><token id="715092" text="между"><tfr rev_id="1546948" t="между"><v><l id="157306" t="между"><g v="PREP"></g></l></v></tfr></token><token id="715093" text="деревьями"><tfr rev_id="1546949" t="деревьями"><v><l id="81658" t="дерево"><g v="NOUN"></g><g v="inan"></g><g v="neut"></g><g v="plur"></g><g v="ablt"></g></l></v></tfr></token><token id="715094" text="в"><tfr rev_id="1546950" t="в"><v><l id="37409" t="в"><g v="PREP"></g></l></v></tfr></token><token id="715095" text="почве"><tfr rev_id="3540012" t="почве"><v><l id="264656" t="почва"><g v="NOUN"></g><g v="inan"></g><g v="femn"></g><g v="sing"></g><g v="loct"></g></l></v></tfr></token><token id="715096" text="дыру"><tfr rev_id="1546952" t="дыру"><v><l id="93539" t="дыра"><g v="NOUN"></g><g v="inan"></g><g v="femn"></g><g v="sing"></g><g v="accs"></g></l></v></tfr></token><token id="715097" text="от"><tfr rev_id="1546953" t="от"><v><l id="211644" t="от"><g v="PREP"></g></l></v></tfr></token><token id="715098" text="молнии"><tfr rev_id="4269931" t="молнии"><v><l id="162795" t="молния"><g v="NOUN"></g><g v="inan"></g><g v="femn"></g><g v="sing"></g><g v="gent"></g></l></v></tfr></token><token id="715099" text=","><tfr rev_id="1546955" t=","><v><l id="0" t=","><g v="PNCT"></g></l></v></tfr></token><token id="715100" text="глубиной"><tfr rev_id="1546956" t="глубиной"><v><l id="71435" t="глубина"><g v="NOUN"></g><g v="inan"></g><g v="femn"></g><g v="sing"></g><g v="ablt"></g></l></v></tfr></token><token id="715101" text="60"><tfr rev_id="2463098" t="60"><v><l id="0" t="60"><g v="NUMB"></g></l></v></tfr></token><token id="715102" text="см"><tfr rev_id="4203734" t="см"><v><l id="389044" t="см"><g v="NOUN"></g><g v="inan"></g><g v="masc"></g><g v="Fixd"></g><g v="Abbr"></g><g v="plur"></g><g v="nomn"></g></l></v><v><l id="389044" t="см"><g v="NOUN"></g><g v="inan"></g><g v="masc"></g><g v="Fixd"></g><g v="Abbr"></g><g v="plur"></g><g v="gent"></g></l></v><v><l id="389044" t="см"><g v="NOUN"></g><g v="inan"></g><g v="masc"></g><g v="Fixd"></g><g v="Abbr"></g><g v="plur"></g><g v="datv"></g></l></v><v><l id="389044" t="см"><g v="NOUN"></g><g v="inan"></g><g v="masc"></g><g v="Fixd"></g><g v="Abbr"></g><g v="plur"></g><g v="accs"></g></l></v><v><l id="389044" t="см"><g v="NOUN"></g><g v="inan"></g><g v="masc"></g><g v="Fixd"></g><g v="Abbr"></g><g v="plur"></g><g v="ablt"></g></l></v><v><l id="389044" t="см"><g v="NOUN"></g><g v="inan"></g><g v="masc"></g><g v="Fixd"></g><g v="Abbr"></g><g v="plur"></g><g v="loct"></g></l></v></tfr></token><token id="715103" text="."><tfr rev_id="1546959" t="."><v><l id="0" t="."><g v="PNCT"></g></l></v></tfr></token></tokens></sentence><sentence id="40177"><source>Очевидцы, получившие шок, потом рассказывали, что людей разметало в радиусе 20-ти метров.</source><tokens><token id="715104" text="Очевидцы"><tfr rev_id="1546960" t="Очевидцы"><v><l id="221647" t="очевидец"><g v="NOUN"></g><g v="anim"></g><g v="masc"></g><g v="plur"></g><g v="nomn"></g></l></v></tfr></token><token id="715105" text=","><tfr rev_id="1546961" t=","><v><l id="0" t=","><g v="PNCT"></g></l></v></tfr></token><token id="715106" text="получившие"><tfr rev_id="1546962" t="получившие"><v><l id="256961" t="получивший"><g v="PRTF"></g><g v="perf"></g><g v="tran"></g><g v="past"></g><g v="actv"></g><g v="plur"></g><g v="nomn"></g></l></v><v><l id="256961" t="получивший"><g v="PRTF"></g><g v="perf"></g><g v="tran"></g><g v="past"></g><g v="actv"></g><g v="inan"></g><g v="plur"></g><g v="accs"></g></l></v></tfr></token><token id="715107" text="шок"><tfr rev_id="1546963" t="шок"><v><l id="380707" t="шок"><g v="NOUN"></g><g v="inan"></g><g v="masc"></g><g v="sing"></g><g v="nomn"></g></l></v><v><l id="380707" t="шок"><g v="NOUN"></g><g v="inan"></g><g v="masc"></g><g v="sing"></g><g v="accs"></g></l></v></tfr></token><token id="715108" text=","><tfr rev_id="1546964" t=","><v><l id="0" t=","><g v="PNCT"></g></l></v></tfr></token><token id="715109" text="потом"><tfr rev_id="4265040" t="потом"><v><l id="263319" t="потом"><g v="ADVB"></g></l></v></tfr></token><token id="715110" text="рассказывали"><tfr rev_id="1546966" t="рассказывали"><v><l id="300983" t="рассказываю"><g v="VERB"></g><g v="impf"></g><g v="tran"></g><g v="plur"></g><g v="past"></g><g v="indc"></g></l></v></tfr></token><token id="715111" text=","><tfr rev_id="1546967" t=","><v><l id="0" t=","><g v="PNCT"></g></l></v></tfr></token><token id="715112" text="что"><tfr rev_id="3197901" t="что"><v><l id="377004" t="что"><g v="CONJ"></g></l></v><v><l id="377005" t="что"><g v="NPRO"></g><g v="neut"></g><g v="sing"></g><g v="nomn"></g></l></v><v><l id="377005" t="что"><g v="NPRO"></g><g v="neut"></g><g v="sing"></g><g v="accs"></g></l></v><v><l id="377006" t="что"><g v="ADVB"></g><g v="Ques"></g></l></v><v><l id="388695" t="что"><g v="PRCL"></g></l></v></tfr></token><token id="715113" text="людей"><tfr rev_id="2866499" t="людей"><v><l id="375073" t="человек"><g v="NOUN"></g><g v="anim"></g><g v="masc"></g><g v="plur"></g><g v="accs"></g></l></v></tfr></token><token id="715114" text="разметало"><tfr rev_id="1546970" t="разметало"><v><l id="295060" t="разметаю"><g v="VERB"></g><g v="impf"></g><g v="tran"></g><g v="neut"></g><g v="sing"></g><g v="past"></g><g v="indc"></g></l></v><v><l id="295067" t="разметал"><g v="VERB"></g><g v="perf"></g><g v="tran"></g><g v="neut"></g><g v="sing"></g><g v="past"></g><g v="indc"></g></l></v></tfr></token><token id="715115" text="в"><tfr rev_id="1546971" t="в"><v><l id="37409" t="в"><g v="PREP"></g></l></v></tfr></token><token id="715116" text="радиусе"><tfr rev_id="1546972" t="радиусе"><v><l id="291347" t="радиус"><g v="NOUN"></g><g v="inan"></g><g v="masc"></g><g v="sing"></g><g v="loct"></g></l></v></tfr></token><token id="715117" text="20-ти"><tfr rev_id="1546973" t="20-ти"><v><l id="0" t="20-ти"><g v="UNKN"></g></l></v></tfr></token><token id="715118" text="метров"><tfr rev_id="4329346" t="метров"><v><l id="159296" t="метр"><g v="NOUN"></g><g v="inan"></g><g v="masc"></g><g v="plur"></g><g v="gent"></g></l></v></tfr></token><token id="715119" text="."><tfr rev_id="1546975" t="."><v><l id="0" t="."><g v="PNCT"></g></l></v></tfr></token></tokens></sentence></paragraph><paragraph id="12935"><sentence id="40178"><source>После всего случившегося театрализованное представление было прекращено и в воскресенье не возобновлено.</source><tokens><token id="715120" text="После"><tfr rev_id="4407024" t="После"><v><l id="261542" t="после"><g v="PREP"></g></l></v></tfr></token><token id="715121" text="всего"><tfr rev_id="4508517" t="всего"><v><l id="42156" t="весь"><g v="ADJF"></g><g v="Subx"></g><g v="Apro"></g><g v="neut"></g><g v="sing"></g><g v="gent"></g></l></v></tfr></token><token id="715122" text="случившегося"><tfr rev_id="3443287" t="случившегося"><v><l id="325500" t="случившийся"><g v="PRTF"></g><g v="perf"></g><g v="intr"></g><g v="past"></g><g v="actv"></g><g v="neut"></g><g v="sing"></g><g v="gent"></g></l></v></tfr></token><token id="715123" text="театрализованное"><tfr rev_id="1546979" t="театрализованное"><v><l id="343865" t="театрализованный"><g v="ADJF"></g><g v="neut"></g><g v="sing"></g><g v="nomn"></g></l></v><v><l id="343865" t="театрализованный"><g v="ADJF"></g><g v="neut"></g><g v="sing"></g><g v="accs"></g></l></v><v><l id="343876" t="театрализованный"><g v="PRTF"></g><g v="perf"></g><g v="tran"></g><g v="past"></g><g v="pssv"></g><g v="neut"></g><g v="sing"></g><g v="nomn"></g></l></v><v><l id="343876" t="театрализованный"><g v="PRTF"></g><g v="perf"></g><g v="tran"></g><g v="past"></g><g v="pssv"></g><g v="neut"></g><g v="sing"></g><g v="accs"></g></l></v><v><l id="343877" t="театрализованный"><g v="PRTF"></g><g v="impf"></g><g v="tran"></g><g v="past"></g><g v="pssv"></g><g v="neut"></g><g v="sing"></g><g v="nomn"></g></l></v><v><l id="343877" t="театрализованный"><g v="PRTF"></g><g v="impf"></g><g v="tran"></g><g v="past"></g><g v="pssv"></g><g v="neut"></g><g v="sing"></g><g v="accs"></g></l></v></tfr></token><token id="715124" text="представление"><tfr rev_id="1546980" t="представление"><v><l id="267110" t="представление"><g v="NOUN"></g><g v="inan"></g><g v="neut"></g><g v="sing"></g><g v="nomn"></g></l></v><v><l id="267110" t="представление"><g v="NOUN"></g><g v="inan"></g><g v="neut"></g><g v="sing"></g><g v="accs"></g></l></v></tfr></token><token id="715125" text="было"><tfr rev_id="3125063" t="было"><v><l id="37265" t="есть"><g v="VERB"></g><g v="impf"></g><g v="intr"></g><g v="neut"></g><g v="sing"></g><g v="past"></g><g v="indc"></g></l></v></tfr></token><token id="715126" text="прекращено"><tfr rev_id="1546982" t="прекращено"><v><l id="267597" t="прекращён"><g v="PRTS"></g><g v="perf"></g><g v="past"></g><g v="pssv"></g><g v="neut"></g><g v="sing"></g></l></v></tfr></token><token id="715127" text="и"><tfr rev_id="1546983" t="и"><v><l id="116949" t="и"><g v="CONJ"></g></l></v><v><l id="116950" t="и"><g v="INTJ"></g></l></v></tfr></token><token id="715128" text="в"><tfr rev_id="1546984" t="в"><v><l id="37409" t="в"><g v="PREP"></g></l></v></tfr></token><token id="715129" text="воскресенье"><tfr rev_id="4458203" t="воскресенье"><v><l id="51393" t="воскресение"><g v="NOUN"></g><g v="inan"></g><g v="neut"></g><g v="sing"></g><g v="accs"></g><g v="V-be"></g></l></v><v><l id="51406" t="воскресенье"><g v="NOUN"></g><g v="inan"></g><g v="neut"></g><g v="sing"></g><g v="accs"></g></l></v></tfr></token><token id="715130" text="не"><tfr rev_id="1546986" t="не"><v><l id="178876" t="не"><g v="PRCL"></g></l></v></tfr></token><token id="715131" text="возобновлено"><tfr rev_id="1546987" t="возобновлено"><v><l id="49563" t="возобновлён"><g v="PRTS"></g><g v="perf"></g><g v="past"></g><g v="pssv"></g><g v="neut"></g><g v="sing"></g></l></v></tfr></token><token id="715132" text="."><tfr rev_id="1546988" t="."><v><l id="0" t="."><g v="PNCT"></g></l></v></tfr></token></tokens></sentence></paragraph><paragraph id="12936"><sentence id="40179"><source>В Ксантене в римскую эпоху были расквартированы два римских легиона.</source><tokens><token id="715133" text="В"><tfr rev_id="1546989" t="В"><v><l id="37409" t="в"><g v="PREP"></g></l></v></tfr></token><token id="715134" text="Ксантене"><tfr rev_id="1546990" t="Ксантене"><v><l id="0" t="ксантене"><g v="UNKN"></g></l></v></tfr></token><token id="715135" text="в"><tfr rev_id="1546991" t="в"><v><l id="37409" t="в"><g v="PREP"></g></l></v></tfr></token><token id="715136" text="римскую"><tfr rev_id="3411836" t="римскую"><v><l id="307710" t="римский"><g v="ADJF"></g><g v="femn"></g><g v="sing"></g><g v="accs"></g></l></v></tfr></token><token id="715137" text="эпоху"><tfr rev_id="1546993" t="эпоху"><v><l id="385893" t="эпоха"><g v="NOUN"></g><g v="inan"></g><g v="femn"></g><g v="sing"></g><g v="accs"></g></l></v></tfr></token><token id="715138" text="были"><tfr rev_id="1715831" t="были"><v><l id="37265" t="есть"><g v="VERB"></g><g v="impf"></g><g v="intr"></g><g v="plur"></g><g v="past"></g><g v="indc"></g></l></v></tfr></token><token id="715139" text="расквартированы"><tfr rev_id="1546995" t="расквартированы"><v><l id="298280" t="расквартирован"><g v="PRTS"></g><g v="perf"></g><g v="past"></g><g v="pssv"></g><g v="plur"></g></l></v></tfr></token><token id="715140" text="два"><tfr rev_id="4450494" t="два"><v><l id="78668" t="два"><g v="NUMR"></g><g v="masc"></g><g v="nomn"></g></l></v><v><l id="78668" t="два"><g v="NUMR"></g><g v="inan"></g><g v="masc"></g><g v="accs"></g></l></v><v><l id="78668" t="два"><g v="NUMR"></g><g v="neut"></g><g v="nomn"></g></l></v><v><l id="78668" t="два"><g v="NUMR"></g><g v="inan"></g><g v="neut"></g><g v="accs"></g></l></v></tfr></token><token id="715141" text="римских"><tfr rev_id="4428302" t="римских"><v><l id="307710" t="римский"><g v="ADJF"></g><g v="plur"></g><g v="gent"></g></l></v></tfr></token><token id="715142" text="легиона"><tfr rev_id="1546998" t="легиона"><v><l id="147507" t="легион"><g v="NOUN"></g><g v="inan"></g><g v="masc"></g><g v="sing"></g><g v="gent"></g></l></v></tfr></token><token id="715143" text="."><tfr rev_id="1546999" t="."><v><l id="0" t="."><g v="PNCT"></g></l></v></tfr></token></tokens></sentence><sentence id="40180"><source>Это был самый северный пункт расположения римлян в Европе.</source><tokens><token id="715144" text="Это"><tfr rev_id="4441920" t="Это"><v><l id="386574" t="это"><g v="PRCL"></g></l></v><v><l id="386575" t="это"><g v="NPRO"></g><g v="neut"></g><g v="sing"></g><g v="nomn"></g></l></v><v><l id="386575" t="это"><g v="NPRO"></g><g v="neut"></g><g v="sing"></g><g v="accs"></g></l></v><v><l id="386581" t="этот"><g v="ADJF"></g><g v="Subx"></g><g v="Apro"></g><g v="Anph"></g><g v="neut"></g><g v="sing"></g><g v="nomn"></g></l></v><v><l id="386581" t="этот"><g v="ADJF"></g><g v="Subx"></g><g v="Apro"></g><g v="Anph"></g><g v="neut"></g><g v="sing"></g><g v="accs"></g></l></v></tfr></token><token id="715145" text="был"><tfr rev_id="1547001" t="был"><v><l id="37265" t="есть"><g v="VERB"></g><g v="impf"></g><g v="intr"></g><g v="masc"></g><g v="sing"></g><g v="past"></g><g v="indc"></g></l></v></tfr></token><token id="715146" text="самый"><tfr rev_id="1547002" t="самый"><v><l id="313174" t="самый"><g v="ADJF"></g><g v="Apro"></g><g v="masc"></g><g v="sing"></g><g v="nomn"></g></l></v><v><l id="313174" t="самый"><g v="ADJF"></g><g v="Apro"></g><g v="inan"></g><g v="masc"></g><g v="sing"></g><g v="accs"></g></l></v></tfr></token><token id="715147" text="северный"><tfr rev_id="1547003" t="северный"><v><l id="317517" t="северный"><g v="ADJF"></g><g v="Qual"></g><g v="masc"></g><g v="sing"></g><g v="nomn"></g></l></v><v><l id="317517" t="северный"><g v="ADJF"></g><g v="Qual"></g><g v="inan"></g><g v="masc"></g><g v="sing"></g><g v="accs"></g></l></v></tfr></token><token id="715148" text="пункт"><tfr rev_id="1547004" t="пункт"><v><l id="289177" t="пункт"><g v="NOUN"></g><g v="inan"></g><g v="masc"></g><g v="sing"></g><g v="nomn"></g></l></v><v><l id="289177" t="пункт"><g v="NOUN"></g><g v="inan"></g><g v="masc"></g><g v="sing"></g><g v="accs"></g></l></v></tfr></token><token id="715149" text="расположения"><tfr rev_id="1717685" t="расположения"><v><l id="300099" t="расположение"><g v="NOUN"></g><g v="inan"></g><g v="neut"></g><g v="sing"></g><g v="gent"></g></l></v></tfr></token><token id="715150" text="римлян"><tfr rev_id="4257382" t="римлян"><v><l id="307703" t="римлянин"><g v="NOUN"></g><g v="anim"></g><g v="masc"></g><g v="plur"></g><g v="gent"></g></l></v></tfr></token><token id="715151" text="в"><tfr rev_id="1547007" t="в"><v><l id="37409" t="в"><g v="PREP"></g></l></v></tfr></token><token id="715152" text="Европе"><tfr rev_id="3556344" t="Европе"><v><l id="94019" t="европа"><g v="NOUN"></g><g v="inan"></g><g v="femn"></g><g v="Sgtm"></g><g v="Geox"></g><g v="sing"></g><g v="loct"></g></l></v></tfr></token><token id="715153" text="."><tfr rev_id="1547009" t="."><v><l id="0" t="."><g v="PNCT"></g></l></v></tfr></token></tokens></sentence><sentence id="40181"><source>С той эпохи остался археологический парк с рахвалинами амфитеатра, а в наши дни в июне традиционно проходит праздник под название"Мечи, хлеб и игры".</source><tokens><token id="715154" text="С"><tfr rev_id="1547010" t="С"><v><l id="311151" t="с"><g v="PREP"></g></l></v></tfr></token><token id="715155" text="той"><tfr rev_id="4292446" t="той"><v><l id="348430" t="тот"><g v="ADJF"></g><g v="Subx"></g><g v="Apro"></g><g v="Anph"></g><g v="femn"></g><g v="sing"></g><g v="gent"></g></l></v><v><l id="348430" t="тот"><g v="ADJF"></g><g v="Subx"></g><g v="Apro"></g><g v="Anph"></g><g v="femn"></g><g v="sing"></g><g v="datv"></g></l></v><v><l id="348430" t="тот"><g v="ADJF"></g><g v="Subx"></g><g v="Apro"></g><g v="Anph"></g><g v="femn"></g><g v="sing"></g><g v="ablt"></g></l></v><v><l id="348430" t="тот"><g v="ADJF"></g><g v="Subx"></g><g v="Apro"></g><g v="Anph"></g><g v="femn"></g><g v="sing"></g><g v="loct"></g></l></v></tfr></token><token id="715156" text="эпохи"><tfr rev_id="3523542" t="эпохи"><v><l id="385893" t="эпоха"><g v="NOUN"></g><g v="inan"></g><g v="femn"></g><g v="sing"></g><g v="gent"></g></l></v></tfr></token><token id="715157" text="остался"><tfr rev_id="1547013" t="остался"><v><l id="210896" t="остался"><g v="VERB"></g><g v="perf"></g><g v="intr"></g><g v="masc"></g><g v="sing"></g><g v="past"></g><g v="indc"></g></l></v></tfr></token><token id="715158" text="археологический"><tfr rev_id="1547014" t="археологический"><v><l id="17749" t="археологический"><g v="ADJF"></g><g v="masc"></g><g v="sing"></g><g v="nomn"></g></l></v><v><l id="17749" t="археологический"><g v="ADJF"></g><g v="inan"></g><g v="masc"></g><g v="sing"></g><g v="accs"></g></l></v></tfr></token><token id="715159" text="парк"><tfr rev_id="1547015" t="парк"><v><l id="224117" t="парк"><g v="NOUN"></g><g v="inan"></g><g v="masc"></g><g v="sing"></g><g v="nomn"></g></l></v><v><l id="224117" t="парк"><g v="NOUN"></g><g v="inan"></g><g v="masc"></g><g v="sing"></g><g v="accs"></g></l></v></tfr></token><token id="715160" text="с"><tfr rev_id="1547016" t="с"><v><l id="311151" t="с"><g v="PREP"></g></l></v></tfr></token><token id="715161" text="рахвалинами"><tfr rev_id="1547017" t="рахвалинами"><v><l id="0" t="рахвалинами"><g v="UNKN"></g></l></v></tfr></token><token id="715162" text="амфитеатра"><tfr rev_id="1547018" t="амфитеатра"><v><l id="12092" t="амфитеатр"><g v="NOUN"></g><g v="inan"></g><g v="masc"></g><g v="sing"></g><g v="gent"></g></l></v></tfr></token><token id="715163" text=","><tfr rev_id="1547019" t=","><v><l id="0" t=","><g v="PNCT"></g></l></v></tfr></token><token id="715164" text="а"><tfr rev_id="1547020" t="а"><v><l id="51" t="а"><g v="CONJ"></g></l></v><v><l id="52" t="а"><g v="INTJ"></g></l></v><v><l id="53" t="а"><g v="PRCL"></g></l></v></tfr></token><token id="715165" text="в"><tfr rev_id="1547021" t="в"><v><l id="37409" t="в"><g v="PREP"></g></l></v></tfr></token><token id="715166" text="наши"><tfr rev_id="3793498" t="наши"><v><l id="178492" t="наш"><g v="ADJF"></g><g v="Apro"></g><g v="inan"></g><g v="plur"></g><g v="accs"></g></l></v></tfr></token><token id="715167" text="дни"><tfr rev_id="3749583" t="дни"><v><l id="81427" t="день"><g v="NOUN"></g><g v="inan"></g><g v="masc"></g><g v="plur"></g><g v="accs"></g></l></v></tfr></token><token id="715168" text="в"><tfr rev_id="1547024" t="в"><v><l id="37409" t="в"><g v="PREP"></g></l></v></tfr></token><token id="715169" text="июне"><tfr rev_id="1547025" t="июне"><v><l id="127302" t="июнь"><g v="NOUN"></g><g v="inan"></g><g v="masc"></g><g v="sing"></g><g v="loct"></g></l></v></tfr></token><token id="715170" text="традиционно"><tfr rev_id="3646887" t="традиционно"><v><l id="388629" t="традиционно"><g v="ADVB"></g></l></v></tfr></token><token id="715171" text="проходит"><tfr rev_id="1547027" t="проходит"><v><l id="287183" t="прохожу"><g v="VERB"></g><g v="impf"></g><g v="tran"></g><g v="sing"></g><g v="3per"></g><g v="pres"></g><g v="indc"></g></l></v><v><l id="287190" t="проходил"><g v="VERB"></g><g v="perf"></g><g v="intr"></g><g v="sing"></g><g v="3per"></g><g v="futr"></g><g v="indc"></g></l></v></tfr></token><token id="715172" text="праздник"><tfr rev_id="1547028" t="праздник"><v><l id="265823" t="праздник"><g v="NOUN"></g><g v="inan"></g><g v="masc"></g><g v="sing"></g><g v="nomn"></g></l></v><v><l id="265823" t="праздник"><g v="NOUN"></g><g v="inan"></g><g v="masc"></g><g v="sing"></g><g v="accs"></g></l></v></tfr></token><token id="715173" text="под"><tfr rev_id="1671195" t="под"><v><l id="243755" t="под"><g v="PREP"></g></l></v></tfr></token><token id="715174" text="название"><tfr rev_id="1547030" t="название"><v><l id="170336" t="название"><g v="NOUN"></g><g v="inan"></g><g v="neut"></g><g v="sing"></g><g v="nomn"></g></l></v><v><l id="170336" t="название"><g v="NOUN"></g><g v="inan"></g><g v="neut"></g><g v="sing"></g><g v="accs"></g></l></v></tfr></token><token id="715175" text="&quot;"><tfr rev_id="1547031" t="&quot;"><v><l id="0" t="&quot;"><g v="PNCT"></g></l></v></tfr></token><token id="715176" text="Мечи"><tfr rev_id="3757917" t="Мечи"><v><l id="159448" t="меч"><g v="NOUN"></g><g v="inan"></g><g v="masc"></g><g v="plur"></g><g v="nomn"></g></l></v></tfr></token><token id="715177" text=","><tfr rev_id="1547033" t=","><v><l id="0" t=","><g v="PNCT"></g></l></v></tfr></token><token id="715178" text="хлеб"><tfr rev_id="4093137" t="хлеб"><v><l id="370427" t="хлеб"><g v="NOUN"></g><g v="inan"></g><g v="masc"></g><g v="sing"></g><g v="nomn"></g></l></v></tfr></token><token id="715179" text="и"><tfr rev_id="1547035" t="и"><v><l id="116949" t="и"><g v="CONJ"></g></l></v><v><l id="116950" t="и"><g v="INTJ"></g></l></v></tfr></token><token id="715180" text="игры"><tfr rev_id="3800782" t="игры"><v><l id="117293" t="игра"><g v="NOUN"></g><g v="inan"></g><g v="femn"></g><g v="plur"></g><g v="nomn"></g></l></v></tfr></token><token id="715181" text="&quot;"><tfr rev_id="1547037" t="&quot;"><v><l id="0" t="&quot;"><g v="PNCT"></g></l></v></tfr></token><token id="715182" text="."><tfr rev_id="1547038" t="."><v><l id="0" t="."><g v="PNCT"></g></l></v></tfr></token></tokens></sentence></paragraph></paragraphs></text>