<?xml version="1.0" encoding="utf-8"?><text id="144" parent="56" name="Второй тур президентских выборов в Финляндии"><tags><tag>url:http://ru.wikinews.org/w/index.php?title=Второй_тур_президентских_выборов_в_Финляндии&amp;oldid=54698</tag><tag>Автор:http://ru.wikinews.org/wiki/Участник:Ygrek</tag><tag>Дата:29/01</tag><tag>Год:2006</tag><tag>Гео:ВикиКатегория:Финляндия</tag><tag>Тема:ВикиКатегория:Политика</tag></tags><paragraphs><paragraph id="3014"><sentence id="9547"><source>В Финляндии прошёл второй тур президентских выборов.</source><tokens><token id="182377" text="В"><tfr rev_id="1017153" t="В"><v><l id="37409" t="в"><g v="PREP"></g></l></v></tfr></token><token id="182378" text="Финляндии"><tfr rev_id="3457046" t="Финляндии"><v><l id="366154" t="финляндия"><g v="NOUN"></g><g v="inan"></g><g v="femn"></g><g v="Sgtm"></g><g v="Geox"></g><g v="sing"></g><g v="loct"></g></l></v></tfr></token><token id="182379" text="прошёл"><tfr rev_id="1017155" t="прошёл"><v><l id="280310" t="прошёл"><g v="VERB"></g><g v="perf"></g><g v="tran"></g><g v="masc"></g><g v="sing"></g><g v="past"></g><g v="indc"></g></l></v></tfr></token><token id="182380" text="второй"><tfr rev_id="4216177" t="второй"><v><l id="55043" t="второй"><g v="ADJF"></g><g v="Anum"></g><g v="masc"></g><g v="sing"></g><g v="nomn"></g></l></v><v><l id="55043" t="второй"><g v="ADJF"></g><g v="Anum"></g><g v="inan"></g><g v="masc"></g><g v="sing"></g><g v="accs"></g></l></v></tfr></token><token id="182381" text="тур"><tfr rev_id="4218320" t="тур"><v><l id="351654" t="тур"><g v="NOUN"></g><g v="inan"></g><g v="masc"></g><g v="sing"></g><g v="nomn"></g></l></v><v><l id="351654" t="тур"><g v="NOUN"></g><g v="inan"></g><g v="masc"></g><g v="sing"></g><g v="accs"></g></l></v></tfr></token><token id="182382" text="президентских"><tfr rev_id="3668537" t="президентских"><v><l id="267451" t="президентский"><g v="ADJF"></g><g v="plur"></g><g v="gent"></g></l></v></tfr></token><token id="182383" text="выборов"><tfr rev_id="1017159" t="выборов"><v><l id="55719" t="выбор"><g v="NOUN"></g><g v="inan"></g><g v="masc"></g><g v="plur"></g><g v="gent"></g></l></v><v><l id="55749" t="выборы"><g v="NOUN"></g><g v="inan"></g><g v="GNdr"></g><g v="Pltm"></g><g v="plur"></g><g v="gent"></g></l></v></tfr></token><token id="182384" text="."><tfr rev_id="1017160" t="."><v><l id="0" t="."><g v="PNCT"></g></l></v></tfr></token></tokens></sentence><sentence id="9548"><source>По предварительным данным свой пост сохранила действующий президент Тарья Халонен.</source><tokens><token id="182385" text="По"><tfr rev_id="1017161" t="По"><v><l id="241240" t="по"><g v="PREP"></g></l></v></tfr></token><token id="182386" text="предварительным"><tfr rev_id="2844518" t="предварительным"><v><l id="266249" t="предварительный"><g v="ADJF"></g><g v="plur"></g><g v="datv"></g></l></v></tfr></token><token id="182387" text="данным"><tfr rev_id="4535753" t="данным"><v><l id="78302" t="данные"><g v="NOUN"></g><g v="inan"></g><g v="GNdr"></g><g v="Pltm"></g><g v="plur"></g><g v="datv"></g></l></v></tfr></token><token id="182388" text="свой"><tfr rev_id="3629736" t="свой"><v><l id="316379" t="свой"><g v="ADJF"></g><g v="Apro"></g><g v="Anph"></g><g v="masc"></g><g v="sing"></g><g v="nomn"></g></l></v><v><l id="316379" t="свой"><g v="ADJF"></g><g v="Apro"></g><g v="Anph"></g><g v="inan"></g><g v="masc"></g><g v="sing"></g><g v="accs"></g></l></v></tfr></token><token id="182389" text="пост"><tfr rev_id="3702441" t="пост"><v><l id="262073" t="пост"><g v="NOUN"></g><g v="inan"></g><g v="masc"></g><g v="sing"></g><g v="accs"></g></l></v></tfr></token><token id="182390" text="сохранила"><tfr rev_id="1017166" t="сохранила"><v><l id="330988" t="сохранил"><g v="VERB"></g><g v="perf"></g><g v="tran"></g><g v="femn"></g><g v="sing"></g><g v="past"></g><g v="indc"></g></l></v></tfr></token><token id="182391" text="действующий"><tfr rev_id="1017167" t="действующий"><v><l id="80105" t="действующий"><g v="PRTF"></g><g v="impf"></g><g v="intr"></g><g v="pres"></g><g v="actv"></g><g v="masc"></g><g v="sing"></g><g v="nomn"></g></l></v><v><l id="80105" t="действующий"><g v="PRTF"></g><g v="impf"></g><g v="intr"></g><g v="pres"></g><g v="actv"></g><g v="inan"></g><g v="masc"></g><g v="sing"></g><g v="accs"></g></l></v><v><l id="80108" t="действующий"><g v="ADJF"></g><g v="masc"></g><g v="sing"></g><g v="nomn"></g></l></v><v><l id="80108" t="действующий"><g v="ADJF"></g><g v="inan"></g><g v="masc"></g><g v="sing"></g><g v="accs"></g></l></v></tfr></token><token id="182392" text="президент"><tfr rev_id="1017168" t="президент"><v><l id="267449" t="президент"><g v="NOUN"></g><g v="anim"></g><g v="masc"></g><g v="sing"></g><g v="nomn"></g></l></v></tfr></token><token id="182393" text="Тарья"><tfr rev_id="1017169" t="Тарья"><v><l id="0" t="тарья"><g v="UNKN"></g></l></v></tfr></token><token id="182394" text="Халонен"><tfr rev_id="1017170" t="Халонен"><v><l id="0" t="халонен"><g v="UNKN"></g></l></v></tfr></token><token id="182395" text="."><tfr rev_id="1017171" t="."><v><l id="0" t="."><g v="PNCT"></g></l></v></tfr></token></tokens></sentence><sentence id="9549"><source>После подсчёта 98 % бюллетеней, Халонен получила 51,8 % голосов.</source><tokens><token id="182396" text="После"><tfr rev_id="4406572" t="После"><v><l id="261542" t="после"><g v="PREP"></g></l></v></tfr></token><token id="182397" text="подсчёта"><tfr rev_id="1017173" t="подсчёта"><v><l id="251206" t="подсчёт"><g v="NOUN"></g><g v="inan"></g><g v="masc"></g><g v="sing"></g><g v="gent"></g></l></v></tfr></token><token id="182398" text="98"><tfr rev_id="2456400" t="98"><v><l id="0" t="98"><g v="NUMB"></g></l></v></tfr></token><token id="182399" text="%"><tfr rev_id="2427993" t="%"><v><l id="0" t="%"><g v="PNCT"></g></l></v></tfr></token><token id="182400" text="бюллетеней"><tfr rev_id="1017176" t="бюллетеней"><v><l id="37338" t="бюллетень"><g v="NOUN"></g><g v="inan"></g><g v="masc"></g><g v="plur"></g><g v="gent"></g></l></v></tfr></token><token id="182401" text=","><tfr rev_id="1017177" t=","><v><l id="0" t=","><g v="PNCT"></g></l></v></tfr></token><token id="182402" text="Халонен"><tfr rev_id="1017178" t="Халонен"><v><l id="0" t="халонен"><g v="UNKN"></g></l></v></tfr></token><token id="182403" text="получила"><tfr rev_id="1017179" t="получила"><v><l id="256959" t="получил"><g v="VERB"></g><g v="perf"></g><g v="tran"></g><g v="femn"></g><g v="sing"></g><g v="past"></g><g v="indc"></g></l></v></tfr></token><token id="182404" text="51,8"><tfr rev_id="2456401" t="51,8"><v><l id="0" t="51,8"><g v="NUMB"></g></l></v></tfr></token><token id="182405" text="%"><tfr rev_id="2427994" t="%"><v><l id="0" t="%"><g v="PNCT"></g></l></v></tfr></token><token id="182406" text="голосов"><tfr rev_id="1017182" t="голосов"><v><l id="72469" t="голос"><g v="NOUN"></g><g v="inan"></g><g v="masc"></g><g v="plur"></g><g v="gent"></g></l></v></tfr></token><token id="182407" text="."><tfr rev_id="1017183" t="."><v><l id="0" t="."><g v="PNCT"></g></l></v></tfr></token></tokens></sentence></paragraph><paragraph id="3015"><sentence id="9550"><source>Бывший министр финансов Саули Нийнистё получил около 47,9 % голосов.</source><tokens><token id="182408" text="Бывший"><tfr rev_id="1017184" t="Бывший"><v><l id="37002" t="бывший"><g v="ADJF"></g><g v="masc"></g><g v="sing"></g><g v="nomn"></g></l></v><v><l id="37002" t="бывший"><g v="ADJF"></g><g v="inan"></g><g v="masc"></g><g v="sing"></g><g v="accs"></g></l></v><v><l id="37267" t="бывший"><g v="PRTF"></g><g v="impf"></g><g v="intr"></g><g v="past"></g><g v="actv"></g><g v="masc"></g><g v="sing"></g><g v="nomn"></g></l></v><v><l id="37267" t="бывший"><g v="PRTF"></g><g v="impf"></g><g v="intr"></g><g v="past"></g><g v="actv"></g><g v="inan"></g><g v="masc"></g><g v="sing"></g><g v="accs"></g></l></v></tfr></token><token id="182409" text="министр"><tfr rev_id="1017185" t="министр"><v><l id="160614" t="министр"><g v="NOUN"></g><g v="anim"></g><g v="masc"></g><g v="sing"></g><g v="nomn"></g></l></v></tfr></token><token id="182410" text="финансов"><tfr rev_id="3704927" t="финансов"><v><l id="366106" t="финансы"><g v="NOUN"></g><g v="inan"></g><g v="GNdr"></g><g v="Pltm"></g><g v="plur"></g><g v="gent"></g></l></v></tfr></token><token id="182411" text="Саули"><tfr rev_id="1017187" t="Саули"><v><l id="0" t="саули"><g v="UNKN"></g></l></v></tfr></token><token id="182412" text="Нийнистё"><tfr rev_id="1017188" t="Нийнистё"><v><l id="0" t="нийнистё"><g v="UNKN"></g></l></v></tfr></token><token id="182413" text="получил"><tfr rev_id="1017189" t="получил"><v><l id="256959" t="получил"><g v="VERB"></g><g v="perf"></g><g v="tran"></g><g v="masc"></g><g v="sing"></g><g v="past"></g><g v="indc"></g></l></v></tfr></token><token id="182414" text="около"><tfr rev_id="4231506" t="около"><v><l id="205005" t="около"><g v="PREP"></g></l></v></tfr></token><token id="182415" text="47,9"><tfr rev_id="2456402" t="47,9"><v><l id="0" t="47,9"><g v="NUMB"></g></l></v></tfr></token><token id="182416" text="%"><tfr rev_id="2427995" t="%"><v><l id="0" t="%"><g v="PNCT"></g></l></v></tfr></token><token id="182417" text="голосов"><tfr rev_id="1017193" t="голосов"><v><l id="72469" t="голос"><g v="NOUN"></g><g v="inan"></g><g v="masc"></g><g v="plur"></g><g v="gent"></g></l></v></tfr></token><token id="182418" text="."><tfr rev_id="1017194" t="."><v><l id="0" t="."><g v="PNCT"></g></l></v></tfr></token></tokens></sentence></paragraph><paragraph id="3016"><sentence id="9551"><source>Тарья Халонен остаётся президентом Финляндии ещё на шесть лет.</source><tokens><token id="182419" text="Тарья"><tfr rev_id="1017195" t="Тарья"><v><l id="0" t="тарья"><g v="UNKN"></g></l></v></tfr></token><token id="182420" text="Халонен"><tfr rev_id="1017196" t="Халонен"><v><l id="0" t="халонен"><g v="UNKN"></g></l></v></tfr></token><token id="182421" text="остаётся"><tfr rev_id="1017197" t="остаётся"><v><l id="210812" t="остаюсь"><g v="VERB"></g><g v="impf"></g><g v="intr"></g><g v="sing"></g><g v="3per"></g><g v="pres"></g><g v="indc"></g></l></v></tfr></token><token id="182422" text="президентом"><tfr rev_id="1017198" t="президентом"><v><l id="267449" t="президент"><g v="NOUN"></g><g v="anim"></g><g v="masc"></g><g v="sing"></g><g v="ablt"></g></l></v></tfr></token><token id="182423" text="Финляндии"><tfr rev_id="3455092" t="Финляндии"><v><l id="366154" t="финляндия"><g v="NOUN"></g><g v="inan"></g><g v="femn"></g><g v="Sgtm"></g><g v="Geox"></g><g v="sing"></g><g v="gent"></g></l></v></tfr></token><token id="182424" text="ещё"><tfr rev_id="1017200" t="ещё"><v><l id="95551" t="ещё"><g v="PRCL"></g></l></v><v><l id="95552" t="ещё"><g v="ADVB"></g></l></v></tfr></token><token id="182425" text="на"><tfr rev_id="3393823" t="на"><v><l id="166264" t="на"><g v="PREP"></g></l></v></tfr></token><token id="182426" text="шесть"><tfr rev_id="1017202" t="шесть"><v><l id="379421" t="шесть"><g v="NUMR"></g><g v="nomn"></g></l></v><v><l id="379421" t="шесть"><g v="NUMR"></g><g v="accs"></g></l></v></tfr></token><token id="182427" text="лет"><tfr rev_id="3501008" t="лет"><v><l id="72149" t="год"><g v="NOUN"></g><g v="inan"></g><g v="masc"></g><g v="plur"></g><g v="gent"></g></l></v></tfr></token><token id="182428" text="."><tfr rev_id="1017204" t="."><v><l id="0" t="."><g v="PNCT"></g></l></v></tfr></token></tokens></sentence></paragraph></paragraphs></text>