<?xml version="1.0" encoding="utf-8"?><text id="1442" parent="226" name="Чиновники в ЖЖ"><tags><tag>url:http://www.chaskor.ru/news/chinovniki_v_zhzh</tag><tag>Год:2010</tag><tag>Дата:06/02</tag><tag>Тема:ЧасКор:Медиа</tag><tag>Тема:ЧасКор:Медиа/Новые медиа</tag></tags><paragraphs><paragraph id="12955"><sentence id="40256"><source>Чиновники в ЖЖ</source><tokens><token id="716355" text="Чиновники"><tfr rev_id="1548211" t="Чиновники"><v><l id="376482" t="чиновник"><g v="NOUN"></g><g v="anim"></g><g v="masc"></g><g v="plur"></g><g v="nomn"></g></l></v></tfr></token><token id="716356" text="в"><tfr rev_id="1548212" t="в"><v><l id="37409" t="в"><g v="PREP"></g></l></v></tfr></token><token id="716357" text="ЖЖ"><tfr rev_id="3860672" t="ЖЖ"><v><l id="389060" t="жж"><g v="NOUN"></g><g v="inan"></g><g v="masc"></g><g v="Fixd"></g><g v="Abbr"></g><g v="Sgtm"></g><g v="sing"></g><g v="loct"></g></l></v></tfr></token></tokens></sentence><sentence id="40257"><source>Медведев на первом месте.</source><tokens><token id="716358" text="Медведев"><tfr rev_id="1548214" t="Медведев"><v><l id="156959" t="медведев"><g v="NOUN"></g><g v="anim"></g><g v="masc"></g><g v="Sgtm"></g><g v="Surn"></g><g v="sing"></g><g v="nomn"></g></l></v></tfr></token><token id="716359" text="на"><tfr rev_id="3475001" t="на"><v><l id="166264" t="на"><g v="PREP"></g></l></v></tfr></token><token id="716360" text="первом"><tfr rev_id="4297281" t="первом"><v><l id="226359" t="первый"><g v="ADJF"></g><g v="Anum"></g><g v="neut"></g><g v="sing"></g><g v="loct"></g></l></v></tfr></token><token id="716361" text="месте"><tfr rev_id="1548217" t="месте"><v><l id="158822" t="место"><g v="NOUN"></g><g v="inan"></g><g v="neut"></g><g v="sing"></g><g v="loct"></g></l></v></tfr></token><token id="716362" text="."><tfr rev_id="1548218" t="."><v><l id="0" t="."><g v="PNCT"></g></l></v></tfr></token></tokens></sentence></paragraph><paragraph id="12956"><sentence id="40258"><source>Журнал Forbes составил рейтинг самых популярных блогов чиновников.</source><tokens><token id="716363" text="Журнал"><tfr rev_id="1548219" t="Журнал"><v><l id="97972" t="журнал"><g v="NOUN"></g><g v="inan"></g><g v="masc"></g><g v="sing"></g><g v="nomn"></g></l></v><v><l id="97972" t="журнал"><g v="NOUN"></g><g v="inan"></g><g v="masc"></g><g v="sing"></g><g v="accs"></g></l></v></tfr></token><token id="716364" text="Forbes"><tfr rev_id="2475708" t="Forbes"><v><l id="0" t="Forbes"><g v="LATN"></g></l></v></tfr></token><token id="716365" text="составил"><tfr rev_id="1548221" t="составил"><v><l id="330483" t="составил"><g v="VERB"></g><g v="perf"></g><g v="tran"></g><g v="masc"></g><g v="sing"></g><g v="past"></g><g v="indc"></g></l></v></tfr></token><token id="716366" text="рейтинг"><tfr rev_id="4105187" t="рейтинг"><v><l id="305607" t="рейтинг"><g v="NOUN"></g><g v="inan"></g><g v="masc"></g><g v="sing"></g><g v="accs"></g></l></v></tfr></token><token id="716367" text="самых"><tfr rev_id="3707439" t="самых"><v><l id="313174" t="самый"><g v="ADJF"></g><g v="Apro"></g><g v="plur"></g><g v="gent"></g></l></v></tfr></token><token id="716368" text="популярных"><tfr rev_id="3553357" t="популярных"><v><l id="259762" t="популярный"><g v="ADJF"></g><g v="Qual"></g><g v="plur"></g><g v="gent"></g></l></v></tfr></token><token id="716369" text="блогов"><tfr rev_id="2922103" t="блогов"><v><l id="388678" t="блог"><g v="NOUN"></g><g v="inan"></g><g v="masc"></g><g v="plur"></g><g v="gent"></g></l></v></tfr></token><token id="716370" text="чиновников"><tfr rev_id="3435016" t="чиновников"><v><l id="376482" t="чиновник"><g v="NOUN"></g><g v="anim"></g><g v="masc"></g><g v="plur"></g><g v="gent"></g></l></v></tfr></token><token id="716371" text="."><tfr rev_id="1548227" t="."><v><l id="0" t="."><g v="PNCT"></g></l></v></tfr></token></tokens></sentence><sentence id="40259"><source>По одним оценкам, уже около ста представителей властных структур ведут блоги.</source><tokens><token id="716372" text="По"><tfr rev_id="1548228" t="По"><v><l id="241240" t="по"><g v="PREP"></g></l></v></tfr></token><token id="716373" text="одним"><tfr rev_id="4301234" t="одним"><v><l id="203319" t="один"><g v="ADJF"></g><g v="Apro"></g><g v="Anum"></g><g v="plur"></g><g v="datv"></g></l></v></tfr></token><token id="716374" text="оценкам"><tfr rev_id="1548230" t="оценкам"><v><l id="221498" t="оценка"><g v="NOUN"></g><g v="inan"></g><g v="femn"></g><g v="plur"></g><g v="datv"></g></l></v></tfr></token><token id="716375" text=","><tfr rev_id="1548231" t=","><v><l id="0" t=","><g v="PNCT"></g></l></v></tfr></token><token id="716376" text="уже"><tfr rev_id="2692957" t="уже"><v><l id="355422" t="уж"><g v="NOUN"></g><g v="anim"></g><g v="masc"></g><g v="sing"></g><g v="loct"></g></l></v><v><l id="355498" t="уже"><g v="ADVB"></g></l></v><v><l id="355674" t="уже"><g v="COMP"></g><g v="Qual"></g></l></v><v><l id="388673" t="уже"><g v="PRCL"></g></l></v></tfr></token><token id="716377" text="около"><tfr rev_id="4320106" t="около"><v><l id="205005" t="около"><g v="PREP"></g></l></v></tfr></token><token id="716378" text="ста"><tfr rev_id="4390808" t="ста"><v><l id="336375" t="сто"><g v="NUMR"></g><g v="gent"></g></l></v></tfr></token><token id="716379" text="представителей"><tfr rev_id="3435068" t="представителей"><v><l id="267083" t="представитель"><g v="NOUN"></g><g v="anim"></g><g v="masc"></g><g v="plur"></g><g v="gent"></g></l></v></tfr></token><token id="716380" text="властных"><tfr rev_id="3707504" t="властных"><v><l id="46808" t="властный"><g v="ADJF"></g><g v="Qual"></g><g v="plur"></g><g v="gent"></g></l></v></tfr></token><token id="716381" text="структур"><tfr rev_id="1548237" t="структур"><v><l id="337970" t="структура"><g v="NOUN"></g><g v="inan"></g><g v="femn"></g><g v="plur"></g><g v="gent"></g></l></v></tfr></token><token id="716382" text="ведут"><tfr rev_id="1548238" t="ведут"><v><l id="42110" t="веду"><g v="VERB"></g><g v="impf"></g><g v="tran"></g><g v="plur"></g><g v="3per"></g><g v="pres"></g><g v="indc"></g></l></v></tfr></token><token id="716383" text="блоги"><tfr rev_id="3764037" t="блоги"><v><l id="388678" t="блог"><g v="NOUN"></g><g v="inan"></g><g v="masc"></g><g v="plur"></g><g v="accs"></g></l></v></tfr></token><token id="716384" text="."><tfr rev_id="1548240" t="."><v><l id="0" t="."><g v="PNCT"></g></l></v></tfr></token></tokens></sentence><sentence id="40260"><source>По другим — дневники есть уже у четверти губернаторов.</source><tokens><token id="716385" text="По"><tfr rev_id="1548241" t="По"><v><l id="241240" t="по"><g v="PREP"></g></l></v></tfr></token><token id="716386" text="другим"><tfr rev_id="3560630" t="другим"><v><l id="92342" t="другой"><g v="ADJF"></g><g v="Apro"></g><g v="Subx"></g><g v="plur"></g><g v="datv"></g></l></v></tfr></token><token id="716387" text="—"><tfr rev_id="2447778" t="—"><v><l id="0" t="—"><g v="PNCT"></g></l></v></tfr></token><token id="716388" text="дневники"><tfr rev_id="3727441" t="дневники"><v><l id="85113" t="дневник"><g v="NOUN"></g><g v="inan"></g><g v="masc"></g><g v="plur"></g><g v="nomn"></g></l></v></tfr></token><token id="716389" text="есть"><tfr rev_id="4350332" t="есть"><v><l id="37265" t="есть"><g v="VERB"></g><g v="impf"></g><g v="intr"></g><g v="sing"></g><g v="3per"></g><g v="pres"></g><g v="indc"></g></l></v><v><l id="37265" t="есть"><g v="VERB"></g><g v="impf"></g><g v="intr"></g><g v="plur"></g><g v="3per"></g><g v="pres"></g><g v="indc"></g></l></v></tfr></token><token id="716390" text="уже"><tfr rev_id="2692958" t="уже"><v><l id="355422" t="уж"><g v="NOUN"></g><g v="anim"></g><g v="masc"></g><g v="sing"></g><g v="loct"></g></l></v><v><l id="355498" t="уже"><g v="ADVB"></g></l></v><v><l id="355674" t="уже"><g v="COMP"></g><g v="Qual"></g></l></v><v><l id="388673" t="уже"><g v="PRCL"></g></l></v></tfr></token><token id="716391" text="у"><tfr rev_id="3327946" t="у"><v><l id="352818" t="у"><g v="PREP"></g></l></v></tfr></token><token id="716392" text="четверти"><tfr rev_id="4291621" t="четверти"><v><l id="376157" t="четверть"><g v="NOUN"></g><g v="inan"></g><g v="femn"></g><g v="sing"></g><g v="gent"></g></l></v></tfr></token><token id="716393" text="губернаторов"><tfr rev_id="4384715" t="губернаторов"><v><l id="76396" t="губернатор"><g v="NOUN"></g><g v="anim"></g><g v="masc"></g><g v="plur"></g><g v="gent"></g></l></v></tfr></token><token id="716394" text="."><tfr rev_id="1548250" t="."><v><l id="0" t="."><g v="PNCT"></g></l></v></tfr></token></tokens></sentence><sentence id="40261"><source>Кто-то ведёт блоги в ЖЖ, кто-то интегрирует свои дневники в официальные сайты министерств, причём зачастую без возможности комментировать посты со стороны читателей и без RSS.</source><tokens><token id="716395" text="Кто-то"><tfr rev_id="1548251" t="Кто-то"><v><l id="144219" t="кто-то"><g v="NPRO"></g><g v="masc"></g><g v="sing"></g><g v="nomn"></g></l></v></tfr></token><token id="716396" text="ведёт"><tfr rev_id="1548252" t="ведёт"><v><l id="42110" t="веду"><g v="VERB"></g><g v="impf"></g><g v="tran"></g><g v="sing"></g><g v="3per"></g><g v="pres"></g><g v="indc"></g></l></v></tfr></token><token id="716397" text="блоги"><tfr rev_id="3727042" t="блоги"><v><l id="388678" t="блог"><g v="NOUN"></g><g v="inan"></g><g v="masc"></g><g v="plur"></g><g v="accs"></g></l></v></tfr></token><token id="716398" text="в"><tfr rev_id="1548254" t="в"><v><l id="37409" t="в"><g v="PREP"></g></l></v></tfr></token><token id="716399" text="ЖЖ"><tfr rev_id="4162619" t="ЖЖ"><v><l id="389060" t="жж"><g v="NOUN"></g><g v="inan"></g><g v="masc"></g><g v="Fixd"></g><g v="Abbr"></g><g v="Sgtm"></g><g v="sing"></g><g v="loct"></g></l></v></tfr></token><token id="716400" text=","><tfr rev_id="1548256" t=","><v><l id="0" t=","><g v="PNCT"></g></l></v></tfr></token><token id="716401" text="кто-то"><tfr rev_id="1548257" t="кто-то"><v><l id="144219" t="кто-то"><g v="NPRO"></g><g v="masc"></g><g v="sing"></g><g v="nomn"></g></l></v></tfr></token><token id="716402" text="интегрирует"><tfr rev_id="1548258" t="интегрирует"><v><l id="123032" t="интегрировал"><g v="VERB"></g><g v="perf"></g><g v="tran"></g><g v="sing"></g><g v="3per"></g><g v="futr"></g><g v="indc"></g></l></v><v><l id="123033" t="интегрирую"><g v="VERB"></g><g v="impf"></g><g v="tran"></g><g v="sing"></g><g v="3per"></g><g v="pres"></g><g v="indc"></g></l></v></tfr></token><token id="716403" text="свои"><tfr rev_id="3756765" t="свои"><v><l id="316379" t="свой"><g v="ADJF"></g><g v="Apro"></g><g v="Anph"></g><g v="inan"></g><g v="plur"></g><g v="accs"></g></l></v></tfr></token><token id="716404" text="дневники"><tfr rev_id="3757503" t="дневники"><v><l id="85113" t="дневник"><g v="NOUN"></g><g v="inan"></g><g v="masc"></g><g v="plur"></g><g v="accs"></g></l></v></tfr></token><token id="716405" text="в"><tfr rev_id="1548261" t="в"><v><l id="37409" t="в"><g v="PREP"></g></l></v></tfr></token><token id="716406" text="официальные"><tfr rev_id="3751879" t="официальные"><v><l id="220939" t="официальный"><g v="ADJF"></g><g v="inan"></g><g v="plur"></g><g v="accs"></g></l></v></tfr></token><token id="716407" text="сайты"><tfr rev_id="3727208" t="сайты"><v><l id="311674" t="сайт"><g v="NOUN"></g><g v="inan"></g><g v="masc"></g><g v="plur"></g><g v="accs"></g></l></v></tfr></token><token id="716408" text="министерств"><tfr rev_id="1548264" t="министерств"><v><l id="160612" t="министерство"><g v="NOUN"></g><g v="inan"></g><g v="neut"></g><g v="plur"></g><g v="gent"></g></l></v></tfr></token><token id="716409" text=","><tfr rev_id="1548265" t=","><v><l id="0" t=","><g v="PNCT"></g></l></v></tfr></token><token id="716410" text="причём"><tfr rev_id="1548266" t="причём"><v><l id="276410" t="причём"><g v="CONJ"></g></l></v></tfr></token><token id="716411" text="зачастую"><tfr rev_id="1548267" t="зачастую"><v><l id="113242" t="зачастую"><g v="ADVB"></g></l></v></tfr></token><token id="716412" text="без"><tfr rev_id="1548268" t="без"><v><l id="25481" t="без"><g v="PREP"></g></l></v></tfr></token><token id="716413" text="возможности"><tfr rev_id="4177242" t="возможности"><v><l id="49410" t="возможность"><g v="NOUN"></g><g v="inan"></g><g v="femn"></g><g v="sing"></g><g v="gent"></g></l></v></tfr></token><token id="716414" text="комментировать"><tfr rev_id="1548270" t="комментировать"><v><l id="136977" t="комментировать"><g v="INFN"></g><g v="impf"></g><g v="tran"></g></l></v></tfr></token><token id="716415" text="посты"><tfr rev_id="3727930" t="посты"><v><l id="262073" t="пост"><g v="NOUN"></g><g v="inan"></g><g v="masc"></g><g v="plur"></g><g v="accs"></g></l></v></tfr></token><token id="716416" text="со"><tfr rev_id="2919300" t="со"><v><l id="311151" t="с"><g v="PREP"></g><g v="Vpre"></g></l></v></tfr></token><token id="716417" text="стороны"><tfr rev_id="3474687" t="стороны"><v><l id="336894" t="сторона"><g v="NOUN"></g><g v="inan"></g><g v="femn"></g><g v="sing"></g><g v="gent"></g></l></v></tfr></token><token id="716418" text="читателей"><tfr rev_id="3645277" t="читателей"><v><l id="376715" t="читатель"><g v="NOUN"></g><g v="anim"></g><g v="masc"></g><g v="plur"></g><g v="gent"></g></l></v></tfr></token><token id="716419" text="и"><tfr rev_id="3945354" t="и"><v><l id="116949" t="и"><g v="CONJ"></g></l></v></tfr></token><token id="716420" text="без"><tfr rev_id="1548276" t="без"><v><l id="25481" t="без"><g v="PREP"></g></l></v></tfr></token><token id="716421" text="RSS"><tfr rev_id="2475709" t="RSS"><v><l id="0" t="RSS"><g v="LATN"></g></l></v></tfr></token><token id="716422" text="."><tfr rev_id="1548278" t="."><v><l id="0" t="."><g v="PNCT"></g></l></v></tfr></token></tokens></sentence></paragraph><paragraph id="12957"><sentence id="40262"><source>Многим чиновникам дневники помогают вести пресс-службы, и аналитики не видят в этом ничего зазорного.</source><tokens><token id="716423" text="Многим"><tfr rev_id="4086472" t="Многим"><v><l id="161427" t="многий"><g v="ADJF"></g><g v="Apro"></g><g v="plur"></g><g v="datv"></g></l></v></tfr></token><token id="716424" text="чиновникам"><tfr rev_id="1548280" t="чиновникам"><v><l id="376482" t="чиновник"><g v="NOUN"></g><g v="anim"></g><g v="masc"></g><g v="plur"></g><g v="datv"></g></l></v></tfr></token><token id="716425" text="дневники"><tfr rev_id="3749585" t="дневники"><v><l id="85113" t="дневник"><g v="NOUN"></g><g v="inan"></g><g v="masc"></g><g v="plur"></g><g v="accs"></g></l></v></tfr></token><token id="716426" text="помогают"><tfr rev_id="1548282" t="помогают"><v><l id="257806" t="помогаю"><g v="VERB"></g><g v="impf"></g><g v="intr"></g><g v="plur"></g><g v="3per"></g><g v="pres"></g><g v="indc"></g></l></v></tfr></token><token id="716427" text="вести"><tfr rev_id="1712998" t="вести"><v><l id="42111" t="вести"><g v="INFN"></g><g v="impf"></g><g v="tran"></g></l></v></tfr></token><token id="716428" text="пресс-службы"><tfr rev_id="3795589" t="пресс-службы"><v><l id="268250" t="пресс-служба"><g v="NOUN"></g><g v="inan"></g><g v="femn"></g><g v="plur"></g><g v="nomn"></g></l></v></tfr></token><token id="716429" text=","><tfr rev_id="1548285" t=","><v><l id="0" t=","><g v="PNCT"></g></l></v></tfr></token><token id="716430" text="и"><tfr rev_id="1548286" t="и"><v><l id="116949" t="и"><g v="CONJ"></g></l></v><v><l id="116950" t="и"><g v="INTJ"></g></l></v></tfr></token><token id="716431" text="аналитики"><tfr rev_id="4336825" t="аналитики"><v><l id="12228" t="аналитик"><g v="NOUN"></g><g v="anim"></g><g v="masc"></g><g v="plur"></g><g v="nomn"></g></l></v></tfr></token><token id="716432" text="не"><tfr rev_id="1548288" t="не"><v><l id="178876" t="не"><g v="PRCL"></g></l></v></tfr></token><token id="716433" text="видят"><tfr rev_id="1548289" t="видят"><v><l id="44564" t="вижу"><g v="VERB"></g><g v="impf"></g><g v="tran"></g><g v="plur"></g><g v="3per"></g><g v="pres"></g><g v="indc"></g></l></v></tfr></token><token id="716434" text="в"><tfr rev_id="1548290" t="в"><v><l id="37409" t="в"><g v="PREP"></g></l></v></tfr></token><token id="716435" text="этом"><tfr rev_id="3272514" t="этом"><v><l id="386575" t="это"><g v="NPRO"></g><g v="neut"></g><g v="sing"></g><g v="loct"></g></l></v></tfr></token><token id="716436" text="ничего"><tfr rev_id="4465685" t="ничего"><v><l id="191376" t="ничего"><g v="ADVB"></g></l></v><v><l id="191377" t="ничего"><g v="PRCL"></g></l></v><v><l id="191386" t="ничто"><g v="NPRO"></g><g v="neut"></g><g v="sing"></g><g v="gent"></g></l></v><v><l id="390659" t="ничего"><g v="NPRO"></g><g v="neut"></g><g v="sing"></g><g v="nomn"></g></l></v></tfr></token><token id="716437" text="зазорного"><tfr rev_id="4103550" t="зазорного"><v><l id="102502" t="зазорный"><g v="ADJF"></g><g v="Qual"></g><g v="neut"></g><g v="sing"></g><g v="gent"></g></l></v></tfr></token><token id="716438" text="."><tfr rev_id="1548294" t="."><v><l id="0" t="."><g v="PNCT"></g></l></v></tfr></token></tokens></sentence><sentence id="40263"><source>При этом опрошенные Forbes эксперты отрицают тот факт, что в России есть эксперты, которые специализируются на ведении блогов чиновников.</source><tokens><token id="716439" text="При"><tfr rev_id="2628931" t="При"><v><l id="268625" t="при"><g v="PREP"></g></l></v></tfr></token><token id="716440" text="этом"><tfr rev_id="3272826" t="этом"><v><l id="386575" t="это"><g v="NPRO"></g><g v="neut"></g><g v="sing"></g><g v="loct"></g></l></v></tfr></token><token id="716441" text="опрошенные"><tfr rev_id="1548297" t="опрошенные"><v><l id="208147" t="опрошенный"><g v="PRTF"></g><g v="perf"></g><g v="tran"></g><g v="past"></g><g v="pssv"></g><g v="plur"></g><g v="nomn"></g></l></v><v><l id="208147" t="опрошенный"><g v="PRTF"></g><g v="perf"></g><g v="tran"></g><g v="past"></g><g v="pssv"></g><g v="inan"></g><g v="plur"></g><g v="accs"></g></l></v></tfr></token><token id="716442" text="Forbes"><tfr rev_id="2475710" t="Forbes"><v><l id="0" t="Forbes"><g v="LATN"></g></l></v></tfr></token><token id="716443" text="эксперты"><tfr rev_id="1548299" t="эксперты"><v><l id="383582" t="эксперт"><g v="NOUN"></g><g v="anim"></g><g v="masc"></g><g v="plur"></g><g v="nomn"></g></l></v></tfr></token><token id="716444" text="отрицают"><tfr rev_id="1548300" t="отрицают"><v><l id="217583" t="отрицаю"><g v="VERB"></g><g v="impf"></g><g v="tran"></g><g v="plur"></g><g v="3per"></g><g v="pres"></g><g v="indc"></g></l></v></tfr></token><token id="716445" text="тот"><tfr rev_id="3769793" t="тот"><v><l id="348430" t="тот"><g v="ADJF"></g><g v="Subx"></g><g v="Apro"></g><g v="Anph"></g><g v="masc"></g><g v="sing"></g><g v="nomn"></g></l></v><v><l id="348430" t="тот"><g v="ADJF"></g><g v="Subx"></g><g v="Apro"></g><g v="Anph"></g><g v="inan"></g><g v="masc"></g><g v="sing"></g><g v="accs"></g></l></v></tfr></token><token id="716446" text="факт"><tfr rev_id="1548302" t="факт"><v><l id="364163" t="факт"><g v="NOUN"></g><g v="inan"></g><g v="masc"></g><g v="sing"></g><g v="nomn"></g></l></v><v><l id="364163" t="факт"><g v="NOUN"></g><g v="inan"></g><g v="masc"></g><g v="sing"></g><g v="accs"></g></l></v></tfr></token><token id="716447" text=","><tfr rev_id="1548303" t=","><v><l id="0" t=","><g v="PNCT"></g></l></v></tfr></token><token id="716448" text="что"><tfr rev_id="3197915" t="что"><v><l id="377004" t="что"><g v="CONJ"></g></l></v><v><l id="377005" t="что"><g v="NPRO"></g><g v="neut"></g><g v="sing"></g><g v="nomn"></g></l></v><v><l id="377005" t="что"><g v="NPRO"></g><g v="neut"></g><g v="sing"></g><g v="accs"></g></l></v><v><l id="377006" t="что"><g v="ADVB"></g><g v="Ques"></g></l></v><v><l id="388695" t="что"><g v="PRCL"></g></l></v></tfr></token><token id="716449" text="в"><tfr rev_id="1548305" t="в"><v><l id="37409" t="в"><g v="PREP"></g></l></v></tfr></token><token id="716450" text="России"><tfr rev_id="3455628" t="России"><v><l id="309322" t="россия"><g v="NOUN"></g><g v="inan"></g><g v="femn"></g><g v="Sgtm"></g><g v="Geox"></g><g v="sing"></g><g v="loct"></g></l></v></tfr></token><token id="716451" text="есть"><tfr rev_id="4394891" t="есть"><v><l id="37265" t="есть"><g v="VERB"></g><g v="impf"></g><g v="intr"></g><g v="sing"></g><g v="3per"></g><g v="pres"></g><g v="indc"></g></l></v><v><l id="37265" t="есть"><g v="VERB"></g><g v="impf"></g><g v="intr"></g><g v="plur"></g><g v="3per"></g><g v="pres"></g><g v="indc"></g></l></v></tfr></token><token id="716452" text="эксперты"><tfr rev_id="1548308" t="эксперты"><v><l id="383582" t="эксперт"><g v="NOUN"></g><g v="anim"></g><g v="masc"></g><g v="plur"></g><g v="nomn"></g></l></v></tfr></token><token id="716453" text=","><tfr rev_id="1548309" t=","><v><l id="0" t=","><g v="PNCT"></g></l></v></tfr></token><token id="716454" text="которые"><tfr rev_id="3751916" t="которые"><v><l id="141203" t="который"><g v="ADJF"></g><g v="Apro"></g><g v="Subx"></g><g v="Anph"></g><g v="plur"></g><g v="nomn"></g></l></v></tfr></token><token id="716455" text="специализируются"><tfr rev_id="1548311" t="специализируются"><v><l id="331862" t="специализировался"><g v="VERB"></g><g v="perf"></g><g v="intr"></g><g v="plur"></g><g v="3per"></g><g v="futr"></g><g v="indc"></g></l></v><v><l id="331863" t="специализируюсь"><g v="VERB"></g><g v="impf"></g><g v="intr"></g><g v="plur"></g><g v="3per"></g><g v="pres"></g><g v="indc"></g></l></v></tfr></token><token id="716456" text="на"><tfr rev_id="3345026" t="на"><v><l id="166264" t="на"><g v="PREP"></g></l></v></tfr></token><token id="716457" text="ведении"><tfr rev_id="1548313" t="ведении"><v><l id="40322" t="ведение"><g v="NOUN"></g><g v="inan"></g><g v="neut"></g><g v="sing"></g><g v="loct"></g></l></v></tfr></token><token id="716458" text="блогов"><tfr rev_id="2922104" t="блогов"><v><l id="388678" t="блог"><g v="NOUN"></g><g v="inan"></g><g v="masc"></g><g v="plur"></g><g v="gent"></g></l></v></tfr></token><token id="716459" text="чиновников"><tfr rev_id="3945129" t="чиновников"><v><l id="376482" t="чиновник"><g v="NOUN"></g><g v="anim"></g><g v="masc"></g><g v="plur"></g><g v="gent"></g></l></v></tfr></token><token id="716460" text="."><tfr rev_id="1548316" t="."><v><l id="0" t="."><g v="PNCT"></g></l></v></tfr></token></tokens></sentence><sentence id="40264"><source>И это несмотря на случай, описанный губернатором Никитой Белых.</source><tokens><token id="716461" text="И"><tfr rev_id="1548317" t="И"><v><l id="116949" t="и"><g v="CONJ"></g></l></v><v><l id="116950" t="и"><g v="INTJ"></g></l></v></tfr></token><token id="716462" text="это"><tfr rev_id="4441924" t="это"><v><l id="386574" t="это"><g v="PRCL"></g></l></v><v><l id="386575" t="это"><g v="NPRO"></g><g v="neut"></g><g v="sing"></g><g v="nomn"></g></l></v><v><l id="386575" t="это"><g v="NPRO"></g><g v="neut"></g><g v="sing"></g><g v="accs"></g></l></v><v><l id="386581" t="этот"><g v="ADJF"></g><g v="Subx"></g><g v="Apro"></g><g v="Anph"></g><g v="neut"></g><g v="sing"></g><g v="nomn"></g></l></v><v><l id="386581" t="этот"><g v="ADJF"></g><g v="Subx"></g><g v="Apro"></g><g v="Anph"></g><g v="neut"></g><g v="sing"></g><g v="accs"></g></l></v></tfr></token><token id="716463" text="несмотря"><tfr rev_id="1548319" t="несмотря"><v><l id="188286" t="несмотря"><g v="PREP"></g></l></v></tfr></token><token id="716464" text="на"><tfr rev_id="3475907" t="на"><v><l id="166264" t="на"><g v="PREP"></g></l></v></tfr></token><token id="716465" text="случай"><tfr rev_id="1715346" t="случай"><v><l id="325472" t="случай"><g v="NOUN"></g><g v="inan"></g><g v="masc"></g><g v="sing"></g><g v="nomn"></g></l></v><v><l id="325472" t="случай"><g v="NOUN"></g><g v="inan"></g><g v="masc"></g><g v="sing"></g><g v="accs"></g></l></v></tfr></token><token id="716466" text=","><tfr rev_id="1548322" t=","><v><l id="0" t=","><g v="PNCT"></g></l></v></tfr></token><token id="716467" text="описанный"><tfr rev_id="1548323" t="описанный"><v><l id="207162" t="описанный"><g v="PRTF"></g><g v="perf"></g><g v="tran"></g><g v="past"></g><g v="pssv"></g><g v="masc"></g><g v="sing"></g><g v="nomn"></g></l></v><v><l id="207162" t="описанный"><g v="PRTF"></g><g v="perf"></g><g v="tran"></g><g v="past"></g><g v="pssv"></g><g v="inan"></g><g v="masc"></g><g v="sing"></g><g v="accs"></g></l></v></tfr></token><token id="716468" text="губернатором"><tfr rev_id="1548324" t="губернатором"><v><l id="76396" t="губернатор"><g v="NOUN"></g><g v="anim"></g><g v="masc"></g><g v="sing"></g><g v="ablt"></g></l></v></tfr></token><token id="716469" text="Никитой"><tfr rev_id="1548325" t="Никитой"><v><l id="190888" t="никита"><g v="NOUN"></g><g v="anim"></g><g v="masc"></g><g v="Name"></g><g v="sing"></g><g v="ablt"></g></l></v></tfr></token><token id="716470" text="Белых"><tfr rev_id="4574287" t="Белых"><v><l id="27333" t="белые"><g v="NOUN"></g><g v="anim"></g><g v="GNdr"></g><g v="Pltm"></g><g v="plur"></g><g v="gent"></g></l></v><v><l id="27333" t="белые"><g v="NOUN"></g><g v="anim"></g><g v="GNdr"></g><g v="Pltm"></g><g v="plur"></g><g v="accs"></g></l></v><v><l id="27333" t="белые"><g v="NOUN"></g><g v="anim"></g><g v="GNdr"></g><g v="Pltm"></g><g v="plur"></g><g v="loct"></g></l></v><v><l id="27345" t="белых"><g v="NOUN"></g><g v="anim"></g><g v="ms-f"></g><g v="Fixd"></g><g v="Surn"></g><g v="sing"></g><g v="nomn"></g></l></v><v><l id="27345" t="белых"><g v="NOUN"></g><g v="anim"></g><g v="ms-f"></g><g v="Fixd"></g><g v="Surn"></g><g v="sing"></g><g v="gent"></g></l></v><v><l id="27345" t="белых"><g v="NOUN"></g><g v="anim"></g><g v="ms-f"></g><g v="Fixd"></g><g v="Surn"></g><g v="sing"></g><g v="datv"></g></l></v><v><l id="27345" t="белых"><g v="NOUN"></g><g v="anim"></g><g v="ms-f"></g><g v="Fixd"></g><g v="Surn"></g><g v="sing"></g><g v="accs"></g></l></v><v><l id="27345" t="белых"><g v="NOUN"></g><g v="anim"></g><g v="ms-f"></g><g v="Fixd"></g><g v="Surn"></g><g v="sing"></g><g v="ablt"></g></l></v><v><l id="27345" t="белых"><g v="NOUN"></g><g v="anim"></g><g v="ms-f"></g><g v="Fixd"></g><g v="Surn"></g><g v="sing"></g><g v="loct"></g></l></v><v><l id="27345" t="белых"><g v="NOUN"></g><g v="anim"></g><g v="ms-f"></g><g v="Fixd"></g><g v="Surn"></g><g v="plur"></g><g v="nomn"></g></l></v><v><l id="27345" t="белых"><g v="NOUN"></g><g v="anim"></g><g v="ms-f"></g><g v="Fixd"></g><g v="Surn"></g><g v="plur"></g><g v="gent"></g></l></v><v><l id="27345" t="белых"><g v="NOUN"></g><g v="anim"></g><g v="ms-f"></g><g v="Fixd"></g><g v="Surn"></g><g v="plur"></g><g v="datv"></g></l></v><v><l id="27345" t="белых"><g v="NOUN"></g><g v="anim"></g><g v="ms-f"></g><g v="Fixd"></g><g v="Surn"></g><g v="plur"></g><g v="accs"></g></l></v><v><l id="27345" t="белых"><g v="NOUN"></g><g v="anim"></g><g v="ms-f"></g><g v="Fixd"></g><g v="Surn"></g><g v="plur"></g><g v="ablt"></g></l></v><v><l id="27345" t="белых"><g v="NOUN"></g><g v="anim"></g><g v="ms-f"></g><g v="Fixd"></g><g v="Surn"></g><g v="plur"></g><g v="loct"></g></l></v></tfr></token><token id="716471" text="."><tfr rev_id="1548327" t="."><v><l id="0" t="."><g v="PNCT"></g></l></v></tfr></token></tokens></sentence></paragraph><paragraph id="12958"><sentence id="40265"><source>В рейтинге блогов, составленном журналом, на первом месте расположился ЖЖ президента Дмитрия Медведева («ничего личного и откровенного, никаких попыток живого общения с сетевым сообществом»), на втором — зампредседателя правительства Кировской области Марии Гайдар, на четвёртом — губернатора Кировской области Никиты Белых, на девятом — Василия Якеменко, руководителя Федерального агентства по делам молодёжи.</source><tokens><token id="716472" text="В"><tfr rev_id="1548328" t="В"><v><l id="37409" t="в"><g v="PREP"></g></l></v></tfr></token><token id="716473" text="рейтинге"><tfr rev_id="1548329" t="рейтинге"><v><l id="305607" t="рейтинг"><g v="NOUN"></g><g v="inan"></g><g v="masc"></g><g v="sing"></g><g v="loct"></g></l></v></tfr></token><token id="716474" text="блогов"><tfr rev_id="2922105" t="блогов"><v><l id="388678" t="блог"><g v="NOUN"></g><g v="inan"></g><g v="masc"></g><g v="plur"></g><g v="gent"></g></l></v></tfr></token><token id="716475" text=","><tfr rev_id="1548331" t=","><v><l id="0" t=","><g v="PNCT"></g></l></v></tfr></token><token id="716476" text="составленном"><tfr rev_id="3443291" t="составленном"><v><l id="330486" t="составленный"><g v="PRTF"></g><g v="perf"></g><g v="tran"></g><g v="past"></g><g v="pssv"></g><g v="masc"></g><g v="sing"></g><g v="loct"></g></l></v></tfr></token><token id="716477" text="журналом"><tfr rev_id="1548333" t="журналом"><v><l id="97972" t="журнал"><g v="NOUN"></g><g v="inan"></g><g v="masc"></g><g v="sing"></g><g v="ablt"></g></l></v></tfr></token><token id="716478" text=","><tfr rev_id="1548334" t=","><v><l id="0" t=","><g v="PNCT"></g></l></v></tfr></token><token id="716479" text="на"><tfr rev_id="3344511" t="на"><v><l id="166264" t="на"><g v="PREP"></g></l></v></tfr></token><token id="716480" text="первом"><tfr rev_id="4311206" t="первом"><v><l id="226359" t="первый"><g v="ADJF"></g><g v="Anum"></g><g v="neut"></g><g v="sing"></g><g v="loct"></g></l></v></tfr></token><token id="716481" text="месте"><tfr rev_id="1548337" t="месте"><v><l id="158822" t="место"><g v="NOUN"></g><g v="inan"></g><g v="neut"></g><g v="sing"></g><g v="loct"></g></l></v></tfr></token><token id="716482" text="расположился"><tfr rev_id="1548338" t="расположился"><v><l id="300108" t="расположился"><g v="VERB"></g><g v="perf"></g><g v="intr"></g><g v="masc"></g><g v="sing"></g><g v="past"></g><g v="indc"></g></l></v></tfr></token><token id="716483" text="ЖЖ"><tfr rev_id="4180693" t="ЖЖ"><v><l id="389060" t="жж"><g v="NOUN"></g><g v="inan"></g><g v="masc"></g><g v="Fixd"></g><g v="Abbr"></g><g v="Sgtm"></g><g v="sing"></g><g v="nomn"></g></l></v></tfr></token><token id="716484" text="президента"><tfr rev_id="2826780" t="президента"><v><l id="267449" t="президент"><g v="NOUN"></g><g v="anim"></g><g v="masc"></g><g v="sing"></g><g v="gent"></g></l></v></tfr></token><token id="716485" text="Дмитрия"><tfr rev_id="4396863" t="Дмитрия"><v><l id="85055" t="дмитрий"><g v="NOUN"></g><g v="anim"></g><g v="masc"></g><g v="Name"></g><g v="sing"></g><g v="gent"></g></l></v></tfr></token><token id="716486" text="Медведева"><tfr rev_id="4285195" t="Медведева"><v><l id="156959" t="медведев"><g v="NOUN"></g><g v="anim"></g><g v="masc"></g><g v="Sgtm"></g><g v="Surn"></g><g v="sing"></g><g v="gent"></g></l></v><v><l id="156959" t="медведев"><g v="NOUN"></g><g v="anim"></g><g v="masc"></g><g v="Sgtm"></g><g v="Surn"></g><g v="sing"></g><g v="accs"></g></l></v></tfr></token><token id="716487" text="("><tfr rev_id="1548343" t="("><v><l id="0" t="("><g v="PNCT"></g></l></v></tfr></token><token id="716488" text="«"><tfr rev_id="2447779" t="«"><v><l id="0" t="«"><g v="PNCT"></g></l></v></tfr></token><token id="716489" text="ничего"><tfr rev_id="4465686" t="ничего"><v><l id="191376" t="ничего"><g v="ADVB"></g></l></v><v><l id="191377" t="ничего"><g v="PRCL"></g></l></v><v><l id="191386" t="ничто"><g v="NPRO"></g><g v="neut"></g><g v="sing"></g><g v="gent"></g></l></v><v><l id="390659" t="ничего"><g v="NPRO"></g><g v="neut"></g><g v="sing"></g><g v="nomn"></g></l></v></tfr></token><token id="716490" text="личного"><tfr rev_id="3539108" t="личного"><v><l id="150205" t="личной"><g v="ADJF"></g><g v="neut"></g><g v="sing"></g><g v="gent"></g></l></v><v><l id="150211" t="личный"><g v="ADJF"></g><g v="Qual"></g><g v="neut"></g><g v="sing"></g><g v="gent"></g></l></v></tfr></token><token id="716491" text="и"><tfr rev_id="1548347" t="и"><v><l id="116949" t="и"><g v="CONJ"></g></l></v><v><l id="116950" t="и"><g v="INTJ"></g></l></v></tfr></token><token id="716492" text="откровенного"><tfr rev_id="4204833" t="откровенного"><v><l id="214690" t="откровенный"><g v="ADJF"></g><g v="Qual"></g><g v="neut"></g><g v="sing"></g><g v="gent"></g></l></v></tfr></token><token id="716493" text=","><tfr rev_id="1548349" t=","><v><l id="0" t=","><g v="PNCT"></g></l></v></tfr></token><token id="716494" text="никаких"><tfr rev_id="4420635" t="никаких"><v><l id="190841" t="никакой"><g v="ADJF"></g><g v="Apro"></g><g v="plur"></g><g v="gent"></g></l></v></tfr></token><token id="716495" text="попыток"><tfr rev_id="1548351" t="попыток"><v><l id="259844" t="попытка"><g v="NOUN"></g><g v="inan"></g><g v="femn"></g><g v="plur"></g><g v="gent"></g></l></v></tfr></token><token id="716496" text="живого"><tfr rev_id="4536754" t="живого"><v><l id="97033" t="живой"><g v="ADJF"></g><g v="Qual"></g><g v="masc"></g><g v="sing"></g><g v="gent"></g></l></v><v><l id="97033" t="живой"><g v="ADJF"></g><g v="Qual"></g><g v="neut"></g><g v="sing"></g><g v="gent"></g></l></v></tfr></token><token id="716497" text="общения"><tfr rev_id="2908634" t="общения"><v><l id="201514" t="общение"><g v="NOUN"></g><g v="inan"></g><g v="neut"></g><g v="sing"></g><g v="gent"></g></l></v></tfr></token><token id="716498" text="с"><tfr rev_id="1548354" t="с"><v><l id="311151" t="с"><g v="PREP"></g></l></v></tfr></token><token id="716499" text="сетевым"><tfr rev_id="4462708" t="сетевым"><v><l id="319601" t="сетевой"><g v="ADJF"></g><g v="neut"></g><g v="sing"></g><g v="ablt"></g></l></v></tfr></token><token id="716500" text="сообществом"><tfr rev_id="1548356" t="сообществом"><v><l id="329551" t="сообщество"><g v="NOUN"></g><g v="inan"></g><g v="neut"></g><g v="sing"></g><g v="ablt"></g></l></v></tfr></token><token id="716501" text="»"><tfr rev_id="2447780" t="»"><v><l id="0" t="»"><g v="PNCT"></g></l></v></tfr></token><token id="716502" text=")"><tfr rev_id="1548358" t=")"><v><l id="0" t=")"><g v="PNCT"></g></l></v></tfr></token><token id="716503" text=","><tfr rev_id="1548359" t=","><v><l id="0" t=","><g v="PNCT"></g></l></v></tfr></token><token id="716504" text="на"><tfr rev_id="3336501" t="на"><v><l id="166264" t="на"><g v="PREP"></g></l></v></tfr></token><token id="716505" text="втором"><tfr rev_id="4297277" t="втором"><v><l id="55043" t="второй"><g v="ADJF"></g><g v="Anum"></g><g v="neut"></g><g v="sing"></g><g v="loct"></g></l></v></tfr></token><token id="716506" text="—"><tfr rev_id="2447781" t="—"><v><l id="0" t="—"><g v="PNCT"></g></l></v></tfr></token><token id="716507" text="зампредседателя"><tfr rev_id="4107072" t="зампредседателя"><v><l id="390113" t="зампредседателя"><g v="NOUN"></g><g v="anim"></g><g v="masc"></g><g v="Fixd"></g><g v="sing"></g><g v="ablt"></g></l></v><v><l id="390113" t="зампредседателя"><g v="NOUN"></g><g v="anim"></g><g v="masc"></g><g v="Fixd"></g><g v="sing"></g><g v="accs"></g></l></v><v><l id="390113" t="зампредседателя"><g v="NOUN"></g><g v="anim"></g><g v="masc"></g><g v="Fixd"></g><g v="sing"></g><g v="datv"></g></l></v><v><l id="390113" t="зампредседателя"><g v="NOUN"></g><g v="anim"></g><g v="masc"></g><g v="Fixd"></g><g v="sing"></g><g v="gent"></g></l></v><v><l id="390113" t="зампредседателя"><g v="NOUN"></g><g v="anim"></g><g v="masc"></g><g v="Fixd"></g><g v="sing"></g><g v="loct"></g></l></v><v><l id="390113" t="зампредседателя"><g v="NOUN"></g><g v="anim"></g><g v="masc"></g><g v="Fixd"></g><g v="sing"></g><g v="nomn"></g></l></v></tfr></token><token id="716508" text="правительства"><tfr rev_id="3124587" t="правительства"><v><l id="265638" t="правительство"><g v="NOUN"></g><g v="inan"></g><g v="neut"></g><g v="sing"></g><g v="gent"></g></l></v></tfr></token><token id="716509" text="Кировской"><tfr rev_id="4343404" t="Кировской"><v><l id="133409" t="кировский"><g v="ADJF"></g><g v="femn"></g><g v="sing"></g><g v="gent"></g></l></v></tfr></token><token id="716510" text="области"><tfr rev_id="3558259" t="области"><v><l id="196229" t="область"><g v="NOUN"></g><g v="inan"></g><g v="femn"></g><g v="sing"></g><g v="gent"></g></l></v></tfr></token><token id="716511" text="Марии"><tfr rev_id="4178573" t="Марии"><v><l id="155259" t="мария"><g v="NOUN"></g><g v="anim"></g><g v="femn"></g><g v="Name"></g><g v="sing"></g><g v="gent"></g></l></v></tfr></token><token id="716512" text="Гайдар"><tfr rev_id="4151826" t="Гайдар"><v><l id="66264" t="гайдар"><g v="NOUN"></g><g v="anim"></g><g v="femn"></g><g v="Sgtm"></g><g v="Fixd"></g><g v="Surn"></g><g v="sing"></g><g v="gent"></g></l></v></tfr></token><token id="716513" text=","><tfr rev_id="1548369" t=","><v><l id="0" t=","><g v="PNCT"></g></l></v></tfr></token><token id="716514" text="на"><tfr rev_id="3342292" t="на"><v><l id="166264" t="на"><g v="PREP"></g></l></v></tfr></token><token id="716515" text="четвёртом"><tfr rev_id="4166516" t="четвёртом"><v><l id="376074" t="четвёртый"><g v="ADJF"></g><g v="Anum"></g><g v="neut"></g><g v="sing"></g><g v="loct"></g></l></v></tfr></token><token id="716516" text="—"><tfr rev_id="2447782" t="—"><v><l id="0" t="—"><g v="PNCT"></g></l></v></tfr></token><token id="716517" text="губернатора"><tfr rev_id="3546764" t="губернатора"><v><l id="76396" t="губернатор"><g v="NOUN"></g><g v="anim"></g><g v="masc"></g><g v="sing"></g><g v="gent"></g></l></v></tfr></token><token id="716518" text="Кировской"><tfr rev_id="4417587" t="Кировской"><v><l id="133409" t="кировский"><g v="ADJF"></g><g v="femn"></g><g v="sing"></g><g v="gent"></g></l></v></tfr></token><token id="716519" text="области"><tfr rev_id="4291622" t="области"><v><l id="196229" t="область"><g v="NOUN"></g><g v="inan"></g><g v="femn"></g><g v="sing"></g><g v="gent"></g></l></v></tfr></token><token id="716520" text="Никиты"><tfr rev_id="3436990" t="Никиты"><v><l id="190888" t="никита"><g v="NOUN"></g><g v="anim"></g><g v="masc"></g><g v="Name"></g><g v="sing"></g><g v="gent"></g></l></v></tfr></token><token id="716521" text="Белых"><tfr rev_id="4326287" t="Белых"><v><l id="27332" t="белые"><g v="NOUN"></g><g v="inan"></g><g v="GNdr"></g><g v="Pltm"></g><g v="plur"></g><g v="gent"></g></l></v><v><l id="27332" t="белые"><g v="NOUN"></g><g v="inan"></g><g v="GNdr"></g><g v="Pltm"></g><g v="plur"></g><g v="loct"></g></l></v><v><l id="27333" t="белые"><g v="NOUN"></g><g v="anim"></g><g v="GNdr"></g><g v="Pltm"></g><g v="plur"></g><g v="gent"></g></l></v><v><l id="27333" t="белые"><g v="NOUN"></g><g v="anim"></g><g v="GNdr"></g><g v="Pltm"></g><g v="plur"></g><g v="accs"></g></l></v><v><l id="27333" t="белые"><g v="NOUN"></g><g v="anim"></g><g v="GNdr"></g><g v="Pltm"></g><g v="plur"></g><g v="loct"></g></l></v><v><l id="27345" t="белых"><g v="NOUN"></g><g v="anim"></g><g v="ms-f"></g><g v="Fixd"></g><g v="Surn"></g><g v="sing"></g><g v="nomn"></g></l></v><v><l id="27345" t="белых"><g v="NOUN"></g><g v="anim"></g><g v="ms-f"></g><g v="Fixd"></g><g v="Surn"></g><g v="sing"></g><g v="gent"></g></l></v><v><l id="27345" t="белых"><g v="NOUN"></g><g v="anim"></g><g v="ms-f"></g><g v="Fixd"></g><g v="Surn"></g><g v="sing"></g><g v="datv"></g></l></v><v><l id="27345" t="белых"><g v="NOUN"></g><g v="anim"></g><g v="ms-f"></g><g v="Fixd"></g><g v="Surn"></g><g v="sing"></g><g v="accs"></g></l></v><v><l id="27345" t="белых"><g v="NOUN"></g><g v="anim"></g><g v="ms-f"></g><g v="Fixd"></g><g v="Surn"></g><g v="sing"></g><g v="ablt"></g></l></v><v><l id="27345" t="белых"><g v="NOUN"></g><g v="anim"></g><g v="ms-f"></g><g v="Fixd"></g><g v="Surn"></g><g v="sing"></g><g v="loct"></g></l></v><v><l id="27345" t="белых"><g v="NOUN"></g><g v="anim"></g><g v="ms-f"></g><g v="Fixd"></g><g v="Surn"></g><g v="plur"></g><g v="nomn"></g></l></v><v><l id="27345" t="белых"><g v="NOUN"></g><g v="anim"></g><g v="ms-f"></g><g v="Fixd"></g><g v="Surn"></g><g v="plur"></g><g v="gent"></g></l></v><v><l id="27345" t="белых"><g v="NOUN"></g><g v="anim"></g><g v="ms-f"></g><g v="Fixd"></g><g v="Surn"></g><g v="plur"></g><g v="datv"></g></l></v><v><l id="27345" t="белых"><g v="NOUN"></g><g v="anim"></g><g v="ms-f"></g><g v="Fixd"></g><g v="Surn"></g><g v="plur"></g><g v="accs"></g></l></v><v><l id="27345" t="белых"><g v="NOUN"></g><g v="anim"></g><g v="ms-f"></g><g v="Fixd"></g><g v="Surn"></g><g v="plur"></g><g v="ablt"></g></l></v><v><l id="27345" t="белых"><g v="NOUN"></g><g v="anim"></g><g v="ms-f"></g><g v="Fixd"></g><g v="Surn"></g><g v="plur"></g><g v="loct"></g></l></v></tfr></token><token id="716522" text=","><tfr rev_id="1548378" t=","><v><l id="0" t=","><g v="PNCT"></g></l></v></tfr></token><token id="716523" text="на"><tfr rev_id="3394020" t="на"><v><l id="166264" t="на"><g v="PREP"></g></l></v></tfr></token><token id="716524" text="девятом"><tfr rev_id="3472532" t="девятом"><v><l id="79530" t="девятый"><g v="ADJF"></g><g v="Anum"></g><g v="neut"></g><g v="sing"></g><g v="loct"></g></l></v></tfr></token><token id="716525" text="—"><tfr rev_id="2447783" t="—"><v><l id="0" t="—"><g v="PNCT"></g></l></v></tfr></token><token id="716526" text="Василия"><tfr rev_id="3689765" t="Василия"><v><l id="39027" t="василий"><g v="NOUN"></g><g v="anim"></g><g v="masc"></g><g v="Name"></g><g v="sing"></g><g v="gent"></g></l></v></tfr></token><token id="716527" text="Якеменко"><tfr rev_id="1548383" t="Якеменко"><v><l id="0" t="якеменко"><g v="UNKN"></g></l></v></tfr></token><token id="716528" text=","><tfr rev_id="1548384" t=","><v><l id="0" t=","><g v="PNCT"></g></l></v></tfr></token><token id="716529" text="руководителя"><tfr rev_id="3701857" t="руководителя"><v><l id="309980" t="руководитель"><g v="NOUN"></g><g v="anim"></g><g v="masc"></g><g v="sing"></g><g v="gent"></g></l></v></tfr></token><token id="716530" text="Федерального"><tfr rev_id="3454204" t="Федерального"><v><l id="364933" t="федеральный"><g v="ADJF"></g><g v="neut"></g><g v="sing"></g><g v="gent"></g></l></v></tfr></token><token id="716531" text="агентства"><tfr rev_id="3446811" t="агентства"><v><l id="3934" t="агентство"><g v="NOUN"></g><g v="inan"></g><g v="neut"></g><g v="sing"></g><g v="gent"></g></l></v></tfr></token><token id="716532" text="по"><tfr rev_id="1548388" t="по"><v><l id="241240" t="по"><g v="PREP"></g></l></v></tfr></token><token id="716533" text="делам"><tfr rev_id="1548389" t="делам"><v><l id="80628" t="дело"><g v="NOUN"></g><g v="inan"></g><g v="neut"></g><g v="plur"></g><g v="datv"></g></l></v></tfr></token><token id="716534" text="молодёжи"><tfr rev_id="4290651" t="молодёжи"><v><l id="162804" t="молодёжь"><g v="NOUN"></g><g v="inan"></g><g v="femn"></g><g v="sing"></g><g v="gent"></g></l></v></tfr></token><token id="716535" text="."><tfr rev_id="1548391" t="."><v><l id="0" t="."><g v="PNCT"></g></l></v></tfr></token></tokens></sentence><sentence id="40266"><source>На прочих местах также очень много чиновников из Перми и Кирова.</source><tokens><token id="716536" text="На"><tfr rev_id="2913438" t="На"><v><l id="166264" t="на"><g v="PREP"></g></l></v><v><l id="388676" t="на"><g v="INTJ"></g></l></v></tfr></token><token id="716537" text="прочих"><tfr rev_id="1548393" t="прочих"><v><l id="287474" t="прочий"><g v="ADJF"></g><g v="Apro"></g><g v="plur"></g><g v="gent"></g></l></v><v><l id="287474" t="прочий"><g v="ADJF"></g><g v="Apro"></g><g v="anim"></g><g v="plur"></g><g v="accs"></g></l></v><v><l id="287474" t="прочий"><g v="ADJF"></g><g v="Apro"></g><g v="plur"></g><g v="loct"></g></l></v></tfr></token><token id="716538" text="местах"><tfr rev_id="1548394" t="местах"><v><l id="158822" t="место"><g v="NOUN"></g><g v="inan"></g><g v="neut"></g><g v="plur"></g><g v="loct"></g></l></v></tfr></token><token id="716539" text="также"><tfr rev_id="4267878" t="также"><v><l id="342482" t="также"><g v="PRCL"></g></l></v></tfr></token><token id="716540" text="очень"><tfr rev_id="1548396" t="очень"><v><l id="221681" t="очень"><g v="ADVB"></g></l></v></tfr></token><token id="716541" text="много"><tfr rev_id="4181038" t="много"><v><l id="389079" t="много"><g v="NUMR"></g><g v="nomn"></g></l></v><v><l id="389079" t="много"><g v="NUMR"></g><g v="accs"></g></l></v></tfr></token><token id="716542" text="чиновников"><tfr rev_id="4200063" t="чиновников"><v><l id="376482" t="чиновник"><g v="NOUN"></g><g v="anim"></g><g v="masc"></g><g v="plur"></g><g v="gent"></g></l></v></tfr></token><token id="716543" text="из"><tfr rev_id="2560642" t="из"><v><l id="117677" t="из"><g v="PREP"></g></l></v></tfr></token><token id="716544" text="Перми"><tfr rev_id="3455263" t="Перми"><v><l id="237369" t="пермь"><g v="NOUN"></g><g v="inan"></g><g v="femn"></g><g v="Sgtm"></g><g v="Geox"></g><g v="sing"></g><g v="gent"></g></l></v></tfr></token><token id="716545" text="и"><tfr rev_id="3945523" t="и"><v><l id="116949" t="и"><g v="CONJ"></g></l></v></tfr></token><token id="716546" text="Кирова"><tfr rev_id="3714954" t="Кирова"><v><l id="133389" t="киров"><g v="NOUN"></g><g v="inan"></g><g v="masc"></g><g v="Geox"></g><g v="sing"></g><g v="gent"></g></l></v></tfr></token><token id="716547" text="."><tfr rev_id="1548403" t="."><v><l id="0" t="."><g v="PNCT"></g></l></v></tfr></token></tokens></sentence></paragraph></paragraphs></text>