<?xml version="1.0" encoding="utf-8"?><text id="145" parent="56" name="Фернандо Алонсо на пути к новому чемпионскому титулу - новая победа в Монако"><tags><tag>url:http://ru.wikinews.org/w/index.php?title=Фернандо_Алонсо_на_пути_к_новому_чемпионскому_титулу_-_новая_победа_в_Монако&amp;oldid=5636</tag><tag>Автор:http://ru.wikinews.org/wiki/Участник:Yuriybrisk</tag><tag>Дата:28/05</tag><tag>Год:2006</tag><tag>Тема:ВикиКатегория:Формула 1</tag></tags><paragraphs><paragraph id="3017"><sentence id="9552"><source>Фернандо Алонсо в первый раз в своей карьере пилота Формулы-1 выиграл Гран-при Монако.</source><tokens><token id="182429" text="Фернандо"><tfr rev_id="4168313" t="Фернандо"><v><l id="365395" t="фернандо"><g v="NOUN"></g><g v="anim"></g><g v="masc"></g><g v="Fixd"></g><g v="Name"></g><g v="sing"></g><g v="nomn"></g></l></v></tfr></token><token id="182430" text="Алонсо"><tfr rev_id="4497080" t="Алонсо"><v><l id="389057" t="алонсо"><g v="NOUN"></g><g v="anim"></g><g v="ms-f"></g><g v="Fixd"></g><g v="Surn"></g><g v="sing"></g><g v="nomn"></g></l></v><v><l id="389057" t="алонсо"><g v="NOUN"></g><g v="anim"></g><g v="ms-f"></g><g v="Fixd"></g><g v="Surn"></g><g v="sing"></g><g v="gent"></g></l></v><v><l id="389057" t="алонсо"><g v="NOUN"></g><g v="anim"></g><g v="ms-f"></g><g v="Fixd"></g><g v="Surn"></g><g v="sing"></g><g v="datv"></g></l></v><v><l id="389057" t="алонсо"><g v="NOUN"></g><g v="anim"></g><g v="ms-f"></g><g v="Fixd"></g><g v="Surn"></g><g v="sing"></g><g v="accs"></g></l></v><v><l id="389057" t="алонсо"><g v="NOUN"></g><g v="anim"></g><g v="ms-f"></g><g v="Fixd"></g><g v="Surn"></g><g v="sing"></g><g v="ablt"></g></l></v><v><l id="389057" t="алонсо"><g v="NOUN"></g><g v="anim"></g><g v="ms-f"></g><g v="Fixd"></g><g v="Surn"></g><g v="sing"></g><g v="loct"></g></l></v></tfr></token><token id="182431" text="в"><tfr rev_id="1017207" t="в"><v><l id="37409" t="в"><g v="PREP"></g></l></v></tfr></token><token id="182432" text="первый"><tfr rev_id="1017208" t="первый"><v><l id="226359" t="первый"><g v="ADJF"></g><g v="Anum"></g><g v="masc"></g><g v="sing"></g><g v="nomn"></g></l></v><v><l id="226359" t="первый"><g v="ADJF"></g><g v="Anum"></g><g v="inan"></g><g v="masc"></g><g v="sing"></g><g v="accs"></g></l></v></tfr></token><token id="182433" text="раз"><tfr rev_id="4454787" t="раз"><v><l id="291500" t="раз"><g v="NOUN"></g><g v="inan"></g><g v="masc"></g><g v="sing"></g><g v="nomn"></g></l></v><v><l id="291500" t="раз"><g v="NOUN"></g><g v="inan"></g><g v="masc"></g><g v="sing"></g><g v="accs"></g></l></v></tfr></token><token id="182434" text="в"><tfr rev_id="1017210" t="в"><v><l id="37409" t="в"><g v="PREP"></g></l></v></tfr></token><token id="182435" text="своей"><tfr rev_id="4076620" t="своей"><v><l id="316379" t="свой"><g v="ADJF"></g><g v="Apro"></g><g v="Anph"></g><g v="femn"></g><g v="sing"></g><g v="loct"></g></l></v></tfr></token><token id="182436" text="карьере"><tfr rev_id="4285104" t="карьере"><v><l id="130914" t="карьера"><g v="NOUN"></g><g v="inan"></g><g v="femn"></g><g v="sing"></g><g v="loct"></g></l></v></tfr></token><token id="182437" text="пилота"><tfr rev_id="4215090" t="пилота"><v><l id="238716" t="пилот"><g v="NOUN"></g><g v="anim"></g><g v="masc"></g><g v="sing"></g><g v="gent"></g></l></v></tfr></token><token id="182438" text="Формулы-1"><tfr rev_id="1017214" t="Формулы-1"><v><l id="0" t="Формулы-1"><g v="UNKN"></g></l></v></tfr></token><token id="182439" text="выиграл"><tfr rev_id="1017215" t="выиграл"><v><l id="57698" t="выиграл"><g v="VERB"></g><g v="perf"></g><g v="tran"></g><g v="masc"></g><g v="sing"></g><g v="past"></g><g v="indc"></g></l></v></tfr></token><token id="182440" text="Гран-при"><tfr rev_id="4179052" t="Гран-при"><v><l id="74605" t="гран-при"><g v="NOUN"></g><g v="inan"></g><g v="masc"></g><g v="Fixd"></g><g v="sing"></g><g v="accs"></g></l></v></tfr></token><token id="182441" text="Монако"><tfr rev_id="4396401" t="Монако"><v><l id="163063" t="монако"><g v="NOUN"></g><g v="inan"></g><g v="neut"></g><g v="Sgtm"></g><g v="Fixd"></g><g v="Geox"></g><g v="sing"></g><g v="gent"></g></l></v></tfr></token><token id="182442" text="."><tfr rev_id="1017218" t="."><v><l id="0" t="."><g v="PNCT"></g></l></v></tfr></token></tokens></sentence></paragraph><paragraph id="3018"><sentence id="9553"><source>В конце субботней классификации Михаэль Шумахер допустил ошибку в повороте Раскассэ (La Rascasse), заблокировав свои колёса и остановившись менее чем в метре от отбойников.</source><tokens><token id="182443" text="В"><tfr rev_id="1017219" t="В"><v><l id="37409" t="в"><g v="PREP"></g></l></v></tfr></token><token id="182444" text="конце"><tfr rev_id="1017220" t="конце"><v><l id="137815" t="конец"><g v="NOUN"></g><g v="inan"></g><g v="masc"></g><g v="sing"></g><g v="loct"></g></l></v></tfr></token><token id="182445" text="субботней"><tfr rev_id="4380638" t="субботней"><v><l id="338558" t="субботний"><g v="ADJF"></g><g v="femn"></g><g v="sing"></g><g v="gent"></g></l></v></tfr></token><token id="182446" text="классификации"><tfr rev_id="4345985" t="классификации"><v><l id="133898" t="классификация"><g v="NOUN"></g><g v="inan"></g><g v="femn"></g><g v="sing"></g><g v="gent"></g></l></v></tfr></token><token id="182447" text="Михаэль"><tfr rev_id="1017223" t="Михаэль"><v><l id="161244" t="михаэль"><g v="NOUN"></g><g v="anim"></g><g v="masc"></g><g v="Name"></g><g v="sing"></g><g v="nomn"></g></l></v></tfr></token><token id="182448" text="Шумахер"><tfr rev_id="4257009" t="Шумахер"><v><l id="381808" t="шумахер"><g v="NOUN"></g><g v="anim"></g><g v="masc"></g><g v="Sgtm"></g><g v="Surn"></g><g v="sing"></g><g v="nomn"></g></l></v></tfr></token><token id="182449" text="допустил"><tfr rev_id="1017225" t="допустил"><v><l id="89497" t="допустил"><g v="VERB"></g><g v="perf"></g><g v="tran"></g><g v="masc"></g><g v="sing"></g><g v="past"></g><g v="indc"></g></l></v></tfr></token><token id="182450" text="ошибку"><tfr rev_id="1017226" t="ошибку"><v><l id="222054" t="ошибка"><g v="NOUN"></g><g v="inan"></g><g v="femn"></g><g v="sing"></g><g v="accs"></g></l></v></tfr></token><token id="182451" text="в"><tfr rev_id="1017227" t="в"><v><l id="37409" t="в"><g v="PREP"></g></l></v></tfr></token><token id="182452" text="повороте"><tfr rev_id="1017228" t="повороте"><v><l id="242676" t="поворот"><g v="NOUN"></g><g v="inan"></g><g v="masc"></g><g v="sing"></g><g v="loct"></g></l></v></tfr></token><token id="182453" text="Раскассэ"><tfr rev_id="1017229" t="Раскассэ"><v><l id="0" t="раскассэ"><g v="UNKN"></g></l></v></tfr></token><token id="182454" text="("><tfr rev_id="1017230" t="("><v><l id="0" t="("><g v="PNCT"></g></l></v></tfr></token><token id="182455" text="La"><tfr rev_id="2469888" t="La"><v><l id="0" t="La"><g v="LATN"></g></l></v></tfr></token><token id="182456" text="Rascasse"><tfr rev_id="2469889" t="Rascasse"><v><l id="0" t="Rascasse"><g v="LATN"></g></l></v></tfr></token><token id="182457" text=")"><tfr rev_id="1017233" t=")"><v><l id="0" t=")"><g v="PNCT"></g></l></v></tfr></token><token id="182458" text=","><tfr rev_id="1017234" t=","><v><l id="0" t=","><g v="PNCT"></g></l></v></tfr></token><token id="182459" text="заблокировав"><tfr rev_id="1017235" t="заблокировав"><v><l id="98644" t="заблокировав"><g v="GRND"></g><g v="perf"></g><g v="tran"></g><g v="past"></g></l></v></tfr></token><token id="182460" text="свои"><tfr rev_id="3746852" t="свои"><v><l id="316379" t="свой"><g v="ADJF"></g><g v="Apro"></g><g v="Anph"></g><g v="inan"></g><g v="plur"></g><g v="accs"></g></l></v></tfr></token><token id="182461" text="колёса"><tfr rev_id="3794083" t="колёса"><v><l id="135916" t="колесо"><g v="NOUN"></g><g v="inan"></g><g v="neut"></g><g v="plur"></g><g v="accs"></g></l></v></tfr></token><token id="182462" text="и"><tfr rev_id="4208505" t="и"><v><l id="116949" t="и"><g v="CONJ"></g></l></v></tfr></token><token id="182463" text="остановившись"><tfr rev_id="1017239" t="остановившись"><v><l id="210868" t="остановившись"><g v="GRND"></g><g v="perf"></g><g v="intr"></g><g v="past"></g><g v="V-sh"></g></l></v></tfr></token><token id="182464" text="менее"><tfr rev_id="1017240" t="менее"><v><l id="158343" t="менее"><g v="ADVB"></g></l></v></tfr></token><token id="182465" text="чем"><tfr rev_id="4307041" t="чем"><v><l id="375161" t="чем"><g v="CONJ"></g></l></v></tfr></token><token id="182466" text="в"><tfr rev_id="1017242" t="в"><v><l id="37409" t="в"><g v="PREP"></g></l></v></tfr></token><token id="182467" text="метре"><tfr rev_id="3470630" t="метре"><v><l id="159296" t="метр"><g v="NOUN"></g><g v="inan"></g><g v="masc"></g><g v="sing"></g><g v="loct"></g></l></v></tfr></token><token id="182468" text="от"><tfr rev_id="1017244" t="от"><v><l id="211644" t="от"><g v="PREP"></g></l></v></tfr></token><token id="182469" text="отбойников"><tfr rev_id="1017245" t="отбойников"><v><l id="211877" t="отбойник"><g v="NOUN"></g><g v="inan"></g><g v="masc"></g><g v="plur"></g><g v="gent"></g></l></v></tfr></token><token id="182470" text="."><tfr rev_id="1017246" t="."><v><l id="0" t="."><g v="PNCT"></g></l></v></tfr></token></tokens></sentence><sentence id="9554"><source>Неудачно остановившаяся машина стала помехой для быстрых кругов многих гонщиков, включая Фернандо Алонсо, и это вызвало расследование FIA.</source><tokens><token id="182471" text="Неудачно"><tfr rev_id="4100866" t="Неудачно"><v><l id="189186" t="неудачно"><g v="ADVB"></g></l></v></tfr></token><token id="182472" text="остановившаяся"><tfr rev_id="1017248" t="остановившаяся"><v><l id="210867" t="остановившийся"><g v="PRTF"></g><g v="perf"></g><g v="intr"></g><g v="past"></g><g v="actv"></g><g v="femn"></g><g v="sing"></g><g v="nomn"></g></l></v></tfr></token><token id="182473" text="машина"><tfr rev_id="3494283" t="машина"><v><l id="156690" t="машина"><g v="NOUN"></g><g v="inan"></g><g v="femn"></g><g v="sing"></g><g v="nomn"></g></l></v></tfr></token><token id="182474" text="стала"><tfr rev_id="1017250" t="стала"><v><l id="335164" t="стал"><g v="VERB"></g><g v="perf"></g><g v="intr"></g><g v="femn"></g><g v="sing"></g><g v="past"></g><g v="indc"></g></l></v></tfr></token><token id="182475" text="помехой"><tfr rev_id="1017251" t="помехой"><v><l id="257617" t="помеха"><g v="NOUN"></g><g v="inan"></g><g v="femn"></g><g v="sing"></g><g v="ablt"></g></l></v></tfr></token><token id="182476" text="для"><tfr rev_id="2601884" t="для"><v><l id="85032" t="для"><g v="PREP"></g></l></v></tfr></token><token id="182477" text="быстрых"><tfr rev_id="4198056" t="быстрых"><v><l id="37231" t="быстрый"><g v="ADJF"></g><g v="Qual"></g><g v="plur"></g><g v="gent"></g></l></v></tfr></token><token id="182478" text="кругов"><tfr rev_id="1017254" t="кругов"><v><l id="143467" t="круг"><g v="NOUN"></g><g v="inan"></g><g v="masc"></g><g v="plur"></g><g v="gent"></g></l></v></tfr></token><token id="182479" text="многих"><tfr rev_id="4474628" t="многих"><v><l id="161427" t="многий"><g v="ADJF"></g><g v="Apro"></g><g v="plur"></g><g v="gent"></g></l></v><v><l id="161427" t="многий"><g v="ADJF"></g><g v="Apro"></g><g v="anim"></g><g v="plur"></g><g v="accs"></g></l></v><v><l id="161427" t="многий"><g v="ADJF"></g><g v="Apro"></g><g v="plur"></g><g v="loct"></g></l></v></tfr></token><token id="182480" text="гонщиков"><tfr rev_id="4096594" t="гонщиков"><v><l id="73012" t="гонщик"><g v="NOUN"></g><g v="anim"></g><g v="masc"></g><g v="plur"></g><g v="gent"></g></l></v></tfr></token><token id="182481" text=","><tfr rev_id="1017257" t=","><v><l id="0" t=","><g v="PNCT"></g></l></v></tfr></token><token id="182482" text="включая"><tfr rev_id="3438820" t="включая"><v><l id="46206" t="включая"><g v="PREP"></g></l></v></tfr></token><token id="182483" text="Фернандо"><tfr rev_id="4169841" t="Фернандо"><v><l id="365395" t="фернандо"><g v="NOUN"></g><g v="anim"></g><g v="masc"></g><g v="Fixd"></g><g v="Name"></g><g v="sing"></g><g v="accs"></g></l></v></tfr></token><token id="182484" text="Алонсо"><tfr rev_id="4457719" t="Алонсо"><v><l id="389057" t="алонсо"><g v="NOUN"></g><g v="anim"></g><g v="ms-f"></g><g v="Fixd"></g><g v="Surn"></g><g v="sing"></g><g v="accs"></g></l></v></tfr></token><token id="182485" text=","><tfr rev_id="1017261" t=","><v><l id="0" t=","><g v="PNCT"></g></l></v></tfr></token><token id="182486" text="и"><tfr rev_id="1017262" t="и"><v><l id="116949" t="и"><g v="CONJ"></g></l></v><v><l id="116950" t="и"><g v="INTJ"></g></l></v></tfr></token><token id="182487" text="это"><tfr rev_id="4439772" t="это"><v><l id="386574" t="это"><g v="PRCL"></g></l></v><v><l id="386575" t="это"><g v="NPRO"></g><g v="neut"></g><g v="sing"></g><g v="nomn"></g></l></v><v><l id="386575" t="это"><g v="NPRO"></g><g v="neut"></g><g v="sing"></g><g v="accs"></g></l></v><v><l id="386581" t="этот"><g v="ADJF"></g><g v="Subx"></g><g v="Apro"></g><g v="Anph"></g><g v="neut"></g><g v="sing"></g><g v="nomn"></g></l></v><v><l id="386581" t="этот"><g v="ADJF"></g><g v="Subx"></g><g v="Apro"></g><g v="Anph"></g><g v="neut"></g><g v="sing"></g><g v="accs"></g></l></v></tfr></token><token id="182488" text="вызвало"><tfr rev_id="1017264" t="вызвало"><v><l id="57525" t="вызвал"><g v="VERB"></g><g v="perf"></g><g v="tran"></g><g v="neut"></g><g v="sing"></g><g v="past"></g><g v="indc"></g></l></v></tfr></token><token id="182489" text="расследование"><tfr rev_id="1017265" t="расследование"><v><l id="301076" t="расследование"><g v="NOUN"></g><g v="inan"></g><g v="neut"></g><g v="sing"></g><g v="nomn"></g></l></v><v><l id="301076" t="расследование"><g v="NOUN"></g><g v="inan"></g><g v="neut"></g><g v="sing"></g><g v="accs"></g></l></v></tfr></token><token id="182490" text="FIA"><tfr rev_id="2469890" t="FIA"><v><l id="0" t="FIA"><g v="LATN"></g></l></v></tfr></token><token id="182491" text="."><tfr rev_id="1017267" t="."><v><l id="0" t="."><g v="PNCT"></g></l></v></tfr></token></tokens></sentence><sentence id="9555"><source>Согласно официальному заявлению, Михаэль был наказан"за неспортивное поведение"лишением всех своих быстрых кругов и, таким образом, стартовал с пит-лейна с полным запасом топлива.</source><tokens><token id="182492" text="Согласно"><tfr rev_id="4490593" t="Согласно"><v><l id="328255" t="согласно"><g v="PREP"></g></l></v></tfr></token><token id="182493" text="официальному"><tfr rev_id="3454077" t="официальному"><v><l id="220939" t="официальный"><g v="ADJF"></g><g v="neut"></g><g v="sing"></g><g v="datv"></g></l></v></tfr></token><token id="182494" text="заявлению"><tfr rev_id="1017270" t="заявлению"><v><l id="114311" t="заявление"><g v="NOUN"></g><g v="inan"></g><g v="neut"></g><g v="sing"></g><g v="datv"></g></l></v></tfr></token><token id="182495" text=","><tfr rev_id="1017271" t=","><v><l id="0" t=","><g v="PNCT"></g></l></v></tfr></token><token id="182496" text="Михаэль"><tfr rev_id="1017272" t="Михаэль"><v><l id="161244" t="михаэль"><g v="NOUN"></g><g v="anim"></g><g v="masc"></g><g v="Name"></g><g v="sing"></g><g v="nomn"></g></l></v></tfr></token><token id="182497" text="был"><tfr rev_id="1017273" t="был"><v><l id="37265" t="есть"><g v="VERB"></g><g v="impf"></g><g v="intr"></g><g v="masc"></g><g v="sing"></g><g v="past"></g><g v="indc"></g></l></v></tfr></token><token id="182498" text="наказан"><tfr rev_id="1017274" t="наказан"><v><l id="170655" t="наказан"><g v="PRTS"></g><g v="perf"></g><g v="past"></g><g v="pssv"></g><g v="masc"></g><g v="sing"></g></l></v></tfr></token><token id="182499" text="&quot;"><tfr rev_id="1017275" t="&quot;"><v><l id="0" t="&quot;"><g v="PNCT"></g></l></v></tfr></token><token id="182500" text="за"><tfr rev_id="1017276" t="за"><v><l id="98043" t="за"><g v="PREP"></g></l></v></tfr></token><token id="182501" text="неспортивное"><tfr rev_id="1017277" t="неспортивное"><v><l id="188570" t="неспортивный"><g v="ADJF"></g><g v="neut"></g><g v="sing"></g><g v="nomn"></g></l></v><v><l id="188570" t="неспортивный"><g v="ADJF"></g><g v="neut"></g><g v="sing"></g><g v="accs"></g></l></v></tfr></token><token id="182502" text="поведение"><tfr rev_id="1017278" t="поведение"><v><l id="242109" t="поведение"><g v="NOUN"></g><g v="inan"></g><g v="neut"></g><g v="sing"></g><g v="nomn"></g></l></v><v><l id="242109" t="поведение"><g v="NOUN"></g><g v="inan"></g><g v="neut"></g><g v="sing"></g><g v="accs"></g></l></v></tfr></token><token id="182503" text="&quot;"><tfr rev_id="1017279" t="&quot;"><v><l id="0" t="&quot;"><g v="PNCT"></g></l></v></tfr></token><token id="182504" text="лишением"><tfr rev_id="1017280" t="лишением"><v><l id="150243" t="лишение"><g v="NOUN"></g><g v="inan"></g><g v="neut"></g><g v="sing"></g><g v="ablt"></g></l></v></tfr></token><token id="182505" text="всех"><tfr rev_id="4135555" t="всех"><v><l id="42156" t="весь"><g v="ADJF"></g><g v="Subx"></g><g v="Apro"></g><g v="plur"></g><g v="gent"></g></l></v></tfr></token><token id="182506" text="своих"><tfr rev_id="3633688" t="своих"><v><l id="316379" t="свой"><g v="ADJF"></g><g v="Apro"></g><g v="Anph"></g><g v="plur"></g><g v="gent"></g></l></v></tfr></token><token id="182507" text="быстрых"><tfr rev_id="3666698" t="быстрых"><v><l id="37231" t="быстрый"><g v="ADJF"></g><g v="Qual"></g><g v="plur"></g><g v="gent"></g></l></v></tfr></token><token id="182508" text="кругов"><tfr rev_id="1017284" t="кругов"><v><l id="143467" t="круг"><g v="NOUN"></g><g v="inan"></g><g v="masc"></g><g v="plur"></g><g v="gent"></g></l></v></tfr></token><token id="182509" text="и"><tfr rev_id="1017285" t="и"><v><l id="116949" t="и"><g v="CONJ"></g></l></v><v><l id="116950" t="и"><g v="INTJ"></g></l></v></tfr></token><token id="182510" text=","><tfr rev_id="1017286" t=","><v><l id="0" t=","><g v="PNCT"></g></l></v></tfr></token><token id="182511" text="таким"><tfr rev_id="4373482" t="таким"><v><l id="342491" t="такой"><g v="ADJF"></g><g v="Apro"></g><g v="masc"></g><g v="sing"></g><g v="ablt"></g></l></v></tfr></token><token id="182512" text="образом"><tfr rev_id="1017288" t="образом"><v><l id="198787" t="образ"><g v="NOUN"></g><g v="inan"></g><g v="masc"></g><g v="sing"></g><g v="ablt"></g></l></v></tfr></token><token id="182513" text=","><tfr rev_id="1017289" t=","><v><l id="0" t=","><g v="PNCT"></g></l></v></tfr></token><token id="182514" text="стартовал"><tfr rev_id="1017290" t="стартовал"><v><l id="334990" t="стартовал"><g v="VERB"></g><g v="perf"></g><g v="intr"></g><g v="masc"></g><g v="sing"></g><g v="past"></g><g v="indc"></g></l></v><v><l id="334991" t="стартую"><g v="VERB"></g><g v="impf"></g><g v="intr"></g><g v="masc"></g><g v="sing"></g><g v="past"></g><g v="indc"></g></l></v></tfr></token><token id="182515" text="с"><tfr rev_id="1017291" t="с"><v><l id="311151" t="с"><g v="PREP"></g></l></v></tfr></token><token id="182516" text="пит-лейна"><tfr rev_id="4539995" t="пит-лейна"><v><l id="392504" t="пит-лейн"><g v="NOUN"></g><g v="inan"></g><g v="masc"></g><g v="sing"></g><g v="gent"></g></l></v></tfr></token><token id="182517" text="с"><tfr rev_id="1017293" t="с"><v><l id="311151" t="с"><g v="PREP"></g></l></v></tfr></token><token id="182518" text="полным"><tfr rev_id="3702992" t="полным"><v><l id="256169" t="полный"><g v="ADJF"></g><g v="Qual"></g><g v="masc"></g><g v="sing"></g><g v="ablt"></g></l></v></tfr></token><token id="182519" text="запасом"><tfr rev_id="1017295" t="запасом"><v><l id="106867" t="запас"><g v="NOUN"></g><g v="inan"></g><g v="masc"></g><g v="sing"></g><g v="ablt"></g></l></v></tfr></token><token id="182520" text="топлива"><tfr rev_id="2694566" t="топлива"><v><l id="347847" t="топливо"><g v="NOUN"></g><g v="inan"></g><g v="neut"></g><g v="sing"></g><g v="gent"></g></l></v></tfr></token><token id="182521" text="."><tfr rev_id="1017297" t="."><v><l id="0" t="."><g v="PNCT"></g></l></v></tfr></token></tokens></sentence><sentence id="9556"><source>Команда Феррари не подавала аппеляцию, поскольку применённая статья 112 спортивного регламента запрещает оспаривание этого решение.</source><tokens><token id="182522" text="Команда"><tfr rev_id="1017298" t="Команда"><v><l id="136706" t="команда"><g v="NOUN"></g><g v="inan"></g><g v="femn"></g><g v="sing"></g><g v="nomn"></g></l></v></tfr></token><token id="182523" text="Феррари"><tfr rev_id="4163558" t="Феррари"><v><l id="365403" t="феррари"><g v="NOUN"></g><g v="inan"></g><g v="masc"></g><g v="Fixd"></g><g v="Orgn"></g><g v="sing"></g><g v="gent"></g></l></v></tfr></token><token id="182524" text="не"><tfr rev_id="1017300" t="не"><v><l id="178876" t="не"><g v="PRCL"></g></l></v></tfr></token><token id="182525" text="подавала"><tfr rev_id="1017301" t="подавала"><v><l id="243799" t="подаю"><g v="VERB"></g><g v="impf"></g><g v="tran"></g><g v="femn"></g><g v="sing"></g><g v="past"></g><g v="indc"></g></l></v></tfr></token><token id="182526" text="аппеляцию"><tfr rev_id="1017302" t="аппеляцию"><v><l id="0" t="аппеляцию"><g v="UNKN"></g></l></v></tfr></token><token id="182527" text=","><tfr rev_id="1017303" t=","><v><l id="0" t=","><g v="PNCT"></g></l></v></tfr></token><token id="182528" text="поскольку"><tfr rev_id="1017304" t="поскольку"><v><l id="261429" t="поскольку"><g v="CONJ"></g></l></v></tfr></token><token id="182529" text="применённая"><tfr rev_id="1017305" t="применённая"><v><l id="271955" t="применённый"><g v="PRTF"></g><g v="perf"></g><g v="tran"></g><g v="past"></g><g v="pssv"></g><g v="femn"></g><g v="sing"></g><g v="nomn"></g></l></v></tfr></token><token id="182530" text="статья"><tfr rev_id="1017306" t="статья"><v><l id="335173" t="статья"><g v="NOUN"></g><g v="inan"></g><g v="femn"></g><g v="sing"></g><g v="nomn"></g></l></v></tfr></token><token id="182531" text="112"><tfr rev_id="2456403" t="112"><v><l id="0" t="112"><g v="NUMB"></g></l></v></tfr></token><token id="182532" text="спортивного"><tfr rev_id="3477530" t="спортивного"><v><l id="332798" t="спортивный"><g v="ADJF"></g><g v="Qual"></g><g v="masc"></g><g v="sing"></g><g v="gent"></g></l></v><v><l id="332798" t="спортивный"><g v="ADJF"></g><g v="Qual"></g><g v="anim"></g><g v="masc"></g><g v="sing"></g><g v="accs"></g></l></v></tfr></token><token id="182533" text="регламента"><tfr rev_id="1017309" t="регламента"><v><l id="304867" t="регламент"><g v="NOUN"></g><g v="inan"></g><g v="masc"></g><g v="sing"></g><g v="gent"></g></l></v></tfr></token><token id="182534" text="запрещает"><tfr rev_id="1017310" t="запрещает"><v><l id="107943" t="запрещаю"><g v="VERB"></g><g v="impf"></g><g v="tran"></g><g v="sing"></g><g v="3per"></g><g v="pres"></g><g v="indc"></g></l></v></tfr></token><token id="182535" text="оспаривание"><tfr rev_id="3679133" t="оспаривание"><v><l id="210760" t="оспаривание"><g v="NOUN"></g><g v="inan"></g><g v="neut"></g><g v="sing"></g><g v="accs"></g></l></v></tfr></token><token id="182536" text="этого"><tfr rev_id="4433034" t="этого"><v><l id="386581" t="этот"><g v="ADJF"></g><g v="Subx"></g><g v="Apro"></g><g v="Anph"></g><g v="neut"></g><g v="sing"></g><g v="gent"></g></l></v></tfr></token><token id="182537" text="решение"><tfr rev_id="1017313" t="решение"><v><l id="307350" t="решение"><g v="NOUN"></g><g v="inan"></g><g v="neut"></g><g v="sing"></g><g v="nomn"></g></l></v><v><l id="307350" t="решение"><g v="NOUN"></g><g v="inan"></g><g v="neut"></g><g v="sing"></g><g v="accs"></g></l></v></tfr></token><token id="182538" text="."><tfr rev_id="1017314" t="."><v><l id="0" t="."><g v="PNCT"></g></l></v></tfr></token></tokens></sentence><sentence id="9557"><source>Квалификация стала одной из самых худших за всю историю команды, поскольку Фелипе Масса также был вынужден стартовать с последнего ряда стартового поля, ввиду того, что он разбил свою машину.</source><tokens><token id="182539" text="Квалификация"><tfr rev_id="1017315" t="Квалификация"><v><l id="131934" t="квалификация"><g v="NOUN"></g><g v="inan"></g><g v="femn"></g><g v="sing"></g><g v="nomn"></g></l></v></tfr></token><token id="182540" text="стала"><tfr rev_id="1017316" t="стала"><v><l id="335164" t="стал"><g v="VERB"></g><g v="perf"></g><g v="intr"></g><g v="femn"></g><g v="sing"></g><g v="past"></g><g v="indc"></g></l></v></tfr></token><token id="182541" text="одной"><tfr rev_id="4302222" t="одной"><v><l id="203319" t="один"><g v="ADJF"></g><g v="Apro"></g><g v="Anum"></g><g v="femn"></g><g v="sing"></g><g v="ablt"></g></l></v></tfr></token><token id="182542" text="из"><tfr rev_id="2602585" t="из"><v><l id="117677" t="из"><g v="PREP"></g></l></v></tfr></token><token id="182543" text="самых"><tfr rev_id="1017319" t="самых"><v><l id="313174" t="самый"><g v="ADJF"></g><g v="Apro"></g><g v="plur"></g><g v="gent"></g></l></v><v><l id="313174" t="самый"><g v="ADJF"></g><g v="Apro"></g><g v="anim"></g><g v="plur"></g><g v="accs"></g></l></v><v><l id="313174" t="самый"><g v="ADJF"></g><g v="Apro"></g><g v="plur"></g><g v="loct"></g></l></v></tfr></token><token id="182544" text="худших"><tfr rev_id="4197786" t="худших"><v><l id="240916" t="худший"><g v="ADJF"></g><g v="Supr"></g><g v="Qual"></g><g v="plur"></g><g v="gent"></g></l></v></tfr></token><token id="182545" text="за"><tfr rev_id="1017321" t="за"><v><l id="98043" t="за"><g v="PREP"></g></l></v></tfr></token><token id="182546" text="всю"><tfr rev_id="4131291" t="всю"><v><l id="42156" t="весь"><g v="ADJF"></g><g v="Subx"></g><g v="Apro"></g><g v="femn"></g><g v="sing"></g><g v="accs"></g></l></v></tfr></token><token id="182547" text="историю"><tfr rev_id="1017323" t="историю"><v><l id="126437" t="история"><g v="NOUN"></g><g v="inan"></g><g v="femn"></g><g v="sing"></g><g v="accs"></g></l></v></tfr></token><token id="182548" text="команды"><tfr rev_id="2693493" t="команды"><v><l id="136706" t="команда"><g v="NOUN"></g><g v="inan"></g><g v="femn"></g><g v="sing"></g><g v="gent"></g></l></v></tfr></token><token id="182549" text=","><tfr rev_id="1017325" t=","><v><l id="0" t=","><g v="PNCT"></g></l></v></tfr></token><token id="182550" text="поскольку"><tfr rev_id="1017326" t="поскольку"><v><l id="261429" t="поскольку"><g v="CONJ"></g></l></v></tfr></token><token id="182551" text="Фелипе"><tfr rev_id="1017327" t="Фелипе"><v><l id="0" t="фелипе"><g v="UNKN"></g></l></v></tfr></token><token id="182552" text="Масса"><tfr rev_id="1017328" t="Масса"><v><l id="155977" t="масса"><g v="NOUN"></g><g v="inan"></g><g v="femn"></g><g v="sing"></g><g v="nomn"></g></l></v></tfr></token><token id="182553" text="также"><tfr rev_id="4267172" t="также"><v><l id="342482" t="также"><g v="PRCL"></g></l></v></tfr></token><token id="182554" text="был"><tfr rev_id="1017330" t="был"><v><l id="37265" t="есть"><g v="VERB"></g><g v="impf"></g><g v="intr"></g><g v="masc"></g><g v="sing"></g><g v="past"></g><g v="indc"></g></l></v></tfr></token><token id="182555" text="вынужден"><tfr rev_id="1017331" t="вынужден"><v><l id="59954" t="вынужден"><g v="PRTS"></g><g v="perf"></g><g v="past"></g><g v="pssv"></g><g v="masc"></g><g v="sing"></g></l></v><v><l id="59971" t="вынужден"><g v="ADJS"></g><g v="Qual"></g><g v="masc"></g><g v="sing"></g></l></v></tfr></token><token id="182556" text="стартовать"><tfr rev_id="1017332" t="стартовать"><v><l id="334992" t="стартовать"><g v="INFN"></g><g v="perf"></g><g v="intr"></g></l></v><v><l id="334993" t="стартовать"><g v="INFN"></g><g v="impf"></g><g v="intr"></g></l></v></tfr></token><token id="182557" text="с"><tfr rev_id="1017333" t="с"><v><l id="311151" t="с"><g v="PREP"></g></l></v></tfr></token><token id="182558" text="последнего"><tfr rev_id="4103528" t="последнего"><v><l id="261565" t="последний"><g v="ADJF"></g><g v="masc"></g><g v="sing"></g><g v="gent"></g></l></v><v><l id="261565" t="последний"><g v="ADJF"></g><g v="anim"></g><g v="masc"></g><g v="sing"></g><g v="accs"></g></l></v></tfr></token><token id="182559" text="ряда"><tfr rev_id="1017335" t="ряда"><v><l id="311045" t="ряд"><g v="NOUN"></g><g v="inan"></g><g v="masc"></g><g v="sing"></g><g v="gent"></g></l></v></tfr></token><token id="182560" text="стартового"><tfr rev_id="3449171" t="стартового"><v><l id="334999" t="стартовый"><g v="ADJF"></g><g v="Qual"></g><g v="neut"></g><g v="sing"></g><g v="gent"></g></l></v></tfr></token><token id="182561" text="поля"><tfr rev_id="4410630" t="поля"><v><l id="255256" t="поле"><g v="NOUN"></g><g v="inan"></g><g v="neut"></g><g v="sing"></g><g v="gent"></g></l></v></tfr></token><token id="182562" text=","><tfr rev_id="1017338" t=","><v><l id="0" t=","><g v="PNCT"></g></l></v></tfr></token><token id="182563" text="ввиду"><tfr rev_id="1017339" t="ввиду"><v><l id="39734" t="ввиду"><g v="PREP"></g></l></v></tfr></token><token id="182564" text="того"><tfr rev_id="4214530" t="того"><v><l id="348430" t="тот"><g v="ADJF"></g><g v="Subx"></g><g v="Apro"></g><g v="Anph"></g><g v="neut"></g><g v="sing"></g><g v="gent"></g></l></v></tfr></token><token id="182565" text=","><tfr rev_id="1017341" t=","><v><l id="0" t=","><g v="PNCT"></g></l></v></tfr></token><token id="182566" text="что"><tfr rev_id="3192665" t="что"><v><l id="377004" t="что"><g v="CONJ"></g></l></v><v><l id="377005" t="что"><g v="NPRO"></g><g v="neut"></g><g v="sing"></g><g v="nomn"></g></l></v><v><l id="377005" t="что"><g v="NPRO"></g><g v="neut"></g><g v="sing"></g><g v="accs"></g></l></v><v><l id="377006" t="что"><g v="ADVB"></g><g v="Ques"></g></l></v><v><l id="388695" t="что"><g v="PRCL"></g></l></v></tfr></token><token id="182567" text="он"><tfr rev_id="3574591" t="он"><v><l id="206541" t="он"><g v="NPRO"></g><g v="masc"></g><g v="3per"></g><g v="Anph"></g><g v="sing"></g><g v="nomn"></g></l></v></tfr></token><token id="182568" text="разбил"><tfr rev_id="1017344" t="разбил"><v><l id="291730" t="разбил"><g v="VERB"></g><g v="perf"></g><g v="tran"></g><g v="masc"></g><g v="sing"></g><g v="past"></g><g v="indc"></g></l></v></tfr></token><token id="182569" text="свою"><tfr rev_id="3632058" t="свою"><v><l id="316379" t="свой"><g v="ADJF"></g><g v="Apro"></g><g v="Anph"></g><g v="femn"></g><g v="sing"></g><g v="accs"></g></l></v></tfr></token><token id="182570" text="машину"><tfr rev_id="3494193" t="машину"><v><l id="156690" t="машина"><g v="NOUN"></g><g v="inan"></g><g v="femn"></g><g v="sing"></g><g v="accs"></g></l></v></tfr></token><token id="182571" text="."><tfr rev_id="1017347" t="."><v><l id="0" t="."><g v="PNCT"></g></l></v></tfr></token></tokens></sentence><sentence id="9558"><source>Оба болида Феррари были выставлены с новыми моторами.</source><tokens><token id="182572" text="Оба"><tfr rev_id="1017348" t="Оба"><v><l id="193002" t="оба"><g v="NUMR"></g><g v="masc"></g><g v="nomn"></g></l></v><v><l id="193002" t="оба"><g v="NUMR"></g><g v="inan"></g><g v="masc"></g><g v="accs"></g></l></v><v><l id="193002" t="оба"><g v="NUMR"></g><g v="neut"></g><g v="nomn"></g></l></v><v><l id="193002" t="оба"><g v="NUMR"></g><g v="inan"></g><g v="neut"></g><g v="accs"></g></l></v></tfr></token><token id="182573" text="болида"><tfr rev_id="1017349" t="болида"><v><l id="32114" t="болид"><g v="NOUN"></g><g v="inan"></g><g v="masc"></g><g v="sing"></g><g v="gent"></g></l></v></tfr></token><token id="182574" text="Феррари"><tfr rev_id="4197170" t="Феррари"><v><l id="365403" t="феррари"><g v="NOUN"></g><g v="inan"></g><g v="masc"></g><g v="Fixd"></g><g v="Orgn"></g><g v="sing"></g><g v="gent"></g></l></v></tfr></token><token id="182575" text="были"><tfr rev_id="2370410" t="были"><v><l id="37265" t="есть"><g v="VERB"></g><g v="impf"></g><g v="intr"></g><g v="plur"></g><g v="past"></g><g v="indc"></g></l></v></tfr></token><token id="182576" text="выставлены"><tfr rev_id="1017352" t="выставлены"><v><l id="62591" t="выставлен"><g v="PRTS"></g><g v="perf"></g><g v="past"></g><g v="pssv"></g><g v="plur"></g></l></v></tfr></token><token id="182577" text="с"><tfr rev_id="1017353" t="с"><v><l id="311151" t="с"><g v="PREP"></g></l></v></tfr></token><token id="182578" text="новыми"><tfr rev_id="4157806" t="новыми"><v><l id="191918" t="новый"><g v="ADJF"></g><g v="Qual"></g><g v="plur"></g><g v="ablt"></g></l></v></tfr></token><token id="182579" text="моторами"><tfr rev_id="1017355" t="моторами"><v><l id="164202" t="мотор"><g v="NOUN"></g><g v="inan"></g><g v="masc"></g><g v="plur"></g><g v="ablt"></g></l></v></tfr></token><token id="182580" text="."><tfr rev_id="1017356" t="."><v><l id="0" t="."><g v="PNCT"></g></l></v></tfr></token></tokens></sentence></paragraph><paragraph id="3019"><sentence id="9559"><source>Испанец провёл прекрасную гонку, пролидировав большую часть гонки.</source><tokens><token id="182581" text="Испанец"><tfr rev_id="1017357" t="Испанец"><v><l id="124995" t="испанец"><g v="NOUN"></g><g v="anim"></g><g v="masc"></g><g v="sing"></g><g v="nomn"></g></l></v></tfr></token><token id="182582" text="провёл"><tfr rev_id="1017358" t="провёл"><v><l id="277830" t="провёл"><g v="VERB"></g><g v="perf"></g><g v="tran"></g><g v="masc"></g><g v="sing"></g><g v="past"></g><g v="indc"></g></l></v></tfr></token><token id="182583" text="прекрасную"><tfr rev_id="1017359" t="прекрасную"><v><l id="267588" t="прекрасный"><g v="ADJF"></g><g v="Qual"></g><g v="femn"></g><g v="sing"></g><g v="accs"></g></l></v></tfr></token><token id="182584" text="гонку"><tfr rev_id="1017360" t="гонку"><v><l id="72927" t="гонка"><g v="NOUN"></g><g v="inan"></g><g v="femn"></g><g v="sing"></g><g v="accs"></g></l></v></tfr></token><token id="182585" text=","><tfr rev_id="1017361" t=","><v><l id="0" t=","><g v="PNCT"></g></l></v></tfr></token><token id="182586" text="пролидировав"><tfr rev_id="1017362" t="пролидировав"><v><l id="0" t="пролидировав"><g v="UNKN"></g></l></v></tfr></token><token id="182587" text="большую"><tfr rev_id="4534406" t="большую"><v><l id="32439" t="больший"><g v="ADJF"></g><g v="Qual"></g><g v="femn"></g><g v="sing"></g><g v="accs"></g></l></v><v><l id="32445" t="большой"><g v="ADJF"></g><g v="Qual"></g><g v="femn"></g><g v="sing"></g><g v="accs"></g></l></v></tfr></token><token id="182588" text="часть"><tfr rev_id="3467263" t="часть"><v><l id="374820" t="часть"><g v="NOUN"></g><g v="inan"></g><g v="femn"></g><g v="sing"></g><g v="accs"></g></l></v></tfr></token><token id="182589" text="гонки"><tfr rev_id="3543296" t="гонки"><v><l id="72927" t="гонка"><g v="NOUN"></g><g v="inan"></g><g v="femn"></g><g v="sing"></g><g v="gent"></g></l></v></tfr></token><token id="182590" text="."><tfr rev_id="1017366" t="."><v><l id="0" t="."><g v="PNCT"></g></l></v></tfr></token></tokens></sentence><sentence id="9560"><source>Неудача постигла обоих его преследователей - Кими Райкконена и Марка Уэббера, чьи моторы взорвались практически одновременно за 30 кругов до финиша.</source><tokens><token id="182591" text="Неудача"><tfr rev_id="1017367" t="Неудача"><v><l id="189180" t="неудача"><g v="NOUN"></g><g v="inan"></g><g v="femn"></g><g v="sing"></g><g v="nomn"></g></l></v></tfr></token><token id="182592" text="постигла"><tfr rev_id="1017368" t="постигла"><v><l id="262317" t="постиг"><g v="VERB"></g><g v="perf"></g><g v="tran"></g><g v="femn"></g><g v="sing"></g><g v="past"></g><g v="indc"></g></l></v></tfr></token><token id="182593" text="обоих"><tfr rev_id="3444937" t="обоих"><v><l id="193002" t="оба"><g v="NUMR"></g><g v="anim"></g><g v="masc"></g><g v="accs"></g></l></v></tfr></token><token id="182594" text="его"><tfr rev_id="4211633" t="его"><v><l id="94208" t="его"><g v="ADJF"></g><g v="Fixd"></g><g v="Apro"></g><g v="Anph"></g><g v="plur"></g><g v="nomn"></g></l></v><v><l id="94208" t="его"><g v="ADJF"></g><g v="Fixd"></g><g v="Apro"></g><g v="Anph"></g><g v="plur"></g><g v="gent"></g></l></v><v><l id="94208" t="его"><g v="ADJF"></g><g v="Fixd"></g><g v="Apro"></g><g v="Anph"></g><g v="plur"></g><g v="datv"></g></l></v><v><l id="94208" t="его"><g v="ADJF"></g><g v="Fixd"></g><g v="Apro"></g><g v="Anph"></g><g v="plur"></g><g v="accs"></g></l></v><v><l id="94208" t="его"><g v="ADJF"></g><g v="Fixd"></g><g v="Apro"></g><g v="Anph"></g><g v="plur"></g><g v="ablt"></g></l></v><v><l id="94208" t="его"><g v="ADJF"></g><g v="Fixd"></g><g v="Apro"></g><g v="Anph"></g><g v="plur"></g><g v="loct"></g></l></v></tfr></token><token id="182595" text="преследователей"><tfr rev_id="4382672" t="преследователей"><v><l id="268185" t="преследователь"><g v="NOUN"></g><g v="anim"></g><g v="masc"></g><g v="plur"></g><g v="accs"></g></l></v></tfr></token><token id="182596" text="-"><tfr rev_id="1017372" t="-"><v><l id="0" t="-"><g v="PNCT"></g></l></v></tfr></token><token id="182597" text="Кими"><tfr rev_id="1017373" t="Кими"><v><l id="0" t="кими"><g v="UNKN"></g></l></v></tfr></token><token id="182598" text="Райкконена"><tfr rev_id="1017374" t="Райкконена"><v><l id="0" t="райкконена"><g v="UNKN"></g></l></v></tfr></token><token id="182599" text="и"><tfr rev_id="3945509" t="и"><v><l id="116949" t="и"><g v="CONJ"></g></l></v></tfr></token><token id="182600" text="Марка"><tfr rev_id="4426561" t="Марка"><v><l id="155266" t="марк"><g v="NOUN"></g><g v="anim"></g><g v="masc"></g><g v="Name"></g><g v="sing"></g><g v="accs"></g></l></v></tfr></token><token id="182601" text="Уэббера"><tfr rev_id="4401839" t="Уэббера"><v><l id="390419" t="уэббер"><g v="NOUN"></g><g v="anim"></g><g v="masc"></g><g v="Sgtm"></g><g v="Surn"></g><g v="sing"></g><g v="accs"></g></l></v></tfr></token><token id="182602" text=","><tfr rev_id="1017378" t=","><v><l id="0" t=","><g v="PNCT"></g></l></v></tfr></token><token id="182603" text="чьи"><tfr rev_id="3820198" t="чьи"><v><l id="374967" t="чей"><g v="ADJF"></g><g v="Apro"></g><g v="plur"></g><g v="nomn"></g></l></v></tfr></token><token id="182604" text="моторы"><tfr rev_id="3727872" t="моторы"><v><l id="164202" t="мотор"><g v="NOUN"></g><g v="inan"></g><g v="masc"></g><g v="plur"></g><g v="nomn"></g></l></v></tfr></token><token id="182605" text="взорвались"><tfr rev_id="1017381" t="взорвались"><v><l id="44004" t="взорвался"><g v="VERB"></g><g v="perf"></g><g v="intr"></g><g v="plur"></g><g v="past"></g><g v="indc"></g></l></v></tfr></token><token id="182606" text="практически"><tfr rev_id="1017382" t="практически"><v><l id="265904" t="практически"><g v="ADVB"></g></l></v></tfr></token><token id="182607" text="одновременно"><tfr rev_id="1017383" t="одновременно"><v><l id="203393" t="одновременно"><g v="ADVB"></g></l></v><v><l id="203396" t="одновременен"><g v="ADJS"></g><g v="Qual"></g><g v="neut"></g><g v="sing"></g></l></v></tfr></token><token id="182608" text="за"><tfr rev_id="1017384" t="за"><v><l id="98043" t="за"><g v="PREP"></g></l></v></tfr></token><token id="182609" text="30"><tfr rev_id="2456404" t="30"><v><l id="0" t="30"><g v="NUMB"></g></l></v></tfr></token><token id="182610" text="кругов"><tfr rev_id="1017386" t="кругов"><v><l id="143467" t="круг"><g v="NOUN"></g><g v="inan"></g><g v="masc"></g><g v="plur"></g><g v="gent"></g></l></v></tfr></token><token id="182611" text="до"><tfr rev_id="1017387" t="до"><v><l id="85153" t="до"><g v="PREP"></g></l></v></tfr></token><token id="182612" text="финиша"><tfr rev_id="1017388" t="финиша"><v><l id="366135" t="финиш"><g v="NOUN"></g><g v="inan"></g><g v="masc"></g><g v="sing"></g><g v="gent"></g></l></v></tfr></token><token id="182613" text="."><tfr rev_id="1017389" t="."><v><l id="0" t="."><g v="PNCT"></g></l></v></tfr></token></tokens></sentence><sentence id="9561"><source>После этого, Алонсо финишировал в гордом одиночестве.</source><tokens><token id="182614" text="После"><tfr rev_id="4405896" t="После"><v><l id="261542" t="после"><g v="PREP"></g></l></v></tfr></token><token id="182615" text="этого"><tfr rev_id="4470933" t="этого"><v><l id="386575" t="это"><g v="NPRO"></g><g v="neut"></g><g v="sing"></g><g v="gent"></g></l></v></tfr></token><token id="182616" text=","><tfr rev_id="1017392" t=","><v><l id="0" t=","><g v="PNCT"></g></l></v></tfr></token><token id="182617" text="Алонсо"><tfr rev_id="4327584" t="Алонсо"><v><l id="389057" t="алонсо"><g v="NOUN"></g><g v="anim"></g><g v="ms-f"></g><g v="Fixd"></g><g v="Surn"></g><g v="sing"></g><g v="nomn"></g></l></v></tfr></token><token id="182618" text="финишировал"><tfr rev_id="1017394" t="финишировал"><v><l id="366138" t="финишировал"><g v="VERB"></g><g v="perf"></g><g v="intr"></g><g v="masc"></g><g v="sing"></g><g v="past"></g><g v="indc"></g></l></v><v><l id="366139" t="финиширую"><g v="VERB"></g><g v="impf"></g><g v="intr"></g><g v="masc"></g><g v="sing"></g><g v="past"></g><g v="indc"></g></l></v></tfr></token><token id="182619" text="в"><tfr rev_id="1017395" t="в"><v><l id="37409" t="в"><g v="PREP"></g></l></v></tfr></token><token id="182620" text="гордом"><tfr rev_id="3284997" t="гордом"><v><l id="73217" t="гордый"><g v="ADJF"></g><g v="neut"></g><g v="sing"></g><g v="loct"></g></l></v></tfr></token><token id="182621" text="одиночестве"><tfr rev_id="1017397" t="одиночестве"><v><l id="203345" t="одиночество"><g v="NOUN"></g><g v="inan"></g><g v="neut"></g><g v="sing"></g><g v="loct"></g></l></v></tfr></token><token id="182622" text="."><tfr rev_id="1017398" t="."><v><l id="0" t="."><g v="PNCT"></g></l></v></tfr></token></tokens></sentence></paragraph><paragraph id="3020"><sentence id="9562"><source>С огромными отрывами на втором и третьем местах финишировали Хуану Пабло Монтойе из команды МакЛарен-Мерседес и Дэвид Култхард.</source><tokens><token id="182623" text="С"><tfr rev_id="1017399" t="С"><v><l id="311151" t="с"><g v="PREP"></g></l></v></tfr></token><token id="182624" text="огромными"><tfr rev_id="1017400" t="огромными"><v><l id="203009" t="огромный"><g v="ADJF"></g><g v="Qual"></g><g v="plur"></g><g v="ablt"></g></l></v></tfr></token><token id="182625" text="отрывами"><tfr rev_id="1017401" t="отрывами"><v><l id="217688" t="отрыв"><g v="NOUN"></g><g v="inan"></g><g v="masc"></g><g v="plur"></g><g v="ablt"></g></l></v></tfr></token><token id="182626" text="на"><tfr rev_id="3344695" t="на"><v><l id="166264" t="на"><g v="PREP"></g></l></v></tfr></token><token id="182627" text="втором"><tfr rev_id="4349787" t="втором"><v><l id="55043" t="второй"><g v="ADJF"></g><g v="Anum"></g><g v="neut"></g><g v="sing"></g><g v="loct"></g></l></v></tfr></token><token id="182628" text="и"><tfr rev_id="3495522" t="и"><v><l id="116949" t="и"><g v="CONJ"></g></l></v></tfr></token><token id="182629" text="третьем"><tfr rev_id="4309300" t="третьем"><v><l id="349855" t="третий"><g v="ADJF"></g><g v="Anum"></g><g v="neut"></g><g v="sing"></g><g v="loct"></g></l></v></tfr></token><token id="182630" text="местах"><tfr rev_id="1017406" t="местах"><v><l id="158822" t="место"><g v="NOUN"></g><g v="inan"></g><g v="neut"></g><g v="plur"></g><g v="loct"></g></l></v></tfr></token><token id="182631" text="финишировали"><tfr rev_id="1017407" t="финишировали"><v><l id="366138" t="финишировал"><g v="VERB"></g><g v="perf"></g><g v="intr"></g><g v="plur"></g><g v="past"></g><g v="indc"></g></l></v><v><l id="366139" t="финиширую"><g v="VERB"></g><g v="impf"></g><g v="intr"></g><g v="plur"></g><g v="past"></g><g v="indc"></g></l></v></tfr></token><token id="182632" text="Хуану"><tfr rev_id="1017408" t="Хуану"><v><l id="372418" t="хуан"><g v="NOUN"></g><g v="anim"></g><g v="masc"></g><g v="Name"></g><g v="sing"></g><g v="datv"></g></l></v></tfr></token><token id="182633" text="Пабло"><tfr rev_id="4154878" t="Пабло"><v><l id="389069" t="пабло"><g v="NOUN"></g><g v="anim"></g><g v="masc"></g><g v="Sgtm"></g><g v="Fixd"></g><g v="Name"></g><g v="sing"></g><g v="nomn"></g></l></v></tfr></token><token id="182634" text="Монтойе"><tfr rev_id="1017410" t="Монтойе"><v><l id="0" t="монтойе"><g v="UNKN"></g></l></v></tfr></token><token id="182635" text="из"><tfr rev_id="2601532" t="из"><v><l id="117677" t="из"><g v="PREP"></g></l></v></tfr></token><token id="182636" text="команды"><tfr rev_id="3450115" t="команды"><v><l id="136706" t="команда"><g v="NOUN"></g><g v="inan"></g><g v="femn"></g><g v="sing"></g><g v="gent"></g></l></v></tfr></token><token id="182637" text="МакЛарен-Мерседес"><tfr rev_id="1017413" t="МакЛарен-Мерседес"><v><l id="0" t="макларен-мерседес"><g v="UNKN"></g></l></v></tfr></token><token id="182638" text="и"><tfr rev_id="1017414" t="и"><v><l id="116949" t="и"><g v="CONJ"></g></l></v><v><l id="116950" t="и"><g v="INTJ"></g></l></v></tfr></token><token id="182639" text="Дэвид"><tfr rev_id="1017415" t="Дэвид"><v><l id="93657" t="дэвид"><g v="NOUN"></g><g v="anim"></g><g v="masc"></g><g v="Name"></g><g v="sing"></g><g v="nomn"></g></l></v></tfr></token><token id="182640" text="Култхард"><tfr rev_id="1017416" t="Култхард"><v><l id="0" t="култхард"><g v="UNKN"></g></l></v></tfr></token><token id="182641" text="."><tfr rev_id="1017417" t="."><v><l id="0" t="."><g v="PNCT"></g></l></v></tfr></token></tokens></sentence><sentence id="9563"><source>Третье место стало первым подиумом команды Red Bull.</source><tokens><token id="182642" text="Третье"><tfr rev_id="4406870" t="Третье"><v><l id="349855" t="третий"><g v="ADJF"></g><g v="Anum"></g><g v="neut"></g><g v="sing"></g><g v="nomn"></g></l></v></tfr></token><token id="182643" text="место"><tfr rev_id="1017419" t="место"><v><l id="158822" t="место"><g v="NOUN"></g><g v="inan"></g><g v="neut"></g><g v="sing"></g><g v="nomn"></g></l></v><v><l id="158822" t="место"><g v="NOUN"></g><g v="inan"></g><g v="neut"></g><g v="sing"></g><g v="accs"></g></l></v></tfr></token><token id="182644" text="стало"><tfr rev_id="1017420" t="стало"><v><l id="335164" t="стал"><g v="VERB"></g><g v="perf"></g><g v="intr"></g><g v="neut"></g><g v="sing"></g><g v="past"></g><g v="indc"></g></l></v></tfr></token><token id="182645" text="первым"><tfr rev_id="4500147" t="первым"><v><l id="226359" t="первый"><g v="ADJF"></g><g v="Anum"></g><g v="masc"></g><g v="sing"></g><g v="ablt"></g></l></v><v><l id="226359" t="первый"><g v="ADJF"></g><g v="Anum"></g><g v="neut"></g><g v="sing"></g><g v="ablt"></g></l></v></tfr></token><token id="182646" text="подиумом"><tfr rev_id="1017422" t="подиумом"><v><l id="245994" t="подиум"><g v="NOUN"></g><g v="inan"></g><g v="masc"></g><g v="sing"></g><g v="ablt"></g></l></v></tfr></token><token id="182647" text="команды"><tfr rev_id="3440295" t="команды"><v><l id="136706" t="команда"><g v="NOUN"></g><g v="inan"></g><g v="femn"></g><g v="sing"></g><g v="gent"></g></l></v></tfr></token><token id="182648" text="Red"><tfr rev_id="2469891" t="Red"><v><l id="0" t="Red"><g v="LATN"></g></l></v></tfr></token><token id="182649" text="Bull"><tfr rev_id="2469892" t="Bull"><v><l id="0" t="Bull"><g v="LATN"></g></l></v></tfr></token><token id="182650" text="."><tfr rev_id="1017426" t="."><v><l id="0" t="."><g v="PNCT"></g></l></v></tfr></token></tokens></sentence></paragraph><paragraph id="3021"><sentence id="9564"><source>На церемонии награждения призёры не стали принимать традиционный"душ"из шампанского, отдавая дань погибшему Эдуард Мишлен, одному из президентов группы компаний Michelin, в составе которой и поставщик шин для Формулы-1, погибшему за два дня до гонки.</source><tokens><token id="182651" text="На"><tfr rev_id="3475475" t="На"><v><l id="166264" t="на"><g v="PREP"></g></l></v></tfr></token><token id="182652" text="церемонии"><tfr rev_id="3557438" t="церемонии"><v><l id="373652" t="церемония"><g v="NOUN"></g><g v="inan"></g><g v="femn"></g><g v="sing"></g><g v="loct"></g></l></v></tfr></token><token id="182653" text="награждения"><tfr rev_id="3457233" t="награждения"><v><l id="168110" t="награждение"><g v="NOUN"></g><g v="inan"></g><g v="neut"></g><g v="sing"></g><g v="gent"></g></l></v></tfr></token><token id="182654" text="призёры"><tfr rev_id="1017430" t="призёры"><v><l id="270521" t="призёр"><g v="NOUN"></g><g v="anim"></g><g v="masc"></g><g v="plur"></g><g v="nomn"></g></l></v></tfr></token><token id="182655" text="не"><tfr rev_id="1017431" t="не"><v><l id="178876" t="не"><g v="PRCL"></g></l></v></tfr></token><token id="182656" text="стали"><tfr rev_id="2370411" t="стали"><v><l id="335164" t="стал"><g v="VERB"></g><g v="perf"></g><g v="intr"></g><g v="plur"></g><g v="past"></g><g v="indc"></g></l></v></tfr></token><token id="182657" text="принимать"><tfr rev_id="1017433" t="принимать"><v><l id="272583" t="принимать"><g v="INFN"></g><g v="impf"></g><g v="tran"></g></l></v></tfr></token><token id="182658" text="традиционный"><tfr rev_id="1017434" t="традиционный"><v><l id="348768" t="традиционный"><g v="ADJF"></g><g v="masc"></g><g v="sing"></g><g v="nomn"></g></l></v><v><l id="348768" t="традиционный"><g v="ADJF"></g><g v="inan"></g><g v="masc"></g><g v="sing"></g><g v="accs"></g></l></v></tfr></token><token id="182659" text="&quot;"><tfr rev_id="1017435" t="&quot;"><v><l id="0" t="&quot;"><g v="PNCT"></g></l></v></tfr></token><token id="182660" text="душ"><tfr rev_id="3440302" t="душ"><v><l id="93353" t="душ"><g v="NOUN"></g><g v="inan"></g><g v="masc"></g><g v="sing"></g><g v="nomn"></g></l></v><v><l id="93353" t="душ"><g v="NOUN"></g><g v="inan"></g><g v="masc"></g><g v="sing"></g><g v="accs"></g></l></v></tfr></token><token id="182661" text="&quot;"><tfr rev_id="1017437" t="&quot;"><v><l id="0" t="&quot;"><g v="PNCT"></g></l></v></tfr></token><token id="182662" text="из"><tfr rev_id="2603067" t="из"><v><l id="117677" t="из"><g v="PREP"></g></l></v></tfr></token><token id="182663" text="шампанского"><tfr rev_id="4157811" t="шампанского"><v><l id="377976" t="шампанское"><g v="NOUN"></g><g v="inan"></g><g v="neut"></g><g v="sing"></g><g v="gent"></g></l></v></tfr></token><token id="182664" text=","><tfr rev_id="1017440" t=","><v><l id="0" t=","><g v="PNCT"></g></l></v></tfr></token><token id="182665" text="отдавая"><tfr rev_id="1017441" t="отдавая"><v><l id="213242" t="отдавая"><g v="GRND"></g><g v="impf"></g><g v="tran"></g><g v="pres"></g></l></v></tfr></token><token id="182666" text="дань"><tfr rev_id="4341730" t="дань"><v><l id="78330" t="дань"><g v="NOUN"></g><g v="inan"></g><g v="femn"></g><g v="sing"></g><g v="nomn"></g></l></v><v><l id="78330" t="дань"><g v="NOUN"></g><g v="inan"></g><g v="femn"></g><g v="sing"></g><g v="accs"></g></l></v></tfr></token><token id="182667" text="погибшему"><tfr rev_id="1017443" t="погибшему"><v><l id="243193" t="погибший"><g v="PRTF"></g><g v="perf"></g><g v="intr"></g><g v="past"></g><g v="actv"></g><g v="masc"></g><g v="sing"></g><g v="datv"></g></l></v><v><l id="243193" t="погибший"><g v="PRTF"></g><g v="perf"></g><g v="intr"></g><g v="past"></g><g v="actv"></g><g v="neut"></g><g v="sing"></g><g v="datv"></g></l></v><v><l id="243195" t="погибший"><g v="ADJF"></g><g v="masc"></g><g v="sing"></g><g v="datv"></g></l></v><v><l id="243195" t="погибший"><g v="ADJF"></g><g v="neut"></g><g v="sing"></g><g v="datv"></g></l></v></tfr></token><token id="182668" text="Эдуард"><tfr rev_id="3492257" t="Эдуард"><v><l id="383031" t="эдуард"><g v="NOUN"></g><g v="anim"></g><g v="masc"></g><g v="Name"></g><g v="sing"></g><g v="nomn"></g></l></v></tfr></token><token id="182669" text="Мишлен"><tfr rev_id="1017445" t="Мишлен"><v><l id="0" t="мишлен"><g v="UNKN"></g></l></v></tfr></token><token id="182670" text=","><tfr rev_id="1017446" t=","><v><l id="0" t=","><g v="PNCT"></g></l></v></tfr></token><token id="182671" text="одному"><tfr rev_id="4300995" t="одному"><v><l id="203319" t="один"><g v="ADJF"></g><g v="Apro"></g><g v="Anum"></g><g v="masc"></g><g v="sing"></g><g v="datv"></g></l></v></tfr></token><token id="182672" text="из"><tfr rev_id="2557483" t="из"><v><l id="117677" t="из"><g v="PREP"></g></l></v></tfr></token><token id="182673" text="президентов"><tfr rev_id="2367341" t="президентов"><v><l id="267449" t="президент"><g v="NOUN"></g><g v="anim"></g><g v="masc"></g><g v="plur"></g><g v="gent"></g></l></v></tfr></token><token id="182674" text="группы"><tfr rev_id="3489826" t="группы"><v><l id="76092" t="группа"><g v="NOUN"></g><g v="inan"></g><g v="femn"></g><g v="sing"></g><g v="gent"></g></l></v></tfr></token><token id="182675" text="компаний"><tfr rev_id="1017451" t="компаний"><v><l id="137146" t="компания"><g v="NOUN"></g><g v="inan"></g><g v="femn"></g><g v="plur"></g><g v="gent"></g></l></v></tfr></token><token id="182676" text="Michelin"><tfr rev_id="2469893" t="Michelin"><v><l id="0" t="Michelin"><g v="LATN"></g></l></v></tfr></token><token id="182677" text=","><tfr rev_id="1017453" t=","><v><l id="0" t=","><g v="PNCT"></g></l></v></tfr></token><token id="182678" text="в"><tfr rev_id="1017454" t="в"><v><l id="37409" t="в"><g v="PREP"></g></l></v></tfr></token><token id="182679" text="составе"><tfr rev_id="1017455" t="составе"><v><l id="330479" t="состав"><g v="NOUN"></g><g v="inan"></g><g v="masc"></g><g v="sing"></g><g v="loct"></g></l></v></tfr></token><token id="182680" text="которой"><tfr rev_id="4423709" t="которой"><v><l id="141203" t="который"><g v="ADJF"></g><g v="Apro"></g><g v="Subx"></g><g v="Anph"></g><g v="femn"></g><g v="sing"></g><g v="gent"></g></l></v></tfr></token><token id="182681" text="и"><tfr rev_id="1017457" t="и"><v><l id="116949" t="и"><g v="CONJ"></g></l></v><v><l id="116950" t="и"><g v="INTJ"></g></l></v></tfr></token><token id="182682" text="поставщик"><tfr rev_id="1017458" t="поставщик"><v><l id="262120" t="поставщик"><g v="NOUN"></g><g v="anim"></g><g v="masc"></g><g v="sing"></g><g v="nomn"></g></l></v></tfr></token><token id="182683" text="шин"><tfr rev_id="1017459" t="шин"><v><l id="379621" t="шина"><g v="NOUN"></g><g v="inan"></g><g v="femn"></g><g v="plur"></g><g v="gent"></g></l></v></tfr></token><token id="182684" text="для"><tfr rev_id="3391683" t="для"><v><l id="85032" t="для"><g v="PREP"></g></l></v></tfr></token><token id="182685" text="Формулы-1"><tfr rev_id="1017461" t="Формулы-1"><v><l id="0" t="Формулы-1"><g v="UNKN"></g></l></v></tfr></token><token id="182686" text=","><tfr rev_id="1017462" t=","><v><l id="0" t=","><g v="PNCT"></g></l></v></tfr></token><token id="182687" text="погибшему"><tfr rev_id="1017463" t="погибшему"><v><l id="243193" t="погибший"><g v="PRTF"></g><g v="perf"></g><g v="intr"></g><g v="past"></g><g v="actv"></g><g v="masc"></g><g v="sing"></g><g v="datv"></g></l></v><v><l id="243193" t="погибший"><g v="PRTF"></g><g v="perf"></g><g v="intr"></g><g v="past"></g><g v="actv"></g><g v="neut"></g><g v="sing"></g><g v="datv"></g></l></v><v><l id="243195" t="погибший"><g v="ADJF"></g><g v="masc"></g><g v="sing"></g><g v="datv"></g></l></v><v><l id="243195" t="погибший"><g v="ADJF"></g><g v="neut"></g><g v="sing"></g><g v="datv"></g></l></v></tfr></token><token id="182688" text="за"><tfr rev_id="1017464" t="за"><v><l id="98043" t="за"><g v="PREP"></g></l></v></tfr></token><token id="182689" text="два"><tfr rev_id="4450242" t="два"><v><l id="78668" t="два"><g v="NUMR"></g><g v="masc"></g><g v="nomn"></g></l></v><v><l id="78668" t="два"><g v="NUMR"></g><g v="inan"></g><g v="masc"></g><g v="accs"></g></l></v><v><l id="78668" t="два"><g v="NUMR"></g><g v="neut"></g><g v="nomn"></g></l></v><v><l id="78668" t="два"><g v="NUMR"></g><g v="inan"></g><g v="neut"></g><g v="accs"></g></l></v></tfr></token><token id="182690" text="дня"><tfr rev_id="1017466" t="дня"><v><l id="81427" t="день"><g v="NOUN"></g><g v="inan"></g><g v="masc"></g><g v="sing"></g><g v="gent"></g></l></v></tfr></token><token id="182691" text="до"><tfr rev_id="1017467" t="до"><v><l id="85153" t="до"><g v="PREP"></g></l></v></tfr></token><token id="182692" text="гонки"><tfr rev_id="3697553" t="гонки"><v><l id="72927" t="гонка"><g v="NOUN"></g><g v="inan"></g><g v="femn"></g><g v="sing"></g><g v="gent"></g></l></v></tfr></token><token id="182693" text="."><tfr rev_id="1017469" t="."><v><l id="0" t="."><g v="PNCT"></g></l></v></tfr></token></tokens></sentence></paragraph></paragraphs></text>