<?xml version="1.0" encoding="utf-8"?><text id="1452" parent="56" name="Генерал Власов: предатель или герой?"><tags><tag>Автор:http://ru.wikinews.org/wiki/Участник:Velopilger</tag><tag>Дата:10/09</tag><tag>Год:2009</tag><tag>Тема:ВикиКатегория:Общество</tag><tag>Тема:ВикиКатегория:Православие</tag><tag>Гео:ВикиКатегория:Россия</tag><tag>url:http://ru.wikinews.org/w/index.php?title=Генерал_Власов:_предатель_или_герой?&amp;oldid=27198</tag></tags><paragraphs><paragraph id="13010"><sentence id="40383"><source>Генерал Власов: предатель или герой?</source><tokens><token id="718581" text="Генерал"><tfr rev_id="1550437" t="Генерал"><v><l id="68488" t="генерал"><g v="NOUN"></g><g v="anim"></g><g v="masc"></g><g v="sing"></g><g v="nomn"></g></l></v></tfr></token><token id="718582" text="Власов"><tfr rev_id="3483548" t="Власов"><v><l id="46775" t="власов"><g v="NOUN"></g><g v="anim"></g><g v="masc"></g><g v="Sgtm"></g><g v="Surn"></g><g v="sing"></g><g v="nomn"></g></l></v></tfr></token><token id="718583" text=":"><tfr rev_id="1550439" t=":"><v><l id="0" t=":"><g v="PNCT"></g></l></v></tfr></token><token id="718584" text="предатель"><tfr rev_id="1550440" t="предатель"><v><l id="266222" t="предатель"><g v="NOUN"></g><g v="anim"></g><g v="masc"></g><g v="sing"></g><g v="nomn"></g></l></v></tfr></token><token id="718585" text="или"><tfr rev_id="3787382" t="или"><v><l id="121146" t="или"><g v="CONJ"></g></l></v></tfr></token><token id="718586" text="герой"><tfr rev_id="3799305" t="герой"><v><l id="69212" t="герой"><g v="NOUN"></g><g v="anim"></g><g v="masc"></g><g v="sing"></g><g v="nomn"></g></l></v></tfr></token><token id="718587" text="?"><tfr rev_id="1550443" t="?"><v><l id="0" t="?"><g v="PNCT"></g></l></v></tfr></token></tokens></sentence></paragraph><paragraph id="13011"><sentence id="40384"><source>Вести разговоры о личности бывшего генерала Власова, попавшего в плен и затем воевавшего с красным СССР, сейчас в России не принято, по крайней мере не считается хорошим тоном.</source><tokens><token id="718588" text="Вести"><tfr rev_id="1713000" t="Вести"><v><l id="42111" t="вести"><g v="INFN"></g><g v="impf"></g><g v="tran"></g></l></v></tfr></token><token id="718589" text="разговоры"><tfr rev_id="3728339" t="разговоры"><v><l id="293018" t="разговор"><g v="NOUN"></g><g v="inan"></g><g v="masc"></g><g v="plur"></g><g v="accs"></g></l></v></tfr></token><token id="718590" text="о"><tfr rev_id="3417258" t="о"><v><l id="192977" t="о"><g v="PREP"></g></l></v></tfr></token><token id="718591" text="личности"><tfr rev_id="4101816" t="личности"><v><l id="150210" t="личность"><g v="NOUN"></g><g v="inan"></g><g v="femn"></g><g v="sing"></g><g v="loct"></g></l></v></tfr></token><token id="718592" text="бывшего"><tfr rev_id="1550448" t="бывшего"><v><l id="37002" t="бывший"><g v="ADJF"></g><g v="masc"></g><g v="sing"></g><g v="gent"></g></l></v><v><l id="37002" t="бывший"><g v="ADJF"></g><g v="anim"></g><g v="masc"></g><g v="sing"></g><g v="accs"></g></l></v><v><l id="37002" t="бывший"><g v="ADJF"></g><g v="neut"></g><g v="sing"></g><g v="gent"></g></l></v><v><l id="37267" t="бывший"><g v="PRTF"></g><g v="impf"></g><g v="intr"></g><g v="past"></g><g v="actv"></g><g v="masc"></g><g v="sing"></g><g v="gent"></g></l></v><v><l id="37267" t="бывший"><g v="PRTF"></g><g v="impf"></g><g v="intr"></g><g v="past"></g><g v="actv"></g><g v="anim"></g><g v="masc"></g><g v="sing"></g><g v="accs"></g></l></v><v><l id="37267" t="бывший"><g v="PRTF"></g><g v="impf"></g><g v="intr"></g><g v="past"></g><g v="actv"></g><g v="neut"></g><g v="sing"></g><g v="gent"></g></l></v></tfr></token><token id="718593" text="генерала"><tfr rev_id="4461906" t="генерала"><v><l id="68488" t="генерал"><g v="NOUN"></g><g v="anim"></g><g v="masc"></g><g v="sing"></g><g v="gent"></g></l></v></tfr></token><token id="718594" text="Власова"><tfr rev_id="4177664" t="Власова"><v><l id="46775" t="власов"><g v="NOUN"></g><g v="anim"></g><g v="masc"></g><g v="Sgtm"></g><g v="Surn"></g><g v="sing"></g><g v="gent"></g></l></v><v><l id="46775" t="власов"><g v="NOUN"></g><g v="anim"></g><g v="masc"></g><g v="Sgtm"></g><g v="Surn"></g><g v="sing"></g><g v="accs"></g></l></v></tfr></token><token id="718595" text=","><tfr rev_id="1550451" t=","><v><l id="0" t=","><g v="PNCT"></g></l></v></tfr></token><token id="718596" text="попавшего"><tfr rev_id="3443295" t="попавшего"><v><l id="259027" t="попавший"><g v="PRTF"></g><g v="perf"></g><g v="intr"></g><g v="past"></g><g v="actv"></g><g v="masc"></g><g v="sing"></g><g v="gent"></g></l></v><v><l id="259027" t="попавший"><g v="PRTF"></g><g v="perf"></g><g v="intr"></g><g v="past"></g><g v="actv"></g><g v="anim"></g><g v="masc"></g><g v="sing"></g><g v="accs"></g></l></v></tfr></token><token id="718597" text="в"><tfr rev_id="1550453" t="в"><v><l id="37409" t="в"><g v="PREP"></g></l></v></tfr></token><token id="718598" text="плен"><tfr rev_id="3494379" t="плен"><v><l id="240259" t="плен"><g v="NOUN"></g><g v="inan"></g><g v="masc"></g><g v="sing"></g><g v="nomn"></g></l></v><v><l id="240259" t="плен"><g v="NOUN"></g><g v="inan"></g><g v="masc"></g><g v="sing"></g><g v="accs"></g></l></v></tfr></token><token id="718599" text="и"><tfr rev_id="1550455" t="и"><v><l id="116949" t="и"><g v="CONJ"></g></l></v><v><l id="116950" t="и"><g v="INTJ"></g></l></v></tfr></token><token id="718600" text="затем"><tfr rev_id="1550456" t="затем"><v><l id="111250" t="затем"><g v="ADVB"></g><g v="Dmns"></g></l></v></tfr></token><token id="718601" text="воевавшего"><tfr rev_id="3443296" t="воевавшего"><v><l id="48542" t="воевавший"><g v="PRTF"></g><g v="impf"></g><g v="intr"></g><g v="past"></g><g v="actv"></g><g v="masc"></g><g v="sing"></g><g v="gent"></g></l></v><v><l id="48542" t="воевавший"><g v="PRTF"></g><g v="impf"></g><g v="intr"></g><g v="past"></g><g v="actv"></g><g v="anim"></g><g v="masc"></g><g v="sing"></g><g v="accs"></g></l></v></tfr></token><token id="718602" text="с"><tfr rev_id="1550458" t="с"><v><l id="311151" t="с"><g v="PREP"></g></l></v></tfr></token><token id="718603" text="красным"><tfr rev_id="4511905" t="красным"><v><l id="142014" t="красный"><g v="ADJF"></g><g v="Qual"></g><g v="masc"></g><g v="sing"></g><g v="ablt"></g></l></v></tfr></token><token id="718604" text="СССР"><tfr rev_id="3543929" t="СССР"><v><l id="334099" t="ссср"><g v="NOUN"></g><g v="inan"></g><g v="masc"></g><g v="Sgtm"></g><g v="Fixd"></g><g v="Abbr"></g><g v="Geox"></g><g v="sing"></g><g v="ablt"></g></l></v></tfr></token><token id="718605" text=","><tfr rev_id="1550461" t=","><v><l id="0" t=","><g v="PNCT"></g></l></v></tfr></token><token id="718606" text="сейчас"><tfr rev_id="1550462" t="сейчас"><v><l id="317975" t="сейчас"><g v="ADVB"></g></l></v></tfr></token><token id="718607" text="в"><tfr rev_id="1550463" t="в"><v><l id="37409" t="в"><g v="PREP"></g></l></v></tfr></token><token id="718608" text="России"><tfr rev_id="2922501" t="России"><v><l id="309322" t="россия"><g v="NOUN"></g><g v="inan"></g><g v="femn"></g><g v="Sgtm"></g><g v="Geox"></g><g v="sing"></g><g v="loct"></g></l></v></tfr></token><token id="718609" text="не"><tfr rev_id="1550465" t="не"><v><l id="178876" t="не"><g v="PRCL"></g></l></v></tfr></token><token id="718610" text="принято"><tfr rev_id="1550466" t="принято"><v><l id="272699" t="принят"><g v="ADJS"></g><g v="neut"></g><g v="sing"></g></l></v><v><l id="272704" t="принят"><g v="PRTS"></g><g v="perf"></g><g v="past"></g><g v="pssv"></g><g v="neut"></g><g v="sing"></g></l></v></tfr></token><token id="718611" text=","><tfr rev_id="1550467" t=","><v><l id="0" t=","><g v="PNCT"></g></l></v></tfr></token><token id="718612" text="по"><tfr rev_id="1550468" t="по"><v><l id="241240" t="по"><g v="PREP"></g></l></v></tfr></token><token id="718613" text="крайней"><tfr rev_id="4395643" t="крайней"><v><l id="141514" t="крайний"><g v="ADJF"></g><g v="femn"></g><g v="sing"></g><g v="datv"></g></l></v></tfr></token><token id="718614" text="мере"><tfr rev_id="3550875" t="мере"><v><l id="158460" t="мера"><g v="NOUN"></g><g v="inan"></g><g v="femn"></g><g v="sing"></g><g v="datv"></g></l></v><v><l id="158742" t="меря"><g v="NOUN"></g><g v="inan"></g><g v="femn"></g><g v="sing"></g><g v="datv"></g></l></v></tfr></token><token id="718615" text="не"><tfr rev_id="1550471" t="не"><v><l id="178876" t="не"><g v="PRCL"></g></l></v></tfr></token><token id="718616" text="считается"><tfr rev_id="1550472" t="считается"><v><l id="341335" t="считаюсь"><g v="VERB"></g><g v="impf"></g><g v="intr"></g><g v="sing"></g><g v="3per"></g><g v="pres"></g><g v="indc"></g></l></v></tfr></token><token id="718617" text="хорошим"><tfr rev_id="4412725" t="хорошим"><v><l id="371668" t="хороший"><g v="ADJF"></g><g v="Qual"></g><g v="masc"></g><g v="sing"></g><g v="ablt"></g></l></v></tfr></token><token id="718618" text="тоном"><tfr rev_id="1550474" t="тоном"><v><l id="347554" t="тон"><g v="NOUN"></g><g v="inan"></g><g v="masc"></g><g v="sing"></g><g v="ablt"></g></l></v></tfr></token><token id="718619" text="."><tfr rev_id="1550475" t="."><v><l id="0" t="."><g v="PNCT"></g></l></v></tfr></token></tokens></sentence><sentence id="40385"><source>Несмотря на то, что Советского Союза уже давно нет, для большинства постсоветских людей имя генерала прочно связано с понятием предательства Родины.</source><tokens><token id="718620" text="Несмотря"><tfr rev_id="1550476" t="Несмотря"><v><l id="188286" t="несмотря"><g v="PREP"></g></l></v></tfr></token><token id="718621" text="на"><tfr rev_id="3341119" t="на"><v><l id="166264" t="на"><g v="PREP"></g></l></v></tfr></token><token id="718622" text="то"><tfr rev_id="3777773" t="то"><v><l id="346835" t="то"><g v="CONJ"></g></l></v><v><l id="346836" t="то"><g v="PRCL"></g></l></v><v><l id="348430" t="тот"><g v="ADJF"></g><g v="Subx"></g><g v="Apro"></g><g v="Anph"></g><g v="neut"></g><g v="sing"></g><g v="nomn"></g></l></v><v><l id="348430" t="тот"><g v="ADJF"></g><g v="Subx"></g><g v="Apro"></g><g v="Anph"></g><g v="neut"></g><g v="sing"></g><g v="accs"></g></l></v></tfr></token><token id="718623" text=","><tfr rev_id="1550479" t=","><v><l id="0" t=","><g v="PNCT"></g></l></v></tfr></token><token id="718624" text="что"><tfr rev_id="3197936" t="что"><v><l id="377004" t="что"><g v="CONJ"></g></l></v><v><l id="377005" t="что"><g v="NPRO"></g><g v="neut"></g><g v="sing"></g><g v="nomn"></g></l></v><v><l id="377005" t="что"><g v="NPRO"></g><g v="neut"></g><g v="sing"></g><g v="accs"></g></l></v><v><l id="377006" t="что"><g v="ADVB"></g><g v="Ques"></g></l></v><v><l id="388695" t="что"><g v="PRCL"></g></l></v></tfr></token><token id="718625" text="Советского"><tfr rev_id="4414902" t="Советского"><v><l id="327999" t="советский"><g v="ADJF"></g><g v="masc"></g><g v="sing"></g><g v="gent"></g></l></v></tfr></token><token id="718626" text="Союза"><tfr rev_id="1550482" t="Союза"><v><l id="331314" t="союз"><g v="NOUN"></g><g v="inan"></g><g v="masc"></g><g v="sing"></g><g v="gent"></g></l></v></tfr></token><token id="718627" text="уже"><tfr rev_id="2692961" t="уже"><v><l id="355422" t="уж"><g v="NOUN"></g><g v="anim"></g><g v="masc"></g><g v="sing"></g><g v="loct"></g></l></v><v><l id="355498" t="уже"><g v="ADVB"></g></l></v><v><l id="355674" t="уже"><g v="COMP"></g><g v="Qual"></g></l></v><v><l id="388673" t="уже"><g v="PRCL"></g></l></v></tfr></token><token id="718628" text="давно"><tfr rev_id="1550484" t="давно"><v><l id="77708" t="давно"><g v="ADVB"></g></l></v></tfr></token><token id="718629" text="нет"><tfr rev_id="3812158" t="нет"><v><l id="389552" t="нет"><g v="PRED"></g><g v="pres"></g></l></v></tfr></token><token id="718630" text=","><tfr rev_id="1550486" t=","><v><l id="0" t=","><g v="PNCT"></g></l></v></tfr></token><token id="718631" text="для"><tfr rev_id="3452711" t="для"><v><l id="85032" t="для"><g v="PREP"></g></l></v></tfr></token><token id="718632" text="большинства"><tfr rev_id="1550488" t="большинства"><v><l id="32441" t="большинство"><g v="NOUN"></g><g v="inan"></g><g v="neut"></g><g v="Sgtm"></g><g v="sing"></g><g v="gent"></g></l></v></tfr></token><token id="718633" text="постсоветских"><tfr rev_id="4360615" t="постсоветских"><v><l id="262559" t="постсоветский"><g v="ADJF"></g><g v="plur"></g><g v="gent"></g></l></v></tfr></token><token id="718634" text="людей"><tfr rev_id="2928363" t="людей"><v><l id="375073" t="человек"><g v="NOUN"></g><g v="anim"></g><g v="masc"></g><g v="plur"></g><g v="gent"></g></l></v></tfr></token><token id="718635" text="имя"><tfr rev_id="3477982" t="имя"><v><l id="121947" t="имя"><g v="NOUN"></g><g v="inan"></g><g v="neut"></g><g v="sing"></g><g v="nomn"></g></l></v></tfr></token><token id="718636" text="генерала"><tfr rev_id="3542946" t="генерала"><v><l id="68488" t="генерал"><g v="NOUN"></g><g v="anim"></g><g v="masc"></g><g v="sing"></g><g v="gent"></g></l></v></tfr></token><token id="718637" text="прочно"><tfr rev_id="1550493" t="прочно"><v><l id="287555" t="прочно"><g v="ADVB"></g></l></v><v><l id="287561" t="прочен"><g v="ADJS"></g><g v="Qual"></g><g v="neut"></g><g v="sing"></g></l></v></tfr></token><token id="718638" text="связано"><tfr rev_id="1550494" t="связано"><v><l id="316534" t="связан"><g v="PRTS"></g><g v="perf"></g><g v="past"></g><g v="pssv"></g><g v="neut"></g><g v="sing"></g></l></v></tfr></token><token id="718639" text="с"><tfr rev_id="1550495" t="с"><v><l id="311151" t="с"><g v="PREP"></g></l></v></tfr></token><token id="718640" text="понятием"><tfr rev_id="1550496" t="понятием"><v><l id="258694" t="понятие"><g v="NOUN"></g><g v="inan"></g><g v="neut"></g><g v="sing"></g><g v="ablt"></g></l></v></tfr></token><token id="718641" text="предательства"><tfr rev_id="3450388" t="предательства"><v><l id="266226" t="предательство"><g v="NOUN"></g><g v="inan"></g><g v="neut"></g><g v="sing"></g><g v="gent"></g></l></v></tfr></token><token id="718642" text="Родины"><tfr rev_id="3496044" t="Родины"><v><l id="308284" t="родина"><g v="NOUN"></g><g v="inan"></g><g v="femn"></g><g v="sing"></g><g v="gent"></g></l></v></tfr></token><token id="718643" text="."><tfr rev_id="1550499" t="."><v><l id="0" t="."><g v="PNCT"></g></l></v></tfr></token></tokens></sentence></paragraph><paragraph id="13012"><sentence id="40386"><source>Эту связь недавно попытался разорвать священник РПЦ МП Георгий Митрофанов, опубликовавший сборник под названием «Трагедия России. „Запретные“ темы истории ХХ века».</source><tokens><token id="718644" text="Эту"><tfr rev_id="4438955" t="Эту"><v><l id="386581" t="этот"><g v="ADJF"></g><g v="Subx"></g><g v="Apro"></g><g v="Anph"></g><g v="femn"></g><g v="sing"></g><g v="accs"></g></l></v></tfr></token><token id="718645" text="связь"><tfr rev_id="4099675" t="связь"><v><l id="316572" t="связь"><g v="NOUN"></g><g v="inan"></g><g v="femn"></g><g v="sing"></g><g v="accs"></g></l></v></tfr></token><token id="718646" text="недавно"><tfr rev_id="1550502" t="недавно"><v><l id="180623" t="недавно"><g v="ADVB"></g></l></v></tfr></token><token id="718647" text="попытался"><tfr rev_id="1550503" t="попытался"><v><l id="259840" t="попытался"><g v="VERB"></g><g v="perf"></g><g v="intr"></g><g v="masc"></g><g v="sing"></g><g v="past"></g><g v="indc"></g></l></v></tfr></token><token id="718648" text="разорвать"><tfr rev_id="1550504" t="разорвать"><v><l id="296318" t="разорвать"><g v="INFN"></g><g v="perf"></g><g v="tran"></g></l></v></tfr></token><token id="718649" text="священник"><tfr rev_id="1550505" t="священник"><v><l id="316654" t="священник"><g v="NOUN"></g><g v="anim"></g><g v="masc"></g><g v="sing"></g><g v="nomn"></g></l></v></tfr></token><token id="718650" text="РПЦ"><tfr rev_id="3807433" t="РПЦ"><v><l id="309593" t="рпц"><g v="NOUN"></g><g v="inan"></g><g v="femn"></g><g v="Fixd"></g><g v="Abbr"></g><g v="sing"></g><g v="gent"></g></l></v></tfr></token><token id="718651" text="МП"><tfr rev_id="4169738" t="МП"><v><l id="164537" t="мп"><g v="NOUN"></g><g v="inan"></g><g v="masc"></g><g v="Fixd"></g><g v="Abbr"></g><g v="sing"></g><g v="gent"></g></l></v></tfr></token><token id="718652" text="Георгий"><tfr rev_id="3480345" t="Георгий"><v><l id="68797" t="георгий"><g v="NOUN"></g><g v="anim"></g><g v="masc"></g><g v="Name"></g><g v="sing"></g><g v="nomn"></g></l></v></tfr></token><token id="718653" text="Митрофанов"><tfr rev_id="3124547" t="Митрофанов"><v><l id="161134" t="митрофанов"><g v="NOUN"></g><g v="anim"></g><g v="masc"></g><g v="Sgtm"></g><g v="Surn"></g><g v="sing"></g><g v="nomn"></g></l></v></tfr></token><token id="718654" text=","><tfr rev_id="1550510" t=","><v><l id="0" t=","><g v="PNCT"></g></l></v></tfr></token><token id="718655" text="опубликовавший"><tfr rev_id="1550511" t="опубликовавший"><v><l id="208371" t="опубликовавший"><g v="PRTF"></g><g v="perf"></g><g v="tran"></g><g v="past"></g><g v="actv"></g><g v="masc"></g><g v="sing"></g><g v="nomn"></g></l></v><v><l id="208371" t="опубликовавший"><g v="PRTF"></g><g v="perf"></g><g v="tran"></g><g v="past"></g><g v="actv"></g><g v="inan"></g><g v="masc"></g><g v="sing"></g><g v="accs"></g></l></v></tfr></token><token id="718656" text="сборник"><tfr rev_id="1550512" t="сборник"><v><l id="314368" t="сборник"><g v="NOUN"></g><g v="inan"></g><g v="masc"></g><g v="sing"></g><g v="nomn"></g></l></v><v><l id="314368" t="сборник"><g v="NOUN"></g><g v="inan"></g><g v="masc"></g><g v="sing"></g><g v="accs"></g></l></v></tfr></token><token id="718657" text="под"><tfr rev_id="2561426" t="под"><v><l id="243755" t="под"><g v="PREP"></g></l></v></tfr></token><token id="718658" text="названием"><tfr rev_id="1550514" t="названием"><v><l id="170336" t="название"><g v="NOUN"></g><g v="inan"></g><g v="neut"></g><g v="sing"></g><g v="ablt"></g></l></v></tfr></token><token id="718659" text="«"><tfr rev_id="2447873" t="«"><v><l id="0" t="«"><g v="PNCT"></g></l></v></tfr></token><token id="718660" text="Трагедия"><tfr rev_id="1550516" t="Трагедия"><v><l id="348745" t="трагедия"><g v="NOUN"></g><g v="inan"></g><g v="femn"></g><g v="sing"></g><g v="nomn"></g></l></v></tfr></token><token id="718661" text="России"><tfr rev_id="2602234" t="России"><v><l id="309322" t="россия"><g v="NOUN"></g><g v="inan"></g><g v="femn"></g><g v="Sgtm"></g><g v="Geox"></g><g v="sing"></g><g v="gent"></g></l></v></tfr></token><token id="718662" text="."><tfr rev_id="1550518" t="."><v><l id="0" t="."><g v="PNCT"></g></l></v></tfr></token><token id="718663" text="„"><tfr rev_id="2447874" t="„"><v><l id="0" t="„"><g v="PNCT"></g></l></v></tfr></token><token id="718664" text="Запретные"><tfr rev_id="3879931" t="Запретные"><v><l id="107936" t="запретный"><g v="ADJF"></g><g v="Qual"></g><g v="plur"></g><g v="nomn"></g></l></v></tfr></token><token id="718665" text="“"><tfr rev_id="2447875" t="“"><v><l id="0" t="“"><g v="PNCT"></g></l></v></tfr></token><token id="718666" text="темы"><tfr rev_id="3795400" t="темы"><v><l id="344450" t="тема"><g v="NOUN"></g><g v="inan"></g><g v="femn"></g><g v="plur"></g><g v="nomn"></g></l></v></tfr></token><token id="718667" text="истории"><tfr rev_id="4180024" t="истории"><v><l id="126437" t="история"><g v="NOUN"></g><g v="inan"></g><g v="femn"></g><g v="sing"></g><g v="gent"></g></l></v></tfr></token><token id="718668" text="ХХ"><tfr rev_id="3814911" t="ХХ"><v><l id="0" t="ХХ"><g v="ROMN"></g></l></v></tfr></token><token id="718669" text="века"><tfr rev_id="3718536" t="века"><v><l id="40491" t="век"><g v="NOUN"></g><g v="inan"></g><g v="masc"></g><g v="sing"></g><g v="gen1"></g></l></v></tfr></token><token id="718670" text="»"><tfr rev_id="2447876" t="»"><v><l id="0" t="»"><g v="PNCT"></g></l></v></tfr></token><token id="718671" text="."><tfr rev_id="1550527" t="."><v><l id="0" t="."><g v="PNCT"></g></l></v></tfr></token></tokens></sentence><sentence id="40387"><source>Эта книга вызвала жаркую и практически бескомпромиссную дискуссию как в православных кругах, так и в постсоветской России в целом.".</source><tokens><token id="718672" text="Эта"><tfr rev_id="4437247" t="Эта"><v><l id="386581" t="этот"><g v="ADJF"></g><g v="Subx"></g><g v="Apro"></g><g v="Anph"></g><g v="femn"></g><g v="sing"></g><g v="nomn"></g></l></v></tfr></token><token id="718673" text="книга"><tfr rev_id="1550529" t="книга"><v><l id="134823" t="книга"><g v="NOUN"></g><g v="inan"></g><g v="femn"></g><g v="sing"></g><g v="nomn"></g></l></v></tfr></token><token id="718674" text="вызвала"><tfr rev_id="1550530" t="вызвала"><v><l id="57525" t="вызвал"><g v="VERB"></g><g v="perf"></g><g v="tran"></g><g v="femn"></g><g v="sing"></g><g v="past"></g><g v="indc"></g></l></v></tfr></token><token id="718675" text="жаркую"><tfr rev_id="1550531" t="жаркую"><v><l id="96020" t="жаркий"><g v="ADJF"></g><g v="Qual"></g><g v="femn"></g><g v="sing"></g><g v="accs"></g></l></v></tfr></token><token id="718676" text="и"><tfr rev_id="1550532" t="и"><v><l id="116949" t="и"><g v="CONJ"></g></l></v><v><l id="116950" t="и"><g v="INTJ"></g></l></v></tfr></token><token id="718677" text="практически"><tfr rev_id="1550533" t="практически"><v><l id="265904" t="практически"><g v="ADVB"></g></l></v></tfr></token><token id="718678" text="бескомпромиссную"><tfr rev_id="1550534" t="бескомпромиссную"><v><l id="28205" t="бескомпромиссный"><g v="ADJF"></g><g v="femn"></g><g v="sing"></g><g v="accs"></g></l></v></tfr></token><token id="718679" text="дискуссию"><tfr rev_id="1550535" t="дискуссию"><v><l id="84419" t="дискуссия"><g v="NOUN"></g><g v="inan"></g><g v="femn"></g><g v="sing"></g><g v="accs"></g></l></v></tfr></token><token id="718680" text="как"><tfr rev_id="1550536" t="как"><v><l id="128190" t="как"><g v="CONJ"></g></l></v><v><l id="128191" t="как"><g v="PRCL"></g></l></v><v><l id="128192" t="как"><g v="ADVB"></g><g v="Ques"></g></l></v></tfr></token><token id="718681" text="в"><tfr rev_id="1550537" t="в"><v><l id="37409" t="в"><g v="PREP"></g></l></v></tfr></token><token id="718682" text="православных"><tfr rev_id="3707493" t="православных"><v><l id="265756" t="православный"><g v="ADJF"></g><g v="plur"></g><g v="loct"></g></l></v></tfr></token><token id="718683" text="кругах"><tfr rev_id="1550539" t="кругах"><v><l id="143467" t="круг"><g v="NOUN"></g><g v="inan"></g><g v="masc"></g><g v="plur"></g><g v="loct"></g></l></v></tfr></token><token id="718684" text=","><tfr rev_id="1550540" t=","><v><l id="0" t=","><g v="PNCT"></g></l></v></tfr></token><token id="718685" text="так"><tfr rev_id="1550541" t="так"><v><l id="342451" t="так"><g v="CONJ"></g></l></v><v><l id="342452" t="так"><g v="PRCL"></g></l></v><v><l id="342453" t="так"><g v="ADVB"></g><g v="Dmns"></g></l></v></tfr></token><token id="718686" text="и"><tfr rev_id="4288850" t="и"><v><l id="116949" t="и"><g v="CONJ"></g></l></v></tfr></token><token id="718687" text="в"><tfr rev_id="1550543" t="в"><v><l id="37409" t="в"><g v="PREP"></g></l></v></tfr></token><token id="718688" text="постсоветской"><tfr rev_id="2633846" t="постсоветской"><v><l id="262559" t="постсоветский"><g v="ADJF"></g><g v="femn"></g><g v="sing"></g><g v="loct"></g></l></v></tfr></token><token id="718689" text="России"><tfr rev_id="3325518" t="России"><v><l id="309322" t="россия"><g v="NOUN"></g><g v="inan"></g><g v="femn"></g><g v="Sgtm"></g><g v="Geox"></g><g v="sing"></g><g v="loct"></g></l></v></tfr></token><token id="718690" text="в"><tfr rev_id="1550546" t="в"><v><l id="37409" t="в"><g v="PREP"></g></l></v></tfr></token><token id="718691" text="целом"><tfr rev_id="4235269" t="целом"><v><l id="373197" t="целое"><g v="NOUN"></g><g v="inan"></g><g v="neut"></g><g v="sing"></g><g v="loct"></g></l></v></tfr></token><token id="718692" text="."><tfr rev_id="1550548" t="."><v><l id="0" t="."><g v="PNCT"></g></l></v></tfr></token><token id="718693" text="&quot;"><tfr rev_id="1550549" t="&quot;"><v><l id="0" t="&quot;"><g v="PNCT"></g></l></v></tfr></token><token id="718694" text="."><tfr rev_id="1550550" t="."><v><l id="0" t="."><g v="PNCT"></g></l></v></tfr></token></tokens></sentence></paragraph><paragraph id="13013"><sentence id="40388"><source>Явно превосходящее большинство в своих оценках книги выразили сомнение в необходимости отбеливания изменившего присяге генерала, среди них достаточно известных личностей, к примеру протодиакон Андрей Кураев.".</source><tokens><token id="718695" text="Явно"><tfr rev_id="1550551" t="Явно"><v><l id="387390" t="явно"><g v="ADVB"></g></l></v><v><l id="387394" t="явен"><g v="ADJS"></g><g v="Qual"></g><g v="neut"></g><g v="sing"></g></l></v></tfr></token><token id="718696" text="превосходящее"><tfr rev_id="1550552" t="превосходящее"><v><l id="266104" t="превосходящий"><g v="PRTF"></g><g v="impf"></g><g v="tran"></g><g v="pres"></g><g v="actv"></g><g v="neut"></g><g v="sing"></g><g v="nomn"></g></l></v><v><l id="266104" t="превосходящий"><g v="PRTF"></g><g v="impf"></g><g v="tran"></g><g v="pres"></g><g v="actv"></g><g v="neut"></g><g v="sing"></g><g v="accs"></g></l></v><v><l id="266120" t="превосходящий"><g v="ADJF"></g><g v="neut"></g><g v="sing"></g><g v="nomn"></g></l></v><v><l id="266120" t="превосходящий"><g v="ADJF"></g><g v="neut"></g><g v="sing"></g><g v="accs"></g></l></v></tfr></token><token id="718697" text="большинство"><tfr rev_id="1550553" t="большинство"><v><l id="32441" t="большинство"><g v="NOUN"></g><g v="inan"></g><g v="neut"></g><g v="Sgtm"></g><g v="sing"></g><g v="nomn"></g></l></v><v><l id="32441" t="большинство"><g v="NOUN"></g><g v="inan"></g><g v="neut"></g><g v="Sgtm"></g><g v="sing"></g><g v="accs"></g></l></v></tfr></token><token id="718698" text="в"><tfr rev_id="1550554" t="в"><v><l id="37409" t="в"><g v="PREP"></g></l></v></tfr></token><token id="718699" text="своих"><tfr rev_id="4403031" t="своих"><v><l id="316379" t="свой"><g v="ADJF"></g><g v="Apro"></g><g v="Anph"></g><g v="plur"></g><g v="loct"></g></l></v></tfr></token><token id="718700" text="оценках"><tfr rev_id="1550556" t="оценках"><v><l id="221498" t="оценка"><g v="NOUN"></g><g v="inan"></g><g v="femn"></g><g v="plur"></g><g v="loct"></g></l></v></tfr></token><token id="718701" text="книги"><tfr rev_id="3498554" t="книги"><v><l id="134823" t="книга"><g v="NOUN"></g><g v="inan"></g><g v="femn"></g><g v="sing"></g><g v="gent"></g></l></v></tfr></token><token id="718702" text="выразили"><tfr rev_id="1550558" t="выразили"><v><l id="61211" t="выразил"><g v="VERB"></g><g v="perf"></g><g v="tran"></g><g v="plur"></g><g v="past"></g><g v="indc"></g></l></v></tfr></token><token id="718703" text="сомнение"><tfr rev_id="1550559" t="сомнение"><v><l id="329384" t="сомнение"><g v="NOUN"></g><g v="inan"></g><g v="neut"></g><g v="sing"></g><g v="nomn"></g></l></v><v><l id="329384" t="сомнение"><g v="NOUN"></g><g v="inan"></g><g v="neut"></g><g v="sing"></g><g v="accs"></g></l></v></tfr></token><token id="718704" text="в"><tfr rev_id="1550560" t="в"><v><l id="37409" t="в"><g v="PREP"></g></l></v></tfr></token><token id="718705" text="необходимости"><tfr rev_id="4286466" t="необходимости"><v><l id="184807" t="необходимость"><g v="NOUN"></g><g v="inan"></g><g v="femn"></g><g v="sing"></g><g v="loct"></g></l></v></tfr></token><token id="718706" text="отбеливания"><tfr rev_id="3264293" t="отбеливания"><v><l id="211777" t="отбеливание"><g v="NOUN"></g><g v="inan"></g><g v="neut"></g><g v="sing"></g><g v="gent"></g></l></v></tfr></token><token id="718707" text="изменившего"><tfr rev_id="3443297" t="изменившего"><v><l id="119490" t="изменивший"><g v="PRTF"></g><g v="perf"></g><g v="tran"></g><g v="past"></g><g v="actv"></g><g v="masc"></g><g v="sing"></g><g v="gent"></g></l></v><v><l id="119490" t="изменивший"><g v="PRTF"></g><g v="perf"></g><g v="tran"></g><g v="past"></g><g v="actv"></g><g v="anim"></g><g v="masc"></g><g v="sing"></g><g v="accs"></g></l></v><v><l id="119496" t="изменивший"><g v="PRTF"></g><g v="perf"></g><g v="intr"></g><g v="past"></g><g v="actv"></g><g v="masc"></g><g v="sing"></g><g v="gent"></g></l></v><v><l id="119496" t="изменивший"><g v="PRTF"></g><g v="perf"></g><g v="intr"></g><g v="past"></g><g v="actv"></g><g v="anim"></g><g v="masc"></g><g v="sing"></g><g v="accs"></g></l></v></tfr></token><token id="718708" text="присяге"><tfr rev_id="3551865" t="присяге"><v><l id="275160" t="присяга"><g v="NOUN"></g><g v="inan"></g><g v="femn"></g><g v="sing"></g><g v="datv"></g></l></v></tfr></token><token id="718709" text="генерала"><tfr rev_id="2826765" t="генерала"><v><l id="68488" t="генерал"><g v="NOUN"></g><g v="anim"></g><g v="masc"></g><g v="sing"></g><g v="gent"></g></l></v></tfr></token><token id="718710" text=","><tfr rev_id="1550566" t=","><v><l id="0" t=","><g v="PNCT"></g></l></v></tfr></token><token id="718711" text="среди"><tfr rev_id="1550567" t="среди"><v><l id="333473" t="среди"><g v="PREP"></g></l></v></tfr></token><token id="718712" text="них"><tfr rev_id="3697756" t="них"><v><l id="206619" t="они"><g v="NPRO"></g><g v="3per"></g><g v="Anph"></g><g v="plur"></g><g v="gent"></g><g v="Af-p"></g></l></v></tfr></token><token id="718713" text="достаточно"><tfr rev_id="4139223" t="достаточно"><v><l id="90477" t="достаточно"><g v="ADVB"></g><g v="Prdx"></g></l></v><v><l id="90480" t="достаточен"><g v="ADJS"></g><g v="Qual"></g><g v="neut"></g><g v="sing"></g></l></v><v><l id="390153" t="достаточно"><g v="NUMR"></g><g v="accs"></g></l></v><v><l id="390153" t="достаточно"><g v="NUMR"></g><g v="nomn"></g></l></v></tfr></token><token id="718714" text="известных"><tfr rev_id="3668608" t="известных"><v><l id="118144" t="известный"><g v="ADJF"></g><g v="Qual"></g><g v="plur"></g><g v="gent"></g></l></v></tfr></token><token id="718715" text="личностей"><tfr rev_id="1550571" t="личностей"><v><l id="150210" t="личность"><g v="NOUN"></g><g v="inan"></g><g v="femn"></g><g v="plur"></g><g v="gent"></g></l></v></tfr></token><token id="718716" text=","><tfr rev_id="1550572" t=","><v><l id="0" t=","><g v="PNCT"></g></l></v></tfr></token><token id="718717" text="к"><tfr rev_id="1550573" t="к"><v><l id="127460" t="к"><g v="PREP"></g></l></v></tfr></token><token id="718718" text="примеру"><tfr rev_id="1550574" t="примеру"><v><l id="271975" t="пример"><g v="NOUN"></g><g v="inan"></g><g v="masc"></g><g v="sing"></g><g v="datv"></g></l></v></tfr></token><token id="718719" text="протодиакон"><tfr rev_id="1550575" t="протодиакон"><v><l id="286313" t="протодиакон"><g v="NOUN"></g><g v="anim"></g><g v="masc"></g><g v="sing"></g><g v="nomn"></g></l></v></tfr></token><token id="718720" text="Андрей"><tfr rev_id="1550576" t="Андрей"><v><l id="12977" t="андрей"><g v="NOUN"></g><g v="anim"></g><g v="masc"></g><g v="Name"></g><g v="sing"></g><g v="nomn"></g></l></v></tfr></token><token id="718721" text="Кураев"><tfr rev_id="1550577" t="Кураев"><v><l id="145173" t="кураев"><g v="NOUN"></g><g v="anim"></g><g v="masc"></g><g v="Sgtm"></g><g v="Surn"></g><g v="sing"></g><g v="nomn"></g></l></v></tfr></token><token id="718722" text="."><tfr rev_id="1550578" t="."><v><l id="0" t="."><g v="PNCT"></g></l></v></tfr></token><token id="718723" text="&quot;"><tfr rev_id="1550579" t="&quot;"><v><l id="0" t="&quot;"><g v="PNCT"></g></l></v></tfr></token><token id="718724" text="."><tfr rev_id="1550580" t="."><v><l id="0" t="."><g v="PNCT"></g></l></v></tfr></token></tokens></sentence></paragraph><paragraph id="13014"><sentence id="40389"><source>Вероятно, дискуссия так бы и затухла в пользу большинства, но вчера подошло сообщение из РПЦЗ, в котором Cинод зарубежной церкви вынес высокую оценку книге и в письменном виде поблагодарил протоиерея Георгия Митрофанова за изданную работу..</source><tokens><token id="718725" text="Вероятно"><tfr rev_id="1550581" t="Вероятно"><v><l id="41544" t="вероятно"><g v="CONJ"></g><g v="Prnt"></g></l></v><v><l id="41545" t="вероятно"><g v="ADVB"></g><g v="Prdx"></g></l></v><v><l id="41553" t="вероятен"><g v="ADJS"></g><g v="Qual"></g><g v="neut"></g><g v="sing"></g></l></v></tfr></token><token id="718726" text=","><tfr rev_id="1550582" t=","><v><l id="0" t=","><g v="PNCT"></g></l></v></tfr></token><token id="718727" text="дискуссия"><tfr rev_id="1550583" t="дискуссия"><v><l id="84419" t="дискуссия"><g v="NOUN"></g><g v="inan"></g><g v="femn"></g><g v="sing"></g><g v="nomn"></g></l></v></tfr></token><token id="718728" text="так"><tfr rev_id="1550584" t="так"><v><l id="342451" t="так"><g v="CONJ"></g></l></v><v><l id="342452" t="так"><g v="PRCL"></g></l></v><v><l id="342453" t="так"><g v="ADVB"></g><g v="Dmns"></g></l></v></tfr></token><token id="718729" text="бы"><tfr rev_id="1550585" t="бы"><v><l id="36985" t="бы"><g v="PRCL"></g></l></v></tfr></token><token id="718730" text="и"><tfr rev_id="3558443" t="и"><v><l id="116949" t="и"><g v="CONJ"></g></l></v></tfr></token><token id="718731" text="затухла"><tfr rev_id="1550587" t="затухла"><v><l id="112117" t="затух"><g v="VERB"></g><g v="perf"></g><g v="intr"></g><g v="femn"></g><g v="sing"></g><g v="past"></g><g v="indc"></g></l></v></tfr></token><token id="718732" text="в"><tfr rev_id="1550588" t="в"><v><l id="37409" t="в"><g v="PREP"></g></l></v></tfr></token><token id="718733" text="пользу"><tfr rev_id="1550589" t="пользу"><v><l id="257077" t="польза"><g v="NOUN"></g><g v="inan"></g><g v="femn"></g><g v="sing"></g><g v="accs"></g></l></v></tfr></token><token id="718734" text="большинства"><tfr rev_id="1550590" t="большинства"><v><l id="32441" t="большинство"><g v="NOUN"></g><g v="inan"></g><g v="neut"></g><g v="Sgtm"></g><g v="sing"></g><g v="gent"></g></l></v></tfr></token><token id="718735" text=","><tfr rev_id="1550591" t=","><v><l id="0" t=","><g v="PNCT"></g></l></v></tfr></token><token id="718736" text="но"><tfr rev_id="1550592" t="но"><v><l id="191429" t="но"><g v="CONJ"></g></l></v><v><l id="191430" t="но"><g v="INTJ"></g></l></v></tfr></token><token id="718737" text="вчера"><tfr rev_id="1550593" t="вчера"><v><l id="55399" t="вчера"><g v="ADVB"></g></l></v></tfr></token><token id="718738" text="подошло"><tfr rev_id="1550594" t="подошло"><v><l id="248480" t="подошёл"><g v="VERB"></g><g v="perf"></g><g v="intr"></g><g v="neut"></g><g v="sing"></g><g v="past"></g><g v="indc"></g></l></v></tfr></token><token id="718739" text="сообщение"><tfr rev_id="1550595" t="сообщение"><v><l id="329550" t="сообщение"><g v="NOUN"></g><g v="inan"></g><g v="neut"></g><g v="sing"></g><g v="nomn"></g></l></v><v><l id="329550" t="сообщение"><g v="NOUN"></g><g v="inan"></g><g v="neut"></g><g v="sing"></g><g v="accs"></g></l></v></tfr></token><token id="718740" text="из"><tfr rev_id="1717961" t="из"><v><l id="117677" t="из"><g v="PREP"></g></l></v></tfr></token><token id="718741" text="РПЦЗ"><tfr rev_id="1550597" t="РПЦЗ"><v><l id="0" t="рпцз"><g v="UNKN"></g></l></v></tfr></token><token id="718742" text=","><tfr rev_id="1550598" t=","><v><l id="0" t=","><g v="PNCT"></g></l></v></tfr></token><token id="718743" text="в"><tfr rev_id="1550599" t="в"><v><l id="37409" t="в"><g v="PREP"></g></l></v></tfr></token><token id="718744" text="котором"><tfr rev_id="4415451" t="котором"><v><l id="141203" t="который"><g v="ADJF"></g><g v="Apro"></g><g v="Subx"></g><g v="Anph"></g><g v="neut"></g><g v="sing"></g><g v="loct"></g></l></v></tfr></token><token id="718745" text="Cинод"><tfr rev_id="1550601" t="Cинод"><v><l id="0" t="Cинод"><g v="UNKN"></g></l></v></tfr></token><token id="718746" text="зарубежной"><tfr rev_id="3558898" t="зарубежной"><v><l id="108971" t="зарубежный"><g v="ADJF"></g><g v="Qual"></g><g v="femn"></g><g v="sing"></g><g v="gent"></g></l></v></tfr></token><token id="718747" text="церкви"><tfr rev_id="4269788" t="церкви"><v><l id="373684" t="церковь"><g v="NOUN"></g><g v="inan"></g><g v="femn"></g><g v="sing"></g><g v="gent"></g></l></v></tfr></token><token id="718748" text="вынес"><tfr rev_id="1550604" t="вынес"><v><l id="59878" t="вынес"><g v="VERB"></g><g v="perf"></g><g v="tran"></g><g v="masc"></g><g v="sing"></g><g v="past"></g><g v="indc"></g></l></v></tfr></token><token id="718749" text="высокую"><tfr rev_id="1550605" t="высокую"><v><l id="62135" t="высокий"><g v="ADJF"></g><g v="Qual"></g><g v="femn"></g><g v="sing"></g><g v="accs"></g></l></v></tfr></token><token id="718750" text="оценку"><tfr rev_id="1550606" t="оценку"><v><l id="221498" t="оценка"><g v="NOUN"></g><g v="inan"></g><g v="femn"></g><g v="sing"></g><g v="accs"></g></l></v></tfr></token><token id="718751" text="книге"><tfr rev_id="3500397" t="книге"><v><l id="134823" t="книга"><g v="NOUN"></g><g v="inan"></g><g v="femn"></g><g v="sing"></g><g v="datv"></g></l></v></tfr></token><token id="718752" text="и"><tfr rev_id="1550608" t="и"><v><l id="116949" t="и"><g v="CONJ"></g></l></v><v><l id="116950" t="и"><g v="INTJ"></g></l></v></tfr></token><token id="718753" text="в"><tfr rev_id="1550609" t="в"><v><l id="37409" t="в"><g v="PREP"></g></l></v></tfr></token><token id="718754" text="письменном"><tfr rev_id="4557768" t="письменном"><v><l id="239191" t="письменный"><g v="ADJF"></g><g v="masc"></g><g v="sing"></g><g v="loct"></g></l></v></tfr></token><token id="718755" text="виде"><tfr rev_id="1550611" t="виде"><v><l id="44437" t="вид"><g v="NOUN"></g><g v="inan"></g><g v="masc"></g><g v="sing"></g><g v="loc1"></g></l></v></tfr></token><token id="718756" text="поблагодарил"><tfr rev_id="1550612" t="поблагодарил"><v><l id="241634" t="поблагодарил"><g v="VERB"></g><g v="perf"></g><g v="tran"></g><g v="masc"></g><g v="sing"></g><g v="past"></g><g v="indc"></g></l></v></tfr></token><token id="718757" text="протоиерея"><tfr rev_id="4461874" t="протоиерея"><v><l id="286325" t="протоиерей"><g v="NOUN"></g><g v="anim"></g><g v="masc"></g><g v="sing"></g><g v="accs"></g></l></v></tfr></token><token id="718758" text="Георгия"><tfr rev_id="4181366" t="Георгия"><v><l id="68797" t="георгий"><g v="NOUN"></g><g v="anim"></g><g v="masc"></g><g v="Name"></g><g v="sing"></g><g v="gent"></g></l></v><v><l id="68797" t="георгий"><g v="NOUN"></g><g v="anim"></g><g v="masc"></g><g v="Name"></g><g v="sing"></g><g v="accs"></g></l></v></tfr></token><token id="718759" text="Митрофанова"><tfr rev_id="4356696" t="Митрофанова"><v><l id="161134" t="митрофанов"><g v="NOUN"></g><g v="anim"></g><g v="masc"></g><g v="Sgtm"></g><g v="Surn"></g><g v="sing"></g><g v="accs"></g></l></v></tfr></token><token id="718760" text="за"><tfr rev_id="1550616" t="за"><v><l id="98043" t="за"><g v="PREP"></g></l></v></tfr></token><token id="718761" text="изданную"><tfr rev_id="1550617" t="изданную"><v><l id="118751" t="изданный"><g v="PRTF"></g><g v="perf"></g><g v="tran"></g><g v="past"></g><g v="pssv"></g><g v="femn"></g><g v="sing"></g><g v="accs"></g></l></v></tfr></token><token id="718762" text="работу"><tfr rev_id="1550618" t="работу"><v><l id="290501" t="работа"><g v="NOUN"></g><g v="inan"></g><g v="femn"></g><g v="sing"></g><g v="accs"></g></l></v></tfr></token><token id="718763" text="."><tfr rev_id="1550619" t="."><v><l id="0" t="."><g v="PNCT"></g></l></v></tfr></token><token id="718764" text="."><tfr rev_id="1550620" t="."><v><l id="0" t="."><g v="PNCT"></g></l></v></tfr></token></tokens></sentence><sentence id="40390"><source>После этого споры развернулись с усиленной энергией и дело дошло до того, что главный редактор газеты «Православный Санкт-Петербург» господин Александров Раков посчитал необходимым донести информацию о вредности книги Митрофанова до сведения Комиссии при Президенте Российской Федерации по противодействию попыткам фальсификации истории в ущерб интересам России.</source><tokens><token id="718765" text="После"><tfr rev_id="4406726" t="После"><v><l id="261542" t="после"><g v="PREP"></g></l></v></tfr></token><token id="718766" text="этого"><tfr rev_id="3945832" t="этого"><v><l id="386575" t="это"><g v="NPRO"></g><g v="neut"></g><g v="sing"></g><g v="gent"></g></l></v></tfr></token><token id="718767" text="споры"><tfr rev_id="4291707" t="споры"><v><l id="332735" t="спор"><g v="NOUN"></g><g v="inan"></g><g v="masc"></g><g v="plur"></g><g v="nomn"></g></l></v></tfr></token><token id="718768" text="развернулись"><tfr rev_id="1550624" t="развернулись"><v><l id="292336" t="развернулся"><g v="VERB"></g><g v="perf"></g><g v="intr"></g><g v="plur"></g><g v="past"></g><g v="indc"></g></l></v></tfr></token><token id="718769" text="с"><tfr rev_id="1550625" t="с"><v><l id="311151" t="с"><g v="PREP"></g></l></v></tfr></token><token id="718770" text="усиленной"><tfr rev_id="1550626" t="усиленной"><v><l id="360391" t="усиленный"><g v="ADJF"></g><g v="Qual"></g><g v="femn"></g><g v="sing"></g><g v="gent"></g></l></v><v><l id="360391" t="усиленный"><g v="ADJF"></g><g v="Qual"></g><g v="femn"></g><g v="sing"></g><g v="datv"></g></l></v><v><l id="360391" t="усиленный"><g v="ADJF"></g><g v="Qual"></g><g v="femn"></g><g v="sing"></g><g v="ablt"></g></l></v><v><l id="360391" t="усиленный"><g v="ADJF"></g><g v="Qual"></g><g v="femn"></g><g v="sing"></g><g v="loct"></g></l></v><v><l id="360414" t="усиленный"><g v="PRTF"></g><g v="perf"></g><g v="tran"></g><g v="past"></g><g v="pssv"></g><g v="femn"></g><g v="sing"></g><g v="gent"></g></l></v><v><l id="360414" t="усиленный"><g v="PRTF"></g><g v="perf"></g><g v="tran"></g><g v="past"></g><g v="pssv"></g><g v="femn"></g><g v="sing"></g><g v="datv"></g></l></v><v><l id="360414" t="усиленный"><g v="PRTF"></g><g v="perf"></g><g v="tran"></g><g v="past"></g><g v="pssv"></g><g v="femn"></g><g v="sing"></g><g v="ablt"></g></l></v><v><l id="360414" t="усиленный"><g v="PRTF"></g><g v="perf"></g><g v="tran"></g><g v="past"></g><g v="pssv"></g><g v="femn"></g><g v="sing"></g><g v="loct"></g></l></v></tfr></token><token id="718771" text="энергией"><tfr rev_id="1550627" t="энергией"><v><l id="385504" t="энергия"><g v="NOUN"></g><g v="inan"></g><g v="femn"></g><g v="sing"></g><g v="ablt"></g></l></v></tfr></token><token id="718772" text="и"><tfr rev_id="1550628" t="и"><v><l id="116949" t="и"><g v="CONJ"></g></l></v><v><l id="116950" t="и"><g v="INTJ"></g></l></v></tfr></token><token id="718773" text="дело"><tfr rev_id="1716338" t="дело"><v><l id="80628" t="дело"><g v="NOUN"></g><g v="inan"></g><g v="neut"></g><g v="sing"></g><g v="nomn"></g></l></v><v><l id="80628" t="дело"><g v="NOUN"></g><g v="inan"></g><g v="neut"></g><g v="sing"></g><g v="accs"></g></l></v></tfr></token><token id="718774" text="дошло"><tfr rev_id="4330044" t="дошло"><v><l id="86962" t="дошёл"><g v="VERB"></g><g v="perf"></g><g v="intr"></g><g v="neut"></g><g v="sing"></g><g v="past"></g><g v="indc"></g></l></v></tfr></token><token id="718775" text="до"><tfr rev_id="1550631" t="до"><v><l id="85153" t="до"><g v="PREP"></g></l></v></tfr></token><token id="718776" text="того"><tfr rev_id="4297630" t="того"><v><l id="348430" t="тот"><g v="ADJF"></g><g v="Subx"></g><g v="Apro"></g><g v="Anph"></g><g v="neut"></g><g v="sing"></g><g v="gent"></g></l></v></tfr></token><token id="718777" text=","><tfr rev_id="1550633" t=","><v><l id="0" t=","><g v="PNCT"></g></l></v></tfr></token><token id="718778" text="что"><tfr rev_id="3197937" t="что"><v><l id="377004" t="что"><g v="CONJ"></g></l></v><v><l id="377005" t="что"><g v="NPRO"></g><g v="neut"></g><g v="sing"></g><g v="nomn"></g></l></v><v><l id="377005" t="что"><g v="NPRO"></g><g v="neut"></g><g v="sing"></g><g v="accs"></g></l></v><v><l id="377006" t="что"><g v="ADVB"></g><g v="Ques"></g></l></v><v><l id="388695" t="что"><g v="PRCL"></g></l></v></tfr></token><token id="718779" text="главный"><tfr rev_id="1550635" t="главный"><v><l id="70842" t="главный"><g v="ADJF"></g><g v="Qual"></g><g v="masc"></g><g v="sing"></g><g v="nomn"></g></l></v><v><l id="70842" t="главный"><g v="ADJF"></g><g v="Qual"></g><g v="inan"></g><g v="masc"></g><g v="sing"></g><g v="accs"></g></l></v></tfr></token><token id="718780" text="редактор"><tfr rev_id="1550636" t="редактор"><v><l id="304972" t="редактор"><g v="NOUN"></g><g v="anim"></g><g v="masc"></g><g v="sing"></g><g v="nomn"></g></l></v></tfr></token><token id="718781" text="газеты"><tfr rev_id="3439755" t="газеты"><v><l id="65825" t="газета"><g v="NOUN"></g><g v="inan"></g><g v="femn"></g><g v="sing"></g><g v="gent"></g></l></v></tfr></token><token id="718782" text="«"><tfr rev_id="2447877" t="«"><v><l id="0" t="«"><g v="PNCT"></g></l></v></tfr></token><token id="718783" text="Православный"><tfr rev_id="1550639" t="Православный"><v><l id="265756" t="православный"><g v="ADJF"></g><g v="masc"></g><g v="sing"></g><g v="nomn"></g></l></v><v><l id="265756" t="православный"><g v="ADJF"></g><g v="inan"></g><g v="masc"></g><g v="sing"></g><g v="accs"></g></l></v></tfr></token><token id="718784" text="Санкт-Петербург"><tfr rev_id="1550640" t="Санкт-Петербург"><v><l id="313346" t="санкт-петербург"><g v="NOUN"></g><g v="inan"></g><g v="masc"></g><g v="Geox"></g><g v="sing"></g><g v="nomn"></g></l></v><v><l id="313346" t="санкт-петербург"><g v="NOUN"></g><g v="inan"></g><g v="masc"></g><g v="Geox"></g><g v="sing"></g><g v="accs"></g></l></v></tfr></token><token id="718785" text="»"><tfr rev_id="2447878" t="»"><v><l id="0" t="»"><g v="PNCT"></g></l></v></tfr></token><token id="718786" text="господин"><tfr rev_id="1550642" t="господин"><v><l id="74039" t="господин"><g v="NOUN"></g><g v="anim"></g><g v="masc"></g><g v="sing"></g><g v="nomn"></g></l></v></tfr></token><token id="718787" text="Александров"><tfr rev_id="3434277" t="Александров"><v><l id="8543" t="александров"><g v="NOUN"></g><g v="inan"></g><g v="masc"></g><g v="Geox"></g><g v="sing"></g><g v="nomn"></g></l></v><v><l id="8543" t="александров"><g v="NOUN"></g><g v="inan"></g><g v="masc"></g><g v="Geox"></g><g v="sing"></g><g v="accs"></g></l></v><v><l id="8544" t="александров"><g v="NOUN"></g><g v="anim"></g><g v="masc"></g><g v="Sgtm"></g><g v="Surn"></g><g v="sing"></g><g v="nomn"></g></l></v></tfr></token><token id="718788" text="Раков"><tfr rev_id="4306141" t="Раков"><v><l id="390257" t="раков"><g v="NOUN"></g><g v="anim"></g><g v="masc"></g><g v="Sgtm"></g><g v="Surn"></g><g v="sing"></g><g v="nomn"></g></l></v></tfr></token><token id="718789" text="посчитал"><tfr rev_id="1550645" t="посчитал"><v><l id="262767" t="посчитал"><g v="VERB"></g><g v="perf"></g><g v="tran"></g><g v="masc"></g><g v="sing"></g><g v="past"></g><g v="indc"></g></l></v></tfr></token><token id="718790" text="необходимым"><tfr rev_id="4377093" t="необходимым"><v><l id="184808" t="необходимый"><g v="ADJF"></g><g v="Qual"></g><g v="neut"></g><g v="sing"></g><g v="ablt"></g></l></v></tfr></token><token id="718791" text="донести"><tfr rev_id="1550647" t="донести"><v><l id="88679" t="донести"><g v="INFN"></g><g v="perf"></g><g v="tran"></g></l></v></tfr></token><token id="718792" text="информацию"><tfr rev_id="1550648" t="информацию"><v><l id="123576" t="информация"><g v="NOUN"></g><g v="inan"></g><g v="femn"></g><g v="sing"></g><g v="accs"></g></l></v></tfr></token><token id="718793" text="о"><tfr rev_id="3327905" t="о"><v><l id="192977" t="о"><g v="PREP"></g></l></v></tfr></token><token id="718794" text="вредности"><tfr rev_id="3764639" t="вредности"><v><l id="53077" t="вредность"><g v="NOUN"></g><g v="inan"></g><g v="femn"></g><g v="sing"></g><g v="loct"></g></l></v></tfr></token><token id="718795" text="книги"><tfr rev_id="3439701" t="книги"><v><l id="134823" t="книга"><g v="NOUN"></g><g v="inan"></g><g v="femn"></g><g v="sing"></g><g v="gent"></g></l></v></tfr></token><token id="718796" text="Митрофанова"><tfr rev_id="4397682" t="Митрофанова"><v><l id="161134" t="митрофанов"><g v="NOUN"></g><g v="anim"></g><g v="masc"></g><g v="Sgtm"></g><g v="Surn"></g><g v="sing"></g><g v="gent"></g></l></v></tfr></token><token id="718797" text="до"><tfr rev_id="1550653" t="до"><v><l id="85153" t="до"><g v="PREP"></g></l></v></tfr></token><token id="718798" text="сведения"><tfr rev_id="3491027" t="сведения"><v><l id="314794" t="сведение"><g v="NOUN"></g><g v="inan"></g><g v="neut"></g><g v="sing"></g><g v="gent"></g></l></v><v><l id="314795" t="сведение"><g v="NOUN"></g><g v="inan"></g><g v="neut"></g><g v="sing"></g><g v="gent"></g></l></v></tfr></token><token id="718799" text="Комиссии"><tfr rev_id="4178112" t="Комиссии"><v><l id="136905" t="комиссия"><g v="NOUN"></g><g v="inan"></g><g v="femn"></g><g v="sing"></g><g v="gent"></g></l></v></tfr></token><token id="718800" text="при"><tfr rev_id="2601278" t="при"><v><l id="268625" t="при"><g v="PREP"></g></l></v></tfr></token><token id="718801" text="Президенте"><tfr rev_id="1550657" t="Президенте"><v><l id="267449" t="президент"><g v="NOUN"></g><g v="anim"></g><g v="masc"></g><g v="sing"></g><g v="loct"></g></l></v></tfr></token><token id="718802" text="Российской"><tfr rev_id="3558887" t="Российской"><v><l id="309319" t="российский"><g v="ADJF"></g><g v="femn"></g><g v="sing"></g><g v="gent"></g></l></v></tfr></token><token id="718803" text="Федерации"><tfr rev_id="4269805" t="Федерации"><v><l id="364940" t="федерация"><g v="NOUN"></g><g v="inan"></g><g v="femn"></g><g v="sing"></g><g v="gent"></g></l></v></tfr></token><token id="718804" text="по"><tfr rev_id="1550660" t="по"><v><l id="241240" t="по"><g v="PREP"></g></l></v></tfr></token><token id="718805" text="противодействию"><tfr rev_id="1550661" t="противодействию"><v><l id="285885" t="противодействие"><g v="NOUN"></g><g v="inan"></g><g v="neut"></g><g v="sing"></g><g v="datv"></g></l></v></tfr></token><token id="718806" text="попыткам"><tfr rev_id="1550662" t="попыткам"><v><l id="259844" t="попытка"><g v="NOUN"></g><g v="inan"></g><g v="femn"></g><g v="plur"></g><g v="datv"></g></l></v></tfr></token><token id="718807" text="фальсификации"><tfr rev_id="4181159" t="фальсификации"><v><l id="364244" t="фальсификация"><g v="NOUN"></g><g v="inan"></g><g v="femn"></g><g v="sing"></g><g v="gent"></g></l></v></tfr></token><token id="718808" text="истории"><tfr rev_id="4179433" t="истории"><v><l id="126437" t="история"><g v="NOUN"></g><g v="inan"></g><g v="femn"></g><g v="sing"></g><g v="gent"></g></l></v></tfr></token><token id="718809" text="в"><tfr rev_id="1550665" t="в"><v><l id="37409" t="в"><g v="PREP"></g></l></v></tfr></token><token id="718810" text="ущерб"><tfr rev_id="4364129" t="ущерб"><v><l id="363608" t="ущерб"><g v="NOUN"></g><g v="inan"></g><g v="masc"></g><g v="sing"></g><g v="accs"></g></l></v></tfr></token><token id="718811" text="интересам"><tfr rev_id="1550667" t="интересам"><v><l id="123163" t="интерес"><g v="NOUN"></g><g v="inan"></g><g v="masc"></g><g v="plur"></g><g v="datv"></g></l></v></tfr></token><token id="718812" text="России"><tfr rev_id="2922491" t="России"><v><l id="309322" t="россия"><g v="NOUN"></g><g v="inan"></g><g v="femn"></g><g v="Sgtm"></g><g v="Geox"></g><g v="sing"></g><g v="gent"></g></l></v></tfr></token><token id="718813" text="."><tfr rev_id="1550669" t="."><v><l id="0" t="."><g v="PNCT"></g></l></v></tfr></token></tokens></sentence></paragraph></paragraphs></text>